#VRML V2.0 utf8

Shape {
  appearance Appearance {
    material Material {
      diffuseColor 0.6471 0.6196 0.5882
      specularColor 0.4510 0.4353 0.4118
      ambientIntensity 0.2
      transparency 0.0000
      shininess 0.5
    }
  }
  geometry IndexedFaceSet {
    ccw TRUE
    solid FALSE
    coord DEF co Coordinate {
      point [
        -3.868110 -0.400810 0.545021,
        -3.809055 -0.400810 0.545021,
        -3.868110 -0.398477 0.506938,
        -3.809055 -0.398477 0.506938,
        -3.868110 -0.388842 0.470021,
        -3.809055 -0.388842 0.470021,
        -3.868110 -0.372265 0.435656,
        -3.809055 -0.372265 0.435656,
        -3.868110 -0.349371 0.405134,
        -3.809055 -0.349371 0.405134,
        -3.868110 -0.321019 0.379602,
        -3.809055 -0.321019 0.379602,
        -3.868110 -0.288274 0.360019,
        -3.809055 -0.288274 0.360019,
        -3.868110 -0.079561 0.360019,
        -3.809055 -0.079561 0.360019,
        -3.868110 -0.079561 1.264519,
        -3.809055 -0.079561 1.264519,
        -3.868110 0.087114 1.264519,
        -3.809055 0.087114 1.264519,
        -3.868110 0.087114 1.226997,
        -3.809055 0.087114 1.226997,
        -3.868110 -0.017467 1.226997,
        -3.809055 -0.017467 1.226997,
        -3.868110 -0.017467 1.122415,
        -3.809055 -0.017467 1.122415,
        -3.868110 0.139246 0.965702,
        -3.809055 0.139246 0.965702,
        -3.868110 0.139246 0.110236,
        -3.809055 0.139246 0.110236,
        -3.868110 -0.492126 0.110236,
        -3.809055 -0.492126 0.110236,
        -3.868110 -0.602362 0.000000,
        -3.809055 -0.602362 -0.000000,
        -3.868110 -0.787402 0.000000,
        -3.809055 -0.787402 0.000000,
        -3.868110 -0.787402 0.078740,
        -3.809055 -0.787402 0.078740,
        -3.868110 -0.634978 0.078740,
        -3.809055 -0.634978 0.078740,
        -3.868110 -0.522997 0.190720,
        -3.809055 -0.522997 0.190720,
        -3.868110 -0.326147 0.190720,
        -3.809055 -0.326147 0.190720,
        -3.868110 -0.326147 0.257915,
        -3.809055 -0.326147 0.257915,
        -3.809055 -0.362057 0.278978,
        -3.868110 -0.362057 0.278978,
        -3.809055 -0.394385 0.305211,
        -3.868110 -0.394385 0.305211,
        -3.809055 -0.422392 0.336013,
        -3.868110 -0.422392 0.336013,
        -3.809055 -0.445440 0.370683,
        -3.868110 -0.445440 0.370683,
        -3.809055 -0.463002 0.408430,
        -3.868110 -0.463002 0.408430,
        -3.809055 -0.474678 0.448390,
        -3.868110 -0.474678 0.448390,
        -3.809055 -0.480202 0.489654,
        -3.868110 -0.480202 0.489654,
        -3.809055 -0.479447 0.531279,
        -3.868110 -0.479447 0.531279,
        -3.868110 -0.428337 1.074908,
        -3.809055 -0.428337 1.074908,
        -3.868110 -0.455502 1.207228,
        -3.809055 -0.455502 1.207228,
        -3.868110 -0.356079 1.085231,
        -3.809055 -0.356079 1.085231,
        -3.868110 -0.382361 1.058948,
        -3.809055 -0.382361 1.058948,
        -3.671260 -0.400810 0.545021,
        -3.612205 -0.400810 0.545021,
        -3.671260 -0.398477 0.506938,
        -3.612205 -0.398477 0.506938,
        -3.671260 -0.388842 0.470021,
        -3.612205 -0.388842 0.470021,
        -3.671260 -0.372265 0.435656,
        -3.612205 -0.372265 0.435656,
        -3.671260 -0.349371 0.405134,
        -3.612205 -0.349371 0.405134,
        -3.671260 -0.321019 0.379602,
        -3.612205 -0.321019 0.379602,
        -3.671260 -0.288274 0.360019,
        -3.612205 -0.288274 0.360019,
        -3.671260 -0.079561 0.360019,
        -3.612205 -0.079561 0.360019,
        -3.671260 -0.079561 1.264519,
        -3.612205 -0.079561 1.264519,
        -3.671260 0.087114 1.264519,
        -3.612205 0.087114 1.264519,
        -3.671260 0.087114 1.226997,
        -3.612205 0.087114 1.226997,
        -3.671260 -0.017467 1.226997,
        -3.612205 -0.017467 1.226997,
        -3.671260 -0.017467 1.122415,
        -3.612205 -0.017467 1.122415,
        -3.671260 0.139246 0.965702,
        -3.612205 0.139246 0.965702,
        -3.671260 0.139246 0.190720,
        -3.612205 0.139246 0.190720,
        -3.671260 0.365517 0.190720,
        -3.612205 0.365517 0.190720,
        -3.671260 0.477497 0.078740,
        -3.612205 0.477497 0.078740,
        -3.671260 0.629921 0.078740,
        -3.612205 0.629921 0.078740,
        -3.671260 0.629921 0.000000,
        -3.612205 0.629921 0.000000,
        -3.671260 0.444882 0.000000,
        -3.612205 0.444882 0.000000,
        -3.671260 0.334646 0.110236,
        -3.612205 0.334646 0.110236,
        -3.671260 -0.326147 0.110236,
        -3.612205 -0.326147 0.110236,
        -3.671260 -0.326147 0.257915,
        -3.612205 -0.326147 0.257915,
        -3.612205 -0.366913 0.282422,
        -3.671260 -0.366913 0.282422,
        -3.612205 -0.402857 0.313574,
        -3.671260 -0.402857 0.313574,
        -3.612205 -0.432910 0.350443,
        -3.671260 -0.432910 0.350443,
        -3.612205 -0.456176 0.391930,
        -3.671260 -0.456176 0.391930,
        -3.612205 -0.471961 0.436799,
        -3.671260 -0.471961 0.436799,
        -3.612205 -0.479796 0.483715,
        -3.671260 -0.479796 0.483715,
        -3.612205 -0.479447 0.531279,
        -3.671260 -0.479447 0.531279,
        -3.671260 -0.428337 1.074908,
        -3.612205 -0.428337 1.074908,
        -3.671260 -0.455502 1.207228,
        -3.612205 -0.455502 1.207228,
        -3.671260 -0.356079 1.085231,
        -3.612205 -0.356079 1.085231,
        -3.671260 -0.382361 1.058948,
        -3.612205 -0.382361 1.058948,
        -3.277559 -0.400810 0.545021,
        -3.218504 -0.400810 0.545021,
        -3.277559 -0.398477 0.506938,
        -3.218504 -0.398477 0.506938,
        -3.277559 -0.388842 0.470021,
        -3.218504 -0.388842 0.470021,
        -3.277559 -0.372265 0.435656,
        -3.218504 -0.372265 0.435656,
        -3.277559 -0.349371 0.405134,
        -3.218504 -0.349371 0.405134,
        -3.277559 -0.321019 0.379602,
        -3.218504 -0.321019 0.379602,
        -3.277559 -0.288274 0.360019,
        -3.218504 -0.288274 0.360019,
        -3.277559 -0.079561 0.360019,
        -3.218504 -0.079561 0.360019,
        -3.277559 -0.079561 1.264519,
        -3.218504 -0.079561 1.264519,
        -3.277559 0.087114 1.264519,
        -3.218504 0.087114 1.264519,
        -3.277559 0.087114 1.226997,
        -3.218504 0.087114 1.226997,
        -3.277559 -0.017467 1.226997,
        -3.218504 -0.017467 1.226997,
        -3.277559 -0.017467 1.122415,
        -3.218504 -0.017467 1.122415,
        -3.277559 0.139246 0.965702,
        -3.218504 0.139246 0.965702,
        -3.277559 0.139246 0.190720,
        -3.218504 0.139246 0.190720,
        -3.277559 0.365517 0.190720,
        -3.218504 0.365517 0.190720,
        -3.277559 0.477497 0.078740,
        -3.218504 0.477497 0.078740,
        -3.277559 0.629921 0.078740,
        -3.218504 0.629921 0.078740,
        -3.277559 0.629921 0.000000,
        -3.218504 0.629921 0.000000,
        -3.277559 0.444882 0.000000,
        -3.218504 0.444882 0.000000,
        -3.277559 0.334646 0.110236,
        -3.218504 0.334646 0.110236,
        -3.277559 -0.326147 0.110236,
        -3.218504 -0.326147 0.110236,
        -3.277559 -0.326147 0.257915,
        -3.218504 -0.326147 0.257915,
        -3.218504 -0.366913 0.282422,
        -3.277559 -0.366913 0.282422,
        -3.218504 -0.402857 0.313574,
        -3.277559 -0.402857 0.313574,
        -3.218504 -0.432910 0.350443,
        -3.277559 -0.432910 0.350443,
        -3.218504 -0.456176 0.391930,
        -3.277559 -0.456176 0.391930,
        -3.218504 -0.471961 0.436799,
        -3.277559 -0.471961 0.436799,
        -3.218504 -0.479796 0.483715,
        -3.277559 -0.479796 0.483715,
        -3.218504 -0.479447 0.531279,
        -3.277559 -0.479447 0.531279,
        -3.277559 -0.428337 1.074908,
        -3.218504 -0.428337 1.074908,
        -3.277559 -0.455502 1.207228,
        -3.218504 -0.455502 1.207228,
        -3.277559 -0.356079 1.085231,
        -3.218504 -0.356079 1.085231,
        -3.277559 -0.382361 1.058948,
        -3.218504 -0.382361 1.058948,
        -2.883858 -0.400810 0.545021,
        -2.824803 -0.400810 0.545021,
        -2.883858 -0.398477 0.506938,
        -2.824803 -0.398477 0.506938,
        -2.883858 -0.388842 0.470021,
        -2.824803 -0.388842 0.470021,
        -2.883858 -0.372265 0.435656,
        -2.824803 -0.372265 0.435656,
        -2.883858 -0.349371 0.405134,
        -2.824803 -0.349371 0.405134,
        -2.883858 -0.321019 0.379602,
        -2.824803 -0.321019 0.379602,
        -2.883858 -0.288274 0.360019,
        -2.824803 -0.288274 0.360019,
        -2.883858 -0.079561 0.360019,
        -2.824803 -0.079561 0.360019,
        -2.883858 -0.079561 1.264519,
        -2.824803 -0.079561 1.264519,
        -2.883858 0.087114 1.264519,
        -2.824803 0.087114 1.264519,
        -2.883858 0.087114 1.226997,
        -2.824803 0.087114 1.226997,
        -2.883858 -0.017467 1.226997,
        -2.824803 -0.017467 1.226997,
        -2.883858 -0.017467 1.122415,
        -2.824803 -0.017467 1.122415,
        -2.883858 0.139246 0.965702,
        -2.824803 0.139246 0.965702,
        -2.883858 0.139246 0.190720,
        -2.824803 0.139246 0.190720,
        -2.883858 0.365517 0.190720,
        -2.824803 0.365517 0.190720,
        -2.883858 0.477497 0.078740,
        -2.824803 0.477497 0.078740,
        -2.883858 0.629921 0.078740,
        -2.824803 0.629921 0.078740,
        -2.883858 0.629921 0.000000,
        -2.824803 0.629921 0.000000,
        -2.883858 0.444882 0.000000,
        -2.824803 0.444882 0.000000,
        -2.883858 0.334646 0.110236,
        -2.824803 0.334646 0.110236,
        -2.883858 -0.326147 0.110236,
        -2.824803 -0.326147 0.110236,
        -2.883858 -0.326147 0.257915,
        -2.824803 -0.326147 0.257915,
        -2.824803 -0.366913 0.282422,
        -2.883858 -0.366913 0.282422,
        -2.824803 -0.402857 0.313574,
        -2.883858 -0.402857 0.313574,
        -2.824803 -0.432910 0.350443,
        -2.883858 -0.432910 0.350443,
        -2.824803 -0.456176 0.391930,
        -2.883858 -0.456176 0.391930,
        -2.824803 -0.471961 0.436799,
        -2.883858 -0.471961 0.436799,
        -2.824803 -0.479796 0.483715,
        -2.883858 -0.479796 0.483715,
        -2.824803 -0.479447 0.531279,
        -2.883858 -0.479447 0.531279,
        -2.883858 -0.428337 1.074908,
        -2.824803 -0.428337 1.074908,
        -2.883858 -0.455502 1.207228,
        -2.824803 -0.455502 1.207228,
        -2.883858 -0.356079 1.085231,
        -2.824803 -0.356079 1.085231,
        -2.883858 -0.382361 1.058948,
        -2.824803 -0.382361 1.058948,
        -2.490157 -0.400810 0.545021,
        -2.431102 -0.400810 0.545021,
        -2.490157 -0.398477 0.506938,
        -2.431102 -0.398477 0.506938,
        -2.490157 -0.388842 0.470021,
        -2.431102 -0.388842 0.470021,
        -2.490157 -0.372265 0.435656,
        -2.431102 -0.372265 0.435656,
        -2.490157 -0.349371 0.405134,
        -2.431102 -0.349371 0.405134,
        -2.490157 -0.321019 0.379602,
        -2.431102 -0.321019 0.379602,
        -2.490157 -0.288274 0.360019,
        -2.431102 -0.288274 0.360019,
        -2.490157 -0.079561 0.360019,
        -2.431102 -0.079561 0.360019,
        -2.490157 -0.079561 1.264519,
        -2.431102 -0.079561 1.264519,
        -2.490157 0.087114 1.264519,
        -2.431102 0.087114 1.264519,
        -2.490157 0.087114 1.226997,
        -2.431102 0.087114 1.226997,
        -2.490157 -0.017467 1.226997,
        -2.431102 -0.017467 1.226997,
        -2.490157 -0.017467 1.122415,
        -2.431102 -0.017467 1.122415,
        -2.490157 0.139246 0.965702,
        -2.431102 0.139246 0.965702,
        -2.490157 0.139246 0.190720,
        -2.431102 0.139246 0.190720,
        -2.490157 0.365517 0.190720,
        -2.431102 0.365517 0.190720,
        -2.490157 0.477497 0.078740,
        -2.431102 0.477497 0.078740,
        -2.490157 0.629921 0.078740,
        -2.431102 0.629921 0.078740,
        -2.490157 0.629921 0.000000,
        -2.431102 0.629921 0.000000,
        -2.490157 0.444882 0.000000,
        -2.431102 0.444882 0.000000,
        -2.490157 0.334646 0.110236,
        -2.431102 0.334646 0.110236,
        -2.490157 -0.326147 0.110236,
        -2.431102 -0.326147 0.110236,
        -2.490157 -0.326147 0.257915,
        -2.431102 -0.326147 0.257915,
        -2.431102 -0.366913 0.282422,
        -2.490157 -0.366913 0.282422,
        -2.431102 -0.402857 0.313574,
        -2.490157 -0.402857 0.313574,
        -2.431102 -0.432910 0.350443,
        -2.490157 -0.432910 0.350443,
        -2.431102 -0.456176 0.391930,
        -2.490157 -0.456176 0.391930,
        -2.431102 -0.471961 0.436799,
        -2.490157 -0.471961 0.436799,
        -2.431102 -0.479796 0.483715,
        -2.490157 -0.479796 0.483715,
        -2.431102 -0.479447 0.531279,
        -2.490157 -0.479447 0.531279,
        -2.490157 -0.428337 1.074908,
        -2.431102 -0.428337 1.074908,
        -2.490157 -0.455502 1.207228,
        -2.431102 -0.455502 1.207228,
        -2.490157 -0.356079 1.085231,
        -2.431102 -0.356079 1.085231,
        -2.490157 -0.382361 1.058948,
        -2.431102 -0.382361 1.058948,
        -2.096457 -0.400810 0.545021,
        -2.037402 -0.400810 0.545021,
        -2.096457 -0.398477 0.506938,
        -2.037402 -0.398477 0.506938,
        -2.096457 -0.388842 0.470021,
        -2.037402 -0.388842 0.470021,
        -2.096457 -0.372265 0.435656,
        -2.037402 -0.372265 0.435656,
        -2.096457 -0.349371 0.405134,
        -2.037402 -0.349371 0.405134,
        -2.096457 -0.321019 0.379602,
        -2.037402 -0.321019 0.379602,
        -2.096457 -0.288274 0.360019,
        -2.037402 -0.288274 0.360019,
        -2.096457 -0.079561 0.360019,
        -2.037402 -0.079561 0.360019,
        -2.096457 -0.079561 1.264519,
        -2.037402 -0.079561 1.264519,
        -2.096457 0.087114 1.264519,
        -2.037402 0.087114 1.264519,
        -2.096457 0.087114 1.226997,
        -2.037402 0.087114 1.226997,
        -2.096457 -0.017467 1.226997,
        -2.037402 -0.017467 1.226997,
        -2.096457 -0.017467 1.122415,
        -2.037402 -0.017467 1.122415,
        -2.096457 0.139246 0.965702,
        -2.037402 0.139246 0.965702,
        -2.096457 0.139246 0.190720,
        -2.037402 0.139246 0.190720,
        -2.096457 0.365517 0.190720,
        -2.037402 0.365517 0.190720,
        -2.096457 0.477497 0.078740,
        -2.037402 0.477497 0.078740,
        -2.096457 0.629921 0.078740,
        -2.037402 0.629921 0.078740,
        -2.096457 0.629921 0.000000,
        -2.037402 0.629921 0.000000,
        -2.096457 0.444882 0.000000,
        -2.037402 0.444882 0.000000,
        -2.096457 0.334646 0.110236,
        -2.037402 0.334646 0.110236,
        -2.096457 -0.326147 0.110236,
        -2.037402 -0.326147 0.110236,
        -2.096457 -0.326147 0.257915,
        -2.037402 -0.326147 0.257915,
        -2.037402 -0.366913 0.282422,
        -2.096457 -0.366913 0.282422,
        -2.037402 -0.402857 0.313574,
        -2.096457 -0.402857 0.313574,
        -2.037402 -0.432910 0.350443,
        -2.096457 -0.432910 0.350443,
        -2.037402 -0.456176 0.391930,
        -2.096457 -0.456176 0.391930,
        -2.037402 -0.471961 0.436799,
        -2.096457 -0.471961 0.436799,
        -2.037402 -0.479796 0.483715,
        -2.096457 -0.479796 0.483715,
        -2.037402 -0.479447 0.531279,
        -2.096457 -0.479447 0.531279,
        -2.096457 -0.428337 1.074908,
        -2.037402 -0.428337 1.074908,
        -2.096457 -0.455502 1.207228,
        -2.037402 -0.455502 1.207228,
        -2.096457 -0.356079 1.085231,
        -2.037402 -0.356079 1.085231,
        -2.096457 -0.382361 1.058948,
        -2.037402 -0.382361 1.058948,
        -1.702756 -0.400810 0.545021,
        -1.643701 -0.400810 0.545021,
        -1.702756 -0.398477 0.506938,
        -1.643701 -0.398477 0.506938,
        -1.702756 -0.388842 0.470021,
        -1.643701 -0.388842 0.470021,
        -1.702756 -0.372265 0.435656,
        -1.643701 -0.372265 0.435656,
        -1.702756 -0.349371 0.405134,
        -1.643701 -0.349371 0.405134,
        -1.702756 -0.321019 0.379602,
        -1.643701 -0.321019 0.379602,
        -1.702756 -0.288274 0.360019,
        -1.643701 -0.288274 0.360019,
        -1.702756 -0.079561 0.360019,
        -1.643701 -0.079561 0.360019,
        -1.702756 -0.079561 1.264519,
        -1.643701 -0.079561 1.264519,
        -1.702756 0.087114 1.264519,
        -1.643701 0.087114 1.264519,
        -1.702756 0.087114 1.226997,
        -1.643701 0.087114 1.226997,
        -1.702756 -0.017467 1.226997,
        -1.643701 -0.017467 1.226997,
        -1.702756 -0.017467 1.122415,
        -1.643701 -0.017467 1.122415,
        -1.702756 0.139246 0.965702,
        -1.643701 0.139246 0.965702,
        -1.702756 0.139246 0.190720,
        -1.643701 0.139246 0.190720,
        -1.702756 0.365517 0.190720,
        -1.643701 0.365517 0.190720,
        -1.702756 0.477497 0.078740,
        -1.643701 0.477497 0.078740,
        -1.702756 0.629921 0.078740,
        -1.643701 0.629921 0.078740,
        -1.702756 0.629921 0.000000,
        -1.643701 0.629921 0.000000,
        -1.702756 0.444882 0.000000,
        -1.643701 0.444882 0.000000,
        -1.702756 0.334646 0.110236,
        -1.643701 0.334646 0.110236,
        -1.702756 -0.326147 0.110236,
        -1.643701 -0.326147 0.110236,
        -1.702756 -0.326147 0.257915,
        -1.643701 -0.326147 0.257915,
        -1.643701 -0.366913 0.282422,
        -1.702756 -0.366913 0.282422,
        -1.643701 -0.402857 0.313574,
        -1.702756 -0.402857 0.313574,
        -1.643701 -0.432910 0.350443,
        -1.702756 -0.432910 0.350443,
        -1.643701 -0.456176 0.391930,
        -1.702756 -0.456176 0.391930,
        -1.643701 -0.471961 0.436799,
        -1.702756 -0.471961 0.436799,
        -1.643701 -0.479796 0.483715,
        -1.702756 -0.479796 0.483715,
        -1.643701 -0.479447 0.531279,
        -1.702756 -0.479447 0.531279,
        -1.702756 -0.428337 1.074908,
        -1.643701 -0.428337 1.074908,
        -1.702756 -0.455502 1.207228,
        -1.643701 -0.455502 1.207228,
        -1.702756 -0.356079 1.085231,
        -1.643701 -0.356079 1.085231,
        -1.702756 -0.382361 1.058948,
        -1.643701 -0.382361 1.058948,
        -1.309055 -0.400810 0.545021,
        -1.250000 -0.400810 0.545021,
        -1.309055 -0.398477 0.506938,
        -1.250000 -0.398477 0.506938,
        -1.309055 -0.388842 0.470021,
        -1.250000 -0.388842 0.470021,
        -1.309055 -0.372265 0.435656,
        -1.250000 -0.372265 0.435656,
        -1.309055 -0.349371 0.405134,
        -1.250000 -0.349371 0.405134,
        -1.309055 -0.321019 0.379602,
        -1.250000 -0.321019 0.379602,
        -1.309055 -0.288274 0.360019,
        -1.250000 -0.288274 0.360019,
        -1.309055 -0.079561 0.360019,
        -1.250000 -0.079561 0.360019,
        -1.309055 -0.079561 1.264519,
        -1.250000 -0.079561 1.264519,
        -1.309055 0.087114 1.264519,
        -1.250000 0.087114 1.264519,
        -1.309055 0.087114 1.226997,
        -1.250000 0.087114 1.226997,
        -1.309055 -0.017467 1.226997,
        -1.250000 -0.017467 1.226997,
        -1.309055 -0.017467 1.122415,
        -1.250000 -0.017467 1.122415,
        -1.309055 0.139246 0.965702,
        -1.250000 0.139246 0.965702,
        -1.309055 0.139246 0.190720,
        -1.250000 0.139246 0.190720,
        -1.309055 0.365517 0.190720,
        -1.250000 0.365517 0.190720,
        -1.309055 0.477497 0.078740,
        -1.250000 0.477497 0.078740,
        -1.309055 0.629921 0.078740,
        -1.250000 0.629921 0.078740,
        -1.309055 0.629921 0.000000,
        -1.250000 0.629921 0.000000,
        -1.309055 0.444882 0.000000,
        -1.250000 0.444882 0.000000,
        -1.309055 0.334646 0.110236,
        -1.250000 0.334646 0.110236,
        -1.309055 -0.326147 0.110236,
        -1.250000 -0.326147 0.110236,
        -1.309055 -0.326147 0.257915,
        -1.250000 -0.326147 0.257915,
        -1.250000 -0.366913 0.282422,
        -1.309055 -0.366913 0.282422,
        -1.250000 -0.402857 0.313574,
        -1.309055 -0.402857 0.313574,
        -1.250000 -0.432910 0.350443,
        -1.309055 -0.432910 0.350443,
        -1.250000 -0.456176 0.391930,
        -1.309055 -0.456176 0.391930,
        -1.250000 -0.471961 0.436799,
        -1.309055 -0.471961 0.436799,
        -1.250000 -0.479796 0.483715,
        -1.309055 -0.479796 0.483715,
        -1.250000 -0.479447 0.531279,
        -1.309055 -0.479447 0.531279,
        -1.309055 -0.428337 1.074908,
        -1.250000 -0.428337 1.074908,
        -1.309055 -0.455502 1.207228,
        -1.250000 -0.455502 1.207228,
        -1.309055 -0.356079 1.085231,
        -1.250000 -0.356079 1.085231,
        -1.309055 -0.382361 1.058948,
        -1.250000 -0.382361 1.058948,
        -0.915354 -0.400810 0.545021,
        -0.856299 -0.400810 0.545021,
        -0.915354 -0.398477 0.506938,
        -0.856299 -0.398477 0.506938,
        -0.915354 -0.388842 0.470021,
        -0.856299 -0.388842 0.470021,
        -0.915354 -0.372265 0.435656,
        -0.856299 -0.372265 0.435656,
        -0.915354 -0.349371 0.405134,
        -0.856299 -0.349371 0.405134,
        -0.915354 -0.321019 0.379602,
        -0.856299 -0.321019 0.379602,
        -0.915354 -0.288274 0.360019,
        -0.856299 -0.288274 0.360019,
        -0.915354 -0.079561 0.360019,
        -0.856299 -0.079561 0.360019,
        -0.915354 -0.079561 1.264519,
        -0.856299 -0.079561 1.264519,
        -0.915354 0.087114 1.264519,
        -0.856299 0.087114 1.264519,
        -0.915354 0.087114 1.226997,
        -0.856299 0.087114 1.226997,
        -0.915354 -0.017467 1.226997,
        -0.856299 -0.017467 1.226997,
        -0.915354 -0.017467 1.122415,
        -0.856299 -0.017467 1.122415,
        -0.915354 0.139246 0.965702,
        -0.856299 0.139246 0.965702,
        -0.915354 0.139246 0.190720,
        -0.856299 0.139246 0.190720,
        -0.915354 0.365517 0.190720,
        -0.856299 0.365517 0.190720,
        -0.915354 0.477497 0.078740,
        -0.856299 0.477497 0.078740,
        -0.915354 0.629921 0.078740,
        -0.856299 0.629921 0.078740,
        -0.915354 0.629921 0.000000,
        -0.856299 0.629921 0.000000,
        -0.915354 0.444882 0.000000,
        -0.856299 0.444882 0.000000,
        -0.915354 0.334646 0.110236,
        -0.856299 0.334646 0.110236,
        -0.915354 -0.326147 0.110236,
        -0.856299 -0.326147 0.110236,
        -0.915354 -0.326147 0.257915,
        -0.856299 -0.326147 0.257915,
        -0.856299 -0.366913 0.282422,
        -0.915354 -0.366913 0.282422,
        -0.856299 -0.402857 0.313574,
        -0.915354 -0.402857 0.313574,
        -0.856299 -0.432910 0.350443,
        -0.915354 -0.432910 0.350443,
        -0.856299 -0.456176 0.391930,
        -0.915354 -0.456176 0.391930,
        -0.856299 -0.471961 0.436799,
        -0.915354 -0.471961 0.436799,
        -0.856299 -0.479796 0.483715,
        -0.915354 -0.479796 0.483715,
        -0.856299 -0.479447 0.531279,
        -0.915354 -0.479447 0.531279,
        -0.915354 -0.428337 1.074908,
        -0.856299 -0.428337 1.074908,
        -0.915354 -0.455502 1.207228,
        -0.856299 -0.455502 1.207228,
        -0.915354 -0.356079 1.085231,
        -0.856299 -0.356079 1.085231,
        -0.915354 -0.382361 1.058948,
        -0.856299 -0.382361 1.058948,
        -0.521654 -0.400810 0.545021,
        -0.462598 -0.400810 0.545021,
        -0.521654 -0.398477 0.506938,
        -0.462598 -0.398477 0.506938,
        -0.521654 -0.388842 0.470021,
        -0.462598 -0.388842 0.470021,
        -0.521654 -0.372265 0.435656,
        -0.462598 -0.372265 0.435656,
        -0.521654 -0.349371 0.405134,
        -0.462598 -0.349371 0.405134,
        -0.521654 -0.321019 0.379602,
        -0.462598 -0.321019 0.379602,
        -0.521654 -0.288274 0.360019,
        -0.462598 -0.288274 0.360019,
        -0.521654 -0.079561 0.360019,
        -0.462598 -0.079561 0.360019,
        -0.521654 -0.079561 1.264519,
        -0.462598 -0.079561 1.264519,
        -0.521654 0.087114 1.264519,
        -0.462598 0.087114 1.264519,
        -0.521654 0.087114 1.226997,
        -0.462598 0.087114 1.226997,
        -0.521654 -0.017467 1.226997,
        -0.462598 -0.017467 1.226997,
        -0.521654 -0.017467 1.122415,
        -0.462598 -0.017467 1.122415,
        -0.521654 0.139246 0.965702,
        -0.462598 0.139246 0.965702,
        -0.521654 0.139246 0.190720,
        -0.462598 0.139246 0.190720,
        -0.521654 0.365517 0.190720,
        -0.462598 0.365517 0.190720,
        -0.521654 0.477497 0.078740,
        -0.462598 0.477497 0.078740,
        -0.521654 0.629921 0.078740,
        -0.462598 0.629921 0.078740,
        -0.521654 0.629921 0.000000,
        -0.462598 0.629921 0.000000,
        -0.521654 0.444882 0.000000,
        -0.462598 0.444882 0.000000,
        -0.521654 0.334646 0.110236,
        -0.462598 0.334646 0.110236,
        -0.521654 -0.326147 0.110236,
        -0.462598 -0.326147 0.110236,
        -0.521654 -0.326147 0.257915,
        -0.462598 -0.326147 0.257915,
        -0.462598 -0.366913 0.282422,
        -0.521654 -0.366913 0.282422,
        -0.462598 -0.402857 0.313574,
        -0.521654 -0.402857 0.313574,
        -0.462598 -0.432910 0.350443,
        -0.521654 -0.432910 0.350443,
        -0.462598 -0.456176 0.391930,
        -0.521654 -0.456176 0.391930,
        -0.462598 -0.471961 0.436799,
        -0.521654 -0.471961 0.436799,
        -0.462598 -0.479796 0.483715,
        -0.521654 -0.479796 0.483715,
        -0.462598 -0.479447 0.531279,
        -0.521654 -0.479447 0.531279,
        -0.521654 -0.428337 1.074908,
        -0.462598 -0.428337 1.074908,
        -0.521654 -0.455502 1.207228,
        -0.462598 -0.455502 1.207228,
        -0.521654 -0.356079 1.085231,
        -0.462598 -0.356079 1.085231,
        -0.521654 -0.382361 1.058948,
        -0.462598 -0.382361 1.058948,
        -0.127953 -0.400810 0.545021,
        -0.068898 -0.400810 0.545021,
        -0.127953 -0.398477 0.506938,
        -0.068898 -0.398477 0.506938,
        -0.127953 -0.388842 0.470021,
        -0.068898 -0.388842 0.470021,
        -0.127953 -0.372265 0.435656,
        -0.068898 -0.372265 0.435656,
        -0.127953 -0.349371 0.405134,
        -0.068898 -0.349371 0.405134,
        -0.127953 -0.321019 0.379602,
        -0.068898 -0.321019 0.379602,
        -0.127953 -0.288274 0.360019,
        -0.068898 -0.288274 0.360019,
        -0.127953 -0.079561 0.360019,
        -0.068898 -0.079561 0.360019,
        -0.127953 -0.079561 1.264519,
        -0.068898 -0.079561 1.264519,
        -0.127953 0.087114 1.264519,
        -0.068898 0.087114 1.264519,
        -0.127953 0.087114 1.226997,
        -0.068898 0.087114 1.226997,
        -0.127953 -0.017467 1.226997,
        -0.068898 -0.017467 1.226997,
        -0.127953 -0.017467 1.122415,
        -0.068898 -0.017467 1.122415,
        -0.127953 0.139246 0.965702,
        -0.068898 0.139246 0.965702,
        -0.127953 0.139246 0.190720,
        -0.068898 0.139246 0.190720,
        -0.127953 0.365517 0.190720,
        -0.068898 0.365517 0.190720,
        -0.127953 0.477497 0.078740,
        -0.068898 0.477497 0.078740,
        -0.127953 0.629921 0.078740,
        -0.068898 0.629921 0.078740,
        -0.127953 0.629921 0.000000,
        -0.068898 0.629921 0.000000,
        -0.127953 0.444882 0.000000,
        -0.068898 0.444882 0.000000,
        -0.127953 0.334646 0.110236,
        -0.068898 0.334646 0.110236,
        -0.127953 -0.326147 0.110236,
        -0.068898 -0.326147 0.110236,
        -0.127953 -0.326147 0.257915,
        -0.068898 -0.326147 0.257915,
        -0.068898 -0.366913 0.282422,
        -0.127953 -0.366913 0.282422,
        -0.068898 -0.402857 0.313574,
        -0.127953 -0.402857 0.313574,
        -0.068898 -0.432910 0.350443,
        -0.127953 -0.432910 0.350443,
        -0.068898 -0.456176 0.391930,
        -0.127953 -0.456176 0.391930,
        -0.068898 -0.471961 0.436799,
        -0.127953 -0.471961 0.436799,
        -0.068898 -0.479796 0.483715,
        -0.127953 -0.479796 0.483715,
        -0.068898 -0.479447 0.531279,
        -0.127953 -0.479447 0.531279,
        -0.127953 -0.428337 1.074908,
        -0.068898 -0.428337 1.074908,
        -0.127953 -0.455502 1.207228,
        -0.068898 -0.455502 1.207228,
        -0.127953 -0.356079 1.085231,
        -0.068898 -0.356079 1.085231,
        -0.127953 -0.382361 1.058948,
        -0.068898 -0.382361 1.058948,
        0.265748 -0.400810 0.545021,
        0.324803 -0.400810 0.545021,
        0.265748 -0.398477 0.506938,
        0.324803 -0.398477 0.506938,
        0.265748 -0.388842 0.470021,
        0.324803 -0.388842 0.470021,
        0.265748 -0.372265 0.435656,
        0.324803 -0.372265 0.435656,
        0.265748 -0.349371 0.405134,
        0.324803 -0.349371 0.405134,
        0.265748 -0.321019 0.379602,
        0.324803 -0.321019 0.379602,
        0.265748 -0.288274 0.360019,
        0.324803 -0.288274 0.360019,
        0.265748 -0.079561 0.360019,
        0.324803 -0.079561 0.360019,
        0.265748 -0.079561 1.264519,
        0.324803 -0.079561 1.264519,
        0.265748 0.087114 1.264519,
        0.324803 0.087114 1.264519,
        0.265748 0.087114 1.226997,
        0.324803 0.087114 1.226997,
        0.265748 -0.017467 1.226997,
        0.324803 -0.017467 1.226997,
        0.265748 -0.017467 1.122415,
        0.324803 -0.017467 1.122415,
        0.265748 0.139246 0.965702,
        0.324803 0.139246 0.965702,
        0.265748 0.139246 0.190720,
        0.324803 0.139246 0.190720,
        0.265748 0.365517 0.190720,
        0.324803 0.365517 0.190720,
        0.265748 0.477497 0.078740,
        0.324803 0.477497 0.078740,
        0.265748 0.629921 0.078740,
        0.324803 0.629921 0.078740,
        0.265748 0.629921 0.000000,
        0.324803 0.629921 0.000000,
        0.265748 0.444882 0.000000,
        0.324803 0.444882 0.000000,
        0.265748 0.334646 0.110236,
        0.324803 0.334646 0.110236,
        0.265748 -0.326147 0.110236,
        0.324803 -0.326147 0.110236,
        0.265748 -0.326147 0.257915,
        0.324803 -0.326147 0.257915,
        0.324803 -0.366913 0.282422,
        0.265748 -0.366913 0.282422,
        0.324803 -0.402857 0.313574,
        0.265748 -0.402857 0.313574,
        0.324803 -0.432910 0.350443,
        0.265748 -0.432910 0.350443,
        0.324803 -0.456176 0.391930,
        0.265748 -0.456176 0.391930,
        0.324803 -0.471961 0.436799,
        0.265748 -0.471961 0.436799,
        0.324803 -0.479796 0.483715,
        0.265748 -0.479796 0.483715,
        0.324803 -0.479447 0.531279,
        0.265748 -0.479447 0.531279,
        0.265748 -0.428337 1.074908,
        0.324803 -0.428337 1.074908,
        0.265748 -0.455502 1.207228,
        0.324803 -0.455502 1.207228,
        0.265748 -0.356079 1.085231,
        0.324803 -0.356079 1.085231,
        0.265748 -0.382361 1.058948,
        0.324803 -0.382361 1.058948,
        0.659449 -0.400810 0.545021,
        0.718504 -0.400810 0.545021,
        0.659449 -0.398477 0.506938,
        0.718504 -0.398477 0.506938,
        0.659449 -0.388842 0.470021,
        0.718504 -0.388842 0.470021,
        0.659449 -0.372265 0.435656,
        0.718504 -0.372265 0.435656,
        0.659449 -0.349371 0.405134,
        0.718504 -0.349371 0.405134,
        0.659449 -0.321019 0.379602,
        0.718504 -0.321019 0.379602,
        0.659449 -0.288274 0.360019,
        0.718504 -0.288274 0.360019,
        0.659449 -0.079561 0.360019,
        0.718504 -0.079561 0.360019,
        0.659449 -0.079561 1.264519,
        0.718504 -0.079561 1.264519,
        0.659449 0.087114 1.264519,
        0.718504 0.087114 1.264519,
        0.659449 0.087114 1.226997,
        0.718504 0.087114 1.226997,
        0.659449 -0.017467 1.226997,
        0.718504 -0.017467 1.226997,
        0.659449 -0.017467 1.122415,
        0.718504 -0.017467 1.122415,
        0.659449 0.139246 0.965702,
        0.718504 0.139246 0.965702,
        0.659449 0.139246 0.190720,
        0.718504 0.139246 0.190720,
        0.659449 0.365517 0.190720,
        0.718504 0.365517 0.190720,
        0.659449 0.477497 0.078740,
        0.718504 0.477497 0.078740,
        0.659449 0.629921 0.078740,
        0.718504 0.629921 0.078740,
        0.659449 0.629921 0.000000,
        0.718504 0.629921 0.000000,
        0.659449 0.444882 0.000000,
        0.718504 0.444882 0.000000,
        0.659449 0.334646 0.110236,
        0.718504 0.334646 0.110236,
        0.659449 -0.326147 0.110236,
        0.718504 -0.326147 0.110236,
        0.659449 -0.326147 0.257915,
        0.718504 -0.326147 0.257915,
        0.718504 -0.366913 0.282422,
        0.659449 -0.366913 0.282422,
        0.718504 -0.402857 0.313574,
        0.659449 -0.402857 0.313574,
        0.718504 -0.432910 0.350443,
        0.659449 -0.432910 0.350443,
        0.718504 -0.456176 0.391930,
        0.659449 -0.456176 0.391930,
        0.718504 -0.471961 0.436799,
        0.659449 -0.471961 0.436799,
        0.718504 -0.479796 0.483715,
        0.659449 -0.479796 0.483715,
        0.718504 -0.479447 0.531279,
        0.659449 -0.479447 0.531279,
        0.659449 -0.428337 1.074908,
        0.718504 -0.428337 1.074908,
        0.659449 -0.455502 1.207228,
        0.718504 -0.455502 1.207228,
        0.659449 -0.356079 1.085231,
        0.718504 -0.356079 1.085231,
        0.659449 -0.382361 1.058948,
        0.718504 -0.382361 1.058948,
        1.053150 -0.400810 0.545021,
        1.112205 -0.400810 0.545021,
        1.053150 -0.398477 0.506938,
        1.112205 -0.398477 0.506938,
        1.053150 -0.388842 0.470021,
        1.112205 -0.388842 0.470021,
        1.053150 -0.372265 0.435656,
        1.112205 -0.372265 0.435656,
        1.053150 -0.349371 0.405134,
        1.112205 -0.349371 0.405134,
        1.053150 -0.321019 0.379602,
        1.112205 -0.321019 0.379602,
        1.053150 -0.288274 0.360019,
        1.112205 -0.288274 0.360019,
        1.053150 -0.079561 0.360019,
        1.112205 -0.079561 0.360019,
        1.053150 -0.079561 1.264519,
        1.112205 -0.079561 1.264519,
        1.053150 0.087114 1.264519,
        1.112205 0.087114 1.264519,
        1.053150 0.087114 1.226997,
        1.112205 0.087114 1.226997,
        1.053150 -0.017467 1.226997,
        1.112205 -0.017467 1.226997,
        1.053150 -0.017467 1.122415,
        1.112205 -0.017467 1.122415,
        1.053150 0.139246 0.965702,
        1.112205 0.139246 0.965702,
        1.053150 0.139246 0.190720,
        1.112205 0.139246 0.190720,
        1.053150 0.365517 0.190720,
        1.112205 0.365517 0.190720,
        1.053150 0.477497 0.078740,
        1.112205 0.477497 0.078740,
        1.053150 0.629921 0.078740,
        1.112205 0.629921 0.078740,
        1.053150 0.629921 0.000000,
        1.112205 0.629921 0.000000,
        1.053150 0.444882 0.000000,
        1.112205 0.444882 0.000000,
        1.053150 0.334646 0.110236,
        1.112205 0.334646 0.110236,
        1.053150 -0.326147 0.110236,
        1.112205 -0.326147 0.110236,
        1.053150 -0.326147 0.257915,
        1.112205 -0.326147 0.257915,
        1.112205 -0.366913 0.282422,
        1.053150 -0.366913 0.282422,
        1.112205 -0.402857 0.313574,
        1.053150 -0.402857 0.313574,
        1.112205 -0.432910 0.350443,
        1.053150 -0.432910 0.350443,
        1.112205 -0.456176 0.391930,
        1.053150 -0.456176 0.391930,
        1.112205 -0.471961 0.436799,
        1.053150 -0.471961 0.436799,
        1.112205 -0.479796 0.483715,
        1.053150 -0.479796 0.483715,
        1.112205 -0.479447 0.531279,
        1.053150 -0.479447 0.531279,
        1.053150 -0.428337 1.074908,
        1.112205 -0.428337 1.074908,
        1.053150 -0.455502 1.207228,
        1.112205 -0.455502 1.207228,
        1.053150 -0.356079 1.085231,
        1.112205 -0.356079 1.085231,
        1.053150 -0.382361 1.058948,
        1.112205 -0.382361 1.058948,
        1.446850 -0.400810 0.545021,
        1.505906 -0.400810 0.545021,
        1.446850 -0.398477 0.506938,
        1.505906 -0.398477 0.506938,
        1.446850 -0.388842 0.470021,
        1.505906 -0.388842 0.470021,
        1.446850 -0.372265 0.435656,
        1.505906 -0.372265 0.435656,
        1.446850 -0.349371 0.405134,
        1.505906 -0.349371 0.405134,
        1.446850 -0.321019 0.379602,
        1.505906 -0.321019 0.379602,
        1.446850 -0.288274 0.360019,
        1.505906 -0.288274 0.360019,
        1.446850 -0.079561 0.360019,
        1.505906 -0.079561 0.360019,
        1.446850 -0.079561 1.264519,
        1.505906 -0.079561 1.264519,
        1.446850 0.087114 1.264519,
        1.505906 0.087114 1.264519,
        1.446850 0.087114 1.226997,
        1.505906 0.087114 1.226997,
        1.446850 -0.017467 1.226997,
        1.505906 -0.017467 1.226997,
        1.446850 -0.017467 1.122415,
        1.505906 -0.017467 1.122415,
        1.446850 0.139246 0.965702,
        1.505906 0.139246 0.965702,
        1.446850 0.139246 0.190720,
        1.505906 0.139246 0.190720,
        1.446850 0.365517 0.190720,
        1.505906 0.365517 0.190720,
        1.446850 0.477497 0.078740,
        1.505906 0.477497 0.078740,
        1.446850 0.629921 0.078740,
        1.505906 0.629921 0.078740,
        1.446850 0.629921 0.000000,
        1.505906 0.629921 0.000000,
        1.446850 0.444882 0.000000,
        1.505906 0.444882 0.000000,
        1.446850 0.334646 0.110236,
        1.505906 0.334646 0.110236,
        1.446850 -0.326147 0.110236,
        1.505906 -0.326147 0.110236,
        1.446850 -0.326147 0.257915,
        1.505906 -0.326147 0.257915,
        1.505906 -0.366913 0.282422,
        1.446850 -0.366913 0.282422,
        1.505906 -0.402857 0.313574,
        1.446850 -0.402857 0.313574,
        1.505906 -0.432910 0.350443,
        1.446850 -0.432910 0.350443,
        1.505906 -0.456176 0.391930,
        1.446850 -0.456176 0.391930,
        1.505906 -0.471961 0.436799,
        1.446850 -0.471961 0.436799,
        1.505906 -0.479796 0.483715,
        1.446850 -0.479796 0.483715,
        1.505906 -0.479447 0.531279,
        1.446850 -0.479447 0.531279,
        1.446850 -0.428337 1.074908,
        1.505906 -0.428337 1.074908,
        1.446850 -0.455502 1.207228,
        1.505906 -0.455502 1.207228,
        1.446850 -0.356079 1.085231,
        1.505906 -0.356079 1.085231,
        1.446850 -0.382361 1.058948,
        1.505906 -0.382361 1.058948,
        1.840551 -0.400810 0.545021,
        1.899606 -0.400810 0.545021,
        1.840551 -0.398477 0.506938,
        1.899606 -0.398477 0.506938,
        1.840551 -0.388842 0.470021,
        1.899606 -0.388842 0.470021,
        1.840551 -0.372265 0.435656,
        1.899606 -0.372265 0.435656,
        1.840551 -0.349371 0.405134,
        1.899606 -0.349371 0.405134,
        1.840551 -0.321019 0.379602,
        1.899606 -0.321019 0.379602,
        1.840551 -0.288274 0.360019,
        1.899606 -0.288274 0.360019,
        1.840551 -0.079561 0.360019,
        1.899606 -0.079561 0.360019,
        1.840551 -0.079561 1.264519,
        1.899606 -0.079561 1.264519,
        1.840551 0.087114 1.264519,
        1.899606 0.087114 1.264519,
        1.840551 0.087114 1.226997,
        1.899606 0.087114 1.226997,
        1.840551 -0.017467 1.226997,
        1.899606 -0.017467 1.226997,
        1.840551 -0.017467 1.122415,
        1.899606 -0.017467 1.122415,
        1.840551 0.139246 0.965702,
        1.899606 0.139246 0.965702,
        1.840551 0.139246 0.190720,
        1.899606 0.139246 0.190720,
        1.840551 0.365517 0.190720,
        1.899606 0.365517 0.190720,
        1.840551 0.477497 0.078740,
        1.899606 0.477497 0.078740,
        1.840551 0.629921 0.078740,
        1.899606 0.629921 0.078740,
        1.840551 0.629921 0.000000,
        1.899606 0.629921 0.000000,
        1.840551 0.444882 0.000000,
        1.899606 0.444882 0.000000,
        1.840551 0.334646 0.110236,
        1.899606 0.334646 0.110236,
        1.840551 -0.326147 0.110236,
        1.899606 -0.326147 0.110236,
        1.840551 -0.326147 0.257915,
        1.899606 -0.326147 0.257915,
        1.899606 -0.366913 0.282422,
        1.840551 -0.366913 0.282422,
        1.899606 -0.402857 0.313574,
        1.840551 -0.402857 0.313574,
        1.899606 -0.432910 0.350443,
        1.840551 -0.432910 0.350443,
        1.899606 -0.456176 0.391930,
        1.840551 -0.456176 0.391930,
        1.899606 -0.471961 0.436799,
        1.840551 -0.471961 0.436799,
        1.899606 -0.479796 0.483715,
        1.840551 -0.479796 0.483715,
        1.899606 -0.479447 0.531279,
        1.840551 -0.479447 0.531279,
        1.840551 -0.428337 1.074908,
        1.899606 -0.428337 1.074908,
        1.840551 -0.455502 1.207228,
        1.899606 -0.455502 1.207228,
        1.840551 -0.356079 1.085231,
        1.899606 -0.356079 1.085231,
        1.840551 -0.382361 1.058948,
        1.899606 -0.382361 1.058948,
        2.234252 -0.400810 0.545021,
        2.293307 -0.400810 0.545021,
        2.234252 -0.398477 0.506938,
        2.293307 -0.398477 0.506938,
        2.234252 -0.388842 0.470021,
        2.293307 -0.388842 0.470021,
        2.234252 -0.372265 0.435656,
        2.293307 -0.372265 0.435656,
        2.234252 -0.349371 0.405134,
        2.293307 -0.349371 0.405134,
        2.234252 -0.321019 0.379602,
        2.293307 -0.321019 0.379602,
        2.234252 -0.288274 0.360019,
        2.293307 -0.288274 0.360019,
        2.234252 -0.079561 0.360019,
        2.293307 -0.079561 0.360019,
        2.234252 -0.079561 1.264519,
        2.293307 -0.079561 1.264519,
        2.234252 0.087114 1.264519,
        2.293307 0.087114 1.264519,
        2.234252 0.087114 1.226997,
        2.293307 0.087114 1.226997,
        2.234252 -0.017467 1.226997,
        2.293307 -0.017467 1.226997,
        2.234252 -0.017467 1.122415,
        2.293307 -0.017467 1.122415,
        2.234252 0.139246 0.965702,
        2.293307 0.139246 0.965702,
        2.234252 0.139246 0.190720,
        2.293307 0.139246 0.190720,
        2.234252 0.365517 0.190720,
        2.293307 0.365517 0.190720,
        2.234252 0.477497 0.078740,
        2.293307 0.477497 0.078740,
        2.234252 0.629921 0.078740,
        2.293307 0.629921 0.078740,
        2.234252 0.629921 0.000000,
        2.293307 0.629921 0.000000,
        2.234252 0.444882 0.000000,
        2.293307 0.444882 0.000000,
        2.234252 0.334646 0.110236,
        2.293307 0.334646 0.110236,
        2.234252 -0.326147 0.110236,
        2.293307 -0.326147 0.110236,
        2.234252 -0.326147 0.257915,
        2.293307 -0.326147 0.257915,
        2.293307 -0.366913 0.282422,
        2.234252 -0.366913 0.282422,
        2.293307 -0.402857 0.313574,
        2.234252 -0.402857 0.313574,
        2.293307 -0.432910 0.350443,
        2.234252 -0.432910 0.350443,
        2.293307 -0.456176 0.391930,
        2.234252 -0.456176 0.391930,
        2.293307 -0.471961 0.436799,
        2.234252 -0.471961 0.436799,
        2.293307 -0.479796 0.483715,
        2.234252 -0.479796 0.483715,
        2.293307 -0.479447 0.531279,
        2.234252 -0.479447 0.531279,
        2.234252 -0.428337 1.074908,
        2.293307 -0.428337 1.074908,
        2.234252 -0.455502 1.207228,
        2.293307 -0.455502 1.207228,
        2.234252 -0.356079 1.085231,
        2.293307 -0.356079 1.085231,
        2.234252 -0.382361 1.058948,
        2.293307 -0.382361 1.058948,
        2.627953 -0.400810 0.545021,
        2.687008 -0.400810 0.545021,
        2.627953 -0.398477 0.506938,
        2.687008 -0.398477 0.506938,
        2.627953 -0.388842 0.470021,
        2.687008 -0.388842 0.470021,
        2.627953 -0.372265 0.435656,
        2.687008 -0.372265 0.435656,
        2.627953 -0.349371 0.405134,
        2.687008 -0.349371 0.405134,
        2.627953 -0.321019 0.379602,
        2.687008 -0.321019 0.379602,
        2.627953 -0.288274 0.360019,
        2.687008 -0.288274 0.360019,
        2.627953 -0.079561 0.360019,
        2.687008 -0.079561 0.360019,
        2.627953 -0.079561 1.264519,
        2.687008 -0.079561 1.264519,
        2.627953 0.087114 1.264519,
        2.687008 0.087114 1.264519,
        2.627953 0.087114 1.226997,
        2.687008 0.087114 1.226997,
        2.627953 -0.017467 1.226997,
        2.687008 -0.017467 1.226997,
        2.627953 -0.017467 1.122415,
        2.687008 -0.017467 1.122415,
        2.627953 0.139246 0.965702,
        2.687008 0.139246 0.965702,
        2.627953 0.139246 0.190720,
        2.687008 0.139246 0.190720,
        2.627953 0.365517 0.190720,
        2.687008 0.365517 0.190720,
        2.627953 0.477497 0.078740,
        2.687008 0.477497 0.078740,
        2.627953 0.629921 0.078740,
        2.687008 0.629921 0.078740,
        2.627953 0.629921 0.000000,
        2.687008 0.629921 0.000000,
        2.627953 0.444882 0.000000,
        2.687008 0.444882 0.000000,
        2.627953 0.334646 0.110236,
        2.687008 0.334646 0.110236,
        2.627953 -0.326147 0.110236,
        2.687008 -0.326147 0.110236,
        2.627953 -0.326147 0.257915,
        2.687008 -0.326147 0.257915,
        2.687008 -0.366913 0.282422,
        2.627953 -0.366913 0.282422,
        2.687008 -0.402857 0.313574,
        2.627953 -0.402857 0.313574,
        2.687008 -0.432910 0.350443,
        2.627953 -0.432910 0.350443,
        2.687008 -0.456176 0.391930,
        2.627953 -0.456176 0.391930,
        2.687008 -0.471961 0.436799,
        2.627953 -0.471961 0.436799,
        2.687008 -0.479796 0.483715,
        2.627953 -0.479796 0.483715,
        2.687008 -0.479447 0.531279,
        2.627953 -0.479447 0.531279,
        2.627953 -0.428337 1.074908,
        2.687008 -0.428337 1.074908,
        2.627953 -0.455502 1.207228,
        2.687008 -0.455502 1.207228,
        2.627953 -0.356079 1.085231,
        2.687008 -0.356079 1.085231,
        2.627953 -0.382361 1.058948,
        2.687008 -0.382361 1.058948,
        3.021654 -0.400810 0.545021,
        3.080709 -0.400810 0.545021,
        3.021654 -0.398477 0.506938,
        3.080709 -0.398477 0.506938,
        3.021654 -0.388842 0.470021,
        3.080709 -0.388842 0.470021,
        3.021654 -0.372265 0.435656,
        3.080709 -0.372265 0.435656,
        3.021654 -0.349371 0.405134,
        3.080709 -0.349371 0.405134,
        3.021654 -0.321019 0.379602,
        3.080709 -0.321019 0.379602,
        3.021654 -0.288274 0.360019,
        3.080709 -0.288274 0.360019,
        3.021654 -0.079561 0.360019,
        3.080709 -0.079561 0.360019,
        3.021654 -0.079561 1.264519,
        3.080709 -0.079561 1.264519,
        3.021654 0.087114 1.264519,
        3.080709 0.087114 1.264519,
        3.021654 0.087114 1.226997,
        3.080709 0.087114 1.226997,
        3.021654 -0.017467 1.226997,
        3.080709 -0.017467 1.226997,
        3.021654 -0.017467 1.122415,
        3.080709 -0.017467 1.122415,
        3.021654 0.139246 0.965702,
        3.080709 0.139246 0.965702,
        3.021654 0.139246 0.190720,
        3.080709 0.139246 0.190720,
        3.021654 0.365517 0.190720,
        3.080709 0.365517 0.190720,
        3.021654 0.477497 0.078740,
        3.080709 0.477497 0.078740,
        3.021654 0.629921 0.078740,
        3.080709 0.629921 0.078740,
        3.021654 0.629921 0.000000,
        3.080709 0.629921 0.000000,
        3.021654 0.444882 0.000000,
        3.080709 0.444882 0.000000,
        3.021654 0.334646 0.110236,
        3.080709 0.334646 0.110236,
        3.021654 -0.326147 0.110236,
        3.080709 -0.326147 0.110236,
        3.021654 -0.326147 0.257915,
        3.080709 -0.326147 0.257915,
        3.080709 -0.366913 0.282422,
        3.021654 -0.366913 0.282422,
        3.080709 -0.402857 0.313574,
        3.021654 -0.402857 0.313574,
        3.080709 -0.432910 0.350443,
        3.021654 -0.432910 0.350443,
        3.080709 -0.456176 0.391930,
        3.021654 -0.456176 0.391930,
        3.080709 -0.471961 0.436799,
        3.021654 -0.471961 0.436799,
        3.080709 -0.479796 0.483715,
        3.021654 -0.479796 0.483715,
        3.080709 -0.479447 0.531279,
        3.021654 -0.479447 0.531279,
        3.021654 -0.428337 1.074908,
        3.080709 -0.428337 1.074908,
        3.021654 -0.455502 1.207228,
        3.080709 -0.455502 1.207228,
        3.021654 -0.356079 1.085231,
        3.080709 -0.356079 1.085231,
        3.021654 -0.382361 1.058948,
        3.080709 -0.382361 1.058948,
        3.415354 -0.400810 0.545021,
        3.474410 -0.400810 0.545021,
        3.415354 -0.398477 0.506938,
        3.474410 -0.398477 0.506938,
        3.415354 -0.388842 0.470021,
        3.474410 -0.388842 0.470021,
        3.415354 -0.372265 0.435656,
        3.474410 -0.372265 0.435656,
        3.415354 -0.349371 0.405134,
        3.474410 -0.349371 0.405134,
        3.415354 -0.321019 0.379602,
        3.474410 -0.321019 0.379602,
        3.415354 -0.288274 0.360019,
        3.474410 -0.288274 0.360019,
        3.415354 -0.079561 0.360019,
        3.474410 -0.079561 0.360019,
        3.415354 -0.079561 1.264519,
        3.474410 -0.079561 1.264519,
        3.415354 0.087114 1.264519,
        3.474410 0.087114 1.264519,
        3.415354 0.087114 1.226997,
        3.474410 0.087114 1.226997,
        3.415354 -0.017467 1.226997,
        3.474410 -0.017467 1.226997,
        3.415354 -0.017467 1.122415,
        3.474410 -0.017467 1.122415,
        3.415354 0.139246 0.965702,
        3.474410 0.139246 0.965702,
        3.415354 0.139246 0.190720,
        3.474410 0.139246 0.190720,
        3.415354 0.365517 0.190720,
        3.474410 0.365517 0.190720,
        3.415354 0.477497 0.078740,
        3.474410 0.477497 0.078740,
        3.415354 0.629921 0.078740,
        3.474410 0.629921 0.078740,
        3.415354 0.629921 0.000000,
        3.474410 0.629921 0.000000,
        3.415354 0.444882 0.000000,
        3.474410 0.444882 0.000000,
        3.415354 0.334646 0.110236,
        3.474410 0.334646 0.110236,
        3.415354 -0.326147 0.110236,
        3.474410 -0.326147 0.110236,
        3.415354 -0.326147 0.257915,
        3.474410 -0.326147 0.257915,
        3.474410 -0.366913 0.282422,
        3.415354 -0.366913 0.282422,
        3.474410 -0.402857 0.313574,
        3.415354 -0.402857 0.313574,
        3.474410 -0.432910 0.350443,
        3.415354 -0.432910 0.350443,
        3.474410 -0.456176 0.391930,
        3.415354 -0.456176 0.391930,
        3.474410 -0.471961 0.436799,
        3.415354 -0.471961 0.436799,
        3.474410 -0.479796 0.483715,
        3.415354 -0.479796 0.483715,
        3.474410 -0.479447 0.531279,
        3.415354 -0.479447 0.531279,
        3.415354 -0.428337 1.074908,
        3.474410 -0.428337 1.074908,
        3.415354 -0.455502 1.207228,
        3.474410 -0.455502 1.207228,
        3.415354 -0.356079 1.085231,
        3.474410 -0.356079 1.085231,
        3.415354 -0.382361 1.058948,
        3.474410 -0.382361 1.058948,
        3.809055 -0.400810 0.545021,
        3.868110 -0.400810 0.545021,
        3.809055 -0.398477 0.506938,
        3.868110 -0.398477 0.506938,
        3.809055 -0.388842 0.470021,
        3.868110 -0.388842 0.470021,
        3.809055 -0.372265 0.435656,
        3.868110 -0.372265 0.435656,
        3.809055 -0.349371 0.405134,
        3.868110 -0.349371 0.405134,
        3.809055 -0.321019 0.379602,
        3.868110 -0.321019 0.379602,
        3.809055 -0.288274 0.360019,
        3.868110 -0.288274 0.360019,
        3.809055 -0.079561 0.360019,
        3.868110 -0.079561 0.360019,
        3.809055 -0.079561 1.264519,
        3.868110 -0.079561 1.264519,
        3.809055 0.087114 1.264519,
        3.868110 0.087114 1.264519,
        3.809055 0.087114 1.226997,
        3.868110 0.087114 1.226997,
        3.809055 -0.017467 1.226997,
        3.868110 -0.017467 1.226997,
        3.809055 -0.017467 1.122415,
        3.868110 -0.017467 1.122415,
        3.809055 0.139246 0.965702,
        3.868110 0.139246 0.965702,
        3.809055 0.139246 0.190720,
        3.868110 0.139246 0.190720,
        3.809055 0.365517 0.190720,
        3.868110 0.365517 0.190720,
        3.809055 0.477497 0.078740,
        3.868110 0.477497 0.078740,
        3.809055 0.629921 0.078740,
        3.868110 0.629921 0.078740,
        3.809055 0.629921 0.000000,
        3.868110 0.629921 0.000000,
        3.809055 0.444882 0.000000,
        3.868110 0.444882 0.000000,
        3.809055 0.334646 0.110236,
        3.868110 0.334646 0.110236,
        3.809055 -0.326147 0.110236,
        3.868110 -0.326147 0.110236,
        3.809055 -0.326147 0.257915,
        3.868110 -0.326147 0.257915,
        3.868110 -0.366913 0.282422,
        3.809055 -0.366913 0.282422,
        3.868110 -0.402857 0.313574,
        3.809055 -0.402857 0.313574,
        3.868110 -0.432910 0.350443,
        3.809055 -0.432910 0.350443,
        3.868110 -0.456176 0.391930,
        3.809055 -0.456176 0.391930,
        3.868110 -0.471961 0.436799,
        3.809055 -0.471961 0.436799,
        3.868110 -0.479796 0.483715,
        3.809055 -0.479796 0.483715,
        3.868110 -0.479447 0.531279,
        3.809055 -0.479447 0.531279,
        3.809055 -0.428337 1.074908,
        3.868110 -0.428337 1.074908,
        3.809055 -0.455502 1.207228,
        3.868110 -0.455502 1.207228,
        3.809055 -0.356079 1.085231,
        3.868110 -0.356079 1.085231,
        3.809055 -0.382361 1.058948,
        3.868110 -0.382361 1.058948,
        -3.474410 -0.400810 0.545021,
        -3.415354 -0.400810 0.545021,
        -3.474410 -0.398477 0.506938,
        -3.415354 -0.398477 0.506938,
        -3.474410 -0.388842 0.470021,
        -3.415354 -0.388842 0.470021,
        -3.474410 -0.372265 0.435656,
        -3.415354 -0.372265 0.435656,
        -3.474410 -0.349371 0.405134,
        -3.415354 -0.349371 0.405134,
        -3.474410 -0.321019 0.379602,
        -3.415354 -0.321019 0.379602,
        -3.474410 -0.288274 0.360019,
        -3.415354 -0.288274 0.360019,
        -3.474410 -0.079561 0.360019,
        -3.415354 -0.079561 0.360019,
        -3.474410 -0.079561 1.264519,
        -3.415354 -0.079561 1.264519,
        -3.474410 0.087114 1.264519,
        -3.415354 0.087114 1.264519,
        -3.474410 0.087114 1.226997,
        -3.415354 0.087114 1.226997,
        -3.474410 -0.017467 1.226997,
        -3.415354 -0.017467 1.226997,
        -3.474410 -0.017467 1.122415,
        -3.415354 -0.017467 1.122415,
        -3.474410 0.139246 0.965702,
        -3.415354 0.139246 0.965702,
        -3.474410 0.139246 0.110236,
        -3.415354 0.139246 0.110236,
        -3.474410 -0.492126 0.110236,
        -3.415354 -0.492126 0.110236,
        -3.474410 -0.602362 0.000000,
        -3.415354 -0.602362 -0.000000,
        -3.474410 -0.787402 0.000000,
        -3.415354 -0.787402 0.000000,
        -3.474410 -0.787402 0.078740,
        -3.415354 -0.787402 0.078740,
        -3.474410 -0.634978 0.078740,
        -3.415354 -0.634978 0.078740,
        -3.474410 -0.522997 0.190720,
        -3.415354 -0.522997 0.190720,
        -3.474410 -0.326147 0.190720,
        -3.415354 -0.326147 0.190720,
        -3.474410 -0.326147 0.257915,
        -3.415354 -0.326147 0.257915,
        -3.415354 -0.362057 0.278978,
        -3.474410 -0.362057 0.278978,
        -3.415354 -0.394385 0.305211,
        -3.474410 -0.394385 0.305211,
        -3.415354 -0.422392 0.336013,
        -3.474410 -0.422392 0.336013,
        -3.415354 -0.445440 0.370683,
        -3.474410 -0.445440 0.370683,
        -3.415354 -0.463002 0.408430,
        -3.474410 -0.463002 0.408430,
        -3.415354 -0.474678 0.448390,
        -3.474410 -0.474678 0.448390,
        -3.415354 -0.480202 0.489654,
        -3.474410 -0.480202 0.489654,
        -3.415354 -0.479447 0.531279,
        -3.474410 -0.479447 0.531279,
        -3.474410 -0.428337 1.074908,
        -3.415354 -0.428337 1.074908,
        -3.474410 -0.455502 1.207228,
        -3.415354 -0.455502 1.207228,
        -3.474410 -0.356079 1.085231,
        -3.415354 -0.356079 1.085231,
        -3.474410 -0.382361 1.058948,
        -3.415354 -0.382361 1.058948,
        -3.080709 -0.400810 0.545021,
        -3.021654 -0.400810 0.545021,
        -3.080709 -0.398477 0.506938,
        -3.021654 -0.398477 0.506938,
        -3.080709 -0.388842 0.470021,
        -3.021654 -0.388842 0.470021,
        -3.080709 -0.372265 0.435656,
        -3.021654 -0.372265 0.435656,
        -3.080709 -0.349371 0.405134,
        -3.021654 -0.349371 0.405134,
        -3.080709 -0.321019 0.379602,
        -3.021654 -0.321019 0.379602,
        -3.080709 -0.288274 0.360019,
        -3.021654 -0.288274 0.360019,
        -3.080709 -0.079561 0.360019,
        -3.021654 -0.079561 0.360019,
        -3.080709 -0.079561 1.264519,
        -3.021654 -0.079561 1.264519,
        -3.080709 0.087114 1.264519,
        -3.021654 0.087114 1.264519,
        -3.080709 0.087114 1.226997,
        -3.021654 0.087114 1.226997,
        -3.080709 -0.017467 1.226997,
        -3.021654 -0.017467 1.226997,
        -3.080709 -0.017467 1.122415,
        -3.021654 -0.017467 1.122415,
        -3.080709 0.139246 0.965702,
        -3.021654 0.139246 0.965702,
        -3.080709 0.139246 0.110236,
        -3.021654 0.139246 0.110236,
        -3.080709 -0.492126 0.110236,
        -3.021654 -0.492126 0.110236,
        -3.080709 -0.602362 0.000000,
        -3.021654 -0.602362 -0.000000,
        -3.080709 -0.787402 0.000000,
        -3.021654 -0.787402 0.000000,
        -3.080709 -0.787402 0.078740,
        -3.021654 -0.787402 0.078740,
        -3.080709 -0.634978 0.078740,
        -3.021654 -0.634978 0.078740,
        -3.080709 -0.522997 0.190720,
        -3.021654 -0.522997 0.190720,
        -3.080709 -0.326147 0.190720,
        -3.021654 -0.326147 0.190720,
        -3.080709 -0.326147 0.257915,
        -3.021654 -0.326147 0.257915,
        -3.021654 -0.362057 0.278978,
        -3.080709 -0.362057 0.278978,
        -3.021654 -0.394385 0.305211,
        -3.080709 -0.394385 0.305211,
        -3.021654 -0.422392 0.336013,
        -3.080709 -0.422392 0.336013,
        -3.021654 -0.445440 0.370683,
        -3.080709 -0.445440 0.370683,
        -3.021654 -0.463002 0.408430,
        -3.080709 -0.463002 0.408430,
        -3.021654 -0.474678 0.448390,
        -3.080709 -0.474678 0.448390,
        -3.021654 -0.480202 0.489654,
        -3.080709 -0.480202 0.489654,
        -3.021654 -0.479447 0.531279,
        -3.080709 -0.479447 0.531279,
        -3.080709 -0.428337 1.074908,
        -3.021654 -0.428337 1.074908,
        -3.080709 -0.455502 1.207228,
        -3.021654 -0.455502 1.207228,
        -3.080709 -0.356079 1.085231,
        -3.021654 -0.356079 1.085231,
        -3.080709 -0.382361 1.058948,
        -3.021654 -0.382361 1.058948,
        -2.687008 -0.400810 0.545021,
        -2.627953 -0.400810 0.545021,
        -2.687008 -0.398477 0.506938,
        -2.627953 -0.398477 0.506938,
        -2.687008 -0.388842 0.470021,
        -2.627953 -0.388842 0.470021,
        -2.687008 -0.372265 0.435656,
        -2.627953 -0.372265 0.435656,
        -2.687008 -0.349371 0.405134,
        -2.627953 -0.349371 0.405134,
        -2.687008 -0.321019 0.379602,
        -2.627953 -0.321019 0.379602,
        -2.687008 -0.288274 0.360019,
        -2.627953 -0.288274 0.360019,
        -2.687008 -0.079561 0.360019,
        -2.627953 -0.079561 0.360019,
        -2.687008 -0.079561 1.264519,
        -2.627953 -0.079561 1.264519,
        -2.687008 0.087114 1.264519,
        -2.627953 0.087114 1.264519,
        -2.687008 0.087114 1.226997,
        -2.627953 0.087114 1.226997,
        -2.687008 -0.017467 1.226997,
        -2.627953 -0.017467 1.226997,
        -2.687008 -0.017467 1.122415,
        -2.627953 -0.017467 1.122415,
        -2.687008 0.139246 0.965702,
        -2.627953 0.139246 0.965702,
        -2.687008 0.139246 0.110236,
        -2.627953 0.139246 0.110236,
        -2.687008 -0.492126 0.110236,
        -2.627953 -0.492126 0.110236,
        -2.687008 -0.602362 0.000000,
        -2.627953 -0.602362 -0.000000,
        -2.687008 -0.787402 0.000000,
        -2.627953 -0.787402 0.000000,
        -2.687008 -0.787402 0.078740,
        -2.627953 -0.787402 0.078740,
        -2.687008 -0.634978 0.078740,
        -2.627953 -0.634978 0.078740,
        -2.687008 -0.522997 0.190720,
        -2.627953 -0.522997 0.190720,
        -2.687008 -0.326147 0.190720,
        -2.627953 -0.326147 0.190720,
        -2.687008 -0.326147 0.257915,
        -2.627953 -0.326147 0.257915,
        -2.627953 -0.362057 0.278978,
        -2.687008 -0.362057 0.278978,
        -2.627953 -0.394385 0.305211,
        -2.687008 -0.394385 0.305211,
        -2.627953 -0.422392 0.336013,
        -2.687008 -0.422392 0.336013,
        -2.627953 -0.445440 0.370683,
        -2.687008 -0.445440 0.370683,
        -2.627953 -0.463002 0.408430,
        -2.687008 -0.463002 0.408430,
        -2.627953 -0.474678 0.448390,
        -2.687008 -0.474678 0.448390,
        -2.627953 -0.480202 0.489654,
        -2.687008 -0.480202 0.489654,
        -2.627953 -0.479447 0.531279,
        -2.687008 -0.479447 0.531279,
        -2.687008 -0.428337 1.074908,
        -2.627953 -0.428337 1.074908,
        -2.687008 -0.455502 1.207228,
        -2.627953 -0.455502 1.207228,
        -2.687008 -0.356079 1.085231,
        -2.627953 -0.356079 1.085231,
        -2.687008 -0.382361 1.058948,
        -2.627953 -0.382361 1.058948,
        -2.293307 -0.400810 0.545021,
        -2.234252 -0.400810 0.545021,
        -2.293307 -0.398477 0.506938,
        -2.234252 -0.398477 0.506938,
        -2.293307 -0.388842 0.470021,
        -2.234252 -0.388842 0.470021,
        -2.293307 -0.372265 0.435656,
        -2.234252 -0.372265 0.435656,
        -2.293307 -0.349371 0.405134,
        -2.234252 -0.349371 0.405134,
        -2.293307 -0.321019 0.379602,
        -2.234252 -0.321019 0.379602,
        -2.293307 -0.288274 0.360019,
        -2.234252 -0.288274 0.360019,
        -2.293307 -0.079561 0.360019,
        -2.234252 -0.079561 0.360019,
        -2.293307 -0.079561 1.264519,
        -2.234252 -0.079561 1.264519,
        -2.293307 0.087114 1.264519,
        -2.234252 0.087114 1.264519,
        -2.293307 0.087114 1.226997,
        -2.234252 0.087114 1.226997,
        -2.293307 -0.017467 1.226997,
        -2.234252 -0.017467 1.226997,
        -2.293307 -0.017467 1.122415,
        -2.234252 -0.017467 1.122415,
        -2.293307 0.139246 0.965702,
        -2.234252 0.139246 0.965702,
        -2.293307 0.139246 0.110236,
        -2.234252 0.139246 0.110236,
        -2.293307 -0.492126 0.110236,
        -2.234252 -0.492126 0.110236,
        -2.293307 -0.602362 0.000000,
        -2.234252 -0.602362 -0.000000,
        -2.293307 -0.787402 0.000000,
        -2.234252 -0.787402 0.000000,
        -2.293307 -0.787402 0.078740,
        -2.234252 -0.787402 0.078740,
        -2.293307 -0.634978 0.078740,
        -2.234252 -0.634978 0.078740,
        -2.293307 -0.522997 0.190720,
        -2.234252 -0.522997 0.190720,
        -2.293307 -0.326147 0.190720,
        -2.234252 -0.326147 0.190720,
        -2.293307 -0.326147 0.257915,
        -2.234252 -0.326147 0.257915,
        -2.234252 -0.362057 0.278978,
        -2.293307 -0.362057 0.278978,
        -2.234252 -0.394385 0.305211,
        -2.293307 -0.394385 0.305211,
        -2.234252 -0.422392 0.336013,
        -2.293307 -0.422392 0.336013,
        -2.234252 -0.445440 0.370683,
        -2.293307 -0.445440 0.370683,
        -2.234252 -0.463002 0.408430,
        -2.293307 -0.463002 0.408430,
        -2.234252 -0.474678 0.448390,
        -2.293307 -0.474678 0.448390,
        -2.234252 -0.480202 0.489654,
        -2.293307 -0.480202 0.489654,
        -2.234252 -0.479447 0.531279,
        -2.293307 -0.479447 0.531279,
        -2.293307 -0.428337 1.074908,
        -2.234252 -0.428337 1.074908,
        -2.293307 -0.455502 1.207228,
        -2.234252 -0.455502 1.207228,
        -2.293307 -0.356079 1.085231,
        -2.234252 -0.356079 1.085231,
        -2.293307 -0.382361 1.058948,
        -2.234252 -0.382361 1.058948,
        -1.899606 -0.400810 0.545021,
        -1.840551 -0.400810 0.545021,
        -1.899606 -0.398477 0.506938,
        -1.840551 -0.398477 0.506938,
        -1.899606 -0.388842 0.470021,
        -1.840551 -0.388842 0.470021,
        -1.899606 -0.372265 0.435656,
        -1.840551 -0.372265 0.435656,
        -1.899606 -0.349371 0.405134,
        -1.840551 -0.349371 0.405134,
        -1.899606 -0.321019 0.379602,
        -1.840551 -0.321019 0.379602,
        -1.899606 -0.288274 0.360019,
        -1.840551 -0.288274 0.360019,
        -1.899606 -0.079561 0.360019,
        -1.840551 -0.079561 0.360019,
        -1.899606 -0.079561 1.264519,
        -1.840551 -0.079561 1.264519,
        -1.899606 0.087114 1.264519,
        -1.840551 0.087114 1.264519,
        -1.899606 0.087114 1.226997,
        -1.840551 0.087114 1.226997,
        -1.899606 -0.017467 1.226997,
        -1.840551 -0.017467 1.226997,
        -1.899606 -0.017467 1.122415,
        -1.840551 -0.017467 1.122415,
        -1.899606 0.139246 0.965702,
        -1.840551 0.139246 0.965702,
        -1.899606 0.139246 0.110236,
        -1.840551 0.139246 0.110236,
        -1.899606 -0.492126 0.110236,
        -1.840551 -0.492126 0.110236,
        -1.899606 -0.602362 0.000000,
        -1.840551 -0.602362 -0.000000,
        -1.899606 -0.787402 0.000000,
        -1.840551 -0.787402 0.000000,
        -1.899606 -0.787402 0.078740,
        -1.840551 -0.787402 0.078740,
        -1.899606 -0.634978 0.078740,
        -1.840551 -0.634978 0.078740,
        -1.899606 -0.522997 0.190720,
        -1.840551 -0.522997 0.190720,
        -1.899606 -0.326147 0.190720,
        -1.840551 -0.326147 0.190720,
        -1.899606 -0.326147 0.257915,
        -1.840551 -0.326147 0.257915,
        -1.840551 -0.362057 0.278978,
        -1.899606 -0.362057 0.278978,
        -1.840551 -0.394385 0.305211,
        -1.899606 -0.394385 0.305211,
        -1.840551 -0.422392 0.336013,
        -1.899606 -0.422392 0.336013,
        -1.840551 -0.445440 0.370683,
        -1.899606 -0.445440 0.370683,
        -1.840551 -0.463002 0.408430,
        -1.899606 -0.463002 0.408430,
        -1.840551 -0.474678 0.448390,
        -1.899606 -0.474678 0.448390,
        -1.840551 -0.480202 0.489654,
        -1.899606 -0.480202 0.489654,
        -1.840551 -0.479447 0.531279,
        -1.899606 -0.479447 0.531279,
        -1.899606 -0.428337 1.074908,
        -1.840551 -0.428337 1.074908,
        -1.899606 -0.455502 1.207228,
        -1.840551 -0.455502 1.207228,
        -1.899606 -0.356079 1.085231,
        -1.840551 -0.356079 1.085231,
        -1.899606 -0.382361 1.058948,
        -1.840551 -0.382361 1.058948,
        -1.505906 -0.400810 0.545021,
        -1.446850 -0.400810 0.545021,
        -1.505906 -0.398477 0.506938,
        -1.446850 -0.398477 0.506938,
        -1.505906 -0.388842 0.470021,
        -1.446850 -0.388842 0.470021,
        -1.505906 -0.372265 0.435656,
        -1.446850 -0.372265 0.435656,
        -1.505906 -0.349371 0.405134,
        -1.446850 -0.349371 0.405134,
        -1.505906 -0.321019 0.379602,
        -1.446850 -0.321019 0.379602,
        -1.505906 -0.288274 0.360019,
        -1.446850 -0.288274 0.360019,
        -1.505906 -0.079561 0.360019,
        -1.446850 -0.079561 0.360019,
        -1.505906 -0.079561 1.264519,
        -1.446850 -0.079561 1.264519,
        -1.505906 0.087114 1.264519,
        -1.446850 0.087114 1.264519,
        -1.505906 0.087114 1.226997,
        -1.446850 0.087114 1.226997,
        -1.505906 -0.017467 1.226997,
        -1.446850 -0.017467 1.226997,
        -1.505906 -0.017467 1.122415,
        -1.446850 -0.017467 1.122415,
        -1.505906 0.139246 0.965702,
        -1.446850 0.139246 0.965702,
        -1.505906 0.139246 0.110236,
        -1.446850 0.139246 0.110236,
        -1.505906 -0.492126 0.110236,
        -1.446850 -0.492126 0.110236,
        -1.505906 -0.602362 0.000000,
        -1.446850 -0.602362 -0.000000,
        -1.505906 -0.787402 0.000000,
        -1.446850 -0.787402 0.000000,
        -1.505906 -0.787402 0.078740,
        -1.446850 -0.787402 0.078740,
        -1.505906 -0.634978 0.078740,
        -1.446850 -0.634978 0.078740,
        -1.505906 -0.522997 0.190720,
        -1.446850 -0.522997 0.190720,
        -1.505906 -0.326147 0.190720,
        -1.446850 -0.326147 0.190720,
        -1.505906 -0.326147 0.257915,
        -1.446850 -0.326147 0.257915,
        -1.446850 -0.362057 0.278978,
        -1.505906 -0.362057 0.278978,
        -1.446850 -0.394385 0.305211,
        -1.505906 -0.394385 0.305211,
        -1.446850 -0.422392 0.336013,
        -1.505906 -0.422392 0.336013,
        -1.446850 -0.445440 0.370683,
        -1.505906 -0.445440 0.370683,
        -1.446850 -0.463002 0.408430,
        -1.505906 -0.463002 0.408430,
        -1.446850 -0.474678 0.448390,
        -1.505906 -0.474678 0.448390,
        -1.446850 -0.480202 0.489654,
        -1.505906 -0.480202 0.489654,
        -1.446850 -0.479447 0.531279,
        -1.505906 -0.479447 0.531279,
        -1.505906 -0.428337 1.074908,
        -1.446850 -0.428337 1.074908,
        -1.505906 -0.455502 1.207228,
        -1.446850 -0.455502 1.207228,
        -1.505906 -0.356079 1.085231,
        -1.446850 -0.356079 1.085231,
        -1.505906 -0.382361 1.058948,
        -1.446850 -0.382361 1.058948,
        -1.112205 -0.400810 0.545021,
        -1.053150 -0.400810 0.545021,
        -1.112205 -0.398477 0.506938,
        -1.053150 -0.398477 0.506938,
        -1.112205 -0.388842 0.470021,
        -1.053150 -0.388842 0.470021,
        -1.112205 -0.372265 0.435656,
        -1.053150 -0.372265 0.435656,
        -1.112205 -0.349371 0.405134,
        -1.053150 -0.349371 0.405134,
        -1.112205 -0.321019 0.379602,
        -1.053150 -0.321019 0.379602,
        -1.112205 -0.288274 0.360019,
        -1.053150 -0.288274 0.360019,
        -1.112205 -0.079561 0.360019,
        -1.053150 -0.079561 0.360019,
        -1.112205 -0.079561 1.264519,
        -1.053150 -0.079561 1.264519,
        -1.112205 0.087114 1.264519,
        -1.053150 0.087114 1.264519,
        -1.112205 0.087114 1.226997,
        -1.053150 0.087114 1.226997,
        -1.112205 -0.017467 1.226997,
        -1.053150 -0.017467 1.226997,
        -1.112205 -0.017467 1.122415,
        -1.053150 -0.017467 1.122415,
        -1.112205 0.139246 0.965702,
        -1.053150 0.139246 0.965702,
        -1.112205 0.139246 0.110236,
        -1.053150 0.139246 0.110236,
        -1.112205 -0.492126 0.110236,
        -1.053150 -0.492126 0.110236,
        -1.112205 -0.602362 0.000000,
        -1.053150 -0.602362 -0.000000,
        -1.112205 -0.787402 0.000000,
        -1.053150 -0.787402 0.000000,
        -1.112205 -0.787402 0.078740,
        -1.053150 -0.787402 0.078740,
        -1.112205 -0.634978 0.078740,
        -1.053150 -0.634978 0.078740,
        -1.112205 -0.522997 0.190720,
        -1.053150 -0.522997 0.190720,
        -1.112205 -0.326147 0.190720,
        -1.053150 -0.326147 0.190720,
        -1.112205 -0.326147 0.257915,
        -1.053150 -0.326147 0.257915,
        -1.053150 -0.362057 0.278978,
        -1.112205 -0.362057 0.278978,
        -1.053150 -0.394385 0.305211,
        -1.112205 -0.394385 0.305211,
        -1.053150 -0.422392 0.336013,
        -1.112205 -0.422392 0.336013,
        -1.053150 -0.445440 0.370683,
        -1.112205 -0.445440 0.370683,
        -1.053150 -0.463002 0.408430,
        -1.112205 -0.463002 0.408430,
        -1.053150 -0.474678 0.448390,
        -1.112205 -0.474678 0.448390,
        -1.053150 -0.480202 0.489654,
        -1.112205 -0.480202 0.489654,
        -1.053150 -0.479447 0.531279,
        -1.112205 -0.479447 0.531279,
        -1.112205 -0.428337 1.074908,
        -1.053150 -0.428337 1.074908,
        -1.112205 -0.455502 1.207228,
        -1.053150 -0.455502 1.207228,
        -1.112205 -0.356079 1.085231,
        -1.053150 -0.356079 1.085231,
        -1.112205 -0.382361 1.058948,
        -1.053150 -0.382361 1.058948,
        -0.718504 -0.400810 0.545021,
        -0.659449 -0.400810 0.545021,
        -0.718504 -0.398477 0.506938,
        -0.659449 -0.398477 0.506938,
        -0.718504 -0.388842 0.470021,
        -0.659449 -0.388842 0.470021,
        -0.718504 -0.372265 0.435656,
        -0.659449 -0.372265 0.435656,
        -0.718504 -0.349371 0.405134,
        -0.659449 -0.349371 0.405134,
        -0.718504 -0.321019 0.379602,
        -0.659449 -0.321019 0.379602,
        -0.718504 -0.288274 0.360019,
        -0.659449 -0.288274 0.360019,
        -0.718504 -0.079561 0.360019,
        -0.659449 -0.079561 0.360019,
        -0.718504 -0.079561 1.264519,
        -0.659449 -0.079561 1.264519,
        -0.718504 0.087114 1.264519,
        -0.659449 0.087114 1.264519,
        -0.718504 0.087114 1.226997,
        -0.659449 0.087114 1.226997,
        -0.718504 -0.017467 1.226997,
        -0.659449 -0.017467 1.226997,
        -0.718504 -0.017467 1.122415,
        -0.659449 -0.017467 1.122415,
        -0.718504 0.139246 0.965702,
        -0.659449 0.139246 0.965702,
        -0.718504 0.139246 0.110236,
        -0.659449 0.139246 0.110236,
        -0.718504 -0.492126 0.110236,
        -0.659449 -0.492126 0.110236,
        -0.718504 -0.602362 0.000000,
        -0.659449 -0.602362 -0.000000,
        -0.718504 -0.787402 0.000000,
        -0.659449 -0.787402 0.000000,
        -0.718504 -0.787402 0.078740,
        -0.659449 -0.787402 0.078740,
        -0.718504 -0.634978 0.078740,
        -0.659449 -0.634978 0.078740,
        -0.718504 -0.522997 0.190720,
        -0.659449 -0.522997 0.190720,
        -0.718504 -0.326147 0.190720,
        -0.659449 -0.326147 0.190720,
        -0.718504 -0.326147 0.257915,
        -0.659449 -0.326147 0.257915,
        -0.659449 -0.362057 0.278978,
        -0.718504 -0.362057 0.278978,
        -0.659449 -0.394385 0.305211,
        -0.718504 -0.394385 0.305211,
        -0.659449 -0.422392 0.336013,
        -0.718504 -0.422392 0.336013,
        -0.659449 -0.445440 0.370683,
        -0.718504 -0.445440 0.370683,
        -0.659449 -0.463002 0.408430,
        -0.718504 -0.463002 0.408430,
        -0.659449 -0.474678 0.448390,
        -0.718504 -0.474678 0.448390,
        -0.659449 -0.480202 0.489654,
        -0.718504 -0.480202 0.489654,
        -0.659449 -0.479447 0.531279,
        -0.718504 -0.479447 0.531279,
        -0.718504 -0.428337 1.074908,
        -0.659449 -0.428337 1.074908,
        -0.718504 -0.455502 1.207228,
        -0.659449 -0.455502 1.207228,
        -0.718504 -0.356079 1.085231,
        -0.659449 -0.356079 1.085231,
        -0.718504 -0.382361 1.058948,
        -0.659449 -0.382361 1.058948,
        -0.324803 -0.400810 0.545021,
        -0.265748 -0.400810 0.545021,
        -0.324803 -0.398477 0.506938,
        -0.265748 -0.398477 0.506938,
        -0.324803 -0.388842 0.470021,
        -0.265748 -0.388842 0.470021,
        -0.324803 -0.372265 0.435656,
        -0.265748 -0.372265 0.435656,
        -0.324803 -0.349371 0.405134,
        -0.265748 -0.349371 0.405134,
        -0.324803 -0.321019 0.379602,
        -0.265748 -0.321019 0.379602,
        -0.324803 -0.288274 0.360019,
        -0.265748 -0.288274 0.360019,
        -0.324803 -0.079561 0.360019,
        -0.265748 -0.079561 0.360019,
        -0.324803 -0.079561 1.264519,
        -0.265748 -0.079561 1.264519,
        -0.324803 0.087114 1.264519,
        -0.265748 0.087114 1.264519,
        -0.324803 0.087114 1.226997,
        -0.265748 0.087114 1.226997,
        -0.324803 -0.017467 1.226997,
        -0.265748 -0.017467 1.226997,
        -0.324803 -0.017467 1.122415,
        -0.265748 -0.017467 1.122415,
        -0.324803 0.139246 0.965702,
        -0.265748 0.139246 0.965702,
        -0.324803 0.139246 0.110236,
        -0.265748 0.139246 0.110236,
        -0.324803 -0.492126 0.110236,
        -0.265748 -0.492126 0.110236,
        -0.324803 -0.602362 0.000000,
        -0.265748 -0.602362 -0.000000,
        -0.324803 -0.787402 0.000000,
        -0.265748 -0.787402 0.000000,
        -0.324803 -0.787402 0.078740,
        -0.265748 -0.787402 0.078740,
        -0.324803 -0.634978 0.078740,
        -0.265748 -0.634978 0.078740,
        -0.324803 -0.522997 0.190720,
        -0.265748 -0.522997 0.190720,
        -0.324803 -0.326147 0.190720,
        -0.265748 -0.326147 0.190720,
        -0.324803 -0.326147 0.257915,
        -0.265748 -0.326147 0.257915,
        -0.265748 -0.362057 0.278978,
        -0.324803 -0.362057 0.278978,
        -0.265748 -0.394385 0.305211,
        -0.324803 -0.394385 0.305211,
        -0.265748 -0.422392 0.336013,
        -0.324803 -0.422392 0.336013,
        -0.265748 -0.445440 0.370683,
        -0.324803 -0.445440 0.370683,
        -0.265748 -0.463002 0.408430,
        -0.324803 -0.463002 0.408430,
        -0.265748 -0.474678 0.448390,
        -0.324803 -0.474678 0.448390,
        -0.265748 -0.480202 0.489654,
        -0.324803 -0.480202 0.489654,
        -0.265748 -0.479447 0.531279,
        -0.324803 -0.479447 0.531279,
        -0.324803 -0.428337 1.074908,
        -0.265748 -0.428337 1.074908,
        -0.324803 -0.455502 1.207228,
        -0.265748 -0.455502 1.207228,
        -0.324803 -0.356079 1.085231,
        -0.265748 -0.356079 1.085231,
        -0.324803 -0.382361 1.058948,
        -0.265748 -0.382361 1.058948,
        0.068898 -0.400810 0.545021,
        0.127953 -0.400810 0.545021,
        0.068898 -0.398477 0.506938,
        0.127953 -0.398477 0.506938,
        0.068898 -0.388842 0.470021,
        0.127953 -0.388842 0.470021,
        0.068898 -0.372265 0.435656,
        0.127953 -0.372265 0.435656,
        0.068898 -0.349371 0.405134,
        0.127953 -0.349371 0.405134,
        0.068898 -0.321019 0.379602,
        0.127953 -0.321019 0.379602,
        0.068898 -0.288274 0.360019,
        0.127953 -0.288274 0.360019,
        0.068898 -0.079561 0.360019,
        0.127953 -0.079561 0.360019,
        0.068898 -0.079561 1.264519,
        0.127953 -0.079561 1.264519,
        0.068898 0.087114 1.264519,
        0.127953 0.087114 1.264519,
        0.068898 0.087114 1.226997,
        0.127953 0.087114 1.226997,
        0.068898 -0.017467 1.226997,
        0.127953 -0.017467 1.226997,
        0.068898 -0.017467 1.122415,
        0.127953 -0.017467 1.122415,
        0.068898 0.139246 0.965702,
        0.127953 0.139246 0.965702,
        0.068898 0.139246 0.110236,
        0.127953 0.139246 0.110236,
        0.068898 -0.492126 0.110236,
        0.127953 -0.492126 0.110236,
        0.068898 -0.602362 0.000000,
        0.127953 -0.602362 -0.000000,
        0.068898 -0.787402 0.000000,
        0.127953 -0.787402 0.000000,
        0.068898 -0.787402 0.078740,
        0.127953 -0.787402 0.078740,
        0.068898 -0.634978 0.078740,
        0.127953 -0.634978 0.078740,
        0.068898 -0.522997 0.190720,
        0.127953 -0.522997 0.190720,
        0.068898 -0.326147 0.190720,
        0.127953 -0.326147 0.190720,
        0.068898 -0.326147 0.257915,
        0.127953 -0.326147 0.257915,
        0.127953 -0.362057 0.278978,
        0.068898 -0.362057 0.278978,
        0.127953 -0.394385 0.305211,
        0.068898 -0.394385 0.305211,
        0.127953 -0.422392 0.336013,
        0.068898 -0.422392 0.336013,
        0.127953 -0.445440 0.370683,
        0.068898 -0.445440 0.370683,
        0.127953 -0.463002 0.408430,
        0.068898 -0.463002 0.408430,
        0.127953 -0.474678 0.448390,
        0.068898 -0.474678 0.448390,
        0.127953 -0.480202 0.489654,
        0.068898 -0.480202 0.489654,
        0.127953 -0.479447 0.531279,
        0.068898 -0.479447 0.531279,
        0.068898 -0.428337 1.074908,
        0.127953 -0.428337 1.074908,
        0.068898 -0.455502 1.207228,
        0.127953 -0.455502 1.207228,
        0.068898 -0.356079 1.085231,
        0.127953 -0.356079 1.085231,
        0.068898 -0.382361 1.058948,
        0.127953 -0.382361 1.058948,
        0.462598 -0.400810 0.545021,
        0.521654 -0.400810 0.545021,
        0.462598 -0.398477 0.506938,
        0.521654 -0.398477 0.506938,
        0.462598 -0.388842 0.470021,
        0.521654 -0.388842 0.470021,
        0.462598 -0.372265 0.435656,
        0.521654 -0.372265 0.435656,
        0.462598 -0.349371 0.405134,
        0.521654 -0.349371 0.405134,
        0.462598 -0.321019 0.379602,
        0.521654 -0.321019 0.379602,
        0.462598 -0.288274 0.360019,
        0.521654 -0.288274 0.360019,
        0.462598 -0.079561 0.360019,
        0.521654 -0.079561 0.360019,
        0.462598 -0.079561 1.264519,
        0.521654 -0.079561 1.264519,
        0.462598 0.087114 1.264519,
        0.521654 0.087114 1.264519,
        0.462598 0.087114 1.226997,
        0.521654 0.087114 1.226997,
        0.462598 -0.017467 1.226997,
        0.521654 -0.017467 1.226997,
        0.462598 -0.017467 1.122415,
        0.521654 -0.017467 1.122415,
        0.462598 0.139246 0.965702,
        0.521654 0.139246 0.965702,
        0.462598 0.139246 0.110236,
        0.521654 0.139246 0.110236,
        0.462598 -0.492126 0.110236,
        0.521654 -0.492126 0.110236,
        0.462598 -0.602362 0.000000,
        0.521654 -0.602362 -0.000000,
        0.462598 -0.787402 0.000000,
        0.521654 -0.787402 0.000000,
        0.462598 -0.787402 0.078740,
        0.521654 -0.787402 0.078740,
        0.462598 -0.634978 0.078740,
        0.521654 -0.634978 0.078740,
        0.462598 -0.522997 0.190720,
        0.521654 -0.522997 0.190720,
        0.462598 -0.326147 0.190720,
        0.521654 -0.326147 0.190720,
        0.462598 -0.326147 0.257915,
        0.521654 -0.326147 0.257915,
        0.521654 -0.362057 0.278978,
        0.462598 -0.362057 0.278978,
        0.521654 -0.394385 0.305211,
        0.462598 -0.394385 0.305211,
        0.521654 -0.422392 0.336013,
        0.462598 -0.422392 0.336013,
        0.521654 -0.445440 0.370683,
        0.462598 -0.445440 0.370683,
        0.521654 -0.463002 0.408430,
        0.462598 -0.463002 0.408430,
        0.521654 -0.474678 0.448390,
        0.462598 -0.474678 0.448390,
        0.521654 -0.480202 0.489654,
        0.462598 -0.480202 0.489654,
        0.521654 -0.479447 0.531279,
        0.462598 -0.479447 0.531279,
        0.462598 -0.428337 1.074908,
        0.521654 -0.428337 1.074908,
        0.462598 -0.455502 1.207228,
        0.521654 -0.455502 1.207228,
        0.462598 -0.356079 1.085231,
        0.521654 -0.356079 1.085231,
        0.462598 -0.382361 1.058948,
        0.521654 -0.382361 1.058948,
        0.856299 -0.400810 0.545021,
        0.915354 -0.400810 0.545021,
        0.856299 -0.398477 0.506938,
        0.915354 -0.398477 0.506938,
        0.856299 -0.388842 0.470021,
        0.915354 -0.388842 0.470021,
        0.856299 -0.372265 0.435656,
        0.915354 -0.372265 0.435656,
        0.856299 -0.349371 0.405134,
        0.915354 -0.349371 0.405134,
        0.856299 -0.321019 0.379602,
        0.915354 -0.321019 0.379602,
        0.856299 -0.288274 0.360019,
        0.915354 -0.288274 0.360019,
        0.856299 -0.079561 0.360019,
        0.915354 -0.079561 0.360019,
        0.856299 -0.079561 1.264519,
        0.915354 -0.079561 1.264519,
        0.856299 0.087114 1.264519,
        0.915354 0.087114 1.264519,
        0.856299 0.087114 1.226997,
        0.915354 0.087114 1.226997,
        0.856299 -0.017467 1.226997,
        0.915354 -0.017467 1.226997,
        0.856299 -0.017467 1.122415,
        0.915354 -0.017467 1.122415,
        0.856299 0.139246 0.965702,
        0.915354 0.139246 0.965702,
        0.856299 0.139246 0.110236,
        0.915354 0.139246 0.110236,
        0.856299 -0.492126 0.110236,
        0.915354 -0.492126 0.110236,
        0.856299 -0.602362 0.000000,
        0.915354 -0.602362 -0.000000,
        0.856299 -0.787402 0.000000,
        0.915354 -0.787402 0.000000,
        0.856299 -0.787402 0.078740,
        0.915354 -0.787402 0.078740,
        0.856299 -0.634978 0.078740,
        0.915354 -0.634978 0.078740,
        0.856299 -0.522997 0.190720,
        0.915354 -0.522997 0.190720,
        0.856299 -0.326147 0.190720,
        0.915354 -0.326147 0.190720,
        0.856299 -0.326147 0.257915,
        0.915354 -0.326147 0.257915,
        0.915354 -0.362057 0.278978,
        0.856299 -0.362057 0.278978,
        0.915354 -0.394385 0.305211,
        0.856299 -0.394385 0.305211,
        0.915354 -0.422392 0.336013,
        0.856299 -0.422392 0.336013,
        0.915354 -0.445440 0.370683,
        0.856299 -0.445440 0.370683,
        0.915354 -0.463002 0.408430,
        0.856299 -0.463002 0.408430,
        0.915354 -0.474678 0.448390,
        0.856299 -0.474678 0.448390,
        0.915354 -0.480202 0.489654,
        0.856299 -0.480202 0.489654,
        0.915354 -0.479447 0.531279,
        0.856299 -0.479447 0.531279,
        0.856299 -0.428337 1.074908,
        0.915354 -0.428337 1.074908,
        0.856299 -0.455502 1.207228,
        0.915354 -0.455502 1.207228,
        0.856299 -0.356079 1.085231,
        0.915354 -0.356079 1.085231,
        0.856299 -0.382361 1.058948,
        0.915354 -0.382361 1.058948,
        1.250000 -0.400810 0.545021,
        1.309055 -0.400810 0.545021,
        1.250000 -0.398477 0.506938,
        1.309055 -0.398477 0.506938,
        1.250000 -0.388842 0.470021,
        1.309055 -0.388842 0.470021,
        1.250000 -0.372265 0.435656,
        1.309055 -0.372265 0.435656,
        1.250000 -0.349371 0.405134,
        1.309055 -0.349371 0.405134,
        1.250000 -0.321019 0.379602,
        1.309055 -0.321019 0.379602,
        1.250000 -0.288274 0.360019,
        1.309055 -0.288274 0.360019,
        1.250000 -0.079561 0.360019,
        1.309055 -0.079561 0.360019,
        1.250000 -0.079561 1.264519,
        1.309055 -0.079561 1.264519,
        1.250000 0.087114 1.264519,
        1.309055 0.087114 1.264519,
        1.250000 0.087114 1.226997,
        1.309055 0.087114 1.226997,
        1.250000 -0.017467 1.226997,
        1.309055 -0.017467 1.226997,
        1.250000 -0.017467 1.122415,
        1.309055 -0.017467 1.122415,
        1.250000 0.139246 0.965702,
        1.309055 0.139246 0.965702,
        1.250000 0.139246 0.110236,
        1.309055 0.139246 0.110236,
        1.250000 -0.492126 0.110236,
        1.309055 -0.492126 0.110236,
        1.250000 -0.602362 0.000000,
        1.309055 -0.602362 -0.000000,
        1.250000 -0.787402 0.000000,
        1.309055 -0.787402 0.000000,
        1.250000 -0.787402 0.078740,
        1.309055 -0.787402 0.078740,
        1.250000 -0.634978 0.078740,
        1.309055 -0.634978 0.078740,
        1.250000 -0.522997 0.190720,
        1.309055 -0.522997 0.190720,
        1.250000 -0.326147 0.190720,
        1.309055 -0.326147 0.190720,
        1.250000 -0.326147 0.257915,
        1.309055 -0.326147 0.257915,
        1.309055 -0.362057 0.278978,
        1.250000 -0.362057 0.278978,
        1.309055 -0.394385 0.305211,
        1.250000 -0.394385 0.305211,
        1.309055 -0.422392 0.336013,
        1.250000 -0.422392 0.336013,
        1.309055 -0.445440 0.370683,
        1.250000 -0.445440 0.370683,
        1.309055 -0.463002 0.408430,
        1.250000 -0.463002 0.408430,
        1.309055 -0.474678 0.448390,
        1.250000 -0.474678 0.448390,
        1.309055 -0.480202 0.489654,
        1.250000 -0.480202 0.489654,
        1.309055 -0.479447 0.531279,
        1.250000 -0.479447 0.531279,
        1.250000 -0.428337 1.074908,
        1.309055 -0.428337 1.074908,
        1.250000 -0.455502 1.207228,
        1.309055 -0.455502 1.207228,
        1.250000 -0.356079 1.085231,
        1.309055 -0.356079 1.085231,
        1.250000 -0.382361 1.058948,
        1.309055 -0.382361 1.058948,
        1.643701 -0.400810 0.545021,
        1.702756 -0.400810 0.545021,
        1.643701 -0.398477 0.506938,
        1.702756 -0.398477 0.506938,
        1.643701 -0.388842 0.470021,
        1.702756 -0.388842 0.470021,
        1.643701 -0.372265 0.435656,
        1.702756 -0.372265 0.435656,
        1.643701 -0.349371 0.405134,
        1.702756 -0.349371 0.405134,
        1.643701 -0.321019 0.379602,
        1.702756 -0.321019 0.379602,
        1.643701 -0.288274 0.360019,
        1.702756 -0.288274 0.360019,
        1.643701 -0.079561 0.360019,
        1.702756 -0.079561 0.360019,
        1.643701 -0.079561 1.264519,
        1.702756 -0.079561 1.264519,
        1.643701 0.087114 1.264519,
        1.702756 0.087114 1.264519,
        1.643701 0.087114 1.226997,
        1.702756 0.087114 1.226997,
        1.643701 -0.017467 1.226997,
        1.702756 -0.017467 1.226997,
        1.643701 -0.017467 1.122415,
        1.702756 -0.017467 1.122415,
        1.643701 0.139246 0.965702,
        1.702756 0.139246 0.965702,
        1.643701 0.139246 0.110236,
        1.702756 0.139246 0.110236,
        1.643701 -0.492126 0.110236,
        1.702756 -0.492126 0.110236,
        1.643701 -0.602362 0.000000,
        1.702756 -0.602362 -0.000000,
        1.643701 -0.787402 0.000000,
        1.702756 -0.787402 0.000000,
        1.643701 -0.787402 0.078740,
        1.702756 -0.787402 0.078740,
        1.643701 -0.634978 0.078740,
        1.702756 -0.634978 0.078740,
        1.643701 -0.522997 0.190720,
        1.702756 -0.522997 0.190720,
        1.643701 -0.326147 0.190720,
        1.702756 -0.326147 0.190720,
        1.643701 -0.326147 0.257915,
        1.702756 -0.326147 0.257915,
        1.702756 -0.362057 0.278978,
        1.643701 -0.362057 0.278978,
        1.702756 -0.394385 0.305211,
        1.643701 -0.394385 0.305211,
        1.702756 -0.422392 0.336013,
        1.643701 -0.422392 0.336013,
        1.702756 -0.445440 0.370683,
        1.643701 -0.445440 0.370683,
        1.702756 -0.463002 0.408430,
        1.643701 -0.463002 0.408430,
        1.702756 -0.474678 0.448390,
        1.643701 -0.474678 0.448390,
        1.702756 -0.480202 0.489654,
        1.643701 -0.480202 0.489654,
        1.702756 -0.479447 0.531279,
        1.643701 -0.479447 0.531279,
        1.643701 -0.428337 1.074908,
        1.702756 -0.428337 1.074908,
        1.643701 -0.455502 1.207228,
        1.702756 -0.455502 1.207228,
        1.643701 -0.356079 1.085231,
        1.702756 -0.356079 1.085231,
        1.643701 -0.382361 1.058948,
        1.702756 -0.382361 1.058948,
        2.037402 -0.400810 0.545021,
        2.096457 -0.400810 0.545021,
        2.037402 -0.398477 0.506938,
        2.096457 -0.398477 0.506938,
        2.037402 -0.388842 0.470021,
        2.096457 -0.388842 0.470021,
        2.037402 -0.372265 0.435656,
        2.096457 -0.372265 0.435656,
        2.037402 -0.349371 0.405134,
        2.096457 -0.349371 0.405134,
        2.037402 -0.321019 0.379602,
        2.096457 -0.321019 0.379602,
        2.037402 -0.288274 0.360019,
        2.096457 -0.288274 0.360019,
        2.037402 -0.079561 0.360019,
        2.096457 -0.079561 0.360019,
        2.037402 -0.079561 1.264519,
        2.096457 -0.079561 1.264519,
        2.037402 0.087114 1.264519,
        2.096457 0.087114 1.264519,
        2.037402 0.087114 1.226997,
        2.096457 0.087114 1.226997,
        2.037402 -0.017467 1.226997,
        2.096457 -0.017467 1.226997,
        2.037402 -0.017467 1.122415,
        2.096457 -0.017467 1.122415,
        2.037402 0.139246 0.965702,
        2.096457 0.139246 0.965702,
        2.037402 0.139246 0.110236,
        2.096457 0.139246 0.110236,
        2.037402 -0.492126 0.110236,
        2.096457 -0.492126 0.110236,
        2.037402 -0.602362 0.000000,
        2.096457 -0.602362 -0.000000,
        2.037402 -0.787402 0.000000,
        2.096457 -0.787402 0.000000,
        2.037402 -0.787402 0.078740,
        2.096457 -0.787402 0.078740,
        2.037402 -0.634978 0.078740,
        2.096457 -0.634978 0.078740,
        2.037402 -0.522997 0.190720,
        2.096457 -0.522997 0.190720,
        2.037402 -0.326147 0.190720,
        2.096457 -0.326147 0.190720,
        2.037402 -0.326147 0.257915,
        2.096457 -0.326147 0.257915,
        2.096457 -0.362057 0.278978,
        2.037402 -0.362057 0.278978,
        2.096457 -0.394385 0.305211,
        2.037402 -0.394385 0.305211,
        2.096457 -0.422392 0.336013,
        2.037402 -0.422392 0.336013,
        2.096457 -0.445440 0.370683,
        2.037402 -0.445440 0.370683,
        2.096457 -0.463002 0.408430,
        2.037402 -0.463002 0.408430,
        2.096457 -0.474678 0.448390,
        2.037402 -0.474678 0.448390,
        2.096457 -0.480202 0.489654,
        2.037402 -0.480202 0.489654,
        2.096457 -0.479447 0.531279,
        2.037402 -0.479447 0.531279,
        2.037402 -0.428337 1.074908,
        2.096457 -0.428337 1.074908,
        2.037402 -0.455502 1.207228,
        2.096457 -0.455502 1.207228,
        2.037402 -0.356079 1.085231,
        2.096457 -0.356079 1.085231,
        2.037402 -0.382361 1.058948,
        2.096457 -0.382361 1.058948,
        2.431102 -0.400810 0.545021,
        2.490157 -0.400810 0.545021,
        2.431102 -0.398477 0.506938,
        2.490157 -0.398477 0.506938,
        2.431102 -0.388842 0.470021,
        2.490157 -0.388842 0.470021,
        2.431102 -0.372265 0.435656,
        2.490157 -0.372265 0.435656,
        2.431102 -0.349371 0.405134,
        2.490157 -0.349371 0.405134,
        2.431102 -0.321019 0.379602,
        2.490157 -0.321019 0.379602,
        2.431102 -0.288274 0.360019,
        2.490157 -0.288274 0.360019,
        2.431102 -0.079561 0.360019,
        2.490157 -0.079561 0.360019,
        2.431102 -0.079561 1.264519,
        2.490157 -0.079561 1.264519,
        2.431102 0.087114 1.264519,
        2.490157 0.087114 1.264519,
        2.431102 0.087114 1.226997,
        2.490157 0.087114 1.226997,
        2.431102 -0.017467 1.226997,
        2.490157 -0.017467 1.226997,
        2.431102 -0.017467 1.122415,
        2.490157 -0.017467 1.122415,
        2.431102 0.139246 0.965702,
        2.490157 0.139246 0.965702,
        2.431102 0.139246 0.110236,
        2.490157 0.139246 0.110236,
        2.431102 -0.492126 0.110236,
        2.490157 -0.492126 0.110236,
        2.431102 -0.602362 0.000000,
        2.490157 -0.602362 -0.000000,
        2.431102 -0.787402 0.000000,
        2.490157 -0.787402 0.000000,
        2.431102 -0.787402 0.078740,
        2.490157 -0.787402 0.078740,
        2.431102 -0.634978 0.078740,
        2.490157 -0.634978 0.078740,
        2.431102 -0.522997 0.190720,
        2.490157 -0.522997 0.190720,
        2.431102 -0.326147 0.190720,
        2.490157 -0.326147 0.190720,
        2.431102 -0.326147 0.257915,
        2.490157 -0.326147 0.257915,
        2.490157 -0.362057 0.278978,
        2.431102 -0.362057 0.278978,
        2.490157 -0.394385 0.305211,
        2.431102 -0.394385 0.305211,
        2.490157 -0.422392 0.336013,
        2.431102 -0.422392 0.336013,
        2.490157 -0.445440 0.370683,
        2.431102 -0.445440 0.370683,
        2.490157 -0.463002 0.408430,
        2.431102 -0.463002 0.408430,
        2.490157 -0.474678 0.448390,
        2.431102 -0.474678 0.448390,
        2.490157 -0.480202 0.489654,
        2.431102 -0.480202 0.489654,
        2.490157 -0.479447 0.531279,
        2.431102 -0.479447 0.531279,
        2.431102 -0.428337 1.074908,
        2.490157 -0.428337 1.074908,
        2.431102 -0.455502 1.207228,
        2.490157 -0.455502 1.207228,
        2.431102 -0.356079 1.085231,
        2.490157 -0.356079 1.085231,
        2.431102 -0.382361 1.058948,
        2.490157 -0.382361 1.058948,
        2.824803 -0.400810 0.545021,
        2.883858 -0.400810 0.545021,
        2.824803 -0.398477 0.506938,
        2.883858 -0.398477 0.506938,
        2.824803 -0.388842 0.470021,
        2.883858 -0.388842 0.470021,
        2.824803 -0.372265 0.435656,
        2.883858 -0.372265 0.435656,
        2.824803 -0.349371 0.405134,
        2.883858 -0.349371 0.405134,
        2.824803 -0.321019 0.379602,
        2.883858 -0.321019 0.379602,
        2.824803 -0.288274 0.360019,
        2.883858 -0.288274 0.360019,
        2.824803 -0.079561 0.360019,
        2.883858 -0.079561 0.360019,
        2.824803 -0.079561 1.264519,
        2.883858 -0.079561 1.264519,
        2.824803 0.087114 1.264519,
        2.883858 0.087114 1.264519,
        2.824803 0.087114 1.226997,
        2.883858 0.087114 1.226997,
        2.824803 -0.017467 1.226997,
        2.883858 -0.017467 1.226997,
        2.824803 -0.017467 1.122415,
        2.883858 -0.017467 1.122415,
        2.824803 0.139246 0.965702,
        2.883858 0.139246 0.965702,
        2.824803 0.139246 0.110236,
        2.883858 0.139246 0.110236,
        2.824803 -0.492126 0.110236,
        2.883858 -0.492126 0.110236,
        2.824803 -0.602362 0.000000,
        2.883858 -0.602362 -0.000000,
        2.824803 -0.787402 0.000000,
        2.883858 -0.787402 0.000000,
        2.824803 -0.787402 0.078740,
        2.883858 -0.787402 0.078740,
        2.824803 -0.634978 0.078740,
        2.883858 -0.634978 0.078740,
        2.824803 -0.522997 0.190720,
        2.883858 -0.522997 0.190720,
        2.824803 -0.326147 0.190720,
        2.883858 -0.326147 0.190720,
        2.824803 -0.326147 0.257915,
        2.883858 -0.326147 0.257915,
        2.883858 -0.362057 0.278978,
        2.824803 -0.362057 0.278978,
        2.883858 -0.394385 0.305211,
        2.824803 -0.394385 0.305211,
        2.883858 -0.422392 0.336013,
        2.824803 -0.422392 0.336013,
        2.883858 -0.445440 0.370683,
        2.824803 -0.445440 0.370683,
        2.883858 -0.463002 0.408430,
        2.824803 -0.463002 0.408430,
        2.883858 -0.474678 0.448390,
        2.824803 -0.474678 0.448390,
        2.883858 -0.480202 0.489654,
        2.824803 -0.480202 0.489654,
        2.883858 -0.479447 0.531279,
        2.824803 -0.479447 0.531279,
        2.824803 -0.428337 1.074908,
        2.883858 -0.428337 1.074908,
        2.824803 -0.455502 1.207228,
        2.883858 -0.455502 1.207228,
        2.824803 -0.356079 1.085231,
        2.883858 -0.356079 1.085231,
        2.824803 -0.382361 1.058948,
        2.883858 -0.382361 1.058948,
        3.218504 -0.400810 0.545021,
        3.277559 -0.400810 0.545021,
        3.218504 -0.398477 0.506938,
        3.277559 -0.398477 0.506938,
        3.218504 -0.388842 0.470021,
        3.277559 -0.388842 0.470021,
        3.218504 -0.372265 0.435656,
        3.277559 -0.372265 0.435656,
        3.218504 -0.349371 0.405134,
        3.277559 -0.349371 0.405134,
        3.218504 -0.321019 0.379602,
        3.277559 -0.321019 0.379602,
        3.218504 -0.288274 0.360019,
        3.277559 -0.288274 0.360019,
        3.218504 -0.079561 0.360019,
        3.277559 -0.079561 0.360019,
        3.218504 -0.079561 1.264519,
        3.277559 -0.079561 1.264519,
        3.218504 0.087114 1.264519,
        3.277559 0.087114 1.264519,
        3.218504 0.087114 1.226997,
        3.277559 0.087114 1.226997,
        3.218504 -0.017467 1.226997,
        3.277559 -0.017467 1.226997,
        3.218504 -0.017467 1.122415,
        3.277559 -0.017467 1.122415,
        3.218504 0.139246 0.965702,
        3.277559 0.139246 0.965702,
        3.218504 0.139246 0.110236,
        3.277559 0.139246 0.110236,
        3.218504 -0.492126 0.110236,
        3.277559 -0.492126 0.110236,
        3.218504 -0.602362 0.000000,
        3.277559 -0.602362 -0.000000,
        3.218504 -0.787402 0.000000,
        3.277559 -0.787402 0.000000,
        3.218504 -0.787402 0.078740,
        3.277559 -0.787402 0.078740,
        3.218504 -0.634978 0.078740,
        3.277559 -0.634978 0.078740,
        3.218504 -0.522997 0.190720,
        3.277559 -0.522997 0.190720,
        3.218504 -0.326147 0.190720,
        3.277559 -0.326147 0.190720,
        3.218504 -0.326147 0.257915,
        3.277559 -0.326147 0.257915,
        3.277559 -0.362057 0.278978,
        3.218504 -0.362057 0.278978,
        3.277559 -0.394385 0.305211,
        3.218504 -0.394385 0.305211,
        3.277559 -0.422392 0.336013,
        3.218504 -0.422392 0.336013,
        3.277559 -0.445440 0.370683,
        3.218504 -0.445440 0.370683,
        3.277559 -0.463002 0.408430,
        3.218504 -0.463002 0.408430,
        3.277559 -0.474678 0.448390,
        3.218504 -0.474678 0.448390,
        3.277559 -0.480202 0.489654,
        3.218504 -0.480202 0.489654,
        3.277559 -0.479447 0.531279,
        3.218504 -0.479447 0.531279,
        3.218504 -0.428337 1.074908,
        3.277559 -0.428337 1.074908,
        3.218504 -0.455502 1.207228,
        3.277559 -0.455502 1.207228,
        3.218504 -0.356079 1.085231,
        3.277559 -0.356079 1.085231,
        3.218504 -0.382361 1.058948,
        3.277559 -0.382361 1.058948,
        3.612205 -0.400810 0.545021,
        3.671260 -0.400810 0.545021,
        3.612205 -0.398477 0.506938,
        3.671260 -0.398477 0.506938,
        3.612205 -0.388842 0.470021,
        3.671260 -0.388842 0.470021,
        3.612205 -0.372265 0.435656,
        3.671260 -0.372265 0.435656,
        3.612205 -0.349371 0.405134,
        3.671260 -0.349371 0.405134,
        3.612205 -0.321019 0.379602,
        3.671260 -0.321019 0.379602,
        3.612205 -0.288274 0.360019,
        3.671260 -0.288274 0.360019,
        3.612205 -0.079561 0.360019,
        3.671260 -0.079561 0.360019,
        3.612205 -0.079561 1.264519,
        3.671260 -0.079561 1.264519,
        3.612205 0.087114 1.264519,
        3.671260 0.087114 1.264519,
        3.612205 0.087114 1.226997,
        3.671260 0.087114 1.226997,
        3.612205 -0.017467 1.226997,
        3.671260 -0.017467 1.226997,
        3.612205 -0.017467 1.122415,
        3.671260 -0.017467 1.122415,
        3.612205 0.139246 0.965702,
        3.671260 0.139246 0.965702,
        3.612205 0.139246 0.110236,
        3.671260 0.139246 0.110236,
        3.612205 -0.492126 0.110236,
        3.671260 -0.492126 0.110236,
        3.612205 -0.602362 0.000000,
        3.671260 -0.602362 -0.000000,
        3.612205 -0.787402 0.000000,
        3.671260 -0.787402 0.000000,
        3.612205 -0.787402 0.078740,
        3.671260 -0.787402 0.078740,
        3.612205 -0.634978 0.078740,
        3.671260 -0.634978 0.078740,
        3.612205 -0.522997 0.190720,
        3.671260 -0.522997 0.190720,
        3.612205 -0.326147 0.190720,
        3.671260 -0.326147 0.190720,
        3.612205 -0.326147 0.257915,
        3.671260 -0.326147 0.257915,
        3.671260 -0.362057 0.278978,
        3.612205 -0.362057 0.278978,
        3.671260 -0.394385 0.305211,
        3.612205 -0.394385 0.305211,
        3.671260 -0.422392 0.336013,
        3.612205 -0.422392 0.336013,
        3.671260 -0.445440 0.370683,
        3.612205 -0.445440 0.370683,
        3.671260 -0.463002 0.408430,
        3.612205 -0.463002 0.408430,
        3.671260 -0.474678 0.448390,
        3.612205 -0.474678 0.448390,
        3.671260 -0.480202 0.489654,
        3.612205 -0.480202 0.489654,
        3.671260 -0.479447 0.531279,
        3.612205 -0.479447 0.531279,
        3.612205 -0.428337 1.074908,
        3.671260 -0.428337 1.074908,
        3.612205 -0.455502 1.207228,
        3.671260 -0.455502 1.207228,
        3.612205 -0.356079 1.085231,
        3.671260 -0.356079 1.085231,
        3.612205 -0.382361 1.058948,
        3.671260 -0.382361 1.058948,
        -4.212599 0.620079 0.000000,
        -4.055118 0.620079 0.000000,
        -4.212599 0.305118 0.000000,
        -4.055118 0.305118 0.000000,
        -4.246694 0.305118 0.019685,
        -4.240437 0.305118 0.011531,
        -4.161697 0.305118 0.090271,
        -4.055118 0.305118 0.078740,
        -4.133858 0.305118 0.078740,
        -4.144048 0.305118 0.080081,
        -4.153543 0.305118 0.084015,
        -4.222788 0.305118 0.001341,
        -4.232283 0.305118 0.005274,
        -4.250627 0.305118 0.029180,
        -4.167954 0.305118 0.098425,
        -4.251969 0.305118 0.039370,
        -4.171887 0.305118 0.107920,
        -4.251969 0.305118 0.137795,
        -4.173228 0.305118 0.118110,
        -4.173228 0.305118 0.137795,
        -4.251969 -0.442913 0.137795,
        -4.173228 -0.442913 0.137795,
        -4.232283 -0.442913 0.005274,
        -4.240437 -0.442913 0.011531,
        -4.161697 -0.442913 0.090271,
        -4.173228 -0.442913 0.118110,
        -4.251969 -0.442913 0.039370,
        -4.222788 -0.442913 0.001341,
        -4.153543 -0.442913 0.084015,
        -4.212599 -0.442913 0.000000,
        -4.055118 -0.442913 0.078740,
        -4.055118 -0.442913 0.000000,
        -4.133858 -0.442913 0.078740,
        -4.144048 -0.442913 0.080081,
        -4.171887 -0.442913 0.107920,
        -4.167954 -0.442913 0.098425,
        -4.250627 -0.442913 0.029180,
        -4.246694 -0.442913 0.019685,
        -4.212599 -0.757874 0.000000,
        -4.055118 -0.757874 0.000000,
        -4.246694 -0.757874 0.019685,
        -4.240437 -0.757874 0.011531,
        -4.161697 -0.757874 0.090271,
        -4.055118 -0.757874 0.078740,
        -4.133858 -0.757874 0.078740,
        -4.144048 -0.757874 0.080081,
        -4.153543 -0.757874 0.084015,
        -4.222788 -0.757874 0.001341,
        -4.232283 -0.757874 0.005274,
        -4.250627 -0.757874 0.029180,
        -4.167954 -0.757874 0.098425,
        -4.251969 -0.757874 0.039370,
        -4.171887 -0.757874 0.107920,
        -4.251969 -0.757874 0.177165,
        -4.173228 -0.757874 0.118110,
        -4.173228 -0.757874 0.177165,
        -4.251969 -0.600394 0.334646,
        -4.173228 -0.600394 0.334646,
        -4.251969 -0.187008 0.334646,
        -4.173228 -0.187008 0.334646,
        -4.251969 -0.187008 0.688976,
        -4.173228 -0.187008 0.688976,
        -4.251969 -0.295276 0.797244,
        -4.173228 -0.295276 0.797244,
        -4.251969 -0.295276 1.072835,
        -4.173228 -0.295276 1.072835,
        -4.251969 -0.236220 1.072835,
        -4.173228 -0.236220 1.072835,
        -4.251969 -0.177165 1.013780,
        -4.173228 -0.177165 1.013780,
        -4.251969 -0.177165 0.856299,
        -4.173228 -0.177165 0.856299,
        -4.251969 -0.176178 0.847539,
        -4.173228 -0.176178 0.847539,
        -4.251969 -0.173267 0.839217,
        -4.173228 -0.173267 0.839217,
        -4.251969 -0.168576 0.831752,
        -4.173228 -0.168576 0.831752,
        -4.251969 -0.162342 0.825519,
        -4.173228 -0.162342 0.825519,
        -4.251969 -0.154877 0.820828,
        -4.173228 -0.154877 0.820828,
        -4.251969 -0.146556 0.817916,
        -4.173228 -0.146556 0.817916,
        -4.251969 -0.137795 0.816929,
        -4.173228 -0.137795 0.816929,
        -4.251969 -0.000000 0.816929,
        -4.173228 -0.000000 0.816929,
        -4.251969 0.008761 0.817916,
        -4.173228 0.008761 0.817916,
        -4.251969 0.017082 0.820828,
        -4.173228 0.017082 0.820828,
        -4.251969 0.024547 0.825519,
        -4.173228 0.024547 0.825519,
        -4.251969 0.030781 0.831752,
        -4.173228 0.030781 0.831752,
        -4.251969 0.035471 0.839217,
        -4.173228 0.035471 0.839217,
        -4.251969 0.038383 0.847539,
        -4.173228 0.038383 0.847539,
        -4.251969 0.039370 0.856299,
        -4.173228 0.039370 0.856299,
        -4.251969 0.039370 1.013780,
        -4.173228 0.039370 1.013780,
        -4.251969 0.098425 1.072835,
        -4.173228 0.098425 1.072835,
        -4.251969 0.157480 1.072835,
        -4.173228 0.157480 1.072835,
        -4.251969 0.157480 0.797244,
        -4.173228 0.157480 0.797244,
        -4.251969 0.049213 0.688976,
        -4.173228 0.049213 0.688976,
        -4.251969 0.049213 0.334646,
        -4.173228 0.049213 0.334646,
        -4.251969 0.462598 0.334646,
        -4.173228 0.462598 0.334646,
        -4.251969 0.620079 0.177165,
        -4.173228 0.620079 0.177165,
        -4.173228 0.620079 0.118110,
        -4.161697 0.620079 0.090271,
        -4.153543 0.620079 0.084015,
        -4.251969 0.620079 0.039370,
        -4.222788 0.620079 0.001341,
        -4.232283 0.620079 0.005274,
        -4.240437 0.620079 0.011531,
        -4.055118 0.620079 0.078740,
        -4.133858 0.620079 0.078740,
        -4.144048 0.620079 0.080081,
        -4.171887 0.620079 0.107920,
        -4.167954 0.620079 0.098425,
        -4.250627 0.620079 0.029180,
        -4.246694 0.620079 0.019685,
      ]
    }
    coordIndex [
      0, 1, 2, -1,
      2, 1, 3, -1,
      2, 3, 4, -1,
      4, 3, 5, -1,
      4, 5, 6, -1,
      6, 5, 7, -1,
      6, 7, 8, -1,
      8, 7, 9, -1,
      8, 9, 10, -1,
      10, 9, 11, -1,
      10, 11, 12, -1,
      12, 11, 13, -1,
      14, 12, 15, -1,
      15, 12, 13, -1,
      16, 14, 17, -1,
      17, 14, 15, -1,
      18, 16, 19, -1,
      19, 16, 17, -1,
      20, 18, 21, -1,
      21, 18, 19, -1,
      22, 20, 23, -1,
      23, 20, 21, -1,
      24, 22, 25, -1,
      25, 22, 23, -1,
      26, 24, 27, -1,
      27, 24, 25, -1,
      28, 26, 29, -1,
      29, 26, 27, -1,
      30, 28, 31, -1,
      31, 28, 29, -1,
      32, 30, 33, -1,
      33, 30, 31, -1,
      34, 32, 35, -1,
      35, 32, 33, -1,
      36, 34, 37, -1,
      37, 34, 35, -1,
      38, 36, 39, -1,
      39, 36, 37, -1,
      40, 38, 41, -1,
      41, 38, 39, -1,
      42, 40, 43, -1,
      43, 40, 41, -1,
      44, 42, 45, -1,
      45, 42, 43, -1,
      44, 45, 46, -1,
      44, 46, 47, -1,
      47, 46, 48, -1,
      47, 48, 49, -1,
      49, 48, 50, -1,
      49, 50, 51, -1,
      51, 50, 52, -1,
      51, 52, 53, -1,
      53, 52, 54, -1,
      53, 54, 55, -1,
      55, 54, 56, -1,
      55, 56, 57, -1,
      57, 56, 58, -1,
      57, 58, 59, -1,
      59, 58, 60, -1,
      59, 60, 61, -1,
      62, 61, 63, -1,
      63, 61, 60, -1,
      64, 62, 65, -1,
      65, 62, 63, -1,
      66, 64, 67, -1,
      67, 64, 65, -1,
      68, 66, 69, -1,
      69, 66, 67, -1,
      0, 68, 1, -1,
      1, 68, 69, -1,
      24, 26, 28, -1,
      16, 18, 20, -1,
      34, 36, 32, -1,
      32, 36, 38, -1,
      32, 38, 30, -1,
      30, 38, 40, -1,
      30, 40, 42, -1,
      20, 22, 16, -1,
      16, 22, 24, -1,
      16, 24, 14, -1,
      14, 24, 28, -1,
      6, 8, 51, -1,
      51, 8, 49, -1,
      49, 8, 10, -1,
      49, 10, 47, -1,
      47, 10, 12, -1,
      47, 12, 44, -1,
      44, 12, 14, -1,
      44, 14, 42, -1,
      42, 14, 28, -1,
      42, 28, 30, -1,
      64, 66, 62, -1,
      62, 66, 68, -1,
      62, 68, 61, -1,
      61, 68, 0, -1,
      61, 0, 59, -1,
      59, 0, 2, -1,
      59, 2, 57, -1,
      57, 2, 4, -1,
      57, 4, 55, -1,
      55, 4, 6, -1,
      55, 6, 53, -1,
      53, 6, 51, -1,
      21, 19, 23, -1,
      23, 19, 17, -1,
      23, 17, 25, -1,
      25, 17, 15, -1,
      25, 15, 27, -1,
      37, 35, 39, -1,
      39, 35, 33, -1,
      39, 33, 41, -1,
      41, 33, 31, -1,
      41, 31, 43, -1,
      43, 31, 29, -1,
      43, 29, 45, -1,
      11, 46, 13, -1,
      13, 46, 45, -1,
      13, 45, 15, -1,
      15, 45, 29, -1,
      15, 29, 27, -1,
      5, 54, 7, -1,
      7, 54, 52, -1,
      7, 52, 9, -1,
      9, 52, 50, -1,
      9, 50, 11, -1,
      11, 50, 48, -1,
      11, 48, 46, -1,
      67, 65, 69, -1,
      69, 65, 63, -1,
      69, 63, 1, -1,
      1, 63, 60, -1,
      1, 60, 3, -1,
      3, 60, 58, -1,
      3, 58, 5, -1,
      5, 58, 56, -1,
      5, 56, 54, -1,
      70, 71, 72, -1,
      72, 71, 73, -1,
      72, 73, 74, -1,
      74, 73, 75, -1,
      74, 75, 76, -1,
      76, 75, 77, -1,
      76, 77, 78, -1,
      78, 77, 79, -1,
      78, 79, 80, -1,
      80, 79, 81, -1,
      80, 81, 82, -1,
      82, 81, 83, -1,
      84, 82, 85, -1,
      85, 82, 83, -1,
      86, 84, 87, -1,
      87, 84, 85, -1,
      88, 86, 89, -1,
      89, 86, 87, -1,
      90, 88, 91, -1,
      91, 88, 89, -1,
      92, 90, 93, -1,
      93, 90, 91, -1,
      94, 92, 95, -1,
      95, 92, 93, -1,
      96, 94, 97, -1,
      97, 94, 95, -1,
      98, 96, 99, -1,
      99, 96, 97, -1,
      100, 98, 101, -1,
      101, 98, 99, -1,
      102, 100, 103, -1,
      103, 100, 101, -1,
      104, 102, 105, -1,
      105, 102, 103, -1,
      106, 104, 107, -1,
      107, 104, 105, -1,
      108, 106, 109, -1,
      109, 106, 107, -1,
      110, 108, 111, -1,
      111, 108, 109, -1,
      112, 110, 113, -1,
      113, 110, 111, -1,
      114, 112, 115, -1,
      115, 112, 113, -1,
      114, 115, 116, -1,
      114, 116, 117, -1,
      117, 116, 118, -1,
      117, 118, 119, -1,
      119, 118, 120, -1,
      119, 120, 121, -1,
      121, 120, 122, -1,
      121, 122, 123, -1,
      123, 122, 124, -1,
      123, 124, 125, -1,
      125, 124, 126, -1,
      125, 126, 127, -1,
      127, 126, 128, -1,
      127, 128, 129, -1,
      130, 129, 131, -1,
      131, 129, 128, -1,
      132, 130, 133, -1,
      133, 130, 131, -1,
      134, 132, 135, -1,
      135, 132, 133, -1,
      136, 134, 137, -1,
      137, 134, 135, -1,
      70, 136, 71, -1,
      71, 136, 137, -1,
      86, 88, 90, -1,
      94, 96, 98, -1,
      90, 92, 86, -1,
      86, 92, 94, -1,
      86, 94, 84, -1,
      84, 94, 98, -1,
      104, 106, 102, -1,
      102, 106, 108, -1,
      102, 108, 100, -1,
      100, 108, 110, -1,
      100, 110, 98, -1,
      98, 110, 112, -1,
      98, 112, 84, -1,
      84, 112, 114, -1,
      84, 114, 82, -1,
      82, 114, 80, -1,
      132, 134, 130, -1,
      130, 134, 136, -1,
      130, 136, 129, -1,
      129, 136, 70, -1,
      129, 70, 127, -1,
      127, 70, 72, -1,
      127, 72, 125, -1,
      125, 72, 74, -1,
      125, 74, 123, -1,
      123, 74, 76, -1,
      123, 76, 121, -1,
      121, 76, 78, -1,
      121, 78, 119, -1,
      119, 78, 80, -1,
      119, 80, 117, -1,
      117, 80, 114, -1,
      91, 89, 93, -1,
      93, 89, 87, -1,
      93, 87, 95, -1,
      95, 87, 85, -1,
      95, 85, 97, -1,
      99, 113, 111, -1,
      113, 99, 115, -1,
      107, 105, 109, -1,
      109, 105, 103, -1,
      109, 103, 111, -1,
      111, 103, 101, -1,
      111, 101, 99, -1,
      79, 118, 81, -1,
      81, 118, 116, -1,
      81, 116, 83, -1,
      83, 116, 115, -1,
      83, 115, 85, -1,
      85, 115, 99, -1,
      85, 99, 97, -1,
      135, 133, 137, -1,
      137, 133, 131, -1,
      137, 131, 71, -1,
      71, 131, 128, -1,
      71, 128, 73, -1,
      73, 128, 126, -1,
      73, 126, 75, -1,
      75, 126, 124, -1,
      75, 124, 77, -1,
      77, 124, 122, -1,
      77, 122, 79, -1,
      79, 122, 120, -1,
      79, 120, 118, -1,
      138, 139, 140, -1,
      140, 139, 141, -1,
      140, 141, 142, -1,
      142, 141, 143, -1,
      142, 143, 144, -1,
      144, 143, 145, -1,
      144, 145, 146, -1,
      146, 145, 147, -1,
      146, 147, 148, -1,
      148, 147, 149, -1,
      148, 149, 150, -1,
      150, 149, 151, -1,
      152, 150, 153, -1,
      153, 150, 151, -1,
      154, 152, 155, -1,
      155, 152, 153, -1,
      156, 154, 157, -1,
      157, 154, 155, -1,
      158, 156, 159, -1,
      159, 156, 157, -1,
      160, 158, 161, -1,
      161, 158, 159, -1,
      162, 160, 163, -1,
      163, 160, 161, -1,
      164, 162, 165, -1,
      165, 162, 163, -1,
      166, 164, 167, -1,
      167, 164, 165, -1,
      168, 166, 169, -1,
      169, 166, 167, -1,
      170, 168, 171, -1,
      171, 168, 169, -1,
      172, 170, 173, -1,
      173, 170, 171, -1,
      174, 172, 175, -1,
      175, 172, 173, -1,
      176, 174, 177, -1,
      177, 174, 175, -1,
      178, 176, 179, -1,
      179, 176, 177, -1,
      180, 178, 181, -1,
      181, 178, 179, -1,
      182, 180, 183, -1,
      183, 180, 181, -1,
      182, 183, 184, -1,
      182, 184, 185, -1,
      185, 184, 186, -1,
      185, 186, 187, -1,
      187, 186, 188, -1,
      187, 188, 189, -1,
      189, 188, 190, -1,
      189, 190, 191, -1,
      191, 190, 192, -1,
      191, 192, 193, -1,
      193, 192, 194, -1,
      193, 194, 195, -1,
      195, 194, 196, -1,
      195, 196, 197, -1,
      198, 197, 199, -1,
      199, 197, 196, -1,
      200, 198, 201, -1,
      201, 198, 199, -1,
      202, 200, 203, -1,
      203, 200, 201, -1,
      204, 202, 205, -1,
      205, 202, 203, -1,
      138, 204, 139, -1,
      139, 204, 205, -1,
      154, 156, 158, -1,
      162, 164, 166, -1,
      158, 160, 154, -1,
      154, 160, 162, -1,
      154, 162, 152, -1,
      152, 162, 166, -1,
      172, 174, 170, -1,
      170, 174, 176, -1,
      170, 176, 168, -1,
      168, 176, 178, -1,
      168, 178, 166, -1,
      166, 178, 180, -1,
      166, 180, 152, -1,
      152, 180, 182, -1,
      152, 182, 150, -1,
      150, 182, 148, -1,
      200, 202, 198, -1,
      198, 202, 204, -1,
      198, 204, 197, -1,
      197, 204, 138, -1,
      197, 138, 195, -1,
      195, 138, 140, -1,
      195, 140, 193, -1,
      193, 140, 142, -1,
      193, 142, 191, -1,
      191, 142, 144, -1,
      191, 144, 189, -1,
      189, 144, 146, -1,
      189, 146, 187, -1,
      187, 146, 148, -1,
      187, 148, 185, -1,
      185, 148, 182, -1,
      159, 157, 161, -1,
      161, 157, 155, -1,
      161, 155, 163, -1,
      163, 155, 153, -1,
      163, 153, 165, -1,
      167, 181, 179, -1,
      181, 167, 183, -1,
      175, 173, 177, -1,
      177, 173, 171, -1,
      177, 171, 179, -1,
      179, 171, 169, -1,
      179, 169, 167, -1,
      147, 186, 149, -1,
      149, 186, 184, -1,
      149, 184, 151, -1,
      151, 184, 183, -1,
      151, 183, 153, -1,
      153, 183, 167, -1,
      153, 167, 165, -1,
      203, 201, 205, -1,
      205, 201, 199, -1,
      205, 199, 139, -1,
      139, 199, 196, -1,
      139, 196, 141, -1,
      141, 196, 194, -1,
      141, 194, 143, -1,
      143, 194, 192, -1,
      143, 192, 145, -1,
      145, 192, 190, -1,
      145, 190, 147, -1,
      147, 190, 188, -1,
      147, 188, 186, -1,
      206, 207, 208, -1,
      208, 207, 209, -1,
      208, 209, 210, -1,
      210, 209, 211, -1,
      210, 211, 212, -1,
      212, 211, 213, -1,
      212, 213, 214, -1,
      214, 213, 215, -1,
      214, 215, 216, -1,
      216, 215, 217, -1,
      216, 217, 218, -1,
      218, 217, 219, -1,
      220, 218, 221, -1,
      221, 218, 219, -1,
      222, 220, 223, -1,
      223, 220, 221, -1,
      224, 222, 225, -1,
      225, 222, 223, -1,
      226, 224, 227, -1,
      227, 224, 225, -1,
      228, 226, 229, -1,
      229, 226, 227, -1,
      230, 228, 231, -1,
      231, 228, 229, -1,
      232, 230, 233, -1,
      233, 230, 231, -1,
      234, 232, 235, -1,
      235, 232, 233, -1,
      236, 234, 237, -1,
      237, 234, 235, -1,
      238, 236, 239, -1,
      239, 236, 237, -1,
      240, 238, 241, -1,
      241, 238, 239, -1,
      242, 240, 243, -1,
      243, 240, 241, -1,
      244, 242, 245, -1,
      245, 242, 243, -1,
      246, 244, 247, -1,
      247, 244, 245, -1,
      248, 246, 249, -1,
      249, 246, 247, -1,
      250, 248, 251, -1,
      251, 248, 249, -1,
      250, 251, 252, -1,
      250, 252, 253, -1,
      253, 252, 254, -1,
      253, 254, 255, -1,
      255, 254, 256, -1,
      255, 256, 257, -1,
      257, 256, 258, -1,
      257, 258, 259, -1,
      259, 258, 260, -1,
      259, 260, 261, -1,
      261, 260, 262, -1,
      261, 262, 263, -1,
      263, 262, 264, -1,
      263, 264, 265, -1,
      266, 265, 267, -1,
      267, 265, 264, -1,
      268, 266, 269, -1,
      269, 266, 267, -1,
      270, 268, 271, -1,
      271, 268, 269, -1,
      272, 270, 273, -1,
      273, 270, 271, -1,
      206, 272, 207, -1,
      207, 272, 273, -1,
      222, 224, 226, -1,
      230, 232, 234, -1,
      226, 228, 222, -1,
      222, 228, 230, -1,
      222, 230, 220, -1,
      220, 230, 234, -1,
      240, 242, 238, -1,
      238, 242, 244, -1,
      238, 244, 236, -1,
      236, 244, 246, -1,
      236, 246, 234, -1,
      234, 246, 248, -1,
      234, 248, 220, -1,
      220, 248, 250, -1,
      220, 250, 218, -1,
      218, 250, 216, -1,
      268, 270, 266, -1,
      266, 270, 272, -1,
      266, 272, 265, -1,
      265, 272, 206, -1,
      265, 206, 263, -1,
      263, 206, 208, -1,
      263, 208, 261, -1,
      261, 208, 210, -1,
      261, 210, 259, -1,
      259, 210, 212, -1,
      259, 212, 257, -1,
      257, 212, 214, -1,
      257, 214, 255, -1,
      255, 214, 216, -1,
      255, 216, 253, -1,
      253, 216, 250, -1,
      227, 225, 229, -1,
      229, 225, 223, -1,
      229, 223, 231, -1,
      231, 223, 221, -1,
      231, 221, 233, -1,
      235, 249, 247, -1,
      249, 235, 251, -1,
      243, 241, 245, -1,
      245, 241, 239, -1,
      245, 239, 247, -1,
      247, 239, 237, -1,
      247, 237, 235, -1,
      215, 254, 217, -1,
      217, 254, 252, -1,
      217, 252, 219, -1,
      219, 252, 251, -1,
      219, 251, 221, -1,
      221, 251, 235, -1,
      221, 235, 233, -1,
      271, 269, 273, -1,
      273, 269, 267, -1,
      273, 267, 207, -1,
      207, 267, 264, -1,
      207, 264, 209, -1,
      209, 264, 262, -1,
      209, 262, 211, -1,
      211, 262, 260, -1,
      211, 260, 213, -1,
      213, 260, 258, -1,
      213, 258, 215, -1,
      215, 258, 256, -1,
      215, 256, 254, -1,
      274, 275, 276, -1,
      276, 275, 277, -1,
      276, 277, 278, -1,
      278, 277, 279, -1,
      278, 279, 280, -1,
      280, 279, 281, -1,
      280, 281, 282, -1,
      282, 281, 283, -1,
      282, 283, 284, -1,
      284, 283, 285, -1,
      284, 285, 286, -1,
      286, 285, 287, -1,
      288, 286, 289, -1,
      289, 286, 287, -1,
      290, 288, 291, -1,
      291, 288, 289, -1,
      292, 290, 293, -1,
      293, 290, 291, -1,
      294, 292, 295, -1,
      295, 292, 293, -1,
      296, 294, 297, -1,
      297, 294, 295, -1,
      298, 296, 299, -1,
      299, 296, 297, -1,
      300, 298, 301, -1,
      301, 298, 299, -1,
      302, 300, 303, -1,
      303, 300, 301, -1,
      304, 302, 305, -1,
      305, 302, 303, -1,
      306, 304, 307, -1,
      307, 304, 305, -1,
      308, 306, 309, -1,
      309, 306, 307, -1,
      310, 308, 311, -1,
      311, 308, 309, -1,
      312, 310, 313, -1,
      313, 310, 311, -1,
      314, 312, 315, -1,
      315, 312, 313, -1,
      316, 314, 317, -1,
      317, 314, 315, -1,
      318, 316, 319, -1,
      319, 316, 317, -1,
      318, 319, 320, -1,
      318, 320, 321, -1,
      321, 320, 322, -1,
      321, 322, 323, -1,
      323, 322, 324, -1,
      323, 324, 325, -1,
      325, 324, 326, -1,
      325, 326, 327, -1,
      327, 326, 328, -1,
      327, 328, 329, -1,
      329, 328, 330, -1,
      329, 330, 331, -1,
      331, 330, 332, -1,
      331, 332, 333, -1,
      334, 333, 335, -1,
      335, 333, 332, -1,
      336, 334, 337, -1,
      337, 334, 335, -1,
      338, 336, 339, -1,
      339, 336, 337, -1,
      340, 338, 341, -1,
      341, 338, 339, -1,
      274, 340, 275, -1,
      275, 340, 341, -1,
      290, 292, 294, -1,
      298, 300, 302, -1,
      294, 296, 290, -1,
      290, 296, 298, -1,
      290, 298, 288, -1,
      288, 298, 302, -1,
      308, 310, 306, -1,
      306, 310, 312, -1,
      306, 312, 304, -1,
      304, 312, 314, -1,
      304, 314, 302, -1,
      302, 314, 316, -1,
      302, 316, 288, -1,
      288, 316, 318, -1,
      288, 318, 286, -1,
      286, 318, 284, -1,
      336, 338, 334, -1,
      334, 338, 340, -1,
      334, 340, 333, -1,
      333, 340, 274, -1,
      333, 274, 331, -1,
      331, 274, 276, -1,
      331, 276, 329, -1,
      329, 276, 278, -1,
      329, 278, 327, -1,
      327, 278, 280, -1,
      327, 280, 325, -1,
      325, 280, 282, -1,
      325, 282, 323, -1,
      323, 282, 284, -1,
      323, 284, 321, -1,
      321, 284, 318, -1,
      295, 293, 297, -1,
      297, 293, 291, -1,
      297, 291, 299, -1,
      299, 291, 289, -1,
      299, 289, 301, -1,
      303, 317, 315, -1,
      317, 303, 319, -1,
      311, 309, 313, -1,
      313, 309, 307, -1,
      313, 307, 315, -1,
      315, 307, 305, -1,
      315, 305, 303, -1,
      283, 322, 285, -1,
      285, 322, 320, -1,
      285, 320, 287, -1,
      287, 320, 319, -1,
      287, 319, 289, -1,
      289, 319, 303, -1,
      289, 303, 301, -1,
      339, 337, 341, -1,
      341, 337, 335, -1,
      341, 335, 275, -1,
      275, 335, 332, -1,
      275, 332, 277, -1,
      277, 332, 330, -1,
      277, 330, 279, -1,
      279, 330, 328, -1,
      279, 328, 281, -1,
      281, 328, 326, -1,
      281, 326, 283, -1,
      283, 326, 324, -1,
      283, 324, 322, -1,
      342, 343, 344, -1,
      344, 343, 345, -1,
      344, 345, 346, -1,
      346, 345, 347, -1,
      346, 347, 348, -1,
      348, 347, 349, -1,
      348, 349, 350, -1,
      350, 349, 351, -1,
      350, 351, 352, -1,
      352, 351, 353, -1,
      352, 353, 354, -1,
      354, 353, 355, -1,
      356, 354, 357, -1,
      357, 354, 355, -1,
      358, 356, 359, -1,
      359, 356, 357, -1,
      360, 358, 361, -1,
      361, 358, 359, -1,
      362, 360, 363, -1,
      363, 360, 361, -1,
      364, 362, 365, -1,
      365, 362, 363, -1,
      366, 364, 367, -1,
      367, 364, 365, -1,
      368, 366, 369, -1,
      369, 366, 367, -1,
      370, 368, 371, -1,
      371, 368, 369, -1,
      372, 370, 373, -1,
      373, 370, 371, -1,
      374, 372, 375, -1,
      375, 372, 373, -1,
      376, 374, 377, -1,
      377, 374, 375, -1,
      378, 376, 379, -1,
      379, 376, 377, -1,
      380, 378, 381, -1,
      381, 378, 379, -1,
      382, 380, 383, -1,
      383, 380, 381, -1,
      384, 382, 385, -1,
      385, 382, 383, -1,
      386, 384, 387, -1,
      387, 384, 385, -1,
      386, 387, 388, -1,
      386, 388, 389, -1,
      389, 388, 390, -1,
      389, 390, 391, -1,
      391, 390, 392, -1,
      391, 392, 393, -1,
      393, 392, 394, -1,
      393, 394, 395, -1,
      395, 394, 396, -1,
      395, 396, 397, -1,
      397, 396, 398, -1,
      397, 398, 399, -1,
      399, 398, 400, -1,
      399, 400, 401, -1,
      402, 401, 403, -1,
      403, 401, 400, -1,
      404, 402, 405, -1,
      405, 402, 403, -1,
      406, 404, 407, -1,
      407, 404, 405, -1,
      408, 406, 409, -1,
      409, 406, 407, -1,
      342, 408, 343, -1,
      343, 408, 409, -1,
      358, 360, 362, -1,
      366, 368, 370, -1,
      362, 364, 358, -1,
      358, 364, 366, -1,
      358, 366, 356, -1,
      356, 366, 370, -1,
      376, 378, 374, -1,
      374, 378, 380, -1,
      374, 380, 372, -1,
      372, 380, 382, -1,
      372, 382, 370, -1,
      370, 382, 384, -1,
      370, 384, 356, -1,
      356, 384, 386, -1,
      356, 386, 354, -1,
      354, 386, 352, -1,
      404, 406, 402, -1,
      402, 406, 408, -1,
      402, 408, 401, -1,
      401, 408, 342, -1,
      401, 342, 399, -1,
      399, 342, 344, -1,
      399, 344, 397, -1,
      397, 344, 346, -1,
      397, 346, 395, -1,
      395, 346, 348, -1,
      395, 348, 393, -1,
      393, 348, 350, -1,
      393, 350, 391, -1,
      391, 350, 352, -1,
      391, 352, 389, -1,
      389, 352, 386, -1,
      363, 361, 365, -1,
      365, 361, 359, -1,
      365, 359, 367, -1,
      367, 359, 357, -1,
      367, 357, 369, -1,
      371, 385, 383, -1,
      385, 371, 387, -1,
      379, 377, 381, -1,
      381, 377, 375, -1,
      381, 375, 383, -1,
      383, 375, 373, -1,
      383, 373, 371, -1,
      351, 390, 353, -1,
      353, 390, 388, -1,
      353, 388, 355, -1,
      355, 388, 387, -1,
      355, 387, 357, -1,
      357, 387, 371, -1,
      357, 371, 369, -1,
      407, 405, 409, -1,
      409, 405, 403, -1,
      409, 403, 343, -1,
      343, 403, 400, -1,
      343, 400, 345, -1,
      345, 400, 398, -1,
      345, 398, 347, -1,
      347, 398, 396, -1,
      347, 396, 349, -1,
      349, 396, 394, -1,
      349, 394, 351, -1,
      351, 394, 392, -1,
      351, 392, 390, -1,
      410, 411, 412, -1,
      412, 411, 413, -1,
      412, 413, 414, -1,
      414, 413, 415, -1,
      414, 415, 416, -1,
      416, 415, 417, -1,
      416, 417, 418, -1,
      418, 417, 419, -1,
      418, 419, 420, -1,
      420, 419, 421, -1,
      420, 421, 422, -1,
      422, 421, 423, -1,
      424, 422, 425, -1,
      425, 422, 423, -1,
      426, 424, 427, -1,
      427, 424, 425, -1,
      428, 426, 429, -1,
      429, 426, 427, -1,
      430, 428, 431, -1,
      431, 428, 429, -1,
      432, 430, 433, -1,
      433, 430, 431, -1,
      434, 432, 435, -1,
      435, 432, 433, -1,
      436, 434, 437, -1,
      437, 434, 435, -1,
      438, 436, 439, -1,
      439, 436, 437, -1,
      440, 438, 441, -1,
      441, 438, 439, -1,
      442, 440, 443, -1,
      443, 440, 441, -1,
      444, 442, 445, -1,
      445, 442, 443, -1,
      446, 444, 447, -1,
      447, 444, 445, -1,
      448, 446, 449, -1,
      449, 446, 447, -1,
      450, 448, 451, -1,
      451, 448, 449, -1,
      452, 450, 453, -1,
      453, 450, 451, -1,
      454, 452, 455, -1,
      455, 452, 453, -1,
      454, 455, 456, -1,
      454, 456, 457, -1,
      457, 456, 458, -1,
      457, 458, 459, -1,
      459, 458, 460, -1,
      459, 460, 461, -1,
      461, 460, 462, -1,
      461, 462, 463, -1,
      463, 462, 464, -1,
      463, 464, 465, -1,
      465, 464, 466, -1,
      465, 466, 467, -1,
      467, 466, 468, -1,
      467, 468, 469, -1,
      470, 469, 471, -1,
      471, 469, 468, -1,
      472, 470, 473, -1,
      473, 470, 471, -1,
      474, 472, 475, -1,
      475, 472, 473, -1,
      476, 474, 477, -1,
      477, 474, 475, -1,
      410, 476, 411, -1,
      411, 476, 477, -1,
      426, 428, 430, -1,
      434, 436, 438, -1,
      430, 432, 426, -1,
      426, 432, 434, -1,
      426, 434, 424, -1,
      424, 434, 438, -1,
      444, 446, 442, -1,
      442, 446, 448, -1,
      442, 448, 440, -1,
      440, 448, 450, -1,
      440, 450, 438, -1,
      438, 450, 452, -1,
      438, 452, 424, -1,
      424, 452, 454, -1,
      424, 454, 422, -1,
      422, 454, 420, -1,
      472, 474, 470, -1,
      470, 474, 476, -1,
      470, 476, 469, -1,
      469, 476, 410, -1,
      469, 410, 467, -1,
      467, 410, 412, -1,
      467, 412, 465, -1,
      465, 412, 414, -1,
      465, 414, 463, -1,
      463, 414, 416, -1,
      463, 416, 461, -1,
      461, 416, 418, -1,
      461, 418, 459, -1,
      459, 418, 420, -1,
      459, 420, 457, -1,
      457, 420, 454, -1,
      431, 429, 433, -1,
      433, 429, 427, -1,
      433, 427, 435, -1,
      435, 427, 425, -1,
      435, 425, 437, -1,
      439, 453, 451, -1,
      453, 439, 455, -1,
      447, 445, 449, -1,
      449, 445, 443, -1,
      449, 443, 451, -1,
      451, 443, 441, -1,
      451, 441, 439, -1,
      419, 458, 421, -1,
      421, 458, 456, -1,
      421, 456, 423, -1,
      423, 456, 455, -1,
      423, 455, 425, -1,
      425, 455, 439, -1,
      425, 439, 437, -1,
      475, 473, 477, -1,
      477, 473, 471, -1,
      477, 471, 411, -1,
      411, 471, 468, -1,
      411, 468, 413, -1,
      413, 468, 466, -1,
      413, 466, 415, -1,
      415, 466, 464, -1,
      415, 464, 417, -1,
      417, 464, 462, -1,
      417, 462, 419, -1,
      419, 462, 460, -1,
      419, 460, 458, -1,
      478, 479, 480, -1,
      480, 479, 481, -1,
      480, 481, 482, -1,
      482, 481, 483, -1,
      482, 483, 484, -1,
      484, 483, 485, -1,
      484, 485, 486, -1,
      486, 485, 487, -1,
      486, 487, 488, -1,
      488, 487, 489, -1,
      488, 489, 490, -1,
      490, 489, 491, -1,
      492, 490, 493, -1,
      493, 490, 491, -1,
      494, 492, 495, -1,
      495, 492, 493, -1,
      496, 494, 497, -1,
      497, 494, 495, -1,
      498, 496, 499, -1,
      499, 496, 497, -1,
      500, 498, 501, -1,
      501, 498, 499, -1,
      502, 500, 503, -1,
      503, 500, 501, -1,
      504, 502, 505, -1,
      505, 502, 503, -1,
      506, 504, 507, -1,
      507, 504, 505, -1,
      508, 506, 509, -1,
      509, 506, 507, -1,
      510, 508, 511, -1,
      511, 508, 509, -1,
      512, 510, 513, -1,
      513, 510, 511, -1,
      514, 512, 515, -1,
      515, 512, 513, -1,
      516, 514, 517, -1,
      517, 514, 515, -1,
      518, 516, 519, -1,
      519, 516, 517, -1,
      520, 518, 521, -1,
      521, 518, 519, -1,
      522, 520, 523, -1,
      523, 520, 521, -1,
      522, 523, 524, -1,
      522, 524, 525, -1,
      525, 524, 526, -1,
      525, 526, 527, -1,
      527, 526, 528, -1,
      527, 528, 529, -1,
      529, 528, 530, -1,
      529, 530, 531, -1,
      531, 530, 532, -1,
      531, 532, 533, -1,
      533, 532, 534, -1,
      533, 534, 535, -1,
      535, 534, 536, -1,
      535, 536, 537, -1,
      538, 537, 539, -1,
      539, 537, 536, -1,
      540, 538, 541, -1,
      541, 538, 539, -1,
      542, 540, 543, -1,
      543, 540, 541, -1,
      544, 542, 545, -1,
      545, 542, 543, -1,
      478, 544, 479, -1,
      479, 544, 545, -1,
      494, 496, 498, -1,
      502, 504, 506, -1,
      498, 500, 494, -1,
      494, 500, 502, -1,
      494, 502, 492, -1,
      492, 502, 506, -1,
      512, 514, 510, -1,
      510, 514, 516, -1,
      510, 516, 508, -1,
      508, 516, 518, -1,
      508, 518, 506, -1,
      506, 518, 520, -1,
      506, 520, 492, -1,
      492, 520, 522, -1,
      492, 522, 490, -1,
      490, 522, 488, -1,
      540, 542, 538, -1,
      538, 542, 544, -1,
      538, 544, 537, -1,
      537, 544, 478, -1,
      537, 478, 535, -1,
      535, 478, 480, -1,
      535, 480, 533, -1,
      533, 480, 482, -1,
      533, 482, 531, -1,
      531, 482, 484, -1,
      531, 484, 529, -1,
      529, 484, 486, -1,
      529, 486, 527, -1,
      527, 486, 488, -1,
      527, 488, 525, -1,
      525, 488, 522, -1,
      499, 497, 501, -1,
      501, 497, 495, -1,
      501, 495, 503, -1,
      503, 495, 493, -1,
      503, 493, 505, -1,
      507, 521, 519, -1,
      521, 507, 523, -1,
      515, 513, 517, -1,
      517, 513, 511, -1,
      517, 511, 519, -1,
      519, 511, 509, -1,
      519, 509, 507, -1,
      487, 526, 489, -1,
      489, 526, 524, -1,
      489, 524, 491, -1,
      491, 524, 523, -1,
      491, 523, 493, -1,
      493, 523, 507, -1,
      493, 507, 505, -1,
      543, 541, 545, -1,
      545, 541, 539, -1,
      545, 539, 479, -1,
      479, 539, 536, -1,
      479, 536, 481, -1,
      481, 536, 534, -1,
      481, 534, 483, -1,
      483, 534, 532, -1,
      483, 532, 485, -1,
      485, 532, 530, -1,
      485, 530, 487, -1,
      487, 530, 528, -1,
      487, 528, 526, -1,
      546, 547, 548, -1,
      548, 547, 549, -1,
      548, 549, 550, -1,
      550, 549, 551, -1,
      550, 551, 552, -1,
      552, 551, 553, -1,
      552, 553, 554, -1,
      554, 553, 555, -1,
      554, 555, 556, -1,
      556, 555, 557, -1,
      556, 557, 558, -1,
      558, 557, 559, -1,
      560, 558, 561, -1,
      561, 558, 559, -1,
      562, 560, 563, -1,
      563, 560, 561, -1,
      564, 562, 565, -1,
      565, 562, 563, -1,
      566, 564, 567, -1,
      567, 564, 565, -1,
      568, 566, 569, -1,
      569, 566, 567, -1,
      570, 568, 571, -1,
      571, 568, 569, -1,
      572, 570, 573, -1,
      573, 570, 571, -1,
      574, 572, 575, -1,
      575, 572, 573, -1,
      576, 574, 577, -1,
      577, 574, 575, -1,
      578, 576, 579, -1,
      579, 576, 577, -1,
      580, 578, 581, -1,
      581, 578, 579, -1,
      582, 580, 583, -1,
      583, 580, 581, -1,
      584, 582, 585, -1,
      585, 582, 583, -1,
      586, 584, 587, -1,
      587, 584, 585, -1,
      588, 586, 589, -1,
      589, 586, 587, -1,
      590, 588, 591, -1,
      591, 588, 589, -1,
      590, 591, 592, -1,
      590, 592, 593, -1,
      593, 592, 594, -1,
      593, 594, 595, -1,
      595, 594, 596, -1,
      595, 596, 597, -1,
      597, 596, 598, -1,
      597, 598, 599, -1,
      599, 598, 600, -1,
      599, 600, 601, -1,
      601, 600, 602, -1,
      601, 602, 603, -1,
      603, 602, 604, -1,
      603, 604, 605, -1,
      606, 605, 607, -1,
      607, 605, 604, -1,
      608, 606, 609, -1,
      609, 606, 607, -1,
      610, 608, 611, -1,
      611, 608, 609, -1,
      612, 610, 613, -1,
      613, 610, 611, -1,
      546, 612, 547, -1,
      547, 612, 613, -1,
      562, 564, 566, -1,
      570, 572, 574, -1,
      566, 568, 562, -1,
      562, 568, 570, -1,
      562, 570, 560, -1,
      560, 570, 574, -1,
      580, 582, 578, -1,
      578, 582, 584, -1,
      578, 584, 576, -1,
      576, 584, 586, -1,
      576, 586, 574, -1,
      574, 586, 588, -1,
      574, 588, 560, -1,
      560, 588, 590, -1,
      560, 590, 558, -1,
      558, 590, 556, -1,
      608, 610, 606, -1,
      606, 610, 612, -1,
      606, 612, 605, -1,
      605, 612, 546, -1,
      605, 546, 603, -1,
      603, 546, 548, -1,
      603, 548, 601, -1,
      601, 548, 550, -1,
      601, 550, 599, -1,
      599, 550, 552, -1,
      599, 552, 597, -1,
      597, 552, 554, -1,
      597, 554, 595, -1,
      595, 554, 556, -1,
      595, 556, 593, -1,
      593, 556, 590, -1,
      567, 565, 569, -1,
      569, 565, 563, -1,
      569, 563, 571, -1,
      571, 563, 561, -1,
      571, 561, 573, -1,
      575, 589, 587, -1,
      589, 575, 591, -1,
      583, 581, 585, -1,
      585, 581, 579, -1,
      585, 579, 587, -1,
      587, 579, 577, -1,
      587, 577, 575, -1,
      555, 594, 557, -1,
      557, 594, 592, -1,
      557, 592, 559, -1,
      559, 592, 591, -1,
      559, 591, 561, -1,
      561, 591, 575, -1,
      561, 575, 573, -1,
      611, 609, 613, -1,
      613, 609, 607, -1,
      613, 607, 547, -1,
      547, 607, 604, -1,
      547, 604, 549, -1,
      549, 604, 602, -1,
      549, 602, 551, -1,
      551, 602, 600, -1,
      551, 600, 553, -1,
      553, 600, 598, -1,
      553, 598, 555, -1,
      555, 598, 596, -1,
      555, 596, 594, -1,
      614, 615, 616, -1,
      616, 615, 617, -1,
      616, 617, 618, -1,
      618, 617, 619, -1,
      618, 619, 620, -1,
      620, 619, 621, -1,
      620, 621, 622, -1,
      622, 621, 623, -1,
      622, 623, 624, -1,
      624, 623, 625, -1,
      624, 625, 626, -1,
      626, 625, 627, -1,
      628, 626, 629, -1,
      629, 626, 627, -1,
      630, 628, 631, -1,
      631, 628, 629, -1,
      632, 630, 633, -1,
      633, 630, 631, -1,
      634, 632, 635, -1,
      635, 632, 633, -1,
      636, 634, 637, -1,
      637, 634, 635, -1,
      638, 636, 639, -1,
      639, 636, 637, -1,
      640, 638, 641, -1,
      641, 638, 639, -1,
      642, 640, 643, -1,
      643, 640, 641, -1,
      644, 642, 645, -1,
      645, 642, 643, -1,
      646, 644, 647, -1,
      647, 644, 645, -1,
      648, 646, 649, -1,
      649, 646, 647, -1,
      650, 648, 651, -1,
      651, 648, 649, -1,
      652, 650, 653, -1,
      653, 650, 651, -1,
      654, 652, 655, -1,
      655, 652, 653, -1,
      656, 654, 657, -1,
      657, 654, 655, -1,
      658, 656, 659, -1,
      659, 656, 657, -1,
      658, 659, 660, -1,
      658, 660, 661, -1,
      661, 660, 662, -1,
      661, 662, 663, -1,
      663, 662, 664, -1,
      663, 664, 665, -1,
      665, 664, 666, -1,
      665, 666, 667, -1,
      667, 666, 668, -1,
      667, 668, 669, -1,
      669, 668, 670, -1,
      669, 670, 671, -1,
      671, 670, 672, -1,
      671, 672, 673, -1,
      674, 673, 675, -1,
      675, 673, 672, -1,
      676, 674, 677, -1,
      677, 674, 675, -1,
      678, 676, 679, -1,
      679, 676, 677, -1,
      680, 678, 681, -1,
      681, 678, 679, -1,
      614, 680, 615, -1,
      615, 680, 681, -1,
      630, 632, 634, -1,
      638, 640, 642, -1,
      634, 636, 630, -1,
      630, 636, 638, -1,
      630, 638, 628, -1,
      628, 638, 642, -1,
      648, 650, 646, -1,
      646, 650, 652, -1,
      646, 652, 644, -1,
      644, 652, 654, -1,
      644, 654, 642, -1,
      642, 654, 656, -1,
      642, 656, 628, -1,
      628, 656, 658, -1,
      628, 658, 626, -1,
      626, 658, 624, -1,
      676, 678, 674, -1,
      674, 678, 680, -1,
      674, 680, 673, -1,
      673, 680, 614, -1,
      673, 614, 671, -1,
      671, 614, 616, -1,
      671, 616, 669, -1,
      669, 616, 618, -1,
      669, 618, 667, -1,
      667, 618, 620, -1,
      667, 620, 665, -1,
      665, 620, 622, -1,
      665, 622, 663, -1,
      663, 622, 624, -1,
      663, 624, 661, -1,
      661, 624, 658, -1,
      635, 633, 637, -1,
      637, 633, 631, -1,
      637, 631, 639, -1,
      639, 631, 629, -1,
      639, 629, 641, -1,
      643, 657, 655, -1,
      657, 643, 659, -1,
      651, 649, 653, -1,
      653, 649, 647, -1,
      653, 647, 655, -1,
      655, 647, 645, -1,
      655, 645, 643, -1,
      623, 662, 625, -1,
      625, 662, 660, -1,
      625, 660, 627, -1,
      627, 660, 659, -1,
      627, 659, 629, -1,
      629, 659, 643, -1,
      629, 643, 641, -1,
      679, 677, 681, -1,
      681, 677, 675, -1,
      681, 675, 615, -1,
      615, 675, 672, -1,
      615, 672, 617, -1,
      617, 672, 670, -1,
      617, 670, 619, -1,
      619, 670, 668, -1,
      619, 668, 621, -1,
      621, 668, 666, -1,
      621, 666, 623, -1,
      623, 666, 664, -1,
      623, 664, 662, -1,
      682, 683, 684, -1,
      684, 683, 685, -1,
      684, 685, 686, -1,
      686, 685, 687, -1,
      686, 687, 688, -1,
      688, 687, 689, -1,
      688, 689, 690, -1,
      690, 689, 691, -1,
      690, 691, 692, -1,
      692, 691, 693, -1,
      692, 693, 694, -1,
      694, 693, 695, -1,
      696, 694, 697, -1,
      697, 694, 695, -1,
      698, 696, 699, -1,
      699, 696, 697, -1,
      700, 698, 701, -1,
      701, 698, 699, -1,
      702, 700, 703, -1,
      703, 700, 701, -1,
      704, 702, 705, -1,
      705, 702, 703, -1,
      706, 704, 707, -1,
      707, 704, 705, -1,
      708, 706, 709, -1,
      709, 706, 707, -1,
      710, 708, 711, -1,
      711, 708, 709, -1,
      712, 710, 713, -1,
      713, 710, 711, -1,
      714, 712, 715, -1,
      715, 712, 713, -1,
      716, 714, 717, -1,
      717, 714, 715, -1,
      718, 716, 719, -1,
      719, 716, 717, -1,
      720, 718, 721, -1,
      721, 718, 719, -1,
      722, 720, 723, -1,
      723, 720, 721, -1,
      724, 722, 725, -1,
      725, 722, 723, -1,
      726, 724, 727, -1,
      727, 724, 725, -1,
      726, 727, 728, -1,
      726, 728, 729, -1,
      729, 728, 730, -1,
      729, 730, 731, -1,
      731, 730, 732, -1,
      731, 732, 733, -1,
      733, 732, 734, -1,
      733, 734, 735, -1,
      735, 734, 736, -1,
      735, 736, 737, -1,
      737, 736, 738, -1,
      737, 738, 739, -1,
      739, 738, 740, -1,
      739, 740, 741, -1,
      742, 741, 743, -1,
      743, 741, 740, -1,
      744, 742, 745, -1,
      745, 742, 743, -1,
      746, 744, 747, -1,
      747, 744, 745, -1,
      748, 746, 749, -1,
      749, 746, 747, -1,
      682, 748, 683, -1,
      683, 748, 749, -1,
      698, 700, 702, -1,
      706, 708, 710, -1,
      702, 704, 698, -1,
      698, 704, 706, -1,
      698, 706, 696, -1,
      696, 706, 710, -1,
      716, 718, 714, -1,
      714, 718, 720, -1,
      714, 720, 712, -1,
      712, 720, 722, -1,
      712, 722, 710, -1,
      710, 722, 724, -1,
      710, 724, 696, -1,
      696, 724, 726, -1,
      696, 726, 694, -1,
      694, 726, 692, -1,
      744, 746, 742, -1,
      742, 746, 748, -1,
      742, 748, 741, -1,
      741, 748, 682, -1,
      741, 682, 739, -1,
      739, 682, 684, -1,
      739, 684, 737, -1,
      737, 684, 686, -1,
      737, 686, 735, -1,
      735, 686, 688, -1,
      735, 688, 733, -1,
      733, 688, 690, -1,
      733, 690, 731, -1,
      731, 690, 692, -1,
      731, 692, 729, -1,
      729, 692, 726, -1,
      703, 701, 705, -1,
      705, 701, 699, -1,
      705, 699, 707, -1,
      707, 699, 697, -1,
      707, 697, 709, -1,
      711, 725, 723, -1,
      725, 711, 727, -1,
      719, 717, 721, -1,
      721, 717, 715, -1,
      721, 715, 723, -1,
      723, 715, 713, -1,
      723, 713, 711, -1,
      691, 730, 693, -1,
      693, 730, 728, -1,
      693, 728, 695, -1,
      695, 728, 727, -1,
      695, 727, 697, -1,
      697, 727, 711, -1,
      697, 711, 709, -1,
      747, 745, 749, -1,
      749, 745, 743, -1,
      749, 743, 683, -1,
      683, 743, 740, -1,
      683, 740, 685, -1,
      685, 740, 738, -1,
      685, 738, 687, -1,
      687, 738, 736, -1,
      687, 736, 689, -1,
      689, 736, 734, -1,
      689, 734, 691, -1,
      691, 734, 732, -1,
      691, 732, 730, -1,
      750, 751, 752, -1,
      752, 751, 753, -1,
      752, 753, 754, -1,
      754, 753, 755, -1,
      754, 755, 756, -1,
      756, 755, 757, -1,
      756, 757, 758, -1,
      758, 757, 759, -1,
      758, 759, 760, -1,
      760, 759, 761, -1,
      760, 761, 762, -1,
      762, 761, 763, -1,
      764, 762, 765, -1,
      765, 762, 763, -1,
      766, 764, 767, -1,
      767, 764, 765, -1,
      768, 766, 769, -1,
      769, 766, 767, -1,
      770, 768, 771, -1,
      771, 768, 769, -1,
      772, 770, 773, -1,
      773, 770, 771, -1,
      774, 772, 775, -1,
      775, 772, 773, -1,
      776, 774, 777, -1,
      777, 774, 775, -1,
      778, 776, 779, -1,
      779, 776, 777, -1,
      780, 778, 781, -1,
      781, 778, 779, -1,
      782, 780, 783, -1,
      783, 780, 781, -1,
      784, 782, 785, -1,
      785, 782, 783, -1,
      786, 784, 787, -1,
      787, 784, 785, -1,
      788, 786, 789, -1,
      789, 786, 787, -1,
      790, 788, 791, -1,
      791, 788, 789, -1,
      792, 790, 793, -1,
      793, 790, 791, -1,
      794, 792, 795, -1,
      795, 792, 793, -1,
      794, 795, 796, -1,
      794, 796, 797, -1,
      797, 796, 798, -1,
      797, 798, 799, -1,
      799, 798, 800, -1,
      799, 800, 801, -1,
      801, 800, 802, -1,
      801, 802, 803, -1,
      803, 802, 804, -1,
      803, 804, 805, -1,
      805, 804, 806, -1,
      805, 806, 807, -1,
      807, 806, 808, -1,
      807, 808, 809, -1,
      810, 809, 811, -1,
      811, 809, 808, -1,
      812, 810, 813, -1,
      813, 810, 811, -1,
      814, 812, 815, -1,
      815, 812, 813, -1,
      816, 814, 817, -1,
      817, 814, 815, -1,
      750, 816, 751, -1,
      751, 816, 817, -1,
      766, 768, 770, -1,
      774, 776, 778, -1,
      770, 772, 766, -1,
      766, 772, 774, -1,
      766, 774, 764, -1,
      764, 774, 778, -1,
      784, 786, 782, -1,
      782, 786, 788, -1,
      782, 788, 780, -1,
      780, 788, 790, -1,
      780, 790, 778, -1,
      778, 790, 792, -1,
      778, 792, 764, -1,
      764, 792, 794, -1,
      764, 794, 762, -1,
      762, 794, 760, -1,
      812, 814, 810, -1,
      810, 814, 816, -1,
      810, 816, 809, -1,
      809, 816, 750, -1,
      809, 750, 807, -1,
      807, 750, 752, -1,
      807, 752, 805, -1,
      805, 752, 754, -1,
      805, 754, 803, -1,
      803, 754, 756, -1,
      803, 756, 801, -1,
      801, 756, 758, -1,
      801, 758, 799, -1,
      799, 758, 760, -1,
      799, 760, 797, -1,
      797, 760, 794, -1,
      771, 769, 773, -1,
      773, 769, 767, -1,
      773, 767, 775, -1,
      775, 767, 765, -1,
      775, 765, 777, -1,
      779, 793, 791, -1,
      793, 779, 795, -1,
      787, 785, 789, -1,
      789, 785, 783, -1,
      789, 783, 791, -1,
      791, 783, 781, -1,
      791, 781, 779, -1,
      759, 798, 761, -1,
      761, 798, 796, -1,
      761, 796, 763, -1,
      763, 796, 795, -1,
      763, 795, 765, -1,
      765, 795, 779, -1,
      765, 779, 777, -1,
      815, 813, 817, -1,
      817, 813, 811, -1,
      817, 811, 751, -1,
      751, 811, 808, -1,
      751, 808, 753, -1,
      753, 808, 806, -1,
      753, 806, 755, -1,
      755, 806, 804, -1,
      755, 804, 757, -1,
      757, 804, 802, -1,
      757, 802, 759, -1,
      759, 802, 800, -1,
      759, 800, 798, -1,
      818, 819, 820, -1,
      820, 819, 821, -1,
      820, 821, 822, -1,
      822, 821, 823, -1,
      822, 823, 824, -1,
      824, 823, 825, -1,
      824, 825, 826, -1,
      826, 825, 827, -1,
      826, 827, 828, -1,
      828, 827, 829, -1,
      828, 829, 830, -1,
      830, 829, 831, -1,
      832, 830, 833, -1,
      833, 830, 831, -1,
      834, 832, 835, -1,
      835, 832, 833, -1,
      836, 834, 837, -1,
      837, 834, 835, -1,
      838, 836, 839, -1,
      839, 836, 837, -1,
      840, 838, 841, -1,
      841, 838, 839, -1,
      842, 840, 843, -1,
      843, 840, 841, -1,
      844, 842, 845, -1,
      845, 842, 843, -1,
      846, 844, 847, -1,
      847, 844, 845, -1,
      848, 846, 849, -1,
      849, 846, 847, -1,
      850, 848, 851, -1,
      851, 848, 849, -1,
      852, 850, 853, -1,
      853, 850, 851, -1,
      854, 852, 855, -1,
      855, 852, 853, -1,
      856, 854, 857, -1,
      857, 854, 855, -1,
      858, 856, 859, -1,
      859, 856, 857, -1,
      860, 858, 861, -1,
      861, 858, 859, -1,
      862, 860, 863, -1,
      863, 860, 861, -1,
      862, 863, 864, -1,
      862, 864, 865, -1,
      865, 864, 866, -1,
      865, 866, 867, -1,
      867, 866, 868, -1,
      867, 868, 869, -1,
      869, 868, 870, -1,
      869, 870, 871, -1,
      871, 870, 872, -1,
      871, 872, 873, -1,
      873, 872, 874, -1,
      873, 874, 875, -1,
      875, 874, 876, -1,
      875, 876, 877, -1,
      878, 877, 879, -1,
      879, 877, 876, -1,
      880, 878, 881, -1,
      881, 878, 879, -1,
      882, 880, 883, -1,
      883, 880, 881, -1,
      884, 882, 885, -1,
      885, 882, 883, -1,
      818, 884, 819, -1,
      819, 884, 885, -1,
      834, 836, 838, -1,
      842, 844, 846, -1,
      838, 840, 834, -1,
      834, 840, 842, -1,
      834, 842, 832, -1,
      832, 842, 846, -1,
      852, 854, 850, -1,
      850, 854, 856, -1,
      850, 856, 848, -1,
      848, 856, 858, -1,
      848, 858, 846, -1,
      846, 858, 860, -1,
      846, 860, 832, -1,
      832, 860, 862, -1,
      832, 862, 830, -1,
      830, 862, 828, -1,
      880, 882, 878, -1,
      878, 882, 884, -1,
      878, 884, 877, -1,
      877, 884, 818, -1,
      877, 818, 875, -1,
      875, 818, 820, -1,
      875, 820, 873, -1,
      873, 820, 822, -1,
      873, 822, 871, -1,
      871, 822, 824, -1,
      871, 824, 869, -1,
      869, 824, 826, -1,
      869, 826, 867, -1,
      867, 826, 828, -1,
      867, 828, 865, -1,
      865, 828, 862, -1,
      839, 837, 841, -1,
      841, 837, 835, -1,
      841, 835, 843, -1,
      843, 835, 833, -1,
      843, 833, 845, -1,
      847, 861, 859, -1,
      861, 847, 863, -1,
      855, 853, 857, -1,
      857, 853, 851, -1,
      857, 851, 859, -1,
      859, 851, 849, -1,
      859, 849, 847, -1,
      827, 866, 829, -1,
      829, 866, 864, -1,
      829, 864, 831, -1,
      831, 864, 863, -1,
      831, 863, 833, -1,
      833, 863, 847, -1,
      833, 847, 845, -1,
      883, 881, 885, -1,
      885, 881, 879, -1,
      885, 879, 819, -1,
      819, 879, 876, -1,
      819, 876, 821, -1,
      821, 876, 874, -1,
      821, 874, 823, -1,
      823, 874, 872, -1,
      823, 872, 825, -1,
      825, 872, 870, -1,
      825, 870, 827, -1,
      827, 870, 868, -1,
      827, 868, 866, -1,
      886, 887, 888, -1,
      888, 887, 889, -1,
      888, 889, 890, -1,
      890, 889, 891, -1,
      890, 891, 892, -1,
      892, 891, 893, -1,
      892, 893, 894, -1,
      894, 893, 895, -1,
      894, 895, 896, -1,
      896, 895, 897, -1,
      896, 897, 898, -1,
      898, 897, 899, -1,
      900, 898, 901, -1,
      901, 898, 899, -1,
      902, 900, 903, -1,
      903, 900, 901, -1,
      904, 902, 905, -1,
      905, 902, 903, -1,
      906, 904, 907, -1,
      907, 904, 905, -1,
      908, 906, 909, -1,
      909, 906, 907, -1,
      910, 908, 911, -1,
      911, 908, 909, -1,
      912, 910, 913, -1,
      913, 910, 911, -1,
      914, 912, 915, -1,
      915, 912, 913, -1,
      916, 914, 917, -1,
      917, 914, 915, -1,
      918, 916, 919, -1,
      919, 916, 917, -1,
      920, 918, 921, -1,
      921, 918, 919, -1,
      922, 920, 923, -1,
      923, 920, 921, -1,
      924, 922, 925, -1,
      925, 922, 923, -1,
      926, 924, 927, -1,
      927, 924, 925, -1,
      928, 926, 929, -1,
      929, 926, 927, -1,
      930, 928, 931, -1,
      931, 928, 929, -1,
      930, 931, 932, -1,
      930, 932, 933, -1,
      933, 932, 934, -1,
      933, 934, 935, -1,
      935, 934, 936, -1,
      935, 936, 937, -1,
      937, 936, 938, -1,
      937, 938, 939, -1,
      939, 938, 940, -1,
      939, 940, 941, -1,
      941, 940, 942, -1,
      941, 942, 943, -1,
      943, 942, 944, -1,
      943, 944, 945, -1,
      946, 945, 947, -1,
      947, 945, 944, -1,
      948, 946, 949, -1,
      949, 946, 947, -1,
      950, 948, 951, -1,
      951, 948, 949, -1,
      952, 950, 953, -1,
      953, 950, 951, -1,
      886, 952, 887, -1,
      887, 952, 953, -1,
      902, 904, 906, -1,
      910, 912, 914, -1,
      906, 908, 902, -1,
      902, 908, 910, -1,
      902, 910, 900, -1,
      900, 910, 914, -1,
      920, 922, 918, -1,
      918, 922, 924, -1,
      918, 924, 916, -1,
      916, 924, 926, -1,
      916, 926, 914, -1,
      914, 926, 928, -1,
      914, 928, 900, -1,
      900, 928, 930, -1,
      900, 930, 898, -1,
      898, 930, 896, -1,
      948, 950, 946, -1,
      946, 950, 952, -1,
      946, 952, 945, -1,
      945, 952, 886, -1,
      945, 886, 943, -1,
      943, 886, 888, -1,
      943, 888, 941, -1,
      941, 888, 890, -1,
      941, 890, 939, -1,
      939, 890, 892, -1,
      939, 892, 937, -1,
      937, 892, 894, -1,
      937, 894, 935, -1,
      935, 894, 896, -1,
      935, 896, 933, -1,
      933, 896, 930, -1,
      907, 905, 909, -1,
      909, 905, 903, -1,
      909, 903, 911, -1,
      911, 903, 901, -1,
      911, 901, 913, -1,
      915, 929, 927, -1,
      929, 915, 931, -1,
      923, 921, 925, -1,
      925, 921, 919, -1,
      925, 919, 927, -1,
      927, 919, 917, -1,
      927, 917, 915, -1,
      895, 934, 897, -1,
      897, 934, 932, -1,
      897, 932, 899, -1,
      899, 932, 931, -1,
      899, 931, 901, -1,
      901, 931, 915, -1,
      901, 915, 913, -1,
      951, 949, 953, -1,
      953, 949, 947, -1,
      953, 947, 887, -1,
      887, 947, 944, -1,
      887, 944, 889, -1,
      889, 944, 942, -1,
      889, 942, 891, -1,
      891, 942, 940, -1,
      891, 940, 893, -1,
      893, 940, 938, -1,
      893, 938, 895, -1,
      895, 938, 936, -1,
      895, 936, 934, -1,
      954, 955, 956, -1,
      956, 955, 957, -1,
      956, 957, 958, -1,
      958, 957, 959, -1,
      958, 959, 960, -1,
      960, 959, 961, -1,
      960, 961, 962, -1,
      962, 961, 963, -1,
      962, 963, 964, -1,
      964, 963, 965, -1,
      964, 965, 966, -1,
      966, 965, 967, -1,
      968, 966, 969, -1,
      969, 966, 967, -1,
      970, 968, 971, -1,
      971, 968, 969, -1,
      972, 970, 973, -1,
      973, 970, 971, -1,
      974, 972, 975, -1,
      975, 972, 973, -1,
      976, 974, 977, -1,
      977, 974, 975, -1,
      978, 976, 979, -1,
      979, 976, 977, -1,
      980, 978, 981, -1,
      981, 978, 979, -1,
      982, 980, 983, -1,
      983, 980, 981, -1,
      984, 982, 985, -1,
      985, 982, 983, -1,
      986, 984, 987, -1,
      987, 984, 985, -1,
      988, 986, 989, -1,
      989, 986, 987, -1,
      990, 988, 991, -1,
      991, 988, 989, -1,
      992, 990, 993, -1,
      993, 990, 991, -1,
      994, 992, 995, -1,
      995, 992, 993, -1,
      996, 994, 997, -1,
      997, 994, 995, -1,
      998, 996, 999, -1,
      999, 996, 997, -1,
      998, 999, 1000, -1,
      998, 1000, 1001, -1,
      1001, 1000, 1002, -1,
      1001, 1002, 1003, -1,
      1003, 1002, 1004, -1,
      1003, 1004, 1005, -1,
      1005, 1004, 1006, -1,
      1005, 1006, 1007, -1,
      1007, 1006, 1008, -1,
      1007, 1008, 1009, -1,
      1009, 1008, 1010, -1,
      1009, 1010, 1011, -1,
      1011, 1010, 1012, -1,
      1011, 1012, 1013, -1,
      1014, 1013, 1015, -1,
      1015, 1013, 1012, -1,
      1016, 1014, 1017, -1,
      1017, 1014, 1015, -1,
      1018, 1016, 1019, -1,
      1019, 1016, 1017, -1,
      1020, 1018, 1021, -1,
      1021, 1018, 1019, -1,
      954, 1020, 955, -1,
      955, 1020, 1021, -1,
      970, 972, 974, -1,
      978, 980, 982, -1,
      974, 976, 970, -1,
      970, 976, 978, -1,
      970, 978, 968, -1,
      968, 978, 982, -1,
      988, 990, 986, -1,
      986, 990, 992, -1,
      986, 992, 984, -1,
      984, 992, 994, -1,
      984, 994, 982, -1,
      982, 994, 996, -1,
      982, 996, 968, -1,
      968, 996, 998, -1,
      968, 998, 966, -1,
      966, 998, 964, -1,
      1016, 1018, 1014, -1,
      1014, 1018, 1020, -1,
      1014, 1020, 1013, -1,
      1013, 1020, 954, -1,
      1013, 954, 1011, -1,
      1011, 954, 956, -1,
      1011, 956, 1009, -1,
      1009, 956, 958, -1,
      1009, 958, 1007, -1,
      1007, 958, 960, -1,
      1007, 960, 1005, -1,
      1005, 960, 962, -1,
      1005, 962, 1003, -1,
      1003, 962, 964, -1,
      1003, 964, 1001, -1,
      1001, 964, 998, -1,
      975, 973, 977, -1,
      977, 973, 971, -1,
      977, 971, 979, -1,
      979, 971, 969, -1,
      979, 969, 981, -1,
      983, 997, 995, -1,
      997, 983, 999, -1,
      991, 989, 993, -1,
      993, 989, 987, -1,
      993, 987, 995, -1,
      995, 987, 985, -1,
      995, 985, 983, -1,
      963, 1002, 965, -1,
      965, 1002, 1000, -1,
      965, 1000, 967, -1,
      967, 1000, 999, -1,
      967, 999, 969, -1,
      969, 999, 983, -1,
      969, 983, 981, -1,
      1019, 1017, 1021, -1,
      1021, 1017, 1015, -1,
      1021, 1015, 955, -1,
      955, 1015, 1012, -1,
      955, 1012, 957, -1,
      957, 1012, 1010, -1,
      957, 1010, 959, -1,
      959, 1010, 1008, -1,
      959, 1008, 961, -1,
      961, 1008, 1006, -1,
      961, 1006, 963, -1,
      963, 1006, 1004, -1,
      963, 1004, 1002, -1,
      1022, 1023, 1024, -1,
      1024, 1023, 1025, -1,
      1024, 1025, 1026, -1,
      1026, 1025, 1027, -1,
      1026, 1027, 1028, -1,
      1028, 1027, 1029, -1,
      1028, 1029, 1030, -1,
      1030, 1029, 1031, -1,
      1030, 1031, 1032, -1,
      1032, 1031, 1033, -1,
      1032, 1033, 1034, -1,
      1034, 1033, 1035, -1,
      1036, 1034, 1037, -1,
      1037, 1034, 1035, -1,
      1038, 1036, 1039, -1,
      1039, 1036, 1037, -1,
      1040, 1038, 1041, -1,
      1041, 1038, 1039, -1,
      1042, 1040, 1043, -1,
      1043, 1040, 1041, -1,
      1044, 1042, 1045, -1,
      1045, 1042, 1043, -1,
      1046, 1044, 1047, -1,
      1047, 1044, 1045, -1,
      1048, 1046, 1049, -1,
      1049, 1046, 1047, -1,
      1050, 1048, 1051, -1,
      1051, 1048, 1049, -1,
      1052, 1050, 1053, -1,
      1053, 1050, 1051, -1,
      1054, 1052, 1055, -1,
      1055, 1052, 1053, -1,
      1056, 1054, 1057, -1,
      1057, 1054, 1055, -1,
      1058, 1056, 1059, -1,
      1059, 1056, 1057, -1,
      1060, 1058, 1061, -1,
      1061, 1058, 1059, -1,
      1062, 1060, 1063, -1,
      1063, 1060, 1061, -1,
      1064, 1062, 1065, -1,
      1065, 1062, 1063, -1,
      1066, 1064, 1067, -1,
      1067, 1064, 1065, -1,
      1066, 1067, 1068, -1,
      1066, 1068, 1069, -1,
      1069, 1068, 1070, -1,
      1069, 1070, 1071, -1,
      1071, 1070, 1072, -1,
      1071, 1072, 1073, -1,
      1073, 1072, 1074, -1,
      1073, 1074, 1075, -1,
      1075, 1074, 1076, -1,
      1075, 1076, 1077, -1,
      1077, 1076, 1078, -1,
      1077, 1078, 1079, -1,
      1079, 1078, 1080, -1,
      1079, 1080, 1081, -1,
      1082, 1081, 1083, -1,
      1083, 1081, 1080, -1,
      1084, 1082, 1085, -1,
      1085, 1082, 1083, -1,
      1086, 1084, 1087, -1,
      1087, 1084, 1085, -1,
      1088, 1086, 1089, -1,
      1089, 1086, 1087, -1,
      1022, 1088, 1023, -1,
      1023, 1088, 1089, -1,
      1038, 1040, 1042, -1,
      1046, 1048, 1050, -1,
      1042, 1044, 1038, -1,
      1038, 1044, 1046, -1,
      1038, 1046, 1036, -1,
      1036, 1046, 1050, -1,
      1056, 1058, 1054, -1,
      1054, 1058, 1060, -1,
      1054, 1060, 1052, -1,
      1052, 1060, 1062, -1,
      1052, 1062, 1050, -1,
      1050, 1062, 1064, -1,
      1050, 1064, 1036, -1,
      1036, 1064, 1066, -1,
      1036, 1066, 1034, -1,
      1034, 1066, 1032, -1,
      1084, 1086, 1082, -1,
      1082, 1086, 1088, -1,
      1082, 1088, 1081, -1,
      1081, 1088, 1022, -1,
      1081, 1022, 1079, -1,
      1079, 1022, 1024, -1,
      1079, 1024, 1077, -1,
      1077, 1024, 1026, -1,
      1077, 1026, 1075, -1,
      1075, 1026, 1028, -1,
      1075, 1028, 1073, -1,
      1073, 1028, 1030, -1,
      1073, 1030, 1071, -1,
      1071, 1030, 1032, -1,
      1071, 1032, 1069, -1,
      1069, 1032, 1066, -1,
      1043, 1041, 1045, -1,
      1045, 1041, 1039, -1,
      1045, 1039, 1047, -1,
      1047, 1039, 1037, -1,
      1047, 1037, 1049, -1,
      1051, 1065, 1063, -1,
      1065, 1051, 1067, -1,
      1059, 1057, 1061, -1,
      1061, 1057, 1055, -1,
      1061, 1055, 1063, -1,
      1063, 1055, 1053, -1,
      1063, 1053, 1051, -1,
      1031, 1070, 1033, -1,
      1033, 1070, 1068, -1,
      1033, 1068, 1035, -1,
      1035, 1068, 1067, -1,
      1035, 1067, 1037, -1,
      1037, 1067, 1051, -1,
      1037, 1051, 1049, -1,
      1087, 1085, 1089, -1,
      1089, 1085, 1083, -1,
      1089, 1083, 1023, -1,
      1023, 1083, 1080, -1,
      1023, 1080, 1025, -1,
      1025, 1080, 1078, -1,
      1025, 1078, 1027, -1,
      1027, 1078, 1076, -1,
      1027, 1076, 1029, -1,
      1029, 1076, 1074, -1,
      1029, 1074, 1031, -1,
      1031, 1074, 1072, -1,
      1031, 1072, 1070, -1,
      1090, 1091, 1092, -1,
      1092, 1091, 1093, -1,
      1092, 1093, 1094, -1,
      1094, 1093, 1095, -1,
      1094, 1095, 1096, -1,
      1096, 1095, 1097, -1,
      1096, 1097, 1098, -1,
      1098, 1097, 1099, -1,
      1098, 1099, 1100, -1,
      1100, 1099, 1101, -1,
      1100, 1101, 1102, -1,
      1102, 1101, 1103, -1,
      1104, 1102, 1105, -1,
      1105, 1102, 1103, -1,
      1106, 1104, 1107, -1,
      1107, 1104, 1105, -1,
      1108, 1106, 1109, -1,
      1109, 1106, 1107, -1,
      1110, 1108, 1111, -1,
      1111, 1108, 1109, -1,
      1112, 1110, 1113, -1,
      1113, 1110, 1111, -1,
      1114, 1112, 1115, -1,
      1115, 1112, 1113, -1,
      1116, 1114, 1117, -1,
      1117, 1114, 1115, -1,
      1118, 1116, 1119, -1,
      1119, 1116, 1117, -1,
      1120, 1118, 1121, -1,
      1121, 1118, 1119, -1,
      1122, 1120, 1123, -1,
      1123, 1120, 1121, -1,
      1124, 1122, 1125, -1,
      1125, 1122, 1123, -1,
      1126, 1124, 1127, -1,
      1127, 1124, 1125, -1,
      1128, 1126, 1129, -1,
      1129, 1126, 1127, -1,
      1130, 1128, 1131, -1,
      1131, 1128, 1129, -1,
      1132, 1130, 1133, -1,
      1133, 1130, 1131, -1,
      1134, 1132, 1135, -1,
      1135, 1132, 1133, -1,
      1134, 1135, 1136, -1,
      1134, 1136, 1137, -1,
      1137, 1136, 1138, -1,
      1137, 1138, 1139, -1,
      1139, 1138, 1140, -1,
      1139, 1140, 1141, -1,
      1141, 1140, 1142, -1,
      1141, 1142, 1143, -1,
      1143, 1142, 1144, -1,
      1143, 1144, 1145, -1,
      1145, 1144, 1146, -1,
      1145, 1146, 1147, -1,
      1147, 1146, 1148, -1,
      1147, 1148, 1149, -1,
      1150, 1149, 1151, -1,
      1151, 1149, 1148, -1,
      1152, 1150, 1153, -1,
      1153, 1150, 1151, -1,
      1154, 1152, 1155, -1,
      1155, 1152, 1153, -1,
      1156, 1154, 1157, -1,
      1157, 1154, 1155, -1,
      1090, 1156, 1091, -1,
      1091, 1156, 1157, -1,
      1106, 1108, 1110, -1,
      1114, 1116, 1118, -1,
      1110, 1112, 1106, -1,
      1106, 1112, 1114, -1,
      1106, 1114, 1104, -1,
      1104, 1114, 1118, -1,
      1124, 1126, 1122, -1,
      1122, 1126, 1128, -1,
      1122, 1128, 1120, -1,
      1120, 1128, 1130, -1,
      1120, 1130, 1118, -1,
      1118, 1130, 1132, -1,
      1118, 1132, 1104, -1,
      1104, 1132, 1134, -1,
      1104, 1134, 1102, -1,
      1102, 1134, 1100, -1,
      1152, 1154, 1150, -1,
      1150, 1154, 1156, -1,
      1150, 1156, 1149, -1,
      1149, 1156, 1090, -1,
      1149, 1090, 1147, -1,
      1147, 1090, 1092, -1,
      1147, 1092, 1145, -1,
      1145, 1092, 1094, -1,
      1145, 1094, 1143, -1,
      1143, 1094, 1096, -1,
      1143, 1096, 1141, -1,
      1141, 1096, 1098, -1,
      1141, 1098, 1139, -1,
      1139, 1098, 1100, -1,
      1139, 1100, 1137, -1,
      1137, 1100, 1134, -1,
      1111, 1109, 1113, -1,
      1113, 1109, 1107, -1,
      1113, 1107, 1115, -1,
      1115, 1107, 1105, -1,
      1115, 1105, 1117, -1,
      1119, 1133, 1131, -1,
      1133, 1119, 1135, -1,
      1127, 1125, 1129, -1,
      1129, 1125, 1123, -1,
      1129, 1123, 1131, -1,
      1131, 1123, 1121, -1,
      1131, 1121, 1119, -1,
      1099, 1138, 1101, -1,
      1101, 1138, 1136, -1,
      1101, 1136, 1103, -1,
      1103, 1136, 1135, -1,
      1103, 1135, 1105, -1,
      1105, 1135, 1119, -1,
      1105, 1119, 1117, -1,
      1155, 1153, 1157, -1,
      1157, 1153, 1151, -1,
      1157, 1151, 1091, -1,
      1091, 1151, 1148, -1,
      1091, 1148, 1093, -1,
      1093, 1148, 1146, -1,
      1093, 1146, 1095, -1,
      1095, 1146, 1144, -1,
      1095, 1144, 1097, -1,
      1097, 1144, 1142, -1,
      1097, 1142, 1099, -1,
      1099, 1142, 1140, -1,
      1099, 1140, 1138, -1,
      1158, 1159, 1160, -1,
      1160, 1159, 1161, -1,
      1160, 1161, 1162, -1,
      1162, 1161, 1163, -1,
      1162, 1163, 1164, -1,
      1164, 1163, 1165, -1,
      1164, 1165, 1166, -1,
      1166, 1165, 1167, -1,
      1166, 1167, 1168, -1,
      1168, 1167, 1169, -1,
      1168, 1169, 1170, -1,
      1170, 1169, 1171, -1,
      1172, 1170, 1173, -1,
      1173, 1170, 1171, -1,
      1174, 1172, 1175, -1,
      1175, 1172, 1173, -1,
      1176, 1174, 1177, -1,
      1177, 1174, 1175, -1,
      1178, 1176, 1179, -1,
      1179, 1176, 1177, -1,
      1180, 1178, 1181, -1,
      1181, 1178, 1179, -1,
      1182, 1180, 1183, -1,
      1183, 1180, 1181, -1,
      1184, 1182, 1185, -1,
      1185, 1182, 1183, -1,
      1186, 1184, 1187, -1,
      1187, 1184, 1185, -1,
      1188, 1186, 1189, -1,
      1189, 1186, 1187, -1,
      1190, 1188, 1191, -1,
      1191, 1188, 1189, -1,
      1192, 1190, 1193, -1,
      1193, 1190, 1191, -1,
      1194, 1192, 1195, -1,
      1195, 1192, 1193, -1,
      1196, 1194, 1197, -1,
      1197, 1194, 1195, -1,
      1198, 1196, 1199, -1,
      1199, 1196, 1197, -1,
      1200, 1198, 1201, -1,
      1201, 1198, 1199, -1,
      1202, 1200, 1203, -1,
      1203, 1200, 1201, -1,
      1202, 1203, 1204, -1,
      1202, 1204, 1205, -1,
      1205, 1204, 1206, -1,
      1205, 1206, 1207, -1,
      1207, 1206, 1208, -1,
      1207, 1208, 1209, -1,
      1209, 1208, 1210, -1,
      1209, 1210, 1211, -1,
      1211, 1210, 1212, -1,
      1211, 1212, 1213, -1,
      1213, 1212, 1214, -1,
      1213, 1214, 1215, -1,
      1215, 1214, 1216, -1,
      1215, 1216, 1217, -1,
      1218, 1217, 1219, -1,
      1219, 1217, 1216, -1,
      1220, 1218, 1221, -1,
      1221, 1218, 1219, -1,
      1222, 1220, 1223, -1,
      1223, 1220, 1221, -1,
      1224, 1222, 1225, -1,
      1225, 1222, 1223, -1,
      1158, 1224, 1159, -1,
      1159, 1224, 1225, -1,
      1174, 1176, 1178, -1,
      1182, 1184, 1186, -1,
      1178, 1180, 1174, -1,
      1174, 1180, 1182, -1,
      1174, 1182, 1172, -1,
      1172, 1182, 1186, -1,
      1192, 1194, 1190, -1,
      1190, 1194, 1196, -1,
      1190, 1196, 1188, -1,
      1188, 1196, 1198, -1,
      1188, 1198, 1186, -1,
      1186, 1198, 1200, -1,
      1186, 1200, 1172, -1,
      1172, 1200, 1202, -1,
      1172, 1202, 1170, -1,
      1170, 1202, 1168, -1,
      1220, 1222, 1218, -1,
      1218, 1222, 1224, -1,
      1218, 1224, 1217, -1,
      1217, 1224, 1158, -1,
      1217, 1158, 1215, -1,
      1215, 1158, 1160, -1,
      1215, 1160, 1213, -1,
      1213, 1160, 1162, -1,
      1213, 1162, 1211, -1,
      1211, 1162, 1164, -1,
      1211, 1164, 1209, -1,
      1209, 1164, 1166, -1,
      1209, 1166, 1207, -1,
      1207, 1166, 1168, -1,
      1207, 1168, 1205, -1,
      1205, 1168, 1202, -1,
      1179, 1177, 1181, -1,
      1181, 1177, 1175, -1,
      1181, 1175, 1183, -1,
      1183, 1175, 1173, -1,
      1183, 1173, 1185, -1,
      1187, 1201, 1199, -1,
      1201, 1187, 1203, -1,
      1195, 1193, 1197, -1,
      1197, 1193, 1191, -1,
      1197, 1191, 1199, -1,
      1199, 1191, 1189, -1,
      1199, 1189, 1187, -1,
      1167, 1206, 1169, -1,
      1169, 1206, 1204, -1,
      1169, 1204, 1171, -1,
      1171, 1204, 1203, -1,
      1171, 1203, 1173, -1,
      1173, 1203, 1187, -1,
      1173, 1187, 1185, -1,
      1223, 1221, 1225, -1,
      1225, 1221, 1219, -1,
      1225, 1219, 1159, -1,
      1159, 1219, 1216, -1,
      1159, 1216, 1161, -1,
      1161, 1216, 1214, -1,
      1161, 1214, 1163, -1,
      1163, 1214, 1212, -1,
      1163, 1212, 1165, -1,
      1165, 1212, 1210, -1,
      1165, 1210, 1167, -1,
      1167, 1210, 1208, -1,
      1167, 1208, 1206, -1,
      1226, 1227, 1228, -1,
      1228, 1227, 1229, -1,
      1228, 1229, 1230, -1,
      1230, 1229, 1231, -1,
      1230, 1231, 1232, -1,
      1232, 1231, 1233, -1,
      1232, 1233, 1234, -1,
      1234, 1233, 1235, -1,
      1234, 1235, 1236, -1,
      1236, 1235, 1237, -1,
      1236, 1237, 1238, -1,
      1238, 1237, 1239, -1,
      1240, 1238, 1241, -1,
      1241, 1238, 1239, -1,
      1242, 1240, 1243, -1,
      1243, 1240, 1241, -1,
      1244, 1242, 1245, -1,
      1245, 1242, 1243, -1,
      1246, 1244, 1247, -1,
      1247, 1244, 1245, -1,
      1248, 1246, 1249, -1,
      1249, 1246, 1247, -1,
      1250, 1248, 1251, -1,
      1251, 1248, 1249, -1,
      1252, 1250, 1253, -1,
      1253, 1250, 1251, -1,
      1254, 1252, 1255, -1,
      1255, 1252, 1253, -1,
      1256, 1254, 1257, -1,
      1257, 1254, 1255, -1,
      1258, 1256, 1259, -1,
      1259, 1256, 1257, -1,
      1260, 1258, 1261, -1,
      1261, 1258, 1259, -1,
      1262, 1260, 1263, -1,
      1263, 1260, 1261, -1,
      1264, 1262, 1265, -1,
      1265, 1262, 1263, -1,
      1266, 1264, 1267, -1,
      1267, 1264, 1265, -1,
      1268, 1266, 1269, -1,
      1269, 1266, 1267, -1,
      1270, 1268, 1271, -1,
      1271, 1268, 1269, -1,
      1270, 1271, 1272, -1,
      1270, 1272, 1273, -1,
      1273, 1272, 1274, -1,
      1273, 1274, 1275, -1,
      1275, 1274, 1276, -1,
      1275, 1276, 1277, -1,
      1277, 1276, 1278, -1,
      1277, 1278, 1279, -1,
      1279, 1278, 1280, -1,
      1279, 1280, 1281, -1,
      1281, 1280, 1282, -1,
      1281, 1282, 1283, -1,
      1283, 1282, 1284, -1,
      1283, 1284, 1285, -1,
      1286, 1285, 1287, -1,
      1287, 1285, 1284, -1,
      1288, 1286, 1289, -1,
      1289, 1286, 1287, -1,
      1290, 1288, 1291, -1,
      1291, 1288, 1289, -1,
      1292, 1290, 1293, -1,
      1293, 1290, 1291, -1,
      1226, 1292, 1227, -1,
      1227, 1292, 1293, -1,
      1242, 1244, 1246, -1,
      1250, 1252, 1254, -1,
      1246, 1248, 1242, -1,
      1242, 1248, 1250, -1,
      1242, 1250, 1240, -1,
      1240, 1250, 1254, -1,
      1260, 1262, 1258, -1,
      1258, 1262, 1264, -1,
      1258, 1264, 1256, -1,
      1256, 1264, 1266, -1,
      1256, 1266, 1254, -1,
      1254, 1266, 1268, -1,
      1254, 1268, 1240, -1,
      1240, 1268, 1270, -1,
      1240, 1270, 1238, -1,
      1238, 1270, 1236, -1,
      1288, 1290, 1286, -1,
      1286, 1290, 1292, -1,
      1286, 1292, 1285, -1,
      1285, 1292, 1226, -1,
      1285, 1226, 1283, -1,
      1283, 1226, 1228, -1,
      1283, 1228, 1281, -1,
      1281, 1228, 1230, -1,
      1281, 1230, 1279, -1,
      1279, 1230, 1232, -1,
      1279, 1232, 1277, -1,
      1277, 1232, 1234, -1,
      1277, 1234, 1275, -1,
      1275, 1234, 1236, -1,
      1275, 1236, 1273, -1,
      1273, 1236, 1270, -1,
      1247, 1245, 1249, -1,
      1249, 1245, 1243, -1,
      1249, 1243, 1251, -1,
      1251, 1243, 1241, -1,
      1251, 1241, 1253, -1,
      1255, 1269, 1267, -1,
      1269, 1255, 1271, -1,
      1263, 1261, 1265, -1,
      1265, 1261, 1259, -1,
      1265, 1259, 1267, -1,
      1267, 1259, 1257, -1,
      1267, 1257, 1255, -1,
      1235, 1274, 1237, -1,
      1237, 1274, 1272, -1,
      1237, 1272, 1239, -1,
      1239, 1272, 1271, -1,
      1239, 1271, 1241, -1,
      1241, 1271, 1255, -1,
      1241, 1255, 1253, -1,
      1291, 1289, 1293, -1,
      1293, 1289, 1287, -1,
      1293, 1287, 1227, -1,
      1227, 1287, 1284, -1,
      1227, 1284, 1229, -1,
      1229, 1284, 1282, -1,
      1229, 1282, 1231, -1,
      1231, 1282, 1280, -1,
      1231, 1280, 1233, -1,
      1233, 1280, 1278, -1,
      1233, 1278, 1235, -1,
      1235, 1278, 1276, -1,
      1235, 1276, 1274, -1,
      1294, 1295, 1296, -1,
      1296, 1295, 1297, -1,
      1296, 1297, 1298, -1,
      1298, 1297, 1299, -1,
      1298, 1299, 1300, -1,
      1300, 1299, 1301, -1,
      1300, 1301, 1302, -1,
      1302, 1301, 1303, -1,
      1302, 1303, 1304, -1,
      1304, 1303, 1305, -1,
      1304, 1305, 1306, -1,
      1306, 1305, 1307, -1,
      1308, 1306, 1309, -1,
      1309, 1306, 1307, -1,
      1310, 1308, 1311, -1,
      1311, 1308, 1309, -1,
      1312, 1310, 1313, -1,
      1313, 1310, 1311, -1,
      1314, 1312, 1315, -1,
      1315, 1312, 1313, -1,
      1316, 1314, 1317, -1,
      1317, 1314, 1315, -1,
      1318, 1316, 1319, -1,
      1319, 1316, 1317, -1,
      1320, 1318, 1321, -1,
      1321, 1318, 1319, -1,
      1322, 1320, 1323, -1,
      1323, 1320, 1321, -1,
      1324, 1322, 1325, -1,
      1325, 1322, 1323, -1,
      1326, 1324, 1327, -1,
      1327, 1324, 1325, -1,
      1328, 1326, 1329, -1,
      1329, 1326, 1327, -1,
      1330, 1328, 1331, -1,
      1331, 1328, 1329, -1,
      1332, 1330, 1333, -1,
      1333, 1330, 1331, -1,
      1334, 1332, 1335, -1,
      1335, 1332, 1333, -1,
      1336, 1334, 1337, -1,
      1337, 1334, 1335, -1,
      1338, 1336, 1339, -1,
      1339, 1336, 1337, -1,
      1338, 1339, 1340, -1,
      1338, 1340, 1341, -1,
      1341, 1340, 1342, -1,
      1341, 1342, 1343, -1,
      1343, 1342, 1344, -1,
      1343, 1344, 1345, -1,
      1345, 1344, 1346, -1,
      1345, 1346, 1347, -1,
      1347, 1346, 1348, -1,
      1347, 1348, 1349, -1,
      1349, 1348, 1350, -1,
      1349, 1350, 1351, -1,
      1351, 1350, 1352, -1,
      1351, 1352, 1353, -1,
      1354, 1353, 1355, -1,
      1355, 1353, 1352, -1,
      1356, 1354, 1357, -1,
      1357, 1354, 1355, -1,
      1358, 1356, 1359, -1,
      1359, 1356, 1357, -1,
      1360, 1358, 1361, -1,
      1361, 1358, 1359, -1,
      1294, 1360, 1295, -1,
      1295, 1360, 1361, -1,
      1310, 1312, 1314, -1,
      1318, 1320, 1322, -1,
      1314, 1316, 1310, -1,
      1310, 1316, 1318, -1,
      1310, 1318, 1308, -1,
      1308, 1318, 1322, -1,
      1328, 1330, 1326, -1,
      1326, 1330, 1332, -1,
      1326, 1332, 1324, -1,
      1324, 1332, 1334, -1,
      1324, 1334, 1322, -1,
      1322, 1334, 1336, -1,
      1322, 1336, 1308, -1,
      1308, 1336, 1338, -1,
      1308, 1338, 1306, -1,
      1306, 1338, 1304, -1,
      1356, 1358, 1354, -1,
      1354, 1358, 1360, -1,
      1354, 1360, 1353, -1,
      1353, 1360, 1294, -1,
      1353, 1294, 1351, -1,
      1351, 1294, 1296, -1,
      1351, 1296, 1349, -1,
      1349, 1296, 1298, -1,
      1349, 1298, 1347, -1,
      1347, 1298, 1300, -1,
      1347, 1300, 1345, -1,
      1345, 1300, 1302, -1,
      1345, 1302, 1343, -1,
      1343, 1302, 1304, -1,
      1343, 1304, 1341, -1,
      1341, 1304, 1338, -1,
      1315, 1313, 1317, -1,
      1317, 1313, 1311, -1,
      1317, 1311, 1319, -1,
      1319, 1311, 1309, -1,
      1319, 1309, 1321, -1,
      1323, 1337, 1335, -1,
      1337, 1323, 1339, -1,
      1331, 1329, 1333, -1,
      1333, 1329, 1327, -1,
      1333, 1327, 1335, -1,
      1335, 1327, 1325, -1,
      1335, 1325, 1323, -1,
      1303, 1342, 1305, -1,
      1305, 1342, 1340, -1,
      1305, 1340, 1307, -1,
      1307, 1340, 1339, -1,
      1307, 1339, 1309, -1,
      1309, 1339, 1323, -1,
      1309, 1323, 1321, -1,
      1359, 1357, 1361, -1,
      1361, 1357, 1355, -1,
      1361, 1355, 1295, -1,
      1295, 1355, 1352, -1,
      1295, 1352, 1297, -1,
      1297, 1352, 1350, -1,
      1297, 1350, 1299, -1,
      1299, 1350, 1348, -1,
      1299, 1348, 1301, -1,
      1301, 1348, 1346, -1,
      1301, 1346, 1303, -1,
      1303, 1346, 1344, -1,
      1303, 1344, 1342, -1,
      1362, 1363, 1364, -1,
      1364, 1363, 1365, -1,
      1364, 1365, 1366, -1,
      1366, 1365, 1367, -1,
      1366, 1367, 1368, -1,
      1368, 1367, 1369, -1,
      1368, 1369, 1370, -1,
      1370, 1369, 1371, -1,
      1370, 1371, 1372, -1,
      1372, 1371, 1373, -1,
      1372, 1373, 1374, -1,
      1374, 1373, 1375, -1,
      1376, 1374, 1377, -1,
      1377, 1374, 1375, -1,
      1378, 1376, 1379, -1,
      1379, 1376, 1377, -1,
      1380, 1378, 1381, -1,
      1381, 1378, 1379, -1,
      1382, 1380, 1383, -1,
      1383, 1380, 1381, -1,
      1384, 1382, 1385, -1,
      1385, 1382, 1383, -1,
      1386, 1384, 1387, -1,
      1387, 1384, 1385, -1,
      1388, 1386, 1389, -1,
      1389, 1386, 1387, -1,
      1390, 1388, 1391, -1,
      1391, 1388, 1389, -1,
      1392, 1390, 1393, -1,
      1393, 1390, 1391, -1,
      1394, 1392, 1395, -1,
      1395, 1392, 1393, -1,
      1396, 1394, 1397, -1,
      1397, 1394, 1395, -1,
      1398, 1396, 1399, -1,
      1399, 1396, 1397, -1,
      1400, 1398, 1401, -1,
      1401, 1398, 1399, -1,
      1402, 1400, 1403, -1,
      1403, 1400, 1401, -1,
      1404, 1402, 1405, -1,
      1405, 1402, 1403, -1,
      1406, 1404, 1407, -1,
      1407, 1404, 1405, -1,
      1406, 1407, 1408, -1,
      1406, 1408, 1409, -1,
      1409, 1408, 1410, -1,
      1409, 1410, 1411, -1,
      1411, 1410, 1412, -1,
      1411, 1412, 1413, -1,
      1413, 1412, 1414, -1,
      1413, 1414, 1415, -1,
      1415, 1414, 1416, -1,
      1415, 1416, 1417, -1,
      1417, 1416, 1418, -1,
      1417, 1418, 1419, -1,
      1419, 1418, 1420, -1,
      1419, 1420, 1421, -1,
      1422, 1421, 1423, -1,
      1423, 1421, 1420, -1,
      1424, 1422, 1425, -1,
      1425, 1422, 1423, -1,
      1426, 1424, 1427, -1,
      1427, 1424, 1425, -1,
      1428, 1426, 1429, -1,
      1429, 1426, 1427, -1,
      1362, 1428, 1363, -1,
      1363, 1428, 1429, -1,
      1378, 1380, 1382, -1,
      1386, 1388, 1390, -1,
      1382, 1384, 1378, -1,
      1378, 1384, 1386, -1,
      1378, 1386, 1376, -1,
      1376, 1386, 1390, -1,
      1396, 1398, 1394, -1,
      1394, 1398, 1400, -1,
      1394, 1400, 1392, -1,
      1392, 1400, 1402, -1,
      1392, 1402, 1390, -1,
      1390, 1402, 1404, -1,
      1390, 1404, 1376, -1,
      1376, 1404, 1406, -1,
      1376, 1406, 1374, -1,
      1374, 1406, 1372, -1,
      1424, 1426, 1422, -1,
      1422, 1426, 1428, -1,
      1422, 1428, 1421, -1,
      1421, 1428, 1362, -1,
      1421, 1362, 1419, -1,
      1419, 1362, 1364, -1,
      1419, 1364, 1417, -1,
      1417, 1364, 1366, -1,
      1417, 1366, 1415, -1,
      1415, 1366, 1368, -1,
      1415, 1368, 1413, -1,
      1413, 1368, 1370, -1,
      1413, 1370, 1411, -1,
      1411, 1370, 1372, -1,
      1411, 1372, 1409, -1,
      1409, 1372, 1406, -1,
      1383, 1381, 1385, -1,
      1385, 1381, 1379, -1,
      1385, 1379, 1387, -1,
      1387, 1379, 1377, -1,
      1387, 1377, 1389, -1,
      1391, 1405, 1403, -1,
      1405, 1391, 1407, -1,
      1399, 1397, 1401, -1,
      1401, 1397, 1395, -1,
      1401, 1395, 1403, -1,
      1403, 1395, 1393, -1,
      1403, 1393, 1391, -1,
      1371, 1410, 1373, -1,
      1373, 1410, 1408, -1,
      1373, 1408, 1375, -1,
      1375, 1408, 1407, -1,
      1375, 1407, 1377, -1,
      1377, 1407, 1391, -1,
      1377, 1391, 1389, -1,
      1427, 1425, 1429, -1,
      1429, 1425, 1423, -1,
      1429, 1423, 1363, -1,
      1363, 1423, 1420, -1,
      1363, 1420, 1365, -1,
      1365, 1420, 1418, -1,
      1365, 1418, 1367, -1,
      1367, 1418, 1416, -1,
      1367, 1416, 1369, -1,
      1369, 1416, 1414, -1,
      1369, 1414, 1371, -1,
      1371, 1414, 1412, -1,
      1371, 1412, 1410, -1,
      1430, 1431, 1432, -1,
      1432, 1431, 1433, -1,
      1432, 1433, 1434, -1,
      1434, 1433, 1435, -1,
      1434, 1435, 1436, -1,
      1436, 1435, 1437, -1,
      1436, 1437, 1438, -1,
      1438, 1437, 1439, -1,
      1438, 1439, 1440, -1,
      1440, 1439, 1441, -1,
      1440, 1441, 1442, -1,
      1442, 1441, 1443, -1,
      1444, 1442, 1445, -1,
      1445, 1442, 1443, -1,
      1446, 1444, 1447, -1,
      1447, 1444, 1445, -1,
      1448, 1446, 1449, -1,
      1449, 1446, 1447, -1,
      1450, 1448, 1451, -1,
      1451, 1448, 1449, -1,
      1452, 1450, 1453, -1,
      1453, 1450, 1451, -1,
      1454, 1452, 1455, -1,
      1455, 1452, 1453, -1,
      1456, 1454, 1457, -1,
      1457, 1454, 1455, -1,
      1458, 1456, 1459, -1,
      1459, 1456, 1457, -1,
      1460, 1458, 1461, -1,
      1461, 1458, 1459, -1,
      1462, 1460, 1463, -1,
      1463, 1460, 1461, -1,
      1464, 1462, 1465, -1,
      1465, 1462, 1463, -1,
      1466, 1464, 1467, -1,
      1467, 1464, 1465, -1,
      1468, 1466, 1469, -1,
      1469, 1466, 1467, -1,
      1470, 1468, 1471, -1,
      1471, 1468, 1469, -1,
      1472, 1470, 1473, -1,
      1473, 1470, 1471, -1,
      1474, 1472, 1475, -1,
      1475, 1472, 1473, -1,
      1474, 1475, 1476, -1,
      1474, 1476, 1477, -1,
      1477, 1476, 1478, -1,
      1477, 1478, 1479, -1,
      1479, 1478, 1480, -1,
      1479, 1480, 1481, -1,
      1481, 1480, 1482, -1,
      1481, 1482, 1483, -1,
      1483, 1482, 1484, -1,
      1483, 1484, 1485, -1,
      1485, 1484, 1486, -1,
      1485, 1486, 1487, -1,
      1487, 1486, 1488, -1,
      1487, 1488, 1489, -1,
      1489, 1488, 1490, -1,
      1489, 1490, 1491, -1,
      1492, 1491, 1493, -1,
      1493, 1491, 1490, -1,
      1494, 1492, 1495, -1,
      1495, 1492, 1493, -1,
      1496, 1494, 1497, -1,
      1497, 1494, 1495, -1,
      1498, 1496, 1499, -1,
      1499, 1496, 1497, -1,
      1430, 1498, 1431, -1,
      1431, 1498, 1499, -1,
      1454, 1456, 1458, -1,
      1446, 1448, 1450, -1,
      1464, 1466, 1462, -1,
      1462, 1466, 1468, -1,
      1462, 1468, 1460, -1,
      1460, 1468, 1470, -1,
      1460, 1470, 1472, -1,
      1450, 1452, 1446, -1,
      1446, 1452, 1454, -1,
      1446, 1454, 1444, -1,
      1444, 1454, 1458, -1,
      1436, 1438, 1481, -1,
      1481, 1438, 1479, -1,
      1479, 1438, 1440, -1,
      1479, 1440, 1477, -1,
      1477, 1440, 1442, -1,
      1477, 1442, 1474, -1,
      1474, 1442, 1444, -1,
      1474, 1444, 1472, -1,
      1472, 1444, 1458, -1,
      1472, 1458, 1460, -1,
      1494, 1496, 1492, -1,
      1492, 1496, 1498, -1,
      1492, 1498, 1491, -1,
      1491, 1498, 1430, -1,
      1491, 1430, 1489, -1,
      1489, 1430, 1432, -1,
      1489, 1432, 1487, -1,
      1487, 1432, 1434, -1,
      1487, 1434, 1485, -1,
      1485, 1434, 1436, -1,
      1485, 1436, 1483, -1,
      1483, 1436, 1481, -1,
      1451, 1449, 1453, -1,
      1453, 1449, 1447, -1,
      1453, 1447, 1455, -1,
      1455, 1447, 1445, -1,
      1455, 1445, 1457, -1,
      1467, 1465, 1469, -1,
      1469, 1465, 1463, -1,
      1469, 1463, 1471, -1,
      1471, 1463, 1461, -1,
      1471, 1461, 1473, -1,
      1473, 1461, 1459, -1,
      1473, 1459, 1475, -1,
      1441, 1476, 1443, -1,
      1443, 1476, 1475, -1,
      1443, 1475, 1445, -1,
      1445, 1475, 1459, -1,
      1445, 1459, 1457, -1,
      1435, 1484, 1437, -1,
      1437, 1484, 1482, -1,
      1437, 1482, 1439, -1,
      1439, 1482, 1480, -1,
      1439, 1480, 1441, -1,
      1441, 1480, 1478, -1,
      1441, 1478, 1476, -1,
      1497, 1495, 1499, -1,
      1499, 1495, 1493, -1,
      1499, 1493, 1431, -1,
      1431, 1493, 1490, -1,
      1431, 1490, 1433, -1,
      1433, 1490, 1488, -1,
      1433, 1488, 1435, -1,
      1435, 1488, 1486, -1,
      1435, 1486, 1484, -1,
      1500, 1501, 1502, -1,
      1502, 1501, 1503, -1,
      1502, 1503, 1504, -1,
      1504, 1503, 1505, -1,
      1504, 1505, 1506, -1,
      1506, 1505, 1507, -1,
      1506, 1507, 1508, -1,
      1508, 1507, 1509, -1,
      1508, 1509, 1510, -1,
      1510, 1509, 1511, -1,
      1510, 1511, 1512, -1,
      1512, 1511, 1513, -1,
      1514, 1512, 1515, -1,
      1515, 1512, 1513, -1,
      1516, 1514, 1517, -1,
      1517, 1514, 1515, -1,
      1518, 1516, 1519, -1,
      1519, 1516, 1517, -1,
      1520, 1518, 1521, -1,
      1521, 1518, 1519, -1,
      1522, 1520, 1523, -1,
      1523, 1520, 1521, -1,
      1524, 1522, 1525, -1,
      1525, 1522, 1523, -1,
      1526, 1524, 1527, -1,
      1527, 1524, 1525, -1,
      1528, 1526, 1529, -1,
      1529, 1526, 1527, -1,
      1530, 1528, 1531, -1,
      1531, 1528, 1529, -1,
      1532, 1530, 1533, -1,
      1533, 1530, 1531, -1,
      1534, 1532, 1535, -1,
      1535, 1532, 1533, -1,
      1536, 1534, 1537, -1,
      1537, 1534, 1535, -1,
      1538, 1536, 1539, -1,
      1539, 1536, 1537, -1,
      1540, 1538, 1541, -1,
      1541, 1538, 1539, -1,
      1542, 1540, 1543, -1,
      1543, 1540, 1541, -1,
      1544, 1542, 1545, -1,
      1545, 1542, 1543, -1,
      1544, 1545, 1546, -1,
      1544, 1546, 1547, -1,
      1547, 1546, 1548, -1,
      1547, 1548, 1549, -1,
      1549, 1548, 1550, -1,
      1549, 1550, 1551, -1,
      1551, 1550, 1552, -1,
      1551, 1552, 1553, -1,
      1553, 1552, 1554, -1,
      1553, 1554, 1555, -1,
      1555, 1554, 1556, -1,
      1555, 1556, 1557, -1,
      1557, 1556, 1558, -1,
      1557, 1558, 1559, -1,
      1559, 1558, 1560, -1,
      1559, 1560, 1561, -1,
      1562, 1561, 1563, -1,
      1563, 1561, 1560, -1,
      1564, 1562, 1565, -1,
      1565, 1562, 1563, -1,
      1566, 1564, 1567, -1,
      1567, 1564, 1565, -1,
      1568, 1566, 1569, -1,
      1569, 1566, 1567, -1,
      1500, 1568, 1501, -1,
      1501, 1568, 1569, -1,
      1524, 1526, 1528, -1,
      1516, 1518, 1520, -1,
      1534, 1536, 1532, -1,
      1532, 1536, 1538, -1,
      1532, 1538, 1530, -1,
      1530, 1538, 1540, -1,
      1530, 1540, 1542, -1,
      1520, 1522, 1516, -1,
      1516, 1522, 1524, -1,
      1516, 1524, 1514, -1,
      1514, 1524, 1528, -1,
      1506, 1508, 1551, -1,
      1551, 1508, 1549, -1,
      1549, 1508, 1510, -1,
      1549, 1510, 1547, -1,
      1547, 1510, 1512, -1,
      1547, 1512, 1544, -1,
      1544, 1512, 1514, -1,
      1544, 1514, 1542, -1,
      1542, 1514, 1528, -1,
      1542, 1528, 1530, -1,
      1564, 1566, 1562, -1,
      1562, 1566, 1568, -1,
      1562, 1568, 1561, -1,
      1561, 1568, 1500, -1,
      1561, 1500, 1559, -1,
      1559, 1500, 1502, -1,
      1559, 1502, 1557, -1,
      1557, 1502, 1504, -1,
      1557, 1504, 1555, -1,
      1555, 1504, 1506, -1,
      1555, 1506, 1553, -1,
      1553, 1506, 1551, -1,
      1521, 1519, 1523, -1,
      1523, 1519, 1517, -1,
      1523, 1517, 1525, -1,
      1525, 1517, 1515, -1,
      1525, 1515, 1527, -1,
      1537, 1535, 1539, -1,
      1539, 1535, 1533, -1,
      1539, 1533, 1541, -1,
      1541, 1533, 1531, -1,
      1541, 1531, 1543, -1,
      1543, 1531, 1529, -1,
      1543, 1529, 1545, -1,
      1511, 1546, 1513, -1,
      1513, 1546, 1545, -1,
      1513, 1545, 1515, -1,
      1515, 1545, 1529, -1,
      1515, 1529, 1527, -1,
      1505, 1554, 1507, -1,
      1507, 1554, 1552, -1,
      1507, 1552, 1509, -1,
      1509, 1552, 1550, -1,
      1509, 1550, 1511, -1,
      1511, 1550, 1548, -1,
      1511, 1548, 1546, -1,
      1567, 1565, 1569, -1,
      1569, 1565, 1563, -1,
      1569, 1563, 1501, -1,
      1501, 1563, 1560, -1,
      1501, 1560, 1503, -1,
      1503, 1560, 1558, -1,
      1503, 1558, 1505, -1,
      1505, 1558, 1556, -1,
      1505, 1556, 1554, -1,
      1570, 1571, 1572, -1,
      1572, 1571, 1573, -1,
      1572, 1573, 1574, -1,
      1574, 1573, 1575, -1,
      1574, 1575, 1576, -1,
      1576, 1575, 1577, -1,
      1576, 1577, 1578, -1,
      1578, 1577, 1579, -1,
      1578, 1579, 1580, -1,
      1580, 1579, 1581, -1,
      1580, 1581, 1582, -1,
      1582, 1581, 1583, -1,
      1584, 1582, 1585, -1,
      1585, 1582, 1583, -1,
      1586, 1584, 1587, -1,
      1587, 1584, 1585, -1,
      1588, 1586, 1589, -1,
      1589, 1586, 1587, -1,
      1590, 1588, 1591, -1,
      1591, 1588, 1589, -1,
      1592, 1590, 1593, -1,
      1593, 1590, 1591, -1,
      1594, 1592, 1595, -1,
      1595, 1592, 1593, -1,
      1596, 1594, 1597, -1,
      1597, 1594, 1595, -1,
      1598, 1596, 1599, -1,
      1599, 1596, 1597, -1,
      1600, 1598, 1601, -1,
      1601, 1598, 1599, -1,
      1602, 1600, 1603, -1,
      1603, 1600, 1601, -1,
      1604, 1602, 1605, -1,
      1605, 1602, 1603, -1,
      1606, 1604, 1607, -1,
      1607, 1604, 1605, -1,
      1608, 1606, 1609, -1,
      1609, 1606, 1607, -1,
      1610, 1608, 1611, -1,
      1611, 1608, 1609, -1,
      1612, 1610, 1613, -1,
      1613, 1610, 1611, -1,
      1614, 1612, 1615, -1,
      1615, 1612, 1613, -1,
      1614, 1615, 1616, -1,
      1614, 1616, 1617, -1,
      1617, 1616, 1618, -1,
      1617, 1618, 1619, -1,
      1619, 1618, 1620, -1,
      1619, 1620, 1621, -1,
      1621, 1620, 1622, -1,
      1621, 1622, 1623, -1,
      1623, 1622, 1624, -1,
      1623, 1624, 1625, -1,
      1625, 1624, 1626, -1,
      1625, 1626, 1627, -1,
      1627, 1626, 1628, -1,
      1627, 1628, 1629, -1,
      1629, 1628, 1630, -1,
      1629, 1630, 1631, -1,
      1632, 1631, 1633, -1,
      1633, 1631, 1630, -1,
      1634, 1632, 1635, -1,
      1635, 1632, 1633, -1,
      1636, 1634, 1637, -1,
      1637, 1634, 1635, -1,
      1638, 1636, 1639, -1,
      1639, 1636, 1637, -1,
      1570, 1638, 1571, -1,
      1571, 1638, 1639, -1,
      1594, 1596, 1598, -1,
      1586, 1588, 1590, -1,
      1604, 1606, 1602, -1,
      1602, 1606, 1608, -1,
      1602, 1608, 1600, -1,
      1600, 1608, 1610, -1,
      1600, 1610, 1612, -1,
      1590, 1592, 1586, -1,
      1586, 1592, 1594, -1,
      1586, 1594, 1584, -1,
      1584, 1594, 1598, -1,
      1576, 1578, 1621, -1,
      1621, 1578, 1619, -1,
      1619, 1578, 1580, -1,
      1619, 1580, 1617, -1,
      1617, 1580, 1582, -1,
      1617, 1582, 1614, -1,
      1614, 1582, 1584, -1,
      1614, 1584, 1612, -1,
      1612, 1584, 1598, -1,
      1612, 1598, 1600, -1,
      1634, 1636, 1632, -1,
      1632, 1636, 1638, -1,
      1632, 1638, 1631, -1,
      1631, 1638, 1570, -1,
      1631, 1570, 1629, -1,
      1629, 1570, 1572, -1,
      1629, 1572, 1627, -1,
      1627, 1572, 1574, -1,
      1627, 1574, 1625, -1,
      1625, 1574, 1576, -1,
      1625, 1576, 1623, -1,
      1623, 1576, 1621, -1,
      1591, 1589, 1593, -1,
      1593, 1589, 1587, -1,
      1593, 1587, 1595, -1,
      1595, 1587, 1585, -1,
      1595, 1585, 1597, -1,
      1607, 1605, 1609, -1,
      1609, 1605, 1603, -1,
      1609, 1603, 1611, -1,
      1611, 1603, 1601, -1,
      1611, 1601, 1613, -1,
      1613, 1601, 1599, -1,
      1613, 1599, 1615, -1,
      1581, 1616, 1583, -1,
      1583, 1616, 1615, -1,
      1583, 1615, 1585, -1,
      1585, 1615, 1599, -1,
      1585, 1599, 1597, -1,
      1575, 1624, 1577, -1,
      1577, 1624, 1622, -1,
      1577, 1622, 1579, -1,
      1579, 1622, 1620, -1,
      1579, 1620, 1581, -1,
      1581, 1620, 1618, -1,
      1581, 1618, 1616, -1,
      1637, 1635, 1639, -1,
      1639, 1635, 1633, -1,
      1639, 1633, 1571, -1,
      1571, 1633, 1630, -1,
      1571, 1630, 1573, -1,
      1573, 1630, 1628, -1,
      1573, 1628, 1575, -1,
      1575, 1628, 1626, -1,
      1575, 1626, 1624, -1,
      1640, 1641, 1642, -1,
      1642, 1641, 1643, -1,
      1642, 1643, 1644, -1,
      1644, 1643, 1645, -1,
      1644, 1645, 1646, -1,
      1646, 1645, 1647, -1,
      1646, 1647, 1648, -1,
      1648, 1647, 1649, -1,
      1648, 1649, 1650, -1,
      1650, 1649, 1651, -1,
      1650, 1651, 1652, -1,
      1652, 1651, 1653, -1,
      1654, 1652, 1655, -1,
      1655, 1652, 1653, -1,
      1656, 1654, 1657, -1,
      1657, 1654, 1655, -1,
      1658, 1656, 1659, -1,
      1659, 1656, 1657, -1,
      1660, 1658, 1661, -1,
      1661, 1658, 1659, -1,
      1662, 1660, 1663, -1,
      1663, 1660, 1661, -1,
      1664, 1662, 1665, -1,
      1665, 1662, 1663, -1,
      1666, 1664, 1667, -1,
      1667, 1664, 1665, -1,
      1668, 1666, 1669, -1,
      1669, 1666, 1667, -1,
      1670, 1668, 1671, -1,
      1671, 1668, 1669, -1,
      1672, 1670, 1673, -1,
      1673, 1670, 1671, -1,
      1674, 1672, 1675, -1,
      1675, 1672, 1673, -1,
      1676, 1674, 1677, -1,
      1677, 1674, 1675, -1,
      1678, 1676, 1679, -1,
      1679, 1676, 1677, -1,
      1680, 1678, 1681, -1,
      1681, 1678, 1679, -1,
      1682, 1680, 1683, -1,
      1683, 1680, 1681, -1,
      1684, 1682, 1685, -1,
      1685, 1682, 1683, -1,
      1684, 1685, 1686, -1,
      1684, 1686, 1687, -1,
      1687, 1686, 1688, -1,
      1687, 1688, 1689, -1,
      1689, 1688, 1690, -1,
      1689, 1690, 1691, -1,
      1691, 1690, 1692, -1,
      1691, 1692, 1693, -1,
      1693, 1692, 1694, -1,
      1693, 1694, 1695, -1,
      1695, 1694, 1696, -1,
      1695, 1696, 1697, -1,
      1697, 1696, 1698, -1,
      1697, 1698, 1699, -1,
      1699, 1698, 1700, -1,
      1699, 1700, 1701, -1,
      1702, 1701, 1703, -1,
      1703, 1701, 1700, -1,
      1704, 1702, 1705, -1,
      1705, 1702, 1703, -1,
      1706, 1704, 1707, -1,
      1707, 1704, 1705, -1,
      1708, 1706, 1709, -1,
      1709, 1706, 1707, -1,
      1640, 1708, 1641, -1,
      1641, 1708, 1709, -1,
      1664, 1666, 1668, -1,
      1656, 1658, 1660, -1,
      1674, 1676, 1672, -1,
      1672, 1676, 1678, -1,
      1672, 1678, 1670, -1,
      1670, 1678, 1680, -1,
      1670, 1680, 1682, -1,
      1660, 1662, 1656, -1,
      1656, 1662, 1664, -1,
      1656, 1664, 1654, -1,
      1654, 1664, 1668, -1,
      1646, 1648, 1691, -1,
      1691, 1648, 1689, -1,
      1689, 1648, 1650, -1,
      1689, 1650, 1687, -1,
      1687, 1650, 1652, -1,
      1687, 1652, 1684, -1,
      1684, 1652, 1654, -1,
      1684, 1654, 1682, -1,
      1682, 1654, 1668, -1,
      1682, 1668, 1670, -1,
      1704, 1706, 1702, -1,
      1702, 1706, 1708, -1,
      1702, 1708, 1701, -1,
      1701, 1708, 1640, -1,
      1701, 1640, 1699, -1,
      1699, 1640, 1642, -1,
      1699, 1642, 1697, -1,
      1697, 1642, 1644, -1,
      1697, 1644, 1695, -1,
      1695, 1644, 1646, -1,
      1695, 1646, 1693, -1,
      1693, 1646, 1691, -1,
      1661, 1659, 1663, -1,
      1663, 1659, 1657, -1,
      1663, 1657, 1665, -1,
      1665, 1657, 1655, -1,
      1665, 1655, 1667, -1,
      1677, 1675, 1679, -1,
      1679, 1675, 1673, -1,
      1679, 1673, 1681, -1,
      1681, 1673, 1671, -1,
      1681, 1671, 1683, -1,
      1683, 1671, 1669, -1,
      1683, 1669, 1685, -1,
      1651, 1686, 1653, -1,
      1653, 1686, 1685, -1,
      1653, 1685, 1655, -1,
      1655, 1685, 1669, -1,
      1655, 1669, 1667, -1,
      1645, 1694, 1647, -1,
      1647, 1694, 1692, -1,
      1647, 1692, 1649, -1,
      1649, 1692, 1690, -1,
      1649, 1690, 1651, -1,
      1651, 1690, 1688, -1,
      1651, 1688, 1686, -1,
      1707, 1705, 1709, -1,
      1709, 1705, 1703, -1,
      1709, 1703, 1641, -1,
      1641, 1703, 1700, -1,
      1641, 1700, 1643, -1,
      1643, 1700, 1698, -1,
      1643, 1698, 1645, -1,
      1645, 1698, 1696, -1,
      1645, 1696, 1694, -1,
      1710, 1711, 1712, -1,
      1712, 1711, 1713, -1,
      1712, 1713, 1714, -1,
      1714, 1713, 1715, -1,
      1714, 1715, 1716, -1,
      1716, 1715, 1717, -1,
      1716, 1717, 1718, -1,
      1718, 1717, 1719, -1,
      1718, 1719, 1720, -1,
      1720, 1719, 1721, -1,
      1720, 1721, 1722, -1,
      1722, 1721, 1723, -1,
      1724, 1722, 1725, -1,
      1725, 1722, 1723, -1,
      1726, 1724, 1727, -1,
      1727, 1724, 1725, -1,
      1728, 1726, 1729, -1,
      1729, 1726, 1727, -1,
      1730, 1728, 1731, -1,
      1731, 1728, 1729, -1,
      1732, 1730, 1733, -1,
      1733, 1730, 1731, -1,
      1734, 1732, 1735, -1,
      1735, 1732, 1733, -1,
      1736, 1734, 1737, -1,
      1737, 1734, 1735, -1,
      1738, 1736, 1739, -1,
      1739, 1736, 1737, -1,
      1740, 1738, 1741, -1,
      1741, 1738, 1739, -1,
      1742, 1740, 1743, -1,
      1743, 1740, 1741, -1,
      1744, 1742, 1745, -1,
      1745, 1742, 1743, -1,
      1746, 1744, 1747, -1,
      1747, 1744, 1745, -1,
      1748, 1746, 1749, -1,
      1749, 1746, 1747, -1,
      1750, 1748, 1751, -1,
      1751, 1748, 1749, -1,
      1752, 1750, 1753, -1,
      1753, 1750, 1751, -1,
      1754, 1752, 1755, -1,
      1755, 1752, 1753, -1,
      1754, 1755, 1756, -1,
      1754, 1756, 1757, -1,
      1757, 1756, 1758, -1,
      1757, 1758, 1759, -1,
      1759, 1758, 1760, -1,
      1759, 1760, 1761, -1,
      1761, 1760, 1762, -1,
      1761, 1762, 1763, -1,
      1763, 1762, 1764, -1,
      1763, 1764, 1765, -1,
      1765, 1764, 1766, -1,
      1765, 1766, 1767, -1,
      1767, 1766, 1768, -1,
      1767, 1768, 1769, -1,
      1769, 1768, 1770, -1,
      1769, 1770, 1771, -1,
      1772, 1771, 1773, -1,
      1773, 1771, 1770, -1,
      1774, 1772, 1775, -1,
      1775, 1772, 1773, -1,
      1776, 1774, 1777, -1,
      1777, 1774, 1775, -1,
      1778, 1776, 1779, -1,
      1779, 1776, 1777, -1,
      1710, 1778, 1711, -1,
      1711, 1778, 1779, -1,
      1734, 1736, 1738, -1,
      1726, 1728, 1730, -1,
      1744, 1746, 1742, -1,
      1742, 1746, 1748, -1,
      1742, 1748, 1740, -1,
      1740, 1748, 1750, -1,
      1740, 1750, 1752, -1,
      1730, 1732, 1726, -1,
      1726, 1732, 1734, -1,
      1726, 1734, 1724, -1,
      1724, 1734, 1738, -1,
      1716, 1718, 1761, -1,
      1761, 1718, 1759, -1,
      1759, 1718, 1720, -1,
      1759, 1720, 1757, -1,
      1757, 1720, 1722, -1,
      1757, 1722, 1754, -1,
      1754, 1722, 1724, -1,
      1754, 1724, 1752, -1,
      1752, 1724, 1738, -1,
      1752, 1738, 1740, -1,
      1774, 1776, 1772, -1,
      1772, 1776, 1778, -1,
      1772, 1778, 1771, -1,
      1771, 1778, 1710, -1,
      1771, 1710, 1769, -1,
      1769, 1710, 1712, -1,
      1769, 1712, 1767, -1,
      1767, 1712, 1714, -1,
      1767, 1714, 1765, -1,
      1765, 1714, 1716, -1,
      1765, 1716, 1763, -1,
      1763, 1716, 1761, -1,
      1731, 1729, 1733, -1,
      1733, 1729, 1727, -1,
      1733, 1727, 1735, -1,
      1735, 1727, 1725, -1,
      1735, 1725, 1737, -1,
      1747, 1745, 1749, -1,
      1749, 1745, 1743, -1,
      1749, 1743, 1751, -1,
      1751, 1743, 1741, -1,
      1751, 1741, 1753, -1,
      1753, 1741, 1739, -1,
      1753, 1739, 1755, -1,
      1721, 1756, 1723, -1,
      1723, 1756, 1755, -1,
      1723, 1755, 1725, -1,
      1725, 1755, 1739, -1,
      1725, 1739, 1737, -1,
      1715, 1764, 1717, -1,
      1717, 1764, 1762, -1,
      1717, 1762, 1719, -1,
      1719, 1762, 1760, -1,
      1719, 1760, 1721, -1,
      1721, 1760, 1758, -1,
      1721, 1758, 1756, -1,
      1777, 1775, 1779, -1,
      1779, 1775, 1773, -1,
      1779, 1773, 1711, -1,
      1711, 1773, 1770, -1,
      1711, 1770, 1713, -1,
      1713, 1770, 1768, -1,
      1713, 1768, 1715, -1,
      1715, 1768, 1766, -1,
      1715, 1766, 1764, -1,
      1780, 1781, 1782, -1,
      1782, 1781, 1783, -1,
      1782, 1783, 1784, -1,
      1784, 1783, 1785, -1,
      1784, 1785, 1786, -1,
      1786, 1785, 1787, -1,
      1786, 1787, 1788, -1,
      1788, 1787, 1789, -1,
      1788, 1789, 1790, -1,
      1790, 1789, 1791, -1,
      1790, 1791, 1792, -1,
      1792, 1791, 1793, -1,
      1794, 1792, 1795, -1,
      1795, 1792, 1793, -1,
      1796, 1794, 1797, -1,
      1797, 1794, 1795, -1,
      1798, 1796, 1799, -1,
      1799, 1796, 1797, -1,
      1800, 1798, 1801, -1,
      1801, 1798, 1799, -1,
      1802, 1800, 1803, -1,
      1803, 1800, 1801, -1,
      1804, 1802, 1805, -1,
      1805, 1802, 1803, -1,
      1806, 1804, 1807, -1,
      1807, 1804, 1805, -1,
      1808, 1806, 1809, -1,
      1809, 1806, 1807, -1,
      1810, 1808, 1811, -1,
      1811, 1808, 1809, -1,
      1812, 1810, 1813, -1,
      1813, 1810, 1811, -1,
      1814, 1812, 1815, -1,
      1815, 1812, 1813, -1,
      1816, 1814, 1817, -1,
      1817, 1814, 1815, -1,
      1818, 1816, 1819, -1,
      1819, 1816, 1817, -1,
      1820, 1818, 1821, -1,
      1821, 1818, 1819, -1,
      1822, 1820, 1823, -1,
      1823, 1820, 1821, -1,
      1824, 1822, 1825, -1,
      1825, 1822, 1823, -1,
      1824, 1825, 1826, -1,
      1824, 1826, 1827, -1,
      1827, 1826, 1828, -1,
      1827, 1828, 1829, -1,
      1829, 1828, 1830, -1,
      1829, 1830, 1831, -1,
      1831, 1830, 1832, -1,
      1831, 1832, 1833, -1,
      1833, 1832, 1834, -1,
      1833, 1834, 1835, -1,
      1835, 1834, 1836, -1,
      1835, 1836, 1837, -1,
      1837, 1836, 1838, -1,
      1837, 1838, 1839, -1,
      1839, 1838, 1840, -1,
      1839, 1840, 1841, -1,
      1842, 1841, 1843, -1,
      1843, 1841, 1840, -1,
      1844, 1842, 1845, -1,
      1845, 1842, 1843, -1,
      1846, 1844, 1847, -1,
      1847, 1844, 1845, -1,
      1848, 1846, 1849, -1,
      1849, 1846, 1847, -1,
      1780, 1848, 1781, -1,
      1781, 1848, 1849, -1,
      1804, 1806, 1808, -1,
      1796, 1798, 1800, -1,
      1814, 1816, 1812, -1,
      1812, 1816, 1818, -1,
      1812, 1818, 1810, -1,
      1810, 1818, 1820, -1,
      1810, 1820, 1822, -1,
      1800, 1802, 1796, -1,
      1796, 1802, 1804, -1,
      1796, 1804, 1794, -1,
      1794, 1804, 1808, -1,
      1786, 1788, 1831, -1,
      1831, 1788, 1829, -1,
      1829, 1788, 1790, -1,
      1829, 1790, 1827, -1,
      1827, 1790, 1792, -1,
      1827, 1792, 1824, -1,
      1824, 1792, 1794, -1,
      1824, 1794, 1822, -1,
      1822, 1794, 1808, -1,
      1822, 1808, 1810, -1,
      1844, 1846, 1842, -1,
      1842, 1846, 1848, -1,
      1842, 1848, 1841, -1,
      1841, 1848, 1780, -1,
      1841, 1780, 1839, -1,
      1839, 1780, 1782, -1,
      1839, 1782, 1837, -1,
      1837, 1782, 1784, -1,
      1837, 1784, 1835, -1,
      1835, 1784, 1786, -1,
      1835, 1786, 1833, -1,
      1833, 1786, 1831, -1,
      1801, 1799, 1803, -1,
      1803, 1799, 1797, -1,
      1803, 1797, 1805, -1,
      1805, 1797, 1795, -1,
      1805, 1795, 1807, -1,
      1817, 1815, 1819, -1,
      1819, 1815, 1813, -1,
      1819, 1813, 1821, -1,
      1821, 1813, 1811, -1,
      1821, 1811, 1823, -1,
      1823, 1811, 1809, -1,
      1823, 1809, 1825, -1,
      1791, 1826, 1793, -1,
      1793, 1826, 1825, -1,
      1793, 1825, 1795, -1,
      1795, 1825, 1809, -1,
      1795, 1809, 1807, -1,
      1785, 1834, 1787, -1,
      1787, 1834, 1832, -1,
      1787, 1832, 1789, -1,
      1789, 1832, 1830, -1,
      1789, 1830, 1791, -1,
      1791, 1830, 1828, -1,
      1791, 1828, 1826, -1,
      1847, 1845, 1849, -1,
      1849, 1845, 1843, -1,
      1849, 1843, 1781, -1,
      1781, 1843, 1840, -1,
      1781, 1840, 1783, -1,
      1783, 1840, 1838, -1,
      1783, 1838, 1785, -1,
      1785, 1838, 1836, -1,
      1785, 1836, 1834, -1,
      1850, 1851, 1852, -1,
      1852, 1851, 1853, -1,
      1852, 1853, 1854, -1,
      1854, 1853, 1855, -1,
      1854, 1855, 1856, -1,
      1856, 1855, 1857, -1,
      1856, 1857, 1858, -1,
      1858, 1857, 1859, -1,
      1858, 1859, 1860, -1,
      1860, 1859, 1861, -1,
      1860, 1861, 1862, -1,
      1862, 1861, 1863, -1,
      1864, 1862, 1865, -1,
      1865, 1862, 1863, -1,
      1866, 1864, 1867, -1,
      1867, 1864, 1865, -1,
      1868, 1866, 1869, -1,
      1869, 1866, 1867, -1,
      1870, 1868, 1871, -1,
      1871, 1868, 1869, -1,
      1872, 1870, 1873, -1,
      1873, 1870, 1871, -1,
      1874, 1872, 1875, -1,
      1875, 1872, 1873, -1,
      1876, 1874, 1877, -1,
      1877, 1874, 1875, -1,
      1878, 1876, 1879, -1,
      1879, 1876, 1877, -1,
      1880, 1878, 1881, -1,
      1881, 1878, 1879, -1,
      1882, 1880, 1883, -1,
      1883, 1880, 1881, -1,
      1884, 1882, 1885, -1,
      1885, 1882, 1883, -1,
      1886, 1884, 1887, -1,
      1887, 1884, 1885, -1,
      1888, 1886, 1889, -1,
      1889, 1886, 1887, -1,
      1890, 1888, 1891, -1,
      1891, 1888, 1889, -1,
      1892, 1890, 1893, -1,
      1893, 1890, 1891, -1,
      1894, 1892, 1895, -1,
      1895, 1892, 1893, -1,
      1894, 1895, 1896, -1,
      1894, 1896, 1897, -1,
      1897, 1896, 1898, -1,
      1897, 1898, 1899, -1,
      1899, 1898, 1900, -1,
      1899, 1900, 1901, -1,
      1901, 1900, 1902, -1,
      1901, 1902, 1903, -1,
      1903, 1902, 1904, -1,
      1903, 1904, 1905, -1,
      1905, 1904, 1906, -1,
      1905, 1906, 1907, -1,
      1907, 1906, 1908, -1,
      1907, 1908, 1909, -1,
      1909, 1908, 1910, -1,
      1909, 1910, 1911, -1,
      1912, 1911, 1913, -1,
      1913, 1911, 1910, -1,
      1914, 1912, 1915, -1,
      1915, 1912, 1913, -1,
      1916, 1914, 1917, -1,
      1917, 1914, 1915, -1,
      1918, 1916, 1919, -1,
      1919, 1916, 1917, -1,
      1850, 1918, 1851, -1,
      1851, 1918, 1919, -1,
      1874, 1876, 1878, -1,
      1866, 1868, 1870, -1,
      1884, 1886, 1882, -1,
      1882, 1886, 1888, -1,
      1882, 1888, 1880, -1,
      1880, 1888, 1890, -1,
      1880, 1890, 1892, -1,
      1870, 1872, 1866, -1,
      1866, 1872, 1874, -1,
      1866, 1874, 1864, -1,
      1864, 1874, 1878, -1,
      1856, 1858, 1901, -1,
      1901, 1858, 1899, -1,
      1899, 1858, 1860, -1,
      1899, 1860, 1897, -1,
      1897, 1860, 1862, -1,
      1897, 1862, 1894, -1,
      1894, 1862, 1864, -1,
      1894, 1864, 1892, -1,
      1892, 1864, 1878, -1,
      1892, 1878, 1880, -1,
      1914, 1916, 1912, -1,
      1912, 1916, 1918, -1,
      1912, 1918, 1911, -1,
      1911, 1918, 1850, -1,
      1911, 1850, 1909, -1,
      1909, 1850, 1852, -1,
      1909, 1852, 1907, -1,
      1907, 1852, 1854, -1,
      1907, 1854, 1905, -1,
      1905, 1854, 1856, -1,
      1905, 1856, 1903, -1,
      1903, 1856, 1901, -1,
      1871, 1869, 1873, -1,
      1873, 1869, 1867, -1,
      1873, 1867, 1875, -1,
      1875, 1867, 1865, -1,
      1875, 1865, 1877, -1,
      1887, 1885, 1889, -1,
      1889, 1885, 1883, -1,
      1889, 1883, 1891, -1,
      1891, 1883, 1881, -1,
      1891, 1881, 1893, -1,
      1893, 1881, 1879, -1,
      1893, 1879, 1895, -1,
      1861, 1896, 1863, -1,
      1863, 1896, 1895, -1,
      1863, 1895, 1865, -1,
      1865, 1895, 1879, -1,
      1865, 1879, 1877, -1,
      1855, 1904, 1857, -1,
      1857, 1904, 1902, -1,
      1857, 1902, 1859, -1,
      1859, 1902, 1900, -1,
      1859, 1900, 1861, -1,
      1861, 1900, 1898, -1,
      1861, 1898, 1896, -1,
      1917, 1915, 1919, -1,
      1919, 1915, 1913, -1,
      1919, 1913, 1851, -1,
      1851, 1913, 1910, -1,
      1851, 1910, 1853, -1,
      1853, 1910, 1908, -1,
      1853, 1908, 1855, -1,
      1855, 1908, 1906, -1,
      1855, 1906, 1904, -1,
      1920, 1921, 1922, -1,
      1922, 1921, 1923, -1,
      1922, 1923, 1924, -1,
      1924, 1923, 1925, -1,
      1924, 1925, 1926, -1,
      1926, 1925, 1927, -1,
      1926, 1927, 1928, -1,
      1928, 1927, 1929, -1,
      1928, 1929, 1930, -1,
      1930, 1929, 1931, -1,
      1930, 1931, 1932, -1,
      1932, 1931, 1933, -1,
      1934, 1932, 1935, -1,
      1935, 1932, 1933, -1,
      1936, 1934, 1937, -1,
      1937, 1934, 1935, -1,
      1938, 1936, 1939, -1,
      1939, 1936, 1937, -1,
      1940, 1938, 1941, -1,
      1941, 1938, 1939, -1,
      1942, 1940, 1943, -1,
      1943, 1940, 1941, -1,
      1944, 1942, 1945, -1,
      1945, 1942, 1943, -1,
      1946, 1944, 1947, -1,
      1947, 1944, 1945, -1,
      1948, 1946, 1949, -1,
      1949, 1946, 1947, -1,
      1950, 1948, 1951, -1,
      1951, 1948, 1949, -1,
      1952, 1950, 1953, -1,
      1953, 1950, 1951, -1,
      1954, 1952, 1955, -1,
      1955, 1952, 1953, -1,
      1956, 1954, 1957, -1,
      1957, 1954, 1955, -1,
      1958, 1956, 1959, -1,
      1959, 1956, 1957, -1,
      1960, 1958, 1961, -1,
      1961, 1958, 1959, -1,
      1962, 1960, 1963, -1,
      1963, 1960, 1961, -1,
      1964, 1962, 1965, -1,
      1965, 1962, 1963, -1,
      1964, 1965, 1966, -1,
      1964, 1966, 1967, -1,
      1967, 1966, 1968, -1,
      1967, 1968, 1969, -1,
      1969, 1968, 1970, -1,
      1969, 1970, 1971, -1,
      1971, 1970, 1972, -1,
      1971, 1972, 1973, -1,
      1973, 1972, 1974, -1,
      1973, 1974, 1975, -1,
      1975, 1974, 1976, -1,
      1975, 1976, 1977, -1,
      1977, 1976, 1978, -1,
      1977, 1978, 1979, -1,
      1979, 1978, 1980, -1,
      1979, 1980, 1981, -1,
      1982, 1981, 1983, -1,
      1983, 1981, 1980, -1,
      1984, 1982, 1985, -1,
      1985, 1982, 1983, -1,
      1986, 1984, 1987, -1,
      1987, 1984, 1985, -1,
      1988, 1986, 1989, -1,
      1989, 1986, 1987, -1,
      1920, 1988, 1921, -1,
      1921, 1988, 1989, -1,
      1944, 1946, 1948, -1,
      1936, 1938, 1940, -1,
      1954, 1956, 1952, -1,
      1952, 1956, 1958, -1,
      1952, 1958, 1950, -1,
      1950, 1958, 1960, -1,
      1950, 1960, 1962, -1,
      1940, 1942, 1936, -1,
      1936, 1942, 1944, -1,
      1936, 1944, 1934, -1,
      1934, 1944, 1948, -1,
      1926, 1928, 1971, -1,
      1971, 1928, 1969, -1,
      1969, 1928, 1930, -1,
      1969, 1930, 1967, -1,
      1967, 1930, 1932, -1,
      1967, 1932, 1964, -1,
      1964, 1932, 1934, -1,
      1964, 1934, 1962, -1,
      1962, 1934, 1948, -1,
      1962, 1948, 1950, -1,
      1984, 1986, 1982, -1,
      1982, 1986, 1988, -1,
      1982, 1988, 1981, -1,
      1981, 1988, 1920, -1,
      1981, 1920, 1979, -1,
      1979, 1920, 1922, -1,
      1979, 1922, 1977, -1,
      1977, 1922, 1924, -1,
      1977, 1924, 1975, -1,
      1975, 1924, 1926, -1,
      1975, 1926, 1973, -1,
      1973, 1926, 1971, -1,
      1941, 1939, 1943, -1,
      1943, 1939, 1937, -1,
      1943, 1937, 1945, -1,
      1945, 1937, 1935, -1,
      1945, 1935, 1947, -1,
      1957, 1955, 1959, -1,
      1959, 1955, 1953, -1,
      1959, 1953, 1961, -1,
      1961, 1953, 1951, -1,
      1961, 1951, 1963, -1,
      1963, 1951, 1949, -1,
      1963, 1949, 1965, -1,
      1931, 1966, 1933, -1,
      1933, 1966, 1965, -1,
      1933, 1965, 1935, -1,
      1935, 1965, 1949, -1,
      1935, 1949, 1947, -1,
      1925, 1974, 1927, -1,
      1927, 1974, 1972, -1,
      1927, 1972, 1929, -1,
      1929, 1972, 1970, -1,
      1929, 1970, 1931, -1,
      1931, 1970, 1968, -1,
      1931, 1968, 1966, -1,
      1987, 1985, 1989, -1,
      1989, 1985, 1983, -1,
      1989, 1983, 1921, -1,
      1921, 1983, 1980, -1,
      1921, 1980, 1923, -1,
      1923, 1980, 1978, -1,
      1923, 1978, 1925, -1,
      1925, 1978, 1976, -1,
      1925, 1976, 1974, -1,
      1990, 1991, 1992, -1,
      1992, 1991, 1993, -1,
      1992, 1993, 1994, -1,
      1994, 1993, 1995, -1,
      1994, 1995, 1996, -1,
      1996, 1995, 1997, -1,
      1996, 1997, 1998, -1,
      1998, 1997, 1999, -1,
      1998, 1999, 2000, -1,
      2000, 1999, 2001, -1,
      2000, 2001, 2002, -1,
      2002, 2001, 2003, -1,
      2004, 2002, 2005, -1,
      2005, 2002, 2003, -1,
      2006, 2004, 2007, -1,
      2007, 2004, 2005, -1,
      2008, 2006, 2009, -1,
      2009, 2006, 2007, -1,
      2010, 2008, 2011, -1,
      2011, 2008, 2009, -1,
      2012, 2010, 2013, -1,
      2013, 2010, 2011, -1,
      2014, 2012, 2015, -1,
      2015, 2012, 2013, -1,
      2016, 2014, 2017, -1,
      2017, 2014, 2015, -1,
      2018, 2016, 2019, -1,
      2019, 2016, 2017, -1,
      2020, 2018, 2021, -1,
      2021, 2018, 2019, -1,
      2022, 2020, 2023, -1,
      2023, 2020, 2021, -1,
      2024, 2022, 2025, -1,
      2025, 2022, 2023, -1,
      2026, 2024, 2027, -1,
      2027, 2024, 2025, -1,
      2028, 2026, 2029, -1,
      2029, 2026, 2027, -1,
      2030, 2028, 2031, -1,
      2031, 2028, 2029, -1,
      2032, 2030, 2033, -1,
      2033, 2030, 2031, -1,
      2034, 2032, 2035, -1,
      2035, 2032, 2033, -1,
      2034, 2035, 2036, -1,
      2034, 2036, 2037, -1,
      2037, 2036, 2038, -1,
      2037, 2038, 2039, -1,
      2039, 2038, 2040, -1,
      2039, 2040, 2041, -1,
      2041, 2040, 2042, -1,
      2041, 2042, 2043, -1,
      2043, 2042, 2044, -1,
      2043, 2044, 2045, -1,
      2045, 2044, 2046, -1,
      2045, 2046, 2047, -1,
      2047, 2046, 2048, -1,
      2047, 2048, 2049, -1,
      2049, 2048, 2050, -1,
      2049, 2050, 2051, -1,
      2052, 2051, 2053, -1,
      2053, 2051, 2050, -1,
      2054, 2052, 2055, -1,
      2055, 2052, 2053, -1,
      2056, 2054, 2057, -1,
      2057, 2054, 2055, -1,
      2058, 2056, 2059, -1,
      2059, 2056, 2057, -1,
      1990, 2058, 1991, -1,
      1991, 2058, 2059, -1,
      2014, 2016, 2018, -1,
      2006, 2008, 2010, -1,
      2024, 2026, 2022, -1,
      2022, 2026, 2028, -1,
      2022, 2028, 2020, -1,
      2020, 2028, 2030, -1,
      2020, 2030, 2032, -1,
      2010, 2012, 2006, -1,
      2006, 2012, 2014, -1,
      2006, 2014, 2004, -1,
      2004, 2014, 2018, -1,
      1996, 1998, 2041, -1,
      2041, 1998, 2039, -1,
      2039, 1998, 2000, -1,
      2039, 2000, 2037, -1,
      2037, 2000, 2002, -1,
      2037, 2002, 2034, -1,
      2034, 2002, 2004, -1,
      2034, 2004, 2032, -1,
      2032, 2004, 2018, -1,
      2032, 2018, 2020, -1,
      2054, 2056, 2052, -1,
      2052, 2056, 2058, -1,
      2052, 2058, 2051, -1,
      2051, 2058, 1990, -1,
      2051, 1990, 2049, -1,
      2049, 1990, 1992, -1,
      2049, 1992, 2047, -1,
      2047, 1992, 1994, -1,
      2047, 1994, 2045, -1,
      2045, 1994, 1996, -1,
      2045, 1996, 2043, -1,
      2043, 1996, 2041, -1,
      2011, 2009, 2013, -1,
      2013, 2009, 2007, -1,
      2013, 2007, 2015, -1,
      2015, 2007, 2005, -1,
      2015, 2005, 2017, -1,
      2027, 2025, 2029, -1,
      2029, 2025, 2023, -1,
      2029, 2023, 2031, -1,
      2031, 2023, 2021, -1,
      2031, 2021, 2033, -1,
      2033, 2021, 2019, -1,
      2033, 2019, 2035, -1,
      2001, 2036, 2003, -1,
      2003, 2036, 2035, -1,
      2003, 2035, 2005, -1,
      2005, 2035, 2019, -1,
      2005, 2019, 2017, -1,
      1995, 2044, 1997, -1,
      1997, 2044, 2042, -1,
      1997, 2042, 1999, -1,
      1999, 2042, 2040, -1,
      1999, 2040, 2001, -1,
      2001, 2040, 2038, -1,
      2001, 2038, 2036, -1,
      2057, 2055, 2059, -1,
      2059, 2055, 2053, -1,
      2059, 2053, 1991, -1,
      1991, 2053, 2050, -1,
      1991, 2050, 1993, -1,
      1993, 2050, 2048, -1,
      1993, 2048, 1995, -1,
      1995, 2048, 2046, -1,
      1995, 2046, 2044, -1,
      2060, 2061, 2062, -1,
      2062, 2061, 2063, -1,
      2062, 2063, 2064, -1,
      2064, 2063, 2065, -1,
      2064, 2065, 2066, -1,
      2066, 2065, 2067, -1,
      2066, 2067, 2068, -1,
      2068, 2067, 2069, -1,
      2068, 2069, 2070, -1,
      2070, 2069, 2071, -1,
      2070, 2071, 2072, -1,
      2072, 2071, 2073, -1,
      2074, 2072, 2075, -1,
      2075, 2072, 2073, -1,
      2076, 2074, 2077, -1,
      2077, 2074, 2075, -1,
      2078, 2076, 2079, -1,
      2079, 2076, 2077, -1,
      2080, 2078, 2081, -1,
      2081, 2078, 2079, -1,
      2082, 2080, 2083, -1,
      2083, 2080, 2081, -1,
      2084, 2082, 2085, -1,
      2085, 2082, 2083, -1,
      2086, 2084, 2087, -1,
      2087, 2084, 2085, -1,
      2088, 2086, 2089, -1,
      2089, 2086, 2087, -1,
      2090, 2088, 2091, -1,
      2091, 2088, 2089, -1,
      2092, 2090, 2093, -1,
      2093, 2090, 2091, -1,
      2094, 2092, 2095, -1,
      2095, 2092, 2093, -1,
      2096, 2094, 2097, -1,
      2097, 2094, 2095, -1,
      2098, 2096, 2099, -1,
      2099, 2096, 2097, -1,
      2100, 2098, 2101, -1,
      2101, 2098, 2099, -1,
      2102, 2100, 2103, -1,
      2103, 2100, 2101, -1,
      2104, 2102, 2105, -1,
      2105, 2102, 2103, -1,
      2104, 2105, 2106, -1,
      2104, 2106, 2107, -1,
      2107, 2106, 2108, -1,
      2107, 2108, 2109, -1,
      2109, 2108, 2110, -1,
      2109, 2110, 2111, -1,
      2111, 2110, 2112, -1,
      2111, 2112, 2113, -1,
      2113, 2112, 2114, -1,
      2113, 2114, 2115, -1,
      2115, 2114, 2116, -1,
      2115, 2116, 2117, -1,
      2117, 2116, 2118, -1,
      2117, 2118, 2119, -1,
      2119, 2118, 2120, -1,
      2119, 2120, 2121, -1,
      2122, 2121, 2123, -1,
      2123, 2121, 2120, -1,
      2124, 2122, 2125, -1,
      2125, 2122, 2123, -1,
      2126, 2124, 2127, -1,
      2127, 2124, 2125, -1,
      2128, 2126, 2129, -1,
      2129, 2126, 2127, -1,
      2060, 2128, 2061, -1,
      2061, 2128, 2129, -1,
      2084, 2086, 2088, -1,
      2076, 2078, 2080, -1,
      2094, 2096, 2092, -1,
      2092, 2096, 2098, -1,
      2092, 2098, 2090, -1,
      2090, 2098, 2100, -1,
      2090, 2100, 2102, -1,
      2080, 2082, 2076, -1,
      2076, 2082, 2084, -1,
      2076, 2084, 2074, -1,
      2074, 2084, 2088, -1,
      2066, 2068, 2111, -1,
      2111, 2068, 2109, -1,
      2109, 2068, 2070, -1,
      2109, 2070, 2107, -1,
      2107, 2070, 2072, -1,
      2107, 2072, 2104, -1,
      2104, 2072, 2074, -1,
      2104, 2074, 2102, -1,
      2102, 2074, 2088, -1,
      2102, 2088, 2090, -1,
      2124, 2126, 2122, -1,
      2122, 2126, 2128, -1,
      2122, 2128, 2121, -1,
      2121, 2128, 2060, -1,
      2121, 2060, 2119, -1,
      2119, 2060, 2062, -1,
      2119, 2062, 2117, -1,
      2117, 2062, 2064, -1,
      2117, 2064, 2115, -1,
      2115, 2064, 2066, -1,
      2115, 2066, 2113, -1,
      2113, 2066, 2111, -1,
      2081, 2079, 2083, -1,
      2083, 2079, 2077, -1,
      2083, 2077, 2085, -1,
      2085, 2077, 2075, -1,
      2085, 2075, 2087, -1,
      2097, 2095, 2099, -1,
      2099, 2095, 2093, -1,
      2099, 2093, 2101, -1,
      2101, 2093, 2091, -1,
      2101, 2091, 2103, -1,
      2103, 2091, 2089, -1,
      2103, 2089, 2105, -1,
      2071, 2106, 2073, -1,
      2073, 2106, 2105, -1,
      2073, 2105, 2075, -1,
      2075, 2105, 2089, -1,
      2075, 2089, 2087, -1,
      2065, 2114, 2067, -1,
      2067, 2114, 2112, -1,
      2067, 2112, 2069, -1,
      2069, 2112, 2110, -1,
      2069, 2110, 2071, -1,
      2071, 2110, 2108, -1,
      2071, 2108, 2106, -1,
      2127, 2125, 2129, -1,
      2129, 2125, 2123, -1,
      2129, 2123, 2061, -1,
      2061, 2123, 2120, -1,
      2061, 2120, 2063, -1,
      2063, 2120, 2118, -1,
      2063, 2118, 2065, -1,
      2065, 2118, 2116, -1,
      2065, 2116, 2114, -1,
      2130, 2131, 2132, -1,
      2132, 2131, 2133, -1,
      2132, 2133, 2134, -1,
      2134, 2133, 2135, -1,
      2134, 2135, 2136, -1,
      2136, 2135, 2137, -1,
      2136, 2137, 2138, -1,
      2138, 2137, 2139, -1,
      2138, 2139, 2140, -1,
      2140, 2139, 2141, -1,
      2140, 2141, 2142, -1,
      2142, 2141, 2143, -1,
      2144, 2142, 2145, -1,
      2145, 2142, 2143, -1,
      2146, 2144, 2147, -1,
      2147, 2144, 2145, -1,
      2148, 2146, 2149, -1,
      2149, 2146, 2147, -1,
      2150, 2148, 2151, -1,
      2151, 2148, 2149, -1,
      2152, 2150, 2153, -1,
      2153, 2150, 2151, -1,
      2154, 2152, 2155, -1,
      2155, 2152, 2153, -1,
      2156, 2154, 2157, -1,
      2157, 2154, 2155, -1,
      2158, 2156, 2159, -1,
      2159, 2156, 2157, -1,
      2160, 2158, 2161, -1,
      2161, 2158, 2159, -1,
      2162, 2160, 2163, -1,
      2163, 2160, 2161, -1,
      2164, 2162, 2165, -1,
      2165, 2162, 2163, -1,
      2166, 2164, 2167, -1,
      2167, 2164, 2165, -1,
      2168, 2166, 2169, -1,
      2169, 2166, 2167, -1,
      2170, 2168, 2171, -1,
      2171, 2168, 2169, -1,
      2172, 2170, 2173, -1,
      2173, 2170, 2171, -1,
      2174, 2172, 2175, -1,
      2175, 2172, 2173, -1,
      2174, 2175, 2176, -1,
      2174, 2176, 2177, -1,
      2177, 2176, 2178, -1,
      2177, 2178, 2179, -1,
      2179, 2178, 2180, -1,
      2179, 2180, 2181, -1,
      2181, 2180, 2182, -1,
      2181, 2182, 2183, -1,
      2183, 2182, 2184, -1,
      2183, 2184, 2185, -1,
      2185, 2184, 2186, -1,
      2185, 2186, 2187, -1,
      2187, 2186, 2188, -1,
      2187, 2188, 2189, -1,
      2189, 2188, 2190, -1,
      2189, 2190, 2191, -1,
      2192, 2191, 2193, -1,
      2193, 2191, 2190, -1,
      2194, 2192, 2195, -1,
      2195, 2192, 2193, -1,
      2196, 2194, 2197, -1,
      2197, 2194, 2195, -1,
      2198, 2196, 2199, -1,
      2199, 2196, 2197, -1,
      2130, 2198, 2131, -1,
      2131, 2198, 2199, -1,
      2154, 2156, 2158, -1,
      2146, 2148, 2150, -1,
      2164, 2166, 2162, -1,
      2162, 2166, 2168, -1,
      2162, 2168, 2160, -1,
      2160, 2168, 2170, -1,
      2160, 2170, 2172, -1,
      2150, 2152, 2146, -1,
      2146, 2152, 2154, -1,
      2146, 2154, 2144, -1,
      2144, 2154, 2158, -1,
      2136, 2138, 2181, -1,
      2181, 2138, 2179, -1,
      2179, 2138, 2140, -1,
      2179, 2140, 2177, -1,
      2177, 2140, 2142, -1,
      2177, 2142, 2174, -1,
      2174, 2142, 2144, -1,
      2174, 2144, 2172, -1,
      2172, 2144, 2158, -1,
      2172, 2158, 2160, -1,
      2194, 2196, 2192, -1,
      2192, 2196, 2198, -1,
      2192, 2198, 2191, -1,
      2191, 2198, 2130, -1,
      2191, 2130, 2189, -1,
      2189, 2130, 2132, -1,
      2189, 2132, 2187, -1,
      2187, 2132, 2134, -1,
      2187, 2134, 2185, -1,
      2185, 2134, 2136, -1,
      2185, 2136, 2183, -1,
      2183, 2136, 2181, -1,
      2151, 2149, 2153, -1,
      2153, 2149, 2147, -1,
      2153, 2147, 2155, -1,
      2155, 2147, 2145, -1,
      2155, 2145, 2157, -1,
      2167, 2165, 2169, -1,
      2169, 2165, 2163, -1,
      2169, 2163, 2171, -1,
      2171, 2163, 2161, -1,
      2171, 2161, 2173, -1,
      2173, 2161, 2159, -1,
      2173, 2159, 2175, -1,
      2141, 2176, 2143, -1,
      2143, 2176, 2175, -1,
      2143, 2175, 2145, -1,
      2145, 2175, 2159, -1,
      2145, 2159, 2157, -1,
      2135, 2184, 2137, -1,
      2137, 2184, 2182, -1,
      2137, 2182, 2139, -1,
      2139, 2182, 2180, -1,
      2139, 2180, 2141, -1,
      2141, 2180, 2178, -1,
      2141, 2178, 2176, -1,
      2197, 2195, 2199, -1,
      2199, 2195, 2193, -1,
      2199, 2193, 2131, -1,
      2131, 2193, 2190, -1,
      2131, 2190, 2133, -1,
      2133, 2190, 2188, -1,
      2133, 2188, 2135, -1,
      2135, 2188, 2186, -1,
      2135, 2186, 2184, -1,
      2200, 2201, 2202, -1,
      2202, 2201, 2203, -1,
      2202, 2203, 2204, -1,
      2204, 2203, 2205, -1,
      2204, 2205, 2206, -1,
      2206, 2205, 2207, -1,
      2206, 2207, 2208, -1,
      2208, 2207, 2209, -1,
      2208, 2209, 2210, -1,
      2210, 2209, 2211, -1,
      2210, 2211, 2212, -1,
      2212, 2211, 2213, -1,
      2214, 2212, 2215, -1,
      2215, 2212, 2213, -1,
      2216, 2214, 2217, -1,
      2217, 2214, 2215, -1,
      2218, 2216, 2219, -1,
      2219, 2216, 2217, -1,
      2220, 2218, 2221, -1,
      2221, 2218, 2219, -1,
      2222, 2220, 2223, -1,
      2223, 2220, 2221, -1,
      2224, 2222, 2225, -1,
      2225, 2222, 2223, -1,
      2226, 2224, 2227, -1,
      2227, 2224, 2225, -1,
      2228, 2226, 2229, -1,
      2229, 2226, 2227, -1,
      2230, 2228, 2231, -1,
      2231, 2228, 2229, -1,
      2232, 2230, 2233, -1,
      2233, 2230, 2231, -1,
      2234, 2232, 2235, -1,
      2235, 2232, 2233, -1,
      2236, 2234, 2237, -1,
      2237, 2234, 2235, -1,
      2238, 2236, 2239, -1,
      2239, 2236, 2237, -1,
      2240, 2238, 2241, -1,
      2241, 2238, 2239, -1,
      2242, 2240, 2243, -1,
      2243, 2240, 2241, -1,
      2244, 2242, 2245, -1,
      2245, 2242, 2243, -1,
      2244, 2245, 2246, -1,
      2244, 2246, 2247, -1,
      2247, 2246, 2248, -1,
      2247, 2248, 2249, -1,
      2249, 2248, 2250, -1,
      2249, 2250, 2251, -1,
      2251, 2250, 2252, -1,
      2251, 2252, 2253, -1,
      2253, 2252, 2254, -1,
      2253, 2254, 2255, -1,
      2255, 2254, 2256, -1,
      2255, 2256, 2257, -1,
      2257, 2256, 2258, -1,
      2257, 2258, 2259, -1,
      2259, 2258, 2260, -1,
      2259, 2260, 2261, -1,
      2262, 2261, 2263, -1,
      2263, 2261, 2260, -1,
      2264, 2262, 2265, -1,
      2265, 2262, 2263, -1,
      2266, 2264, 2267, -1,
      2267, 2264, 2265, -1,
      2268, 2266, 2269, -1,
      2269, 2266, 2267, -1,
      2200, 2268, 2201, -1,
      2201, 2268, 2269, -1,
      2224, 2226, 2228, -1,
      2216, 2218, 2220, -1,
      2234, 2236, 2232, -1,
      2232, 2236, 2238, -1,
      2232, 2238, 2230, -1,
      2230, 2238, 2240, -1,
      2230, 2240, 2242, -1,
      2220, 2222, 2216, -1,
      2216, 2222, 2224, -1,
      2216, 2224, 2214, -1,
      2214, 2224, 2228, -1,
      2206, 2208, 2251, -1,
      2251, 2208, 2249, -1,
      2249, 2208, 2210, -1,
      2249, 2210, 2247, -1,
      2247, 2210, 2212, -1,
      2247, 2212, 2244, -1,
      2244, 2212, 2214, -1,
      2244, 2214, 2242, -1,
      2242, 2214, 2228, -1,
      2242, 2228, 2230, -1,
      2264, 2266, 2262, -1,
      2262, 2266, 2268, -1,
      2262, 2268, 2261, -1,
      2261, 2268, 2200, -1,
      2261, 2200, 2259, -1,
      2259, 2200, 2202, -1,
      2259, 2202, 2257, -1,
      2257, 2202, 2204, -1,
      2257, 2204, 2255, -1,
      2255, 2204, 2206, -1,
      2255, 2206, 2253, -1,
      2253, 2206, 2251, -1,
      2221, 2219, 2223, -1,
      2223, 2219, 2217, -1,
      2223, 2217, 2225, -1,
      2225, 2217, 2215, -1,
      2225, 2215, 2227, -1,
      2237, 2235, 2239, -1,
      2239, 2235, 2233, -1,
      2239, 2233, 2241, -1,
      2241, 2233, 2231, -1,
      2241, 2231, 2243, -1,
      2243, 2231, 2229, -1,
      2243, 2229, 2245, -1,
      2211, 2246, 2213, -1,
      2213, 2246, 2245, -1,
      2213, 2245, 2215, -1,
      2215, 2245, 2229, -1,
      2215, 2229, 2227, -1,
      2205, 2254, 2207, -1,
      2207, 2254, 2252, -1,
      2207, 2252, 2209, -1,
      2209, 2252, 2250, -1,
      2209, 2250, 2211, -1,
      2211, 2250, 2248, -1,
      2211, 2248, 2246, -1,
      2267, 2265, 2269, -1,
      2269, 2265, 2263, -1,
      2269, 2263, 2201, -1,
      2201, 2263, 2260, -1,
      2201, 2260, 2203, -1,
      2203, 2260, 2258, -1,
      2203, 2258, 2205, -1,
      2205, 2258, 2256, -1,
      2205, 2256, 2254, -1,
      2270, 2271, 2272, -1,
      2272, 2271, 2273, -1,
      2272, 2273, 2274, -1,
      2274, 2273, 2275, -1,
      2274, 2275, 2276, -1,
      2276, 2275, 2277, -1,
      2276, 2277, 2278, -1,
      2278, 2277, 2279, -1,
      2278, 2279, 2280, -1,
      2280, 2279, 2281, -1,
      2280, 2281, 2282, -1,
      2282, 2281, 2283, -1,
      2284, 2282, 2285, -1,
      2285, 2282, 2283, -1,
      2286, 2284, 2287, -1,
      2287, 2284, 2285, -1,
      2288, 2286, 2289, -1,
      2289, 2286, 2287, -1,
      2290, 2288, 2291, -1,
      2291, 2288, 2289, -1,
      2292, 2290, 2293, -1,
      2293, 2290, 2291, -1,
      2294, 2292, 2295, -1,
      2295, 2292, 2293, -1,
      2296, 2294, 2297, -1,
      2297, 2294, 2295, -1,
      2298, 2296, 2299, -1,
      2299, 2296, 2297, -1,
      2300, 2298, 2301, -1,
      2301, 2298, 2299, -1,
      2302, 2300, 2303, -1,
      2303, 2300, 2301, -1,
      2304, 2302, 2305, -1,
      2305, 2302, 2303, -1,
      2306, 2304, 2307, -1,
      2307, 2304, 2305, -1,
      2308, 2306, 2309, -1,
      2309, 2306, 2307, -1,
      2310, 2308, 2311, -1,
      2311, 2308, 2309, -1,
      2312, 2310, 2313, -1,
      2313, 2310, 2311, -1,
      2314, 2312, 2315, -1,
      2315, 2312, 2313, -1,
      2314, 2315, 2316, -1,
      2314, 2316, 2317, -1,
      2317, 2316, 2318, -1,
      2317, 2318, 2319, -1,
      2319, 2318, 2320, -1,
      2319, 2320, 2321, -1,
      2321, 2320, 2322, -1,
      2321, 2322, 2323, -1,
      2323, 2322, 2324, -1,
      2323, 2324, 2325, -1,
      2325, 2324, 2326, -1,
      2325, 2326, 2327, -1,
      2327, 2326, 2328, -1,
      2327, 2328, 2329, -1,
      2329, 2328, 2330, -1,
      2329, 2330, 2331, -1,
      2332, 2331, 2333, -1,
      2333, 2331, 2330, -1,
      2334, 2332, 2335, -1,
      2335, 2332, 2333, -1,
      2336, 2334, 2337, -1,
      2337, 2334, 2335, -1,
      2338, 2336, 2339, -1,
      2339, 2336, 2337, -1,
      2270, 2338, 2271, -1,
      2271, 2338, 2339, -1,
      2294, 2296, 2298, -1,
      2286, 2288, 2290, -1,
      2304, 2306, 2302, -1,
      2302, 2306, 2308, -1,
      2302, 2308, 2300, -1,
      2300, 2308, 2310, -1,
      2300, 2310, 2312, -1,
      2290, 2292, 2286, -1,
      2286, 2292, 2294, -1,
      2286, 2294, 2284, -1,
      2284, 2294, 2298, -1,
      2276, 2278, 2321, -1,
      2321, 2278, 2319, -1,
      2319, 2278, 2280, -1,
      2319, 2280, 2317, -1,
      2317, 2280, 2282, -1,
      2317, 2282, 2314, -1,
      2314, 2282, 2284, -1,
      2314, 2284, 2312, -1,
      2312, 2284, 2298, -1,
      2312, 2298, 2300, -1,
      2334, 2336, 2332, -1,
      2332, 2336, 2338, -1,
      2332, 2338, 2331, -1,
      2331, 2338, 2270, -1,
      2331, 2270, 2329, -1,
      2329, 2270, 2272, -1,
      2329, 2272, 2327, -1,
      2327, 2272, 2274, -1,
      2327, 2274, 2325, -1,
      2325, 2274, 2276, -1,
      2325, 2276, 2323, -1,
      2323, 2276, 2321, -1,
      2291, 2289, 2293, -1,
      2293, 2289, 2287, -1,
      2293, 2287, 2295, -1,
      2295, 2287, 2285, -1,
      2295, 2285, 2297, -1,
      2307, 2305, 2309, -1,
      2309, 2305, 2303, -1,
      2309, 2303, 2311, -1,
      2311, 2303, 2301, -1,
      2311, 2301, 2313, -1,
      2313, 2301, 2299, -1,
      2313, 2299, 2315, -1,
      2281, 2316, 2283, -1,
      2283, 2316, 2315, -1,
      2283, 2315, 2285, -1,
      2285, 2315, 2299, -1,
      2285, 2299, 2297, -1,
      2275, 2324, 2277, -1,
      2277, 2324, 2322, -1,
      2277, 2322, 2279, -1,
      2279, 2322, 2320, -1,
      2279, 2320, 2281, -1,
      2281, 2320, 2318, -1,
      2281, 2318, 2316, -1,
      2337, 2335, 2339, -1,
      2339, 2335, 2333, -1,
      2339, 2333, 2271, -1,
      2271, 2333, 2330, -1,
      2271, 2330, 2273, -1,
      2273, 2330, 2328, -1,
      2273, 2328, 2275, -1,
      2275, 2328, 2326, -1,
      2275, 2326, 2324, -1,
      2340, 2341, 2342, -1,
      2342, 2341, 2343, -1,
      2342, 2343, 2344, -1,
      2344, 2343, 2345, -1,
      2344, 2345, 2346, -1,
      2346, 2345, 2347, -1,
      2346, 2347, 2348, -1,
      2348, 2347, 2349, -1,
      2348, 2349, 2350, -1,
      2350, 2349, 2351, -1,
      2350, 2351, 2352, -1,
      2352, 2351, 2353, -1,
      2354, 2352, 2355, -1,
      2355, 2352, 2353, -1,
      2356, 2354, 2357, -1,
      2357, 2354, 2355, -1,
      2358, 2356, 2359, -1,
      2359, 2356, 2357, -1,
      2360, 2358, 2361, -1,
      2361, 2358, 2359, -1,
      2362, 2360, 2363, -1,
      2363, 2360, 2361, -1,
      2364, 2362, 2365, -1,
      2365, 2362, 2363, -1,
      2366, 2364, 2367, -1,
      2367, 2364, 2365, -1,
      2368, 2366, 2369, -1,
      2369, 2366, 2367, -1,
      2370, 2368, 2371, -1,
      2371, 2368, 2369, -1,
      2372, 2370, 2373, -1,
      2373, 2370, 2371, -1,
      2374, 2372, 2375, -1,
      2375, 2372, 2373, -1,
      2376, 2374, 2377, -1,
      2377, 2374, 2375, -1,
      2378, 2376, 2379, -1,
      2379, 2376, 2377, -1,
      2380, 2378, 2381, -1,
      2381, 2378, 2379, -1,
      2382, 2380, 2383, -1,
      2383, 2380, 2381, -1,
      2384, 2382, 2385, -1,
      2385, 2382, 2383, -1,
      2384, 2385, 2386, -1,
      2384, 2386, 2387, -1,
      2387, 2386, 2388, -1,
      2387, 2388, 2389, -1,
      2389, 2388, 2390, -1,
      2389, 2390, 2391, -1,
      2391, 2390, 2392, -1,
      2391, 2392, 2393, -1,
      2393, 2392, 2394, -1,
      2393, 2394, 2395, -1,
      2395, 2394, 2396, -1,
      2395, 2396, 2397, -1,
      2397, 2396, 2398, -1,
      2397, 2398, 2399, -1,
      2399, 2398, 2400, -1,
      2399, 2400, 2401, -1,
      2402, 2401, 2403, -1,
      2403, 2401, 2400, -1,
      2404, 2402, 2405, -1,
      2405, 2402, 2403, -1,
      2406, 2404, 2407, -1,
      2407, 2404, 2405, -1,
      2408, 2406, 2409, -1,
      2409, 2406, 2407, -1,
      2340, 2408, 2341, -1,
      2341, 2408, 2409, -1,
      2364, 2366, 2368, -1,
      2356, 2358, 2360, -1,
      2374, 2376, 2372, -1,
      2372, 2376, 2378, -1,
      2372, 2378, 2370, -1,
      2370, 2378, 2380, -1,
      2370, 2380, 2382, -1,
      2360, 2362, 2356, -1,
      2356, 2362, 2364, -1,
      2356, 2364, 2354, -1,
      2354, 2364, 2368, -1,
      2346, 2348, 2391, -1,
      2391, 2348, 2389, -1,
      2389, 2348, 2350, -1,
      2389, 2350, 2387, -1,
      2387, 2350, 2352, -1,
      2387, 2352, 2384, -1,
      2384, 2352, 2354, -1,
      2384, 2354, 2382, -1,
      2382, 2354, 2368, -1,
      2382, 2368, 2370, -1,
      2404, 2406, 2402, -1,
      2402, 2406, 2408, -1,
      2402, 2408, 2401, -1,
      2401, 2408, 2340, -1,
      2401, 2340, 2399, -1,
      2399, 2340, 2342, -1,
      2399, 2342, 2397, -1,
      2397, 2342, 2344, -1,
      2397, 2344, 2395, -1,
      2395, 2344, 2346, -1,
      2395, 2346, 2393, -1,
      2393, 2346, 2391, -1,
      2361, 2359, 2363, -1,
      2363, 2359, 2357, -1,
      2363, 2357, 2365, -1,
      2365, 2357, 2355, -1,
      2365, 2355, 2367, -1,
      2377, 2375, 2379, -1,
      2379, 2375, 2373, -1,
      2379, 2373, 2381, -1,
      2381, 2373, 2371, -1,
      2381, 2371, 2383, -1,
      2383, 2371, 2369, -1,
      2383, 2369, 2385, -1,
      2351, 2386, 2353, -1,
      2353, 2386, 2385, -1,
      2353, 2385, 2355, -1,
      2355, 2385, 2369, -1,
      2355, 2369, 2367, -1,
      2345, 2394, 2347, -1,
      2347, 2394, 2392, -1,
      2347, 2392, 2349, -1,
      2349, 2392, 2390, -1,
      2349, 2390, 2351, -1,
      2351, 2390, 2388, -1,
      2351, 2388, 2386, -1,
      2407, 2405, 2409, -1,
      2409, 2405, 2403, -1,
      2409, 2403, 2341, -1,
      2341, 2403, 2400, -1,
      2341, 2400, 2343, -1,
      2343, 2400, 2398, -1,
      2343, 2398, 2345, -1,
      2345, 2398, 2396, -1,
      2345, 2396, 2394, -1,
      2410, 2411, 2412, -1,
      2412, 2411, 2413, -1,
      2412, 2413, 2414, -1,
      2414, 2413, 2415, -1,
      2414, 2415, 2416, -1,
      2416, 2415, 2417, -1,
      2416, 2417, 2418, -1,
      2418, 2417, 2419, -1,
      2418, 2419, 2420, -1,
      2420, 2419, 2421, -1,
      2420, 2421, 2422, -1,
      2422, 2421, 2423, -1,
      2424, 2422, 2425, -1,
      2425, 2422, 2423, -1,
      2426, 2424, 2427, -1,
      2427, 2424, 2425, -1,
      2428, 2426, 2429, -1,
      2429, 2426, 2427, -1,
      2430, 2428, 2431, -1,
      2431, 2428, 2429, -1,
      2432, 2430, 2433, -1,
      2433, 2430, 2431, -1,
      2434, 2432, 2435, -1,
      2435, 2432, 2433, -1,
      2436, 2434, 2437, -1,
      2437, 2434, 2435, -1,
      2438, 2436, 2439, -1,
      2439, 2436, 2437, -1,
      2440, 2438, 2441, -1,
      2441, 2438, 2439, -1,
      2442, 2440, 2443, -1,
      2443, 2440, 2441, -1,
      2444, 2442, 2445, -1,
      2445, 2442, 2443, -1,
      2446, 2444, 2447, -1,
      2447, 2444, 2445, -1,
      2448, 2446, 2449, -1,
      2449, 2446, 2447, -1,
      2450, 2448, 2451, -1,
      2451, 2448, 2449, -1,
      2452, 2450, 2453, -1,
      2453, 2450, 2451, -1,
      2454, 2452, 2455, -1,
      2455, 2452, 2453, -1,
      2454, 2455, 2456, -1,
      2454, 2456, 2457, -1,
      2457, 2456, 2458, -1,
      2457, 2458, 2459, -1,
      2459, 2458, 2460, -1,
      2459, 2460, 2461, -1,
      2461, 2460, 2462, -1,
      2461, 2462, 2463, -1,
      2463, 2462, 2464, -1,
      2463, 2464, 2465, -1,
      2465, 2464, 2466, -1,
      2465, 2466, 2467, -1,
      2467, 2466, 2468, -1,
      2467, 2468, 2469, -1,
      2469, 2468, 2470, -1,
      2469, 2470, 2471, -1,
      2472, 2471, 2473, -1,
      2473, 2471, 2470, -1,
      2474, 2472, 2475, -1,
      2475, 2472, 2473, -1,
      2476, 2474, 2477, -1,
      2477, 2474, 2475, -1,
      2478, 2476, 2479, -1,
      2479, 2476, 2477, -1,
      2410, 2478, 2411, -1,
      2411, 2478, 2479, -1,
      2434, 2436, 2438, -1,
      2426, 2428, 2430, -1,
      2444, 2446, 2442, -1,
      2442, 2446, 2448, -1,
      2442, 2448, 2440, -1,
      2440, 2448, 2450, -1,
      2440, 2450, 2452, -1,
      2430, 2432, 2426, -1,
      2426, 2432, 2434, -1,
      2426, 2434, 2424, -1,
      2424, 2434, 2438, -1,
      2416, 2418, 2461, -1,
      2461, 2418, 2459, -1,
      2459, 2418, 2420, -1,
      2459, 2420, 2457, -1,
      2457, 2420, 2422, -1,
      2457, 2422, 2454, -1,
      2454, 2422, 2424, -1,
      2454, 2424, 2452, -1,
      2452, 2424, 2438, -1,
      2452, 2438, 2440, -1,
      2474, 2476, 2472, -1,
      2472, 2476, 2478, -1,
      2472, 2478, 2471, -1,
      2471, 2478, 2410, -1,
      2471, 2410, 2469, -1,
      2469, 2410, 2412, -1,
      2469, 2412, 2467, -1,
      2467, 2412, 2414, -1,
      2467, 2414, 2465, -1,
      2465, 2414, 2416, -1,
      2465, 2416, 2463, -1,
      2463, 2416, 2461, -1,
      2431, 2429, 2433, -1,
      2433, 2429, 2427, -1,
      2433, 2427, 2435, -1,
      2435, 2427, 2425, -1,
      2435, 2425, 2437, -1,
      2447, 2445, 2449, -1,
      2449, 2445, 2443, -1,
      2449, 2443, 2451, -1,
      2451, 2443, 2441, -1,
      2451, 2441, 2453, -1,
      2453, 2441, 2439, -1,
      2453, 2439, 2455, -1,
      2421, 2456, 2423, -1,
      2423, 2456, 2455, -1,
      2423, 2455, 2425, -1,
      2425, 2455, 2439, -1,
      2425, 2439, 2437, -1,
      2415, 2464, 2417, -1,
      2417, 2464, 2462, -1,
      2417, 2462, 2419, -1,
      2419, 2462, 2460, -1,
      2419, 2460, 2421, -1,
      2421, 2460, 2458, -1,
      2421, 2458, 2456, -1,
      2477, 2475, 2479, -1,
      2479, 2475, 2473, -1,
      2479, 2473, 2411, -1,
      2411, 2473, 2470, -1,
      2411, 2470, 2413, -1,
      2413, 2470, 2468, -1,
      2413, 2468, 2415, -1,
      2415, 2468, 2466, -1,
      2415, 2466, 2464, -1,
      2480, 2481, 2482, -1,
      2482, 2481, 2483, -1,
      2482, 2483, 2484, -1,
      2484, 2483, 2485, -1,
      2484, 2485, 2486, -1,
      2486, 2485, 2487, -1,
      2486, 2487, 2488, -1,
      2488, 2487, 2489, -1,
      2488, 2489, 2490, -1,
      2490, 2489, 2491, -1,
      2490, 2491, 2492, -1,
      2492, 2491, 2493, -1,
      2494, 2492, 2495, -1,
      2495, 2492, 2493, -1,
      2496, 2494, 2497, -1,
      2497, 2494, 2495, -1,
      2498, 2496, 2499, -1,
      2499, 2496, 2497, -1,
      2500, 2498, 2501, -1,
      2501, 2498, 2499, -1,
      2502, 2500, 2503, -1,
      2503, 2500, 2501, -1,
      2504, 2502, 2505, -1,
      2505, 2502, 2503, -1,
      2506, 2504, 2507, -1,
      2507, 2504, 2505, -1,
      2508, 2506, 2509, -1,
      2509, 2506, 2507, -1,
      2510, 2508, 2511, -1,
      2511, 2508, 2509, -1,
      2512, 2510, 2513, -1,
      2513, 2510, 2511, -1,
      2514, 2512, 2515, -1,
      2515, 2512, 2513, -1,
      2516, 2514, 2517, -1,
      2517, 2514, 2515, -1,
      2518, 2516, 2519, -1,
      2519, 2516, 2517, -1,
      2520, 2518, 2521, -1,
      2521, 2518, 2519, -1,
      2522, 2520, 2523, -1,
      2523, 2520, 2521, -1,
      2524, 2522, 2525, -1,
      2525, 2522, 2523, -1,
      2524, 2525, 2526, -1,
      2524, 2526, 2527, -1,
      2527, 2526, 2528, -1,
      2527, 2528, 2529, -1,
      2529, 2528, 2530, -1,
      2529, 2530, 2531, -1,
      2531, 2530, 2532, -1,
      2531, 2532, 2533, -1,
      2533, 2532, 2534, -1,
      2533, 2534, 2535, -1,
      2535, 2534, 2536, -1,
      2535, 2536, 2537, -1,
      2537, 2536, 2538, -1,
      2537, 2538, 2539, -1,
      2539, 2538, 2540, -1,
      2539, 2540, 2541, -1,
      2542, 2541, 2543, -1,
      2543, 2541, 2540, -1,
      2544, 2542, 2545, -1,
      2545, 2542, 2543, -1,
      2546, 2544, 2547, -1,
      2547, 2544, 2545, -1,
      2548, 2546, 2549, -1,
      2549, 2546, 2547, -1,
      2480, 2548, 2481, -1,
      2481, 2548, 2549, -1,
      2504, 2506, 2508, -1,
      2496, 2498, 2500, -1,
      2514, 2516, 2512, -1,
      2512, 2516, 2518, -1,
      2512, 2518, 2510, -1,
      2510, 2518, 2520, -1,
      2510, 2520, 2522, -1,
      2500, 2502, 2496, -1,
      2496, 2502, 2504, -1,
      2496, 2504, 2494, -1,
      2494, 2504, 2508, -1,
      2486, 2488, 2531, -1,
      2531, 2488, 2529, -1,
      2529, 2488, 2490, -1,
      2529, 2490, 2527, -1,
      2527, 2490, 2492, -1,
      2527, 2492, 2524, -1,
      2524, 2492, 2494, -1,
      2524, 2494, 2522, -1,
      2522, 2494, 2508, -1,
      2522, 2508, 2510, -1,
      2544, 2546, 2542, -1,
      2542, 2546, 2548, -1,
      2542, 2548, 2541, -1,
      2541, 2548, 2480, -1,
      2541, 2480, 2539, -1,
      2539, 2480, 2482, -1,
      2539, 2482, 2537, -1,
      2537, 2482, 2484, -1,
      2537, 2484, 2535, -1,
      2535, 2484, 2486, -1,
      2535, 2486, 2533, -1,
      2533, 2486, 2531, -1,
      2501, 2499, 2503, -1,
      2503, 2499, 2497, -1,
      2503, 2497, 2505, -1,
      2505, 2497, 2495, -1,
      2505, 2495, 2507, -1,
      2517, 2515, 2519, -1,
      2519, 2515, 2513, -1,
      2519, 2513, 2521, -1,
      2521, 2513, 2511, -1,
      2521, 2511, 2523, -1,
      2523, 2511, 2509, -1,
      2523, 2509, 2525, -1,
      2491, 2526, 2493, -1,
      2493, 2526, 2525, -1,
      2493, 2525, 2495, -1,
      2495, 2525, 2509, -1,
      2495, 2509, 2507, -1,
      2485, 2534, 2487, -1,
      2487, 2534, 2532, -1,
      2487, 2532, 2489, -1,
      2489, 2532, 2530, -1,
      2489, 2530, 2491, -1,
      2491, 2530, 2528, -1,
      2491, 2528, 2526, -1,
      2547, 2545, 2549, -1,
      2549, 2545, 2543, -1,
      2549, 2543, 2481, -1,
      2481, 2543, 2540, -1,
      2481, 2540, 2483, -1,
      2483, 2540, 2538, -1,
      2483, 2538, 2485, -1,
      2485, 2538, 2536, -1,
      2485, 2536, 2534, -1,
      2550, 2551, 2552, -1,
      2552, 2551, 2553, -1,
      2552, 2553, 2554, -1,
      2554, 2553, 2555, -1,
      2554, 2555, 2556, -1,
      2556, 2555, 2557, -1,
      2556, 2557, 2558, -1,
      2558, 2557, 2559, -1,
      2558, 2559, 2560, -1,
      2560, 2559, 2561, -1,
      2560, 2561, 2562, -1,
      2562, 2561, 2563, -1,
      2564, 2562, 2565, -1,
      2565, 2562, 2563, -1,
      2566, 2564, 2567, -1,
      2567, 2564, 2565, -1,
      2568, 2566, 2569, -1,
      2569, 2566, 2567, -1,
      2570, 2568, 2571, -1,
      2571, 2568, 2569, -1,
      2572, 2570, 2573, -1,
      2573, 2570, 2571, -1,
      2574, 2572, 2575, -1,
      2575, 2572, 2573, -1,
      2576, 2574, 2577, -1,
      2577, 2574, 2575, -1,
      2578, 2576, 2579, -1,
      2579, 2576, 2577, -1,
      2580, 2578, 2581, -1,
      2581, 2578, 2579, -1,
      2582, 2580, 2583, -1,
      2583, 2580, 2581, -1,
      2584, 2582, 2585, -1,
      2585, 2582, 2583, -1,
      2586, 2584, 2587, -1,
      2587, 2584, 2585, -1,
      2588, 2586, 2589, -1,
      2589, 2586, 2587, -1,
      2590, 2588, 2591, -1,
      2591, 2588, 2589, -1,
      2592, 2590, 2593, -1,
      2593, 2590, 2591, -1,
      2594, 2592, 2595, -1,
      2595, 2592, 2593, -1,
      2594, 2595, 2596, -1,
      2594, 2596, 2597, -1,
      2597, 2596, 2598, -1,
      2597, 2598, 2599, -1,
      2599, 2598, 2600, -1,
      2599, 2600, 2601, -1,
      2601, 2600, 2602, -1,
      2601, 2602, 2603, -1,
      2603, 2602, 2604, -1,
      2603, 2604, 2605, -1,
      2605, 2604, 2606, -1,
      2605, 2606, 2607, -1,
      2607, 2606, 2608, -1,
      2607, 2608, 2609, -1,
      2609, 2608, 2610, -1,
      2609, 2610, 2611, -1,
      2612, 2611, 2613, -1,
      2613, 2611, 2610, -1,
      2614, 2612, 2615, -1,
      2615, 2612, 2613, -1,
      2616, 2614, 2617, -1,
      2617, 2614, 2615, -1,
      2618, 2616, 2619, -1,
      2619, 2616, 2617, -1,
      2550, 2618, 2551, -1,
      2551, 2618, 2619, -1,
      2574, 2576, 2578, -1,
      2566, 2568, 2570, -1,
      2584, 2586, 2582, -1,
      2582, 2586, 2588, -1,
      2582, 2588, 2580, -1,
      2580, 2588, 2590, -1,
      2580, 2590, 2592, -1,
      2570, 2572, 2566, -1,
      2566, 2572, 2574, -1,
      2566, 2574, 2564, -1,
      2564, 2574, 2578, -1,
      2556, 2558, 2601, -1,
      2601, 2558, 2599, -1,
      2599, 2558, 2560, -1,
      2599, 2560, 2597, -1,
      2597, 2560, 2562, -1,
      2597, 2562, 2594, -1,
      2594, 2562, 2564, -1,
      2594, 2564, 2592, -1,
      2592, 2564, 2578, -1,
      2592, 2578, 2580, -1,
      2614, 2616, 2612, -1,
      2612, 2616, 2618, -1,
      2612, 2618, 2611, -1,
      2611, 2618, 2550, -1,
      2611, 2550, 2609, -1,
      2609, 2550, 2552, -1,
      2609, 2552, 2607, -1,
      2607, 2552, 2554, -1,
      2607, 2554, 2605, -1,
      2605, 2554, 2556, -1,
      2605, 2556, 2603, -1,
      2603, 2556, 2601, -1,
      2571, 2569, 2573, -1,
      2573, 2569, 2567, -1,
      2573, 2567, 2575, -1,
      2575, 2567, 2565, -1,
      2575, 2565, 2577, -1,
      2587, 2585, 2589, -1,
      2589, 2585, 2583, -1,
      2589, 2583, 2591, -1,
      2591, 2583, 2581, -1,
      2591, 2581, 2593, -1,
      2593, 2581, 2579, -1,
      2593, 2579, 2595, -1,
      2561, 2596, 2563, -1,
      2563, 2596, 2595, -1,
      2563, 2595, 2565, -1,
      2565, 2595, 2579, -1,
      2565, 2579, 2577, -1,
      2555, 2604, 2557, -1,
      2557, 2604, 2602, -1,
      2557, 2602, 2559, -1,
      2559, 2602, 2600, -1,
      2559, 2600, 2561, -1,
      2561, 2600, 2598, -1,
      2561, 2598, 2596, -1,
      2617, 2615, 2619, -1,
      2619, 2615, 2613, -1,
      2619, 2613, 2551, -1,
      2551, 2613, 2610, -1,
      2551, 2610, 2553, -1,
      2553, 2610, 2608, -1,
      2553, 2608, 2555, -1,
      2555, 2608, 2606, -1,
      2555, 2606, 2604, -1,
      2620, 2621, 2622, -1,
      2622, 2621, 2623, -1,
      2622, 2623, 2624, -1,
      2624, 2623, 2625, -1,
      2624, 2625, 2626, -1,
      2626, 2625, 2627, -1,
      2626, 2627, 2628, -1,
      2628, 2627, 2629, -1,
      2628, 2629, 2630, -1,
      2630, 2629, 2631, -1,
      2630, 2631, 2632, -1,
      2632, 2631, 2633, -1,
      2634, 2632, 2635, -1,
      2635, 2632, 2633, -1,
      2636, 2634, 2637, -1,
      2637, 2634, 2635, -1,
      2638, 2636, 2639, -1,
      2639, 2636, 2637, -1,
      2640, 2638, 2641, -1,
      2641, 2638, 2639, -1,
      2642, 2640, 2643, -1,
      2643, 2640, 2641, -1,
      2644, 2642, 2645, -1,
      2645, 2642, 2643, -1,
      2646, 2644, 2647, -1,
      2647, 2644, 2645, -1,
      2648, 2646, 2649, -1,
      2649, 2646, 2647, -1,
      2650, 2648, 2651, -1,
      2651, 2648, 2649, -1,
      2652, 2650, 2653, -1,
      2653, 2650, 2651, -1,
      2654, 2652, 2655, -1,
      2655, 2652, 2653, -1,
      2656, 2654, 2657, -1,
      2657, 2654, 2655, -1,
      2658, 2656, 2659, -1,
      2659, 2656, 2657, -1,
      2660, 2658, 2661, -1,
      2661, 2658, 2659, -1,
      2662, 2660, 2663, -1,
      2663, 2660, 2661, -1,
      2664, 2662, 2665, -1,
      2665, 2662, 2663, -1,
      2664, 2665, 2666, -1,
      2664, 2666, 2667, -1,
      2667, 2666, 2668, -1,
      2667, 2668, 2669, -1,
      2669, 2668, 2670, -1,
      2669, 2670, 2671, -1,
      2671, 2670, 2672, -1,
      2671, 2672, 2673, -1,
      2673, 2672, 2674, -1,
      2673, 2674, 2675, -1,
      2675, 2674, 2676, -1,
      2675, 2676, 2677, -1,
      2677, 2676, 2678, -1,
      2677, 2678, 2679, -1,
      2679, 2678, 2680, -1,
      2679, 2680, 2681, -1,
      2682, 2681, 2683, -1,
      2683, 2681, 2680, -1,
      2684, 2682, 2685, -1,
      2685, 2682, 2683, -1,
      2686, 2684, 2687, -1,
      2687, 2684, 2685, -1,
      2688, 2686, 2689, -1,
      2689, 2686, 2687, -1,
      2620, 2688, 2621, -1,
      2621, 2688, 2689, -1,
      2644, 2646, 2648, -1,
      2636, 2638, 2640, -1,
      2654, 2656, 2652, -1,
      2652, 2656, 2658, -1,
      2652, 2658, 2650, -1,
      2650, 2658, 2660, -1,
      2650, 2660, 2662, -1,
      2640, 2642, 2636, -1,
      2636, 2642, 2644, -1,
      2636, 2644, 2634, -1,
      2634, 2644, 2648, -1,
      2626, 2628, 2671, -1,
      2671, 2628, 2669, -1,
      2669, 2628, 2630, -1,
      2669, 2630, 2667, -1,
      2667, 2630, 2632, -1,
      2667, 2632, 2664, -1,
      2664, 2632, 2634, -1,
      2664, 2634, 2662, -1,
      2662, 2634, 2648, -1,
      2662, 2648, 2650, -1,
      2684, 2686, 2682, -1,
      2682, 2686, 2688, -1,
      2682, 2688, 2681, -1,
      2681, 2688, 2620, -1,
      2681, 2620, 2679, -1,
      2679, 2620, 2622, -1,
      2679, 2622, 2677, -1,
      2677, 2622, 2624, -1,
      2677, 2624, 2675, -1,
      2675, 2624, 2626, -1,
      2675, 2626, 2673, -1,
      2673, 2626, 2671, -1,
      2641, 2639, 2643, -1,
      2643, 2639, 2637, -1,
      2643, 2637, 2645, -1,
      2645, 2637, 2635, -1,
      2645, 2635, 2647, -1,
      2657, 2655, 2659, -1,
      2659, 2655, 2653, -1,
      2659, 2653, 2661, -1,
      2661, 2653, 2651, -1,
      2661, 2651, 2663, -1,
      2663, 2651, 2649, -1,
      2663, 2649, 2665, -1,
      2631, 2666, 2633, -1,
      2633, 2666, 2665, -1,
      2633, 2665, 2635, -1,
      2635, 2665, 2649, -1,
      2635, 2649, 2647, -1,
      2625, 2674, 2627, -1,
      2627, 2674, 2672, -1,
      2627, 2672, 2629, -1,
      2629, 2672, 2670, -1,
      2629, 2670, 2631, -1,
      2631, 2670, 2668, -1,
      2631, 2668, 2666, -1,
      2687, 2685, 2689, -1,
      2689, 2685, 2683, -1,
      2689, 2683, 2621, -1,
      2621, 2683, 2680, -1,
      2621, 2680, 2623, -1,
      2623, 2680, 2678, -1,
      2623, 2678, 2625, -1,
      2625, 2678, 2676, -1,
      2625, 2676, 2674, -1,
      2690, 2691, 2692, -1,
      2692, 2691, 2693, -1,
      2692, 2693, 2694, -1,
      2694, 2693, 2695, -1,
      2694, 2695, 2696, -1,
      2696, 2695, 2697, -1,
      2696, 2697, 2698, -1,
      2698, 2697, 2699, -1,
      2698, 2699, 2700, -1,
      2700, 2699, 2701, -1,
      2700, 2701, 2702, -1,
      2702, 2701, 2703, -1,
      2704, 2702, 2705, -1,
      2705, 2702, 2703, -1,
      2706, 2704, 2707, -1,
      2707, 2704, 2705, -1,
      2708, 2706, 2709, -1,
      2709, 2706, 2707, -1,
      2710, 2708, 2711, -1,
      2711, 2708, 2709, -1,
      2712, 2710, 2713, -1,
      2713, 2710, 2711, -1,
      2714, 2712, 2715, -1,
      2715, 2712, 2713, -1,
      2716, 2714, 2717, -1,
      2717, 2714, 2715, -1,
      2718, 2716, 2719, -1,
      2719, 2716, 2717, -1,
      2720, 2718, 2721, -1,
      2721, 2718, 2719, -1,
      2722, 2720, 2723, -1,
      2723, 2720, 2721, -1,
      2724, 2722, 2725, -1,
      2725, 2722, 2723, -1,
      2726, 2724, 2727, -1,
      2727, 2724, 2725, -1,
      2728, 2726, 2729, -1,
      2729, 2726, 2727, -1,
      2730, 2728, 2731, -1,
      2731, 2728, 2729, -1,
      2732, 2730, 2733, -1,
      2733, 2730, 2731, -1,
      2734, 2732, 2735, -1,
      2735, 2732, 2733, -1,
      2734, 2735, 2736, -1,
      2734, 2736, 2737, -1,
      2737, 2736, 2738, -1,
      2737, 2738, 2739, -1,
      2739, 2738, 2740, -1,
      2739, 2740, 2741, -1,
      2741, 2740, 2742, -1,
      2741, 2742, 2743, -1,
      2743, 2742, 2744, -1,
      2743, 2744, 2745, -1,
      2745, 2744, 2746, -1,
      2745, 2746, 2747, -1,
      2747, 2746, 2748, -1,
      2747, 2748, 2749, -1,
      2749, 2748, 2750, -1,
      2749, 2750, 2751, -1,
      2752, 2751, 2753, -1,
      2753, 2751, 2750, -1,
      2754, 2752, 2755, -1,
      2755, 2752, 2753, -1,
      2756, 2754, 2757, -1,
      2757, 2754, 2755, -1,
      2758, 2756, 2759, -1,
      2759, 2756, 2757, -1,
      2690, 2758, 2691, -1,
      2691, 2758, 2759, -1,
      2714, 2716, 2718, -1,
      2706, 2708, 2710, -1,
      2724, 2726, 2722, -1,
      2722, 2726, 2728, -1,
      2722, 2728, 2720, -1,
      2720, 2728, 2730, -1,
      2720, 2730, 2732, -1,
      2710, 2712, 2706, -1,
      2706, 2712, 2714, -1,
      2706, 2714, 2704, -1,
      2704, 2714, 2718, -1,
      2696, 2698, 2741, -1,
      2741, 2698, 2739, -1,
      2739, 2698, 2700, -1,
      2739, 2700, 2737, -1,
      2737, 2700, 2702, -1,
      2737, 2702, 2734, -1,
      2734, 2702, 2704, -1,
      2734, 2704, 2732, -1,
      2732, 2704, 2718, -1,
      2732, 2718, 2720, -1,
      2754, 2756, 2752, -1,
      2752, 2756, 2758, -1,
      2752, 2758, 2751, -1,
      2751, 2758, 2690, -1,
      2751, 2690, 2749, -1,
      2749, 2690, 2692, -1,
      2749, 2692, 2747, -1,
      2747, 2692, 2694, -1,
      2747, 2694, 2745, -1,
      2745, 2694, 2696, -1,
      2745, 2696, 2743, -1,
      2743, 2696, 2741, -1,
      2711, 2709, 2713, -1,
      2713, 2709, 2707, -1,
      2713, 2707, 2715, -1,
      2715, 2707, 2705, -1,
      2715, 2705, 2717, -1,
      2727, 2725, 2729, -1,
      2729, 2725, 2723, -1,
      2729, 2723, 2731, -1,
      2731, 2723, 2721, -1,
      2731, 2721, 2733, -1,
      2733, 2721, 2719, -1,
      2733, 2719, 2735, -1,
      2701, 2736, 2703, -1,
      2703, 2736, 2735, -1,
      2703, 2735, 2705, -1,
      2705, 2735, 2719, -1,
      2705, 2719, 2717, -1,
      2695, 2744, 2697, -1,
      2697, 2744, 2742, -1,
      2697, 2742, 2699, -1,
      2699, 2742, 2740, -1,
      2699, 2740, 2701, -1,
      2701, 2740, 2738, -1,
      2701, 2738, 2736, -1,
      2757, 2755, 2759, -1,
      2759, 2755, 2753, -1,
      2759, 2753, 2691, -1,
      2691, 2753, 2750, -1,
      2691, 2750, 2693, -1,
      2693, 2750, 2748, -1,
      2693, 2748, 2695, -1,
      2695, 2748, 2746, -1,
      2695, 2746, 2744, -1,
      2760, 2761, 2762, -1,
      2762, 2761, 2763, -1,
      2764, 2765, 2766, -1,
      2763, 2767, 2762, -1,
      2762, 2767, 2768, -1,
      2768, 2769, 2762, -1,
      2762, 2769, 2770, -1,
      2762, 2770, 2771, -1,
      2771, 2770, 2766, -1,
      2771, 2766, 2772, -1,
      2772, 2766, 2765, -1,
      2764, 2766, 2773, -1,
      2773, 2766, 2774, -1,
      2773, 2774, 2775, -1,
      2775, 2774, 2776, -1,
      2775, 2776, 2777, -1,
      2777, 2776, 2778, -1,
      2777, 2778, 2779, -1,
      2780, 2777, 2781, -1,
      2781, 2777, 2779, -1,
      2782, 2783, 2784, -1,
      2780, 2781, 2785, -1,
      2780, 2785, 2786, -1,
      2782, 2784, 2787, -1,
      2787, 2784, 2788, -1,
      2787, 2788, 2789, -1,
      2790, 2791, 2792, -1,
      2792, 2791, 2789, -1,
      2792, 2789, 2793, -1,
      2793, 2789, 2788, -1,
      2785, 2794, 2786, -1,
      2786, 2794, 2795, -1,
      2786, 2795, 2796, -1,
      2796, 2795, 2784, -1,
      2796, 2784, 2797, -1,
      2797, 2784, 2783, -1,
      2789, 2791, 2798, -1,
      2798, 2791, 2799, -1,
      2800, 2801, 2802, -1,
      2799, 2803, 2798, -1,
      2798, 2803, 2804, -1,
      2804, 2805, 2798, -1,
      2798, 2805, 2806, -1,
      2798, 2806, 2807, -1,
      2807, 2806, 2802, -1,
      2807, 2802, 2808, -1,
      2808, 2802, 2801, -1,
      2800, 2802, 2809, -1,
      2809, 2802, 2810, -1,
      2809, 2810, 2811, -1,
      2811, 2810, 2812, -1,
      2811, 2812, 2813, -1,
      2813, 2812, 2814, -1,
      2813, 2814, 2815, -1,
      2816, 2813, 2817, -1,
      2817, 2813, 2815, -1,
      2818, 2816, 2819, -1,
      2819, 2816, 2817, -1,
      2820, 2818, 2821, -1,
      2821, 2818, 2819, -1,
      2822, 2820, 2823, -1,
      2823, 2820, 2821, -1,
      2824, 2822, 2825, -1,
      2825, 2822, 2823, -1,
      2826, 2824, 2827, -1,
      2827, 2824, 2825, -1,
      2828, 2826, 2829, -1,
      2829, 2826, 2827, -1,
      2830, 2828, 2831, -1,
      2831, 2828, 2829, -1,
      2830, 2831, 2832, -1,
      2832, 2831, 2833, -1,
      2832, 2833, 2834, -1,
      2834, 2833, 2835, -1,
      2834, 2835, 2836, -1,
      2836, 2835, 2837, -1,
      2836, 2837, 2838, -1,
      2838, 2837, 2839, -1,
      2838, 2839, 2840, -1,
      2840, 2839, 2841, -1,
      2840, 2841, 2842, -1,
      2842, 2841, 2843, -1,
      2842, 2843, 2844, -1,
      2844, 2843, 2845, -1,
      2846, 2844, 2847, -1,
      2847, 2844, 2845, -1,
      2846, 2847, 2848, -1,
      2848, 2847, 2849, -1,
      2848, 2849, 2850, -1,
      2850, 2849, 2851, -1,
      2850, 2851, 2852, -1,
      2852, 2851, 2853, -1,
      2852, 2853, 2854, -1,
      2854, 2853, 2855, -1,
      2854, 2855, 2856, -1,
      2856, 2855, 2857, -1,
      2856, 2857, 2858, -1,
      2858, 2857, 2859, -1,
      2858, 2859, 2860, -1,
      2860, 2859, 2861, -1,
      2862, 2860, 2863, -1,
      2863, 2860, 2861, -1,
      2864, 2862, 2865, -1,
      2865, 2862, 2863, -1,
      2866, 2864, 2867, -1,
      2867, 2864, 2865, -1,
      2868, 2866, 2869, -1,
      2869, 2866, 2867, -1,
      2870, 2868, 2871, -1,
      2871, 2868, 2869, -1,
      2872, 2870, 2873, -1,
      2873, 2870, 2871, -1,
      2874, 2872, 2875, -1,
      2875, 2872, 2873, -1,
      2876, 2874, 2877, -1,
      2877, 2874, 2875, -1,
      2876, 2877, 2878, -1,
      2879, 2880, 2760, -1,
      2876, 2878, 2881, -1,
      2760, 2882, 2879, -1,
      2879, 2882, 2883, -1,
      2879, 2883, 2884, -1,
      2885, 2761, 2886, -1,
      2886, 2761, 2760, -1,
      2886, 2760, 2887, -1,
      2887, 2760, 2880, -1,
      2878, 2888, 2881, -1,
      2881, 2888, 2889, -1,
      2881, 2889, 2890, -1,
      2890, 2889, 2879, -1,
      2890, 2879, 2891, -1,
      2891, 2879, 2884, -1,
      2811, 2813, 2816, -1,
      2786, 2811, 2780, -1,
      2780, 2811, 2816, -1,
      2780, 2816, 2777, -1,
      2777, 2816, 2818, -1,
      2852, 2854, 2868, -1,
      2874, 2777, 2872, -1,
      2872, 2777, 2818, -1,
      2872, 2818, 2870, -1,
      2870, 2818, 2820, -1,
      2870, 2820, 2868, -1,
      2874, 2876, 2777, -1,
      2777, 2876, 2881, -1,
      2777, 2881, 2775, -1,
      2854, 2856, 2868, -1,
      2868, 2856, 2858, -1,
      2868, 2858, 2860, -1,
      2822, 2824, 2826, -1,
      2832, 2834, 2822, -1,
      2822, 2834, 2836, -1,
      2822, 2836, 2820, -1,
      2820, 2836, 2838, -1,
      2860, 2862, 2868, -1,
      2868, 2862, 2864, -1,
      2868, 2864, 2866, -1,
      2832, 2822, 2830, -1,
      2830, 2822, 2826, -1,
      2830, 2826, 2828, -1,
      2838, 2840, 2820, -1,
      2820, 2840, 2842, -1,
      2820, 2842, 2844, -1,
      2844, 2846, 2820, -1,
      2820, 2846, 2848, -1,
      2820, 2848, 2868, -1,
      2868, 2848, 2850, -1,
      2868, 2850, 2852, -1,
      2817, 2815, 2781, -1,
      2781, 2815, 2814, -1,
      2781, 2814, 2785, -1,
      2878, 2877, 2875, -1,
      2778, 2878, 2779, -1,
      2779, 2878, 2875, -1,
      2779, 2875, 2781, -1,
      2781, 2875, 2873, -1,
      2817, 2781, 2819, -1,
      2819, 2781, 2873, -1,
      2819, 2873, 2821, -1,
      2821, 2873, 2871, -1,
      2821, 2871, 2823, -1,
      2859, 2857, 2869, -1,
      2869, 2857, 2855, -1,
      2869, 2855, 2871, -1,
      2871, 2855, 2853, -1,
      2839, 2837, 2823, -1,
      2823, 2837, 2835, -1,
      2823, 2835, 2833, -1,
      2869, 2867, 2865, -1,
      2859, 2869, 2861, -1,
      2861, 2869, 2865, -1,
      2861, 2865, 2863, -1,
      2853, 2851, 2871, -1,
      2871, 2851, 2849, -1,
      2871, 2849, 2847, -1,
      2827, 2825, 2829, -1,
      2829, 2825, 2823, -1,
      2829, 2823, 2831, -1,
      2831, 2823, 2833, -1,
      2847, 2845, 2871, -1,
      2871, 2845, 2843, -1,
      2871, 2843, 2823, -1,
      2823, 2843, 2841, -1,
      2823, 2841, 2839, -1,
      2768, 2767, 2886, -1,
      2886, 2767, 2885, -1,
      2763, 2761, 2767, -1,
      2767, 2761, 2885, -1,
      2804, 2803, 2792, -1,
      2792, 2803, 2790, -1,
      2799, 2791, 2803, -1,
      2803, 2791, 2790, -1,
      2804, 2792, 2805, -1,
      2805, 2792, 2793, -1,
      2805, 2793, 2806, -1,
      2806, 2793, 2788, -1,
      2806, 2788, 2802, -1,
      2802, 2788, 2784, -1,
      2802, 2784, 2810, -1,
      2810, 2784, 2795, -1,
      2810, 2795, 2812, -1,
      2812, 2795, 2794, -1,
      2812, 2794, 2814, -1,
      2814, 2794, 2785, -1,
      2789, 2798, 2807, -1,
      2789, 2807, 2787, -1,
      2787, 2807, 2808, -1,
      2787, 2808, 2782, -1,
      2782, 2808, 2801, -1,
      2782, 2801, 2783, -1,
      2783, 2801, 2800, -1,
      2783, 2800, 2797, -1,
      2797, 2800, 2809, -1,
      2797, 2809, 2796, -1,
      2796, 2809, 2811, -1,
      2796, 2811, 2786, -1,
      2768, 2886, 2769, -1,
      2769, 2886, 2887, -1,
      2769, 2887, 2770, -1,
      2770, 2887, 2880, -1,
      2770, 2880, 2766, -1,
      2766, 2880, 2879, -1,
      2766, 2879, 2774, -1,
      2774, 2879, 2889, -1,
      2774, 2889, 2776, -1,
      2776, 2889, 2888, -1,
      2776, 2888, 2778, -1,
      2778, 2888, 2878, -1,
      2760, 2762, 2771, -1,
      2760, 2771, 2882, -1,
      2882, 2771, 2772, -1,
      2882, 2772, 2883, -1,
      2883, 2772, 2765, -1,
      2883, 2765, 2884, -1,
      2884, 2765, 2764, -1,
      2884, 2764, 2891, -1,
      2891, 2764, 2773, -1,
      2891, 2773, 2890, -1,
      2890, 2773, 2775, -1,
      2890, 2775, 2881, -1,
    ]
  }
}

Shape {
  appearance Appearance {
    material Material {
      diffuseColor 0.1098 0.1098 0.1098
      specularColor 0.0078 0.0078 0.0078
      ambientIntensity 0.2
      transparency 0.0000
      shininess 0.5
    }
  }
  geometry IndexedFaceSet {
    ccw TRUE
    solid FALSE
    coord DEF co Coordinate {
      point [
        1.574803 0.591359 1.702765,
        1.574803 0.654400 1.811024,
        -1.574803 0.591359 1.702765,
        -1.574803 0.654400 1.811024,
        -4.409449 0.758528 1.702765,
        -4.409449 0.451727 1.702765,
        -3.897638 0.451727 1.702765,
        4.409449 0.451727 1.702765,
        4.409449 0.758528 1.702765,
        3.897638 0.451727 1.702765,
        1.574803 0.758528 1.702765,
        3.897638 -0.028392 1.702765,
        -3.897638 -0.028392 1.702765,
        -1.574803 0.758528 1.702765,
        3.897638 -0.217147 1.503902,
        -3.897638 -0.217147 1.503902,
        3.897638 -0.217147 1.101602,
        -3.897638 -0.217147 1.101602,
        3.897638 -0.083372 1.101602,
        -3.897638 -0.083372 1.101602,
        3.897638 -0.083372 1.304186,
        -3.897638 -0.083372 1.304186,
        3.897638 0.093850 1.304186,
        -3.897638 0.093850 1.304186,
        3.897638 0.143165 1.257378,
        -3.897638 0.143165 1.257378,
        3.897638 0.006804 1.113714,
        -3.897638 0.006804 1.113714,
        3.897638 0.143165 1.061567,
        -3.897638 0.143165 1.061567,
        3.897638 0.451727 1.386653,
        -3.897638 0.451727 1.386653,
        4.409449 0.451727 1.386653,
        4.409449 0.549029 1.291203,
        -4.409449 0.549029 1.291203,
        -4.409449 0.451727 1.386653,
        -4.409449 0.807087 1.554265,
        4.409449 0.807087 1.554265,
        -4.409449 0.756637 1.603756,
        4.409449 0.756637 1.603756,
        -4.409449 0.807087 1.652280,
        4.409449 0.807087 1.652280,
      ]
    }
    coordIndex [
      0, 1, 2, -1,
      2, 1, 3, -1,
      4, 5, 6, -1,
      7, 8, 9, -1,
      9, 8, 10, -1,
      9, 10, 11, -1,
      11, 10, 0, -1,
      11, 0, 12, -1,
      12, 0, 2, -1,
      12, 2, 6, -1,
      6, 2, 13, -1,
      6, 13, 4, -1,
      14, 11, 15, -1,
      15, 11, 12, -1,
      16, 14, 17, -1,
      17, 14, 15, -1,
      18, 16, 19, -1,
      19, 16, 17, -1,
      20, 18, 21, -1,
      21, 18, 19, -1,
      22, 20, 23, -1,
      23, 20, 21, -1,
      24, 22, 25, -1,
      25, 22, 23, -1,
      26, 24, 27, -1,
      27, 24, 25, -1,
      28, 26, 29, -1,
      29, 26, 27, -1,
      30, 28, 31, -1,
      31, 28, 29, -1,
      32, 30, 33, -1,
      33, 30, 31, -1,
      33, 31, 34, -1,
      34, 31, 35, -1,
      36, 37, 34, -1,
      34, 37, 33, -1,
      38, 39, 36, -1,
      36, 39, 37, -1,
      40, 41, 38, -1,
      38, 41, 39, -1,
      41, 40, 13, -1,
      13, 40, 4, -1,
      8, 41, 10, -1,
      10, 41, 13, -1,
      10, 13, 1, -1,
      1, 13, 3, -1,
      41, 8, 39, -1,
      39, 8, 7, -1,
      7, 32, 39, -1,
      39, 32, 33, -1,
      39, 33, 37, -1,
      34, 35, 5, -1,
      36, 34, 38, -1,
      38, 34, 5, -1,
      38, 5, 40, -1,
      40, 5, 4, -1,
      35, 31, 5, -1,
      5, 31, 6, -1,
      19, 17, 21, -1,
      21, 17, 15, -1,
      21, 15, 23, -1,
      29, 27, 31, -1,
      31, 27, 25, -1,
      31, 25, 6, -1,
      6, 25, 23, -1,
      6, 23, 12, -1,
      12, 23, 15, -1,
      30, 32, 9, -1,
      9, 32, 7, -1,
      26, 28, 24, -1,
      24, 28, 30, -1,
      24, 30, 22, -1,
      16, 18, 14, -1,
      14, 18, 20, -1,
      14, 20, 11, -1,
      11, 20, 22, -1,
      11, 22, 9, -1,
      9, 22, 30, -1,
      3, 13, 2, -1,
      0, 10, 1, -1,
    ]
  }
}

Shape {
  appearance Appearance {
    material Material {
      diffuseColor 0.6471 0.6196 0.5882
      specularColor 0.4510 0.4353 0.4118
      ambientIntensity 0.2
      transparency 0.0000
      shininess 0.5
    }
  }
  geometry IndexedFaceSet {
    ccw TRUE
    solid FALSE
    coord DEF co Coordinate {
      point [
        4.055118 0.620079 0.000000,
        4.212599 0.620079 0.000000,
        4.055118 0.305118 0.000000,
        4.212599 0.305118 0.000000,
        4.251969 0.305118 0.137795,
        4.173228 0.305118 0.137795,
        4.173228 0.305118 0.118110,
        4.232283 0.305118 0.005274,
        4.240437 0.305118 0.011531,
        4.161697 0.305118 0.090271,
        4.251969 0.305118 0.039370,
        4.055118 0.305118 0.078740,
        4.133858 0.305118 0.078740,
        4.144048 0.305118 0.080081,
        4.153543 0.305118 0.084015,
        4.222788 0.305118 0.001341,
        4.171887 0.305118 0.107920,
        4.167954 0.305118 0.098425,
        4.250627 0.305118 0.029180,
        4.246694 0.305118 0.019685,
        4.251969 -0.442913 0.137795,
        4.173228 -0.442913 0.137795,
        4.246694 -0.442913 0.019685,
        4.240437 -0.442913 0.011531,
        4.161697 -0.442913 0.090271,
        4.055118 -0.442913 0.000000,
        4.055118 -0.442913 0.078740,
        4.212599 -0.442913 0.000000,
        4.133858 -0.442913 0.078740,
        4.250627 -0.442913 0.029180,
        4.167954 -0.442913 0.098425,
        4.251969 -0.442913 0.039370,
        4.171887 -0.442913 0.107920,
        4.173228 -0.442913 0.118110,
        4.144048 -0.442913 0.080081,
        4.153543 -0.442913 0.084015,
        4.222788 -0.442913 0.001341,
        4.232283 -0.442913 0.005274,
        4.055118 -0.757874 0.000000,
        4.212599 -0.757874 0.000000,
        4.251969 -0.757874 0.177165,
        4.173228 -0.757874 0.177165,
        4.173228 -0.757874 0.118110,
        4.232283 -0.757874 0.005274,
        4.240437 -0.757874 0.011531,
        4.161697 -0.757874 0.090271,
        4.251969 -0.757874 0.039370,
        4.055118 -0.757874 0.078740,
        4.133858 -0.757874 0.078740,
        4.222788 -0.757874 0.001341,
        4.153543 -0.757874 0.084015,
        4.144048 -0.757874 0.080081,
        4.171887 -0.757874 0.107920,
        4.167954 -0.757874 0.098425,
        4.250627 -0.757874 0.029180,
        4.246694 -0.757874 0.019685,
        4.251969 -0.600394 0.334646,
        4.173228 -0.600394 0.334646,
        4.251969 -0.187008 0.334646,
        4.173228 -0.187008 0.334646,
        4.251969 -0.187008 0.688976,
        4.173228 -0.187008 0.688976,
        4.251969 -0.295276 0.797244,
        4.173228 -0.295276 0.797244,
        4.251969 -0.295276 1.072835,
        4.173228 -0.295276 1.072835,
        4.251969 -0.236220 1.072835,
        4.173228 -0.236220 1.072835,
        4.251969 -0.177165 1.013780,
        4.173228 -0.177165 1.013780,
        4.251969 -0.177165 0.856299,
        4.173228 -0.177165 0.856299,
        4.251969 -0.137795 0.816929,
        4.173228 -0.137795 0.816929,
        4.251969 -0.146556 0.817916,
        4.173228 -0.146556 0.817916,
        4.251969 -0.154877 0.820828,
        4.173228 -0.154877 0.820828,
        4.251969 -0.162342 0.825519,
        4.173228 -0.162342 0.825519,
        4.251969 -0.168576 0.831752,
        4.173228 -0.168576 0.831752,
        4.251969 -0.173267 0.839217,
        4.173228 -0.173267 0.839217,
        4.251969 -0.176178 0.847539,
        4.173228 -0.176178 0.847539,
        4.251969 -0.000000 0.816929,
        4.173228 -0.000000 0.816929,
        4.251969 0.039370 0.856299,
        4.173228 0.039370 0.856299,
        4.251969 0.038383 0.847539,
        4.173228 0.038383 0.847539,
        4.251969 0.035471 0.839217,
        4.173228 0.035471 0.839217,
        4.251969 0.030781 0.831752,
        4.173228 0.030781 0.831752,
        4.251969 0.024547 0.825519,
        4.173228 0.024547 0.825519,
        4.251969 0.017082 0.820828,
        4.173228 0.017082 0.820828,
        4.251969 0.008761 0.817916,
        4.173228 0.008761 0.817916,
        4.251969 0.039370 1.013780,
        4.173228 0.039370 1.013780,
        4.251969 0.098425 1.072835,
        4.173228 0.098425 1.072835,
        4.251969 0.157480 1.072835,
        4.173228 0.157480 1.072835,
        4.251969 0.157480 0.797244,
        4.173228 0.157480 0.797244,
        4.251969 0.049213 0.688976,
        4.173228 0.049213 0.688976,
        4.251969 0.049213 0.334646,
        4.173228 0.049213 0.334646,
        4.251969 0.462598 0.334646,
        4.173228 0.462598 0.334646,
        4.251969 0.620079 0.177165,
        4.173228 0.620079 0.177165,
        4.246694 0.620079 0.019685,
        4.240437 0.620079 0.011531,
        4.161697 0.620079 0.090271,
        4.055118 0.620079 0.078740,
        4.133858 0.620079 0.078740,
        4.144048 0.620079 0.080081,
        4.153543 0.620079 0.084015,
        4.222788 0.620079 0.001341,
        4.232283 0.620079 0.005274,
        4.250627 0.620079 0.029180,
        4.167954 0.620079 0.098425,
        4.251969 0.620079 0.039370,
        4.171887 0.620079 0.107920,
        4.173228 0.620079 0.118110,
      ]
    }
    coordIndex [
      0, 1, 2, -1,
      2, 1, 3, -1,
      4, 5, 6, -1,
      7, 8, 9, -1,
      4, 6, 10, -1,
      11, 2, 12, -1,
      12, 2, 3, -1,
      12, 3, 13, -1,
      13, 3, 14, -1,
      14, 3, 9, -1,
      9, 3, 15, -1,
      9, 15, 7, -1,
      6, 16, 10, -1,
      10, 16, 17, -1,
      10, 17, 18, -1,
      18, 17, 9, -1,
      18, 9, 19, -1,
      19, 9, 8, -1,
      4, 20, 5, -1,
      5, 20, 21, -1,
      22, 23, 24, -1,
      25, 26, 27, -1,
      27, 26, 28, -1,
      22, 24, 29, -1,
      29, 24, 30, -1,
      29, 30, 31, -1,
      31, 30, 32, -1,
      31, 32, 20, -1,
      20, 32, 33, -1,
      20, 33, 21, -1,
      28, 34, 27, -1,
      27, 34, 35, -1,
      27, 35, 36, -1,
      36, 35, 24, -1,
      36, 24, 37, -1,
      37, 24, 23, -1,
      25, 27, 38, -1,
      38, 27, 39, -1,
      40, 41, 42, -1,
      43, 44, 45, -1,
      40, 42, 46, -1,
      47, 38, 48, -1,
      48, 38, 39, -1,
      43, 45, 49, -1,
      49, 45, 50, -1,
      49, 50, 39, -1,
      39, 50, 51, -1,
      39, 51, 48, -1,
      42, 52, 46, -1,
      46, 52, 53, -1,
      46, 53, 54, -1,
      54, 53, 45, -1,
      54, 45, 55, -1,
      55, 45, 44, -1,
      40, 56, 41, -1,
      41, 56, 57, -1,
      56, 58, 57, -1,
      57, 58, 59, -1,
      58, 60, 59, -1,
      59, 60, 61, -1,
      60, 62, 61, -1,
      61, 62, 63, -1,
      62, 64, 63, -1,
      63, 64, 65, -1,
      64, 66, 65, -1,
      65, 66, 67, -1,
      66, 68, 67, -1,
      67, 68, 69, -1,
      68, 70, 69, -1,
      69, 70, 71, -1,
      72, 73, 74, -1,
      74, 73, 75, -1,
      74, 75, 76, -1,
      76, 75, 77, -1,
      76, 77, 78, -1,
      78, 77, 79, -1,
      78, 79, 80, -1,
      80, 79, 81, -1,
      80, 81, 82, -1,
      82, 81, 83, -1,
      82, 83, 84, -1,
      84, 83, 85, -1,
      84, 85, 70, -1,
      70, 85, 71, -1,
      72, 86, 73, -1,
      73, 86, 87, -1,
      88, 89, 90, -1,
      90, 89, 91, -1,
      90, 91, 92, -1,
      92, 91, 93, -1,
      92, 93, 94, -1,
      94, 93, 95, -1,
      94, 95, 96, -1,
      96, 95, 97, -1,
      96, 97, 98, -1,
      98, 97, 99, -1,
      98, 99, 100, -1,
      100, 99, 101, -1,
      100, 101, 86, -1,
      86, 101, 87, -1,
      88, 102, 89, -1,
      89, 102, 103, -1,
      102, 104, 103, -1,
      103, 104, 105, -1,
      104, 106, 105, -1,
      105, 106, 107, -1,
      106, 108, 107, -1,
      107, 108, 109, -1,
      108, 110, 109, -1,
      109, 110, 111, -1,
      110, 112, 111, -1,
      111, 112, 113, -1,
      112, 114, 113, -1,
      113, 114, 115, -1,
      114, 116, 115, -1,
      115, 116, 117, -1,
      118, 119, 120, -1,
      0, 121, 1, -1,
      1, 121, 122, -1,
      122, 123, 1, -1,
      1, 123, 124, -1,
      1, 124, 125, -1,
      125, 124, 120, -1,
      125, 120, 126, -1,
      126, 120, 119, -1,
      118, 120, 127, -1,
      127, 120, 128, -1,
      127, 128, 129, -1,
      129, 128, 130, -1,
      129, 130, 116, -1,
      116, 130, 131, -1,
      116, 131, 117, -1,
      129, 116, 114, -1,
      10, 129, 4, -1,
      4, 129, 114, -1,
      4, 114, 20, -1,
      20, 114, 112, -1,
      56, 20, 58, -1,
      58, 20, 112, -1,
      58, 112, 60, -1,
      60, 112, 110, -1,
      60, 110, 62, -1,
      56, 40, 20, -1,
      20, 40, 46, -1,
      20, 46, 31, -1,
      90, 92, 108, -1,
      108, 92, 94, -1,
      108, 94, 110, -1,
      110, 94, 96, -1,
      108, 106, 104, -1,
      78, 80, 62, -1,
      62, 80, 82, -1,
      62, 82, 84, -1,
      90, 108, 88, -1,
      88, 108, 104, -1,
      88, 104, 102, -1,
      66, 64, 68, -1,
      68, 64, 62, -1,
      68, 62, 70, -1,
      70, 62, 84, -1,
      96, 98, 110, -1,
      110, 98, 100, -1,
      110, 100, 86, -1,
      86, 72, 110, -1,
      110, 72, 74, -1,
      110, 74, 62, -1,
      62, 74, 76, -1,
      62, 76, 78, -1,
      42, 41, 57, -1,
      33, 42, 21, -1,
      21, 42, 57, -1,
      21, 57, 5, -1,
      5, 57, 59, -1,
      115, 5, 113, -1,
      113, 5, 59, -1,
      113, 59, 111, -1,
      111, 59, 61, -1,
      111, 61, 109, -1,
      97, 95, 109, -1,
      115, 117, 5, -1,
      5, 117, 131, -1,
      5, 131, 6, -1,
      63, 65, 67, -1,
      85, 83, 63, -1,
      63, 83, 81, -1,
      63, 81, 61, -1,
      61, 81, 79, -1,
      95, 93, 109, -1,
      109, 93, 91, -1,
      109, 91, 89, -1,
      85, 63, 71, -1,
      71, 63, 67, -1,
      71, 67, 69, -1,
      79, 77, 61, -1,
      61, 77, 75, -1,
      61, 75, 73, -1,
      89, 103, 109, -1,
      109, 103, 105, -1,
      109, 105, 107, -1,
      73, 87, 61, -1,
      61, 87, 101, -1,
      61, 101, 109, -1,
      109, 101, 99, -1,
      109, 99, 97, -1,
      11, 12, 121, -1,
      121, 12, 122, -1,
      0, 2, 121, -1,
      121, 2, 11, -1,
      47, 48, 26, -1,
      26, 48, 28, -1,
      25, 38, 26, -1,
      26, 38, 47, -1,
      42, 33, 52, -1,
      52, 33, 32, -1,
      52, 32, 53, -1,
      53, 32, 30, -1,
      53, 30, 45, -1,
      45, 30, 24, -1,
      45, 24, 50, -1,
      50, 24, 35, -1,
      50, 35, 51, -1,
      51, 35, 34, -1,
      51, 34, 48, -1,
      48, 34, 28, -1,
      31, 46, 54, -1,
      31, 54, 29, -1,
      29, 54, 55, -1,
      29, 55, 22, -1,
      22, 55, 44, -1,
      22, 44, 23, -1,
      23, 44, 43, -1,
      23, 43, 37, -1,
      37, 43, 49, -1,
      37, 49, 36, -1,
      36, 49, 39, -1,
      36, 39, 27, -1,
      6, 131, 16, -1,
      16, 131, 130, -1,
      16, 130, 17, -1,
      17, 130, 128, -1,
      17, 128, 9, -1,
      9, 128, 120, -1,
      9, 120, 14, -1,
      14, 120, 124, -1,
      14, 124, 13, -1,
      13, 124, 123, -1,
      13, 123, 12, -1,
      12, 123, 122, -1,
      129, 10, 18, -1,
      129, 18, 127, -1,
      127, 18, 19, -1,
      127, 19, 118, -1,
      118, 19, 8, -1,
      118, 8, 119, -1,
      119, 8, 7, -1,
      119, 7, 126, -1,
      126, 7, 15, -1,
      126, 15, 125, -1,
      125, 15, 3, -1,
      125, 3, 1, -1,
    ]
  }
}

Shape {
  appearance Appearance {
    material Material {
      diffuseColor 0.6784 0.6784 0.6784
      specularColor 0.0471 0.0471 0.0471
      ambientIntensity 0.2
      transparency 0.0000
      shininess 0.5
    }
  }
  geometry IndexedFaceSet {
    ccw TRUE
    solid FALSE
    coord DEF co Coordinate {
      point [
        3.937008 -0.610236 0.222691,
        3.937008 -0.797244 0.222691,
        3.937008 -0.610236 0.590551,
        3.937008 -0.797244 0.590551,
        3.937008 0.295276 1.018031,
        3.937008 0.275591 0.982485,
        3.937008 0.157480 0.982485,
        3.937008 0.127953 1.141732,
        3.937008 0.472441 1.141732,
        3.937008 0.472441 1.018031,
        3.937008 0.127953 0.590551,
        3.937008 0.157480 0.380171,
        3.937008 -0.265748 0.590551,
        3.937008 -0.439840 0.380171,
        3.937008 -0.265748 1.531226,
        3.937008 -0.439840 1.427738,
        3.937008 -0.543328 1.531226,
        4.488189 -0.797244 0.222691,
        4.488189 -0.797244 0.590551,
        4.379921 -0.797244 0.222691,
        4.015748 -0.797244 0.222691,
        4.488189 -0.610236 0.590551,
        4.488189 -0.610236 1.531226,
        -4.488189 -0.610236 1.531226,
        -3.937008 -0.610236 0.590551,
        -4.488189 -0.610236 0.590551,
        -3.937008 -0.610236 0.222691,
        -3.740157 -0.610236 0.222691,
        -3.543307 -0.610236 0.222691,
        -3.346457 -0.610236 0.222691,
        -3.149606 -0.610236 0.222691,
        -2.952756 -0.610236 0.222691,
        -2.559055 -0.610236 0.222691,
        -2.362205 -0.610236 0.222691,
        -2.165354 -0.610236 0.222691,
        -1.968504 -0.610236 0.222691,
        -1.574803 -0.610236 0.222691,
        -1.377953 -0.610236 0.222691,
        -1.181102 -0.610236 0.222691,
        -0.984252 -0.610236 0.222691,
        -0.590551 -0.610236 0.222691,
        -0.393701 -0.610236 0.222691,
        -0.196850 -0.610236 0.222691,
        -0.000000 -0.610236 0.222691,
        0.590551 -0.610236 0.222691,
        0.787402 -0.610236 0.222691,
        0.984252 -0.610236 0.222691,
        1.181102 -0.610236 0.222691,
        1.574803 -0.610236 0.222691,
        1.771654 -0.610236 0.222691,
        1.968504 -0.610236 0.222691,
        2.165354 -0.610236 0.222691,
        2.559055 -0.610236 0.222691,
        2.755906 -0.610236 0.222691,
        2.952756 -0.610236 0.222691,
        3.149606 -0.610236 0.222691,
        3.543307 -0.610236 0.222691,
        3.740157 -0.610236 0.222691,
        4.488189 -0.265748 1.531226,
        3.877953 -0.543328 1.531226,
        3.799213 -0.543328 1.531226,
        3.681102 -0.543328 1.531226,
        3.602363 -0.543328 1.531226,
        3.484252 -0.543328 1.531226,
        3.405512 -0.543328 1.531226,
        3.287401 -0.543328 1.531226,
        3.208662 -0.543328 1.531226,
        3.090551 -0.543328 1.531226,
        3.011811 -0.543328 1.531226,
        0.334646 -0.543328 1.531226,
        0.255906 -0.543328 1.531226,
        0.137795 -0.543328 1.531226,
        -1.043307 -0.543328 1.531226,
        -1.122047 -0.543328 1.531226,
        -1.240157 -0.543328 1.531226,
        -1.830709 -0.543328 1.531226,
        -1.909449 -0.543328 1.531226,
        -2.027559 -0.543328 1.531226,
        2.893701 -0.543328 1.531226,
        2.814961 -0.543328 1.531226,
        2.696850 -0.543328 1.531226,
        0.059055 -0.543328 1.531226,
        -0.059055 -0.543328 1.531226,
        -0.137795 -0.543328 1.531226,
        -2.106299 -0.543328 1.531226,
        -2.224409 -0.543328 1.531226,
        -2.303150 -0.543328 1.531226,
        -2.421260 -0.543328 1.531226,
        -2.500000 -0.543328 1.531226,
        -2.618110 -0.543328 1.531226,
        -2.696850 -0.543328 1.531226,
        -2.814961 -0.543328 1.531226,
        -2.893701 -0.543328 1.531226,
        -1.318898 -0.543328 1.531226,
        -1.437008 -0.543328 1.531226,
        -1.515748 -0.543328 1.531226,
        -3.011811 -0.543328 1.531226,
        -3.090551 -0.543328 1.531226,
        -3.208662 -0.543328 1.531226,
        -1.633858 -0.543328 1.531226,
        -1.712598 -0.543328 1.531226,
        2.618110 -0.543328 1.531226,
        2.500000 -0.543328 1.531226,
        2.421260 -0.543328 1.531226,
        -0.255906 -0.543328 1.531226,
        -0.334646 -0.543328 1.531226,
        -0.452756 -0.543328 1.531226,
        -3.287401 -0.543328 1.531226,
        -3.405512 -0.543328 1.531226,
        -3.484252 -0.543328 1.531226,
        -3.602363 -0.543328 1.531226,
        -3.681102 -0.543328 1.531226,
        -3.799213 -0.543328 1.531226,
        -3.937008 -0.265748 1.531226,
        -4.488189 -0.265748 1.531226,
        -3.937008 -0.543328 1.531226,
        -3.877953 -0.543328 1.531226,
        2.303150 -0.543328 1.531226,
        2.224409 -0.543328 1.531226,
        2.106299 -0.543328 1.531226,
        -0.531496 -0.543328 1.531226,
        -0.649606 -0.543328 1.531226,
        -0.728346 -0.543328 1.531226,
        -0.846457 -0.543328 1.531226,
        -0.925197 -0.543328 1.531226,
        2.027559 -0.543328 1.531226,
        1.909449 -0.543328 1.531226,
        1.830709 -0.543328 1.531226,
        1.712598 -0.543328 1.531226,
        1.633858 -0.543328 1.531226,
        1.515748 -0.543328 1.531226,
        1.437008 -0.543328 1.531226,
        1.318898 -0.543328 1.531226,
        1.240157 -0.543328 1.531226,
        1.122047 -0.543328 1.531226,
        1.043307 -0.543328 1.531226,
        0.925197 -0.543328 1.531226,
        0.846457 -0.543328 1.531226,
        0.728346 -0.543328 1.531226,
        0.649606 -0.543328 1.531226,
        0.531496 -0.543328 1.531226,
        0.452756 -0.543328 1.531226,
        4.153543 -0.265748 0.767717,
        4.153543 -0.265748 1.072835,
        4.271654 -0.265748 1.072835,
        4.271654 -0.265748 0.767717,
        4.488189 -0.265748 0.590551,
        4.153543 0.049213 0.590551,
        4.153543 -0.187008 0.590551,
        4.271654 -0.187008 0.590551,
        4.271654 0.049213 0.590551,
        4.488189 0.127953 0.590551,
        4.271654 0.127953 1.072835,
        4.488189 0.127953 1.141732,
        4.271654 0.127953 0.767717,
        4.153543 0.127953 0.767717,
        4.153543 0.127953 1.072835,
        4.488189 0.472441 1.141732,
        3.937008 0.472441 0.590551,
        3.937008 0.472441 0.222691,
        3.740157 0.472441 0.222691,
        -4.488189 0.472441 1.141732,
        -3.937008 0.472441 1.141732,
        -4.488189 0.472441 0.590551,
        -3.937008 0.472441 1.018031,
        4.488189 0.472441 0.590551,
        -3.937008 0.472441 0.590551,
        3.543307 0.472441 0.222691,
        3.149606 0.472441 0.222691,
        2.952756 0.472441 0.222691,
        2.755906 0.472441 0.222691,
        2.559055 0.472441 0.222691,
        2.165354 0.472441 0.222691,
        1.968504 0.472441 0.222691,
        1.771654 0.472441 0.222691,
        1.574803 0.472441 0.222691,
        1.181102 0.472441 0.222691,
        0.984252 0.472441 0.222691,
        0.787402 0.472441 0.222691,
        0.590551 0.472441 0.222691,
        -0.000000 0.472441 0.222691,
        -0.196850 0.472441 0.222691,
        -0.393701 0.472441 0.222691,
        -0.590551 0.472441 0.222691,
        -0.984252 0.472441 0.222691,
        -1.181102 0.472441 0.222691,
        -1.377953 0.472441 0.222691,
        -1.574803 0.472441 0.222691,
        -1.968504 0.472441 0.222691,
        -2.165354 0.472441 0.222691,
        -2.362205 0.472441 0.222691,
        -2.559055 0.472441 0.222691,
        -2.952756 0.472441 0.222691,
        -3.149606 0.472441 0.222691,
        -3.346457 0.472441 0.222691,
        -3.543307 0.472441 0.222691,
        -3.740157 0.472441 0.222691,
        -3.937008 0.472441 0.222691,
        4.488189 0.659449 0.590551,
        3.937008 0.659449 0.590551,
        3.937008 0.659449 0.222691,
        4.015748 0.659449 0.222691,
        4.379921 0.659449 0.222691,
        4.488189 0.659449 0.222691,
        4.488189 0.366017 0.222691,
        -3.740157 -0.605622 0.222691,
        -3.543307 -0.605622 0.222691,
        -3.937008 -0.797244 0.222691,
        -4.153543 -0.712349 0.222691,
        -4.271654 -0.712349 0.222691,
        -4.488189 -0.797244 0.222691,
        -4.271654 -0.605622 0.222691,
        -4.488189 -0.605622 0.222691,
        -4.488189 0.366017 0.222691,
        -3.799213 -0.498895 0.222691,
        -3.799213 0.157480 0.222691,
        -3.877953 -0.498895 0.222691,
        -4.153543 -0.605622 0.222691,
        -3.877953 0.157480 0.222691,
        -4.153543 0.366017 0.222691,
        -3.740157 0.366017 0.222691,
        4.015748 0.366017 0.222691,
        3.740157 0.366017 0.222691,
        3.543307 0.366017 0.222691,
        3.149606 0.366017 0.222691,
        2.952756 0.366017 0.222691,
        2.755906 0.366017 0.222691,
        2.559055 0.366017 0.222691,
        2.165354 0.366017 0.222691,
        1.968504 0.366017 0.222691,
        1.771654 0.366017 0.222691,
        1.574803 0.366017 0.222691,
        1.181102 0.366017 0.222691,
        0.984252 0.366017 0.222691,
        0.787402 0.366017 0.222691,
        0.590551 0.366017 0.222691,
        -0.000000 0.366017 0.222691,
        -0.196850 0.366017 0.222691,
        -0.393701 0.366017 0.222691,
        -0.590551 0.366017 0.222691,
        -0.984252 0.366017 0.222691,
        -1.181102 0.366017 0.222691,
        -1.377953 0.366017 0.222691,
        -1.574803 0.366017 0.222691,
        -1.968504 0.366017 0.222691,
        -2.165354 0.366017 0.222691,
        -2.362205 0.366017 0.222691,
        -2.559055 0.366017 0.222691,
        -2.952756 0.366017 0.222691,
        -3.149606 0.366017 0.222691,
        -3.346457 0.366017 0.222691,
        -3.543307 0.366017 0.222691,
        -3.937008 0.659449 0.222691,
        -4.153543 0.574553 0.222691,
        -4.488189 0.659449 0.222691,
        -4.271654 0.574553 0.222691,
        -4.271654 0.366017 0.222691,
        -3.149606 -0.605622 0.222691,
        -3.346457 -0.605622 0.222691,
        -2.165354 -0.605622 0.222691,
        -2.362205 -0.605622 0.222691,
        -2.559055 -0.605622 0.222691,
        -2.952756 -0.605622 0.222691,
        -1.181102 -0.605622 0.222691,
        -1.377953 -0.605622 0.222691,
        -1.574803 -0.605622 0.222691,
        -1.968504 -0.605622 0.222691,
        -0.393701 -0.605622 0.222691,
        -0.590551 -0.605622 0.222691,
        -0.984252 -0.605622 0.222691,
        -0.196850 -0.605622 0.222691,
        -0.000000 -0.605622 0.222691,
        0.984252 -0.605622 0.222691,
        0.787402 -0.605622 0.222691,
        0.590551 -0.605622 0.222691,
        1.968504 -0.605622 0.222691,
        1.771654 -0.605622 0.222691,
        1.574803 -0.605622 0.222691,
        1.181102 -0.605622 0.222691,
        2.952756 -0.605622 0.222691,
        2.755906 -0.605622 0.222691,
        2.559055 -0.605622 0.222691,
        2.165354 -0.605622 0.222691,
        3.149606 -0.605622 0.222691,
        3.543307 -0.605622 0.222691,
        3.740157 -0.605622 0.222691,
        4.015748 -0.605622 0.222691,
        4.153543 0.366017 0.222691,
        4.153543 -0.605622 0.222691,
        4.153543 0.574553 0.222691,
        4.271654 0.574553 0.222691,
        4.271654 0.366017 0.222691,
        4.379921 0.366017 0.222691,
        4.379921 -0.605622 0.222691,
        4.153543 -0.712349 0.222691,
        4.271654 -0.712349 0.222691,
        4.271654 -0.605622 0.222691,
        -3.602363 -0.498895 0.222691,
        -3.602363 0.157480 0.222691,
        -3.484252 -0.498895 0.222691,
        -3.405512 -0.498895 0.222691,
        -3.405512 0.157480 0.222691,
        -3.484252 0.157480 0.222691,
        -3.681102 -0.498895 0.222691,
        -3.681102 0.157480 0.222691,
        -3.208662 -0.498895 0.222691,
        -3.208662 0.157480 0.222691,
        -3.090551 -0.498895 0.222691,
        -3.011811 -0.498895 0.222691,
        -3.011811 0.157480 0.222691,
        -3.090551 0.157480 0.222691,
        -3.287401 -0.498895 0.222691,
        -3.287401 0.157480 0.222691,
        -2.814961 0.157480 0.222691,
        -2.696850 0.157480 0.222691,
        -2.814961 -0.498895 0.222691,
        -2.696850 -0.498895 0.222691,
        -2.618110 0.157480 0.222691,
        -2.618110 -0.498895 0.222691,
        -2.893701 0.157480 0.222691,
        -2.893701 -0.498895 0.222691,
        -2.421260 -0.498895 0.222691,
        -2.421260 0.157480 0.222691,
        -2.500000 -0.498895 0.222691,
        -2.500000 0.157480 0.222691,
        -2.224409 -0.498895 0.222691,
        -2.224409 0.157480 0.222691,
        -2.106299 -0.498895 0.222691,
        -2.027559 -0.498895 0.222691,
        -2.027559 0.157480 0.222691,
        -2.106299 0.157480 0.222691,
        -2.303150 -0.498895 0.222691,
        -2.303150 0.157480 0.222691,
        -1.830709 0.157480 0.222691,
        -1.712598 0.157480 0.222691,
        -1.830709 -0.498895 0.222691,
        -1.712598 -0.498895 0.222691,
        -1.633858 0.157480 0.222691,
        -1.633858 -0.498895 0.222691,
        -1.909449 0.157480 0.222691,
        -1.909449 -0.498895 0.222691,
        -1.437008 -0.498895 0.222691,
        -1.437008 0.157480 0.222691,
        -1.515748 -0.498895 0.222691,
        -1.515748 0.157480 0.222691,
        -1.240157 -0.498895 0.222691,
        -1.240157 0.157480 0.222691,
        -1.122047 -0.498895 0.222691,
        -1.043307 -0.498895 0.222691,
        -1.043307 0.157480 0.222691,
        -1.122047 0.157480 0.222691,
        -1.318898 -0.498895 0.222691,
        -1.318898 0.157480 0.222691,
        -0.846457 0.157480 0.222691,
        -0.728346 0.157480 0.222691,
        -0.846457 -0.498895 0.222691,
        -0.728346 -0.498895 0.222691,
        -0.649606 0.157480 0.222691,
        -0.649606 -0.498895 0.222691,
        -0.925197 0.157480 0.222691,
        -0.925197 -0.498895 0.222691,
        -0.452756 -0.498895 0.222691,
        -0.452756 0.157480 0.222691,
        -0.334646 -0.498895 0.222691,
        -0.255906 -0.498895 0.222691,
        -0.255906 0.157480 0.222691,
        -0.334646 0.157480 0.222691,
        -0.531496 -0.498895 0.222691,
        -0.531496 0.157480 0.222691,
        -0.059055 -0.498895 0.222691,
        -0.059055 0.157480 0.222691,
        0.059055 -0.498895 0.222691,
        0.137795 -0.498895 0.222691,
        0.137795 0.157480 0.222691,
        0.059055 0.157480 0.222691,
        -0.137795 -0.498895 0.222691,
        -0.137795 0.157480 0.222691,
        0.452756 -0.498895 0.222691,
        0.531496 -0.498895 0.222691,
        0.531496 0.157480 0.222691,
        0.452756 0.157480 0.222691,
        0.334646 -0.498895 0.222691,
        0.255906 -0.498895 0.222691,
        0.255906 0.157480 0.222691,
        0.334646 0.157480 0.222691,
        0.728346 -0.498895 0.222691,
        0.728346 0.157480 0.222691,
        0.649606 -0.498895 0.222691,
        0.649606 0.157480 0.222691,
        0.925197 -0.498895 0.222691,
        0.925197 0.157480 0.222691,
        1.043307 -0.498895 0.222691,
        1.122047 -0.498895 0.222691,
        1.122047 0.157480 0.222691,
        1.043307 0.157480 0.222691,
        0.846457 -0.498895 0.222691,
        0.846457 0.157480 0.222691,
        1.318898 0.157480 0.222691,
        1.437008 0.157480 0.222691,
        1.318898 -0.498895 0.222691,
        1.437008 -0.498895 0.222691,
        1.515748 0.157480 0.222691,
        1.515748 -0.498895 0.222691,
        1.240157 0.157480 0.222691,
        1.240157 -0.498895 0.222691,
        1.712598 -0.498895 0.222691,
        1.712598 0.157480 0.222691,
        1.633858 -0.498895 0.222691,
        1.633858 0.157480 0.222691,
        1.909449 -0.498895 0.222691,
        1.909449 0.157480 0.222691,
        2.027559 -0.498895 0.222691,
        2.106299 -0.498895 0.222691,
        2.106299 0.157480 0.222691,
        2.027559 0.157480 0.222691,
        1.830709 -0.498895 0.222691,
        1.830709 0.157480 0.222691,
        2.303150 0.157480 0.222691,
        2.421260 0.157480 0.222691,
        2.303150 -0.498895 0.222691,
        2.421260 -0.498895 0.222691,
        2.500000 0.157480 0.222691,
        2.500000 -0.498895 0.222691,
        2.224409 0.157480 0.222691,
        2.224409 -0.498895 0.222691,
        2.696850 -0.498895 0.222691,
        2.696850 0.157480 0.222691,
        2.618110 -0.498895 0.222691,
        2.618110 0.157480 0.222691,
        2.893701 -0.498895 0.222691,
        2.893701 0.157480 0.222691,
        3.011811 -0.498895 0.222691,
        3.090551 -0.498895 0.222691,
        3.090551 0.157480 0.222691,
        3.011811 0.157480 0.222691,
        2.814961 -0.498895 0.222691,
        2.814961 0.157480 0.222691,
        3.287401 0.157480 0.222691,
        3.405512 0.157480 0.222691,
        3.287401 -0.498895 0.222691,
        3.405512 -0.498895 0.222691,
        3.484252 0.157480 0.222691,
        3.484252 -0.498895 0.222691,
        3.208662 0.157480 0.222691,
        3.208662 -0.498895 0.222691,
        3.681102 -0.498895 0.222691,
        3.681102 0.157480 0.222691,
        3.602363 -0.498895 0.222691,
        3.602363 0.157480 0.222691,
        3.799213 0.157480 0.222691,
        3.877953 0.157480 0.222691,
        3.877953 -0.498895 0.222691,
        3.799213 -0.498895 0.222691,
        4.488189 -0.605622 0.222691,
        4.153543 -0.600394 0.334646,
        4.153543 -0.187008 0.334646,
        4.271654 -0.600394 0.334646,
        4.271654 -0.187008 0.334646,
        4.153543 0.049213 0.334646,
        4.153543 0.462598 0.334646,
        4.271654 0.049213 0.334646,
        4.271654 0.462598 0.334646,
        4.153543 0.157480 1.072835,
        4.153543 0.157480 0.797244,
        4.271654 0.157480 1.072835,
        4.271654 0.157480 0.797244,
        4.271654 -0.295276 1.072835,
        4.153543 -0.295276 1.072835,
        4.153543 -0.295276 0.797244,
        4.271654 -0.295276 0.797244,
        3.877953 -0.439840 1.427738,
        3.877953 -0.439840 0.380171,
        3.877953 0.157480 0.380171,
        3.799213 -0.439840 0.380171,
        3.681102 -0.439840 0.380171,
        3.799213 -0.439840 1.427738,
        3.681102 -0.439840 1.427738,
        3.799213 0.157480 0.380171,
        3.681102 0.157480 0.380171,
        -1.909449 0.157480 0.380171,
        -3.937008 0.157480 0.982485,
        -3.877953 0.157480 0.380171,
        -3.937008 0.157480 0.380171,
        -1.712598 0.157480 0.380171,
        -1.633858 0.157480 0.380171,
        -3.484252 0.157480 0.380171,
        -1.318898 0.157480 0.380171,
        -1.830709 0.157480 0.380171,
        -1.515748 0.157480 0.380171,
        -3.799213 0.157480 0.380171,
        -3.681102 0.157480 0.380171,
        -0.925197 0.157480 0.380171,
        -3.405512 0.157480 0.380171,
        -3.287401 0.157480 0.380171,
        -2.893701 0.157480 0.380171,
        -2.027559 0.157480 0.380171,
        -1.240157 0.157480 0.380171,
        -1.122047 0.157480 0.380171,
        -0.846457 0.157480 0.380171,
        -0.728346 0.157480 0.380171,
        -3.602363 0.157480 0.380171,
        -1.437008 0.157480 0.380171,
        -1.043307 0.157480 0.380171,
        -2.500000 0.157480 0.380171,
        -0.531496 0.157480 0.380171,
        -0.452756 0.157480 0.380171,
        -0.334646 0.157480 0.380171,
        -2.106299 0.157480 0.380171,
        -0.649606 0.157480 0.380171,
        -0.137795 0.157480 0.380171,
        -0.059055 0.157480 0.380171,
        0.059055 0.157480 0.380171,
        -3.208662 0.157480 0.380171,
        -3.090551 0.157480 0.380171,
        -2.814961 0.157480 0.380171,
        -2.696850 0.157480 0.380171,
        -2.421260 0.157480 0.380171,
        -2.303150 0.157480 0.380171,
        -0.255906 0.157480 0.380171,
        -3.011811 0.157480 0.380171,
        -2.618110 0.157480 0.380171,
        -2.224409 0.157480 0.380171,
        0.255906 0.157480 0.380171,
        0.334646 0.157480 0.380171,
        0.452756 0.157480 0.380171,
        0.137795 0.157480 0.380171,
        0.649606 0.157480 0.380171,
        0.728346 0.157480 0.380171,
        0.846457 0.157480 0.380171,
        0.531496 0.157480 0.380171,
        1.043307 0.157480 0.380171,
        1.122047 0.157480 0.380171,
        1.240157 0.157480 0.380171,
        0.925197 0.157480 0.380171,
        1.437008 0.157480 0.380171,
        1.515748 0.157480 0.380171,
        1.633858 0.157480 0.380171,
        1.318898 0.157480 0.380171,
        1.830709 0.157480 0.380171,
        1.909449 0.157480 0.380171,
        2.027559 0.157480 0.380171,
        1.712598 0.157480 0.380171,
        2.224409 0.157480 0.380171,
        2.303150 0.157480 0.380171,
        2.421260 0.157480 0.380171,
        2.106299 0.157480 0.380171,
        2.618110 0.157480 0.380171,
        2.696850 0.157480 0.380171,
        2.814961 0.157480 0.380171,
        2.500000 0.157480 0.380171,
        3.011811 0.157480 0.380171,
        3.090551 0.157480 0.380171,
        3.208662 0.157480 0.380171,
        2.893701 0.157480 0.380171,
        3.405512 0.157480 0.380171,
        3.484252 0.157480 0.380171,
        3.602363 0.157480 0.380171,
        3.287401 0.157480 0.380171,
        -3.937008 0.275591 0.982485,
        -3.937008 0.295276 1.018031,
        3.877953 -0.498895 1.038026,
        3.799213 -0.498895 1.038026,
        3.877953 -0.543328 1.144663,
        3.799213 -0.543328 1.144663,
        3.602363 -0.439840 0.380171,
        3.484252 -0.439840 0.380171,
        3.602363 -0.439840 1.427738,
        3.484252 -0.439840 1.427738,
        3.681102 -0.498895 1.038026,
        3.602363 -0.498895 1.038026,
        3.681102 -0.543328 1.144663,
        3.602363 -0.543328 1.144663,
        3.405512 -0.439840 0.380171,
        3.287401 -0.439840 0.380171,
        3.405512 -0.439840 1.427738,
        3.287401 -0.439840 1.427738,
        3.484252 -0.498895 1.038026,
        3.405512 -0.498895 1.038026,
        3.484252 -0.543328 1.144663,
        3.405512 -0.543328 1.144663,
        3.208662 -0.439840 1.427738,
        3.208662 -0.439840 0.380171,
        3.090551 -0.439840 1.427738,
        3.090551 -0.439840 0.380171,
        3.011811 -0.439840 0.380171,
        2.893701 -0.439840 0.380171,
        3.011811 -0.439840 1.427738,
        2.893701 -0.439840 1.427738,
        3.090551 -0.498895 1.038026,
        3.011811 -0.498895 1.038026,
        3.090551 -0.543328 1.144663,
        3.011811 -0.543328 1.144663,
        3.287401 -0.498895 1.038026,
        3.208662 -0.498895 1.038026,
        3.287401 -0.543328 1.144663,
        3.208662 -0.543328 1.144663,
        2.814961 -0.439840 0.380171,
        2.696850 -0.439840 0.380171,
        2.814961 -0.439840 1.427738,
        2.696850 -0.439840 1.427738,
        2.893701 -0.498895 1.038026,
        2.814961 -0.498895 1.038026,
        2.893701 -0.543328 1.144663,
        2.814961 -0.543328 1.144663,
        2.618110 -0.439840 0.380171,
        2.500000 -0.439840 0.380171,
        2.618110 -0.439840 1.427738,
        2.500000 -0.439840 1.427738,
        2.696850 -0.498895 1.038026,
        2.618110 -0.498895 1.038026,
        2.696850 -0.543328 1.144663,
        2.618110 -0.543328 1.144663,
        2.421260 -0.439840 0.380171,
        2.303150 -0.439840 0.380171,
        2.421260 -0.439840 1.427738,
        2.303150 -0.439840 1.427738,
        2.500000 -0.498895 1.038026,
        2.421260 -0.498895 1.038026,
        2.500000 -0.543328 1.144663,
        2.421260 -0.543328 1.144663,
        2.224409 -0.439840 0.380171,
        2.106299 -0.439840 0.380171,
        2.224409 -0.439840 1.427738,
        2.106299 -0.439840 1.427738,
        2.303150 -0.498895 1.038026,
        2.224409 -0.498895 1.038026,
        2.303150 -0.543328 1.144663,
        2.224409 -0.543328 1.144663,
        2.027559 -0.439840 0.380171,
        1.909449 -0.439840 0.380171,
        2.027559 -0.439840 1.427738,
        1.909449 -0.439840 1.427738,
        2.106299 -0.498895 1.038026,
        2.027559 -0.498895 1.038026,
        2.106299 -0.543328 1.144663,
        2.027559 -0.543328 1.144663,
        1.830709 -0.439840 0.380171,
        1.712598 -0.439840 0.380171,
        1.830709 -0.439840 1.427738,
        1.712598 -0.439840 1.427738,
        1.909449 -0.498895 1.038026,
        1.830709 -0.498895 1.038026,
        1.909449 -0.543328 1.144663,
        1.830709 -0.543328 1.144663,
        1.633858 -0.439840 0.380171,
        1.515748 -0.439840 0.380171,
        1.633858 -0.439840 1.427738,
        1.515748 -0.439840 1.427738,
        1.712598 -0.498895 1.038026,
        1.633858 -0.498895 1.038026,
        1.712598 -0.543328 1.144663,
        1.633858 -0.543328 1.144663,
        1.437008 -0.439840 0.380171,
        1.318898 -0.439840 0.380171,
        1.437008 -0.439840 1.427738,
        1.318898 -0.439840 1.427738,
        1.515748 -0.498895 1.038026,
        1.437008 -0.498895 1.038026,
        1.515748 -0.543328 1.144663,
        1.437008 -0.543328 1.144663,
        1.240157 -0.439840 0.380171,
        1.122047 -0.439840 0.380171,
        1.240157 -0.439840 1.427738,
        1.122047 -0.439840 1.427738,
        1.318898 -0.498895 1.038026,
        1.240157 -0.498895 1.038026,
        1.318898 -0.543328 1.144663,
        1.240157 -0.543328 1.144663,
        1.043307 -0.439840 0.380171,
        0.925197 -0.439840 0.380171,
        1.043307 -0.439840 1.427738,
        0.925197 -0.439840 1.427738,
        1.122047 -0.498895 1.038026,
        1.043307 -0.498895 1.038026,
        1.122047 -0.543328 1.144663,
        1.043307 -0.543328 1.144663,
        0.846457 -0.439840 0.380171,
        0.728346 -0.439840 0.380171,
        0.846457 -0.439840 1.427738,
        0.728346 -0.439840 1.427738,
        0.925197 -0.498895 1.038026,
        0.846457 -0.498895 1.038026,
        0.925197 -0.543328 1.144663,
        0.846457 -0.543328 1.144663,
        0.649606 -0.439840 0.380171,
        0.531496 -0.439840 0.380171,
        0.649606 -0.439840 1.427738,
        0.531496 -0.439840 1.427738,
        0.728346 -0.498895 1.038026,
        0.649606 -0.498895 1.038026,
        0.728346 -0.543328 1.144663,
        0.649606 -0.543328 1.144663,
        0.452756 -0.439840 0.380171,
        0.334646 -0.439840 0.380171,
        0.452756 -0.439840 1.427738,
        0.334646 -0.439840 1.427738,
        0.531496 -0.498895 1.038026,
        0.452756 -0.498895 1.038026,
        0.531496 -0.543328 1.144663,
        0.452756 -0.543328 1.144663,
        0.255906 -0.439840 0.380171,
        0.137795 -0.439840 0.380171,
        0.255906 -0.439840 1.427738,
        0.137795 -0.439840 1.427738,
        0.334646 -0.498895 1.038026,
        0.255906 -0.498895 1.038026,
        0.334646 -0.543328 1.144663,
        0.255906 -0.543328 1.144663,
        0.059055 -0.439840 1.427738,
        0.059055 -0.439840 0.380171,
        -0.059055 -0.439840 1.427738,
        -0.059055 -0.439840 0.380171,
        -0.137795 -0.439840 0.380171,
        -0.255906 -0.439840 0.380171,
        -0.137795 -0.439840 1.427738,
        -0.255906 -0.439840 1.427738,
        -0.059055 -0.498895 1.038026,
        -0.137795 -0.498895 1.038026,
        -0.059055 -0.543328 1.144663,
        -0.137795 -0.543328 1.144663,
        0.137795 -0.498895 1.038026,
        0.059055 -0.498895 1.038026,
        0.137795 -0.543328 1.144663,
        0.059055 -0.543328 1.144663,
        -0.334646 -0.439840 0.380171,
        -0.452756 -0.439840 0.380171,
        -0.334646 -0.439840 1.427738,
        -0.452756 -0.439840 1.427738,
        -0.255906 -0.498895 1.038026,
        -0.334646 -0.498895 1.038026,
        -0.255906 -0.543328 1.144663,
        -0.334646 -0.543328 1.144663,
        -0.531496 -0.439840 0.380171,
        -0.649606 -0.439840 0.380171,
        -0.531496 -0.439840 1.427738,
        -0.649606 -0.439840 1.427738,
        -0.452756 -0.498895 1.038026,
        -0.531496 -0.498895 1.038026,
        -0.452756 -0.543328 1.144663,
        -0.531496 -0.543328 1.144663,
        -0.728346 -0.439840 0.380171,
        -0.846457 -0.439840 0.380171,
        -0.728346 -0.439840 1.427738,
        -0.846457 -0.439840 1.427738,
        -0.649606 -0.498895 1.038026,
        -0.728346 -0.498895 1.038026,
        -0.649606 -0.543328 1.144663,
        -0.728346 -0.543328 1.144663,
        -0.925197 -0.439840 0.380171,
        -1.043307 -0.439840 0.380171,
        -0.925197 -0.439840 1.427738,
        -1.043307 -0.439840 1.427738,
        -0.846457 -0.498895 1.038026,
        -0.925197 -0.498895 1.038026,
        -0.846457 -0.543328 1.144663,
        -0.925197 -0.543328 1.144663,
        -1.122047 -0.439840 0.380171,
        -1.240157 -0.439840 0.380171,
        -1.122047 -0.439840 1.427738,
        -1.240157 -0.439840 1.427738,
        -1.043307 -0.498895 1.038026,
        -1.122047 -0.498895 1.038026,
        -1.043307 -0.543328 1.144663,
        -1.122047 -0.543328 1.144663,
        -1.318898 -0.439840 0.380171,
        -1.437008 -0.439840 0.380171,
        -1.318898 -0.439840 1.427738,
        -1.437008 -0.439840 1.427738,
        -1.240157 -0.498895 1.038026,
        -1.318898 -0.498895 1.038026,
        -1.240157 -0.543328 1.144663,
        -1.318898 -0.543328 1.144663,
        -1.515748 -0.439840 0.380171,
        -1.633858 -0.439840 0.380171,
        -1.515748 -0.439840 1.427738,
        -1.633858 -0.439840 1.427738,
        -1.437008 -0.498895 1.038026,
        -1.515748 -0.498895 1.038026,
        -1.437008 -0.543328 1.144663,
        -1.515748 -0.543328 1.144663,
        -1.712598 -0.439840 0.380171,
        -1.830709 -0.439840 0.380171,
        -1.712598 -0.439840 1.427738,
        -1.830709 -0.439840 1.427738,
        -1.633858 -0.498895 1.038026,
        -1.712598 -0.498895 1.038026,
        -1.633858 -0.543328 1.144663,
        -1.712598 -0.543328 1.144663,
        -1.909449 -0.439840 0.380171,
        -2.027559 -0.439840 0.380171,
        -1.909449 -0.439840 1.427738,
        -2.027559 -0.439840 1.427738,
        -1.830709 -0.498895 1.038026,
        -1.909449 -0.498895 1.038026,
        -1.830709 -0.543328 1.144663,
        -1.909449 -0.543328 1.144663,
        -2.106299 -0.439840 0.380171,
        -2.224409 -0.439840 0.380171,
        -2.106299 -0.439840 1.427738,
        -2.224409 -0.439840 1.427738,
        -2.027559 -0.498895 1.038026,
        -2.106299 -0.498895 1.038026,
        -2.027559 -0.543328 1.144663,
        -2.106299 -0.543328 1.144663,
        -2.303150 -0.439840 0.380171,
        -2.421260 -0.439840 0.380171,
        -2.303150 -0.439840 1.427738,
        -2.421260 -0.439840 1.427738,
        -2.224409 -0.498895 1.038026,
        -2.303150 -0.498895 1.038026,
        -2.224409 -0.543328 1.144663,
        -2.303150 -0.543328 1.144663,
        -2.500000 -0.439840 1.427738,
        -2.500000 -0.439840 0.380171,
        -2.618110 -0.439840 1.427738,
        -2.618110 -0.439840 0.380171,
        -2.696850 -0.439840 0.380171,
        -2.814961 -0.439840 0.380171,
        -2.696850 -0.439840 1.427738,
        -2.814961 -0.439840 1.427738,
        -2.618110 -0.498895 1.038026,
        -2.696850 -0.498895 1.038026,
        -2.618110 -0.543328 1.144663,
        -2.696850 -0.543328 1.144663,
        -2.421260 -0.498895 1.038026,
        -2.500000 -0.498895 1.038026,
        -2.421260 -0.543328 1.144663,
        -2.500000 -0.543328 1.144663,
        -2.893701 -0.439840 0.380171,
        -3.011811 -0.439840 0.380171,
        -2.893701 -0.439840 1.427738,
        -3.011811 -0.439840 1.427738,
        -2.814961 -0.498895 1.038026,
        -2.893701 -0.498895 1.038026,
        -2.814961 -0.543328 1.144663,
        -2.893701 -0.543328 1.144663,
        -3.090551 -0.439840 0.380171,
        -3.208662 -0.439840 0.380171,
        -3.090551 -0.439840 1.427738,
        -3.208662 -0.439840 1.427738,
        -3.011811 -0.498895 1.038026,
        -3.090551 -0.498895 1.038026,
        -3.011811 -0.543328 1.144663,
        -3.090551 -0.543328 1.144663,
        -3.287401 -0.439840 0.380171,
        -3.405512 -0.439840 0.380171,
        -3.287401 -0.439840 1.427738,
        -3.405512 -0.439840 1.427738,
        -3.208662 -0.498895 1.038026,
        -3.287401 -0.498895 1.038026,
        -3.208662 -0.543328 1.144663,
        -3.287401 -0.543328 1.144663,
        -3.484252 -0.439840 0.380171,
        -3.602363 -0.439840 0.380171,
        -3.484252 -0.439840 1.427738,
        -3.602363 -0.439840 1.427738,
        -3.405512 -0.498895 1.038026,
        -3.484252 -0.498895 1.038026,
        -3.405512 -0.543328 1.144663,
        -3.484252 -0.543328 1.144663,
        -3.681102 -0.439840 0.380171,
        -3.799213 -0.439840 0.380171,
        -3.681102 -0.439840 1.427738,
        -3.799213 -0.439840 1.427738,
        -3.602363 -0.498895 1.038026,
        -3.681102 -0.498895 1.038026,
        -3.602363 -0.543328 1.144663,
        -3.681102 -0.543328 1.144663,
        -3.877953 -0.439840 0.380171,
        -3.937008 -0.439840 0.380171,
        -3.877953 -0.439840 1.427738,
        -3.937008 -0.439840 1.427738,
      ]
    }
    coordIndex [
      0, 1, 2, -1,
      2, 1, 3, -1,
      4, 5, 6, -1,
      7, 8, 9, -1,
      9, 4, 7, -1,
      7, 4, 6, -1,
      7, 6, 10, -1,
      10, 6, 11, -1,
      10, 11, 12, -1,
      12, 11, 13, -1,
      12, 13, 14, -1,
      14, 13, 15, -1,
      14, 15, 16, -1,
      17, 18, 19, -1,
      19, 18, 3, -1,
      19, 3, 20, -1,
      20, 3, 1, -1,
      18, 21, 3, -1,
      3, 21, 2, -1,
      22, 23, 24, -1,
      24, 23, 25, -1,
      24, 26, 27, -1,
      27, 28, 24, -1,
      24, 28, 29, -1,
      24, 29, 30, -1,
      30, 31, 24, -1,
      24, 31, 32, -1,
      24, 32, 33, -1,
      33, 34, 24, -1,
      24, 34, 35, -1,
      24, 35, 36, -1,
      36, 37, 24, -1,
      24, 37, 38, -1,
      24, 38, 39, -1,
      39, 40, 24, -1,
      24, 40, 41, -1,
      24, 41, 42, -1,
      21, 22, 2, -1,
      2, 22, 24, -1,
      2, 24, 43, -1,
      43, 24, 42, -1,
      43, 44, 2, -1,
      2, 44, 45, -1,
      2, 45, 46, -1,
      46, 47, 2, -1,
      2, 47, 48, -1,
      2, 48, 49, -1,
      49, 50, 2, -1,
      2, 50, 51, -1,
      2, 51, 52, -1,
      52, 53, 2, -1,
      2, 53, 54, -1,
      2, 54, 55, -1,
      55, 56, 2, -1,
      2, 56, 57, -1,
      2, 57, 0, -1,
      58, 14, 22, -1,
      22, 14, 16, -1,
      22, 16, 59, -1,
      59, 60, 22, -1,
      22, 60, 61, -1,
      22, 61, 62, -1,
      62, 63, 22, -1,
      22, 63, 64, -1,
      22, 64, 23, -1,
      23, 64, 65, -1,
      65, 66, 23, -1,
      23, 66, 67, -1,
      23, 67, 68, -1,
      69, 70, 23, -1,
      23, 70, 71, -1,
      72, 73, 23, -1,
      23, 73, 74, -1,
      75, 76, 23, -1,
      23, 76, 77, -1,
      68, 78, 23, -1,
      23, 78, 79, -1,
      23, 79, 80, -1,
      71, 81, 23, -1,
      23, 81, 82, -1,
      23, 82, 83, -1,
      77, 84, 23, -1,
      23, 84, 85, -1,
      23, 85, 86, -1,
      86, 87, 23, -1,
      23, 87, 88, -1,
      23, 88, 89, -1,
      89, 90, 23, -1,
      23, 90, 91, -1,
      23, 91, 92, -1,
      74, 93, 23, -1,
      23, 93, 94, -1,
      23, 94, 95, -1,
      92, 96, 23, -1,
      23, 96, 97, -1,
      23, 97, 98, -1,
      95, 99, 23, -1,
      23, 99, 100, -1,
      23, 100, 75, -1,
      80, 101, 23, -1,
      23, 101, 102, -1,
      23, 102, 103, -1,
      83, 104, 23, -1,
      23, 104, 105, -1,
      23, 105, 106, -1,
      98, 107, 23, -1,
      23, 107, 108, -1,
      23, 108, 109, -1,
      109, 110, 23, -1,
      23, 110, 111, -1,
      23, 111, 112, -1,
      113, 114, 115, -1,
      115, 114, 23, -1,
      115, 23, 116, -1,
      116, 23, 112, -1,
      103, 117, 23, -1,
      23, 117, 118, -1,
      23, 118, 119, -1,
      106, 120, 23, -1,
      23, 120, 121, -1,
      23, 121, 122, -1,
      122, 123, 23, -1,
      23, 123, 124, -1,
      23, 124, 72, -1,
      119, 125, 23, -1,
      23, 125, 126, -1,
      23, 126, 127, -1,
      127, 128, 23, -1,
      23, 128, 129, -1,
      23, 129, 130, -1,
      130, 131, 23, -1,
      23, 131, 132, -1,
      23, 132, 133, -1,
      133, 134, 23, -1,
      23, 134, 135, -1,
      23, 135, 136, -1,
      136, 137, 23, -1,
      23, 137, 138, -1,
      23, 138, 139, -1,
      139, 140, 23, -1,
      23, 140, 141, -1,
      23, 141, 69, -1,
      142, 12, 143, -1,
      143, 12, 14, -1,
      143, 14, 144, -1,
      144, 14, 58, -1,
      144, 58, 145, -1,
      145, 58, 146, -1,
      145, 146, 142, -1,
      142, 146, 12, -1,
      147, 10, 148, -1,
      148, 10, 12, -1,
      148, 12, 149, -1,
      149, 12, 146, -1,
      149, 146, 150, -1,
      150, 146, 151, -1,
      150, 151, 147, -1,
      147, 151, 10, -1,
      152, 153, 7, -1,
      153, 152, 151, -1,
      151, 152, 154, -1,
      151, 154, 10, -1,
      10, 154, 155, -1,
      10, 155, 7, -1,
      7, 155, 156, -1,
      7, 156, 152, -1,
      153, 157, 7, -1,
      7, 157, 8, -1,
      9, 8, 157, -1,
      158, 159, 160, -1,
      161, 162, 163, -1,
      163, 162, 164, -1,
      157, 165, 9, -1,
      9, 165, 158, -1,
      9, 158, 164, -1,
      164, 158, 166, -1,
      164, 166, 163, -1,
      160, 167, 158, -1,
      158, 167, 168, -1,
      158, 168, 169, -1,
      169, 170, 158, -1,
      158, 170, 171, -1,
      158, 171, 172, -1,
      172, 173, 158, -1,
      158, 173, 174, -1,
      158, 174, 175, -1,
      175, 176, 158, -1,
      158, 176, 177, -1,
      158, 177, 178, -1,
      178, 179, 158, -1,
      158, 179, 180, -1,
      158, 180, 166, -1,
      166, 180, 181, -1,
      166, 181, 182, -1,
      182, 183, 166, -1,
      166, 183, 184, -1,
      166, 184, 185, -1,
      185, 186, 166, -1,
      166, 186, 187, -1,
      166, 187, 188, -1,
      188, 189, 166, -1,
      166, 189, 190, -1,
      166, 190, 191, -1,
      191, 192, 166, -1,
      166, 192, 193, -1,
      166, 193, 194, -1,
      194, 195, 166, -1,
      166, 195, 196, -1,
      166, 196, 197, -1,
      165, 198, 158, -1,
      158, 198, 199, -1,
      200, 199, 201, -1,
      201, 199, 198, -1,
      201, 198, 202, -1,
      202, 198, 203, -1,
      202, 203, 204, -1,
      205, 206, 28, -1,
      26, 207, 208, -1,
      208, 207, 209, -1,
      209, 207, 210, -1,
      209, 210, 211, -1,
      211, 210, 212, -1,
      211, 212, 213, -1,
      205, 214, 215, -1,
      214, 205, 216, -1,
      216, 205, 217, -1,
      216, 217, 218, -1,
      218, 217, 219, -1,
      218, 219, 215, -1,
      215, 219, 220, -1,
      215, 220, 205, -1,
      200, 201, 159, -1,
      159, 201, 221, -1,
      159, 221, 160, -1,
      160, 221, 222, -1,
      160, 222, 167, -1,
      167, 222, 223, -1,
      167, 223, 168, -1,
      168, 223, 224, -1,
      168, 224, 169, -1,
      169, 225, 170, -1,
      170, 225, 226, -1,
      170, 226, 171, -1,
      171, 226, 227, -1,
      171, 227, 172, -1,
      172, 227, 228, -1,
      172, 228, 173, -1,
      173, 229, 174, -1,
      174, 229, 230, -1,
      174, 230, 175, -1,
      175, 230, 231, -1,
      175, 231, 176, -1,
      176, 231, 232, -1,
      176, 232, 177, -1,
      177, 233, 178, -1,
      178, 233, 234, -1,
      178, 234, 179, -1,
      179, 234, 235, -1,
      179, 235, 180, -1,
      180, 236, 181, -1,
      181, 236, 237, -1,
      181, 237, 182, -1,
      182, 238, 183, -1,
      183, 238, 239, -1,
      183, 239, 184, -1,
      184, 239, 240, -1,
      184, 240, 185, -1,
      185, 241, 186, -1,
      186, 241, 242, -1,
      186, 242, 187, -1,
      187, 242, 243, -1,
      187, 243, 188, -1,
      188, 243, 244, -1,
      188, 244, 189, -1,
      189, 245, 190, -1,
      190, 245, 246, -1,
      190, 246, 191, -1,
      191, 246, 247, -1,
      191, 247, 192, -1,
      192, 247, 248, -1,
      192, 248, 193, -1,
      193, 249, 194, -1,
      194, 249, 250, -1,
      194, 250, 195, -1,
      195, 251, 196, -1,
      196, 251, 220, -1,
      196, 220, 197, -1,
      197, 220, 219, -1,
      197, 219, 252, -1,
      252, 219, 253, -1,
      252, 253, 254, -1,
      254, 253, 255, -1,
      254, 255, 213, -1,
      213, 255, 256, -1,
      213, 256, 211, -1,
      208, 217, 26, -1,
      26, 217, 205, -1,
      26, 205, 27, -1,
      27, 205, 28, -1,
      257, 30, 258, -1,
      258, 30, 29, -1,
      259, 34, 260, -1,
      260, 34, 33, -1,
      260, 33, 261, -1,
      261, 33, 32, -1,
      261, 32, 262, -1,
      262, 32, 31, -1,
      263, 38, 264, -1,
      264, 38, 37, -1,
      264, 37, 265, -1,
      265, 37, 36, -1,
      265, 36, 266, -1,
      266, 36, 35, -1,
      267, 41, 268, -1,
      268, 41, 40, -1,
      268, 40, 269, -1,
      269, 40, 39, -1,
      42, 270, 43, -1,
      43, 270, 271, -1,
      43, 271, 44, -1,
      272, 46, 273, -1,
      273, 46, 45, -1,
      273, 45, 274, -1,
      275, 50, 276, -1,
      276, 50, 49, -1,
      276, 49, 277, -1,
      277, 49, 48, -1,
      277, 48, 278, -1,
      278, 48, 47, -1,
      279, 54, 280, -1,
      280, 54, 53, -1,
      280, 53, 281, -1,
      281, 53, 52, -1,
      281, 52, 282, -1,
      282, 52, 51, -1,
      55, 283, 56, -1,
      56, 283, 284, -1,
      56, 284, 57, -1,
      57, 284, 285, -1,
      57, 285, 0, -1,
      0, 285, 286, -1,
      0, 286, 1, -1,
      1, 286, 20, -1,
      287, 288, 221, -1,
      221, 288, 286, -1,
      287, 221, 289, -1,
      289, 221, 201, -1,
      289, 201, 290, -1,
      290, 201, 202, -1,
      290, 202, 291, -1,
      291, 202, 292, -1,
      291, 292, 293, -1,
      286, 288, 20, -1,
      20, 288, 294, -1,
      20, 294, 19, -1,
      19, 294, 295, -1,
      19, 295, 293, -1,
      293, 295, 296, -1,
      293, 296, 291, -1,
      206, 297, 298, -1,
      299, 258, 206, -1,
      206, 258, 29, -1,
      206, 29, 28, -1,
      299, 300, 258, -1,
      258, 300, 301, -1,
      258, 301, 250, -1,
      195, 250, 251, -1,
      251, 250, 301, -1,
      251, 301, 302, -1,
      297, 206, 303, -1,
      303, 206, 205, -1,
      303, 205, 304, -1,
      304, 205, 220, -1,
      304, 220, 298, -1,
      298, 220, 251, -1,
      298, 251, 206, -1,
      206, 251, 302, -1,
      206, 302, 299, -1,
      257, 305, 306, -1,
      307, 262, 257, -1,
      257, 262, 31, -1,
      257, 31, 30, -1,
      307, 308, 262, -1,
      262, 308, 309, -1,
      262, 309, 248, -1,
      193, 248, 249, -1,
      249, 248, 309, -1,
      249, 309, 310, -1,
      305, 257, 311, -1,
      311, 257, 258, -1,
      311, 258, 312, -1,
      312, 258, 250, -1,
      312, 250, 306, -1,
      306, 250, 249, -1,
      306, 249, 257, -1,
      257, 249, 310, -1,
      257, 310, 307, -1,
      313, 314, 315, -1,
      315, 314, 316, -1,
      315, 316, 262, -1,
      317, 247, 261, -1,
      262, 316, 261, -1,
      261, 316, 318, -1,
      261, 318, 317, -1,
      317, 314, 247, -1,
      247, 314, 313, -1,
      247, 313, 248, -1,
      248, 313, 319, -1,
      248, 319, 262, -1,
      262, 319, 320, -1,
      262, 320, 315, -1,
      260, 321, 322, -1,
      321, 260, 323, -1,
      323, 260, 261, -1,
      323, 261, 324, -1,
      324, 261, 247, -1,
      324, 247, 322, -1,
      322, 247, 246, -1,
      322, 246, 260, -1,
      259, 325, 326, -1,
      327, 266, 259, -1,
      259, 266, 35, -1,
      259, 35, 34, -1,
      327, 328, 266, -1,
      266, 328, 329, -1,
      266, 329, 244, -1,
      189, 244, 245, -1,
      245, 244, 329, -1,
      245, 329, 330, -1,
      325, 259, 331, -1,
      331, 259, 260, -1,
      331, 260, 332, -1,
      332, 260, 246, -1,
      332, 246, 326, -1,
      326, 246, 245, -1,
      326, 245, 259, -1,
      259, 245, 330, -1,
      259, 330, 327, -1,
      333, 334, 335, -1,
      335, 334, 336, -1,
      335, 336, 266, -1,
      337, 243, 265, -1,
      266, 336, 265, -1,
      265, 336, 338, -1,
      265, 338, 337, -1,
      337, 334, 243, -1,
      243, 334, 333, -1,
      243, 333, 244, -1,
      244, 333, 339, -1,
      244, 339, 266, -1,
      266, 339, 340, -1,
      266, 340, 335, -1,
      264, 341, 342, -1,
      341, 264, 343, -1,
      343, 264, 265, -1,
      343, 265, 344, -1,
      344, 265, 243, -1,
      344, 243, 342, -1,
      342, 243, 242, -1,
      342, 242, 264, -1,
      263, 345, 346, -1,
      347, 269, 263, -1,
      263, 269, 39, -1,
      263, 39, 38, -1,
      347, 348, 269, -1,
      269, 348, 349, -1,
      269, 349, 240, -1,
      185, 240, 241, -1,
      241, 240, 349, -1,
      241, 349, 350, -1,
      345, 263, 351, -1,
      351, 263, 264, -1,
      351, 264, 352, -1,
      352, 264, 242, -1,
      352, 242, 346, -1,
      346, 242, 241, -1,
      346, 241, 263, -1,
      263, 241, 350, -1,
      263, 350, 347, -1,
      353, 354, 355, -1,
      355, 354, 356, -1,
      355, 356, 269, -1,
      357, 239, 268, -1,
      269, 356, 268, -1,
      268, 356, 358, -1,
      268, 358, 357, -1,
      357, 354, 239, -1,
      239, 354, 353, -1,
      239, 353, 240, -1,
      240, 353, 359, -1,
      240, 359, 269, -1,
      269, 359, 360, -1,
      269, 360, 355, -1,
      267, 361, 362, -1,
      363, 270, 267, -1,
      267, 270, 42, -1,
      267, 42, 41, -1,
      363, 364, 270, -1,
      270, 364, 365, -1,
      270, 365, 237, -1,
      182, 237, 238, -1,
      238, 237, 365, -1,
      238, 365, 366, -1,
      361, 267, 367, -1,
      367, 267, 268, -1,
      367, 268, 368, -1,
      368, 268, 239, -1,
      368, 239, 362, -1,
      362, 239, 238, -1,
      362, 238, 267, -1,
      267, 238, 366, -1,
      267, 366, 363, -1,
      271, 369, 370, -1,
      271, 371, 372, -1,
      180, 235, 236, -1,
      236, 235, 373, -1,
      236, 373, 374, -1,
      369, 271, 375, -1,
      375, 271, 270, -1,
      375, 270, 376, -1,
      376, 270, 237, -1,
      376, 237, 370, -1,
      370, 237, 236, -1,
      370, 236, 271, -1,
      271, 236, 374, -1,
      271, 374, 371, -1,
      377, 378, 274, -1,
      274, 378, 379, -1,
      274, 379, 235, -1,
      235, 379, 380, -1,
      381, 271, 382, -1,
      382, 271, 372, -1,
      382, 372, 383, -1,
      45, 44, 274, -1,
      274, 44, 271, -1,
      274, 271, 377, -1,
      377, 271, 381, -1,
      377, 381, 380, -1,
      380, 381, 384, -1,
      380, 384, 235, -1,
      235, 384, 383, -1,
      235, 383, 373, -1,
      373, 383, 372, -1,
      273, 385, 386, -1,
      385, 273, 387, -1,
      387, 273, 274, -1,
      387, 274, 388, -1,
      388, 274, 235, -1,
      388, 235, 386, -1,
      386, 235, 234, -1,
      386, 234, 273, -1,
      272, 389, 390, -1,
      391, 278, 272, -1,
      272, 278, 47, -1,
      272, 47, 46, -1,
      391, 392, 278, -1,
      278, 392, 393, -1,
      278, 393, 232, -1,
      177, 232, 233, -1,
      233, 232, 393, -1,
      233, 393, 394, -1,
      389, 272, 395, -1,
      395, 272, 273, -1,
      395, 273, 396, -1,
      396, 273, 234, -1,
      396, 234, 390, -1,
      390, 234, 233, -1,
      390, 233, 272, -1,
      272, 233, 394, -1,
      272, 394, 391, -1,
      397, 398, 399, -1,
      399, 398, 400, -1,
      399, 400, 278, -1,
      401, 231, 277, -1,
      278, 400, 277, -1,
      277, 400, 402, -1,
      277, 402, 401, -1,
      401, 398, 231, -1,
      231, 398, 397, -1,
      231, 397, 232, -1,
      232, 397, 403, -1,
      232, 403, 278, -1,
      278, 403, 404, -1,
      278, 404, 399, -1,
      276, 405, 406, -1,
      405, 276, 407, -1,
      407, 276, 277, -1,
      407, 277, 408, -1,
      408, 277, 231, -1,
      408, 231, 406, -1,
      406, 231, 230, -1,
      406, 230, 276, -1,
      275, 409, 410, -1,
      411, 282, 275, -1,
      275, 282, 51, -1,
      275, 51, 50, -1,
      411, 412, 282, -1,
      282, 412, 413, -1,
      282, 413, 228, -1,
      173, 228, 229, -1,
      229, 228, 413, -1,
      229, 413, 414, -1,
      409, 275, 415, -1,
      415, 275, 276, -1,
      415, 276, 416, -1,
      416, 276, 230, -1,
      416, 230, 410, -1,
      410, 230, 229, -1,
      410, 229, 275, -1,
      275, 229, 414, -1,
      275, 414, 411, -1,
      417, 418, 419, -1,
      419, 418, 420, -1,
      419, 420, 282, -1,
      421, 227, 281, -1,
      282, 420, 281, -1,
      281, 420, 422, -1,
      281, 422, 421, -1,
      421, 418, 227, -1,
      227, 418, 417, -1,
      227, 417, 228, -1,
      228, 417, 423, -1,
      228, 423, 282, -1,
      282, 423, 424, -1,
      282, 424, 419, -1,
      280, 425, 426, -1,
      425, 280, 427, -1,
      427, 280, 281, -1,
      427, 281, 428, -1,
      428, 281, 227, -1,
      428, 227, 426, -1,
      426, 227, 226, -1,
      426, 226, 280, -1,
      279, 429, 430, -1,
      431, 283, 279, -1,
      279, 283, 55, -1,
      279, 55, 54, -1,
      431, 432, 283, -1,
      283, 432, 433, -1,
      283, 433, 224, -1,
      169, 224, 225, -1,
      225, 224, 433, -1,
      225, 433, 434, -1,
      429, 279, 435, -1,
      435, 279, 280, -1,
      435, 280, 436, -1,
      436, 280, 226, -1,
      436, 226, 430, -1,
      430, 226, 225, -1,
      430, 225, 279, -1,
      279, 225, 434, -1,
      279, 434, 431, -1,
      437, 438, 439, -1,
      439, 438, 440, -1,
      439, 440, 283, -1,
      441, 223, 284, -1,
      283, 440, 284, -1,
      284, 440, 442, -1,
      284, 442, 441, -1,
      441, 438, 223, -1,
      223, 438, 437, -1,
      223, 437, 224, -1,
      224, 437, 443, -1,
      224, 443, 283, -1,
      283, 443, 444, -1,
      283, 444, 439, -1,
      285, 445, 446, -1,
      445, 285, 447, -1,
      447, 285, 284, -1,
      447, 284, 448, -1,
      448, 284, 223, -1,
      448, 223, 446, -1,
      446, 223, 222, -1,
      446, 222, 285, -1,
      449, 222, 450, -1,
      450, 222, 221, -1,
      450, 221, 451, -1,
      451, 221, 286, -1,
      451, 286, 452, -1,
      452, 286, 285, -1,
      452, 285, 449, -1,
      449, 285, 222, -1,
      202, 204, 292, -1,
      292, 204, 453, -1,
      292, 453, 293, -1,
      293, 453, 17, -1,
      293, 17, 19, -1,
      157, 153, 165, -1,
      165, 153, 151, -1,
      203, 198, 204, -1,
      204, 198, 165, -1,
      204, 165, 453, -1,
      453, 165, 151, -1,
      22, 21, 58, -1,
      58, 21, 146, -1,
      18, 17, 21, -1,
      21, 17, 453, -1,
      21, 453, 146, -1,
      146, 453, 151, -1,
      158, 199, 159, -1,
      159, 199, 200, -1,
      454, 455, 456, -1,
      456, 455, 457, -1,
      458, 459, 460, -1,
      460, 459, 461, -1,
      287, 289, 459, -1,
      147, 148, 458, -1,
      458, 148, 455, -1,
      459, 458, 287, -1,
      287, 458, 455, -1,
      287, 455, 288, -1,
      288, 455, 454, -1,
      288, 454, 294, -1,
      296, 295, 456, -1,
      149, 150, 457, -1,
      457, 150, 460, -1,
      456, 457, 296, -1,
      296, 457, 460, -1,
      296, 460, 291, -1,
      291, 460, 461, -1,
      291, 461, 290, -1,
      294, 454, 295, -1,
      295, 454, 456, -1,
      290, 461, 289, -1,
      289, 461, 459, -1,
      149, 457, 148, -1,
      148, 457, 455, -1,
      147, 458, 150, -1,
      150, 458, 460, -1,
      462, 463, 464, -1,
      464, 463, 465, -1,
      155, 463, 156, -1,
      156, 463, 462, -1,
      464, 465, 152, -1,
      152, 465, 154, -1,
      156, 462, 152, -1,
      152, 462, 464, -1,
      154, 465, 155, -1,
      155, 465, 463, -1,
      144, 466, 143, -1,
      143, 466, 467, -1,
      142, 468, 145, -1,
      145, 468, 469, -1,
      143, 467, 142, -1,
      142, 467, 468, -1,
      469, 466, 145, -1,
      145, 466, 144, -1,
      468, 467, 469, -1,
      469, 467, 466, -1,
      15, 13, 470, -1,
      470, 13, 471, -1,
      13, 11, 471, -1,
      471, 11, 472, -1,
      16, 15, 59, -1,
      59, 15, 470, -1,
      473, 474, 475, -1,
      475, 474, 476, -1,
      477, 478, 473, -1,
      473, 478, 474, -1,
      479, 339, 333, -1,
      6, 480, 481, -1,
      481, 480, 482, -1,
      334, 337, 483, -1,
      483, 337, 484, -1,
      485, 302, 301, -1,
      486, 352, 346, -1,
      472, 11, 6, -1,
      487, 483, 6, -1,
      6, 483, 484, -1,
      6, 484, 488, -1,
      218, 215, 481, -1,
      481, 215, 489, -1,
      481, 489, 6, -1,
      6, 489, 490, -1,
      491, 359, 353, -1,
      492, 493, 6, -1,
      494, 319, 313, -1,
      333, 487, 479, -1,
      479, 487, 6, -1,
      479, 6, 495, -1,
      6, 496, 497, -1,
      498, 499, 6, -1,
      301, 492, 485, -1,
      485, 492, 6, -1,
      485, 6, 500, -1,
      500, 6, 490, -1,
      500, 490, 298, -1,
      298, 490, 304, -1,
      344, 342, 488, -1,
      488, 342, 501, -1,
      488, 501, 6, -1,
      6, 501, 486, -1,
      6, 486, 496, -1,
      496, 486, 346, -1,
      353, 498, 491, -1,
      491, 498, 6, -1,
      491, 6, 502, -1,
      502, 6, 497, -1,
      502, 497, 349, -1,
      349, 497, 350, -1,
      503, 324, 322, -1,
      504, 368, 362, -1,
      505, 506, 6, -1,
      507, 330, 329, -1,
      362, 505, 504, -1,
      504, 505, 6, -1,
      504, 6, 508, -1,
      508, 6, 499, -1,
      508, 499, 357, -1,
      357, 499, 354, -1,
      509, 376, 370, -1,
      510, 511, 6, -1,
      312, 306, 493, -1,
      493, 306, 512, -1,
      493, 512, 6, -1,
      6, 512, 513, -1,
      6, 514, 515, -1,
      6, 516, 517, -1,
      370, 510, 509, -1,
      509, 510, 6, -1,
      509, 6, 518, -1,
      518, 6, 506, -1,
      518, 506, 365, -1,
      365, 506, 366, -1,
      310, 309, 513, -1,
      513, 309, 519, -1,
      513, 519, 6, -1,
      6, 519, 494, -1,
      6, 494, 514, -1,
      514, 494, 313, -1,
      314, 317, 515, -1,
      515, 317, 520, -1,
      515, 520, 6, -1,
      6, 520, 503, -1,
      6, 503, 516, -1,
      516, 503, 322, -1,
      332, 326, 517, -1,
      517, 326, 521, -1,
      517, 521, 6, -1,
      6, 521, 507, -1,
      6, 507, 495, -1,
      495, 507, 329, -1,
      522, 383, 384, -1,
      523, 524, 6, -1,
      384, 523, 522, -1,
      522, 523, 6, -1,
      522, 6, 525, -1,
      525, 6, 511, -1,
      525, 511, 373, -1,
      373, 511, 374, -1,
      526, 388, 386, -1,
      527, 528, 6, -1,
      386, 527, 526, -1,
      526, 527, 6, -1,
      526, 6, 529, -1,
      529, 6, 524, -1,
      529, 524, 379, -1,
      379, 524, 380, -1,
      530, 394, 393, -1,
      531, 532, 6, -1,
      393, 531, 530, -1,
      530, 531, 6, -1,
      530, 6, 533, -1,
      533, 6, 528, -1,
      533, 528, 390, -1,
      390, 528, 396, -1,
      534, 398, 401, -1,
      535, 536, 6, -1,
      401, 535, 534, -1,
      534, 535, 6, -1,
      534, 6, 537, -1,
      537, 6, 532, -1,
      537, 532, 397, -1,
      397, 532, 403, -1,
      538, 416, 410, -1,
      539, 540, 6, -1,
      410, 539, 538, -1,
      538, 539, 6, -1,
      538, 6, 541, -1,
      541, 6, 536, -1,
      541, 536, 406, -1,
      406, 536, 408, -1,
      542, 423, 417, -1,
      543, 544, 6, -1,
      417, 543, 542, -1,
      542, 543, 6, -1,
      542, 6, 545, -1,
      545, 6, 540, -1,
      545, 540, 413, -1,
      413, 540, 414, -1,
      546, 428, 426, -1,
      547, 548, 6, -1,
      426, 547, 546, -1,
      546, 547, 6, -1,
      546, 6, 549, -1,
      549, 6, 544, -1,
      549, 544, 421, -1,
      421, 544, 418, -1,
      550, 434, 433, -1,
      551, 552, 6, -1,
      433, 551, 550, -1,
      550, 551, 6, -1,
      550, 6, 553, -1,
      553, 6, 548, -1,
      553, 548, 430, -1,
      430, 548, 436, -1,
      554, 438, 441, -1,
      555, 556, 6, -1,
      441, 555, 554, -1,
      554, 555, 6, -1,
      554, 6, 557, -1,
      557, 6, 552, -1,
      557, 552, 437, -1,
      437, 552, 443, -1,
      477, 449, 450, -1,
      450, 472, 477, -1,
      477, 472, 6, -1,
      477, 6, 478, -1,
      478, 6, 556, -1,
      478, 556, 446, -1,
      446, 556, 448, -1,
      558, 480, 5, -1,
      5, 480, 6, -1,
      559, 558, 4, -1,
      4, 558, 5, -1,
      164, 559, 9, -1,
      9, 559, 4, -1,
      475, 476, 60, -1,
      60, 476, 61, -1,
      560, 451, 561, -1,
      561, 451, 452, -1,
      59, 562, 60, -1,
      60, 562, 563, -1,
      562, 560, 563, -1,
      563, 560, 561, -1,
      471, 472, 450, -1,
      560, 562, 59, -1,
      450, 451, 471, -1,
      471, 451, 560, -1,
      471, 560, 470, -1,
      470, 560, 59, -1,
      449, 477, 452, -1,
      452, 477, 473, -1,
      452, 473, 561, -1,
      561, 473, 475, -1,
      561, 475, 563, -1,
      563, 475, 60, -1,
      564, 565, 566, -1,
      566, 565, 567, -1,
      556, 555, 564, -1,
      564, 555, 565, -1,
      566, 567, 62, -1,
      62, 567, 63, -1,
      568, 445, 569, -1,
      569, 445, 447, -1,
      61, 570, 62, -1,
      62, 570, 571, -1,
      570, 568, 571, -1,
      571, 568, 569, -1,
      474, 478, 446, -1,
      568, 570, 61, -1,
      446, 445, 474, -1,
      474, 445, 568, -1,
      474, 568, 476, -1,
      476, 568, 61, -1,
      448, 556, 447, -1,
      447, 556, 564, -1,
      447, 564, 569, -1,
      569, 564, 566, -1,
      569, 566, 571, -1,
      571, 566, 62, -1,
      572, 573, 574, -1,
      574, 573, 575, -1,
      554, 557, 572, -1,
      572, 557, 573, -1,
      574, 575, 64, -1,
      64, 575, 65, -1,
      576, 442, 577, -1,
      577, 442, 440, -1,
      63, 578, 64, -1,
      64, 578, 579, -1,
      578, 576, 579, -1,
      579, 576, 577, -1,
      565, 555, 441, -1,
      576, 578, 63, -1,
      441, 442, 565, -1,
      565, 442, 576, -1,
      565, 576, 567, -1,
      567, 576, 63, -1,
      438, 554, 440, -1,
      440, 554, 572, -1,
      440, 572, 577, -1,
      577, 572, 574, -1,
      577, 574, 579, -1,
      579, 574, 64, -1,
      580, 581, 582, -1,
      582, 581, 583, -1,
      581, 552, 583, -1,
      583, 552, 551, -1,
      66, 580, 67, -1,
      67, 580, 582, -1,
      584, 585, 586, -1,
      586, 585, 587, -1,
      550, 553, 584, -1,
      584, 553, 585, -1,
      586, 587, 68, -1,
      68, 587, 78, -1,
      588, 432, 589, -1,
      589, 432, 431, -1,
      67, 590, 68, -1,
      68, 590, 591, -1,
      590, 588, 591, -1,
      591, 588, 589, -1,
      583, 551, 433, -1,
      588, 590, 67, -1,
      433, 432, 583, -1,
      583, 432, 588, -1,
      583, 588, 582, -1,
      582, 588, 67, -1,
      434, 550, 431, -1,
      431, 550, 584, -1,
      431, 584, 589, -1,
      589, 584, 586, -1,
      589, 586, 591, -1,
      591, 586, 68, -1,
      592, 439, 593, -1,
      593, 439, 444, -1,
      65, 594, 66, -1,
      66, 594, 595, -1,
      594, 592, 595, -1,
      595, 592, 593, -1,
      573, 557, 437, -1,
      592, 594, 65, -1,
      437, 439, 573, -1,
      573, 439, 592, -1,
      573, 592, 575, -1,
      575, 592, 65, -1,
      443, 552, 444, -1,
      444, 552, 581, -1,
      444, 581, 593, -1,
      593, 581, 580, -1,
      593, 580, 595, -1,
      595, 580, 66, -1,
      596, 597, 598, -1,
      598, 597, 599, -1,
      548, 547, 596, -1,
      596, 547, 597, -1,
      598, 599, 79, -1,
      79, 599, 80, -1,
      600, 429, 601, -1,
      601, 429, 435, -1,
      78, 602, 79, -1,
      79, 602, 603, -1,
      602, 600, 603, -1,
      603, 600, 601, -1,
      585, 553, 430, -1,
      600, 602, 78, -1,
      430, 429, 585, -1,
      585, 429, 600, -1,
      585, 600, 587, -1,
      587, 600, 78, -1,
      436, 548, 435, -1,
      435, 548, 596, -1,
      435, 596, 601, -1,
      601, 596, 598, -1,
      601, 598, 603, -1,
      603, 598, 79, -1,
      604, 605, 606, -1,
      606, 605, 607, -1,
      546, 549, 604, -1,
      604, 549, 605, -1,
      606, 607, 101, -1,
      101, 607, 102, -1,
      608, 425, 609, -1,
      609, 425, 427, -1,
      80, 610, 101, -1,
      101, 610, 611, -1,
      610, 608, 611, -1,
      611, 608, 609, -1,
      597, 547, 426, -1,
      608, 610, 80, -1,
      426, 425, 597, -1,
      597, 425, 608, -1,
      597, 608, 599, -1,
      599, 608, 80, -1,
      428, 546, 427, -1,
      427, 546, 604, -1,
      427, 604, 609, -1,
      609, 604, 606, -1,
      609, 606, 611, -1,
      611, 606, 101, -1,
      612, 613, 614, -1,
      614, 613, 615, -1,
      544, 543, 612, -1,
      612, 543, 613, -1,
      614, 615, 103, -1,
      103, 615, 117, -1,
      616, 422, 617, -1,
      617, 422, 420, -1,
      102, 618, 103, -1,
      103, 618, 619, -1,
      618, 616, 619, -1,
      619, 616, 617, -1,
      605, 549, 421, -1,
      616, 618, 102, -1,
      421, 422, 605, -1,
      605, 422, 616, -1,
      605, 616, 607, -1,
      607, 616, 102, -1,
      418, 544, 420, -1,
      420, 544, 612, -1,
      420, 612, 617, -1,
      617, 612, 614, -1,
      617, 614, 619, -1,
      619, 614, 103, -1,
      620, 621, 622, -1,
      622, 621, 623, -1,
      542, 545, 620, -1,
      620, 545, 621, -1,
      622, 623, 118, -1,
      118, 623, 119, -1,
      624, 419, 625, -1,
      625, 419, 424, -1,
      117, 626, 118, -1,
      118, 626, 627, -1,
      626, 624, 627, -1,
      627, 624, 625, -1,
      613, 543, 417, -1,
      624, 626, 117, -1,
      417, 419, 613, -1,
      613, 419, 624, -1,
      613, 624, 615, -1,
      615, 624, 117, -1,
      423, 542, 424, -1,
      424, 542, 620, -1,
      424, 620, 625, -1,
      625, 620, 622, -1,
      625, 622, 627, -1,
      627, 622, 118, -1,
      628, 629, 630, -1,
      630, 629, 631, -1,
      540, 539, 628, -1,
      628, 539, 629, -1,
      630, 631, 125, -1,
      125, 631, 126, -1,
      632, 412, 633, -1,
      633, 412, 411, -1,
      119, 634, 125, -1,
      125, 634, 635, -1,
      634, 632, 635, -1,
      635, 632, 633, -1,
      621, 545, 413, -1,
      632, 634, 119, -1,
      413, 412, 621, -1,
      621, 412, 632, -1,
      621, 632, 623, -1,
      623, 632, 119, -1,
      414, 540, 411, -1,
      411, 540, 628, -1,
      411, 628, 633, -1,
      633, 628, 630, -1,
      633, 630, 635, -1,
      635, 630, 125, -1,
      636, 637, 638, -1,
      638, 637, 639, -1,
      538, 541, 636, -1,
      636, 541, 637, -1,
      638, 639, 127, -1,
      127, 639, 128, -1,
      640, 409, 641, -1,
      641, 409, 415, -1,
      126, 642, 127, -1,
      127, 642, 643, -1,
      642, 640, 643, -1,
      643, 640, 641, -1,
      629, 539, 410, -1,
      640, 642, 126, -1,
      410, 409, 629, -1,
      629, 409, 640, -1,
      629, 640, 631, -1,
      631, 640, 126, -1,
      416, 538, 415, -1,
      415, 538, 636, -1,
      415, 636, 641, -1,
      641, 636, 638, -1,
      641, 638, 643, -1,
      643, 638, 127, -1,
      644, 645, 646, -1,
      646, 645, 647, -1,
      536, 535, 644, -1,
      644, 535, 645, -1,
      646, 647, 129, -1,
      129, 647, 130, -1,
      648, 405, 649, -1,
      649, 405, 407, -1,
      128, 650, 129, -1,
      129, 650, 651, -1,
      650, 648, 651, -1,
      651, 648, 649, -1,
      637, 541, 406, -1,
      648, 650, 128, -1,
      406, 405, 637, -1,
      637, 405, 648, -1,
      637, 648, 639, -1,
      639, 648, 128, -1,
      408, 536, 407, -1,
      407, 536, 644, -1,
      407, 644, 649, -1,
      649, 644, 646, -1,
      649, 646, 651, -1,
      651, 646, 129, -1,
      652, 653, 654, -1,
      654, 653, 655, -1,
      534, 537, 652, -1,
      652, 537, 653, -1,
      654, 655, 131, -1,
      131, 655, 132, -1,
      656, 402, 657, -1,
      657, 402, 400, -1,
      130, 658, 131, -1,
      131, 658, 659, -1,
      658, 656, 659, -1,
      659, 656, 657, -1,
      645, 535, 401, -1,
      656, 658, 130, -1,
      401, 402, 645, -1,
      645, 402, 656, -1,
      645, 656, 647, -1,
      647, 656, 130, -1,
      398, 534, 400, -1,
      400, 534, 652, -1,
      400, 652, 657, -1,
      657, 652, 654, -1,
      657, 654, 659, -1,
      659, 654, 131, -1,
      660, 661, 662, -1,
      662, 661, 663, -1,
      532, 531, 660, -1,
      660, 531, 661, -1,
      662, 663, 133, -1,
      133, 663, 134, -1,
      664, 399, 665, -1,
      665, 399, 404, -1,
      132, 666, 133, -1,
      133, 666, 667, -1,
      666, 664, 667, -1,
      667, 664, 665, -1,
      653, 537, 397, -1,
      664, 666, 132, -1,
      397, 399, 653, -1,
      653, 399, 664, -1,
      653, 664, 655, -1,
      655, 664, 132, -1,
      403, 532, 404, -1,
      404, 532, 660, -1,
      404, 660, 665, -1,
      665, 660, 662, -1,
      665, 662, 667, -1,
      667, 662, 133, -1,
      668, 669, 670, -1,
      670, 669, 671, -1,
      530, 533, 668, -1,
      668, 533, 669, -1,
      670, 671, 135, -1,
      135, 671, 136, -1,
      672, 392, 673, -1,
      673, 392, 391, -1,
      134, 674, 135, -1,
      135, 674, 675, -1,
      674, 672, 675, -1,
      675, 672, 673, -1,
      661, 531, 393, -1,
      672, 674, 134, -1,
      393, 392, 661, -1,
      661, 392, 672, -1,
      661, 672, 663, -1,
      663, 672, 134, -1,
      394, 530, 391, -1,
      391, 530, 668, -1,
      391, 668, 673, -1,
      673, 668, 670, -1,
      673, 670, 675, -1,
      675, 670, 135, -1,
      676, 677, 678, -1,
      678, 677, 679, -1,
      528, 527, 676, -1,
      676, 527, 677, -1,
      678, 679, 137, -1,
      137, 679, 138, -1,
      680, 389, 681, -1,
      681, 389, 395, -1,
      136, 682, 137, -1,
      137, 682, 683, -1,
      682, 680, 683, -1,
      683, 680, 681, -1,
      669, 533, 390, -1,
      680, 682, 136, -1,
      390, 389, 669, -1,
      669, 389, 680, -1,
      669, 680, 671, -1,
      671, 680, 136, -1,
      396, 528, 395, -1,
      395, 528, 676, -1,
      395, 676, 681, -1,
      681, 676, 678, -1,
      681, 678, 683, -1,
      683, 678, 137, -1,
      684, 685, 686, -1,
      686, 685, 687, -1,
      526, 529, 684, -1,
      684, 529, 685, -1,
      686, 687, 139, -1,
      139, 687, 140, -1,
      688, 385, 689, -1,
      689, 385, 387, -1,
      138, 690, 139, -1,
      139, 690, 691, -1,
      690, 688, 691, -1,
      691, 688, 689, -1,
      677, 527, 386, -1,
      688, 690, 138, -1,
      386, 385, 677, -1,
      677, 385, 688, -1,
      677, 688, 679, -1,
      679, 688, 138, -1,
      388, 526, 387, -1,
      387, 526, 684, -1,
      387, 684, 689, -1,
      689, 684, 686, -1,
      689, 686, 691, -1,
      691, 686, 139, -1,
      692, 693, 694, -1,
      694, 693, 695, -1,
      524, 523, 692, -1,
      692, 523, 693, -1,
      694, 695, 141, -1,
      141, 695, 69, -1,
      696, 378, 697, -1,
      697, 378, 377, -1,
      140, 698, 141, -1,
      141, 698, 699, -1,
      698, 696, 699, -1,
      699, 696, 697, -1,
      685, 529, 379, -1,
      696, 698, 140, -1,
      379, 378, 685, -1,
      685, 378, 696, -1,
      685, 696, 687, -1,
      687, 696, 140, -1,
      380, 524, 377, -1,
      377, 524, 692, -1,
      377, 692, 697, -1,
      697, 692, 694, -1,
      697, 694, 699, -1,
      699, 694, 141, -1,
      700, 701, 702, -1,
      702, 701, 703, -1,
      522, 525, 700, -1,
      700, 525, 701, -1,
      702, 703, 70, -1,
      70, 703, 71, -1,
      704, 381, 705, -1,
      705, 381, 382, -1,
      69, 706, 70, -1,
      70, 706, 707, -1,
      706, 704, 707, -1,
      707, 704, 705, -1,
      693, 523, 384, -1,
      704, 706, 69, -1,
      384, 381, 693, -1,
      693, 381, 704, -1,
      693, 704, 695, -1,
      695, 704, 69, -1,
      383, 522, 382, -1,
      382, 522, 700, -1,
      382, 700, 705, -1,
      705, 700, 702, -1,
      705, 702, 707, -1,
      707, 702, 70, -1,
      708, 709, 710, -1,
      710, 709, 711, -1,
      709, 511, 711, -1,
      711, 511, 510, -1,
      81, 708, 82, -1,
      82, 708, 710, -1,
      712, 713, 714, -1,
      714, 713, 715, -1,
      509, 518, 712, -1,
      712, 518, 713, -1,
      714, 715, 83, -1,
      83, 715, 104, -1,
      716, 369, 717, -1,
      717, 369, 375, -1,
      82, 718, 83, -1,
      83, 718, 719, -1,
      718, 716, 719, -1,
      719, 716, 717, -1,
      711, 510, 370, -1,
      716, 718, 82, -1,
      370, 369, 711, -1,
      711, 369, 716, -1,
      711, 716, 710, -1,
      710, 716, 82, -1,
      376, 509, 375, -1,
      375, 509, 712, -1,
      375, 712, 717, -1,
      717, 712, 714, -1,
      717, 714, 719, -1,
      719, 714, 83, -1,
      720, 372, 721, -1,
      721, 372, 371, -1,
      71, 722, 81, -1,
      81, 722, 723, -1,
      722, 720, 723, -1,
      723, 720, 721, -1,
      701, 525, 373, -1,
      720, 722, 71, -1,
      373, 372, 701, -1,
      701, 372, 720, -1,
      701, 720, 703, -1,
      703, 720, 71, -1,
      374, 511, 371, -1,
      371, 511, 709, -1,
      371, 709, 721, -1,
      721, 709, 708, -1,
      721, 708, 723, -1,
      723, 708, 81, -1,
      724, 725, 726, -1,
      726, 725, 727, -1,
      506, 505, 724, -1,
      724, 505, 725, -1,
      726, 727, 105, -1,
      105, 727, 106, -1,
      728, 364, 729, -1,
      729, 364, 363, -1,
      104, 730, 105, -1,
      105, 730, 731, -1,
      730, 728, 731, -1,
      731, 728, 729, -1,
      713, 518, 365, -1,
      728, 730, 104, -1,
      365, 364, 713, -1,
      713, 364, 728, -1,
      713, 728, 715, -1,
      715, 728, 104, -1,
      366, 506, 363, -1,
      363, 506, 724, -1,
      363, 724, 729, -1,
      729, 724, 726, -1,
      729, 726, 731, -1,
      731, 726, 105, -1,
      732, 733, 734, -1,
      734, 733, 735, -1,
      504, 508, 732, -1,
      732, 508, 733, -1,
      734, 735, 120, -1,
      120, 735, 121, -1,
      736, 361, 737, -1,
      737, 361, 367, -1,
      106, 738, 120, -1,
      120, 738, 739, -1,
      738, 736, 739, -1,
      739, 736, 737, -1,
      725, 505, 362, -1,
      736, 738, 106, -1,
      362, 361, 725, -1,
      725, 361, 736, -1,
      725, 736, 727, -1,
      727, 736, 106, -1,
      368, 504, 367, -1,
      367, 504, 732, -1,
      367, 732, 737, -1,
      737, 732, 734, -1,
      737, 734, 739, -1,
      739, 734, 120, -1,
      740, 741, 742, -1,
      742, 741, 743, -1,
      499, 498, 740, -1,
      740, 498, 741, -1,
      742, 743, 122, -1,
      122, 743, 123, -1,
      744, 358, 745, -1,
      745, 358, 356, -1,
      121, 746, 122, -1,
      122, 746, 747, -1,
      746, 744, 747, -1,
      747, 744, 745, -1,
      733, 508, 357, -1,
      744, 746, 121, -1,
      357, 358, 733, -1,
      733, 358, 744, -1,
      733, 744, 735, -1,
      735, 744, 121, -1,
      354, 499, 356, -1,
      356, 499, 740, -1,
      356, 740, 745, -1,
      745, 740, 742, -1,
      745, 742, 747, -1,
      747, 742, 122, -1,
      748, 749, 750, -1,
      750, 749, 751, -1,
      491, 502, 748, -1,
      748, 502, 749, -1,
      750, 751, 124, -1,
      124, 751, 72, -1,
      752, 355, 753, -1,
      753, 355, 360, -1,
      123, 754, 124, -1,
      124, 754, 755, -1,
      754, 752, 755, -1,
      755, 752, 753, -1,
      741, 498, 353, -1,
      752, 754, 123, -1,
      353, 355, 741, -1,
      741, 355, 752, -1,
      741, 752, 743, -1,
      743, 752, 123, -1,
      359, 491, 360, -1,
      360, 491, 748, -1,
      360, 748, 753, -1,
      753, 748, 750, -1,
      753, 750, 755, -1,
      755, 750, 124, -1,
      756, 757, 758, -1,
      758, 757, 759, -1,
      497, 496, 756, -1,
      756, 496, 757, -1,
      758, 759, 73, -1,
      73, 759, 74, -1,
      760, 348, 761, -1,
      761, 348, 347, -1,
      72, 762, 73, -1,
      73, 762, 763, -1,
      762, 760, 763, -1,
      763, 760, 761, -1,
      749, 502, 349, -1,
      760, 762, 72, -1,
      349, 348, 749, -1,
      749, 348, 760, -1,
      749, 760, 751, -1,
      751, 760, 72, -1,
      350, 497, 347, -1,
      347, 497, 756, -1,
      347, 756, 761, -1,
      761, 756, 758, -1,
      761, 758, 763, -1,
      763, 758, 73, -1,
      764, 765, 766, -1,
      766, 765, 767, -1,
      486, 501, 764, -1,
      764, 501, 765, -1,
      766, 767, 93, -1,
      93, 767, 94, -1,
      768, 345, 769, -1,
      769, 345, 351, -1,
      74, 770, 93, -1,
      93, 770, 771, -1,
      770, 768, 771, -1,
      771, 768, 769, -1,
      757, 496, 346, -1,
      768, 770, 74, -1,
      346, 345, 757, -1,
      757, 345, 768, -1,
      757, 768, 759, -1,
      759, 768, 74, -1,
      352, 486, 351, -1,
      351, 486, 764, -1,
      351, 764, 769, -1,
      769, 764, 766, -1,
      769, 766, 771, -1,
      771, 766, 93, -1,
      772, 773, 774, -1,
      774, 773, 775, -1,
      488, 484, 772, -1,
      772, 484, 773, -1,
      774, 775, 95, -1,
      95, 775, 99, -1,
      776, 341, 777, -1,
      777, 341, 343, -1,
      94, 778, 95, -1,
      95, 778, 779, -1,
      778, 776, 779, -1,
      779, 776, 777, -1,
      765, 501, 342, -1,
      776, 778, 94, -1,
      342, 341, 765, -1,
      765, 341, 776, -1,
      765, 776, 767, -1,
      767, 776, 94, -1,
      344, 488, 343, -1,
      343, 488, 772, -1,
      343, 772, 777, -1,
      777, 772, 774, -1,
      777, 774, 779, -1,
      779, 774, 95, -1,
      780, 781, 782, -1,
      782, 781, 783, -1,
      483, 487, 780, -1,
      780, 487, 781, -1,
      782, 783, 100, -1,
      100, 783, 75, -1,
      784, 338, 785, -1,
      785, 338, 336, -1,
      99, 786, 100, -1,
      100, 786, 787, -1,
      786, 784, 787, -1,
      787, 784, 785, -1,
      773, 484, 337, -1,
      784, 786, 99, -1,
      337, 338, 773, -1,
      773, 338, 784, -1,
      773, 784, 775, -1,
      775, 784, 99, -1,
      334, 483, 336, -1,
      336, 483, 780, -1,
      336, 780, 785, -1,
      785, 780, 782, -1,
      785, 782, 787, -1,
      787, 782, 100, -1,
      788, 789, 790, -1,
      790, 789, 791, -1,
      479, 495, 788, -1,
      788, 495, 789, -1,
      790, 791, 76, -1,
      76, 791, 77, -1,
      792, 335, 793, -1,
      793, 335, 340, -1,
      75, 794, 76, -1,
      76, 794, 795, -1,
      794, 792, 795, -1,
      795, 792, 793, -1,
      781, 487, 333, -1,
      792, 794, 75, -1,
      333, 335, 781, -1,
      781, 335, 792, -1,
      781, 792, 783, -1,
      783, 792, 75, -1,
      339, 479, 340, -1,
      340, 479, 788, -1,
      340, 788, 793, -1,
      793, 788, 790, -1,
      793, 790, 795, -1,
      795, 790, 76, -1,
      796, 797, 798, -1,
      798, 797, 799, -1,
      507, 521, 796, -1,
      796, 521, 797, -1,
      798, 799, 84, -1,
      84, 799, 85, -1,
      800, 328, 801, -1,
      801, 328, 327, -1,
      77, 802, 84, -1,
      84, 802, 803, -1,
      802, 800, 803, -1,
      803, 800, 801, -1,
      789, 495, 329, -1,
      800, 802, 77, -1,
      329, 328, 789, -1,
      789, 328, 800, -1,
      789, 800, 791, -1,
      791, 800, 77, -1,
      330, 507, 327, -1,
      327, 507, 796, -1,
      327, 796, 801, -1,
      801, 796, 798, -1,
      801, 798, 803, -1,
      803, 798, 84, -1,
      804, 805, 806, -1,
      806, 805, 807, -1,
      517, 516, 804, -1,
      804, 516, 805, -1,
      806, 807, 86, -1,
      86, 807, 87, -1,
      808, 325, 809, -1,
      809, 325, 331, -1,
      85, 810, 86, -1,
      86, 810, 811, -1,
      810, 808, 811, -1,
      811, 808, 809, -1,
      797, 521, 326, -1,
      808, 810, 85, -1,
      326, 325, 797, -1,
      797, 325, 808, -1,
      797, 808, 799, -1,
      799, 808, 85, -1,
      332, 517, 331, -1,
      331, 517, 804, -1,
      331, 804, 809, -1,
      809, 804, 806, -1,
      809, 806, 811, -1,
      811, 806, 86, -1,
      812, 813, 814, -1,
      814, 813, 815, -1,
      813, 503, 815, -1,
      815, 503, 520, -1,
      88, 812, 89, -1,
      89, 812, 814, -1,
      816, 817, 818, -1,
      818, 817, 819, -1,
      515, 514, 816, -1,
      816, 514, 817, -1,
      818, 819, 90, -1,
      90, 819, 91, -1,
      820, 318, 821, -1,
      821, 318, 316, -1,
      89, 822, 90, -1,
      90, 822, 823, -1,
      822, 820, 823, -1,
      823, 820, 821, -1,
      815, 520, 317, -1,
      820, 822, 89, -1,
      317, 318, 815, -1,
      815, 318, 820, -1,
      815, 820, 814, -1,
      814, 820, 89, -1,
      314, 515, 316, -1,
      316, 515, 816, -1,
      316, 816, 821, -1,
      821, 816, 818, -1,
      821, 818, 823, -1,
      823, 818, 90, -1,
      824, 321, 825, -1,
      825, 321, 323, -1,
      87, 826, 88, -1,
      88, 826, 827, -1,
      826, 824, 827, -1,
      827, 824, 825, -1,
      805, 516, 322, -1,
      824, 826, 87, -1,
      322, 321, 805, -1,
      805, 321, 824, -1,
      805, 824, 807, -1,
      807, 824, 87, -1,
      324, 503, 323, -1,
      323, 503, 813, -1,
      323, 813, 825, -1,
      825, 813, 812, -1,
      825, 812, 827, -1,
      827, 812, 88, -1,
      828, 829, 830, -1,
      830, 829, 831, -1,
      494, 519, 828, -1,
      828, 519, 829, -1,
      830, 831, 92, -1,
      92, 831, 96, -1,
      832, 315, 833, -1,
      833, 315, 320, -1,
      91, 834, 92, -1,
      92, 834, 835, -1,
      834, 832, 835, -1,
      835, 832, 833, -1,
      817, 514, 313, -1,
      832, 834, 91, -1,
      313, 315, 817, -1,
      817, 315, 832, -1,
      817, 832, 819, -1,
      819, 832, 91, -1,
      319, 494, 320, -1,
      320, 494, 828, -1,
      320, 828, 833, -1,
      833, 828, 830, -1,
      833, 830, 835, -1,
      835, 830, 92, -1,
      836, 837, 838, -1,
      838, 837, 839, -1,
      513, 512, 836, -1,
      836, 512, 837, -1,
      838, 839, 97, -1,
      97, 839, 98, -1,
      840, 308, 841, -1,
      841, 308, 307, -1,
      96, 842, 97, -1,
      97, 842, 843, -1,
      842, 840, 843, -1,
      843, 840, 841, -1,
      829, 519, 309, -1,
      840, 842, 96, -1,
      309, 308, 829, -1,
      829, 308, 840, -1,
      829, 840, 831, -1,
      831, 840, 96, -1,
      310, 513, 307, -1,
      307, 513, 836, -1,
      307, 836, 841, -1,
      841, 836, 838, -1,
      841, 838, 843, -1,
      843, 838, 97, -1,
      844, 845, 846, -1,
      846, 845, 847, -1,
      493, 492, 844, -1,
      844, 492, 845, -1,
      846, 847, 107, -1,
      107, 847, 108, -1,
      848, 305, 849, -1,
      849, 305, 311, -1,
      98, 850, 107, -1,
      107, 850, 851, -1,
      850, 848, 851, -1,
      851, 848, 849, -1,
      837, 512, 306, -1,
      848, 850, 98, -1,
      306, 305, 837, -1,
      837, 305, 848, -1,
      837, 848, 839, -1,
      839, 848, 98, -1,
      312, 493, 311, -1,
      311, 493, 844, -1,
      311, 844, 849, -1,
      849, 844, 846, -1,
      849, 846, 851, -1,
      851, 846, 107, -1,
      852, 853, 854, -1,
      854, 853, 855, -1,
      485, 500, 852, -1,
      852, 500, 853, -1,
      854, 855, 109, -1,
      109, 855, 110, -1,
      856, 300, 857, -1,
      857, 300, 299, -1,
      108, 858, 109, -1,
      109, 858, 859, -1,
      858, 856, 859, -1,
      859, 856, 857, -1,
      845, 492, 301, -1,
      856, 858, 108, -1,
      301, 300, 845, -1,
      845, 300, 856, -1,
      845, 856, 847, -1,
      847, 856, 108, -1,
      302, 485, 299, -1,
      299, 485, 852, -1,
      299, 852, 857, -1,
      857, 852, 854, -1,
      857, 854, 859, -1,
      859, 854, 109, -1,
      860, 861, 862, -1,
      862, 861, 863, -1,
      490, 489, 860, -1,
      860, 489, 861, -1,
      862, 863, 111, -1,
      111, 863, 112, -1,
      864, 297, 865, -1,
      865, 297, 303, -1,
      110, 866, 111, -1,
      111, 866, 867, -1,
      866, 864, 867, -1,
      867, 864, 865, -1,
      853, 500, 298, -1,
      864, 866, 110, -1,
      298, 297, 853, -1,
      853, 297, 864, -1,
      853, 864, 855, -1,
      855, 864, 110, -1,
      304, 490, 303, -1,
      303, 490, 860, -1,
      303, 860, 865, -1,
      865, 860, 862, -1,
      865, 862, 867, -1,
      867, 862, 111, -1,
      868, 869, 870, -1,
      870, 869, 871, -1,
      481, 482, 868, -1,
      868, 482, 869, -1,
      870, 871, 116, -1,
      116, 871, 115, -1,
    ]
  }
}

Shape {
  appearance Appearance {
    material Material {
      diffuseColor 1.0000 1.0000 1.0000
      specularColor 0.8784 0.8784 0.8784
      ambientIntensity 0.2
      transparency 0.0000
      shininess 0.5
    }
  }
  geometry IndexedFaceSet {
    ccw TRUE
    solid FALSE
    coord DEF co Coordinate {
      point [
        -3.799213 -0.543328 1.531226,
        -3.877953 -0.543328 1.531226,
        -3.799213 -0.498895 0.222691,
        -3.799213 0.157480 0.222691,
        -3.877953 -0.498895 0.222691,
        -3.877953 0.157480 0.222691,
        -3.877953 0.157480 0.380171,
        -3.799213 0.157480 0.380171,
        -3.799213 -0.439840 0.380171,
        -3.799213 -0.439840 1.427738,
        -3.877953 -0.439840 0.380171,
        -3.877953 -0.439840 1.427738,
        -3.799213 -0.498895 1.038026,
        -3.877953 -0.498895 1.038026,
        -3.799213 -0.543328 1.144663,
        -3.877953 -0.543328 1.144663,
      ]
    }
    coordIndex [
      12, 2, 13, -1,
      13, 2, 4, -1,
      0, 14, 1, -1,
      1, 14, 15, -1,
      14, 12, 15, -1,
      15, 12, 13, -1,
      8, 7, 3, -1,
      12, 14, 0, -1,
      3, 2, 8, -1,
      8, 2, 12, -1,
      8, 12, 9, -1,
      9, 12, 0, -1,
      5, 6, 4, -1,
      4, 6, 10, -1,
      4, 10, 13, -1,
      13, 10, 11, -1,
      13, 11, 15, -1,
      15, 11, 1, -1,
    ]
  }
}

Shape {
  appearance Appearance {
    material Material {
      diffuseColor 0.6784 0.6784 0.6784
      specularColor 0.0471 0.0471 0.0471
      ambientIntensity 0.2
      transparency 0.0000
      shininess 0.5
    }
  }
  geometry IndexedFaceSet {
    ccw TRUE
    solid FALSE
    coord DEF co Coordinate {
      point [
        -4.488189 -0.610236 1.531226,
        -3.937008 -0.610236 0.590551,
        -4.488189 -0.610236 0.590551,
        -3.937008 -0.610236 0.222691,
        -3.937008 -0.265748 1.531226,
        -4.488189 -0.265748 1.531226,
        -3.937008 -0.543328 1.531226,
        -4.488189 0.472441 1.141732,
        -3.937008 0.472441 1.141732,
        -4.488189 0.472441 0.590551,
        -3.937008 0.472441 1.018031,
        -3.937008 0.472441 0.590551,
        -3.937008 0.472441 0.222691,
        -3.937008 -0.797244 0.222691,
        -4.153543 -0.712349 0.222691,
        -4.271654 -0.712349 0.222691,
        -4.488189 -0.797244 0.222691,
        -4.271654 -0.605622 0.222691,
        -4.488189 -0.605622 0.222691,
        -4.488189 0.366017 0.222691,
        -4.153543 -0.605622 0.222691,
        -4.153543 0.366017 0.222691,
        -3.937008 0.659449 0.222691,
        -4.153543 0.574553 0.222691,
        -4.488189 0.659449 0.222691,
        -4.271654 0.574553 0.222691,
        -4.271654 0.366017 0.222691,
        -3.937008 0.157480 0.982485,
        -3.937008 0.157480 0.380171,
        -3.937008 0.275591 0.982485,
        -3.937008 0.295276 1.018031,
        -3.937008 -0.439840 0.380171,
        -3.937008 -0.439840 1.427738,
        -3.937008 0.659449 0.590551,
        -3.937008 -0.797244 0.590551,
        -4.488189 -0.797244 0.590551,
        -4.271654 -0.265748 0.767717,
        -4.488189 -0.265748 0.590551,
        -4.271654 -0.265748 1.072835,
        -4.153543 -0.265748 1.072835,
        -4.153543 -0.265748 0.767717,
        -3.937008 -0.265748 0.590551,
        -4.271654 0.049213 0.590551,
        -4.488189 0.127953 0.590551,
        -4.271654 -0.187008 0.590551,
        -4.153543 -0.187008 0.590551,
        -4.153543 0.049213 0.590551,
        -3.937008 0.127953 0.590551,
        -4.153543 0.127953 1.072835,
        -3.937008 0.127953 1.141732,
        -4.271654 0.127953 1.072835,
        -4.488189 0.127953 1.141732,
        -4.271654 0.127953 0.767717,
        -4.153543 0.127953 0.767717,
        -4.488189 0.659449 0.590551,
        -4.153543 -0.187008 0.334646,
        -4.153543 -0.600394 0.334646,
        -4.271654 -0.187008 0.334646,
        -4.271654 -0.600394 0.334646,
        -4.153543 0.462598 0.334646,
        -4.153543 0.049213 0.334646,
        -4.271654 0.462598 0.334646,
        -4.271654 0.049213 0.334646,
        -4.153543 0.157480 0.797244,
        -4.153543 0.157480 1.072835,
        -4.271654 0.157480 0.797244,
        -4.271654 0.157480 1.072835,
        -4.271654 -0.295276 1.072835,
        -4.153543 -0.295276 1.072835,
        -4.153543 -0.295276 0.797244,
        -4.271654 -0.295276 0.797244,
      ]
    }
    coordIndex [
      22, 33, 12, -1,
      12, 33, 11, -1,
      34, 13, 1, -1,
      1, 13, 3, -1,
      35, 16, 34, -1,
      34, 16, 13, -1,
      2, 35, 1, -1,
      1, 35, 34, -1,
      36, 37, 38, -1,
      38, 37, 5, -1,
      38, 5, 39, -1,
      39, 5, 4, -1,
      39, 4, 40, -1,
      40, 4, 41, -1,
      40, 41, 36, -1,
      36, 41, 37, -1,
      42, 43, 44, -1,
      44, 43, 37, -1,
      44, 37, 45, -1,
      45, 37, 41, -1,
      45, 41, 46, -1,
      46, 41, 47, -1,
      46, 47, 42, -1,
      42, 47, 43, -1,
      48, 49, 50, -1,
      50, 49, 51, -1,
      50, 51, 52, -1,
      52, 51, 43, -1,
      52, 43, 53, -1,
      53, 43, 47, -1,
      53, 47, 48, -1,
      48, 47, 49, -1,
      7, 51, 8, -1,
      8, 51, 49, -1,
      54, 9, 33, -1,
      33, 9, 11, -1,
      24, 54, 22, -1,
      22, 54, 33, -1,
      9, 54, 24, -1,
      0, 5, 2, -1,
      2, 5, 37, -1,
      43, 51, 7, -1,
      7, 9, 43, -1,
      43, 9, 24, -1,
      43, 24, 37, -1,
      37, 24, 19, -1,
      37, 19, 2, -1,
      2, 19, 18, -1,
      2, 18, 35, -1,
      35, 18, 16, -1,
      49, 47, 27, -1,
      27, 47, 28, -1,
      28, 47, 31, -1,
      31, 47, 41, -1,
      31, 41, 32, -1,
      32, 41, 4, -1,
      32, 4, 6, -1,
      10, 8, 30, -1,
      30, 8, 49, -1,
      30, 49, 29, -1,
      29, 49, 27, -1,
      55, 56, 57, -1,
      57, 56, 58, -1,
      59, 60, 61, -1,
      61, 60, 62, -1,
      20, 14, 56, -1,
      45, 46, 55, -1,
      55, 46, 60, -1,
      56, 55, 20, -1,
      20, 55, 60, -1,
      20, 60, 21, -1,
      21, 60, 59, -1,
      21, 59, 23, -1,
      26, 25, 61, -1,
      42, 44, 62, -1,
      62, 44, 57, -1,
      61, 62, 26, -1,
      26, 62, 57, -1,
      26, 57, 17, -1,
      17, 57, 58, -1,
      17, 58, 15, -1,
      56, 14, 58, -1,
      58, 14, 15, -1,
      61, 25, 59, -1,
      59, 25, 23, -1,
      57, 44, 55, -1,
      55, 44, 45, -1,
      60, 46, 62, -1,
      62, 46, 42, -1,
      63, 64, 65, -1,
      65, 64, 66, -1,
      63, 53, 64, -1,
      64, 53, 48, -1,
      65, 66, 52, -1,
      52, 66, 50, -1,
      64, 48, 66, -1,
      66, 48, 50, -1,
      65, 52, 63, -1,
      63, 52, 53, -1,
      67, 38, 68, -1,
      68, 38, 39, -1,
      69, 40, 70, -1,
      70, 40, 36, -1,
      68, 39, 69, -1,
      69, 39, 40, -1,
      67, 70, 38, -1,
      38, 70, 36, -1,
      68, 69, 67, -1,
      67, 69, 70, -1,
    ]
  }
}
