#VRML V2.0 utf8

Shape {
  appearance Appearance {
    material Material {
      diffuseColor 0.7529 0.7529 0.7529
      specularColor 0.3765 0.3765 0.3765
      ambientIntensity 0.2
      transparency 0.0000
      shininess 0.5
    }
  }
  geometry IndexedFaceSet {
    ccw TRUE
    solid FALSE
    coord DEF co Coordinate {
      point [
        -0.393701 -0.088583 -0.003937,
        -0.393701 -0.246063 -0.003937,
        -0.393701 -0.088583 0.000000,
        -0.393701 -0.246063 0.000000,
        -0.157480 -0.088583 -0.003937,
        -0.157480 -0.088583 -0.000000,
        -0.157480 -0.246063 -0.003937,
        -0.157480 -0.246063 0.000000,
        -0.393701 0.088583 -0.003937,
        -0.157480 0.088583 -0.003937,
        -0.393701 0.088583 -0.000000,
        -0.157480 0.088583 -0.000000,
        -0.393701 0.246063 -0.003937,
        -0.393701 0.246063 0.000000,
        -0.157480 0.246063 -0.003937,
        -0.157480 0.246063 0.000000,
        0.393701 -0.246063 -0.003937,
        0.393701 0.246063 -0.003937,
        0.393701 -0.246063 0.000000,
        0.393701 0.246063 0.000000,
        0.157480 -0.246063 -0.003937,
        0.157480 -0.246063 0.000000,
        0.157480 0.246063 -0.003937,
        0.157480 0.246063 -0.000000,
      ]
    }
    coordIndex [
      0, 1, 2, -1,
      2, 1, 3, -1,
      4, 0, 5, -1,
      5, 0, 2, -1,
      6, 4, 7, -1,
      7, 4, 5, -1,
      1, 6, 3, -1,
      3, 6, 7, -1,
      4, 6, 0, -1,
      0, 6, 1, -1,
      7, 5, 3, -1,
      3, 5, 2, -1,
      8, 9, 10, -1,
      10, 9, 11, -1,
      12, 8, 13, -1,
      13, 8, 10, -1,
      14, 12, 15, -1,
      15, 12, 13, -1,
      9, 14, 11, -1,
      11, 14, 15, -1,
      12, 14, 8, -1,
      8, 14, 9, -1,
      15, 13, 11, -1,
      11, 13, 10, -1,
      16, 17, 18, -1,
      18, 17, 19, -1,
      20, 16, 21, -1,
      21, 16, 18, -1,
      22, 20, 23, -1,
      23, 20, 21, -1,
      17, 22, 19, -1,
      19, 22, 23, -1,
      20, 22, 16, -1,
      16, 22, 17, -1,
      23, 21, 19, -1,
      19, 21, 18, -1,
    ]
  }
}

Shape {
  appearance Appearance {
    material Material {
      diffuseColor 0.0000 0.0000 1.0000
      specularColor 0.0000 0.0000 0.5020
      ambientIntensity 0.2
      transparency 0.0000
      shininess 0.5
    }
  }
  geometry IndexedFaceSet {
    ccw TRUE
    solid FALSE
    coord DEF co Coordinate {
      point [
        -0.393701 -0.246063 0.000000,
        -0.393701 0.246063 0.000000,
        0.393701 -0.246063 0.000000,
        0.393701 0.246063 0.000000,
        -0.198085 -0.246063 0.268784,
        -0.198085 -0.246063 0.258212,
        -0.172396 -0.246063 0.258212,
        -0.198085 -0.246063 0.311125,
        -0.198085 -0.246063 0.303300,
        -0.172396 -0.246063 0.303300,
        -0.162233 -0.246063 0.338010,
        -0.160160 -0.246063 0.338265,
        -0.170796 -0.246063 0.338265,
        -0.155328 -0.246063 0.311289,
        -0.157040 -0.246063 0.311125,
        -0.148210 -0.246063 0.311125,
        -0.143219 -0.246063 0.334970,
        -0.143219 -0.246063 0.326428,
        -0.136011 -0.246063 0.326428,
        -0.083849 -0.246063 0.311350,
        -0.086571 -0.246063 0.318650,
        -0.096365 -0.246063 0.318650,
        -0.141807 -0.246063 0.268857,
        -0.142486 -0.246063 0.268784,
        -0.136011 -0.246063 0.268784,
        -0.109795 -0.246063 0.281031,
        -0.109795 -0.246063 0.272052,
        -0.104798 -0.246063 0.272052,
        -0.220568 -0.246063 0.316786,
        -0.215565 -0.246063 0.312303,
        -0.198085 -0.246063 0.338265,
        -0.242409 -0.246063 0.338265,
        -0.238048 -0.246063 0.335333,
        -0.231823 -0.246063 0.328149,
        -0.227801 -0.246063 0.320343,
        -0.226146 -0.246063 0.319759,
        -0.256034 -0.246063 0.344380,
        -0.246511 -0.246063 0.341024,
        -0.198085 -0.246063 0.393701,
        -0.282013 -0.246063 0.340661,
        -0.273264 -0.246063 0.344040,
        -0.361892 -0.246063 0.393701,
        -0.263856 -0.246063 0.345201,
        -0.285878 -0.246063 0.338265,
        -0.361892 -0.246063 0.338265,
        -0.286628 -0.246063 0.337800,
        -0.361892 -0.246063 0.311125,
        -0.327388 -0.246063 0.311125,
        -0.325752 -0.246063 0.314831,
        -0.321164 -0.246063 0.320722,
        -0.306846 -0.246063 0.328900,
        -0.299342 -0.246063 0.329830,
        -0.291087 -0.246063 0.333981,
        -0.297159 -0.246063 0.329712,
        -0.294977 -0.246063 0.329451,
        -0.319906 -0.246063 0.321915,
        -0.313874 -0.246063 0.326163,
        -0.306932 -0.246063 0.269296,
        -0.309362 -0.246063 0.270025,
        -0.361892 -0.246063 0.268784,
        -0.316216 -0.246063 0.273372,
        -0.322113 -0.246063 0.278405,
        -0.326419 -0.246063 0.284540,
        -0.329151 -0.246063 0.291602,
        -0.361892 -0.246063 0.303300,
        -0.330083 -0.246063 0.299089,
        -0.330032 -0.246063 0.300860,
        -0.329600 -0.246063 0.303300,
        -0.328770 -0.246063 0.307993,
        -0.298509 -0.246063 0.258952,
        -0.302219 -0.246063 0.261753,
        -0.361892 -0.246063 0.258212,
        -0.305037 -0.246063 0.265238,
        -0.306693 -0.246063 0.268784,
        -0.361892 -0.246063 0.000000,
        -0.294132 -0.246063 0.257109,
        -0.296750 -0.246063 0.258212,
        -0.281046 -0.246063 0.258212,
        -0.284324 -0.246063 0.256955,
        -0.198085 -0.246063 0.000000,
        -0.288905 -0.246063 0.256393,
        -0.289653 -0.246063 0.256407,
        -0.271118 -0.246063 0.268784,
        -0.271126 -0.246063 0.268752,
        -0.273362 -0.246063 0.264516,
        -0.276310 -0.246063 0.261205,
        -0.280091 -0.246063 0.258578,
        -0.274672 -0.246063 0.288083,
        -0.249244 -0.246063 0.301366,
        -0.277978 -0.246063 0.291095,
        -0.282003 -0.246063 0.293256,
        -0.245062 -0.246063 0.268981,
        -0.246337 -0.246063 0.269351,
        -0.247648 -0.246063 0.270116,
        -0.248612 -0.246063 0.271042,
        -0.220869 -0.246063 0.296919,
        -0.221750 -0.246063 0.300566,
        -0.223215 -0.246063 0.303300,
        -0.317657 -0.246063 0.303300,
        -0.247906 -0.246063 0.279287,
        -0.246717 -0.246063 0.280071,
        -0.243362 -0.246063 0.291309,
        -0.245400 -0.246063 0.280540,
        -0.212681 -0.246063 0.281977,
        -0.216036 -0.246063 0.277456,
        -0.216869 -0.246063 0.276592,
        -0.221908 -0.246063 0.272640,
        -0.316559 -0.246063 0.291941,
        -0.314271 -0.246063 0.288041,
        -0.304635 -0.246063 0.286105,
        -0.310866 -0.246063 0.284548,
        -0.306743 -0.246063 0.282011,
        -0.297612 -0.246063 0.292381,
        -0.301494 -0.246063 0.289689,
        -0.318128 -0.246063 0.299469,
        -0.317908 -0.246063 0.296591,
        -0.209702 -0.246063 0.300959,
        -0.209015 -0.246063 0.295483,
        -0.209051 -0.246063 0.294089,
        -0.210115 -0.246063 0.287887,
        -0.227766 -0.246063 0.269998,
        -0.233304 -0.246063 0.268917,
        -0.244500 -0.246063 0.268917,
        -0.293419 -0.246063 0.293980,
        -0.288905 -0.246063 0.294535,
        -0.286582 -0.246063 0.294396,
        -0.250004 -0.246063 0.274800,
        -0.249969 -0.246063 0.275437,
        -0.269928 -0.246063 0.277267,
        -0.249615 -0.246063 0.276888,
        -0.248907 -0.246063 0.278202,
        -0.244121 -0.246063 0.280682,
        -0.243936 -0.246063 0.280669,
        -0.243367 -0.246063 0.280543,
        -0.249400 -0.246063 0.272249,
        -0.249862 -0.246063 0.273544,
        -0.270027 -0.246063 0.273439,
        -0.269928 -0.246063 0.275369,
        -0.224625 -0.246063 0.285264,
        -0.222539 -0.246063 0.288225,
        -0.221233 -0.246063 0.291608,
        -0.220780 -0.246063 0.295294,
        -0.242982 -0.246063 0.280493,
        -0.234443 -0.246063 0.280493,
        -0.231066 -0.246063 0.281136,
        -0.227714 -0.246063 0.282680,
        -0.224904 -0.246063 0.284966,
        -0.237270 -0.246063 0.311125,
        -0.313968 -0.246063 0.311125,
        -0.237100 -0.246063 0.310095,
        -0.315943 -0.246063 0.308282,
        -0.317565 -0.246063 0.304049,
        -0.235581 -0.246063 0.310095,
        -0.223507 -0.246063 0.303845,
        -0.225726 -0.246063 0.306327,
        -0.228671 -0.246063 0.308380,
        -0.231984 -0.246063 0.309653,
        -0.290507 -0.246063 0.316368,
        -0.289094 -0.246063 0.315598,
        -0.286693 -0.246063 0.320800,
        -0.246631 -0.246063 0.327631,
        -0.237537 -0.246063 0.312733,
        -0.243593 -0.246063 0.324674,
        -0.239824 -0.246063 0.319123,
        -0.263666 -0.246063 0.333815,
        -0.265019 -0.246063 0.333783,
        -0.271316 -0.246063 0.332731,
        -0.294765 -0.246063 0.317909,
        -0.299152 -0.246063 0.318445,
        -0.301082 -0.246063 0.318346,
        -0.252061 -0.246063 0.331141,
        -0.258075 -0.246063 0.333221,
        -0.277448 -0.246063 0.330057,
        -0.282628 -0.246063 0.326021,
        -0.305769 -0.246063 0.317248,
        -0.310005 -0.246063 0.315012,
        -0.313316 -0.246063 0.312063,
        -0.214769 -0.246063 0.311125,
        -0.211846 -0.246063 0.306798,
        -0.210561 -0.246063 0.303300,
        -0.104798 -0.246063 0.268784,
        -0.096365 -0.246063 0.268784,
        -0.098886 -0.246063 0.269009,
        -0.096365 -0.246063 0.303300,
        -0.099493 -0.246063 0.295699,
        -0.099493 -0.246063 0.292629,
        -0.100251 -0.246063 0.284087,
        -0.100251 -0.246063 0.281031,
        -0.098886 -0.246063 0.272052,
        -0.104798 -0.246063 0.281031,
        -0.104798 -0.246063 0.292629,
        -0.104798 -0.246063 0.284087,
        -0.109795 -0.246063 0.292629,
        -0.109795 -0.246063 0.284087,
        -0.104798 -0.246063 0.269009,
        -0.113241 -0.246063 0.269009,
        -0.115042 -0.246063 0.268784,
        -0.113241 -0.246063 0.295699,
        -0.168256 -0.246063 0.278093,
        -0.167739 -0.246063 0.283487,
        -0.168923 -0.246063 0.277135,
        -0.169381 -0.246063 0.275956,
        -0.157628 -0.246063 0.269009,
        -0.161704 -0.246063 0.268782,
        -0.154285 -0.246063 0.269009,
        -0.148210 -0.246063 0.268784,
        -0.170796 -0.246063 0.268784,
        -0.169059 -0.246063 0.271519,
        -0.169452 -0.246063 0.272663,
        -0.164600 -0.246063 0.288088,
        -0.170796 -0.246063 0.303300,
        -0.167080 -0.246063 0.287118,
        -0.167739 -0.246063 0.286734,
        -0.157628 -0.246063 0.271957,
        -0.157717 -0.246063 0.271957,
        -0.158493 -0.246063 0.270840,
        -0.167232 -0.246063 0.278981,
        -0.165809 -0.246063 0.279711,
        -0.165413 -0.246063 0.284946,
        -0.163278 -0.246063 0.280335,
        -0.163319 -0.246063 0.285619,
        -0.159582 -0.246063 0.269796,
        -0.160370 -0.246063 0.269296,
        -0.166953 -0.246063 0.269336,
        -0.167965 -0.246063 0.270060,
        -0.168456 -0.246063 0.270578,
        -0.149210 -0.246063 0.285189,
        -0.156662 -0.246063 0.287278,
        -0.155767 -0.246063 0.286431,
        -0.157628 -0.246063 0.281126,
        -0.157716 -0.246063 0.282428,
        -0.158047 -0.246063 0.283691,
        -0.169602 -0.246063 0.274113,
        -0.169593 -0.246063 0.274511,
        -0.161176 -0.246063 0.288508,
        -0.159194 -0.246063 0.288333,
        -0.157777 -0.246063 0.287909,
        -0.158427 -0.246063 0.284405,
        -0.158918 -0.246063 0.284961,
        -0.159494 -0.246063 0.285358,
        -0.160237 -0.246063 0.285645,
        -0.161490 -0.246063 0.285793,
        -0.149605 -0.246063 0.284113,
        -0.155080 -0.246063 0.285357,
        -0.154553 -0.246063 0.283848,
        -0.148239 -0.246063 0.279340,
        -0.149755 -0.246063 0.273130,
        -0.148210 -0.246063 0.279320,
        -0.148554 -0.246063 0.272378,
        -0.148210 -0.246063 0.272243,
        -0.148786 -0.246063 0.279912,
        -0.149213 -0.246063 0.280591,
        -0.154285 -0.246063 0.281276,
        -0.149586 -0.246063 0.281609,
        -0.149735 -0.246063 0.282928,
        -0.149755 -0.246063 0.269678,
        -0.148210 -0.246063 0.269134,
        -0.147422 -0.246063 0.268856,
        -0.146734 -0.246063 0.268784,
        -0.137795 -0.246063 0.287662,
        -0.137795 -0.246063 0.284415,
        -0.137033 -0.246063 0.272877,
        -0.137437 -0.246063 0.271817,
        -0.138054 -0.246063 0.270933,
        -0.148592 -0.246063 0.286093,
        -0.148210 -0.246063 0.286437,
        -0.148210 -0.246063 0.303300,
        -0.147593 -0.246063 0.286994,
        -0.146794 -0.246063 0.287486,
        -0.145009 -0.246063 0.288181,
        -0.142312 -0.246063 0.288508,
        -0.136011 -0.246063 0.303300,
        -0.139967 -0.246063 0.288300,
        -0.138000 -0.246063 0.277346,
        -0.137393 -0.246063 0.276459,
        -0.137029 -0.246063 0.275479,
        -0.136881 -0.246063 0.274194,
        -0.139030 -0.246063 0.270074,
        -0.139990 -0.246063 0.269502,
        -0.142639 -0.246063 0.285793,
        -0.143629 -0.246063 0.285719,
        -0.146289 -0.246063 0.283228,
        -0.144523 -0.246063 0.285482,
        -0.145273 -0.246063 0.285083,
        -0.146259 -0.246063 0.282783,
        -0.146126 -0.246063 0.282264,
        -0.145885 -0.246063 0.281813,
        -0.145559 -0.246063 0.281454,
        -0.144381 -0.246063 0.280717,
        -0.140296 -0.246063 0.285507,
        -0.142312 -0.246063 0.279817,
        -0.138406 -0.246063 0.284772,
        -0.141017 -0.246063 0.279293,
        -0.138797 -0.246063 0.278058,
        -0.145777 -0.246063 0.284638,
        -0.146064 -0.246063 0.284212,
        -0.146229 -0.246063 0.283761,
        -0.146463 -0.246063 0.271561,
        -0.144672 -0.246063 0.277387,
        -0.146665 -0.246063 0.278301,
        -0.144256 -0.246063 0.271288,
        -0.144109 -0.246063 0.271289,
        -0.142477 -0.246063 0.276468,
        -0.142395 -0.246063 0.271481,
        -0.140313 -0.246063 0.273867,
        -0.140345 -0.246063 0.274283,
        -0.141532 -0.246063 0.271797,
        -0.141227 -0.246063 0.271982,
        -0.140844 -0.246063 0.272322,
        -0.140552 -0.246063 0.272754,
        -0.140382 -0.246063 0.273230,
        -0.140497 -0.246063 0.274805,
        -0.140756 -0.246063 0.275248,
        -0.141172 -0.246063 0.275682,
        -0.080042 -0.246063 0.311350,
        -0.096365 -0.246063 0.311125,
        0.393701 -0.246063 0.311125,
        0.393701 -0.246063 0.338265,
        -0.090208 -0.246063 0.338040,
        -0.096365 -0.246063 0.338265,
        -0.100251 -0.246063 0.311350,
        -0.104057 -0.246063 0.311350,
        -0.104798 -0.246063 0.311125,
        -0.097685 -0.246063 0.318650,
        -0.104798 -0.246063 0.338265,
        -0.096365 -0.246063 0.331547,
        -0.093892 -0.246063 0.338040,
        -0.115042 -0.246063 0.311125,
        -0.115334 -0.246063 0.311918,
        -0.119927 -0.246063 0.311350,
        -0.127268 -0.246063 0.311350,
        -0.127268 -0.246063 0.338040,
        -0.129789 -0.246063 0.338265,
        -0.119654 -0.246063 0.338040,
        -0.115042 -0.246063 0.338265,
        -0.129789 -0.246063 0.311125,
        -0.106261 -0.246063 0.320222,
        -0.107573 -0.246063 0.317460,
        -0.108652 -0.246063 0.333617,
        -0.106992 -0.246063 0.331299,
        -0.109563 -0.246063 0.315089,
        -0.112303 -0.246063 0.313117,
        -0.115042 -0.246063 0.312033,
        -0.109563 -0.246063 0.334506,
        -0.115582 -0.246063 0.337591,
        -0.115042 -0.246063 0.337394,
        -0.112361 -0.246063 0.336415,
        -0.105996 -0.246063 0.328762,
        -0.105538 -0.246063 0.325036,
        -0.105617 -0.246063 0.323349,
        -0.132310 -0.246063 0.314393,
        -0.132310 -0.246063 0.311350,
        -0.136011 -0.246063 0.311125,
        -0.136011 -0.246063 0.338265,
        -0.132917 -0.246063 0.338040,
        -0.136011 -0.246063 0.338040,
        -0.132917 -0.246063 0.334970,
        -0.133674 -0.246063 0.323372,
        -0.136011 -0.246063 0.323372,
        -0.136011 -0.246063 0.314393,
        -0.143219 -0.246063 0.323372,
        -0.143219 -0.246063 0.314393,
        -0.133674 -0.246063 0.326428,
        -0.136011 -0.246063 0.334970,
        -0.146665 -0.246063 0.338040,
        -0.148210 -0.246063 0.338265,
        -0.146665 -0.246063 0.311350,
        -0.152007 -0.246063 0.337399,
        -0.154771 -0.246063 0.338204,
        -0.155512 -0.246063 0.338265,
        -0.136011 -0.246063 0.311350,
        -0.152007 -0.246063 0.333796,
        -0.152462 -0.246063 0.312229,
        -0.157634 -0.246063 0.314018,
        -0.154619 -0.246063 0.314583,
        -0.152007 -0.246063 0.315757,
        -0.152007 -0.246063 0.312456,
        -0.167054 -0.246063 0.318585,
        -0.165754 -0.246063 0.316781,
        -0.165242 -0.246063 0.316274,
        -0.163501 -0.246063 0.315037,
        -0.161603 -0.246063 0.314299,
        -0.158897 -0.246063 0.313970,
        -0.155011 -0.246063 0.334987,
        -0.165906 -0.246063 0.332041,
        -0.152304 -0.246063 0.333957,
        -0.167155 -0.246063 0.330145,
        -0.168006 -0.246063 0.327772,
        -0.158297 -0.246063 0.335379,
        -0.159325 -0.246063 0.335338,
        -0.165570 -0.246063 0.332419,
        -0.161648 -0.246063 0.334892,
        -0.163748 -0.246063 0.333922,
        -0.168374 -0.246063 0.324395,
        -0.168345 -0.246063 0.323407,
        -0.167917 -0.246063 0.320737,
        -0.158331 -0.246063 0.338491,
        -0.170796 -0.246063 0.393701,
        -0.148210 -0.246063 0.393701,
        -0.158252 -0.246063 0.338490,
        -0.170072 -0.246063 0.332030,
        -0.168135 -0.246063 0.334561,
        -0.167509 -0.246063 0.335160,
        -0.165016 -0.246063 0.336919,
        -0.172396 -0.246063 0.338265,
        -0.171339 -0.246063 0.329065,
        -0.170796 -0.246063 0.330335,
        -0.170796 -0.246063 0.318100,
        -0.171554 -0.246063 0.320207,
        -0.172396 -0.246063 0.311125,
        -0.171990 -0.246063 0.324190,
        -0.171943 -0.246063 0.325580,
        -0.166414 -0.246063 0.312757,
        -0.168565 -0.246063 0.314543,
        -0.170796 -0.246063 0.311125,
        -0.168986 -0.246063 0.315015,
        -0.170524 -0.246063 0.317343,
        -0.159395 -0.246063 0.310900,
        -0.161001 -0.246063 0.310976,
        -0.161729 -0.246063 0.311125,
        -0.163894 -0.246063 0.311570,
        -0.144583 -0.246063 0.268559,
        -0.148210 -0.246063 0.258212,
        -0.170796 -0.246063 0.258212,
        -0.163557 -0.246063 0.268559,
        -0.164136 -0.246063 0.268576,
        -0.165415 -0.246063 0.268783,
        -0.165695 -0.246063 0.268828,
        -0.120309 -0.246063 0.288072,
        -0.116843 -0.246063 0.288072,
        -0.115042 -0.246063 0.303300,
        -0.104798 -0.246063 0.295699,
        -0.104798 -0.246063 0.303300,
        -0.124448 -0.246063 0.268784,
        -0.126422 -0.246063 0.273744,
        -0.126013 -0.246063 0.272175,
        -0.125924 -0.246063 0.272175,
        -0.129789 -0.246063 0.303300,
        -0.129789 -0.246063 0.283430,
        -0.125515 -0.246063 0.273717,
        -0.125770 -0.246063 0.272828,
        -0.129789 -0.246063 0.268784,
        -0.129789 -0.246063 0.274457,
        -0.135141 -0.246063 0.288072,
        -0.131402 -0.246063 0.288072,
        -0.127664 -0.246063 0.269050,
        -0.127776 -0.246063 0.268784,
        -0.129131 -0.246063 0.265585,
        -0.136011 -0.246063 0.258212,
        -0.134452 -0.246063 0.260304,
        -0.134452 -0.246063 0.263278,
        -0.133731 -0.246063 0.263045,
        -0.132556 -0.246063 0.262896,
        -0.132433 -0.246063 0.262898,
        -0.131636 -0.246063 0.263016,
        -0.130916 -0.246063 0.263319,
        -0.130439 -0.246063 0.263659,
        -0.129815 -0.246063 0.264342,
        -0.129789 -0.246063 0.264390,
        -0.129789 -0.246063 0.260624,
        -0.130976 -0.246063 0.260179,
        -0.129789 -0.246063 0.258212,
        -0.132296 -0.246063 0.260031,
        -0.133466 -0.246063 0.260101,
        -0.125494 -0.246063 0.266130,
        -0.126935 -0.246063 0.263292,
        -0.115042 -0.246063 0.258212,
        -0.128155 -0.246063 0.261788,
        -0.128485 -0.246063 0.261482,
        -0.129654 -0.246063 0.260674,
        -0.393701 -0.246063 0.258212,
        -0.393701 -0.246063 0.268784,
        -0.393701 -0.246063 0.303300,
        -0.393701 -0.246063 0.311125,
        -0.393701 -0.246063 0.338265,
        -0.393701 -0.246063 0.393701,
        -0.183711 -0.246063 0.338040,
        -0.183711 -0.246063 0.314393,
        -0.173081 -0.246063 0.314393,
        -0.173081 -0.246063 0.311350,
        -0.187156 -0.246063 0.311350,
        -0.187156 -0.246063 0.338040,
        -0.173409 -0.246063 0.292629,
        -0.172396 -0.246063 0.268784,
        -0.172802 -0.246063 0.272052,
        -0.172802 -0.246063 0.269009,
        -0.187156 -0.246063 0.269009,
        -0.183711 -0.246063 0.281031,
        -0.183711 -0.246063 0.272052,
        -0.174166 -0.246063 0.281031,
        -0.174166 -0.246063 0.284087,
        -0.183711 -0.246063 0.284087,
        -0.183711 -0.246063 0.292629,
        -0.187156 -0.246063 0.295699,
        -0.173409 -0.246063 0.295699,
        -0.172396 -0.246063 0.393701,
        -0.136011 -0.246063 0.393701,
        -0.129789 -0.246063 0.393701,
        -0.115042 -0.246063 0.393701,
        -0.104798 -0.246063 0.393701,
        -0.096365 -0.246063 0.393701,
        0.393701 -0.246063 0.393701,
        0.393701 -0.246063 0.303300,
        -0.093844 -0.246063 0.269009,
        -0.093844 -0.246063 0.295699,
        -0.060468 -0.246063 0.295699,
        -0.056784 -0.246063 0.295699,
        -0.066827 -0.246063 0.269009,
        -0.070634 -0.246063 0.269009,
        -0.086503 -0.246063 0.269009,
        0.393701 -0.246063 0.268784,
        -0.046619 -0.246063 0.269009,
        -0.050426 -0.246063 0.269009,
        -0.053148 -0.246063 0.276309,
        -0.064262 -0.246063 0.276309,
        -0.074150 -0.246063 0.275119,
        -0.076140 -0.246063 0.272748,
        -0.078879 -0.246063 0.270776,
        -0.081910 -0.246063 0.269577,
        -0.076140 -0.246063 0.292165,
        -0.075228 -0.246063 0.291276,
        -0.073568 -0.246063 0.288958,
        -0.072572 -0.246063 0.286421,
        -0.086230 -0.246063 0.295699,
        -0.082158 -0.246063 0.295250,
        -0.078937 -0.246063 0.294074,
        -0.072115 -0.246063 0.282696,
        -0.072193 -0.246063 0.281008,
        -0.072838 -0.246063 0.277881,
        -0.104798 -0.246063 0.258212,
        -0.096365 -0.246063 0.258212,
        0.393701 -0.246063 0.258212,
        -0.172396 -0.246063 0.000000,
        -0.170796 -0.246063 0.000000,
        -0.148210 -0.246063 0.000000,
        -0.136011 -0.246063 0.000000,
        -0.129789 -0.246063 0.000000,
        -0.115042 -0.246063 0.000000,
        -0.104798 -0.246063 0.000000,
        -0.096365 -0.246063 0.000000,
        0.393701 0.246063 0.393701,
        -0.393701 0.246063 0.393701,
        -0.183547 -0.016030 0.393701,
        -0.189734 -0.030968 0.393701,
        -0.243372 -0.061935 0.393701,
        -0.259402 -0.059825 0.393701,
        -0.297009 0.030968 0.393701,
        -0.287167 0.043795 0.393701,
        -0.274339 0.053637 0.393701,
        -0.259402 0.059825 0.393701,
        -0.274339 -0.053637 0.393701,
        -0.287167 -0.043795 0.393701,
        -0.297009 -0.030968 0.393701,
        -0.303197 -0.016030 0.393701,
        -0.305307 0.000000 0.393701,
        -0.303197 0.016030 0.393701,
        -0.243372 0.061935 0.393701,
        -0.227342 0.059825 0.393701,
        -0.212404 0.053637 0.393701,
        -0.199577 0.043795 0.393701,
        -0.189734 0.030968 0.393701,
        -0.183547 0.016030 0.393701,
        -0.181437 0.000000 0.393701,
        -0.199577 -0.043795 0.393701,
        -0.212404 -0.053637 0.393701,
        -0.227342 -0.059825 0.393701,
      ]
    }
    coordIndex [
      4, 5, 6, -1,
      7, 8, 9, -1,
      10, 11, 12, -1,
      13, 14, 15, -1,
      16, 17, 18, -1,
      19, 20, 21, -1,
      22, 23, 24, -1,
      25, 26, 27, -1,
      28, 29, 30, -1,
      30, 29, 7, -1,
      31, 32, 30, -1,
      30, 32, 33, -1,
      33, 34, 30, -1,
      30, 34, 35, -1,
      30, 35, 28, -1,
      36, 37, 38, -1,
      39, 40, 41, -1,
      41, 40, 38, -1,
      38, 40, 42, -1,
      38, 42, 36, -1,
      39, 41, 43, -1,
      43, 41, 44, -1,
      43, 44, 45, -1,
      46, 47, 44, -1,
      44, 47, 48, -1,
      44, 48, 49, -1,
      44, 50, 45, -1,
      45, 50, 51, -1,
      45, 51, 52, -1,
      52, 51, 53, -1,
      52, 53, 54, -1,
      49, 55, 44, -1,
      44, 55, 56, -1,
      44, 56, 50, -1,
      57, 58, 59, -1,
      59, 58, 60, -1,
      59, 60, 61, -1,
      61, 62, 59, -1,
      59, 62, 63, -1,
      59, 63, 64, -1,
      64, 63, 65, -1,
      65, 66, 64, -1,
      64, 66, 67, -1,
      64, 67, 46, -1,
      46, 67, 68, -1,
      46, 68, 47, -1,
      69, 70, 71, -1,
      71, 70, 72, -1,
      71, 72, 59, -1,
      59, 72, 73, -1,
      59, 73, 57, -1,
      74, 75, 71, -1,
      71, 75, 76, -1,
      71, 76, 69, -1,
      77, 78, 79, -1,
      79, 78, 80, -1,
      79, 80, 74, -1,
      74, 80, 81, -1,
      74, 81, 75, -1,
      4, 82, 5, -1,
      5, 82, 83, -1,
      5, 83, 84, -1,
      84, 85, 5, -1,
      5, 85, 86, -1,
      5, 86, 77, -1,
      87, 88, 89, -1,
      89, 88, 90, -1,
      91, 92, 82, -1,
      82, 92, 93, -1,
      82, 93, 94, -1,
      95, 96, 88, -1,
      88, 96, 97, -1,
      88, 97, 98, -1,
      99, 100, 101, -1,
      101, 100, 102, -1,
      103, 104, 4, -1,
      4, 104, 105, -1,
      4, 105, 106, -1,
      107, 108, 109, -1,
      109, 108, 110, -1,
      109, 110, 111, -1,
      112, 98, 113, -1,
      113, 98, 114, -1,
      113, 114, 109, -1,
      109, 114, 115, -1,
      109, 115, 107, -1,
      116, 117, 8, -1,
      8, 117, 118, -1,
      8, 118, 4, -1,
      4, 118, 119, -1,
      4, 119, 103, -1,
      106, 120, 4, -1,
      4, 120, 121, -1,
      4, 121, 82, -1,
      82, 121, 122, -1,
      82, 122, 91, -1,
      112, 123, 98, -1,
      98, 123, 124, -1,
      98, 124, 88, -1,
      88, 124, 125, -1,
      88, 125, 90, -1,
      126, 127, 128, -1,
      128, 127, 129, -1,
      128, 129, 101, -1,
      101, 129, 130, -1,
      101, 130, 99, -1,
      102, 131, 101, -1,
      101, 131, 132, -1,
      101, 132, 133, -1,
      94, 134, 82, -1,
      82, 134, 135, -1,
      82, 135, 136, -1,
      136, 135, 126, -1,
      136, 126, 137, -1,
      137, 126, 128, -1,
      138, 139, 101, -1,
      101, 139, 140, -1,
      101, 140, 88, -1,
      88, 140, 141, -1,
      88, 141, 95, -1,
      133, 142, 101, -1,
      101, 142, 143, -1,
      101, 143, 144, -1,
      144, 145, 101, -1,
      101, 145, 146, -1,
      101, 146, 138, -1,
      147, 148, 149, -1,
      149, 148, 150, -1,
      149, 150, 151, -1,
      151, 98, 149, -1,
      149, 98, 97, -1,
      149, 97, 152, -1,
      152, 97, 153, -1,
      153, 154, 152, -1,
      152, 154, 155, -1,
      152, 155, 156, -1,
      157, 148, 158, -1,
      158, 148, 147, -1,
      158, 147, 159, -1,
      160, 161, 162, -1,
      162, 161, 163, -1,
      161, 164, 147, -1,
      147, 164, 165, -1,
      147, 165, 166, -1,
      157, 167, 148, -1,
      148, 167, 168, -1,
      148, 168, 169, -1,
      160, 170, 161, -1,
      161, 170, 171, -1,
      161, 171, 164, -1,
      166, 172, 147, -1,
      147, 172, 173, -1,
      147, 173, 159, -1,
      174, 175, 169, -1,
      169, 175, 176, -1,
      169, 176, 148, -1,
      29, 177, 7, -1,
      7, 177, 178, -1,
      7, 178, 8, -1,
      8, 178, 179, -1,
      8, 179, 116, -1,
      180, 181, 182, -1,
      183, 184, 185, -1,
      186, 187, 181, -1,
      182, 181, 188, -1,
      188, 181, 187, -1,
      188, 187, 27, -1,
      27, 187, 189, -1,
      27, 189, 25, -1,
      185, 190, 191, -1,
      191, 190, 192, -1,
      191, 192, 193, -1,
      182, 194, 180, -1,
      180, 194, 195, -1,
      180, 195, 196, -1,
      196, 195, 197, -1,
      198, 199, 200, -1,
      200, 199, 201, -1,
      202, 203, 204, -1,
      204, 203, 205, -1,
      206, 207, 208, -1,
      209, 210, 211, -1,
      211, 210, 212, -1,
      213, 214, 202, -1,
      202, 214, 215, -1,
      198, 216, 199, -1,
      199, 216, 217, -1,
      199, 217, 218, -1,
      218, 217, 219, -1,
      218, 219, 220, -1,
      215, 221, 202, -1,
      202, 221, 222, -1,
      202, 222, 203, -1,
      223, 224, 206, -1,
      206, 224, 225, -1,
      206, 225, 207, -1,
      226, 227, 228, -1,
      229, 230, 219, -1,
      219, 230, 231, -1,
      208, 232, 206, -1,
      206, 232, 233, -1,
      206, 233, 210, -1,
      210, 233, 201, -1,
      210, 201, 212, -1,
      212, 201, 199, -1,
      209, 234, 210, -1,
      210, 234, 235, -1,
      210, 235, 236, -1,
      231, 237, 219, -1,
      219, 237, 238, -1,
      219, 238, 239, -1,
      239, 240, 219, -1,
      219, 240, 241, -1,
      219, 241, 220, -1,
      226, 228, 242, -1,
      242, 228, 243, -1,
      242, 243, 244, -1,
      245, 246, 247, -1,
      247, 246, 248, -1,
      247, 248, 249, -1,
      250, 251, 252, -1,
      252, 251, 253, -1,
      252, 253, 244, -1,
      244, 253, 254, -1,
      244, 254, 242, -1,
      245, 250, 246, -1,
      246, 250, 252, -1,
      246, 252, 255, -1,
      255, 252, 204, -1,
      255, 204, 256, -1,
      256, 204, 205, -1,
      256, 205, 257, -1,
      257, 205, 258, -1,
      259, 260, 24, -1,
      261, 262, 24, -1,
      24, 262, 263, -1,
      264, 265, 266, -1,
      266, 265, 267, -1,
      266, 267, 268, -1,
      268, 269, 266, -1,
      266, 269, 270, -1,
      266, 270, 271, -1,
      271, 270, 272, -1,
      271, 272, 259, -1,
      273, 274, 260, -1,
      260, 274, 275, -1,
      260, 275, 24, -1,
      24, 275, 276, -1,
      24, 276, 261, -1,
      263, 277, 24, -1,
      24, 277, 278, -1,
      24, 278, 22, -1,
      279, 280, 281, -1,
      281, 280, 282, -1,
      281, 282, 283, -1,
      281, 284, 279, -1,
      279, 284, 285, -1,
      279, 285, 286, -1,
      286, 287, 279, -1,
      279, 287, 288, -1,
      279, 288, 289, -1,
      289, 288, 290, -1,
      289, 290, 291, -1,
      291, 290, 292, -1,
      291, 292, 260, -1,
      260, 292, 293, -1,
      260, 293, 273, -1,
      294, 295, 283, -1,
      283, 295, 296, -1,
      283, 296, 281, -1,
      297, 298, 249, -1,
      249, 298, 299, -1,
      249, 299, 247, -1,
      297, 300, 298, -1,
      298, 300, 301, -1,
      298, 301, 302, -1,
      302, 301, 303, -1,
      302, 304, 305, -1,
      303, 306, 302, -1,
      302, 306, 307, -1,
      302, 307, 308, -1,
      308, 309, 302, -1,
      302, 309, 310, -1,
      302, 310, 304, -1,
      305, 311, 302, -1,
      302, 311, 312, -1,
      302, 312, 313, -1,
      314, 19, 315, -1,
      316, 317, 318, -1,
      318, 317, 319, -1,
      320, 321, 322, -1,
      19, 21, 315, -1,
      315, 21, 323, -1,
      315, 323, 320, -1,
      322, 321, 324, -1,
      324, 321, 325, -1,
      324, 325, 319, -1,
      319, 325, 326, -1,
      319, 326, 318, -1,
      327, 328, 329, -1,
      330, 331, 332, -1,
      332, 331, 333, -1,
      332, 333, 334, -1,
      327, 329, 335, -1,
      336, 337, 322, -1,
      338, 339, 324, -1,
      337, 340, 322, -1,
      322, 340, 341, -1,
      322, 341, 327, -1,
      327, 341, 342, -1,
      327, 342, 328, -1,
      338, 324, 343, -1,
      333, 344, 334, -1,
      334, 344, 345, -1,
      334, 345, 324, -1,
      324, 345, 346, -1,
      324, 346, 343, -1,
      339, 347, 324, -1,
      324, 347, 348, -1,
      324, 348, 322, -1,
      322, 348, 349, -1,
      322, 349, 336, -1,
      350, 351, 335, -1,
      335, 351, 352, -1,
      332, 353, 354, -1,
      354, 353, 355, -1,
      329, 330, 335, -1,
      335, 330, 332, -1,
      335, 332, 356, -1,
      356, 332, 354, -1,
      357, 358, 359, -1,
      359, 358, 360, -1,
      359, 360, 361, -1,
      359, 350, 357, -1,
      357, 350, 335, -1,
      357, 335, 362, -1,
      362, 335, 356, -1,
      362, 356, 18, -1,
      18, 356, 363, -1,
      18, 363, 16, -1,
      355, 353, 364, -1,
      364, 353, 365, -1,
      364, 365, 366, -1,
      367, 365, 368, -1,
      368, 365, 369, -1,
      351, 370, 352, -1,
      352, 370, 366, -1,
      352, 366, 15, -1,
      15, 366, 365, -1,
      15, 365, 371, -1,
      371, 365, 367, -1,
      13, 15, 372, -1,
      373, 374, 371, -1,
      371, 374, 375, -1,
      371, 375, 15, -1,
      15, 375, 376, -1,
      15, 376, 372, -1,
      377, 378, 371, -1,
      371, 378, 379, -1,
      371, 379, 380, -1,
      380, 381, 371, -1,
      371, 381, 382, -1,
      371, 382, 373, -1,
      383, 384, 385, -1,
      385, 384, 386, -1,
      385, 386, 387, -1,
      383, 388, 384, -1,
      384, 388, 389, -1,
      384, 389, 390, -1,
      390, 389, 391, -1,
      390, 391, 392, -1,
      387, 393, 385, -1,
      385, 393, 394, -1,
      385, 394, 371, -1,
      371, 394, 395, -1,
      371, 395, 377, -1,
      11, 396, 397, -1,
      397, 396, 398, -1,
      398, 396, 399, -1,
      398, 399, 369, -1,
      12, 400, 401, -1,
      401, 402, 12, -1,
      12, 402, 403, -1,
      12, 403, 10, -1,
      404, 405, 12, -1,
      12, 405, 406, -1,
      12, 406, 400, -1,
      407, 408, 409, -1,
      409, 408, 410, -1,
      409, 410, 404, -1,
      404, 410, 411, -1,
      404, 411, 405, -1,
      412, 413, 414, -1,
      414, 413, 415, -1,
      414, 415, 416, -1,
      417, 418, 210, -1,
      210, 418, 419, -1,
      210, 419, 414, -1,
      414, 419, 420, -1,
      414, 420, 412, -1,
      227, 226, 236, -1,
      236, 226, 264, -1,
      236, 264, 210, -1,
      210, 264, 266, -1,
      210, 266, 417, -1,
      421, 258, 422, -1,
      422, 258, 205, -1,
      422, 205, 423, -1,
      423, 205, 203, -1,
      423, 203, 424, -1,
      424, 425, 423, -1,
      423, 425, 426, -1,
      423, 426, 206, -1,
      206, 426, 427, -1,
      206, 427, 223, -1,
      428, 429, 430, -1,
      184, 183, 431, -1,
      431, 183, 432, -1,
      431, 432, 197, -1,
      197, 432, 430, -1,
      197, 430, 196, -1,
      196, 430, 429, -1,
      196, 429, 433, -1,
      434, 435, 436, -1,
      430, 437, 428, -1,
      428, 437, 438, -1,
      428, 438, 439, -1,
      439, 438, 434, -1,
      439, 434, 440, -1,
      440, 434, 436, -1,
      441, 442, 24, -1,
      24, 442, 443, -1,
      259, 24, 271, -1,
      271, 24, 443, -1,
      271, 443, 437, -1,
      437, 443, 444, -1,
      437, 444, 438, -1,
      445, 442, 446, -1,
      446, 442, 441, -1,
      446, 441, 447, -1,
      448, 449, 450, -1,
      451, 452, 24, -1,
      421, 422, 23, -1,
      23, 422, 448, -1,
      23, 448, 24, -1,
      24, 448, 450, -1,
      24, 450, 451, -1,
      452, 453, 24, -1,
      24, 453, 454, -1,
      24, 454, 455, -1,
      455, 456, 24, -1,
      24, 456, 457, -1,
      24, 457, 441, -1,
      441, 457, 458, -1,
      441, 458, 447, -1,
      459, 460, 461, -1,
      461, 460, 462, -1,
      461, 462, 448, -1,
      448, 462, 463, -1,
      448, 463, 449, -1,
      464, 465, 466, -1,
      464, 466, 433, -1,
      465, 467, 466, -1,
      466, 467, 468, -1,
      466, 468, 461, -1,
      461, 468, 469, -1,
      461, 469, 459, -1,
      0, 74, 470, -1,
      470, 74, 71, -1,
      470, 71, 471, -1,
      471, 71, 59, -1,
      471, 59, 472, -1,
      472, 59, 64, -1,
      472, 64, 473, -1,
      473, 64, 46, -1,
      473, 46, 474, -1,
      474, 46, 44, -1,
      474, 44, 475, -1,
      475, 44, 41, -1,
      476, 404, 30, -1,
      476, 477, 404, -1,
      404, 477, 478, -1,
      404, 478, 409, -1,
      409, 478, 479, -1,
      409, 479, 480, -1,
      9, 409, 7, -1,
      7, 409, 480, -1,
      7, 480, 30, -1,
      30, 480, 481, -1,
      30, 481, 476, -1,
      482, 483, 9, -1,
      482, 484, 483, -1,
      483, 484, 485, -1,
      483, 485, 486, -1,
      487, 488, 489, -1,
      489, 488, 484, -1,
      489, 484, 490, -1,
      490, 484, 482, -1,
      490, 482, 491, -1,
      491, 482, 492, -1,
      6, 483, 4, -1,
      4, 483, 486, -1,
      4, 486, 8, -1,
      8, 486, 493, -1,
      8, 493, 9, -1,
      9, 493, 494, -1,
      9, 494, 482, -1,
      11, 397, 12, -1,
      12, 397, 495, -1,
      12, 495, 404, -1,
      404, 495, 38, -1,
      404, 38, 30, -1,
      30, 38, 37, -1,
      30, 37, 31, -1,
      6, 423, 483, -1,
      483, 423, 206, -1,
      483, 206, 9, -1,
      9, 206, 210, -1,
      9, 210, 409, -1,
      409, 210, 414, -1,
      409, 414, 407, -1,
      407, 414, 416, -1,
      183, 322, 432, -1,
      432, 322, 327, -1,
      432, 327, 430, -1,
      430, 327, 335, -1,
      430, 335, 437, -1,
      437, 335, 352, -1,
      437, 352, 271, -1,
      271, 352, 15, -1,
      271, 15, 266, -1,
      266, 15, 14, -1,
      266, 14, 417, -1,
      369, 365, 398, -1,
      398, 365, 353, -1,
      398, 353, 496, -1,
      496, 353, 332, -1,
      496, 332, 497, -1,
      497, 332, 334, -1,
      497, 334, 498, -1,
      498, 334, 324, -1,
      498, 324, 499, -1,
      499, 324, 319, -1,
      499, 319, 500, -1,
      500, 319, 317, -1,
      500, 317, 501, -1,
      318, 314, 316, -1,
      316, 314, 315, -1,
      316, 315, 502, -1,
      191, 186, 185, -1,
      185, 186, 181, -1,
      185, 181, 183, -1,
      183, 181, 503, -1,
      183, 503, 504, -1,
      183, 505, 506, -1,
      507, 508, 181, -1,
      181, 508, 509, -1,
      181, 509, 503, -1,
      320, 322, 315, -1,
      315, 322, 183, -1,
      315, 183, 502, -1,
      502, 183, 506, -1,
      502, 506, 510, -1,
      510, 506, 511, -1,
      510, 511, 181, -1,
      181, 511, 512, -1,
      181, 512, 507, -1,
      507, 512, 513, -1,
      507, 513, 514, -1,
      508, 515, 516, -1,
      516, 517, 508, -1,
      508, 517, 518, -1,
      508, 518, 509, -1,
      519, 520, 505, -1,
      505, 520, 521, -1,
      505, 521, 522, -1,
      504, 523, 183, -1,
      183, 523, 524, -1,
      183, 524, 505, -1,
      505, 524, 525, -1,
      505, 525, 519, -1,
      522, 526, 505, -1,
      505, 526, 527, -1,
      505, 527, 508, -1,
      508, 527, 528, -1,
      508, 528, 515, -1,
      433, 466, 196, -1,
      196, 466, 529, -1,
      196, 529, 180, -1,
      180, 529, 530, -1,
      180, 530, 181, -1,
      181, 530, 531, -1,
      181, 531, 510, -1,
      77, 79, 5, -1,
      5, 79, 532, -1,
      5, 532, 6, -1,
      6, 532, 533, -1,
      6, 533, 423, -1,
      423, 533, 534, -1,
      423, 534, 422, -1,
      422, 534, 535, -1,
      422, 535, 448, -1,
      448, 535, 536, -1,
      448, 536, 461, -1,
      461, 536, 537, -1,
      461, 537, 466, -1,
      466, 537, 538, -1,
      466, 538, 529, -1,
      529, 538, 539, -1,
      529, 539, 530, -1,
      530, 539, 2, -1,
      530, 2, 531, -1,
      540, 501, 3, -1,
      3, 501, 2, -1,
      541, 540, 1, -1,
      1, 540, 3, -1,
      475, 541, 0, -1,
      0, 541, 1, -1,
      542, 543, 501, -1,
      544, 545, 475, -1,
      546, 547, 541, -1,
      541, 547, 548, -1,
      541, 548, 549, -1,
      545, 550, 475, -1,
      475, 550, 551, -1,
      475, 551, 552, -1,
      552, 553, 475, -1,
      475, 553, 554, -1,
      475, 554, 541, -1,
      541, 554, 555, -1,
      541, 555, 546, -1,
      549, 556, 541, -1,
      541, 556, 557, -1,
      541, 557, 540, -1,
      540, 557, 558, -1,
      540, 558, 559, -1,
      559, 560, 540, -1,
      540, 560, 561, -1,
      540, 561, 501, -1,
      501, 561, 562, -1,
      501, 562, 542, -1,
      543, 563, 501, -1,
      501, 563, 564, -1,
      501, 564, 475, -1,
      475, 564, 565, -1,
      475, 565, 544, -1,
      0, 1, 2, -1,
      2, 1, 3, -1,
    ]
  }
}

Shape {
  appearance Appearance {
    material Material {
      diffuseColor 1.0000 1.0000 1.0000
      specularColor 0.5020 0.5020 0.5020
      ambientIntensity 0.2
      transparency 0.0000
      shininess 0.5
    }
  }
  geometry IndexedFaceSet {
    ccw TRUE
    solid FALSE
    coord DEF co Coordinate {
      point [
        -0.183547 -0.016030 0.393701,
        -0.189734 -0.030968 0.393701,
        -0.243372 -0.061935 0.393701,
        -0.259402 -0.059825 0.393701,
        -0.297009 0.030968 0.393701,
        -0.287167 0.043795 0.393701,
        -0.274339 0.053637 0.393701,
        -0.259402 0.059825 0.393701,
        -0.274339 -0.053637 0.393701,
        -0.287167 -0.043795 0.393701,
        -0.297009 -0.030968 0.393701,
        -0.303197 -0.016030 0.393701,
        -0.305307 0.000000 0.393701,
        -0.303197 0.016030 0.393701,
        -0.243372 0.061935 0.393701,
        -0.227342 0.059825 0.393701,
        -0.212404 0.053637 0.393701,
        -0.199577 0.043795 0.393701,
        -0.189734 0.030968 0.393701,
        -0.183547 0.016030 0.393701,
        -0.181437 0.000000 0.393701,
        -0.199577 -0.043795 0.393701,
        -0.212404 -0.053637 0.393701,
        -0.227342 -0.059825 0.393701,
        -0.181437 -0.000000 0.389764,
        -0.183547 0.016030 0.389764,
        -0.189734 0.030968 0.389764,
        -0.199577 0.043795 0.389764,
        -0.212404 0.053637 0.389764,
        -0.227342 0.059825 0.389764,
        -0.243372 0.061935 0.389764,
        -0.259402 0.059825 0.389764,
        -0.274339 0.053637 0.389764,
        -0.287167 0.043795 0.389764,
        -0.297009 0.030968 0.389764,
        -0.303197 0.016030 0.389764,
        -0.305307 0.000000 0.389764,
        -0.303197 -0.016030 0.389764,
        -0.297009 -0.030968 0.389764,
        -0.287167 -0.043795 0.389764,
        -0.274339 -0.053637 0.389764,
        -0.259402 -0.059825 0.389764,
        -0.243372 -0.061935 0.389764,
        -0.227342 -0.059825 0.389764,
        -0.212404 -0.053637 0.389764,
        -0.199577 -0.043795 0.389764,
        -0.189734 -0.030968 0.389764,
        -0.183547 -0.016030 0.389764,
        -0.243372 0.000000 0.389764,
      ]
    }
    coordIndex [
      24, 20, 25, -1,
      25, 20, 19, -1,
      25, 19, 26, -1,
      26, 19, 18, -1,
      26, 18, 27, -1,
      27, 18, 17, -1,
      27, 17, 28, -1,
      28, 17, 16, -1,
      28, 16, 29, -1,
      29, 16, 15, -1,
      29, 15, 30, -1,
      30, 15, 14, -1,
      30, 14, 31, -1,
      31, 14, 7, -1,
      31, 7, 32, -1,
      32, 7, 6, -1,
      32, 6, 33, -1,
      33, 6, 5, -1,
      33, 5, 34, -1,
      34, 5, 4, -1,
      34, 4, 35, -1,
      35, 4, 13, -1,
      35, 13, 36, -1,
      36, 13, 12, -1,
      36, 12, 37, -1,
      37, 12, 11, -1,
      37, 11, 38, -1,
      38, 11, 10, -1,
      38, 10, 39, -1,
      39, 10, 9, -1,
      39, 9, 40, -1,
      40, 9, 8, -1,
      40, 8, 41, -1,
      41, 8, 3, -1,
      41, 3, 42, -1,
      42, 3, 2, -1,
      42, 2, 43, -1,
      43, 2, 23, -1,
      43, 23, 44, -1,
      44, 23, 22, -1,
      44, 22, 45, -1,
      45, 22, 21, -1,
      45, 21, 46, -1,
      46, 21, 1, -1,
      46, 1, 47, -1,
      47, 1, 0, -1,
      47, 0, 24, -1,
      24, 0, 20, -1,
      46, 47, 48, -1,
      48, 47, 24, -1,
      48, 24, 25, -1,
      43, 44, 48, -1,
      48, 44, 45, -1,
      48, 45, 46, -1,
      40, 41, 48, -1,
      48, 41, 42, -1,
      48, 42, 43, -1,
      37, 38, 48, -1,
      48, 38, 39, -1,
      48, 39, 40, -1,
      34, 35, 48, -1,
      48, 35, 36, -1,
      48, 36, 37, -1,
      31, 32, 48, -1,
      48, 32, 33, -1,
      48, 33, 34, -1,
      28, 29, 48, -1,
      48, 29, 30, -1,
      48, 30, 31, -1,
      25, 26, 48, -1,
      48, 26, 27, -1,
      48, 27, 28, -1,
    ]
  }
}

Shape {
  appearance Appearance {
    material Material {
      diffuseColor 0.0000 0.0000 0.0000
      specularColor 0.0000 0.0000 0.0000
      ambientIntensity 0.2
      transparency 0.0000
      shininess 0.5
    }
  }
  geometry IndexedFaceSet {
    ccw TRUE
    solid FALSE
    coord DEF co Coordinate {
      point [
        -0.162233 -0.246063 0.338010,
        -0.160160 -0.246063 0.338265,
        -0.155328 -0.246063 0.311289,
        -0.157040 -0.246063 0.311125,
        -0.143219 -0.246063 0.334970,
        -0.143219 -0.246063 0.326428,
        -0.136011 -0.246063 0.326428,
        -0.115334 -0.246063 0.311918,
        -0.119927 -0.246063 0.311350,
        -0.127268 -0.246063 0.311350,
        -0.127268 -0.246063 0.338040,
        -0.119654 -0.246063 0.338040,
        -0.106261 -0.246063 0.320222,
        -0.107573 -0.246063 0.317460,
        -0.108652 -0.246063 0.333617,
        -0.106992 -0.246063 0.331299,
        -0.109563 -0.246063 0.315089,
        -0.112303 -0.246063 0.313117,
        -0.115042 -0.246063 0.312033,
        -0.109563 -0.246063 0.334506,
        -0.115582 -0.246063 0.337591,
        -0.115042 -0.246063 0.337394,
        -0.112361 -0.246063 0.336415,
        -0.105996 -0.246063 0.328762,
        -0.105538 -0.246063 0.325036,
        -0.105617 -0.246063 0.323349,
        -0.132310 -0.246063 0.314393,
        -0.132310 -0.246063 0.311350,
        -0.132917 -0.246063 0.338040,
        -0.136011 -0.246063 0.338040,
        -0.132917 -0.246063 0.334970,
        -0.133674 -0.246063 0.323372,
        -0.136011 -0.246063 0.323372,
        -0.136011 -0.246063 0.314393,
        -0.143219 -0.246063 0.323372,
        -0.143219 -0.246063 0.314393,
        -0.133674 -0.246063 0.326428,
        -0.136011 -0.246063 0.334970,
        -0.146665 -0.246063 0.338040,
        -0.146665 -0.246063 0.311350,
        -0.152007 -0.246063 0.337399,
        -0.154771 -0.246063 0.338204,
        -0.155512 -0.246063 0.338265,
        -0.136011 -0.246063 0.311350,
        -0.152007 -0.246063 0.333796,
        -0.152462 -0.246063 0.312229,
        -0.157634 -0.246063 0.314018,
        -0.154619 -0.246063 0.314583,
        -0.152007 -0.246063 0.315757,
        -0.152007 -0.246063 0.312456,
        -0.167054 -0.246063 0.318585,
        -0.165754 -0.246063 0.316781,
        -0.165242 -0.246063 0.316274,
        -0.163501 -0.246063 0.315037,
        -0.161603 -0.246063 0.314299,
        -0.158897 -0.246063 0.313970,
        -0.155011 -0.246063 0.334987,
        -0.165906 -0.246063 0.332041,
        -0.152304 -0.246063 0.333957,
        -0.167155 -0.246063 0.330145,
        -0.168006 -0.246063 0.327772,
        -0.158297 -0.246063 0.335379,
        -0.159325 -0.246063 0.335338,
        -0.165570 -0.246063 0.332419,
        -0.161648 -0.246063 0.334892,
        -0.163748 -0.246063 0.333922,
        -0.168374 -0.246063 0.324395,
        -0.168345 -0.246063 0.323407,
        -0.167917 -0.246063 0.320737,
        -0.158331 -0.246063 0.338491,
        -0.158252 -0.246063 0.338490,
        -0.170072 -0.246063 0.332030,
        -0.168135 -0.246063 0.334561,
        -0.167509 -0.246063 0.335160,
        -0.165016 -0.246063 0.336919,
        -0.171339 -0.246063 0.329065,
        -0.170796 -0.246063 0.330335,
        -0.170796 -0.246063 0.318100,
        -0.171554 -0.246063 0.320207,
        -0.171990 -0.246063 0.324190,
        -0.171943 -0.246063 0.325580,
        -0.166414 -0.246063 0.312757,
        -0.168565 -0.246063 0.314543,
        -0.168986 -0.246063 0.315015,
        -0.170524 -0.246063 0.317343,
        -0.159395 -0.246063 0.310900,
        -0.161001 -0.246063 0.310976,
        -0.161729 -0.246063 0.311125,
        -0.163894 -0.246063 0.311570,
        -0.183711 -0.246063 0.338040,
        -0.183711 -0.246063 0.314393,
        -0.173081 -0.246063 0.314393,
        -0.173081 -0.246063 0.311350,
        -0.187156 -0.246063 0.311350,
        -0.187156 -0.246063 0.338040,
        -0.173081 -0.246457 0.314393,
        -0.173081 -0.246457 0.311350,
        -0.183711 -0.246457 0.314393,
        -0.183711 -0.246457 0.338040,
        -0.187156 -0.246457 0.338040,
        -0.187156 -0.246457 0.311350,
        -0.155328 -0.246457 0.311289,
        -0.159395 -0.246457 0.310900,
        -0.152462 -0.246457 0.312229,
        -0.152007 -0.246457 0.312456,
        -0.152007 -0.246457 0.315757,
        -0.154619 -0.246457 0.314583,
        -0.157634 -0.246457 0.314018,
        -0.158897 -0.246457 0.313970,
        -0.161603 -0.246457 0.314299,
        -0.163501 -0.246457 0.315037,
        -0.165242 -0.246457 0.316274,
        -0.165754 -0.246457 0.316781,
        -0.167054 -0.246457 0.318585,
        -0.167917 -0.246457 0.320737,
        -0.168345 -0.246457 0.323407,
        -0.168374 -0.246457 0.324395,
        -0.168006 -0.246457 0.327772,
        -0.167155 -0.246457 0.330145,
        -0.165906 -0.246457 0.332041,
        -0.165570 -0.246457 0.332419,
        -0.163748 -0.246457 0.333922,
        -0.161648 -0.246457 0.334892,
        -0.159325 -0.246457 0.335338,
        -0.158297 -0.246457 0.335379,
        -0.155011 -0.246457 0.334987,
        -0.152304 -0.246457 0.333957,
        -0.152007 -0.246457 0.333796,
        -0.152007 -0.246457 0.337399,
        -0.158331 -0.246457 0.338491,
        -0.158252 -0.246457 0.338490,
        -0.154771 -0.246457 0.338204,
        -0.162233 -0.246457 0.338010,
        -0.165016 -0.246457 0.336919,
        -0.167509 -0.246457 0.335160,
        -0.168135 -0.246457 0.334561,
        -0.170072 -0.246457 0.332030,
        -0.171339 -0.246457 0.329065,
        -0.171943 -0.246457 0.325580,
        -0.171990 -0.246457 0.324190,
        -0.170524 -0.246457 0.317343,
        -0.171554 -0.246457 0.320207,
        -0.168986 -0.246457 0.315015,
        -0.168565 -0.246457 0.314543,
        -0.166414 -0.246457 0.312757,
        -0.161001 -0.246457 0.310976,
        -0.163894 -0.246457 0.311570,
        -0.132310 -0.246457 0.314393,
        -0.132310 -0.246457 0.311350,
        -0.143219 -0.246457 0.314393,
        -0.143219 -0.246457 0.323372,
        -0.133674 -0.246457 0.323372,
        -0.133674 -0.246457 0.326428,
        -0.143219 -0.246457 0.326428,
        -0.143219 -0.246457 0.334970,
        -0.132917 -0.246457 0.334970,
        -0.132917 -0.246457 0.338040,
        -0.146665 -0.246457 0.338040,
        -0.146665 -0.246457 0.311350,
        -0.110685 -0.246457 0.318824,
        -0.112013 -0.246457 0.317177,
        -0.109563 -0.246457 0.315089,
        -0.112506 -0.246457 0.316730,
        -0.112303 -0.246457 0.313117,
        -0.114274 -0.246457 0.315572,
        -0.115334 -0.246457 0.311918,
        -0.116557 -0.246457 0.314758,
        -0.119927 -0.246457 0.311350,
        -0.119947 -0.246457 0.314393,
        -0.127268 -0.246457 0.311350,
        -0.123822 -0.246457 0.314393,
        -0.127268 -0.246457 0.338040,
        -0.123822 -0.246457 0.334970,
        -0.119654 -0.246457 0.338040,
        -0.119791 -0.246457 0.334970,
        -0.115582 -0.246457 0.337591,
        -0.116352 -0.246457 0.334590,
        -0.112361 -0.246457 0.336415,
        -0.114037 -0.246457 0.333755,
        -0.109563 -0.246457 0.334506,
        -0.112088 -0.246457 0.332459,
        -0.108652 -0.246457 0.333617,
        -0.111210 -0.246457 0.331571,
        -0.106992 -0.246457 0.331299,
        -0.110209 -0.246457 0.330034,
        -0.105996 -0.246457 0.328762,
        -0.109490 -0.246457 0.328013,
        -0.105538 -0.246457 0.325036,
        -0.109161 -0.246457 0.324941,
        -0.105617 -0.246457 0.323349,
        -0.109249 -0.246457 0.323252,
        -0.106261 -0.246457 0.320222,
        -0.109767 -0.246457 0.320807,
        -0.107573 -0.246457 0.317460,
        -0.119791 -0.246063 0.334970,
        -0.123822 -0.246063 0.334970,
        -0.123822 -0.246063 0.314393,
        -0.119947 -0.246063 0.314393,
        -0.112013 -0.246063 0.317177,
        -0.112506 -0.246063 0.316730,
        -0.114274 -0.246063 0.315572,
        -0.116557 -0.246063 0.314758,
        -0.109161 -0.246063 0.324941,
        -0.109249 -0.246063 0.323252,
        -0.109767 -0.246063 0.320807,
        -0.110685 -0.246063 0.318824,
        -0.112088 -0.246063 0.332459,
        -0.111210 -0.246063 0.331571,
        -0.110209 -0.246063 0.330034,
        -0.109490 -0.246063 0.328013,
        -0.116352 -0.246063 0.334590,
        -0.114037 -0.246063 0.333755,
      ]
    }
    coordIndex [
      95, 96, 91, -1,
      91, 96, 92, -1,
      97, 95, 90, -1,
      90, 95, 91, -1,
      98, 97, 89, -1,
      89, 97, 90, -1,
      99, 98, 94, -1,
      94, 98, 89, -1,
      100, 99, 93, -1,
      93, 99, 94, -1,
      96, 100, 92, -1,
      92, 100, 93, -1,
      98, 99, 97, -1,
      97, 99, 100, -1,
      97, 100, 95, -1,
      95, 100, 96, -1,
      101, 102, 3, -1,
      3, 102, 85, -1,
      3, 2, 101, -1,
      101, 2, 45, -1,
      101, 45, 103, -1,
      103, 45, 49, -1,
      103, 49, 104, -1,
      105, 104, 48, -1,
      48, 104, 49, -1,
      105, 48, 47, -1,
      105, 47, 106, -1,
      106, 47, 46, -1,
      106, 46, 107, -1,
      107, 46, 55, -1,
      107, 55, 108, -1,
      108, 55, 54, -1,
      108, 54, 109, -1,
      109, 54, 53, -1,
      109, 53, 110, -1,
      110, 53, 52, -1,
      110, 52, 111, -1,
      111, 52, 51, -1,
      111, 51, 112, -1,
      112, 51, 50, -1,
      112, 50, 113, -1,
      113, 50, 68, -1,
      113, 68, 114, -1,
      114, 68, 67, -1,
      114, 67, 115, -1,
      115, 67, 66, -1,
      115, 66, 116, -1,
      116, 66, 60, -1,
      116, 60, 117, -1,
      117, 60, 59, -1,
      117, 59, 118, -1,
      118, 59, 57, -1,
      118, 57, 119, -1,
      119, 57, 63, -1,
      119, 63, 120, -1,
      120, 63, 65, -1,
      120, 65, 121, -1,
      121, 65, 64, -1,
      121, 64, 122, -1,
      122, 64, 62, -1,
      122, 62, 123, -1,
      123, 62, 61, -1,
      123, 61, 124, -1,
      124, 61, 56, -1,
      124, 56, 125, -1,
      125, 56, 58, -1,
      125, 58, 126, -1,
      126, 58, 44, -1,
      126, 44, 127, -1,
      128, 127, 40, -1,
      40, 127, 44, -1,
      69, 129, 130, -1,
      128, 40, 41, -1,
      128, 41, 131, -1,
      131, 41, 42, -1,
      131, 42, 130, -1,
      130, 42, 70, -1,
      130, 70, 69, -1,
      129, 69, 1, -1,
      129, 1, 132, -1,
      1, 0, 132, -1,
      132, 0, 74, -1,
      132, 74, 133, -1,
      133, 74, 73, -1,
      133, 73, 134, -1,
      134, 73, 72, -1,
      134, 72, 135, -1,
      135, 72, 71, -1,
      135, 71, 136, -1,
      136, 71, 76, -1,
      136, 76, 137, -1,
      76, 75, 137, -1,
      137, 75, 80, -1,
      137, 80, 138, -1,
      138, 80, 79, -1,
      138, 79, 139, -1,
      139, 79, 78, -1,
      77, 140, 78, -1,
      78, 140, 141, -1,
      78, 141, 139, -1,
      77, 84, 140, -1,
      140, 84, 83, -1,
      140, 83, 142, -1,
      142, 83, 82, -1,
      142, 82, 143, -1,
      88, 144, 81, -1,
      81, 144, 143, -1,
      81, 143, 82, -1,
      87, 145, 88, -1,
      88, 145, 146, -1,
      88, 146, 144, -1,
      87, 86, 145, -1,
      145, 86, 85, -1,
      145, 85, 102, -1,
      126, 127, 128, -1,
      117, 118, 136, -1,
      126, 128, 125, -1,
      125, 128, 131, -1,
      125, 131, 124, -1,
      124, 131, 130, -1,
      124, 130, 123, -1,
      123, 130, 129, -1,
      123, 129, 122, -1,
      122, 129, 132, -1,
      122, 132, 121, -1,
      104, 105, 103, -1,
      103, 105, 106, -1,
      103, 106, 101, -1,
      101, 106, 107, -1,
      101, 107, 102, -1,
      102, 107, 108, -1,
      102, 108, 145, -1,
      145, 108, 109, -1,
      145, 109, 146, -1,
      146, 109, 110, -1,
      146, 110, 144, -1,
      144, 110, 111, -1,
      144, 111, 143, -1,
      143, 111, 112, -1,
      143, 112, 142, -1,
      142, 112, 113, -1,
      142, 113, 140, -1,
      136, 118, 135, -1,
      132, 133, 121, -1,
      121, 133, 134, -1,
      121, 134, 120, -1,
      120, 134, 135, -1,
      120, 135, 119, -1,
      119, 135, 118, -1,
      139, 116, 138, -1,
      138, 116, 117, -1,
      138, 117, 137, -1,
      137, 117, 136, -1,
      140, 113, 141, -1,
      141, 113, 114, -1,
      141, 114, 139, -1,
      139, 114, 115, -1,
      139, 115, 116, -1,
      147, 148, 26, -1,
      26, 148, 27, -1,
      35, 149, 33, -1,
      33, 149, 147, -1,
      33, 147, 26, -1,
      150, 149, 34, -1,
      34, 149, 35, -1,
      31, 151, 32, -1,
      32, 151, 150, -1,
      32, 150, 34, -1,
      152, 151, 36, -1,
      36, 151, 31, -1,
      5, 153, 6, -1,
      6, 153, 152, -1,
      6, 152, 36, -1,
      154, 153, 4, -1,
      4, 153, 5, -1,
      30, 155, 37, -1,
      37, 155, 154, -1,
      37, 154, 4, -1,
      156, 155, 28, -1,
      28, 155, 30, -1,
      38, 157, 29, -1,
      29, 157, 156, -1,
      29, 156, 28, -1,
      158, 157, 39, -1,
      39, 157, 38, -1,
      27, 148, 43, -1,
      43, 148, 158, -1,
      43, 158, 39, -1,
      158, 148, 147, -1,
      147, 149, 158, -1,
      158, 149, 150, -1,
      158, 150, 157, -1,
      155, 156, 154, -1,
      154, 156, 157, -1,
      154, 157, 153, -1,
      153, 157, 150, -1,
      153, 150, 152, -1,
      152, 150, 151, -1,
      159, 160, 161, -1,
      161, 160, 162, -1,
      161, 162, 163, -1,
      163, 162, 164, -1,
      163, 164, 165, -1,
      165, 164, 166, -1,
      165, 166, 167, -1,
      167, 166, 168, -1,
      167, 168, 169, -1,
      169, 168, 170, -1,
      169, 170, 171, -1,
      171, 170, 172, -1,
      171, 172, 173, -1,
      173, 172, 174, -1,
      173, 174, 175, -1,
      175, 174, 176, -1,
      175, 176, 177, -1,
      177, 176, 178, -1,
      177, 178, 179, -1,
      179, 178, 180, -1,
      179, 180, 181, -1,
      181, 180, 182, -1,
      181, 182, 183, -1,
      183, 182, 184, -1,
      183, 184, 185, -1,
      185, 184, 186, -1,
      185, 186, 187, -1,
      187, 186, 188, -1,
      187, 188, 189, -1,
      189, 188, 190, -1,
      189, 190, 191, -1,
      191, 190, 192, -1,
      191, 192, 193, -1,
      193, 192, 159, -1,
      193, 159, 161, -1,
      167, 169, 8, -1,
      8, 169, 9, -1,
      16, 161, 163, -1,
      167, 8, 7, -1,
      167, 7, 165, -1,
      165, 7, 18, -1,
      165, 18, 163, -1,
      163, 18, 17, -1,
      163, 17, 16, -1,
      161, 16, 13, -1,
      161, 13, 193, -1,
      193, 13, 12, -1,
      193, 12, 191, -1,
      191, 12, 25, -1,
      191, 25, 189, -1,
      189, 25, 24, -1,
      189, 24, 187, -1,
      187, 24, 23, -1,
      187, 23, 185, -1,
      185, 23, 15, -1,
      185, 15, 183, -1,
      183, 15, 14, -1,
      183, 14, 181, -1,
      181, 14, 19, -1,
      181, 19, 179, -1,
      179, 19, 22, -1,
      21, 175, 22, -1,
      22, 175, 177, -1,
      22, 177, 179, -1,
      21, 20, 175, -1,
      175, 20, 11, -1,
      175, 11, 173, -1,
      171, 173, 10, -1,
      10, 173, 11, -1,
      169, 171, 9, -1,
      9, 171, 10, -1,
      174, 172, 194, -1,
      194, 172, 195, -1,
      172, 170, 195, -1,
      195, 170, 196, -1,
      170, 168, 196, -1,
      196, 168, 197, -1,
      160, 198, 199, -1,
      160, 199, 162, -1,
      162, 199, 200, -1,
      162, 200, 164, -1,
      164, 200, 201, -1,
      164, 201, 166, -1,
      166, 201, 197, -1,
      166, 197, 168, -1,
      188, 202, 203, -1,
      188, 203, 190, -1,
      190, 203, 204, -1,
      190, 204, 192, -1,
      192, 204, 205, -1,
      192, 205, 159, -1,
      159, 205, 198, -1,
      159, 198, 160, -1,
      180, 206, 207, -1,
      180, 207, 182, -1,
      182, 207, 208, -1,
      182, 208, 184, -1,
      184, 208, 209, -1,
      184, 209, 186, -1,
      186, 209, 202, -1,
      186, 202, 188, -1,
      174, 194, 210, -1,
      174, 210, 176, -1,
      176, 210, 211, -1,
      176, 211, 178, -1,
      178, 211, 206, -1,
      178, 206, 180, -1,
    ]
  }
}

Shape {
  appearance Appearance {
    material Material {
      diffuseColor 0.0000 0.0000 1.0000
      specularColor 0.0000 0.0000 0.5020
      ambientIntensity 0.2
      transparency 0.0000
      shininess 0.5
    }
  }
  geometry IndexedFaceSet {
    ccw TRUE
    solid FALSE
    coord DEF co Coordinate {
      point [
        -0.119791 -0.246063 0.334970,
        -0.123822 -0.246063 0.334970,
        -0.123822 -0.246063 0.314393,
        -0.119947 -0.246063 0.314393,
        -0.112013 -0.246063 0.317177,
        -0.112506 -0.246063 0.316730,
        -0.114274 -0.246063 0.315572,
        -0.116557 -0.246063 0.314758,
        -0.109161 -0.246063 0.324941,
        -0.109249 -0.246063 0.323252,
        -0.109767 -0.246063 0.320807,
        -0.110685 -0.246063 0.318824,
        -0.112088 -0.246063 0.332459,
        -0.111210 -0.246063 0.331571,
        -0.110209 -0.246063 0.330034,
        -0.109490 -0.246063 0.328013,
        -0.116352 -0.246063 0.334590,
        -0.114037 -0.246063 0.333755,
      ]
    }
    coordIndex [
      1, 2, 0, -1,
      0, 2, 3, -1,
      0, 3, 7, -1,
      7, 6, 0, -1,
      0, 6, 5, -1,
      0, 5, 4, -1,
      4, 11, 0, -1,
      0, 11, 10, -1,
      0, 10, 9, -1,
      9, 8, 0, -1,
      0, 8, 15, -1,
      0, 15, 14, -1,
      14, 13, 0, -1,
      0, 13, 12, -1,
      0, 12, 16, -1,
      16, 12, 17, -1,
    ]
  }
}

Shape {
  appearance Appearance {
    material Material {
      diffuseColor 0.0000 0.0000 0.0000
      specularColor 0.0000 0.0000 0.0000
      ambientIntensity 0.2
      transparency 0.0000
      shininess 0.5
    }
  }
  geometry IndexedFaceSet {
    ccw TRUE
    solid FALSE
    coord DEF co Coordinate {
      point [
        -0.083849 -0.246063 0.311350,
        -0.086571 -0.246063 0.318650,
        -0.096365 -0.246063 0.318650,
        -0.080042 -0.246063 0.311350,
        -0.090208 -0.246063 0.338040,
        -0.100251 -0.246063 0.311350,
        -0.104057 -0.246063 0.311350,
        -0.097685 -0.246063 0.318650,
        -0.096365 -0.246063 0.331547,
        -0.093892 -0.246063 0.338040,
        -0.096594 -0.246457 0.321666,
        -0.097685 -0.246457 0.318650,
        -0.087636 -0.246457 0.321666,
        -0.086571 -0.246457 0.318650,
        -0.092602 -0.246457 0.332759,
        -0.093892 -0.246457 0.338040,
        -0.104057 -0.246457 0.311350,
        -0.100251 -0.246457 0.311350,
        -0.092371 -0.246457 0.333556,
        -0.092166 -0.246457 0.334629,
        -0.090208 -0.246457 0.338040,
        -0.092084 -0.246457 0.334629,
        -0.091868 -0.246457 0.333500,
        -0.091668 -0.246457 0.332759,
        -0.080042 -0.246457 0.311350,
        -0.083849 -0.246457 0.311350,
        -0.096594 -0.246063 0.321666,
        -0.087636 -0.246063 0.321666,
        -0.091668 -0.246063 0.332759,
        -0.092084 -0.246063 0.334629,
        -0.091868 -0.246063 0.333500,
        -0.092166 -0.246063 0.334629,
        -0.092602 -0.246063 0.332759,
        -0.092371 -0.246063 0.333556,
      ]
    }
    coordIndex [
      10, 11, 12, -1,
      12, 11, 13, -1,
      14, 15, 10, -1,
      10, 15, 16, -1,
      10, 16, 11, -1,
      11, 16, 17, -1,
      14, 18, 15, -1,
      15, 18, 19, -1,
      15, 19, 20, -1,
      20, 19, 21, -1,
      20, 21, 22, -1,
      22, 23, 20, -1,
      20, 23, 12, -1,
      20, 12, 24, -1,
      24, 12, 13, -1,
      24, 13, 25, -1,
      20, 24, 4, -1,
      4, 24, 3, -1,
      15, 20, 9, -1,
      9, 20, 4, -1,
      6, 16, 8, -1,
      8, 16, 15, -1,
      8, 15, 9, -1,
      17, 16, 5, -1,
      5, 16, 6, -1,
      11, 17, 7, -1,
      7, 17, 5, -1,
      1, 13, 2, -1,
      2, 13, 11, -1,
      2, 11, 7, -1,
      25, 13, 0, -1,
      0, 13, 1, -1,
      24, 25, 3, -1,
      3, 25, 0, -1,
      10, 12, 26, -1,
      26, 12, 27, -1,
      12, 23, 27, -1,
      27, 23, 28, -1,
      21, 29, 30, -1,
      21, 30, 22, -1,
      22, 30, 28, -1,
      22, 28, 23, -1,
      21, 19, 29, -1,
      29, 19, 31, -1,
      14, 32, 33, -1,
      14, 33, 18, -1,
      18, 33, 31, -1,
      18, 31, 19, -1,
      14, 10, 32, -1,
      32, 10, 26, -1,
    ]
  }
}

Shape {
  appearance Appearance {
    material Material {
      diffuseColor 0.0000 0.0000 1.0000
      specularColor 0.0000 0.0000 0.5020
      ambientIntensity 0.2
      transparency 0.0000
      shininess 0.5
    }
  }
  geometry IndexedFaceSet {
    ccw TRUE
    solid FALSE
    coord DEF co Coordinate {
      point [
        -0.096594 -0.246063 0.321666,
        -0.087636 -0.246063 0.321666,
        -0.091668 -0.246063 0.332759,
        -0.092084 -0.246063 0.334629,
        -0.091868 -0.246063 0.333500,
        -0.092166 -0.246063 0.334629,
        -0.092602 -0.246063 0.332759,
        -0.092371 -0.246063 0.333556,
      ]
    }
    coordIndex [
      3, 5, 4, -1,
      4, 5, 7, -1,
      4, 7, 2, -1,
      2, 7, 6, -1,
      2, 6, 1, -1,
      1, 6, 0, -1,
    ]
  }
}

Shape {
  appearance Appearance {
    material Material {
      diffuseColor 0.0000 0.0000 0.0000
      specularColor 0.0000 0.0000 0.0000
      ambientIntensity 0.2
      transparency 0.0000
      shininess 0.5
    }
  }
  geometry IndexedFaceSet {
    ccw TRUE
    solid FALSE
    coord DEF co Coordinate {
      point [
        -0.168256 -0.246063 0.278093,
        -0.167739 -0.246063 0.283487,
        -0.168923 -0.246063 0.277135,
        -0.169381 -0.246063 0.275956,
        -0.157628 -0.246063 0.269009,
        -0.161704 -0.246063 0.268782,
        -0.154285 -0.246063 0.269009,
        -0.169059 -0.246063 0.271519,
        -0.169452 -0.246063 0.272663,
        -0.164600 -0.246063 0.288088,
        -0.167080 -0.246063 0.287118,
        -0.167739 -0.246063 0.286734,
        -0.157628 -0.246063 0.271957,
        -0.157717 -0.246063 0.271957,
        -0.158493 -0.246063 0.270840,
        -0.167232 -0.246063 0.278981,
        -0.165809 -0.246063 0.279711,
        -0.165413 -0.246063 0.284946,
        -0.163278 -0.246063 0.280335,
        -0.163319 -0.246063 0.285619,
        -0.159582 -0.246063 0.269796,
        -0.160370 -0.246063 0.269296,
        -0.166953 -0.246063 0.269336,
        -0.167965 -0.246063 0.270060,
        -0.168456 -0.246063 0.270578,
        -0.156662 -0.246063 0.287278,
        -0.155767 -0.246063 0.286431,
        -0.157628 -0.246063 0.281126,
        -0.157716 -0.246063 0.282428,
        -0.158047 -0.246063 0.283691,
        -0.169602 -0.246063 0.274113,
        -0.169593 -0.246063 0.274511,
        -0.161176 -0.246063 0.288508,
        -0.159194 -0.246063 0.288333,
        -0.157777 -0.246063 0.287909,
        -0.158427 -0.246063 0.284405,
        -0.158918 -0.246063 0.284961,
        -0.159494 -0.246063 0.285358,
        -0.160237 -0.246063 0.285645,
        -0.161490 -0.246063 0.285793,
        -0.155080 -0.246063 0.285357,
        -0.154553 -0.246063 0.283848,
        -0.154285 -0.246063 0.281276,
        -0.163557 -0.246063 0.268559,
        -0.164136 -0.246063 0.268576,
        -0.165415 -0.246063 0.268783,
        -0.165695 -0.246063 0.268828,
        -0.173409 -0.246063 0.292629,
        -0.172802 -0.246063 0.272052,
        -0.172802 -0.246063 0.269009,
        -0.187156 -0.246063 0.269009,
        -0.183711 -0.246063 0.281031,
        -0.183711 -0.246063 0.272052,
        -0.174166 -0.246063 0.281031,
        -0.174166 -0.246063 0.284087,
        -0.183711 -0.246063 0.284087,
        -0.183711 -0.246063 0.292629,
        -0.187156 -0.246063 0.295699,
        -0.173409 -0.246063 0.295699,
        -0.172802 -0.246457 0.272052,
        -0.172802 -0.246457 0.269009,
        -0.183711 -0.246457 0.272052,
        -0.183711 -0.246457 0.281031,
        -0.174166 -0.246457 0.281031,
        -0.174166 -0.246457 0.284087,
        -0.183711 -0.246457 0.284087,
        -0.183711 -0.246457 0.292629,
        -0.173409 -0.246457 0.292629,
        -0.173409 -0.246457 0.295699,
        -0.187156 -0.246457 0.295699,
        -0.187156 -0.246457 0.269009,
        -0.157717 -0.246457 0.271957,
        -0.157628 -0.246457 0.271957,
        -0.157841 -0.246457 0.275056,
        -0.157631 -0.246457 0.276553,
        -0.154285 -0.246457 0.281276,
        -0.157628 -0.246457 0.276746,
        -0.157628 -0.246457 0.278575,
        -0.157628 -0.246457 0.269009,
        -0.154285 -0.246457 0.269009,
        -0.165907 -0.246457 0.273011,
        -0.168456 -0.246457 0.270578,
        -0.165527 -0.246457 0.272447,
        -0.167965 -0.246457 0.270060,
        -0.165242 -0.246457 0.272161,
        -0.166953 -0.246457 0.269336,
        -0.164576 -0.246457 0.271707,
        -0.165695 -0.246457 0.268828,
        -0.163820 -0.246457 0.271429,
        -0.164136 -0.246457 0.268576,
        -0.162691 -0.246457 0.271302,
        -0.165809 -0.246457 0.279711,
        -0.164873 -0.246457 0.277145,
        -0.164070 -0.246457 0.277520,
        -0.158326 -0.246457 0.273861,
        -0.159061 -0.246457 0.272857,
        -0.158493 -0.246457 0.270840,
        -0.159457 -0.246457 0.272468,
        -0.159582 -0.246457 0.269796,
        -0.160397 -0.246457 0.271824,
        -0.160370 -0.246457 0.269296,
        -0.161406 -0.246457 0.271450,
        -0.161704 -0.246457 0.268782,
        -0.163557 -0.246457 0.268559,
        -0.163278 -0.246457 0.280335,
        -0.162090 -0.246457 0.277974,
        -0.157628 -0.246457 0.281126,
        -0.167739 -0.246457 0.286734,
        -0.167739 -0.246457 0.283487,
        -0.167080 -0.246457 0.287118,
        -0.165413 -0.246457 0.284946,
        -0.164600 -0.246457 0.288088,
        -0.163319 -0.246457 0.285619,
        -0.161176 -0.246457 0.288508,
        -0.161490 -0.246457 0.285793,
        -0.159194 -0.246457 0.288333,
        -0.160237 -0.246457 0.285645,
        -0.157777 -0.246457 0.287909,
        -0.159494 -0.246457 0.285358,
        -0.156662 -0.246457 0.287278,
        -0.158918 -0.246457 0.284961,
        -0.155767 -0.246457 0.286431,
        -0.158427 -0.246457 0.284405,
        -0.155080 -0.246457 0.285357,
        -0.158047 -0.246457 0.283691,
        -0.154553 -0.246457 0.283848,
        -0.157716 -0.246457 0.282428,
        -0.166183 -0.246457 0.274916,
        -0.169593 -0.246457 0.274511,
        -0.166211 -0.246457 0.274385,
        -0.169602 -0.246457 0.274113,
        -0.166126 -0.246457 0.273618,
        -0.169452 -0.246457 0.272663,
        -0.169059 -0.246457 0.271519,
        -0.165324 -0.246457 0.276801,
        -0.167232 -0.246457 0.278981,
        -0.165724 -0.246457 0.276306,
        -0.168256 -0.246457 0.278093,
        -0.166018 -0.246457 0.275682,
        -0.168923 -0.246457 0.277135,
        -0.169381 -0.246457 0.275956,
        -0.165324 -0.246063 0.276801,
        -0.164873 -0.246063 0.277145,
        -0.164070 -0.246063 0.277520,
        -0.162090 -0.246063 0.277974,
        -0.166211 -0.246063 0.274385,
        -0.166183 -0.246063 0.274916,
        -0.166018 -0.246063 0.275682,
        -0.165724 -0.246063 0.276306,
        -0.165242 -0.246063 0.272161,
        -0.165527 -0.246063 0.272447,
        -0.165907 -0.246063 0.273011,
        -0.166126 -0.246063 0.273618,
        -0.162691 -0.246063 0.271302,
        -0.163820 -0.246063 0.271429,
        -0.164576 -0.246063 0.271707,
        -0.159061 -0.246063 0.272857,
        -0.159457 -0.246063 0.272468,
        -0.160397 -0.246063 0.271824,
        -0.161406 -0.246063 0.271450,
        -0.157628 -0.246063 0.276746,
        -0.157631 -0.246063 0.276553,
        -0.157841 -0.246063 0.275056,
        -0.158326 -0.246063 0.273861,
        -0.157628 -0.246063 0.278575,
      ]
    }
    coordIndex [
      59, 60, 48, -1,
      48, 60, 49, -1,
      61, 59, 52, -1,
      52, 59, 48, -1,
      62, 61, 51, -1,
      51, 61, 52, -1,
      63, 62, 53, -1,
      53, 62, 51, -1,
      64, 63, 54, -1,
      54, 63, 53, -1,
      65, 64, 55, -1,
      55, 64, 54, -1,
      66, 65, 56, -1,
      56, 65, 55, -1,
      67, 66, 47, -1,
      47, 66, 56, -1,
      68, 67, 58, -1,
      58, 67, 47, -1,
      69, 68, 57, -1,
      57, 68, 58, -1,
      70, 69, 50, -1,
      50, 69, 57, -1,
      60, 70, 49, -1,
      49, 70, 50, -1,
      70, 60, 59, -1,
      59, 61, 70, -1,
      70, 61, 62, -1,
      70, 62, 69, -1,
      67, 68, 66, -1,
      66, 68, 69, -1,
      66, 69, 65, -1,
      65, 69, 62, -1,
      65, 62, 64, -1,
      64, 62, 63, -1,
      71, 72, 73, -1,
      74, 75, 76, -1,
      76, 75, 77, -1,
      78, 79, 72, -1,
      72, 79, 75, -1,
      72, 75, 73, -1,
      73, 75, 74, -1,
      80, 81, 82, -1,
      82, 81, 83, -1,
      82, 83, 84, -1,
      84, 83, 85, -1,
      84, 85, 86, -1,
      86, 85, 87, -1,
      86, 87, 88, -1,
      88, 87, 89, -1,
      88, 89, 90, -1,
      91, 92, 93, -1,
      73, 94, 71, -1,
      71, 94, 95, -1,
      71, 95, 96, -1,
      96, 95, 97, -1,
      96, 97, 98, -1,
      98, 97, 99, -1,
      98, 99, 100, -1,
      100, 99, 101, -1,
      100, 101, 102, -1,
      102, 101, 90, -1,
      102, 90, 103, -1,
      103, 90, 89, -1,
      91, 93, 104, -1,
      104, 93, 105, -1,
      104, 105, 106, -1,
      107, 108, 109, -1,
      109, 108, 110, -1,
      109, 110, 111, -1,
      111, 110, 112, -1,
      111, 112, 113, -1,
      113, 112, 114, -1,
      113, 114, 115, -1,
      115, 114, 116, -1,
      115, 116, 117, -1,
      117, 116, 118, -1,
      117, 118, 119, -1,
      119, 118, 120, -1,
      119, 120, 121, -1,
      121, 120, 122, -1,
      121, 122, 123, -1,
      123, 122, 124, -1,
      123, 124, 125, -1,
      125, 124, 126, -1,
      125, 126, 75, -1,
      75, 126, 106, -1,
      75, 106, 77, -1,
      77, 106, 105, -1,
      127, 128, 129, -1,
      129, 128, 130, -1,
      129, 130, 131, -1,
      131, 130, 132, -1,
      131, 132, 80, -1,
      80, 132, 133, -1,
      80, 133, 81, -1,
      92, 91, 134, -1,
      134, 91, 135, -1,
      134, 135, 136, -1,
      136, 135, 137, -1,
      136, 137, 138, -1,
      138, 137, 139, -1,
      138, 139, 127, -1,
      127, 139, 140, -1,
      127, 140, 128, -1,
      113, 32, 9, -1,
      113, 9, 111, -1,
      111, 9, 10, -1,
      111, 10, 109, -1,
      109, 10, 11, -1,
      109, 11, 107, -1,
      108, 107, 1, -1,
      1, 107, 11, -1,
      108, 1, 17, -1,
      108, 17, 110, -1,
      110, 17, 19, -1,
      110, 19, 112, -1,
      112, 19, 39, -1,
      112, 39, 114, -1,
      114, 39, 38, -1,
      114, 38, 116, -1,
      116, 38, 37, -1,
      116, 37, 118, -1,
      118, 37, 36, -1,
      118, 36, 120, -1,
      120, 36, 35, -1,
      120, 35, 122, -1,
      122, 35, 29, -1,
      122, 29, 124, -1,
      124, 29, 28, -1,
      124, 28, 126, -1,
      126, 28, 27, -1,
      126, 27, 106, -1,
      104, 106, 18, -1,
      18, 106, 27, -1,
      104, 18, 16, -1,
      104, 16, 91, -1,
      91, 16, 15, -1,
      91, 15, 135, -1,
      135, 15, 0, -1,
      135, 0, 137, -1,
      137, 0, 2, -1,
      137, 2, 139, -1,
      139, 2, 3, -1,
      139, 3, 140, -1,
      140, 3, 31, -1,
      140, 31, 128, -1,
      128, 31, 30, -1,
      128, 30, 130, -1,
      130, 30, 8, -1,
      130, 8, 132, -1,
      132, 8, 7, -1,
      132, 7, 133, -1,
      133, 7, 24, -1,
      133, 24, 81, -1,
      81, 24, 23, -1,
      81, 23, 83, -1,
      43, 103, 89, -1,
      83, 23, 22, -1,
      83, 22, 85, -1,
      85, 22, 46, -1,
      85, 46, 87, -1,
      87, 46, 45, -1,
      87, 45, 89, -1,
      89, 45, 44, -1,
      89, 44, 43, -1,
      103, 43, 5, -1,
      103, 5, 102, -1,
      102, 5, 21, -1,
      102, 21, 100, -1,
      100, 21, 20, -1,
      100, 20, 98, -1,
      98, 20, 14, -1,
      98, 14, 96, -1,
      96, 14, 13, -1,
      96, 13, 71, -1,
      72, 71, 12, -1,
      12, 71, 13, -1,
      78, 72, 4, -1,
      4, 72, 12, -1,
      79, 78, 6, -1,
      6, 78, 4, -1,
      75, 79, 42, -1,
      42, 79, 6, -1,
      75, 42, 41, -1,
      75, 41, 125, -1,
      125, 41, 40, -1,
      125, 40, 123, -1,
      123, 40, 26, -1,
      123, 26, 121, -1,
      121, 26, 25, -1,
      121, 25, 119, -1,
      119, 25, 34, -1,
      119, 34, 117, -1,
      117, 34, 33, -1,
      117, 33, 115, -1,
      115, 33, 32, -1,
      115, 32, 113, -1,
      134, 141, 142, -1,
      134, 142, 92, -1,
      92, 142, 143, -1,
      92, 143, 93, -1,
      93, 143, 144, -1,
      93, 144, 105, -1,
      129, 145, 146, -1,
      129, 146, 127, -1,
      127, 146, 147, -1,
      127, 147, 138, -1,
      138, 147, 148, -1,
      138, 148, 136, -1,
      136, 148, 141, -1,
      136, 141, 134, -1,
      84, 149, 150, -1,
      84, 150, 82, -1,
      82, 150, 151, -1,
      82, 151, 80, -1,
      80, 151, 152, -1,
      80, 152, 131, -1,
      131, 152, 145, -1,
      131, 145, 129, -1,
      90, 153, 154, -1,
      90, 154, 88, -1,
      88, 154, 155, -1,
      88, 155, 86, -1,
      86, 155, 149, -1,
      86, 149, 84, -1,
      95, 156, 157, -1,
      95, 157, 97, -1,
      97, 157, 158, -1,
      97, 158, 99, -1,
      99, 158, 159, -1,
      99, 159, 101, -1,
      101, 159, 153, -1,
      101, 153, 90, -1,
      76, 160, 161, -1,
      76, 161, 74, -1,
      74, 161, 162, -1,
      74, 162, 73, -1,
      73, 162, 163, -1,
      73, 163, 94, -1,
      94, 163, 156, -1,
      94, 156, 95, -1,
      76, 77, 160, -1,
      160, 77, 164, -1,
      77, 105, 164, -1,
      164, 105, 144, -1,
    ]
  }
}

Shape {
  appearance Appearance {
    material Material {
      diffuseColor 0.0000 0.0000 1.0000
      specularColor 0.0000 0.0000 0.5020
      ambientIntensity 0.2
      transparency 0.0000
      shininess 0.5
    }
  }
  geometry IndexedFaceSet {
    ccw TRUE
    solid FALSE
    coord DEF co Coordinate {
      point [
        -0.165324 -0.246063 0.276801,
        -0.164873 -0.246063 0.277145,
        -0.164070 -0.246063 0.277520,
        -0.162090 -0.246063 0.277974,
        -0.166211 -0.246063 0.274385,
        -0.166183 -0.246063 0.274916,
        -0.166018 -0.246063 0.275682,
        -0.165724 -0.246063 0.276306,
        -0.165242 -0.246063 0.272161,
        -0.165527 -0.246063 0.272447,
        -0.165907 -0.246063 0.273011,
        -0.166126 -0.246063 0.273618,
        -0.162691 -0.246063 0.271302,
        -0.163820 -0.246063 0.271429,
        -0.164576 -0.246063 0.271707,
        -0.159061 -0.246063 0.272857,
        -0.159457 -0.246063 0.272468,
        -0.160397 -0.246063 0.271824,
        -0.161406 -0.246063 0.271450,
        -0.157628 -0.246063 0.276746,
        -0.157631 -0.246063 0.276553,
        -0.157841 -0.246063 0.275056,
        -0.158326 -0.246063 0.273861,
        -0.157628 -0.246063 0.278575,
      ]
    }
    coordIndex [
      23, 3, 19, -1,
      19, 3, 2, -1,
      2, 1, 19, -1,
      19, 1, 0, -1,
      19, 0, 20, -1,
      20, 0, 21, -1,
      21, 0, 7, -1,
      21, 7, 22, -1,
      9, 8, 16, -1,
      9, 16, 10, -1,
      17, 16, 18, -1,
      18, 16, 12, -1,
      7, 6, 22, -1,
      22, 6, 5, -1,
      22, 5, 15, -1,
      15, 5, 4, -1,
      15, 4, 16, -1,
      16, 4, 11, -1,
      16, 11, 10, -1,
      8, 14, 16, -1,
      16, 14, 13, -1,
      16, 13, 12, -1,
    ]
  }
}

Shape {
  appearance Appearance {
    material Material {
      diffuseColor 0.0000 0.0000 0.0000
      specularColor 0.0000 0.0000 0.0000
      ambientIntensity 0.2
      transparency 0.0000
      shininess 0.5
    }
  }
  geometry IndexedFaceSet {
    ccw TRUE
    solid FALSE
    coord DEF co Coordinate {
      point [
        -0.141807 -0.246063 0.268857,
        -0.142486 -0.246063 0.268784,
        -0.109795 -0.246063 0.281031,
        -0.109795 -0.246063 0.272052,
        -0.104798 -0.246063 0.272052,
        -0.098886 -0.246063 0.269009,
        -0.099493 -0.246063 0.295699,
        -0.099493 -0.246063 0.292629,
        -0.100251 -0.246063 0.284087,
        -0.100251 -0.246063 0.281031,
        -0.098886 -0.246063 0.272052,
        -0.104798 -0.246063 0.281031,
        -0.104798 -0.246063 0.292629,
        -0.104798 -0.246063 0.284087,
        -0.109795 -0.246063 0.292629,
        -0.109795 -0.246063 0.284087,
        -0.104798 -0.246063 0.269009,
        -0.113241 -0.246063 0.269009,
        -0.113241 -0.246063 0.295699,
        -0.149210 -0.246063 0.285189,
        -0.149605 -0.246063 0.284113,
        -0.148239 -0.246063 0.279340,
        -0.149755 -0.246063 0.273130,
        -0.148210 -0.246063 0.279320,
        -0.148554 -0.246063 0.272378,
        -0.148210 -0.246063 0.272243,
        -0.148786 -0.246063 0.279912,
        -0.149213 -0.246063 0.280591,
        -0.149586 -0.246063 0.281609,
        -0.149735 -0.246063 0.282928,
        -0.149755 -0.246063 0.269678,
        -0.148210 -0.246063 0.269134,
        -0.147422 -0.246063 0.268856,
        -0.146734 -0.246063 0.268784,
        -0.137795 -0.246063 0.287662,
        -0.137795 -0.246063 0.284415,
        -0.137033 -0.246063 0.272877,
        -0.137437 -0.246063 0.271817,
        -0.138054 -0.246063 0.270933,
        -0.148592 -0.246063 0.286093,
        -0.148210 -0.246063 0.286437,
        -0.147593 -0.246063 0.286994,
        -0.146794 -0.246063 0.287486,
        -0.145009 -0.246063 0.288181,
        -0.142312 -0.246063 0.288508,
        -0.139967 -0.246063 0.288300,
        -0.138000 -0.246063 0.277346,
        -0.137393 -0.246063 0.276459,
        -0.137029 -0.246063 0.275479,
        -0.136881 -0.246063 0.274194,
        -0.139030 -0.246063 0.270074,
        -0.139990 -0.246063 0.269502,
        -0.142639 -0.246063 0.285793,
        -0.143629 -0.246063 0.285719,
        -0.146289 -0.246063 0.283228,
        -0.144523 -0.246063 0.285482,
        -0.145273 -0.246063 0.285083,
        -0.146259 -0.246063 0.282783,
        -0.146126 -0.246063 0.282264,
        -0.145885 -0.246063 0.281813,
        -0.145559 -0.246063 0.281454,
        -0.144381 -0.246063 0.280717,
        -0.140296 -0.246063 0.285507,
        -0.142312 -0.246063 0.279817,
        -0.138406 -0.246063 0.284772,
        -0.141017 -0.246063 0.279293,
        -0.138797 -0.246063 0.278058,
        -0.145777 -0.246063 0.284638,
        -0.146064 -0.246063 0.284212,
        -0.146229 -0.246063 0.283761,
        -0.146463 -0.246063 0.271561,
        -0.144672 -0.246063 0.277387,
        -0.146665 -0.246063 0.278301,
        -0.144256 -0.246063 0.271288,
        -0.144109 -0.246063 0.271289,
        -0.142477 -0.246063 0.276468,
        -0.142395 -0.246063 0.271481,
        -0.140313 -0.246063 0.273867,
        -0.140345 -0.246063 0.274283,
        -0.141532 -0.246063 0.271797,
        -0.141227 -0.246063 0.271982,
        -0.140844 -0.246063 0.272322,
        -0.140552 -0.246063 0.272754,
        -0.140382 -0.246063 0.273230,
        -0.140497 -0.246063 0.274805,
        -0.140756 -0.246063 0.275248,
        -0.141172 -0.246063 0.275682,
        -0.144583 -0.246063 0.268559,
        -0.120309 -0.246063 0.288072,
        -0.116843 -0.246063 0.288072,
        -0.104798 -0.246063 0.295699,
        -0.124448 -0.246063 0.268784,
        -0.126422 -0.246063 0.273744,
        -0.126013 -0.246063 0.272175,
        -0.125924 -0.246063 0.272175,
        -0.129789 -0.246063 0.283430,
        -0.125515 -0.246063 0.273717,
        -0.125770 -0.246063 0.272828,
        -0.129789 -0.246063 0.274457,
        -0.135141 -0.246063 0.288072,
        -0.131402 -0.246063 0.288072,
        -0.127664 -0.246063 0.269050,
        -0.127776 -0.246063 0.268784,
        -0.129131 -0.246063 0.265585,
        -0.134452 -0.246063 0.260304,
        -0.134452 -0.246063 0.263278,
        -0.133731 -0.246063 0.263045,
        -0.132556 -0.246063 0.262896,
        -0.132433 -0.246063 0.262898,
        -0.131636 -0.246063 0.263016,
        -0.130916 -0.246063 0.263319,
        -0.130439 -0.246063 0.263659,
        -0.129815 -0.246063 0.264342,
        -0.129789 -0.246063 0.264390,
        -0.129789 -0.246063 0.260624,
        -0.130976 -0.246063 0.260179,
        -0.132296 -0.246063 0.260031,
        -0.133466 -0.246063 0.260101,
        -0.125494 -0.246063 0.266130,
        -0.126935 -0.246063 0.263292,
        -0.128155 -0.246063 0.261788,
        -0.128485 -0.246063 0.261482,
        -0.129654 -0.246063 0.260674,
        -0.093844 -0.246063 0.269009,
        -0.093844 -0.246063 0.295699,
        -0.086503 -0.246063 0.269009,
        -0.074150 -0.246063 0.275119,
        -0.076140 -0.246063 0.272748,
        -0.078879 -0.246063 0.270776,
        -0.081910 -0.246063 0.269577,
        -0.076140 -0.246063 0.292165,
        -0.075228 -0.246063 0.291276,
        -0.073568 -0.246063 0.288958,
        -0.072572 -0.246063 0.286421,
        -0.086230 -0.246063 0.295699,
        -0.082158 -0.246063 0.295250,
        -0.078937 -0.246063 0.294074,
        -0.072115 -0.246063 0.282696,
        -0.072193 -0.246063 0.281008,
        -0.072838 -0.246063 0.277881,
        -0.144256 -0.246457 0.271288,
        -0.148554 -0.246457 0.272378,
        -0.146463 -0.246457 0.271561,
        -0.149755 -0.246457 0.273130,
        -0.149755 -0.246457 0.269678,
        -0.147422 -0.246457 0.268856,
        -0.144583 -0.246457 0.268559,
        -0.141807 -0.246457 0.268857,
        -0.139990 -0.246457 0.269502,
        -0.139030 -0.246457 0.270074,
        -0.138054 -0.246457 0.270933,
        -0.137437 -0.246457 0.271817,
        -0.137033 -0.246457 0.272877,
        -0.136881 -0.246457 0.274194,
        -0.137029 -0.246457 0.275479,
        -0.137393 -0.246457 0.276459,
        -0.138000 -0.246457 0.277346,
        -0.138797 -0.246457 0.278058,
        -0.141017 -0.246457 0.279293,
        -0.142312 -0.246457 0.279817,
        -0.144381 -0.246457 0.280717,
        -0.145559 -0.246457 0.281454,
        -0.145885 -0.246457 0.281813,
        -0.146126 -0.246457 0.282264,
        -0.146259 -0.246457 0.282783,
        -0.146289 -0.246457 0.283228,
        -0.146229 -0.246457 0.283761,
        -0.146064 -0.246457 0.284212,
        -0.145777 -0.246457 0.284638,
        -0.145273 -0.246457 0.285083,
        -0.144523 -0.246457 0.285482,
        -0.143629 -0.246457 0.285719,
        -0.142639 -0.246457 0.285793,
        -0.140296 -0.246457 0.285507,
        -0.138406 -0.246457 0.284772,
        -0.137795 -0.246457 0.284415,
        -0.137795 -0.246457 0.287662,
        -0.139967 -0.246457 0.288300,
        -0.142312 -0.246457 0.288508,
        -0.145009 -0.246457 0.288181,
        -0.146794 -0.246457 0.287486,
        -0.147593 -0.246457 0.286994,
        -0.148592 -0.246457 0.286093,
        -0.149210 -0.246457 0.285189,
        -0.149605 -0.246457 0.284113,
        -0.149735 -0.246457 0.282928,
        -0.149586 -0.246457 0.281609,
        -0.149213 -0.246457 0.280591,
        -0.148786 -0.246457 0.279912,
        -0.144672 -0.246457 0.277387,
        -0.146665 -0.246457 0.278301,
        -0.148239 -0.246457 0.279340,
        -0.142477 -0.246457 0.276468,
        -0.141172 -0.246457 0.275682,
        -0.140756 -0.246457 0.275248,
        -0.140497 -0.246457 0.274805,
        -0.140345 -0.246457 0.274283,
        -0.140313 -0.246457 0.273867,
        -0.140382 -0.246457 0.273230,
        -0.140552 -0.246457 0.272754,
        -0.140844 -0.246457 0.272322,
        -0.141227 -0.246457 0.271982,
        -0.141532 -0.246457 0.271797,
        -0.142395 -0.246457 0.271481,
        -0.144109 -0.246457 0.271289,
        -0.120309 -0.246457 0.288072,
        -0.116843 -0.246457 0.288072,
        -0.125515 -0.246457 0.273717,
        -0.125770 -0.246457 0.272828,
        -0.125924 -0.246457 0.272175,
        -0.126013 -0.246457 0.272175,
        -0.126422 -0.246457 0.273744,
        -0.131402 -0.246457 0.288072,
        -0.135141 -0.246457 0.288072,
        -0.127664 -0.246457 0.269050,
        -0.129131 -0.246457 0.265585,
        -0.129815 -0.246457 0.264342,
        -0.130439 -0.246457 0.263659,
        -0.130916 -0.246457 0.263319,
        -0.131636 -0.246457 0.263016,
        -0.132433 -0.246457 0.262898,
        -0.132556 -0.246457 0.262896,
        -0.133731 -0.246457 0.263045,
        -0.134452 -0.246457 0.263278,
        -0.134452 -0.246457 0.260304,
        -0.133466 -0.246457 0.260101,
        -0.132296 -0.246457 0.260031,
        -0.130976 -0.246457 0.260179,
        -0.129654 -0.246457 0.260674,
        -0.128485 -0.246457 0.261482,
        -0.128155 -0.246457 0.261788,
        -0.126935 -0.246457 0.263292,
        -0.125494 -0.246457 0.266130,
        -0.098886 -0.246457 0.272052,
        -0.098886 -0.246457 0.269009,
        -0.109795 -0.246457 0.272052,
        -0.109795 -0.246457 0.281031,
        -0.100251 -0.246457 0.281031,
        -0.100251 -0.246457 0.284087,
        -0.109795 -0.246457 0.284087,
        -0.109795 -0.246457 0.292629,
        -0.099493 -0.246457 0.292629,
        -0.099493 -0.246457 0.295699,
        -0.113241 -0.246457 0.295699,
        -0.113241 -0.246457 0.269009,
        -0.077261 -0.246457 0.276483,
        -0.078589 -0.246457 0.274836,
        -0.076140 -0.246457 0.272748,
        -0.079082 -0.246457 0.274389,
        -0.078879 -0.246457 0.270776,
        -0.080850 -0.246457 0.273231,
        -0.081910 -0.246457 0.269577,
        -0.083133 -0.246457 0.272417,
        -0.086503 -0.246457 0.269009,
        -0.086524 -0.246457 0.272052,
        -0.093844 -0.246457 0.269009,
        -0.090399 -0.246457 0.272052,
        -0.093844 -0.246457 0.295699,
        -0.090399 -0.246457 0.292629,
        -0.086230 -0.246457 0.295699,
        -0.086367 -0.246457 0.292629,
        -0.082158 -0.246457 0.295250,
        -0.082928 -0.246457 0.292249,
        -0.078937 -0.246457 0.294074,
        -0.080613 -0.246457 0.291414,
        -0.076140 -0.246457 0.292165,
        -0.078664 -0.246457 0.290119,
        -0.075228 -0.246457 0.291276,
        -0.077787 -0.246457 0.289230,
        -0.073568 -0.246457 0.288958,
        -0.076785 -0.246457 0.287694,
        -0.072572 -0.246457 0.286421,
        -0.076066 -0.246457 0.285672,
        -0.072115 -0.246457 0.282696,
        -0.075737 -0.246457 0.282600,
        -0.072193 -0.246457 0.281008,
        -0.075825 -0.246457 0.280911,
        -0.072838 -0.246457 0.277881,
        -0.076343 -0.246457 0.278466,
        -0.074150 -0.246457 0.275119,
        -0.086367 -0.246063 0.292629,
        -0.090399 -0.246063 0.292629,
        -0.090399 -0.246063 0.272052,
        -0.086524 -0.246063 0.272052,
        -0.078589 -0.246063 0.274836,
        -0.079082 -0.246063 0.274389,
        -0.080850 -0.246063 0.273231,
        -0.083133 -0.246063 0.272417,
        -0.075737 -0.246063 0.282600,
        -0.075825 -0.246063 0.280911,
        -0.076343 -0.246063 0.278466,
        -0.077261 -0.246063 0.276483,
        -0.078664 -0.246063 0.290119,
        -0.077787 -0.246063 0.289230,
        -0.076785 -0.246063 0.287694,
        -0.076066 -0.246063 0.285672,
        -0.082928 -0.246063 0.292249,
        -0.080613 -0.246063 0.291414,
      ]
    }
    coordIndex [
      140, 73, 70, -1,
      25, 141, 70, -1,
      70, 141, 142, -1,
      70, 142, 140, -1,
      25, 24, 141, -1,
      141, 24, 22, -1,
      141, 22, 143, -1,
      144, 143, 30, -1,
      30, 143, 22, -1,
      144, 30, 145, -1,
      145, 30, 31, -1,
      87, 146, 33, -1,
      33, 146, 145, -1,
      33, 145, 32, -1,
      32, 145, 31, -1,
      146, 87, 147, -1,
      147, 87, 1, -1,
      1, 0, 147, -1,
      147, 0, 51, -1,
      147, 51, 148, -1,
      148, 51, 50, -1,
      148, 50, 149, -1,
      149, 50, 38, -1,
      149, 38, 150, -1,
      150, 38, 37, -1,
      150, 37, 151, -1,
      151, 37, 36, -1,
      151, 36, 152, -1,
      152, 36, 49, -1,
      152, 49, 153, -1,
      153, 49, 48, -1,
      153, 48, 154, -1,
      154, 48, 47, -1,
      154, 47, 155, -1,
      155, 47, 46, -1,
      155, 46, 156, -1,
      156, 46, 66, -1,
      156, 66, 157, -1,
      157, 66, 65, -1,
      157, 65, 158, -1,
      158, 65, 63, -1,
      158, 63, 159, -1,
      159, 63, 61, -1,
      159, 61, 160, -1,
      160, 61, 60, -1,
      160, 60, 161, -1,
      161, 60, 59, -1,
      161, 59, 162, -1,
      162, 59, 58, -1,
      162, 58, 163, -1,
      163, 58, 57, -1,
      163, 57, 164, -1,
      164, 57, 54, -1,
      164, 54, 165, -1,
      165, 54, 69, -1,
      165, 69, 166, -1,
      166, 69, 68, -1,
      166, 68, 167, -1,
      167, 68, 67, -1,
      167, 67, 168, -1,
      168, 67, 56, -1,
      168, 56, 169, -1,
      169, 56, 55, -1,
      169, 55, 170, -1,
      170, 55, 53, -1,
      170, 53, 171, -1,
      171, 53, 52, -1,
      171, 52, 172, -1,
      172, 52, 62, -1,
      172, 62, 173, -1,
      173, 62, 64, -1,
      173, 64, 174, -1,
      174, 64, 35, -1,
      174, 35, 175, -1,
      176, 175, 34, -1,
      34, 175, 35, -1,
      176, 34, 45, -1,
      176, 45, 177, -1,
      177, 45, 44, -1,
      177, 44, 178, -1,
      178, 44, 43, -1,
      178, 43, 179, -1,
      179, 43, 42, -1,
      179, 42, 180, -1,
      180, 42, 41, -1,
      180, 41, 181, -1,
      181, 41, 182, -1,
      182, 41, 40, -1,
      40, 39, 182, -1,
      182, 39, 19, -1,
      182, 19, 183, -1,
      183, 19, 20, -1,
      183, 20, 184, -1,
      184, 20, 29, -1,
      184, 29, 185, -1,
      185, 29, 28, -1,
      185, 28, 186, -1,
      186, 28, 27, -1,
      186, 27, 187, -1,
      187, 27, 26, -1,
      187, 26, 188, -1,
      71, 189, 190, -1,
      188, 26, 21, -1,
      188, 21, 191, -1,
      191, 21, 23, -1,
      191, 23, 190, -1,
      190, 23, 72, -1,
      190, 72, 71, -1,
      189, 71, 75, -1,
      189, 75, 192, -1,
      192, 75, 86, -1,
      192, 86, 193, -1,
      193, 86, 85, -1,
      193, 85, 194, -1,
      194, 85, 84, -1,
      194, 84, 195, -1,
      195, 84, 78, -1,
      195, 78, 196, -1,
      196, 78, 77, -1,
      196, 77, 197, -1,
      197, 77, 83, -1,
      197, 83, 198, -1,
      198, 83, 82, -1,
      198, 82, 199, -1,
      199, 82, 81, -1,
      199, 81, 200, -1,
      200, 81, 80, -1,
      200, 80, 201, -1,
      201, 80, 79, -1,
      201, 79, 202, -1,
      202, 79, 76, -1,
      202, 76, 203, -1,
      203, 76, 74, -1,
      203, 74, 204, -1,
      204, 74, 73, -1,
      204, 73, 140, -1,
      167, 168, 181, -1,
      181, 168, 180, -1,
      180, 168, 169, -1,
      180, 169, 179, -1,
      199, 150, 151, -1,
      192, 159, 189, -1,
      189, 159, 160, -1,
      199, 151, 198, -1,
      198, 151, 152, -1,
      198, 152, 197, -1,
      197, 152, 153, -1,
      197, 153, 196, -1,
      196, 153, 154, -1,
      196, 154, 195, -1,
      195, 154, 155, -1,
      195, 155, 194, -1,
      194, 155, 156, -1,
      194, 156, 193, -1,
      193, 156, 157, -1,
      193, 157, 192, -1,
      192, 157, 158, -1,
      192, 158, 159, -1,
      150, 199, 149, -1,
      149, 199, 200, -1,
      149, 200, 148, -1,
      146, 140, 145, -1,
      145, 140, 142, -1,
      145, 142, 144, -1,
      144, 142, 141, -1,
      144, 141, 143, -1,
      169, 170, 179, -1,
      179, 170, 171, -1,
      179, 171, 178, -1,
      178, 171, 172, -1,
      178, 172, 177, -1,
      177, 172, 173, -1,
      177, 173, 176, -1,
      176, 173, 174, -1,
      176, 174, 175, -1,
      200, 201, 148, -1,
      148, 201, 202, -1,
      148, 202, 147, -1,
      147, 202, 203, -1,
      147, 203, 146, -1,
      146, 203, 204, -1,
      146, 204, 140, -1,
      181, 182, 167, -1,
      167, 182, 183, -1,
      167, 183, 166, -1,
      166, 183, 184, -1,
      166, 184, 165, -1,
      165, 184, 185, -1,
      165, 185, 164, -1,
      164, 185, 186, -1,
      164, 186, 163, -1,
      163, 186, 187, -1,
      163, 187, 162, -1,
      162, 187, 188, -1,
      162, 188, 161, -1,
      161, 188, 191, -1,
      161, 191, 160, -1,
      160, 191, 190, -1,
      160, 190, 189, -1,
      205, 206, 88, -1,
      88, 206, 89, -1,
      207, 205, 96, -1,
      96, 205, 88, -1,
      207, 96, 97, -1,
      207, 97, 208, -1,
      208, 97, 94, -1,
      208, 94, 209, -1,
      210, 209, 93, -1,
      93, 209, 94, -1,
      211, 210, 92, -1,
      92, 210, 93, -1,
      100, 212, 95, -1,
      95, 212, 211, -1,
      95, 211, 92, -1,
      213, 212, 99, -1,
      99, 212, 100, -1,
      101, 214, 98, -1,
      98, 214, 213, -1,
      98, 213, 99, -1,
      103, 215, 102, -1,
      102, 215, 214, -1,
      102, 214, 101, -1,
      103, 113, 215, -1,
      215, 113, 216, -1,
      113, 112, 216, -1,
      216, 112, 111, -1,
      216, 111, 217, -1,
      217, 111, 110, -1,
      217, 110, 218, -1,
      218, 110, 109, -1,
      218, 109, 219, -1,
      219, 109, 108, -1,
      219, 108, 220, -1,
      220, 108, 107, -1,
      220, 107, 221, -1,
      221, 107, 106, -1,
      221, 106, 222, -1,
      222, 106, 105, -1,
      222, 105, 223, -1,
      224, 223, 104, -1,
      104, 223, 105, -1,
      224, 104, 117, -1,
      224, 117, 225, -1,
      225, 117, 116, -1,
      225, 116, 226, -1,
      226, 116, 115, -1,
      226, 115, 227, -1,
      227, 115, 114, -1,
      227, 114, 228, -1,
      114, 122, 228, -1,
      228, 122, 121, -1,
      228, 121, 229, -1,
      229, 121, 120, -1,
      229, 120, 230, -1,
      230, 120, 119, -1,
      230, 119, 231, -1,
      231, 119, 118, -1,
      231, 118, 232, -1,
      89, 206, 91, -1,
      91, 206, 232, -1,
      91, 232, 118, -1,
      208, 209, 232, -1,
      206, 205, 232, -1,
      232, 205, 207, -1,
      232, 207, 208, -1,
      212, 213, 211, -1,
      211, 213, 214, -1,
      211, 214, 210, -1,
      217, 218, 228, -1,
      226, 221, 225, -1,
      225, 221, 222, -1,
      225, 222, 224, -1,
      224, 222, 223, -1,
      209, 210, 232, -1,
      232, 210, 214, -1,
      232, 214, 231, -1,
      228, 218, 227, -1,
      227, 218, 219, -1,
      227, 219, 226, -1,
      226, 219, 220, -1,
      226, 220, 221, -1,
      214, 215, 231, -1,
      231, 215, 216, -1,
      231, 216, 230, -1,
      230, 216, 217, -1,
      230, 217, 229, -1,
      229, 217, 228, -1,
      233, 234, 10, -1,
      10, 234, 5, -1,
      3, 235, 4, -1,
      4, 235, 233, -1,
      4, 233, 10, -1,
      236, 235, 2, -1,
      2, 235, 3, -1,
      9, 237, 11, -1,
      11, 237, 236, -1,
      11, 236, 2, -1,
      238, 237, 8, -1,
      8, 237, 9, -1,
      15, 239, 13, -1,
      13, 239, 238, -1,
      13, 238, 8, -1,
      240, 239, 14, -1,
      14, 239, 15, -1,
      7, 241, 12, -1,
      12, 241, 240, -1,
      12, 240, 14, -1,
      242, 241, 6, -1,
      6, 241, 7, -1,
      18, 243, 90, -1,
      90, 243, 242, -1,
      90, 242, 6, -1,
      244, 243, 17, -1,
      17, 243, 18, -1,
      5, 234, 16, -1,
      16, 234, 244, -1,
      16, 244, 17, -1,
      244, 234, 233, -1,
      233, 235, 244, -1,
      244, 235, 236, -1,
      244, 236, 243, -1,
      241, 242, 240, -1,
      240, 242, 243, -1,
      240, 243, 239, -1,
      239, 243, 236, -1,
      239, 236, 238, -1,
      238, 236, 237, -1,
      245, 246, 247, -1,
      247, 246, 248, -1,
      247, 248, 249, -1,
      249, 248, 250, -1,
      249, 250, 251, -1,
      251, 250, 252, -1,
      251, 252, 253, -1,
      253, 252, 254, -1,
      253, 254, 255, -1,
      255, 254, 256, -1,
      255, 256, 257, -1,
      257, 256, 258, -1,
      257, 258, 259, -1,
      259, 258, 260, -1,
      259, 260, 261, -1,
      261, 260, 262, -1,
      261, 262, 263, -1,
      263, 262, 264, -1,
      263, 264, 265, -1,
      265, 264, 266, -1,
      265, 266, 267, -1,
      267, 266, 268, -1,
      267, 268, 269, -1,
      269, 268, 270, -1,
      269, 270, 271, -1,
      271, 270, 272, -1,
      271, 272, 273, -1,
      273, 272, 274, -1,
      273, 274, 275, -1,
      275, 274, 276, -1,
      275, 276, 277, -1,
      277, 276, 278, -1,
      277, 278, 279, -1,
      279, 278, 245, -1,
      279, 245, 247, -1,
      253, 255, 125, -1,
      125, 255, 123, -1,
      253, 125, 129, -1,
      253, 129, 251, -1,
      251, 129, 128, -1,
      251, 128, 249, -1,
      249, 128, 127, -1,
      249, 127, 247, -1,
      247, 127, 126, -1,
      247, 126, 279, -1,
      279, 126, 139, -1,
      279, 139, 277, -1,
      277, 139, 138, -1,
      277, 138, 275, -1,
      275, 138, 137, -1,
      275, 137, 273, -1,
      273, 137, 133, -1,
      273, 133, 271, -1,
      271, 133, 132, -1,
      271, 132, 269, -1,
      269, 132, 131, -1,
      269, 131, 267, -1,
      267, 131, 130, -1,
      267, 130, 265, -1,
      265, 130, 136, -1,
      265, 136, 263, -1,
      263, 136, 135, -1,
      263, 135, 261, -1,
      261, 135, 134, -1,
      261, 134, 259, -1,
      257, 259, 124, -1,
      124, 259, 134, -1,
      255, 257, 123, -1,
      123, 257, 124, -1,
      260, 258, 280, -1,
      280, 258, 281, -1,
      258, 256, 281, -1,
      281, 256, 282, -1,
      256, 254, 282, -1,
      282, 254, 283, -1,
      246, 284, 285, -1,
      246, 285, 248, -1,
      248, 285, 286, -1,
      248, 286, 250, -1,
      250, 286, 287, -1,
      250, 287, 252, -1,
      252, 287, 283, -1,
      252, 283, 254, -1,
      274, 288, 289, -1,
      274, 289, 276, -1,
      276, 289, 290, -1,
      276, 290, 278, -1,
      278, 290, 291, -1,
      278, 291, 245, -1,
      245, 291, 284, -1,
      245, 284, 246, -1,
      266, 292, 293, -1,
      266, 293, 268, -1,
      268, 293, 294, -1,
      268, 294, 270, -1,
      270, 294, 295, -1,
      270, 295, 272, -1,
      272, 295, 288, -1,
      272, 288, 274, -1,
      260, 280, 296, -1,
      260, 296, 262, -1,
      262, 296, 297, -1,
      262, 297, 264, -1,
      264, 297, 292, -1,
      264, 292, 266, -1,
    ]
  }
}

Shape {
  appearance Appearance {
    material Material {
      diffuseColor 0.0000 0.0000 1.0000
      specularColor 0.0000 0.0000 0.5020
      ambientIntensity 0.2
      transparency 0.0000
      shininess 0.5
    }
  }
  geometry IndexedFaceSet {
    ccw TRUE
    solid FALSE
    coord DEF co Coordinate {
      point [
        -0.086367 -0.246063 0.292629,
        -0.090399 -0.246063 0.292629,
        -0.090399 -0.246063 0.272052,
        -0.086524 -0.246063 0.272052,
        -0.078589 -0.246063 0.274836,
        -0.079082 -0.246063 0.274389,
        -0.080850 -0.246063 0.273231,
        -0.083133 -0.246063 0.272417,
        -0.075737 -0.246063 0.282600,
        -0.075825 -0.246063 0.280911,
        -0.076343 -0.246063 0.278466,
        -0.077261 -0.246063 0.276483,
        -0.078664 -0.246063 0.290119,
        -0.077787 -0.246063 0.289230,
        -0.076785 -0.246063 0.287694,
        -0.076066 -0.246063 0.285672,
        -0.082928 -0.246063 0.292249,
        -0.080613 -0.246063 0.291414,
      ]
    }
    coordIndex [
      1, 2, 0, -1,
      0, 2, 3, -1,
      0, 3, 7, -1,
      7, 6, 0, -1,
      0, 6, 5, -1,
      0, 5, 4, -1,
      4, 11, 0, -1,
      0, 11, 10, -1,
      0, 10, 9, -1,
      9, 8, 0, -1,
      0, 8, 15, -1,
      0, 15, 14, -1,
      14, 13, 0, -1,
      0, 13, 12, -1,
      0, 12, 16, -1,
      16, 12, 17, -1,
    ]
  }
}

Shape {
  appearance Appearance {
    material Material {
      diffuseColor 0.0000 0.0000 0.0000
      specularColor 0.0000 0.0000 0.0000
      ambientIntensity 0.2
      transparency 0.0000
      shininess 0.5
    }
  }
  geometry IndexedFaceSet {
    ccw TRUE
    solid FALSE
    coord DEF co Coordinate {
      point [
        -0.060468 -0.246063 0.295699,
        -0.056784 -0.246063 0.295699,
        -0.066827 -0.246063 0.269009,
        -0.070634 -0.246063 0.269009,
        -0.046619 -0.246063 0.269009,
        -0.050426 -0.246063 0.269009,
        -0.053148 -0.246063 0.276309,
        -0.064262 -0.246063 0.276309,
        -0.063170 -0.246457 0.279325,
        -0.064262 -0.246457 0.276309,
        -0.054212 -0.246457 0.279325,
        -0.053148 -0.246457 0.276309,
        -0.059179 -0.246457 0.290419,
        -0.060468 -0.246457 0.295699,
        -0.070634 -0.246457 0.269009,
        -0.066827 -0.246457 0.269009,
        -0.058948 -0.246457 0.291215,
        -0.058742 -0.246457 0.292288,
        -0.056784 -0.246457 0.295699,
        -0.058660 -0.246457 0.292288,
        -0.058444 -0.246457 0.291159,
        -0.058244 -0.246457 0.290419,
        -0.046619 -0.246457 0.269009,
        -0.050426 -0.246457 0.269009,
        -0.063170 -0.246063 0.279325,
        -0.054212 -0.246063 0.279325,
        -0.058244 -0.246063 0.290419,
        -0.058660 -0.246063 0.292288,
        -0.058444 -0.246063 0.291159,
        -0.058742 -0.246063 0.292288,
        -0.059179 -0.246063 0.290419,
        -0.058948 -0.246063 0.291215,
      ]
    }
    coordIndex [
      8, 9, 10, -1,
      10, 9, 11, -1,
      12, 13, 8, -1,
      8, 13, 14, -1,
      8, 14, 9, -1,
      9, 14, 15, -1,
      12, 16, 13, -1,
      13, 16, 17, -1,
      13, 17, 18, -1,
      18, 17, 19, -1,
      18, 19, 20, -1,
      20, 21, 18, -1,
      18, 21, 10, -1,
      18, 10, 22, -1,
      22, 10, 11, -1,
      22, 11, 23, -1,
      18, 22, 1, -1,
      1, 22, 4, -1,
      13, 18, 0, -1,
      0, 18, 1, -1,
      14, 13, 3, -1,
      3, 13, 0, -1,
      15, 14, 2, -1,
      2, 14, 3, -1,
      9, 15, 7, -1,
      7, 15, 2, -1,
      11, 9, 6, -1,
      6, 9, 7, -1,
      23, 11, 5, -1,
      5, 11, 6, -1,
      22, 23, 4, -1,
      4, 23, 5, -1,
      8, 10, 24, -1,
      24, 10, 25, -1,
      10, 21, 25, -1,
      25, 21, 26, -1,
      19, 27, 28, -1,
      19, 28, 20, -1,
      20, 28, 26, -1,
      20, 26, 21, -1,
      19, 17, 27, -1,
      27, 17, 29, -1,
      12, 30, 31, -1,
      12, 31, 16, -1,
      16, 31, 29, -1,
      16, 29, 17, -1,
      12, 8, 30, -1,
      30, 8, 24, -1,
    ]
  }
}

Shape {
  appearance Appearance {
    material Material {
      diffuseColor 0.0000 0.0000 1.0000
      specularColor 0.0000 0.0000 0.5020
      ambientIntensity 0.2
      transparency 0.0000
      shininess 0.5
    }
  }
  geometry IndexedFaceSet {
    ccw TRUE
    solid FALSE
    coord DEF co Coordinate {
      point [
        -0.063170 -0.246063 0.279325,
        -0.054212 -0.246063 0.279325,
        -0.058244 -0.246063 0.290419,
        -0.058660 -0.246063 0.292288,
        -0.058444 -0.246063 0.291159,
        -0.058742 -0.246063 0.292288,
        -0.059179 -0.246063 0.290419,
        -0.058948 -0.246063 0.291215,
      ]
    }
    coordIndex [
      3, 5, 4, -1,
      4, 5, 7, -1,
      4, 7, 2, -1,
      2, 7, 6, -1,
      2, 6, 1, -1,
      1, 6, 0, -1,
    ]
  }
}

Shape {
  appearance Appearance {
    material Material {
      diffuseColor 0.0000 0.0000 0.0000
      specularColor 0.0000 0.0000 0.0000
      ambientIntensity 0.2
      transparency 0.0000
      shininess 0.5
    }
  }
  geometry IndexedFaceSet {
    ccw TRUE
    solid FALSE
    coord DEF co Coordinate {
      point [
        -0.220568 -0.246063 0.316786,
        -0.215565 -0.246063 0.312303,
        -0.242409 -0.246063 0.338265,
        -0.238048 -0.246063 0.335333,
        -0.231823 -0.246063 0.328149,
        -0.227801 -0.246063 0.320343,
        -0.226146 -0.246063 0.319759,
        -0.256034 -0.246063 0.344380,
        -0.246511 -0.246063 0.341024,
        -0.282013 -0.246063 0.340661,
        -0.273264 -0.246063 0.344040,
        -0.263856 -0.246063 0.345201,
        -0.285878 -0.246063 0.338265,
        -0.286628 -0.246063 0.337800,
        -0.327388 -0.246063 0.311125,
        -0.325752 -0.246063 0.314831,
        -0.321164 -0.246063 0.320722,
        -0.306846 -0.246063 0.328900,
        -0.299342 -0.246063 0.329830,
        -0.291087 -0.246063 0.333981,
        -0.297159 -0.246063 0.329712,
        -0.294977 -0.246063 0.329451,
        -0.319906 -0.246063 0.321915,
        -0.313874 -0.246063 0.326163,
        -0.306932 -0.246063 0.269296,
        -0.309362 -0.246063 0.270025,
        -0.316216 -0.246063 0.273372,
        -0.322113 -0.246063 0.278405,
        -0.326419 -0.246063 0.284540,
        -0.329151 -0.246063 0.291602,
        -0.330083 -0.246063 0.299089,
        -0.330032 -0.246063 0.300860,
        -0.329600 -0.246063 0.303300,
        -0.328770 -0.246063 0.307993,
        -0.298509 -0.246063 0.258952,
        -0.302219 -0.246063 0.261753,
        -0.305037 -0.246063 0.265238,
        -0.306693 -0.246063 0.268784,
        -0.294132 -0.246063 0.257109,
        -0.296750 -0.246063 0.258212,
        -0.281046 -0.246063 0.258212,
        -0.284324 -0.246063 0.256955,
        -0.288905 -0.246063 0.256393,
        -0.289653 -0.246063 0.256407,
        -0.271118 -0.246063 0.268784,
        -0.271126 -0.246063 0.268752,
        -0.273362 -0.246063 0.264516,
        -0.276310 -0.246063 0.261205,
        -0.280091 -0.246063 0.258578,
        -0.274672 -0.246063 0.288083,
        -0.249244 -0.246063 0.301366,
        -0.277978 -0.246063 0.291095,
        -0.282003 -0.246063 0.293256,
        -0.245062 -0.246063 0.268981,
        -0.246337 -0.246063 0.269351,
        -0.247648 -0.246063 0.270116,
        -0.248612 -0.246063 0.271042,
        -0.220869 -0.246063 0.296919,
        -0.221750 -0.246063 0.300566,
        -0.223215 -0.246063 0.303300,
        -0.317657 -0.246063 0.303300,
        -0.247906 -0.246063 0.279287,
        -0.246717 -0.246063 0.280071,
        -0.243362 -0.246063 0.291309,
        -0.245400 -0.246063 0.280540,
        -0.212681 -0.246063 0.281977,
        -0.216036 -0.246063 0.277456,
        -0.216869 -0.246063 0.276592,
        -0.221908 -0.246063 0.272640,
        -0.316559 -0.246063 0.291941,
        -0.314271 -0.246063 0.288041,
        -0.304635 -0.246063 0.286105,
        -0.310866 -0.246063 0.284548,
        -0.306743 -0.246063 0.282011,
        -0.297612 -0.246063 0.292381,
        -0.301494 -0.246063 0.289689,
        -0.318128 -0.246063 0.299469,
        -0.317908 -0.246063 0.296591,
        -0.209702 -0.246063 0.300959,
        -0.209015 -0.246063 0.295483,
        -0.209051 -0.246063 0.294089,
        -0.210115 -0.246063 0.287887,
        -0.227766 -0.246063 0.269998,
        -0.233304 -0.246063 0.268917,
        -0.244500 -0.246063 0.268917,
        -0.293419 -0.246063 0.293980,
        -0.288905 -0.246063 0.294535,
        -0.286582 -0.246063 0.294396,
        -0.250004 -0.246063 0.274800,
        -0.249969 -0.246063 0.275437,
        -0.269928 -0.246063 0.277267,
        -0.249615 -0.246063 0.276888,
        -0.248907 -0.246063 0.278202,
        -0.244121 -0.246063 0.280682,
        -0.243936 -0.246063 0.280669,
        -0.243367 -0.246063 0.280543,
        -0.249400 -0.246063 0.272249,
        -0.249862 -0.246063 0.273544,
        -0.270027 -0.246063 0.273439,
        -0.269928 -0.246063 0.275369,
        -0.224625 -0.246063 0.285264,
        -0.222539 -0.246063 0.288225,
        -0.221233 -0.246063 0.291608,
        -0.220780 -0.246063 0.295294,
        -0.242982 -0.246063 0.280493,
        -0.234443 -0.246063 0.280493,
        -0.231066 -0.246063 0.281136,
        -0.227714 -0.246063 0.282680,
        -0.224904 -0.246063 0.284966,
        -0.237270 -0.246063 0.311125,
        -0.313968 -0.246063 0.311125,
        -0.237100 -0.246063 0.310095,
        -0.315943 -0.246063 0.308282,
        -0.317565 -0.246063 0.304049,
        -0.235581 -0.246063 0.310095,
        -0.223507 -0.246063 0.303845,
        -0.225726 -0.246063 0.306327,
        -0.228671 -0.246063 0.308380,
        -0.231984 -0.246063 0.309653,
        -0.290507 -0.246063 0.316368,
        -0.289094 -0.246063 0.315598,
        -0.286693 -0.246063 0.320800,
        -0.246631 -0.246063 0.327631,
        -0.237537 -0.246063 0.312733,
        -0.243593 -0.246063 0.324674,
        -0.239824 -0.246063 0.319123,
        -0.263666 -0.246063 0.333815,
        -0.265019 -0.246063 0.333783,
        -0.271316 -0.246063 0.332731,
        -0.294765 -0.246063 0.317909,
        -0.299152 -0.246063 0.318445,
        -0.301082 -0.246063 0.318346,
        -0.252061 -0.246063 0.331141,
        -0.258075 -0.246063 0.333221,
        -0.277448 -0.246063 0.330057,
        -0.282628 -0.246063 0.326021,
        -0.305769 -0.246063 0.317248,
        -0.310005 -0.246063 0.315012,
        -0.313316 -0.246063 0.312063,
        -0.214769 -0.246063 0.311125,
        -0.211846 -0.246063 0.306798,
        -0.210561 -0.246063 0.303300,
        -0.305037 -0.246457 0.265238,
        -0.302219 -0.246457 0.261753,
        -0.306743 -0.246457 0.282011,
        -0.310005 -0.246457 0.315012,
        -0.305769 -0.246457 0.317248,
        -0.306846 -0.246457 0.328900,
        -0.273362 -0.246457 0.264516,
        -0.271126 -0.246457 0.268752,
        -0.270027 -0.246457 0.273439,
        -0.299342 -0.246457 0.329830,
        -0.243362 -0.246457 0.291309,
        -0.249244 -0.246457 0.301366,
        -0.269928 -0.246457 0.277267,
        -0.274672 -0.246457 0.288083,
        -0.269928 -0.246457 0.275369,
        -0.280091 -0.246457 0.258578,
        -0.276310 -0.246457 0.261205,
        -0.294072 -0.246457 0.269709,
        -0.292570 -0.246457 0.268650,
        -0.298509 -0.246457 0.258952,
        -0.290822 -0.246457 0.267984,
        -0.282291 -0.246457 0.278100,
        -0.281789 -0.246457 0.276374,
        -0.281722 -0.246457 0.274536,
        -0.282124 -0.246457 0.272702,
        -0.282964 -0.246457 0.271042,
        -0.294977 -0.246457 0.329451,
        -0.289094 -0.246457 0.315598,
        -0.286693 -0.246457 0.320800,
        -0.310866 -0.246457 0.284548,
        -0.309362 -0.246457 0.270025,
        -0.306932 -0.246457 0.269296,
        -0.291087 -0.246457 0.333981,
        -0.282628 -0.246457 0.326021,
        -0.286628 -0.246457 0.337800,
        -0.277448 -0.246457 0.330057,
        -0.282013 -0.246457 0.340661,
        -0.301082 -0.246457 0.318346,
        -0.299152 -0.246457 0.318445,
        -0.297159 -0.246457 0.329712,
        -0.294765 -0.246457 0.317909,
        -0.290507 -0.246457 0.316368,
        -0.296458 -0.246457 0.274433,
        -0.296061 -0.246457 0.272672,
        -0.295269 -0.246457 0.271098,
        -0.294132 -0.246457 0.257109,
        -0.289653 -0.246457 0.256407,
        -0.289094 -0.246457 0.267778,
        -0.288905 -0.246457 0.256393,
        -0.287274 -0.246457 0.268003,
        -0.284324 -0.246457 0.256955,
        -0.285622 -0.246457 0.268641,
        -0.284171 -0.246457 0.269657,
        -0.237100 -0.246457 0.310095,
        -0.235581 -0.246457 0.310095,
        -0.227801 -0.246457 0.320343,
        -0.231984 -0.246457 0.309653,
        -0.226146 -0.246457 0.319759,
        -0.228671 -0.246457 0.308380,
        -0.220568 -0.246457 0.316786,
        -0.225726 -0.246457 0.306327,
        -0.215565 -0.246457 0.312303,
        -0.223507 -0.246457 0.303845,
        -0.211846 -0.246457 0.306798,
        -0.221750 -0.246457 0.300566,
        -0.209702 -0.246457 0.300959,
        -0.220869 -0.246457 0.296919,
        -0.209015 -0.246457 0.295483,
        -0.220780 -0.246457 0.295294,
        -0.209051 -0.246457 0.294089,
        -0.221233 -0.246457 0.291608,
        -0.245062 -0.246457 0.268981,
        -0.244500 -0.246457 0.268917,
        -0.242982 -0.246457 0.280493,
        -0.273264 -0.246457 0.344040,
        -0.271316 -0.246457 0.332731,
        -0.263856 -0.246457 0.345201,
        -0.317565 -0.246457 0.304049,
        -0.330032 -0.246457 0.300860,
        -0.318128 -0.246457 0.299469,
        -0.330083 -0.246457 0.299089,
        -0.317908 -0.246457 0.296591,
        -0.329151 -0.246457 0.291602,
        -0.316559 -0.246457 0.291941,
        -0.326419 -0.246457 0.284540,
        -0.314271 -0.246457 0.288041,
        -0.322113 -0.246457 0.278405,
        -0.316216 -0.246457 0.273372,
        -0.234443 -0.246457 0.280493,
        -0.233304 -0.246457 0.268917,
        -0.231066 -0.246457 0.281136,
        -0.227766 -0.246457 0.269998,
        -0.227714 -0.246457 0.282680,
        -0.221908 -0.246457 0.272640,
        -0.224904 -0.246457 0.284966,
        -0.216869 -0.246457 0.276592,
        -0.224625 -0.246457 0.285264,
        -0.216036 -0.246457 0.277456,
        -0.222539 -0.246457 0.288225,
        -0.212681 -0.246457 0.281977,
        -0.210115 -0.246457 0.287887,
        -0.238048 -0.246457 0.335333,
        -0.243593 -0.246457 0.324674,
        -0.231823 -0.246457 0.328149,
        -0.239824 -0.246457 0.319123,
        -0.237537 -0.246457 0.312733,
        -0.313874 -0.246457 0.326163,
        -0.319906 -0.246457 0.321915,
        -0.313316 -0.246457 0.312063,
        -0.321164 -0.246457 0.320722,
        -0.315943 -0.246457 0.308282,
        -0.325752 -0.246457 0.314831,
        -0.328770 -0.246457 0.307993,
        -0.296414 -0.246457 0.276284,
        -0.295904 -0.246457 0.278086,
        -0.304635 -0.246457 0.286105,
        -0.294963 -0.246457 0.279686,
        -0.301494 -0.246457 0.289689,
        -0.294043 -0.246457 0.280676,
        -0.297612 -0.246457 0.292381,
        -0.292552 -0.246457 0.281718,
        -0.293419 -0.246457 0.293980,
        -0.290890 -0.246457 0.282357,
        -0.288905 -0.246457 0.294535,
        -0.289094 -0.246457 0.282580,
        -0.286582 -0.246457 0.294396,
        -0.287815 -0.246457 0.282468,
        -0.282003 -0.246457 0.293256,
        -0.286026 -0.246457 0.281909,
        -0.277978 -0.246457 0.291095,
        -0.284454 -0.246457 0.280937,
        -0.283179 -0.246457 0.279624,
        -0.265019 -0.246457 0.333783,
        -0.263666 -0.246457 0.333815,
        -0.256034 -0.246457 0.344380,
        -0.258075 -0.246457 0.333221,
        -0.246511 -0.246457 0.341024,
        -0.252061 -0.246457 0.331141,
        -0.246631 -0.246457 0.327631,
        -0.249862 -0.246457 0.273544,
        -0.249400 -0.246457 0.272249,
        -0.243936 -0.246457 0.280669,
        -0.248612 -0.246457 0.271042,
        -0.247648 -0.246457 0.270116,
        -0.243367 -0.246457 0.280543,
        -0.246337 -0.246457 0.269351,
        -0.250004 -0.246457 0.274800,
        -0.244121 -0.246457 0.280682,
        -0.249969 -0.246457 0.275437,
        -0.245400 -0.246457 0.280540,
        -0.246717 -0.246457 0.280071,
        -0.247906 -0.246457 0.279287,
        -0.248907 -0.246457 0.278202,
        -0.249615 -0.246457 0.276888,
        -0.289094 -0.246063 0.282580,
        -0.287815 -0.246063 0.282468,
        -0.286026 -0.246063 0.281909,
        -0.284454 -0.246063 0.280937,
        -0.283179 -0.246063 0.279624,
        -0.282291 -0.246063 0.278100,
        -0.281789 -0.246063 0.276374,
        -0.281722 -0.246063 0.274536,
        -0.282124 -0.246063 0.272702,
        -0.282964 -0.246063 0.271042,
        -0.284171 -0.246063 0.269657,
        -0.285622 -0.246063 0.268641,
        -0.287274 -0.246063 0.268003,
        -0.289094 -0.246063 0.267778,
        -0.290822 -0.246063 0.267984,
        -0.292570 -0.246063 0.268650,
        -0.294072 -0.246063 0.269709,
        -0.295269 -0.246063 0.271098,
        -0.296061 -0.246063 0.272672,
        -0.296458 -0.246063 0.274433,
        -0.296414 -0.246063 0.276284,
        -0.295904 -0.246063 0.278086,
        -0.294963 -0.246063 0.279686,
        -0.294043 -0.246063 0.280676,
        -0.292552 -0.246063 0.281718,
        -0.290890 -0.246063 0.282357,
      ]
    }
    coordIndex [
      142, 143, 144, -1,
      145, 146, 147, -1,
      148, 149, 150, -1,
      147, 146, 151, -1,
      152, 153, 154, -1,
      154, 153, 155, -1,
      154, 155, 156, -1,
      156, 155, 157, -1,
      156, 157, 150, -1,
      150, 157, 158, -1,
      150, 158, 148, -1,
      159, 143, 160, -1,
      160, 143, 161, -1,
      160, 161, 162, -1,
      163, 164, 155, -1,
      155, 164, 165, -1,
      155, 165, 157, -1,
      157, 165, 166, -1,
      157, 166, 167, -1,
      168, 169, 170, -1,
      171, 172, 144, -1,
      144, 172, 173, -1,
      144, 173, 142, -1,
      168, 170, 174, -1,
      174, 170, 175, -1,
      174, 175, 176, -1,
      176, 175, 177, -1,
      176, 177, 178, -1,
      146, 179, 151, -1,
      151, 179, 180, -1,
      151, 180, 181, -1,
      181, 180, 182, -1,
      181, 182, 168, -1,
      168, 182, 183, -1,
      168, 183, 169, -1,
      184, 144, 185, -1,
      185, 144, 143, -1,
      185, 143, 186, -1,
      186, 143, 159, -1,
      161, 187, 162, -1,
      162, 187, 188, -1,
      162, 188, 189, -1,
      189, 188, 190, -1,
      189, 190, 191, -1,
      191, 190, 192, -1,
      191, 192, 193, -1,
      193, 192, 157, -1,
      193, 157, 194, -1,
      194, 157, 167, -1,
      195, 196, 197, -1,
      197, 196, 198, -1,
      197, 198, 199, -1,
      199, 198, 200, -1,
      199, 200, 201, -1,
      201, 200, 202, -1,
      201, 202, 203, -1,
      203, 202, 204, -1,
      203, 204, 205, -1,
      205, 204, 206, -1,
      205, 206, 207, -1,
      207, 206, 208, -1,
      207, 208, 209, -1,
      209, 208, 210, -1,
      209, 210, 211, -1,
      211, 210, 212, -1,
      213, 214, 215, -1,
      178, 177, 216, -1,
      216, 177, 217, -1,
      216, 217, 218, -1,
      219, 220, 221, -1,
      221, 220, 222, -1,
      221, 222, 223, -1,
      223, 222, 224, -1,
      223, 224, 225, -1,
      225, 224, 226, -1,
      225, 226, 227, -1,
      227, 226, 228, -1,
      227, 228, 171, -1,
      171, 228, 229, -1,
      171, 229, 172, -1,
      215, 214, 230, -1,
      230, 214, 231, -1,
      230, 231, 232, -1,
      232, 231, 233, -1,
      232, 233, 234, -1,
      234, 233, 235, -1,
      234, 235, 236, -1,
      236, 235, 237, -1,
      236, 237, 238, -1,
      238, 237, 239, -1,
      238, 239, 240, -1,
      240, 239, 241, -1,
      240, 241, 212, -1,
      212, 241, 242, -1,
      212, 242, 211, -1,
      243, 244, 245, -1,
      245, 244, 246, -1,
      245, 246, 197, -1,
      197, 246, 247, -1,
      197, 247, 195, -1,
      147, 248, 145, -1,
      145, 248, 249, -1,
      145, 249, 250, -1,
      250, 249, 251, -1,
      250, 251, 252, -1,
      252, 251, 253, -1,
      252, 253, 219, -1,
      219, 253, 254, -1,
      219, 254, 220, -1,
      184, 255, 144, -1,
      144, 255, 256, -1,
      144, 256, 257, -1,
      257, 256, 258, -1,
      257, 258, 259, -1,
      259, 258, 260, -1,
      259, 260, 261, -1,
      261, 260, 262, -1,
      261, 262, 263, -1,
      263, 262, 264, -1,
      263, 264, 265, -1,
      265, 264, 266, -1,
      265, 266, 267, -1,
      267, 266, 268, -1,
      267, 268, 269, -1,
      269, 268, 270, -1,
      269, 270, 271, -1,
      271, 270, 272, -1,
      271, 272, 155, -1,
      155, 272, 273, -1,
      155, 273, 163, -1,
      217, 274, 218, -1,
      218, 274, 275, -1,
      218, 275, 276, -1,
      276, 275, 277, -1,
      276, 277, 278, -1,
      278, 277, 279, -1,
      278, 279, 243, -1,
      243, 279, 280, -1,
      243, 280, 244, -1,
      281, 282, 283, -1,
      283, 282, 284, -1,
      283, 284, 285, -1,
      215, 286, 213, -1,
      213, 286, 283, -1,
      213, 283, 287, -1,
      287, 283, 285, -1,
      281, 283, 288, -1,
      288, 283, 289, -1,
      288, 289, 290, -1,
      290, 289, 291, -1,
      290, 291, 292, -1,
      292, 293, 290, -1,
      290, 293, 294, -1,
      290, 294, 295, -1,
      209, 79, 78, -1,
      139, 203, 205, -1,
      209, 78, 207, -1,
      207, 78, 141, -1,
      207, 141, 205, -1,
      205, 141, 140, -1,
      205, 140, 139, -1,
      139, 1, 203, -1,
      203, 1, 0, -1,
      203, 0, 201, -1,
      201, 0, 6, -1,
      201, 6, 199, -1,
      199, 6, 5, -1,
      199, 5, 197, -1,
      197, 5, 4, -1,
      197, 4, 245, -1,
      245, 4, 3, -1,
      245, 3, 243, -1,
      278, 243, 2, -1,
      2, 243, 3, -1,
      2, 8, 278, -1,
      278, 8, 7, -1,
      278, 7, 276, -1,
      276, 7, 11, -1,
      276, 11, 218, -1,
      218, 11, 10, -1,
      218, 10, 216, -1,
      216, 10, 9, -1,
      216, 9, 178, -1,
      178, 9, 176, -1,
      176, 9, 12, -1,
      176, 12, 13, -1,
      176, 13, 19, -1,
      176, 19, 174, -1,
      174, 19, 21, -1,
      174, 21, 168, -1,
      168, 21, 20, -1,
      168, 20, 181, -1,
      181, 20, 18, -1,
      181, 18, 151, -1,
      151, 18, 17, -1,
      151, 17, 147, -1,
      147, 17, 23, -1,
      147, 23, 248, -1,
      248, 23, 22, -1,
      248, 22, 249, -1,
      249, 22, 16, -1,
      249, 16, 251, -1,
      30, 222, 220, -1,
      251, 16, 15, -1,
      251, 15, 253, -1,
      253, 15, 14, -1,
      253, 14, 254, -1,
      14, 33, 254, -1,
      254, 33, 32, -1,
      254, 32, 220, -1,
      220, 32, 31, -1,
      220, 31, 30, -1,
      222, 30, 29, -1,
      222, 29, 224, -1,
      224, 29, 28, -1,
      224, 28, 226, -1,
      226, 28, 27, -1,
      226, 27, 228, -1,
      228, 27, 26, -1,
      228, 26, 229, -1,
      229, 26, 25, -1,
      229, 25, 172, -1,
      172, 25, 24, -1,
      172, 24, 173, -1,
      173, 24, 37, -1,
      173, 37, 142, -1,
      37, 36, 142, -1,
      142, 36, 35, -1,
      142, 35, 143, -1,
      143, 35, 34, -1,
      143, 34, 161, -1,
      161, 34, 39, -1,
      161, 39, 187, -1,
      39, 38, 187, -1,
      187, 38, 43, -1,
      187, 43, 188, -1,
      188, 43, 42, -1,
      188, 42, 190, -1,
      99, 156, 150, -1,
      190, 42, 41, -1,
      40, 157, 41, -1,
      41, 157, 192, -1,
      41, 192, 190, -1,
      40, 48, 157, -1,
      157, 48, 47, -1,
      157, 47, 158, -1,
      158, 47, 46, -1,
      158, 46, 148, -1,
      148, 46, 45, -1,
      148, 45, 149, -1,
      149, 45, 44, -1,
      149, 44, 150, -1,
      150, 44, 98, -1,
      150, 98, 99, -1,
      154, 156, 90, -1,
      90, 156, 99, -1,
      152, 154, 63, -1,
      63, 154, 90, -1,
      153, 152, 50, -1,
      50, 152, 63, -1,
      155, 153, 49, -1,
      49, 153, 50, -1,
      155, 49, 51, -1,
      155, 51, 271, -1,
      271, 51, 52, -1,
      271, 52, 269, -1,
      269, 52, 87, -1,
      269, 87, 267, -1,
      267, 87, 86, -1,
      267, 86, 265, -1,
      265, 86, 85, -1,
      265, 85, 263, -1,
      263, 85, 74, -1,
      263, 74, 261, -1,
      261, 74, 75, -1,
      261, 75, 259, -1,
      259, 75, 71, -1,
      259, 71, 257, -1,
      257, 71, 73, -1,
      257, 73, 144, -1,
      144, 73, 72, -1,
      144, 72, 171, -1,
      171, 72, 70, -1,
      171, 70, 227, -1,
      227, 70, 69, -1,
      227, 69, 225, -1,
      225, 69, 77, -1,
      225, 77, 223, -1,
      223, 77, 76, -1,
      223, 76, 221, -1,
      219, 221, 76, -1,
      76, 60, 219, -1,
      219, 60, 113, -1,
      219, 113, 112, -1,
      110, 250, 112, -1,
      112, 250, 252, -1,
      112, 252, 219, -1,
      110, 138, 250, -1,
      250, 138, 137, -1,
      250, 137, 145, -1,
      145, 137, 136, -1,
      145, 136, 146, -1,
      146, 136, 131, -1,
      146, 131, 179, -1,
      179, 131, 130, -1,
      179, 130, 180, -1,
      180, 130, 129, -1,
      180, 129, 182, -1,
      182, 129, 119, -1,
      182, 119, 183, -1,
      183, 119, 120, -1,
      183, 120, 169, -1,
      169, 120, 121, -1,
      169, 121, 170, -1,
      170, 121, 135, -1,
      170, 135, 175, -1,
      175, 135, 134, -1,
      175, 134, 177, -1,
      177, 134, 128, -1,
      177, 128, 217, -1,
      217, 128, 127, -1,
      217, 127, 274, -1,
      274, 127, 126, -1,
      274, 126, 275, -1,
      275, 126, 133, -1,
      275, 133, 277, -1,
      277, 133, 132, -1,
      277, 132, 279, -1,
      279, 132, 122, -1,
      279, 122, 280, -1,
      280, 122, 124, -1,
      280, 124, 244, -1,
      244, 124, 125, -1,
      244, 125, 246, -1,
      246, 125, 123, -1,
      246, 123, 247, -1,
      247, 123, 195, -1,
      195, 123, 109, -1,
      195, 109, 111, -1,
      196, 195, 114, -1,
      114, 195, 111, -1,
      196, 114, 118, -1,
      196, 118, 198, -1,
      198, 118, 117, -1,
      198, 117, 200, -1,
      200, 117, 116, -1,
      200, 116, 202, -1,
      202, 116, 115, -1,
      202, 115, 204, -1,
      204, 115, 59, -1,
      204, 59, 206, -1,
      59, 58, 206, -1,
      206, 58, 57, -1,
      206, 57, 208, -1,
      208, 57, 103, -1,
      208, 103, 210, -1,
      210, 103, 102, -1,
      210, 102, 212, -1,
      212, 102, 101, -1,
      212, 101, 240, -1,
      240, 101, 100, -1,
      240, 100, 238, -1,
      238, 100, 108, -1,
      238, 108, 236, -1,
      236, 108, 107, -1,
      236, 107, 234, -1,
      234, 107, 106, -1,
      234, 106, 232, -1,
      232, 106, 105, -1,
      232, 105, 230, -1,
      215, 230, 104, -1,
      104, 230, 105, -1,
      215, 104, 95, -1,
      215, 95, 286, -1,
      286, 95, 94, -1,
      286, 94, 283, -1,
      283, 94, 93, -1,
      283, 93, 289, -1,
      289, 93, 64, -1,
      289, 64, 291, -1,
      291, 64, 62, -1,
      291, 62, 292, -1,
      292, 62, 61, -1,
      292, 61, 293, -1,
      293, 61, 92, -1,
      293, 92, 294, -1,
      294, 92, 91, -1,
      294, 91, 295, -1,
      295, 91, 89, -1,
      295, 89, 290, -1,
      290, 89, 88, -1,
      290, 88, 288, -1,
      288, 88, 97, -1,
      288, 97, 281, -1,
      281, 97, 96, -1,
      281, 96, 282, -1,
      282, 96, 56, -1,
      282, 56, 284, -1,
      284, 56, 55, -1,
      284, 55, 285, -1,
      285, 55, 54, -1,
      285, 54, 287, -1,
      287, 54, 53, -1,
      287, 53, 213, -1,
      213, 53, 84, -1,
      213, 84, 214, -1,
      231, 214, 83, -1,
      83, 214, 84, -1,
      231, 83, 82, -1,
      231, 82, 233, -1,
      233, 82, 68, -1,
      233, 68, 235, -1,
      235, 68, 67, -1,
      235, 67, 237, -1,
      237, 67, 66, -1,
      237, 66, 239, -1,
      239, 66, 65, -1,
      239, 65, 241, -1,
      241, 65, 81, -1,
      241, 81, 242, -1,
      242, 81, 80, -1,
      242, 80, 211, -1,
      211, 80, 79, -1,
      211, 79, 209, -1,
      266, 296, 297, -1,
      266, 297, 268, -1,
      268, 297, 298, -1,
      268, 298, 270, -1,
      270, 298, 299, -1,
      270, 299, 272, -1,
      272, 299, 300, -1,
      272, 300, 273, -1,
      273, 300, 301, -1,
      273, 301, 163, -1,
      163, 301, 302, -1,
      163, 302, 164, -1,
      164, 302, 303, -1,
      164, 303, 165, -1,
      165, 303, 304, -1,
      165, 304, 166, -1,
      166, 304, 305, -1,
      166, 305, 167, -1,
      167, 305, 306, -1,
      167, 306, 194, -1,
      194, 306, 307, -1,
      194, 307, 193, -1,
      193, 307, 308, -1,
      193, 308, 191, -1,
      191, 308, 309, -1,
      191, 309, 189, -1,
      189, 309, 310, -1,
      189, 310, 162, -1,
      162, 310, 311, -1,
      162, 311, 160, -1,
      160, 311, 312, -1,
      160, 312, 159, -1,
      159, 312, 313, -1,
      159, 313, 186, -1,
      186, 313, 314, -1,
      186, 314, 185, -1,
      185, 314, 315, -1,
      185, 315, 184, -1,
      184, 315, 316, -1,
      184, 316, 255, -1,
      255, 316, 317, -1,
      255, 317, 256, -1,
      256, 317, 318, -1,
      256, 318, 258, -1,
      258, 318, 319, -1,
      258, 319, 260, -1,
      260, 319, 320, -1,
      260, 320, 262, -1,
      262, 320, 321, -1,
      262, 321, 264, -1,
      264, 321, 296, -1,
      264, 296, 266, -1,
    ]
  }
}

Shape {
  appearance Appearance {
    material Material {
      diffuseColor 0.0000 0.0000 1.0000
      specularColor 0.0000 0.0000 0.5020
      ambientIntensity 0.2
      transparency 0.0000
      shininess 0.5
    }
  }
  geometry IndexedFaceSet {
    ccw TRUE
    solid FALSE
    coord DEF co Coordinate {
      point [
        -0.289094 -0.246063 0.282580,
        -0.287815 -0.246063 0.282468,
        -0.286026 -0.246063 0.281909,
        -0.284454 -0.246063 0.280937,
        -0.283179 -0.246063 0.279624,
        -0.282291 -0.246063 0.278100,
        -0.281789 -0.246063 0.276374,
        -0.281722 -0.246063 0.274536,
        -0.282124 -0.246063 0.272702,
        -0.282964 -0.246063 0.271042,
        -0.284171 -0.246063 0.269657,
        -0.285622 -0.246063 0.268641,
        -0.287274 -0.246063 0.268003,
        -0.289094 -0.246063 0.267778,
        -0.290822 -0.246063 0.267984,
        -0.292570 -0.246063 0.268650,
        -0.294072 -0.246063 0.269709,
        -0.295269 -0.246063 0.271098,
        -0.296061 -0.246063 0.272672,
        -0.296458 -0.246063 0.274433,
        -0.296414 -0.246063 0.276284,
        -0.295904 -0.246063 0.278086,
        -0.294963 -0.246063 0.279686,
        -0.294043 -0.246063 0.280676,
        -0.292552 -0.246063 0.281718,
        -0.290890 -0.246063 0.282357,
      ]
    }
    coordIndex [
      13, 23, 22, -1,
      0, 13, 1, -1,
      1, 13, 12, -1,
      0, 25, 13, -1,
      13, 25, 24, -1,
      13, 24, 23, -1,
      10, 4, 3, -1,
      18, 17, 22, -1,
      22, 17, 16, -1,
      12, 11, 1, -1,
      1, 11, 10, -1,
      1, 10, 2, -1,
      2, 10, 3, -1,
      21, 20, 22, -1,
      22, 20, 19, -1,
      22, 19, 18, -1,
      16, 15, 22, -1,
      22, 15, 14, -1,
      22, 14, 13, -1,
      8, 7, 9, -1,
      9, 7, 6, -1,
      9, 6, 10, -1,
      10, 6, 5, -1,
      10, 5, 4, -1,
    ]
  }
}
