ISO-10303-21;
HEADER;
FILE_DESCRIPTION (( 'STEP AP214' ),
    '1' );
FILE_NAME ('FILTER-SMD_3P-L2.0-W1.3_ANT2012LL13R2400A.STEP',
    '2024-11-02T03:11:56',
    ( 'PC' ),
    ( 'Microsoft' ),
    'SwSTEP 2.0',
    'SolidWorks 2020',
    '' );
FILE_SCHEMA (( 'AUTOMOTIVE_DESIGN' ));
ENDSEC;

DATA;
#1 = STYLED_ITEM ( 'NONE', ( #6862 ), #2113 ) ;
#2 = ADVANCED_FACE ( 'NONE', ( #6085 ), #9900, .F. ) ;
#3 = CARTESIAN_POINT ( 'NONE',  ( -0.4107735839305448056, -0.6260000000000000009, 0.7974840713589456120 ) ) ;
#4 = DIRECTION ( 'NONE',  ( -0.3559357243698770823, 0.0000000000000000000, -0.9345104387417462188 ) ) ;
#5 = CARTESIAN_POINT ( 'NONE',  ( -0.8181671676918732539, -0.6250000000000000000, 0.7071486652459895161 ) ) ;
#6 = VERTEX_POINT ( 'NONE', #6997 ) ;
#7 = ORIENTED_EDGE ( 'NONE', *, *, #7970, .T. ) ;
#8 = ORIENTED_EDGE ( 'NONE', *, *, #5583, .T. ) ;
#9 = UNCERTAINTY_MEASURE_WITH_UNIT (LENGTH_MEASURE( 1.000000000000000082E-05 ), #1034, 'distance_accuracy_value', 'NONE');
#10 =( GEOMETRIC_REPRESENTATION_CONTEXT ( 3 ) GLOBAL_UNCERTAINTY_ASSIGNED_CONTEXT ( ( #2918 ) ) GLOBAL_UNIT_ASSIGNED_CONTEXT ( ( #5687, #2921, #10554 ) ) REPRESENTATION_CONTEXT ( 'NONE', 'WORKASPACE' ) );
#11 = CARTESIAN_POINT ( 'NONE',  ( -0.2383643921062167659, -0.6260000000000000009, 0.7510762096942074084 ) ) ;
#12 = LINE ( 'NONE', #7557, #8314 ) ;
#13 = ADVANCED_FACE ( 'NONE', ( #11622 ), #684, .F. ) ;
#14 = DIRECTION ( 'NONE',  ( 0.3493954794691420118, -0.0000000000000000000, -0.9369753459544857277 ) ) ;
#15 = SURFACE_STYLE_USAGE ( .BOTH. , #10040 ) ;
#16 = CARTESIAN_POINT ( 'NONE',  ( -0.4035992543080488826, -0.6250000000000000000, 0.7974840713589456120 ) ) ;
#17 = ADVANCED_FACE ( 'NONE', ( #6267 ), #7944, .F. ) ;
#18 = CARTESIAN_POINT ( 'NONE',  ( -0.2198913597932442843, -0.6260000000000000009, 0.8093719702024847473 ) ) ;
#19 = ORIENTED_EDGE ( 'NONE', *, *, #7454, .F. ) ;
#20 = ORIENTED_EDGE ( 'NONE', *, *, #5512, .T. ) ;
#21 = CARTESIAN_POINT ( 'NONE',  ( -0.2876315880412645409, -0.6260000000000000009, 0.7510762096942074084 ) ) ;
#22 =( LENGTH_UNIT ( ) NAMED_UNIT ( * ) SI_UNIT ( .MILLI., .METRE. ) );
#23 =( LENGTH_UNIT ( ) NAMED_UNIT ( * ) SI_UNIT ( .MILLI., .METRE. ) );
#24 = DIRECTION ( 'NONE',  ( -0.0000000000000000000, -0.0000000000000000000, -1.000000000000000000 ) ) ;
#25 = VERTEX_POINT ( 'NONE', #7756 ) ;
#26 = CARTESIAN_POINT ( 'NONE',  ( -0.2967814577050550406, -0.6260000000000000009, 0.7317020538534013685 ) ) ;
#27 = CARTESIAN_POINT ( 'NONE',  ( -0.2847029365770755716, -0.6260000000000000009, 0.8444464705793452985 ) ) ;
#28 = EDGE_CURVE ( 'NONE', #5872, #5741, #4989, .T. ) ;
#29 = ORIENTED_EDGE ( 'NONE', *, *, #4252, .T. ) ;
#30 = CARTESIAN_POINT ( 'NONE',  ( -0.8008153060164910908, -0.6260000000000000009, 0.8295755633929275952 ) ) ;
#31 = DIRECTION ( 'NONE',  ( -0.0000000000000000000, 1.000000000000000000, -0.0000000000000000000 ) ) ;
#32 = CARTESIAN_POINT ( 'NONE',  ( -0.3623035357315868010, -0.6260000000000000009, 0.7259140681193632094 ) ) ;
#33 = ORIENTED_EDGE ( 'NONE', *, *, #5676, .F. ) ;
#34 =( GEOMETRIC_REPRESENTATION_CONTEXT ( 3 ) GLOBAL_UNCERTAINTY_ASSIGNED_CONTEXT ( ( #10829 ) ) GLOBAL_UNIT_ASSIGNED_CONTEXT ( ( #8943, #11791, #8016 ) ) REPRESENTATION_CONTEXT ( 'NONE', 'WORKASPACE' ) );
#35 =( GEOMETRIC_REPRESENTATION_CONTEXT ( 3 ) GLOBAL_UNCERTAINTY_ASSIGNED_CONTEXT ( ( #7429 ) ) GLOBAL_UNIT_ASSIGNED_CONTEXT ( ( #8536, #3882, #10713 ) ) REPRESENTATION_CONTEXT ( 'NONE', 'WORKASPACE' ) );
#36 = FILL_AREA_STYLE ('',( #8206 ) ) ;
#37 = CARTESIAN_POINT ( 'NONE',  ( -0.8384109871606698627, -0.6250000000000000000, 0.7804120005121859549 ) ) ;
#38 = CARTESIAN_POINT ( 'NONE',  ( -0.4048642931061782746, -0.6260000000000000009, 0.7896858869866756336 ) ) ;
#39 = CARTESIAN_POINT ( 'NONE',  ( -0.6701944722960717638, -0.6260000000000000009, 0.8768111452172836495 ) ) ;
#40 = STYLED_ITEM ( 'NONE', ( #9912 ), #10815 ) ;
#41 = SURFACE_SIDE_STYLE ('',( #7528 ) ) ;
#42 = LINE ( 'NONE', #8430, #8903 ) ;
#43 = CARTESIAN_POINT ( 'NONE',  ( -0.3299150766382560329, -0.6260000000000000009, 0.6700097508186606543 ) ) ;
#44 = EDGE_LOOP ( 'NONE', ( #2360, #2233, #345, #10891 ) ) ;
#45 = PRESENTATION_LAYER_ASSIGNMENT (  '', '', ( #9009 ) ) ;
#46 =( GEOMETRIC_REPRESENTATION_CONTEXT ( 3 ) GLOBAL_UNCERTAINTY_ASSIGNED_CONTEXT ( ( #2237 ) ) GLOBAL_UNIT_ASSIGNED_CONTEXT ( ( #1247, #6674, #2932 ) ) REPRESENTATION_CONTEXT ( 'NONE', 'WORKASPACE' ) );
#47 = SURFACE_STYLE_USAGE ( .BOTH. , #5642 ) ;
#48 = B_SPLINE_CURVE_WITH_KNOTS ( 'NONE', 3,
 ( #9969, #10989, #6152, #8042 ),
 .UNSPECIFIED., .F., .F.,
 ( 4, 4 ),
 ( 0.0000000000000000000, 1.000000000000000000 ),
 .UNSPECIFIED. ) ;
#49 = LINE ( 'NONE', #5587, #9743 ) ;
#50 = CARTESIAN_POINT ( 'NONE',  ( -0.5954851535362659654, -0.6250000000000000000, 0.7124506108502888235 ) ) ;
#51 = FILL_AREA_STYLE_COLOUR ( '', #4141 ) ;
#52 = SURFACE_STYLE_USAGE ( .BOTH. , #2819 ) ;
#53 = MECHANICAL_DESIGN_GEOMETRIC_PRESENTATION_REPRESENTATION (  '', ( #10786 ), #4101 ) ;
#54 = CARTESIAN_POINT ( 'NONE',  ( -0.4396268661082692319, -0.6250000000000000000, 0.7985584878726350588 ) ) ;
#55 = CARTESIAN_POINT ( 'NONE',  ( -0.8311810513080299945, -0.6250000000000000000, 0.7216085185650514822 ) ) ;
#56 = ORIENTED_EDGE ( 'NONE', *, *, #3883, .T. ) ;
#57 = CARTESIAN_POINT ( 'NONE',  ( -0.7444218210733498653, -0.6250000000000000000, 0.6801568753099487274 ) ) ;
#58 = EDGE_CURVE ( 'NONE', #6910, #992, #3209, .T. ) ;
#59 = ORIENTED_EDGE ( 'NONE', *, *, #7645, .F. ) ;
#60 = VERTEX_POINT ( 'NONE', #4191 ) ;
#61 = EDGE_CURVE ( 'NONE', #6531, #2506, #8663, .T. ) ;
#62 = PRESENTATION_STYLE_ASSIGNMENT (( #11254 ) ) ;
#63 = PLANE ( 'NONE',  #542 ) ;
#64 = ADVANCED_FACE ( 'NONE', ( #1412 ), #9071, .F. ) ;
#65 = PRESENTATION_LAYER_ASSIGNMENT (  '', '', ( #249 ) ) ;
#66 =( NAMED_UNIT ( * ) PLANE_ANGLE_UNIT ( ) SI_UNIT ( $, .RADIAN. ) );
#67 = CARTESIAN_POINT ( 'NONE',  ( -0.7506877526084801966, -0.6250000000000000000, 0.8088497739416035115 ) ) ;
#68 = SURFACE_STYLE_FILL_AREA ( #8403 ) ;
#69 = UNCERTAINTY_MEASURE_WITH_UNIT (LENGTH_MEASURE( 1.000000000000000082E-05 ), #1865, 'distance_accuracy_value', 'NONE');
#70 = ORIENTED_EDGE ( 'NONE', *, *, #5807, .F. ) ;
#71 = ORIENTED_EDGE ( 'NONE', *, *, #4126, .T. ) ;
#72 = SURFACE_SIDE_STYLE ('',( #929 ) ) ;
#73 = COLOUR_RGB ( '',0.0000000000000000000, 0.0000000000000000000, 0.0000000000000000000 ) ;
#74 = EDGE_CURVE ( 'NONE', #11550, #3755, #7816, .T. ) ;
#75 = ORIENTED_EDGE ( 'NONE', *, *, #604, .F. ) ;
#76 = DIRECTION ( 'NONE',  ( -0.0000000000000000000, 1.000000000000000000, -0.0000000000000000000 ) ) ;
#77 = FILL_AREA_STYLE_COLOUR ( '', #7154 ) ;
#78 = DIRECTION ( 'NONE',  ( -0.0000000000000000000, 1.000000000000000000, -0.0000000000000000000 ) ) ;
#79 = ORIENTED_EDGE ( 'NONE', *, *, #10226, .T. ) ;
#80 = CARTESIAN_POINT ( 'NONE',  ( -0.1442316420823905043, -0.6250000000000000000, 0.7510762096942074084 ) ) ;
#81 = SURFACE_SIDE_STYLE ('',( #2915 ) ) ;
#82 = PRESENTATION_LAYER_ASSIGNMENT (  '', '', ( #5922 ) ) ;
#83 = FILL_AREA_STYLE ('',( #1844 ) ) ;
#84 = ORIENTED_EDGE ( 'NONE', *, *, #9940, .T. ) ;
#85 =( NAMED_UNIT ( * ) SI_UNIT ( $, .STERADIAN. ) SOLID_ANGLE_UNIT ( ) );
#86 = VECTOR ( 'NONE', #5015, 1000.000000000000000 ) ;
#87 = CARTESIAN_POINT ( 'NONE',  ( -0.3600333976143411663, -0.6260000000000000009, 0.7014450984884007534 ) ) ;
#88 = PRESENTATION_LAYER_ASSIGNMENT (  '', '', ( #690 ) ) ;
#89 = SURFACE_STYLE_FILL_AREA ( #8425 ) ;
#90 = CARTESIAN_POINT ( 'NONE',  ( -0.3499997337217647941, -0.6250000000000000000, 0.7306622959368812564 ) ) ;
#91 = B_SPLINE_CURVE_WITH_KNOTS ( 'NONE', 3,
 ( #1359, #7882, #4257, #4192 ),
 .UNSPECIFIED., .F., .F.,
 ( 4, 4 ),
 ( 23.00000000000000000, 24.00000000000000000 ),
 .UNSPECIFIED. ) ;
#92 = SURFACE_STYLE_USAGE ( .BOTH. , #9383 ) ;
#93 = CARTESIAN_POINT ( 'NONE',  ( -0.6856183391259830229, -0.6250000000000000000, 0.7023287080108963076 ) ) ;
#94 = CARTESIAN_POINT ( 'NONE',  ( -0.2876315880412645409, -0.6260000000000000009, 0.6832839935504295692 ) ) ;
#95 = VERTEX_POINT ( 'NONE', #11082 ) ;
#96 = VECTOR ( 'NONE', #881, 1000.000000000000000 ) ;
#97 = ADVANCED_FACE ( 'NONE', ( #1581 ), #9046, .T. ) ;
#98 = ORIENTED_EDGE ( 'NONE', *, *, #9560, .T. ) ;
#99 =( GEOMETRIC_REPRESENTATION_CONTEXT ( 3 ) GLOBAL_UNCERTAINTY_ASSIGNED_CONTEXT ( ( #6898 ) ) GLOBAL_UNIT_ASSIGNED_CONTEXT ( ( #6203, #5213, #3540 ) ) REPRESENTATION_CONTEXT ( 'NONE', 'WORKASPACE' ) );
#100 = CIRCLE ( 'NONE', #6712, 0.1573157410611863705 ) ;
#101 = CARTESIAN_POINT ( 'NONE',  ( -0.2847029365770755716, -0.6250000000000000000, 0.8444464705793452985 ) ) ;
#102 = EDGE_CURVE ( 'NONE', #2655, #4524, #6864, .T. ) ;
#103 = CARTESIAN_POINT ( 'NONE',  ( -0.3573473563305798462, -0.6260000000000000009, 0.7328111289642612602 ) ) ;
#104 = SURFACE_STYLE_USAGE ( .BOTH. , #9513 ) ;
#105 = MECHANICAL_DESIGN_GEOMETRIC_PRESENTATION_REPRESENTATION (  '', ( #2022 ), #2998 ) ;
#106 = LINE ( 'NONE', #1016, #6696 ) ;
#107 = FILL_AREA_STYLE_COLOUR ( '', #8776 ) ;
#108 = STYLED_ITEM ( 'NONE', ( #6618 ), #8643 ) ;
#109 = SURFACE_STYLE_FILL_AREA ( #8445 ) ;
#110 = SURFACE_SIDE_STYLE ('',( #10339 ) ) ;
#111 = VERTEX_POINT ( 'NONE', #7319 ) ;
#112 = FILL_AREA_STYLE ('',( #10395 ) ) ;
#113 = EDGE_CURVE ( 'NONE', #1043, #8783, #1471, .T. ) ;
#114 = ORIENTED_EDGE ( 'NONE', *, *, #5935, .F. ) ;
#115 = EDGE_LOOP ( 'NONE', ( #8200, #5696, #5878, #3256 ) ) ;
#116 = UNCERTAINTY_MEASURE_WITH_UNIT (LENGTH_MEASURE( 1.000000000000000082E-05 ), #5183, 'distance_accuracy_value', 'NONE');
#117 =( GEOMETRIC_REPRESENTATION_CONTEXT ( 3 ) GLOBAL_UNCERTAINTY_ASSIGNED_CONTEXT ( ( #11900 ) ) GLOBAL_UNIT_ASSIGNED_CONTEXT ( ( #2387, #4150, #6981 ) ) REPRESENTATION_CONTEXT ( 'NONE', 'WORKASPACE' ) );
#118 = CARTESIAN_POINT ( 'NONE',  ( -0.4145860296237535159, -0.6250000000000000000, 0.7896858869866756336 ) ) ;
#119 = B_SPLINE_CURVE_WITH_KNOTS ( 'NONE', 3,
 ( #3411, #7275, #8249, #1544 ),
 .UNSPECIFIED., .F., .F.,
 ( 4, 4 ),
 ( 2.000000000000000000, 3.000000000000000000 ),
 .UNSPECIFIED. ) ;
#120 = CARTESIAN_POINT ( 'NONE',  ( -0.3560649882336316963, -0.6260000000000000009, 0.7087234039026422128 ) ) ;
#121 = PRESENTATION_STYLE_ASSIGNMENT (( #8456 ) ) ;
#122 = LINE ( 'NONE', #1978, #6964 ) ;
#123 = CARTESIAN_POINT ( 'NONE',  ( -0.4339601854645617207, -0.6260000000000000009, 0.8051089627453609232 ) ) ;
#124 = EDGE_CURVE ( 'NONE', #7042, #3091, #11268, .T. ) ;
#125 = CARTESIAN_POINT ( 'NONE',  ( -0.2851015104450040916, -0.6260000000000000009, 0.8556411974785388397 ) ) ;
#126 = FILL_AREA_STYLE_COLOUR ( '', #180 ) ;
#127 = STYLED_ITEM ( 'NONE', ( #5455 ), #9385 ) ;
#128 = MECHANICAL_DESIGN_GEOMETRIC_PRESENTATION_REPRESENTATION (  '', ( #4387 ), #4764 ) ;
#129 = SURFACE_SIDE_STYLE ('',( #1091 ) ) ;
#130 = B_SPLINE_CURVE_WITH_KNOTS ( 'NONE', 3,
 ( #6248, #8946, #10002, #6191 ),
 .UNSPECIFIED., .F., .F.,
 ( 4, 4 ),
 ( 4.000000000000000000, 5.000000000000000000 ),
 .UNSPECIFIED. ) ;
#131 = SURFACE_SIDE_STYLE ('',( #5489 ) ) ;
#132 = PRESENTATION_LAYER_ASSIGNMENT (  '', '', ( #3981 ) ) ;
#133 = VERTEX_POINT ( 'NONE', #11012 ) ;
#134 = ORIENTED_EDGE ( 'NONE', *, *, #8394, .T. ) ;
#135 = LINE ( 'NONE', #5553, #6290 ) ;
#136 =( GEOMETRIC_REPRESENTATION_CONTEXT ( 3 ) GLOBAL_UNCERTAINTY_ASSIGNED_CONTEXT ( ( #3024 ) ) GLOBAL_UNIT_ASSIGNED_CONTEXT ( ( #11602, #4079, #8678 ) ) REPRESENTATION_CONTEXT ( 'NONE', 'WORKASPACE' ) );
#137 =( GEOMETRIC_REPRESENTATION_CONTEXT ( 3 ) GLOBAL_UNCERTAINTY_ASSIGNED_CONTEXT ( ( #7636 ) ) GLOBAL_UNIT_ASSIGNED_CONTEXT ( ( #8737, #10658, #8799 ) ) REPRESENTATION_CONTEXT ( 'NONE', 'WORKASPACE' ) );
#138 = EDGE_CURVE ( 'NONE', #4917, #11899, #5424, .T. ) ;
#139 = ORIENTED_EDGE ( 'NONE', *, *, #4811, .T. ) ;
#140 = PRESENTATION_STYLE_ASSIGNMENT (( #8479 ) ) ;
#141 = LINE ( 'NONE', #5504, #9106 ) ;
#142 = ORIENTED_EDGE ( 'NONE', *, *, #531, .T. ) ;
#143 = DIRECTION ( 'NONE',  ( -1.000000000000000000, -0.0000000000000000000, -0.0000000000000000000 ) ) ;
#144 = VECTOR ( 'NONE', #10819, 1000.000000000000227 ) ;
#145 = ORIENTED_EDGE ( 'NONE', *, *, #11169, .F. ) ;
#146 = FACE_OUTER_BOUND ( 'NONE', #6751, .T. ) ;
#147 = ORIENTED_EDGE ( 'NONE', *, *, #443, .T. ) ;
#148 = COLOUR_RGB ( '',0.0000000000000000000, 0.0000000000000000000, 0.0000000000000000000 ) ;
#149 = CARTESIAN_POINT ( 'NONE',  ( -0.7598456695170435760, -0.6260000000000000009, 0.8088497739416035115 ) ) ;
#150 = AXIS2_PLACEMENT_3D ( 'NONE', #1867, #2709, #10208 ) ;
#151 = PRESENTATION_LAYER_ASSIGNMENT (  '', '', ( #3245 ) ) ;
#152 = PLANE ( 'NONE',  #6003 ) ;
#153 = LINE ( 'NONE', #334, #2191 ) ;
#154 = LINE ( 'NONE', #9688, #3221 ) ;
#155 = LINE ( 'NONE', #4634, #2795 ) ;
#156 = STYLED_ITEM ( 'NONE', ( #9075 ), #7905 ) ;
#157 = LINE ( 'NONE', #11350, #11558 ) ;
#158 = EDGE_CURVE ( 'NONE', #11952, #8600, #6296, .T. ) ;
#159 = SURFACE_STYLE_USAGE ( .BOTH. , #5574 ) ;
#160 = LINE ( 'NONE', #11176, #10874 ) ;
#161 =( NAMED_UNIT ( * ) SI_UNIT ( $, .STERADIAN. ) SOLID_ANGLE_UNIT ( ) );
#162 = CARTESIAN_POINT ( 'NONE',  ( -1.000000000000000000, -0.2249999999999997835, -0.01000000000000000021 ) ) ;
#163 = ORIENTED_EDGE ( 'NONE', *, *, #9471, .T. ) ;
#164 = ORIENTED_EDGE ( 'NONE', *, *, #138, .T. ) ;
#165 = MECHANICAL_DESIGN_GEOMETRIC_PRESENTATION_REPRESENTATION (  '', ( #5409 ), #2673 ) ;
#166 = COLOUR_RGB ( '',0.0000000000000000000, 0.0000000000000000000, 0.0000000000000000000 ) ;
#167 = LINE ( 'NONE', #3861, #9717 ) ;
#168 = SURFACE_SIDE_STYLE ('',( #2884 ) ) ;
#169 = CARTESIAN_POINT ( 'NONE',  ( -0.4396268661082691764, -0.6250000000000000000, 0.7908296206947073026 ) ) ;
#170 = SURFACE_STYLE_USAGE ( .BOTH. , #228 ) ;
#171 = DIRECTION ( 'NONE',  ( -0.0000000000000000000, -0.0000000000000000000, 1.000000000000000000 ) ) ;
#172 = ORIENTED_EDGE ( 'NONE', *, *, #8409, .F. ) ;
#173 = CARTESIAN_POINT ( 'NONE',  ( -0.3415083774051487775, -0.6260000000000000009, 0.6611718085298740055 ) ) ;
#174 = ADVANCED_FACE ( 'NONE', ( #11891 ), #6336, .F. ) ;
#175 = EDGE_CURVE ( 'NONE', #10486, #9919, #10347, .T. ) ;
#176 = B_SPLINE_CURVE_WITH_KNOTS ( 'NONE', 3,
 ( #607, #1563, #4241, #2403 ),
 .UNSPECIFIED., .F., .F.,
 ( 4, 4 ),
 ( 3.000000000000000000, 4.000000000000000000 ),
 .UNSPECIFIED. ) ;
#177 = EDGE_LOOP ( 'NONE', ( #869, #1433, #9680, #3289, #11637, #870, #7198 ) ) ;
#178 = EDGE_LOOP ( 'NONE', ( #6455, #2051, #3150, #9165 ) ) ;
#179 = CARTESIAN_POINT ( 'NONE',  ( -0.2967814577050550406, -0.6250000000000000000, 0.7317020538534013685 ) ) ;
#180 = COLOUR_RGB ( '',0.0000000000000000000, 0.0000000000000000000, 0.0000000000000000000 ) ;
#181 = DIRECTION ( 'NONE',  ( -0.0000000000000000000, -0.0000000000000000000, 1.000000000000000000 ) ) ;
#182 =( NAMED_UNIT ( * ) SI_UNIT ( $, .STERADIAN. ) SOLID_ANGLE_UNIT ( ) );
#183 =( NAMED_UNIT ( * ) SI_UNIT ( $, .STERADIAN. ) SOLID_ANGLE_UNIT ( ) );
#184 = CARTESIAN_POINT ( 'NONE',  ( -0.7193580305794504692, -0.6260000000000000009, 0.7481183109390059371 ) ) ;
#185 = SURFACE_STYLE_FILL_AREA ( #6640 ) ;
#186 = CARTESIAN_POINT ( 'NONE',  ( -0.6914022822923686640, -0.6250000000000000000, 0.8768111452172836495 ) ) ;
#187 = LINE ( 'NONE', #6524, #9591 ) ;
#188 = PRESENTATION_LAYER_ASSIGNMENT (  '', '', ( #11738 ) ) ;
#189 = DIRECTION ( 'NONE',  ( -1.000000000000000000, -0.0000000000000000000, -0.0000000000000000000 ) ) ;
#190 = ORIENTED_EDGE ( 'NONE', *, *, #4521, .F. ) ;
#191 = ORIENTED_EDGE ( 'NONE', *, *, #3314, .F. ) ;
#192 =( LENGTH_UNIT ( ) NAMED_UNIT ( * ) SI_UNIT ( .MILLI., .METRE. ) );
#193 = CARTESIAN_POINT ( 'NONE',  ( -0.4000000000000004108, -0.6250000000000000000, -0.01000000000000000021 ) ) ;
#194 = SURFACE_STYLE_USAGE ( .BOTH. , #1991 ) ;
#195 = ORIENTED_EDGE ( 'NONE', *, *, #5436, .T. ) ;
#196 = CARTESIAN_POINT ( 'NONE',  ( -0.6976682230208381963, -0.6260000000000000009, 0.7317304581778040218 ) ) ;
#197 =( NAMED_UNIT ( * ) SI_UNIT ( $, .STERADIAN. ) SOLID_ANGLE_UNIT ( ) );
#198 = CARTESIAN_POINT ( 'NONE',  ( -0.6350087881558875713, -0.6260000000000000009, 0.6979907391445477893 ) ) ;
#199 = ORIENTED_EDGE ( 'NONE', *, *, #5926, .F. ) ;
#200 = CARTESIAN_POINT ( 'NONE',  ( -0.1503142258933072573, -0.6250000000000000000, 0.7376633325737550484 ) ) ;
#201 = ADVANCED_FACE ( 'NONE', ( #6592 ), #8760, .F. ) ;
#202 = ORIENTED_EDGE ( 'NONE', *, *, #2667, .F. ) ;
#203 =( NAMED_UNIT ( * ) PLANE_ANGLE_UNIT ( ) SI_UNIT ( $, .RADIAN. ) );
#204 = VERTEX_POINT ( 'NONE', #5543 ) ;
#205 = EDGE_CURVE ( 'NONE', #1043, #9189, #1086, .T. ) ;
#206 = CARTESIAN_POINT ( 'NONE',  ( -0.5786152848262988702, -0.6260000000000000009, 0.8136697035971394154 ) ) ;
#207 = EDGE_CURVE ( 'NONE', #4430, #10668, #9291, .T. ) ;
#208 = FACE_OUTER_BOUND ( 'NONE', #9727, .T. ) ;
#209 = PRESENTATION_LAYER_ASSIGNMENT (  '', '', ( #3493 ) ) ;
#210 = FILL_AREA_STYLE ('',( #10715 ) ) ;
#211 = CARTESIAN_POINT ( 'NONE',  ( -0.4423822245866041447, -0.6250000000000000000, 0.7215817434678952758 ) ) ;
#212 = CARTESIAN_POINT ( 'NONE',  ( -0.3360323190458831544, -0.6250000000000000000, 0.6604786365855273012 ) ) ;
#213 = B_SPLINE_SURFACE_WITH_KNOTS ( 'NONE', 3, 1, ( 
 ( #6742, #5825 ),
 ( #10511, #5765 ),
 ( #3915, #11683 ),
 ( #6687, #1134 ) ),
 .UNSPECIFIED., .F., .F., .F.,
 ( 4, 4 ),
 ( 2, 2 ),
 ( 12.00000000000000000, 13.00000000000000000 ),
 ( 0.0000000000000000000, 1.000000000000000000 ),
 .UNSPECIFIED. ) ;
#214 = SURFACE_STYLE_USAGE ( .BOTH. , #41 ) ;
#215 = SURFACE_STYLE_FILL_AREA ( #10319 ) ;
#216 = DIRECTION ( 'NONE',  ( 1.000000000000000000, -0.0000000000000000000, -0.0000000000000000000 ) ) ;
#217 = CARTESIAN_POINT ( 'NONE',  ( -0.8080452418693617744, -0.6250000000000000000, 0.7871599663832222760 ) ) ;
#218 = ORIENTED_EDGE ( 'NONE', *, *, #9411, .F. ) ;
#219 = ORIENTED_EDGE ( 'NONE', *, *, #11517, .T. ) ;
#220 = CARTESIAN_POINT ( 'NONE',  ( -0.2845123142921717752, -0.6260000000000000009, 0.8056288417033885541 ) ) ;
#221 = STYLED_ITEM ( 'NONE', ( #3269 ), #1560 ) ;
#222 = EDGE_CURVE ( 'NONE', #5891, #11099, #10096, .T. ) ;
#223 = MECHANICAL_DESIGN_GEOMETRIC_PRESENTATION_REPRESENTATION (  '', ( #7427 ), #10590 ) ;
#224 = ADVANCED_FACE ( 'NONE', ( #6520 ), #10740, .F. ) ;
#225 = CARTESIAN_POINT ( 'NONE',  ( -0.8157571752843170154, -0.6260000000000000009, 0.8146336941246392627 ) ) ;
#226 = CARTESIAN_POINT ( 'NONE',  ( -0.3187550083364663611, -0.6260000000000000009, 0.6759710295390156665 ) ) ;
#227 = DIRECTION ( 'NONE',  ( 0.0000000000000000000, 0.0000000000000000000, 1.000000000000000000 ) ) ;
#228 = SURFACE_SIDE_STYLE ('',( #7605 ) ) ;
#229 = SURFACE_SIDE_STYLE ('',( #11436 ) ) ;
#230 = ORIENTED_EDGE ( 'NONE', *, *, #11479, .T. ) ;
#231 = SURFACE_STYLE_FILL_AREA ( #3868 ) ;
#232 = COLOUR_RGB ( '',0.0000000000000000000, 0.0000000000000000000, 0.0000000000000000000 ) ;
#233 = VERTEX_POINT ( 'NONE', #7864 ) ;
#234 = ORIENTED_EDGE ( 'NONE', *, *, #7858, .F. ) ;
#235 = UNCERTAINTY_MEASURE_WITH_UNIT (LENGTH_MEASURE( 1.000000000000000082E-05 ), #8713, 'distance_accuracy_value', 'NONE');
#236 = CARTESIAN_POINT ( 'NONE',  ( -0.7796075098102038803, -0.6260000000000000009, 0.6840128741942300694 ) ) ;
#237 = STYLED_ITEM ( 'NONE', ( #5864 ), #1236 ) ;
#238 = FACE_OUTER_BOUND ( 'NONE', #10680, .T. ) ;
#239 = MECHANICAL_DESIGN_GEOMETRIC_PRESENTATION_REPRESENTATION (  '', ( #1024 ), #8822 ) ;
#240 = FILL_AREA_STYLE ('',( #7617 ) ) ;
#241 = DIRECTION ( 'NONE',  ( -0.5048830486499229497, 0.0000000000000000000, 0.8631877589412164653 ) ) ;
#242 = FILL_AREA_STYLE_COLOUR ( '', #11049 ) ;
#243 = VERTEX_POINT ( 'NONE', #1399 ) ;
#244 = ORIENTED_EDGE ( 'NONE', *, *, #1686, .F. ) ;
#245 = UNCERTAINTY_MEASURE_WITH_UNIT (LENGTH_MEASURE( 1.000000000000000082E-05 ), #5060, 'distance_accuracy_value', 'NONE');
#246 = VERTEX_POINT ( 'NONE', #3986 ) ;
#247 = ADVANCED_FACE ( 'NONE', ( #10703 ), #7210, .T. ) ;
#248 = ADVANCED_FACE ( 'NONE', ( #3128 ), #9787, .T. ) ;
#249 = STYLED_ITEM ( 'NONE', ( #9255 ), #3257 ) ;
#250 = CARTESIAN_POINT ( 'NONE',  ( -0.1184109871608345216, -0.6250000000000000000, 0.6832839935504295692 ) ) ;
#251 =( NAMED_UNIT ( * ) PLANE_ANGLE_UNIT ( ) SI_UNIT ( $, .RADIAN. ) );
#252 = DIRECTION ( 'NONE',  ( -1.000000000000000000, 0.0000000000000000000, -0.0000000000000000000 ) ) ;
#253 = PRESENTATION_STYLE_ASSIGNMENT (( #7448 ) ) ;
#254 = CARTESIAN_POINT ( 'NONE',  ( -0.2087486207902680690, -0.6250000000000000000, 0.7510762096942072974 ) ) ;
#255 = CARTESIAN_POINT ( 'NONE',  ( -0.6171749610948783493, -0.6250000000000000000, 0.7124506108502888235 ) ) ;
#256 = VERTEX_POINT ( 'NONE', #4109 ) ;
#257 = ORIENTED_EDGE ( 'NONE', *, *, #10745, .T. ) ;
#258 = SURFACE_STYLE_USAGE ( .BOTH. , #11469 ) ;
#259 = UNCERTAINTY_MEASURE_WITH_UNIT (LENGTH_MEASURE( 1.000000000000000082E-05 ), #3553, 'distance_accuracy_value', 'NONE');
#260 = ORIENTED_EDGE ( 'NONE', *, *, #2662, .T. ) ;
#261 = CARTESIAN_POINT ( 'NONE',  ( -0.4040151574745620144, -0.6260000000000000009, 0.6930577179637618102 ) ) ;
#262 =( NAMED_UNIT ( * ) SI_UNIT ( $, .STERADIAN. ) SOLID_ANGLE_UNIT ( ) );
#263 = DIRECTION ( 'NONE',  ( 0.0000000000000000000, 0.0000000000000000000, -1.000000000000000000 ) ) ;
#264 = CARTESIAN_POINT ( 'NONE',  ( -0.2341013846495562656, -0.6250000000000000000, 0.8499571875360144579 ) ) ;
#265 = FILL_AREA_STYLE ('',( #5009 ) ) ;
#266 = MECHANICAL_DESIGN_GEOMETRIC_PRESENTATION_REPRESENTATION (  '', ( #2391 ), #8630 ) ;
#267 =( LENGTH_UNIT ( ) NAMED_UNIT ( * ) SI_UNIT ( .MILLI., .METRE. ) );
#268 = EDGE_CURVE ( 'NONE', #2388, #11018, #5345, .T. ) ;
#269 = DIRECTION ( 'NONE',  ( -0.0000000000000000000, 1.000000000000000000, -0.0000000000000000000 ) ) ;
#270 = DIRECTION ( 'NONE',  ( -0.0000000000000000000, 1.000000000000000000, -0.0000000000000000000 ) ) ;
#271 =( NAMED_UNIT ( * ) SI_UNIT ( $, .STERADIAN. ) SOLID_ANGLE_UNIT ( ) );
#272 = EDGE_CURVE ( 'NONE', #9461, #25, #11701, .T. ) ;
#273 =( NAMED_UNIT ( * ) PLANE_ANGLE_UNIT ( ) SI_UNIT ( $, .RADIAN. ) );
#274 = DIRECTION ( 'NONE',  ( -0.0000000000000000000, -0.0000000000000000000, -1.000000000000000000 ) ) ;
#275 = CARTESIAN_POINT ( 'NONE',  ( -0.1947812061141550311, -0.6260000000000000009, 0.7027621251827497195 ) ) ;
#276 = ORIENTED_EDGE ( 'NONE', *, *, #10330, .T. ) ;
#277 = ORIENTED_EDGE ( 'NONE', *, *, #1577, .F. ) ;
#278 = COLOUR_RGB ( '',0.0000000000000000000, 0.0000000000000000000, 0.0000000000000000000 ) ;
#279 = DIRECTION ( 'NONE',  ( -0.0000000000000000000, 1.000000000000000000, -0.0000000000000000000 ) ) ;
#280 = CARTESIAN_POINT ( 'NONE',  ( -0.3400007284265894603, -0.6260000000000000009, 0.6607212467661884858 ) ) ;
#281 = FACE_OUTER_BOUND ( 'NONE', #794, .T. ) ;
#282 = CARTESIAN_POINT ( 'NONE',  ( -0.3376092852190133442, -0.6260000000000000009, 0.8508236524662153855 ) ) ;
#283 = CARTESIAN_POINT ( 'NONE',  ( -0.4389163648655687311, -0.6260000000000000009, 0.6910128607283587687 ) ) ;
#284 = ADVANCED_FACE ( 'NONE', ( #6097 ), #1457, .F. ) ;
#285 = CARTESIAN_POINT ( 'NONE',  ( -0.4117093660553193257, -0.6250000000000000000, 0.7060546919176969860 ) ) ;
#286 = DIRECTION ( 'NONE',  ( 0.0000000000000000000, 0.0000000000000000000, 1.000000000000000000 ) ) ;
#287 = ORIENTED_EDGE ( 'NONE', *, *, #7206, .T. ) ;
#288 = COLOUR_RGB ( '',1.000000000000000000, 1.000000000000000000, 1.000000000000000000 ) ;
#289 = ORIENTED_EDGE ( 'NONE', *, *, #5482, .F. ) ;
#290 = AXIS2_PLACEMENT_3D ( 'NONE', #1500, #9078, #6261 ) ;
#291 = VECTOR ( 'NONE', #9669, 1000.000000000000000 ) ;
#292 = ORIENTED_EDGE ( 'NONE', *, *, #8081, .T. ) ;
#293 = ORIENTED_EDGE ( 'NONE', *, *, #9395, .F. ) ;
#294 = COLOUR_RGB ( '',0.7529411764705882248, 0.7529411764705882248, 0.7529411764705882248 ) ;
#295 = DIRECTION ( 'NONE',  ( -0.0000000000000000000, 1.000000000000000000, -0.0000000000000000000 ) ) ;
#296 = PRESENTATION_LAYER_ASSIGNMENT (  '', '', ( #4354 ) ) ;
#297 =( GEOMETRIC_REPRESENTATION_CONTEXT ( 3 ) GLOBAL_UNCERTAINTY_ASSIGNED_CONTEXT ( ( #689 ) ) GLOBAL_UNIT_ASSIGNED_CONTEXT ( ( #4285, #2458, #11977 ) ) REPRESENTATION_CONTEXT ( 'NONE', 'WORKASPACE' ) );
#298 = CARTESIAN_POINT ( 'NONE',  ( -0.3376092852190133442, -0.6260000000000000009, 0.8508236524662153855 ) ) ;
#299 = DIRECTION ( 'NONE',  ( -1.000000000000000000, 0.0000000000000000000, -0.0000000000000000000 ) ) ;
#300 = COLOUR_RGB ( '',0.0000000000000000000, 0.0000000000000000000, 0.0000000000000000000 ) ;
#301 = FILL_AREA_STYLE_COLOUR ( '', #2454 ) ;
#302 = LINE ( 'NONE', #11511, #1689 ) ;
#303 = DIRECTION ( 'NONE',  ( -0.0000000000000000000, -0.0000000000000000000, -1.000000000000000000 ) ) ;
#304 = FILL_AREA_STYLE ('',( #9725 ) ) ;
#305 =( NAMED_UNIT ( * ) PLANE_ANGLE_UNIT ( ) SI_UNIT ( $, .RADIAN. ) );
#306 = CARTESIAN_POINT ( 'NONE',  ( -1.000000000000000000, 0.6250000000000000000, 0.0000000000000000000 ) ) ;
#307 =( NAMED_UNIT ( * ) PLANE_ANGLE_UNIT ( ) SI_UNIT ( $, .RADIAN. ) );
#308 = EDGE_CURVE ( 'NONE', #5734, #2176, #9223, .T. ) ;
#309 = SURFACE_SIDE_STYLE ('',( #3021 ) ) ;
#310 =( GEOMETRIC_REPRESENTATION_CONTEXT ( 3 ) GLOBAL_UNCERTAINTY_ASSIGNED_CONTEXT ( ( #1934 ) ) GLOBAL_UNIT_ASSIGNED_CONTEXT ( ( #11239, #3789, #10322 ) ) REPRESENTATION_CONTEXT ( 'NONE', 'WORKASPACE' ) );
#311 = ORIENTED_EDGE ( 'NONE', *, *, #11913, .T. ) ;
#312 = AXIS2_PLACEMENT_3D ( 'NONE', #11097, #2680, #7446 ) ;
#313 = ORIENTED_EDGE ( 'NONE', *, *, #4209, .T. ) ;
#314 = ORIENTED_EDGE ( 'NONE', *, *, #1177, .F. ) ;
#315 = STYLED_ITEM ( 'NONE', ( #3042 ), #5001 ) ;
#316 =( NAMED_UNIT ( * ) SI_UNIT ( $, .STERADIAN. ) SOLID_ANGLE_UNIT ( ) );
#317 = STYLED_ITEM ( 'NONE', ( #3057 ), #7136 ) ;
#318 = SURFACE_STYLE_USAGE ( .BOTH. , #3659 ) ;
#319 = CARTESIAN_POINT ( 'NONE',  ( -0.7810534841100098546, -0.6250000000000000000, 0.8377694897730677548 ) ) ;
#320 =( NAMED_UNIT ( * ) PLANE_ANGLE_UNIT ( ) SI_UNIT ( $, .RADIAN. ) );
#321 = PRESENTATION_STYLE_ASSIGNMENT (( #11651 ) ) ;
#322 = ORIENTED_EDGE ( 'NONE', *, *, #3859, .T. ) ;
#323 = FACE_OUTER_BOUND ( 'NONE', #7001, .T. ) ;
#324 = CARTESIAN_POINT ( 'NONE',  ( -0.1865844478739556167, -0.6250000000000000000, 0.6991229724756291564 ) ) ;
#325 = EDGE_CURVE ( 'NONE', #530, #11470, #6221, .T. ) ;
#326 = ORIENTED_EDGE ( 'NONE', *, *, #2411, .T. ) ;
#327 = PRESENTATION_STYLE_ASSIGNMENT (( #10485 ) ) ;
#328 = ADVANCED_FACE ( 'NONE', ( #5228 ), #5339, .T. ) ;
#329 = ORIENTED_EDGE ( 'NONE', *, *, #4875, .F. ) ;
#330 =( LENGTH_UNIT ( ) NAMED_UNIT ( * ) SI_UNIT ( .MILLI., .METRE. ) );
#331 = COLOUR_RGB ( '',0.0000000000000000000, 0.0000000000000000000, 0.0000000000000000000 ) ;
#332 = STYLED_ITEM ( 'NONE', ( #10300 ), #7337 ) ;
#333 = CARTESIAN_POINT ( 'NONE',  ( -0.3910528421177970060, -0.6250000000000000000, 0.7990090496363210226 ) ) ;
#334 = CARTESIAN_POINT ( 'NONE',  ( -0.1923724336084561837, -0.6260000000000000009, 0.7178039563720904903 ) ) ;
#335 = SURFACE_STYLE_FILL_AREA ( #11413 ) ;
#336 = SURFACE_SIDE_STYLE ('',( #11604 ) ) ;
#337 = ORIENTED_EDGE ( 'NONE', *, *, #11206, .T. ) ;
#338 = PRESENTATION_LAYER_ASSIGNMENT (  '', '', ( #5383 ) ) ;
#339 = PLANE ( 'NONE',  #5581 ) ;
#340 = FACE_OUTER_BOUND ( 'NONE', #11409, .T. ) ;
#341 = DIRECTION ( 'NONE',  ( 0.0000000000000000000, 1.000000000000000000, 0.0000000000000000000 ) ) ;
#342 = CARTESIAN_POINT ( 'NONE',  ( -0.4212578095868090289, -0.6250000000000000000, 0.7313208092840556285 ) ) ;
#343 =( NAMED_UNIT ( * ) PLANE_ANGLE_UNIT ( ) SI_UNIT ( $, .RADIAN. ) );
#344 = CARTESIAN_POINT ( 'NONE',  ( -0.3476776077087617156, -0.6260000000000000009, 0.6996428514336568982 ) ) ;
#345 = ORIENTED_EDGE ( 'NONE', *, *, #3011, .F. ) ;
#346 = VERTEX_POINT ( 'NONE', #9160 ) ;
#347 = CARTESIAN_POINT ( 'NONE',  ( -0.7530977404195974279, -0.6260000000000000009, 0.7095586254768568857 ) ) ;
#348 = STYLED_ITEM ( 'NONE', ( #7086 ), #5460 ) ;
#349 = AXIS2_PLACEMENT_3D ( 'NONE', #10209, #9283, #5534 ) ;
#350 = CARTESIAN_POINT ( 'NONE',  ( -0.4020742760306735830, -0.6250000000000000000, 0.8518634103822715353 ) ) ;
#351 = CARTESIAN_POINT ( 'NONE',  ( -0.3505196126800235179, -0.6250000000000000000, 0.7044603964459816847 ) ) ;
#352 =( LENGTH_UNIT ( ) NAMED_UNIT ( * ) SI_UNIT ( .MILLI., .METRE. ) );
#353 = ADVANCED_FACE ( 'NONE', ( #11996 ), #7710, .F. ) ;
#354 = PLANE ( 'NONE',  #3450 ) ;
#355 = PRESENTATION_STYLE_ASSIGNMENT (( #9711 ) ) ;
#356 = CARTESIAN_POINT ( 'NONE',  ( -1.000000000000000000, 0.6250000000000000000, 1.000000000000000000 ) ) ;
#357 = VERTEX_POINT ( 'NONE', #7419 ) ;
#358 = ORIENTED_EDGE ( 'NONE', *, *, #7802, .F. ) ;
#359 = DIRECTION ( 'NONE',  ( 1.000000000000000000, -0.0000000000000000000, -0.0000000000000000000 ) ) ;
#360 =( GEOMETRIC_REPRESENTATION_CONTEXT ( 3 ) GLOBAL_UNCERTAINTY_ASSIGNED_CONTEXT ( ( #2661 ) ) GLOBAL_UNIT_ASSIGNED_CONTEXT ( ( #5116, #8924, #4317 ) ) REPRESENTATION_CONTEXT ( 'NONE', 'WORKASPACE' ) );
#361 = STYLED_ITEM ( 'NONE', ( #828 ), #7928 ) ;
#362 = EDGE_CURVE ( 'NONE', #3696, #764, #7881, .T. ) ;
#363 = VERTEX_POINT ( 'NONE', #10261 ) ;
#364 = DIRECTION ( 'NONE',  ( -1.000000000000000000, 0.0000000000000000000, -0.0000000000000000000 ) ) ;
#365 = EDGE_CURVE ( 'NONE', #9390, #8722, #11132, .T. ) ;
#366 = EDGE_CURVE ( 'NONE', #6910, #2069, #2821, .T. ) ;
#367 = COLOUR_RGB ( '',0.0000000000000000000, 0.0000000000000000000, 0.0000000000000000000 ) ;
#368 = PLANE ( 'NONE',  #2485 ) ;
#369 = PRESENTATION_LAYER_ASSIGNMENT (  '', '', ( #11509 ) ) ;
#370 = FILL_AREA_STYLE_COLOUR ( '', #1320 ) ;
#371 = SURFACE_STYLE_FILL_AREA ( #6879 ) ;
#372 = CARTESIAN_POINT ( 'NONE',  ( -0.3360669776432839151, -0.6260000000000000009, 0.7985584878726350588 ) ) ;
#373 = CARTESIAN_POINT ( 'NONE',  ( -0.3042677147027854634, -0.6260000000000000009, 0.8508236524662153855 ) ) ;
#374 = SURFACE_SIDE_STYLE ('',( #1213 ) ) ;
#375 = FACE_OUTER_BOUND ( 'NONE', #10382, .T. ) ;
#376 =( NAMED_UNIT ( * ) PLANE_ANGLE_UNIT ( ) SI_UNIT ( $, .RADIAN. ) );
#377 = ORIENTED_EDGE ( 'NONE', *, *, #3011, .T. ) ;
#378 = PRESENTATION_LAYER_ASSIGNMENT (  '', '', ( #4039 ) ) ;
#379 = ORIENTED_EDGE ( 'NONE', *, *, #11197, .T. ) ;
#380 = UNCERTAINTY_MEASURE_WITH_UNIT (LENGTH_MEASURE( 1.000000000000000082E-05 ), #10574, 'distance_accuracy_value', 'NONE');
#381 = STYLED_ITEM ( 'NONE', ( #6814 ), #1760 ) ;
#382 = FILL_AREA_STYLE_COLOUR ( '', #1572 ) ;
#383 = EDGE_CURVE ( 'NONE', #2371, #2326, #6794, .T. ) ;
#384 = B_SPLINE_CURVE_WITH_KNOTS ( 'NONE', 3,
 ( #2396, #3425, #10927, #11042, #1442, #5148 ),
 .UNSPECIFIED., .F., .F.,
 ( 4, 2, 4 ),
 ( 2.000000000000000000, 3.000000000000000000, 4.000000000000000000 ),
 .UNSPECIFIED. ) ;
#385 = CARTESIAN_POINT ( 'NONE',  ( -0.7598456695170435760, -0.6250000000000000000, 0.8088497739416035115 ) ) ;
#386 = MECHANICAL_DESIGN_GEOMETRIC_PRESENTATION_REPRESENTATION (  '', ( #2882 ), #777 ) ;
#387 = EDGE_CURVE ( 'NONE', #2540, #5432, #3956, .T. ) ;
#388 = DIRECTION ( 'NONE',  ( -1.000000000000000000, 0.0000000000000000000, -0.0000000000000000000 ) ) ;
#389 = SURFACE_STYLE_USAGE ( .BOTH. , #1102 ) ;
#390 = DIRECTION ( 'NONE',  ( -0.0000000000000000000, 0.0000000000000000000, 1.000000000000000000 ) ) ;
#391 = CARTESIAN_POINT ( 'NONE',  ( -0.2782910960930354283, -0.6260000000000000009, 0.8003260763302079139 ) ) ;
#392 =( LENGTH_UNIT ( ) NAMED_UNIT ( * ) SI_UNIT ( .MILLI., .METRE. ) );
#393 = VERTEX_POINT ( 'NONE', #1864 ) ;
#394 = FILL_AREA_STYLE ('',( #11594 ) ) ;
#395 = ORIENTED_EDGE ( 'NONE', *, *, #1424, .T. ) ;
#396 = DIRECTION ( 'NONE',  ( 1.000000000000000000, -0.0000000000000000000, -0.0000000000000000000 ) ) ;
#397 = UNCERTAINTY_MEASURE_WITH_UNIT (LENGTH_MEASURE( 1.000000000000000082E-05 ), #8318, 'distance_accuracy_value', 'NONE');
#398 = VERTEX_POINT ( 'NONE', #11482 ) ;
#399 = CARTESIAN_POINT ( 'NONE',  ( -0.3860966627165586806, -0.6260000000000000009, 0.8020243475939006217 ) ) ;
#400 = AXIS2_PLACEMENT_3D ( 'NONE', #1112, #8215, #9439 ) ;
#401 = CARTESIAN_POINT ( 'NONE',  ( -0.2197700547031451179, -0.6260000000000000009, 0.6910128607283587687 ) ) ;
#402 =( NAMED_UNIT ( * ) PLANE_ANGLE_UNIT ( ) SI_UNIT ( $, .RADIAN. ) );
#403 = DIRECTION ( 'NONE',  ( -0.0000000000000000000, 1.000000000000000000, -0.0000000000000000000 ) ) ;
#404 = FILL_AREA_STYLE_COLOUR ( '', #5355 ) ;
#405 = EDGE_LOOP ( 'NONE', ( #4870, #7134, #3071, #5078 ) ) ;
#406 = FILL_AREA_STYLE_COLOUR ( '', #5138 ) ;
#407 = LINE ( 'NONE', #2204, #8496 ) ;
#408 = CARTESIAN_POINT ( 'NONE',  ( -0.2845123142921717752, -0.6250000000000000000, 0.8056288417033885541 ) ) ;
#409 = CARTESIAN_POINT ( 'NONE',  ( -0.3366908323930571378, -0.6260000000000000009, 0.6677569419997686495 ) ) ;
#410 = B_SPLINE_CURVE_WITH_KNOTS ( 'NONE', 3,
 ( #5364, #8929, #4441, #8123 ),
 .UNSPECIFIED., .F., .F.,
 ( 4, 4 ),
 ( 1.000000000000000000, 2.000000000000000000 ),
 .UNSPECIFIED. ) ;
#411 = SHAPE_DEFINITION_REPRESENTATION ( #6288, #7377 ) ;
#412 = FILL_AREA_STYLE ('',( #6800 ) ) ;
#413 = ORIENTED_EDGE ( 'NONE', *, *, #10899, .F. ) ;
#414 = ORIENTED_EDGE ( 'NONE', *, *, #9152, .F. ) ;
#415 = CARTESIAN_POINT ( 'NONE',  ( -0.7362278900963092898, -0.6250000000000000000, 0.8522293614788092331 ) ) ;
#416 = CARTESIAN_POINT ( 'NONE',  ( -0.4107735839305448056, -0.6250000000000000000, 0.7974840713589456120 ) ) ;
#417 = CARTESIAN_POINT ( 'NONE',  ( -0.6181389562192790565, -0.6250000000000000000, 0.7124506108502888235 ) ) ;
#418 = DIRECTION ( 'NONE',  ( -0.0000000000000000000, 1.000000000000000000, -0.0000000000000000000 ) ) ;
#419 =( LENGTH_UNIT ( ) NAMED_UNIT ( * ) SI_UNIT ( .MILLI., .METRE. ) );
#420 = SURFACE_STYLE_USAGE ( .BOTH. , #5032 ) ;
#421 = ORIENTED_EDGE ( 'NONE', *, *, #7033, .T. ) ;
#422 = CARTESIAN_POINT ( 'NONE',  ( -0.1184109871608345216, -0.6250000000000000000, 0.6832839935504295692 ) ) ;
#423 = ORIENTED_EDGE ( 'NONE', *, *, #8043, .F. ) ;
#424 = DIRECTION ( 'NONE',  ( 1.000000000000000000, 0.0000000000000000000, 0.0000000000000000000 ) ) ;
#425 = CARTESIAN_POINT ( 'NONE',  ( -0.2033072210279435743, -0.6250000000000000000, 0.7908296206947073026 ) ) ;
#426 = B_SPLINE_CURVE_WITH_KNOTS ( 'NONE', 3,
 ( #10689, #4100, #1337, #2339 ),
 .UNSPECIFIED., .F., .F.,
 ( 4, 4 ),
 ( 9.000000000000000000, 10.00000000000000000 ),
 .UNSPECIFIED. ) ;
#427 = CARTESIAN_POINT ( 'NONE',  ( -0.1486159546300752643, -0.6260000000000000009, 0.7401587515728443867 ) ) ;
#428 = STYLED_ITEM ( 'NONE', ( #4612 ), #996 ) ;
#429 = FILL_AREA_STYLE ('',( #8780 ) ) ;
#430 = ORIENTED_EDGE ( 'NONE', *, *, #3924, .T. ) ;
#431 = MECHANICAL_DESIGN_GEOMETRIC_PRESENTATION_REPRESENTATION (  '', ( #2926 ), #11180 ) ;
#432 = EDGE_CURVE ( 'NONE', #2969, #3674, #100, .T. ) ;
#433 = CARTESIAN_POINT ( 'NONE',  ( -0.3261394557046594644, -0.6260000000000000009, 0.6643517348238993092 ) ) ;
#434 =( NAMED_UNIT ( * ) SI_UNIT ( $, .STERADIAN. ) SOLID_ANGLE_UNIT ( ) );
#435 = AXIS2_PLACEMENT_3D ( 'NONE', #9726, #8782, #9976 ) ;
#436 = EDGE_CURVE ( 'NONE', #10551, #7102, #9215, .T. ) ;
#437 = DIRECTION ( 'NONE',  ( 0.0000000000000000000, 1.000000000000000000, 0.0000000000000000000 ) ) ;
#439 = VERTEX_POINT ( 'NONE', #3053 ) ;
#438 = UNCERTAINTY_MEASURE_WITH_UNIT (LENGTH_MEASURE( 1.000000000000000082E-05 ), #4304, 'distance_accuracy_value', 'NONE');
#440 = EDGE_LOOP ( 'NONE', ( #4362, #5613, #10323, #10823 ) ) ;
#441 = DIRECTION ( 'NONE',  ( 1.000000000000000000, 0.0000000000000000000, 0.0000000000000000000 ) ) ;
#442 =( GEOMETRIC_REPRESENTATION_CONTEXT ( 3 ) GLOBAL_UNCERTAINTY_ASSIGNED_CONTEXT ( ( #566 ) ) GLOBAL_UNIT_ASSIGNED_CONTEXT ( ( #5704, #4772, #6146 ) ) REPRESENTATION_CONTEXT ( 'NONE', 'WORKASPACE' ) );
#443 = EDGE_CURVE ( 'NONE', #11674, #1405, #4653, .T. ) ;
#444 = DIRECTION ( 'NONE',  ( 1.000000000000000000, 0.0000000000000000000, 0.0000000000000000000 ) ) ;
#445 =( NAMED_UNIT ( * ) SI_UNIT ( $, .STERADIAN. ) SOLID_ANGLE_UNIT ( ) );
#446 = STYLED_ITEM ( 'NONE', ( #3824 ), #1469 ) ;
#447 =( LENGTH_UNIT ( ) NAMED_UNIT ( * ) SI_UNIT ( .MILLI., .METRE. ) );
#448 = FILL_AREA_STYLE ('',( #10656 ) ) ;
#449 = EDGE_LOOP ( 'NONE', ( #4343, #7017, #10537, #7195 ) ) ;
#450 = SURFACE_STYLE_USAGE ( .BOTH. , #7823 ) ;
#451 = UNCERTAINTY_MEASURE_WITH_UNIT (LENGTH_MEASURE( 1.000000000000000082E-05 ), #10776, 'distance_accuracy_value', 'NONE');
#452 = VECTOR ( 'NONE', #4393, 1000.000000000000000 ) ;
#453 = B_SPLINE_CURVE_WITH_KNOTS ( 'NONE', 3,
 ( #2729, #8417, #5562, #6659 ),
 .UNSPECIFIED., .F., .F.,
 ( 4, 4 ),
 ( 16.00000000000000000, 17.00000000000000000 ),
 .UNSPECIFIED. ) ;
#454 = VERTEX_POINT ( 'NONE', #8278 ) ;
#455 = CARTESIAN_POINT ( 'NONE',  ( 0.4000000000000000222, -0.6250000000000000000, 0.0000000000000000000 ) ) ;
#456 = VERTEX_POINT ( 'NONE', #2134 ) ;
#457 = CARTESIAN_POINT ( 'NONE',  ( -0.1923724336084561837, -0.6260000000000000009, 0.7178039563720904903 ) ) ;
#458 = EDGE_CURVE ( 'NONE', #3577, #4540, #9279, .T. ) ;
#459 = DIRECTION ( 'NONE',  ( 0.0000000000000000000, 0.0000000000000000000, 1.000000000000000000 ) ) ;
#460 = PLANE ( 'NONE',  #3392 ) ;
#461 = EDGE_CURVE ( 'NONE', #3724, #8976, #10540, .T. ) ;
#462 = CARTESIAN_POINT ( 'NONE',  ( -0.3674676667158520149, -0.6260000000000000009, 0.7045643722374940188 ) ) ;
#463 = ORIENTED_EDGE ( 'NONE', *, *, #8571, .T. ) ;
#464 = CARTESIAN_POINT ( 'NONE',  ( -0.1489971991989588740, -0.6250000000000000000, 0.7424115603912743167 ) ) ;
#465 = CARTESIAN_POINT ( 'NONE',  ( -0.2714806817410641560, -0.6260000000000000009, 0.8066685996199067787 ) ) ;
#466 = MECHANICAL_DESIGN_GEOMETRIC_PRESENTATION_REPRESENTATION (  '', ( #3345 ), #3925 ) ;
#467 =( NAMED_UNIT ( * ) SI_UNIT ( $, .STERADIAN. ) SOLID_ANGLE_UNIT ( ) );
#468 = APPLICATION_PROTOCOL_DEFINITION ( 'draft international standard', 'automotive_design', 1998, #9995 ) ;
#469 = FACE_OUTER_BOUND ( 'NONE', #1959, .T. ) ;
#470 = ORIENTED_EDGE ( 'NONE', *, *, #10077, .T. ) ;
#471 = ORIENTED_EDGE ( 'NONE', *, *, #4149, .T. ) ;
#472 = STYLED_ITEM ( 'NONE', ( #9545 ), #3499 ) ;
#473 =( LENGTH_UNIT ( ) NAMED_UNIT ( * ) SI_UNIT ( .MILLI., .METRE. ) );
#474 = FACE_OUTER_BOUND ( 'NONE', #6545, .T. ) ;
#475 = CARTESIAN_POINT ( 'NONE',  ( -0.7603276670791284664, -0.6260000000000000009, 0.8377694897730677548 ) ) ;
#476 = SURFACE_STYLE_USAGE ( .BOTH. , #9838 ) ;
#477 = CARTESIAN_POINT ( 'NONE',  ( -0.4040151574745620144, -0.6260000000000000009, 0.6930577179637618102 ) ) ;
#478 = CARTESIAN_POINT ( 'NONE',  ( -0.3725278219086046172, -0.6260000000000000009, 0.8586218368384853639 ) ) ;
#479 = CARTESIAN_POINT ( 'NONE',  ( -0.2782910960930354283, -0.6250000000000000000, 0.8496452601610127164 ) ) ;
#480 = ORIENTED_EDGE ( 'NONE', *, *, #7218, .F. ) ;
#481 = CARTESIAN_POINT ( 'NONE',  ( -0.4368541783315783023, -0.6250000000000000000, 0.8343608187910123153 ) ) ;
#482 =( GEOMETRIC_REPRESENTATION_CONTEXT ( 3 ) GLOBAL_UNCERTAINTY_ASSIGNED_CONTEXT ( ( #8802 ) ) GLOBAL_UNIT_ASSIGNED_CONTEXT ( ( #4593, #8331, #8381 ) ) REPRESENTATION_CONTEXT ( 'NONE', 'WORKASPACE' ) );
#483 = VERTEX_POINT ( 'NONE', #4473 ) ;
#484 = VECTOR ( 'NONE', #5558, 1000.000000000000000 ) ;
#485 = EDGE_CURVE ( 'NONE', #3260, #5411, #5591, .T. ) ;
#486 = B_SPLINE_CURVE_WITH_KNOTS ( 'NONE', 3,
 ( #8315, #9190, #8255, #10237 ),
 .UNSPECIFIED., .F., .F.,
 ( 4, 4 ),
 ( 7.000000000000000000, 8.000000000000000000 ),
 .UNSPECIFIED. ) ;
#487 = PLANE ( 'NONE',  #1910 ) ;
#488 = SURFACE_STYLE_FILL_AREA ( #10697 ) ;
#489 = CARTESIAN_POINT ( 'NONE',  ( -0.2527130513516755439, -0.6260000000000000009, 0.7432780253219376521 ) ) ;
#490 = MECHANICAL_DESIGN_GEOMETRIC_PRESENTATION_REPRESENTATION (  '', ( #675 ), #9061 ) ;
#491 = DIRECTION ( 'NONE',  ( -0.3416038306815500913, 0.0000000000000000000, 0.9398440417769805544 ) ) ;
#492 = AXIS2_PLACEMENT_3D ( 'NONE', #4098, #4234, #7983 ) ;
#493 = CARTESIAN_POINT ( 'NONE',  ( -0.3563942449072202701, -0.6250000000000000000, 0.6956224541571924824 ) ) ;
#494 = SURFACE_SIDE_STYLE ('',( #8841 ) ) ;
#495 = EDGE_CURVE ( 'NONE', #1362, #568, #7964, .T. ) ;
#496 = SURFACE_STYLE_FILL_AREA ( #5103 ) ;
#497 = ORIENTED_EDGE ( 'NONE', *, *, #12026, .F. ) ;
#498 = LINE ( 'NONE', #8264, #10862 ) ;
#499 = ORIENTED_EDGE ( 'NONE', *, *, #5787, .T. ) ;
#500 = VERTEX_POINT ( 'NONE', #8019 ) ;
#501 = UNCERTAINTY_MEASURE_WITH_UNIT (LENGTH_MEASURE( 1.000000000000000082E-05 ), #3620, 'distance_accuracy_value', 'NONE');
#502 = AXIS2_PLACEMENT_3D ( 'NONE', #7091, #6239, #3754 ) ;
#503 = SURFACE_STYLE_FILL_AREA ( #4063 ) ;
#504 = FILL_AREA_STYLE ('',( #11412 ) ) ;
#505 = CARTESIAN_POINT ( 'NONE',  ( -0.4213617853783209188, -0.6250000000000000000, 0.6927457905887581813 ) ) ;
#506 = DIRECTION ( 'NONE',  ( 1.000000000000000000, 0.0000000000000000000, -0.0000000000000000000 ) ) ;
#507 = VECTOR ( 'NONE', #10136, 999.9999999999998863 ) ;
#508 = DIRECTION ( 'NONE',  ( -1.000000000000000000, 0.0000000000000000000, -0.0000000000000000000 ) ) ;
#509 = CARTESIAN_POINT ( 'NONE',  ( -0.1996160804250654563, -0.6260000000000000009, 0.6980832145591112647 ) ) ;
#510 = SURFACE_STYLE_USAGE ( .BOTH. , #2119 ) ;
#511 = EDGE_LOOP ( 'NONE', ( #8910, #10969, #3005, #6238 ) ) ;
#512 = CARTESIAN_POINT ( 'NONE',  ( -0.2876315880412645409, -0.6260000000000000009, 0.6832839935504295692 ) ) ;
#513 = CARTESIAN_POINT ( 'NONE',  ( -0.2198913597932442843, -0.6260000000000000009, 0.8093719702024847473 ) ) ;
#514 = ORIENTED_EDGE ( 'NONE', *, *, #1404, .F. ) ;
#515 = FILL_AREA_STYLE_COLOUR ( '', #6169 ) ;
#516 = UNCERTAINTY_MEASURE_WITH_UNIT (LENGTH_MEASURE( 1.000000000000000082E-05 ), #192, 'distance_accuracy_value', 'NONE');
#517 = ORIENTED_EDGE ( 'NONE', *, *, #9188, .T. ) ;
#518 = CARTESIAN_POINT ( 'NONE',  ( -0.3360323190458831544, -0.6250000000000000000, 0.6604786365855273012 ) ) ;
#519 = ADVANCED_FACE ( 'NONE', ( #6128 ), #4155, .F. ) ;
#520 =( GEOMETRIC_REPRESENTATION_CONTEXT ( 3 ) GLOBAL_UNCERTAINTY_ASSIGNED_CONTEXT ( ( #6418 ) ) GLOBAL_UNIT_ASSIGNED_CONTEXT ( ( #7628, #251, #8606 ) ) REPRESENTATION_CONTEXT ( 'NONE', 'WORKASPACE' ) );
#521 = FILL_AREA_STYLE_COLOUR ( '', #2053 ) ;
#522 = DIRECTION ( 'NONE',  ( 0.0000000000000000000, 1.000000000000000000, 0.0000000000000000000 ) ) ;
#523 = CARTESIAN_POINT ( 'NONE',  ( -0.3803779941768622441, -0.6260000000000000009, 0.6849822648136616454 ) ) ;
#524 = VERTEX_POINT ( 'NONE', #7900 ) ;
#525 =( LENGTH_UNIT ( ) NAMED_UNIT ( * ) SI_UNIT ( .MILLI., .METRE. ) );
#526 = LINE ( 'NONE', #5876, #5332 ) ;
#527 = SURFACE_STYLE_USAGE ( .BOTH. , #10797 ) ;
#528 = MECHANICAL_DESIGN_GEOMETRIC_PRESENTATION_REPRESENTATION (  '', ( #8111 ), #3989 ) ;
#529 = MECHANICAL_DESIGN_GEOMETRIC_PRESENTATION_REPRESENTATION (  '', ( #315 ), #5176 ) ;
#530 = VERTEX_POINT ( 'NONE', #1243 ) ;
#531 = EDGE_CURVE ( 'NONE', #2478, #10285, #8751, .T. ) ;
#532 = PRESENTATION_LAYER_ASSIGNMENT (  '', '', ( #5180 ) ) ;
#533 = EDGE_LOOP ( 'NONE', ( #6513, #4262, #3096, #10484 ) ) ;
#534 = CARTESIAN_POINT ( 'NONE',  ( -0.4147246640126687756, -0.6260000000000000009, 0.7120506292352244415 ) ) ;
#535 = VECTOR ( 'NONE', #10492, 1000.000000000000000 ) ;
#536 = CARTESIAN_POINT ( 'NONE',  ( -0.7111641087955192786, -0.6250000000000000000, 0.8700632052029202423 ) ) ;
#537 = ADVANCED_FACE ( 'NONE', ( #4217 ), #3167, .F. ) ;
#538 = CARTESIAN_POINT ( 'NONE',  ( -0.8384109871606698627, -0.6260000000000000009, 0.7596861880784363530 ) ) ;
#539 =( GEOMETRIC_REPRESENTATION_CONTEXT ( 3 ) GLOBAL_UNCERTAINTY_ASSIGNED_CONTEXT ( ( #3267 ) ) GLOBAL_UNIT_ASSIGNED_CONTEXT ( ( #2272, #10735, #467 ) ) REPRESENTATION_CONTEXT ( 'NONE', 'WORKASPACE' ) );
#540 = CARTESIAN_POINT ( 'NONE',  ( -0.6200669280814015139, -0.6260000000000000009, 0.7129325992190329586 ) ) ;
#541 =( LENGTH_UNIT ( ) NAMED_UNIT ( * ) SI_UNIT ( .MILLI., .METRE. ) );
#542 = AXIS2_PLACEMENT_3D ( 'NONE', #5041, #11446, #10584 ) ;
#543 = CARTESIAN_POINT ( 'NONE',  ( -0.6210309048191221537, -0.6250000000000000000, 0.6830488790695999901 ) ) ;
#544 =( NAMED_UNIT ( * ) PLANE_ANGLE_UNIT ( ) SI_UNIT ( $, .RADIAN. ) );
#545 =( NAMED_UNIT ( * ) PLANE_ANGLE_UNIT ( ) SI_UNIT ( $, .RADIAN. ) );
#546 = ORIENTED_EDGE ( 'NONE', *, *, #8226, .T. ) ;
#547 = DIRECTION ( 'NONE',  ( -1.000000000000000000, 0.0000000000000000000, -0.0000000000000000000 ) ) ;
#548 = ORIENTED_EDGE ( 'NONE', *, *, #1831, .F. ) ;
#549 =( GEOMETRIC_REPRESENTATION_CONTEXT ( 3 ) GLOBAL_UNCERTAINTY_ASSIGNED_CONTEXT ( ( #1647 ) ) GLOBAL_UNIT_ASSIGNED_CONTEXT ( ( #2426, #11830, #4320 ) ) REPRESENTATION_CONTEXT ( 'NONE', 'WORKASPACE' ) );
#550 = AXIS2_PLACEMENT_3D ( 'NONE', #10788, #9996, #11667 ) ;
#551 = COLOUR_RGB ( '',0.0000000000000000000, 0.0000000000000000000, 0.0000000000000000000 ) ;
#552 = LINE ( 'NONE', #6272, #8745 ) ;
#553 =( NAMED_UNIT ( * ) SI_UNIT ( $, .STERADIAN. ) SOLID_ANGLE_UNIT ( ) );
#554 = CARTESIAN_POINT ( 'NONE',  ( -0.3614717293985583169, -0.6260000000000000009, 0.7328111289642612602 ) ) ;
#555 = SURFACE_SIDE_STYLE ('',( #371 ) ) ;
#556 = MECHANICAL_DESIGN_GEOMETRIC_PRESENTATION_REPRESENTATION (  '', ( #8931 ), #7753 ) ;
#557 = CARTESIAN_POINT ( 'NONE',  ( -0.6856183391259830229, -0.6260000000000000009, 0.6994367410241408844 ) ) ;
#558 = DIRECTION ( 'NONE',  ( -0.0000000000000000000, 1.000000000000000000, -0.0000000000000000000 ) ) ;
#559 = EDGE_CURVE ( 'NONE', #3755, #9100, #8945, .T. ) ;
#560 = LINE ( 'NONE', #5231, #5865 ) ;
#561 = ORIENTED_EDGE ( 'NONE', *, *, #9522, .T. ) ;
#562 = PRESENTATION_LAYER_ASSIGNMENT (  '', '', ( #156 ) ) ;
#563 =( NAMED_UNIT ( * ) PLANE_ANGLE_UNIT ( ) SI_UNIT ( $, .RADIAN. ) );
#564 = CARTESIAN_POINT ( 'NONE',  ( -0.8311810513080299945, -0.6250000000000000000, 0.7216085185650514822 ) ) ;
#565 = DIRECTION ( 'NONE',  ( -0.0000000000000000000, -0.0000000000000000000, 1.000000000000000000 ) ) ;
#567 = ORIENTED_EDGE ( 'NONE', *, *, #5583, .F. ) ;
#566 = UNCERTAINTY_MEASURE_WITH_UNIT (LENGTH_MEASURE( 1.000000000000000082E-05 ), #5704, 'distance_accuracy_value', 'NONE');
#568 = VERTEX_POINT ( 'NONE', #11025 ) ;
#569 = FACE_OUTER_BOUND ( 'NONE', #7929, .T. ) ;
#570 = VECTOR ( 'NONE', #3176, 1000.000000000000000 ) ;
#571 = CARTESIAN_POINT ( 'NONE',  ( -0.2089912309704675397, -0.6260000000000000009, 0.6832839935504295692 ) ) ;
#572 = DIRECTION ( 'NONE',  ( -0.0000000000000000000, 1.000000000000000000, -0.0000000000000000000 ) ) ;
#573 = SURFACE_STYLE_USAGE ( .BOTH. , #622 ) ;
#575 = SURFACE_STYLE_FILL_AREA ( #9931 ) ;
#574 = VECTOR ( 'NONE', #10278, 1000.000000000000000 ) ;
#576 = PRESENTATION_STYLE_ASSIGNMENT (( #2305 ) ) ;
#577 = DIRECTION ( 'NONE',  ( 1.000000000000000000, -0.0000000000000000000, 0.0000000000000000000 ) ) ;
#578 = VECTOR ( 'NONE', #4104, 1000.000000000000000 ) ;
#579 = EDGE_LOOP ( 'NONE', ( #4934, #7551, #5770, #10397 ) ) ;
#580 = UNCERTAINTY_MEASURE_WITH_UNIT (LENGTH_MEASURE( 1.000000000000000082E-05 ), #8679, 'distance_accuracy_value', 'NONE');
#581 = ORIENTED_EDGE ( 'NONE', *, *, #7281, .F. ) ;
#582 = SURFACE_STYLE_FILL_AREA ( #8933 ) ;
#583 = ORIENTED_EDGE ( 'NONE', *, *, #2973, .T. ) ;
#584 = VECTOR ( 'NONE', #5820, 1000.000000000000000 ) ;
#585 = SURFACE_STYLE_FILL_AREA ( #8942 ) ;
#586 = EDGE_LOOP ( 'NONE', ( #11811, #5656, #2415, #8000, #9268, #980, #6227, #3951, #4415, #768, #10731, #9460 ) ) ;
#587 = SURFACE_STYLE_USAGE ( .BOTH. , #8878 ) ;
#588 = LINE ( 'NONE', #9880, #7341 ) ;
#589 = CARTESIAN_POINT ( 'NONE',  ( -0.2772686674751027036, -0.6250000000000000000, 0.8253495835163686678 ) ) ;
#590 = EDGE_CURVE ( 'NONE', #6420, #3976, #11844, .T. ) ;
#591 = CARTESIAN_POINT ( 'NONE',  ( -0.3563942449072202701, -0.6250000000000000000, 0.6956224541571924824 ) ) ;
#592 = ADVANCED_FACE ( 'NONE', ( #9183 ), #1778, .F. ) ;
#593 = EDGE_LOOP ( 'NONE', ( #1323, #1418, #7151, #8296 ) ) ;
#594 = B_SPLINE_SURFACE_WITH_KNOTS ( 'NONE', 3, 1, ( 
 ( #5415, #5349 ),
 ( #11823, #6224 ),
 ( #7077, #564 ),
 ( #3446, #11880 ) ),
 .UNSPECIFIED., .F., .F., .F.,
 ( 4, 4 ),
 ( 2, 2 ),
 ( 7.000000000000000000, 8.000000000000000000 ),
 ( 0.0000000000000000000, 1.000000000000000000 ),
 .UNSPECIFIED. ) ;
#595 = CARTESIAN_POINT ( 'NONE',  ( -0.3200720350303528638, -0.6260000000000000009, 0.6913247881028975472 ) ) ;
#596 = CARTESIAN_POINT ( 'NONE',  ( -0.4015890556698156200, -0.6260000000000000009, 0.6956571127543625943 ) ) ;
#597 = DIRECTION ( 'NONE',  ( -0.0000000000000000000, -0.0000000000000000000, 1.000000000000000000 ) ) ;
#598 =( LENGTH_UNIT ( ) NAMED_UNIT ( * ) SI_UNIT ( .MILLI., .METRE. ) );
#599 = SURFACE_SIDE_STYLE ('',( #10749 ) ) ;
#600 = ORIENTED_EDGE ( 'NONE', *, *, #8322, .F. ) ;
#601 = CARTESIAN_POINT ( 'NONE',  ( -0.3395328373643193842, -0.6260000000000000009, 0.8213638448370749190 ) ) ;
#602 =( NAMED_UNIT ( * ) PLANE_ANGLE_UNIT ( ) SI_UNIT ( $, .RADIAN. ) );
#603 = VERTEX_POINT ( 'NONE', #10966 ) ;
#604 = EDGE_CURVE ( 'NONE', #10873, #9632, #4504, .T. ) ;
#605 = CARTESIAN_POINT ( 'NONE',  ( -0.4064239299807260730, -0.6260000000000000009, 0.6904236645755241764 ) ) ;
#606 = MECHANICAL_DESIGN_GEOMETRIC_PRESENTATION_REPRESENTATION (  '', ( #11755 ), #1562 ) ;
#607 = CARTESIAN_POINT ( 'NONE',  ( -0.1492051507824478651, -0.6250000000000000000, 0.7424115603912743167 ) ) ;
#608 = LINE ( 'NONE', #1691, #2839 ) ;
#609 = LINE ( 'NONE', #9652, #144 ) ;
#610 = LINE ( 'NONE', #11569, #3826 ) ;
#611 =( NAMED_UNIT ( * ) PLANE_ANGLE_UNIT ( ) SI_UNIT ( $, .RADIAN. ) );
#612 = ORIENTED_EDGE ( 'NONE', *, *, #5567, .T. ) ;
#613 =( LENGTH_UNIT ( ) NAMED_UNIT ( * ) SI_UNIT ( .MILLI., .METRE. ) );
#614 = EDGE_CURVE ( 'NONE', #6624, #5891, #5256, .T. ) ;
#615 = ORIENTED_EDGE ( 'NONE', *, *, #8624, .T. ) ;
#616 = PRESENTATION_LAYER_ASSIGNMENT (  '', '', ( #1186 ) ) ;
#617 = EDGE_LOOP ( 'NONE', ( #6074, #989, #6714, #10712 ) ) ;
#618 = CARTESIAN_POINT ( 'NONE',  ( -0.4404586724415291421, -0.6260000000000000009, 0.7510762096942074084 ) ) ;
#619 = B_SPLINE_CURVE_WITH_KNOTS ( 'NONE', 3,
 ( #10962, #10170, #2677, #4449 ),
 .UNSPECIFIED., .F., .F.,
 ( 4, 4 ),
 ( 9.000000000000000000, 10.00000000000000000 ),
 .UNSPECIFIED. ) ;
#620 = FILL_AREA_STYLE ('',( #4988 ) ) ;
#621 = FILL_AREA_STYLE_COLOUR ( '', #2406 ) ;
#622 = SURFACE_SIDE_STYLE ('',( #5243 ) ) ;
#623 =( LENGTH_UNIT ( ) NAMED_UNIT ( * ) SI_UNIT ( .MILLI., .METRE. ) );
#624 = CARTESIAN_POINT ( 'NONE',  ( -1.000000000000000000, 0.2249999999999997835, -0.01000000000000000021 ) ) ;
#625 = ORIENTED_EDGE ( 'NONE', *, *, #3000, .F. ) ;
#626 = CARTESIAN_POINT ( 'NONE',  ( -0.2772686674751027036, -0.6260000000000000009, 0.8338062812358131293 ) ) ;
#627 = EDGE_CURVE ( 'NONE', #5908, #10857, #8247, .T. ) ;
#628 = VECTOR ( 'NONE', #3570, 1000.000000000000000 ) ;
#629 = VERTEX_POINT ( 'NONE', #2562 ) ;
#630 = UNCERTAINTY_MEASURE_WITH_UNIT (LENGTH_MEASURE( 1.000000000000000082E-05 ), #6816, 'distance_accuracy_value', 'NONE');
#631 = ORIENTED_EDGE ( 'NONE', *, *, #1162, .F. ) ;
#632 = CARTESIAN_POINT ( 'NONE',  ( -0.4238572043776431264, -0.6260000000000000009, 0.6834226279391137915 ) ) ;
#633 = PRESENTATION_LAYER_ASSIGNMENT (  '', '', ( #4483 ) ) ;
#634 = B_SPLINE_SURFACE_WITH_KNOTS ( 'NONE', 3, 1, ( 
 ( #8926, #8236 ),
 ( #4667, #5487 ),
 ( #1821, #6468 ),
 ( #6360, #11203 ) ),
 .UNSPECIFIED., .F., .F., .F.,
 ( 4, 4 ),
 ( 2, 2 ),
 ( 4.000000000000000000, 5.000000000000000000 ),
 ( 0.0000000000000000000, 1.000000000000000000 ),
 .UNSPECIFIED. ) ;
#635 = PRESENTATION_LAYER_ASSIGNMENT (  '', '', ( #8222 ) ) ;
#636 = CARTESIAN_POINT ( 'NONE',  ( -0.4197155020108486179, -0.6250000000000000000, 0.6912901295057251039 ) ) ;
#637 = FACE_BOUND ( 'NONE', #177, .T. ) ;
#638 = CARTESIAN_POINT ( 'NONE',  ( -0.1632245533543178750, -0.6250000000000000000, 0.7018263430577441619 ) ) ;
#639 = CARTESIAN_POINT ( 'NONE',  ( -0.3715747104854764671, -0.6250000000000000000, 0.7174573703999167495 ) ) ;
#640 = ORIENTED_EDGE ( 'NONE', *, *, #4619, .T. ) ;
#641 = CARTESIAN_POINT ( 'NONE',  ( -0.8181671676918732539, -0.6260000000000000009, 0.7071486652459895161 ) ) ;
#642 =( GEOMETRIC_REPRESENTATION_CONTEXT ( 3 ) GLOBAL_UNCERTAINTY_ASSIGNED_CONTEXT ( ( #6885 ) ) GLOBAL_UNIT_ASSIGNED_CONTEXT ( ( #1488, #6856, #10795 ) ) REPRESENTATION_CONTEXT ( 'NONE', 'WORKASPACE' ) );
#643 = DIRECTION ( 'NONE',  ( 1.000000000000000000, 0.0000000000000000000, 0.0000000000000000000 ) ) ;
#644 = CARTESIAN_POINT ( 'NONE',  ( -0.2341013846495562933, -0.6260000000000000009, 0.8499571875360144579 ) ) ;
#645 = EDGE_CURVE ( 'NONE', #10086, #3994, #10116, .T. ) ;
#646 = ORIENTED_EDGE ( 'NONE', *, *, #11783, .F. ) ;
#647 = DIRECTION ( 'NONE',  ( 1.000000000000000000, 0.0000000000000000000, -0.0000000000000000000 ) ) ;
#648 = CARTESIAN_POINT ( 'NONE',  ( -0.4048642931061782746, -0.6250000000000000000, 0.7896858869866756336 ) ) ;
#649 = PRESENTATION_STYLE_ASSIGNMENT (( #7230 ) ) ;
#650 = ORIENTED_EDGE ( 'NONE', *, *, #8852, .F. ) ;
#651 = PLANE ( 'NONE',  #10157 ) ;
#652 = CARTESIAN_POINT ( 'NONE',  ( -0.3725278219086046172, -0.6260000000000000009, 0.7908296206947073026 ) ) ;
#653 = CARTESIAN_POINT ( 'NONE',  ( -0.1535894633296700229, -0.6250000000000000000, 0.7510762096942074084 ) ) ;
#654 = PRODUCT_DEFINITION ( 'δ֪', '', #7243, #10710 ) ;
#655 =( NAMED_UNIT ( * ) SI_UNIT ( $, .STERADIAN. ) SOLID_ANGLE_UNIT ( ) );
#656 = CARTESIAN_POINT ( 'NONE',  ( -1.000000000000000000, -0.2249999999999997835, -0.01000000000000000021 ) ) ;
#657 =( NAMED_UNIT ( * ) PLANE_ANGLE_UNIT ( ) SI_UNIT ( $, .RADIAN. ) );
#658 =( NAMED_UNIT ( * ) SI_UNIT ( $, .STERADIAN. ) SOLID_ANGLE_UNIT ( ) );
#659 =( NAMED_UNIT ( * ) PLANE_ANGLE_UNIT ( ) SI_UNIT ( $, .RADIAN. ) );
#660 = CARTESIAN_POINT ( 'NONE',  ( -0.3600333976143411663, -0.6260000000000000009, 0.7014450984884007534 ) ) ;
#661 = ORIENTED_EDGE ( 'NONE', *, *, #11727, .F. ) ;
#662 = PRESENTATION_LAYER_ASSIGNMENT (  '', '', ( #7868 ) ) ;
#663 = FACE_OUTER_BOUND ( 'NONE', #4800, .T. ) ;
#664 = EDGE_CURVE ( 'NONE', #3401, #133, #5441, .T. ) ;
#665 = CARTESIAN_POINT ( 'NONE',  ( -0.4095085451324154691, -0.6260000000000000009, 0.6891066378816378402 ) ) ;
#666 = DIRECTION ( 'NONE',  ( 0.3493954794973193057, -0.0000000000000000000, -0.9369753459439784660 ) ) ;
#667 = PRESENTATION_STYLE_ASSIGNMENT (( #2354 ) ) ;
#668 = CARTESIAN_POINT ( 'NONE',  ( -0.3803779941768622441, -0.6260000000000000009, 0.6849822648136615344 ) ) ;
#669 = VERTEX_POINT ( 'NONE', #11100 ) ;
#670 = AXIS2_PLACEMENT_3D ( 'NONE', #4189, #789, #1470 ) ;
#671 = CARTESIAN_POINT ( 'NONE',  ( -0.6330807979073170833, -0.6260000000000000009, 0.7654701588243789656 ) ) ;
#672 = ORIENTED_EDGE ( 'NONE', *, *, #8031, .T. ) ;
#673 = VERTEX_POINT ( 'NONE', #6247 ) ;
#674 =( LENGTH_UNIT ( ) NAMED_UNIT ( * ) SI_UNIT ( .MILLI., .METRE. ) );
#675 = STYLED_ITEM ( 'NONE', ( #9330 ), #3829 ) ;
#676 = PLANE ( 'NONE',  #10325 ) ;
#677 = EDGE_CURVE ( 'NONE', #1632, #5262, #4213, .T. ) ;
#678 = DIRECTION ( 'NONE',  ( -0.0000000000000000000, 1.000000000000000000, -0.0000000000000000000 ) ) ;
#679 = CARTESIAN_POINT ( 'NONE',  ( -0.4368541783315783023, -0.6260000000000000009, 0.8132883916869743102 ) ) ;
#680 = B_SPLINE_CURVE_WITH_KNOTS ( 'NONE', 3,
 ( #7087, #7945, #9929, #2548 ),
 .UNSPECIFIED., .F., .F.,
 ( 4, 4 ),
 ( 5.000000000000000000, 6.000000000000000000 ),
 .UNSPECIFIED. ) ;
#681 = DIRECTION ( 'NONE',  ( -1.000000000000000000, 0.0000000000000000000, 0.0000000000000000000 ) ) ;
#682 = CARTESIAN_POINT ( 'NONE',  ( -0.3860966627165586806, -0.6260000000000000009, 0.8020243475939006217 ) ) ;
#683 = FILL_AREA_STYLE ('',( #9049 ) ) ;
#684 = B_SPLINE_SURFACE_WITH_KNOTS ( 'NONE', 3, 1, ( 
 ( #6025, #479 ),
 ( #11749, #3431 ),
 ( #7180, #10932 ),
 ( #2523, #11863 ) ),
 .UNSPECIFIED., .F., .F., .F.,
 ( 4, 4 ),
 ( 2, 2 ),
 ( 2.000000000000000000, 3.000000000000000000 ),
 ( 0.0000000000000000000, 1.000000000000000000 ),
 .UNSPECIFIED. ) ;
#685 = CARTESIAN_POINT ( 'NONE',  ( -0.4276696500706181348, -0.6250000000000000000, 0.8239632396281396653 ) ) ;
#686 = EDGE_LOOP ( 'NONE', ( #3242, #10688, #3690, #517 ) ) ;
#687 = PRESENTATION_STYLE_ASSIGNMENT (( #8125 ) ) ;
#688 = VECTOR ( 'NONE', #4744, 1000.000000000000000 ) ;
#689 = UNCERTAINTY_MEASURE_WITH_UNIT (LENGTH_MEASURE( 1.000000000000000082E-05 ), #4285, 'distance_accuracy_value', 'NONE');
#690 = STYLED_ITEM ( 'NONE', ( #4164 ), #13 ) ;
#691 = ORIENTED_EDGE ( 'NONE', *, *, #3593, .F. ) ;
#692 = ORIENTED_EDGE ( 'NONE', *, *, #8951, .T. ) ;
#693 = DIRECTION ( 'NONE',  ( 0.0000000000000000000, 0.0000000000000000000, -1.000000000000000000 ) ) ;
#694 = CARTESIAN_POINT ( 'NONE',  ( -0.4213617853783209188, -0.6250000000000000000, 0.6927457905887581813 ) ) ;
#695 =( GEOMETRIC_REPRESENTATION_CONTEXT ( 3 ) GLOBAL_UNCERTAINTY_ASSIGNED_CONTEXT ( ( #9406 ) ) GLOBAL_UNIT_ASSIGNED_CONTEXT ( ( #6761, #2292, #11570 ) ) REPRESENTATION_CONTEXT ( 'NONE', 'WORKASPACE' ) );
#696 = FILL_AREA_STYLE_COLOUR ( '', #4403 ) ;
#697 = CARTESIAN_POINT ( 'NONE',  ( -0.3499997337217647941, -0.6260000000000000009, 0.7224135498009269796 ) ) ;
#698 = CARTESIAN_POINT ( 'NONE',  ( -0.3715747104854764671, -0.6260000000000000009, 0.7174573703999167495 ) ) ;
#699 = ORIENTED_EDGE ( 'NONE', *, *, #6328, .F. ) ;
#700 = CARTESIAN_POINT ( 'NONE',  ( -0.3860966627165586806, -0.6250000000000000000, 0.8569928827695967311 ) ) ;
#701 = EDGE_CURVE ( 'NONE', #7094, #3381, #7000, .T. ) ;
#702 =( NAMED_UNIT ( * ) SI_UNIT ( $, .STERADIAN. ) SOLID_ANGLE_UNIT ( ) );
#703 = EDGE_CURVE ( 'NONE', #2712, #3696, #8193, .T. ) ;
#704 = CARTESIAN_POINT ( 'NONE',  ( -0.3145093301779258166, -0.6250000000000000000, 0.8508236524662153855 ) ) ;
#705 = VERTEX_POINT ( 'NONE', #2682 ) ;
#706 = SURFACE_STYLE_USAGE ( .BOTH. , #3479 ) ;
#707 = ORIENTED_EDGE ( 'NONE', *, *, #5789, .T. ) ;
#708 =( GEOMETRIC_REPRESENTATION_CONTEXT ( 3 ) GLOBAL_UNCERTAINTY_ASSIGNED_CONTEXT ( ( #11390 ) ) GLOBAL_UNIT_ASSIGNED_CONTEXT ( ( #8501, #8432, #3855 ) ) REPRESENTATION_CONTEXT ( 'NONE', 'WORKASPACE' ) );
#709 = VECTOR ( 'NONE', #5703, 1000.000000000000000 ) ;
#710 = MECHANICAL_DESIGN_GEOMETRIC_PRESENTATION_REPRESENTATION (  '', ( #2631 ), #1287 ) ;
#711 = DIRECTION ( 'NONE',  ( -0.0000000000000000000, 1.000000000000000000, -0.0000000000000000000 ) ) ;
#712 = SURFACE_STYLE_FILL_AREA ( #6259 ) ;
#713 = CARTESIAN_POINT ( 'NONE',  ( -0.7545437239127433804, -0.6250000000000000000, 0.7481183109390059371 ) ) ;
#714 = SURFACE_SIDE_STYLE ('',( #3488 ) ) ;
#715 = DIRECTION ( 'NONE',  ( 0.9369753459544858387, 0.0000000000000000000, 0.3493954794691420673 ) ) ;
#716 = AXIS2_PLACEMENT_3D ( 'NONE', #4461, #2640, #1555 ) ;
#717 = AXIS2_PLACEMENT_3D ( 'NONE', #11032, #8025, #6377 ) ;
#718 = B_SPLINE_CURVE_WITH_KNOTS ( 'NONE', 3,
 ( #9381, #1902, #2009, #2076 ),
 .UNSPECIFIED., .F., .F.,
 ( 4, 4 ),
 ( 11.00000000000000000, 12.00000000000000000 ),
 .UNSPECIFIED. ) ;
#719 = CARTESIAN_POINT ( 'NONE',  ( -0.3860966627165586806, -0.6260000000000000009, 0.8569928827695967311 ) ) ;
#720 = DIRECTION ( 'NONE',  ( -0.0000000000000000000, 0.0000000000000000000, -1.000000000000000000 ) ) ;
#721 = SURFACE_STYLE_USAGE ( .BOTH. , #5457 ) ;
#722 = FILL_AREA_STYLE ('',( #2525 ) ) ;
#723 = EDGE_LOOP ( 'NONE', ( #6930, #7919, #2991, #8898 ) ) ;
#724 = DIRECTION ( 'NONE',  ( 0.0000000000000000000, -0.0000000000000000000, 1.000000000000000000 ) ) ;
#725 = AXIS2_PLACEMENT_3D ( 'NONE', #6371, #11967, #9000 ) ;
#726 = VECTOR ( 'NONE', #3216, 1000.000000000000000 ) ;
#727 = EDGE_CURVE ( 'NONE', #2969, #204, #3646, .T. ) ;
#728 =( NAMED_UNIT ( * ) PLANE_ANGLE_UNIT ( ) SI_UNIT ( $, .RADIAN. ) );
#729 = PRESENTATION_LAYER_ASSIGNMENT (  '', '', ( #10500 ) ) ;
#730 = CARTESIAN_POINT ( 'NONE',  ( -0.3232606259737883514, -0.6250000000000000000, 0.7908296206947073026 ) ) ;
#731 = CARTESIAN_POINT ( 'NONE',  ( -0.6350087881558875713, -0.6260000000000000009, 0.6979907391445477893 ) ) ;
#732 = CARTESIAN_POINT ( 'NONE',  ( -0.1376984965082507506, -0.6250000000000000000, 0.7094858930413312503 ) ) ;
#733 = LINE ( 'NONE', #7304, #6393 ) ;
#734 = ORIENTED_EDGE ( 'NONE', *, *, #3385, .T. ) ;
#735 = EDGE_CURVE ( 'NONE', #7899, #6793, #3770, .T. ) ;
#736 = COLOUR_RGB ( '',0.0000000000000000000, 0.0000000000000000000, 0.0000000000000000000 ) ;
#737 = AXIS2_PLACEMENT_3D ( 'NONE', #4139, #6061, #8994 ) ;
#738 = CARTESIAN_POINT ( 'NONE',  ( -0.8384109871606698627, -0.6260000000000000009, 0.7596861880784363530 ) ) ;
#739 = EDGE_CURVE ( 'NONE', #11208, #7575, #7394, .T. ) ;
#740 = ORIENTED_EDGE ( 'NONE', *, *, #1577, .T. ) ;
#741 = ORIENTED_EDGE ( 'NONE', *, *, #3484, .F. ) ;
#742 = UNCERTAINTY_MEASURE_WITH_UNIT (LENGTH_MEASURE( 1.000000000000000082E-05 ), #1018, 'distance_accuracy_value', 'NONE');
#743 = EDGE_CURVE ( 'NONE', #7042, #3069, #2785, .T. ) ;
#744 = B_SPLINE_SURFACE_WITH_KNOTS ( 'NONE', 3, 1, ( 
 ( #5359, #9589 ),
 ( #10275, #9355 ),
 ( #1085, #1876 ),
 ( #7491, #4784 ) ),
 .UNSPECIFIED., .F., .F., .F.,
 ( 4, 4 ),
 ( 2, 2 ),
 ( 7.000000000000000000, 8.000000000000000000 ),
 ( 0.0000000000000000000, 1.000000000000000000 ),
 .UNSPECIFIED. ) ;
#745 = SURFACE_STYLE_USAGE ( .BOTH. , #6231 ) ;
#746 = COLOUR_RGB ( '',0.0000000000000000000, 0.0000000000000000000, 0.0000000000000000000 ) ;
#747 = DIRECTION ( 'NONE',  ( -1.000000000000000000, -0.0000000000000000000, -0.0000000000000000000 ) ) ;
#748 = CARTESIAN_POINT ( 'NONE',  ( -0.7241779970081148043, -0.6250000000000000000, 0.7177525564541258341 ) ) ;
#749 = CARTESIAN_POINT ( 'NONE',  ( 0.0000000000000000000, 0.0000000000000000000, 0.0000000000000000000 ) ) ;
#750 = SURFACE_STYLE_FILL_AREA ( #11776 ) ;
#751 = CARTESIAN_POINT ( 'NONE',  ( -0.3563942449072202701, -0.6260000000000000009, 0.6912554709085554361 ) ) ;
#752 = FILL_AREA_STYLE ('',( #4322 ) ) ;
#753 = ORIENTED_EDGE ( 'NONE', *, *, #11660, .F. ) ;
#754 = ORIENTED_EDGE ( 'NONE', *, *, #9037, .T. ) ;
#755 = PRESENTATION_LAYER_ASSIGNMENT (  '', '', ( #8522 ) ) ;
#756 = CARTESIAN_POINT ( 'NONE',  ( -0.4266298921543317801, -0.6260000000000000009, 0.6859527055353747960 ) ) ;
#757 = ADVANCED_FACE ( 'NONE', ( #11463 ), #4458, .F. ) ;
#758 = COLOUR_RGB ( '',0.0000000000000000000, 0.0000000000000000000, 0.0000000000000000000 ) ;
#759 = CARTESIAN_POINT ( 'NONE',  ( -0.3803779941768622441, -0.6260000000000000009, 0.6937508899076438862 ) ) ;
#760 = SURFACE_STYLE_USAGE ( .BOTH. , #5617 ) ;
#761 = MECHANICAL_DESIGN_GEOMETRIC_PRESENTATION_REPRESENTATION (  '', ( #6013 ), #6486 ) ;
#762 = DIRECTION ( 'NONE',  ( -0.0000000000000000000, 1.000000000000000000, -0.0000000000000000000 ) ) ;
#763 = LINE ( 'NONE', #4329, #8013 ) ;
#764 = VERTEX_POINT ( 'NONE', #9429 ) ;
#765 = CARTESIAN_POINT ( 'NONE',  ( -0.4101843877779435266, -0.6250000000000000000, 0.7259140681193632094 ) ) ;
#766 = PLANE ( 'NONE',  #8311 ) ;
#767 = SURFACE_STYLE_USAGE ( .BOTH. , #879 ) ;
#768 = ORIENTED_EDGE ( 'NONE', *, *, #1268, .T. ) ;
#769 = DIRECTION ( 'NONE',  ( -0.0000000000000000000, 1.000000000000000000, -0.0000000000000000000 ) ) ;
#770 =( LENGTH_UNIT ( ) NAMED_UNIT ( * ) SI_UNIT ( .MILLI., .METRE. ) );
#771 = SURFACE_SIDE_STYLE ('',( #9953 ) ) ;
#772 = VERTEX_POINT ( 'NONE', #1044 ) ;
#773 = AXIS2_PLACEMENT_3D ( 'NONE', #3609, #11491, #2148 ) ;
#774 = CARTESIAN_POINT ( 'NONE',  ( -0.7342999090408477425, -0.6250000000000000000, 0.7177525564541258341 ) ) ;
#775 = DIRECTION ( 'NONE',  ( -0.0000000000000000000, 1.000000000000000000, -0.0000000000000000000 ) ) ;
#776 = CARTESIAN_POINT ( 'NONE',  ( -0.3903250115762804673, -0.6260000000000000009, 0.8588297884219738831 ) ) ;
#777 =( GEOMETRIC_REPRESENTATION_CONTEXT ( 3 ) GLOBAL_UNCERTAINTY_ASSIGNED_CONTEXT ( ( #6842 ) ) GLOBAL_UNIT_ASSIGNED_CONTEXT ( ( #4224, #3298, #3244 ) ) REPRESENTATION_CONTEXT ( 'NONE', 'WORKASPACE' ) );
#778 = CARTESIAN_POINT ( 'NONE',  ( -0.3748846065190087895, -0.6250000000000000000, 0.7289640246736514007 ) ) ;
#779 = CARTESIAN_POINT ( 'NONE',  ( -0.4154351652553697205, -0.6250000000000000000, 0.6821402598423972341 ) ) ;
#780 = DIRECTION ( 'NONE',  ( 1.000000000000000000, -0.0000000000000000000, -0.0000000000000000000 ) ) ;
#781 = CARTESIAN_POINT ( 'NONE',  ( -0.4180865479419587083, -0.6260000000000000009, 0.6898344684231545454 ) ) ;
#782 = VERTEX_POINT ( 'NONE', #5735 ) ;
#783 = FACE_OUTER_BOUND ( 'NONE', #9316, .T. ) ;
#784 = CARTESIAN_POINT ( 'NONE',  ( -0.3803260062811051334, -0.6250000000000000000, 0.7229334287589547214 ) ) ;
#785 = B_SPLINE_CURVE_WITH_KNOTS ( 'NONE', 3,
 ( #457, #2263, #7893, #1368 ),
 .UNSPECIFIED., .F., .F.,
 ( 4, 4 ),
 ( 4.000000000000000000, 5.000000000000000000 ),
 .UNSPECIFIED. ) ;
#786 = CARTESIAN_POINT ( 'NONE',  ( -0.4608485004169451948, 0.0000000000000000000, 0.9899999999999999911 ) ) ;
#787 = B_SPLINE_SURFACE_WITH_KNOTS ( 'NONE', 3, 1, ( 
 ( #9112, #4440 ),
 ( #9984, #2671 ),
 ( #9233, #8184 ),
 ( #3397, #7145 ) ),
 .UNSPECIFIED., .F., .F., .F.,
 ( 4, 4 ),
 ( 2, 2 ),
 ( 2.000000000000000000, 3.000000000000000000 ),
 ( 0.0000000000000000000, 1.000000000000000000 ),
 .UNSPECIFIED. ) ;
#788 = CARTESIAN_POINT ( 'NONE',  ( -0.6022330826337125576, -0.6260000000000000009, 0.7876419363652877870 ) ) ;
#789 = DIRECTION ( 'NONE',  ( 1.000000000000000000, 0.0000000000000000000, -0.0000000000000000000 ) ) ;
#790 = LINE ( 'NONE', #9974, #11709 ) ;
#791 = VERTEX_POINT ( 'NONE', #9481 ) ;
#792 = SURFACE_STYLE_USAGE ( .BOTH. , #9163 ) ;
#793 = CARTESIAN_POINT ( 'NONE',  ( -0.2788802922454052813, -0.6250000000000000000, 0.7138182176927964084 ) ) ;
#794 = EDGE_LOOP ( 'NONE', ( #6843, #6915, #7844, #79 ) ) ;
#795 = ORIENTED_EDGE ( 'NONE', *, *, #4918, .T. ) ;
#796 = CARTESIAN_POINT ( 'NONE',  ( -0.6350087881558875713, -0.6250000000000000000, 0.8478914018058004709 ) ) ;
#797 = MECHANICAL_DESIGN_GEOMETRIC_PRESENTATION_REPRESENTATION (  '', ( #5058 ), #2902 ) ;
#798 = EDGE_CURVE ( 'NONE', #8976, #1744, #8545, .T. ) ;
#799 = CARTESIAN_POINT ( 'NONE',  ( -0.2876315880412645409, -0.6250000000000000000, 0.7510762096942074084 ) ) ;
#800 =( LENGTH_UNIT ( ) NAMED_UNIT ( * ) SI_UNIT ( .MILLI., .METRE. ) );
#801 = EDGE_CURVE ( 'NONE', #5891, #3800, #10229, .T. ) ;
#802 = ADVANCED_FACE ( 'NONE', ( #935 ), #2307, .F. ) ;
#803 = FILL_AREA_STYLE_COLOUR ( '', #3202 ) ;
#804 = FILL_AREA_STYLE ('',( #10953 ) ) ;
#805 = PRESENTATION_LAYER_ASSIGNMENT (  '', '', ( #4470 ) ) ;
#806 = SURFACE_STYLE_FILL_AREA ( #11777 ) ;
#807 = UNCERTAINTY_MEASURE_WITH_UNIT (LENGTH_MEASURE( 1.000000000000000082E-05 ), #11621, 'distance_accuracy_value', 'NONE');
#808 = ORIENTED_EDGE ( 'NONE', *, *, #8132, .T. ) ;
#809 = ORIENTED_EDGE ( 'NONE', *, *, #2779, .F. ) ;
#810 = PRESENTATION_STYLE_ASSIGNMENT (( #6366 ) ) ;
#811 = PRESENTATION_LAYER_ASSIGNMENT (  '', '', ( #446 ) ) ;
#812 = COLOUR_RGB ( '',0.0000000000000000000, 0.0000000000000000000, 0.0000000000000000000 ) ;
#813 = ADVANCED_FACE ( 'NONE', ( #1225 ), #4927, .T. ) ;
#814 = CARTESIAN_POINT ( 'NONE',  ( -0.4157817512275402416, -0.6250000000000000000, 0.8493679913831820860 ) ) ;
#815 = LINE ( 'NONE', #8302, #4949 ) ;
#816 = ORIENTED_EDGE ( 'NONE', *, *, #8805, .F. ) ;
#817 = COLOUR_RGB ( '',0.7529411764705882248, 0.7529411764705882248, 0.7529411764705882248 ) ;
#818 = CARTESIAN_POINT ( 'NONE',  ( -0.2788802922454052813, -0.6260000000000000009, 0.7432780253219376521 ) ) ;
#819 = CARTESIAN_POINT ( 'NONE',  ( -0.5757233178400067430, -0.6260000000000000009, 0.6844948625629764249 ) ) ;
#820 = ORIENTED_EDGE ( 'NONE', *, *, #6555, .F. ) ;
#821 = SURFACE_SIDE_STYLE ('',( #1546 ) ) ;
#822 = PRESENTATION_STYLE_ASSIGNMENT (( #4510 ) ) ;
#823 = MECHANICAL_DESIGN_GEOMETRIC_PRESENTATION_REPRESENTATION (  '', ( #4483 ), #10398 ) ;
#824 = CARTESIAN_POINT ( 'NONE',  ( -0.2296130963108196088, -0.6260000000000000009, 0.6910128607283587687 ) ) ;
#825 = EDGE_LOOP ( 'NONE', ( #5596, #2877, #2509, #7231 ) ) ;
#826 =( GEOMETRIC_REPRESENTATION_CONTEXT ( 3 ) GLOBAL_UNCERTAINTY_ASSIGNED_CONTEXT ( ( #2034 ) ) GLOBAL_UNIT_ASSIGNED_CONTEXT ( ( #7767, #11600, #8870 ) ) REPRESENTATION_CONTEXT ( 'NONE', 'WORKASPACE' ) );
#827 = ADVANCED_FACE ( 'NONE', ( #1360, #8796 ), #11718, .T. ) ;
#828 = PRESENTATION_STYLE_ASSIGNMENT (( #2736 ) ) ;
#829 = VECTOR ( 'NONE', #7165, 1000.000000000000000 ) ;
#830 = CARTESIAN_POINT ( 'NONE',  ( -0.3499997337217647941, -0.6260000000000000009, 0.7306622959368812564 ) ) ;
#831 = CARTESIAN_POINT ( 'NONE',  ( 0.0000000000000000000, 0.0000000000000000000, -0.01000000000000000021 ) ) ;
#832 = CARTESIAN_POINT ( 'NONE',  ( -0.5954851535362659654, -0.6250000000000000000, 0.7124506108502888235 ) ) ;
#833 = SURFACE_SIDE_STYLE ('',( #6262 ) ) ;
#834 = LINE ( 'NONE', #7238, #10533 ) ;
#835 = PRESENTATION_STYLE_ASSIGNMENT (( #1613 ) ) ;
#836 = B_SPLINE_SURFACE_WITH_KNOTS ( 'NONE', 3, 1, ( 
 ( #6337, #846 ),
 ( #10081, #11931 ),
 ( #2404, #9094 ),
 ( #5280, #1748 ) ),
 .UNSPECIFIED., .F., .F., .F.,
 ( 4, 4 ),
 ( 2, 2 ),
 ( 2.000000000000000000, 3.000000000000000000 ),
 ( 0.0000000000000000000, 1.000000000000000000 ),
 .UNSPECIFIED. ) ;
#837 = CARTESIAN_POINT ( 'NONE',  ( -0.2782910960930354283, -0.6260000000000000009, 0.8003260763302079139 ) ) ;
#838 = CARTESIAN_POINT ( 'NONE',  ( -0.4276696500706181348, -0.6260000000000000009, 0.8324892545419263490 ) ) ;
#839 =( NAMED_UNIT ( * ) PLANE_ANGLE_UNIT ( ) SI_UNIT ( $, .RADIAN. ) );
#840 = EDGE_LOOP ( 'NONE', ( #2789, #3084, #5879, #11331 ) ) ;
#841 = MECHANICAL_DESIGN_GEOMETRIC_PRESENTATION_REPRESENTATION (  '', ( #7424 ), #11773 ) ;
#842 = SURFACE_STYLE_FILL_AREA ( #5686 ) ;
#843 = CARTESIAN_POINT ( 'NONE',  ( -0.7492417691153342441, -0.6260000000000000009, 0.8368054992455673524 ) ) ;
#844 =( NAMED_UNIT ( * ) SI_UNIT ( $, .STERADIAN. ) SOLID_ANGLE_UNIT ( ) );
#845 = SURFACE_STYLE_USAGE ( .BOTH. , #6571 ) ;
#846 = CARTESIAN_POINT ( 'NONE',  ( -0.2197700547031451179, -0.6250000000000000000, 0.6910128607283587687 ) ) ;
#847 = SURFACE_STYLE_USAGE ( .BOTH. , #4709 ) ;
#848 = DIRECTION ( 'NONE',  ( -0.0000000000000000000, 1.000000000000000000, -0.0000000000000000000 ) ) ;
#849 = SURFACE_SIDE_STYLE ('',( #11186 ) ) ;
#850 = CARTESIAN_POINT ( 'NONE',  ( -0.7342999090408477425, -0.6260000000000000009, 0.7177525564541258341 ) ) ;
#851 = ORIENTED_EDGE ( 'NONE', *, *, #10609, .F. ) ;
#852 = EDGE_CURVE ( 'NONE', #8867, #6624, #2251, .T. ) ;
#853 = DIRECTION ( 'NONE',  ( -0.0000000000000000000, -0.0000000000000000000, -1.000000000000000000 ) ) ;
#854 = PRESENTATION_LAYER_ASSIGNMENT (  '', '', ( #2576 ) ) ;
#855 = VERTEX_POINT ( 'NONE', #6048 ) ;
#856 = VERTEX_POINT ( 'NONE', #7208 ) ;
#857 = UNCERTAINTY_MEASURE_WITH_UNIT (LENGTH_MEASURE( 1.000000000000000082E-05 ), #2234, 'distance_accuracy_value', 'NONE');
#858 = CARTESIAN_POINT ( 'NONE',  ( -0.8181671676918732539, -0.6260000000000000009, 0.7071486652459895161 ) ) ;
#859 = B_SPLINE_CURVE_WITH_KNOTS ( 'NONE', 3,
 ( #10576, #1075, #55, #7544 ),
 .UNSPECIFIED., .F., .F.,
 ( 4, 4 ),
 ( 7.000000000000000000, 8.000000000000000000 ),
 .UNSPECIFIED. ) ;
#860 = DIRECTION ( 'NONE',  ( -0.0000000000000000000, 1.000000000000000000, -0.0000000000000000000 ) ) ;
#861 = EDGE_CURVE ( 'NONE', #3935, #3547, #866, .T. ) ;
#862 =( LENGTH_UNIT ( ) NAMED_UNIT ( * ) SI_UNIT ( .MILLI., .METRE. ) );
#863 = VECTOR ( 'NONE', #7098, 1000.000000000000000 ) ;
#864 = LINE ( 'NONE', #799, #9935 ) ;
#865 = SURFACE_SIDE_STYLE ('',( #4665 ) ) ;
#866 = LINE ( 'NONE', #8983, #7824 ) ;
#867 = PLANE ( 'NONE',  #6457 ) ;
#868 = FILL_AREA_STYLE ('',( #5609 ) ) ;
#869 = ORIENTED_EDGE ( 'NONE', *, *, #10118, .F. ) ;
#870 = ORIENTED_EDGE ( 'NONE', *, *, #8058, .F. ) ;
#871 = CARTESIAN_POINT ( 'NONE',  ( -0.3039211287301524789, -0.6260000000000000009, 0.8586218368384853639 ) ) ;
#872 = EDGE_CURVE ( 'NONE', #3401, #6010, #11084, .T. ) ;
#873 = LINE ( 'NONE', #5616, #11010 ) ;
#874 =( NAMED_UNIT ( * ) PLANE_ANGLE_UNIT ( ) SI_UNIT ( $, .RADIAN. ) );
#875 = ORIENTED_EDGE ( 'NONE', *, *, #5108, .F. ) ;
#876 = CARTESIAN_POINT ( 'NONE',  ( -0.3046662885702537404, -0.6260000000000000009, 0.7985584878726350588 ) ) ;
#877 =( GEOMETRIC_REPRESENTATION_CONTEXT ( 3 ) GLOBAL_UNCERTAINTY_ASSIGNED_CONTEXT ( ( #6584 ) ) GLOBAL_UNIT_ASSIGNED_CONTEXT ( ( #1446, #6208, #8832 ) ) REPRESENTATION_CONTEXT ( 'NONE', 'WORKASPACE' ) );
#878 = DIRECTION ( 'NONE',  ( 1.000000000000000000, -1.807003620809174139E-16, 0.0000000000000000000 ) ) ;
#879 = SURFACE_SIDE_STYLE ('',( #10052 ) ) ;
#880 = ORIENTED_EDGE ( 'NONE', *, *, #9238, .T. ) ;
#881 = DIRECTION ( 'NONE',  ( -1.000000000000000000, 0.0000000000000000000, 0.0000000000000000000 ) ) ;
#882 = SURFACE_STYLE_USAGE ( .BOTH. , #81 ) ;
#883 = ORIENTED_EDGE ( 'NONE', *, *, #325, .F. ) ;
#884 = EDGE_CURVE ( 'NONE', #8478, #5221, #5363, .T. ) ;
#885 = MECHANICAL_DESIGN_GEOMETRIC_PRESENTATION_REPRESENTATION (  '', ( #5341 ), #2416 ) ;
#886 = LINE ( 'NONE', #7457, #3073 ) ;
#887 = COLOUR_RGB ( '',0.0000000000000000000, 0.0000000000000000000, 0.0000000000000000000 ) ;
#888 = PRESENTATION_LAYER_ASSIGNMENT (  '', '', ( #8277 ) ) ;
#889 = DIRECTION ( 'NONE',  ( -0.3559357243643076485, 0.0000000000000000000, -0.9345104387438674109 ) ) ;
#890 = SURFACE_STYLE_FILL_AREA ( #11293 ) ;
#891 = CARTESIAN_POINT ( 'NONE',  ( -0.8075632626939560632, -0.6260000000000000009, 0.6955807605265391658 ) ) ;
#892 = CARTESIAN_POINT ( 'NONE',  ( -0.3285980499443696412, -0.6250000000000000000, 0.6604786365855273012 ) ) ;
#893 = FACE_OUTER_BOUND ( 'NONE', #1303, .T. ) ;
#894 = CARTESIAN_POINT ( 'NONE',  ( -1.000000000000000000, 0.6250000000000000000, -0.01000000000000000021 ) ) ;
#895 = ADVANCED_FACE ( 'NONE', ( #2493 ), #787, .F. ) ;
#896 = SURFACE_SIDE_STYLE ('',( #11236 ) ) ;
#897 = SURFACE_STYLE_FILL_AREA ( #8263 ) ;
#898 = VECTOR ( 'NONE', #11171, 1000.000000000000000 ) ;
#899 = FACE_OUTER_BOUND ( 'NONE', #723, .T. ) ;
#900 = CARTESIAN_POINT ( 'NONE',  ( -0.5487315646773255340, -0.6250000000000000000, 0.7047386866284428564 ) ) ;
#901 = ORIENTED_EDGE ( 'NONE', *, *, #3969, .F. ) ;
#902 = ADVANCED_FACE ( 'NONE', ( #8122 ), #5427, .T. ) ;
#903 = COLOUR_RGB ( '',0.7529411764705882248, 0.7529411764705882248, 0.7529411764705882248 ) ;
#904 = CARTESIAN_POINT ( 'NONE',  ( -0.1482693686574422520, -0.6250000000000000000, 0.7385991146982979760 ) ) ;
#905 = LINE ( 'NONE', #11183, #3541 ) ;
#906 = EDGE_CURVE ( 'NONE', #1297, #9251, #9174, .T. ) ;
#907 = CARTESIAN_POINT ( 'NONE',  ( -0.5757233178400067430, -0.6250000000000000000, 0.7138965943436652584 ) ) ;
#908 = STYLED_ITEM ( 'NONE', ( #10341 ), #6702 ) ;
#909 = CARTESIAN_POINT ( 'NONE',  ( -0.5607814577652890931, -0.6250000000000000000, 0.7302844471044068753 ) ) ;
#910 = DIRECTION ( 'NONE',  ( -0.0000000000000000000, 0.0000000000000000000, 1.000000000000000000 ) ) ;
#911 = VERTEX_POINT ( 'NONE', #8237 ) ;
#912 = CARTESIAN_POINT ( 'NONE',  ( -0.3748846065190087895, -0.6260000000000000009, 0.7289640246736514007 ) ) ;
#913 = CARTESIAN_POINT ( 'NONE',  ( -0.3715747104854764671, -0.6250000000000000000, 0.7213391332872367556 ) ) ;
#914 = ORIENTED_EDGE ( 'NONE', *, *, #6201, .F. ) ;
#915 = STYLED_ITEM ( 'NONE', ( #327 ), #5034 ) ;
#916 = ORIENTED_EDGE ( 'NONE', *, *, #3859, .F. ) ;
#917 = COLOUR_RGB ( '',0.0000000000000000000, 0.0000000000000000000, 0.0000000000000000000 ) ;
#918 = EDGE_CURVE ( 'NONE', #1262, #243, #10281, .T. ) ;
#919 = CARTESIAN_POINT ( 'NONE',  ( -0.3657347368554498823, -0.6260000000000000009, 0.7123972152069356634 ) ) ;
#920 = AXIS2_PLACEMENT_3D ( 'NONE', #5748, #10611, #2982 ) ;
#921 = PRESENTATION_STYLE_ASSIGNMENT (( #2668 ) ) ;
#922 = FACE_OUTER_BOUND ( 'NONE', #10354, .T. ) ;
#923 = COLOUR_RGB ( '',0.0000000000000000000, 0.0000000000000000000, 0.0000000000000000000 ) ;
#924 = CARTESIAN_POINT ( 'NONE',  ( -0.4000000000000004108, -0.6250000000000000000, 0.0000000000000000000 ) ) ;
#925 = DIRECTION ( 'NONE',  ( -0.0000000000000000000, -0.0000000000000000000, 1.000000000000000000 ) ) ;
#926 = PLANE ( 'NONE',  #10069 ) ;
#927 = EDGE_LOOP ( 'NONE', ( #6421, #3791, #3041, #7775 ) ) ;
#928 = ORIENTED_EDGE ( 'NONE', *, *, #2859, .F. ) ;
#929 = SURFACE_STYLE_FILL_AREA ( #1988 ) ;
#930 = STYLED_ITEM ( 'NONE', ( #6815 ), #9939 ) ;
#931 =( GEOMETRIC_REPRESENTATION_CONTEXT ( 3 ) GLOBAL_UNCERTAINTY_ASSIGNED_CONTEXT ( ( #8483 ) ) GLOBAL_UNIT_ASSIGNED_CONTEXT ( ( #10079, #7539, #844 ) ) REPRESENTATION_CONTEXT ( 'NONE', 'WORKASPACE' ) );
#932 = B_SPLINE_SURFACE_WITH_KNOTS ( 'NONE', 3, 1, ( 
 ( #2173, #3932 ),
 ( #6641, #1981 ),
 ( #8593, #9467 ),
 ( #5905, #1089 ) ),
 .UNSPECIFIED., .F., .F., .F.,
 ( 4, 4 ),
 ( 2, 2 ),
 ( 6.000000000000000000, 7.000000000000000000 ),
 ( 0.0000000000000000000, 1.000000000000000000 ),
 .UNSPECIFIED. ) ;
#933 = CARTESIAN_POINT ( 'NONE',  ( -0.4260580253005465945, -0.6250000000000000000, 0.7200567651905200872 ) ) ;
#934 = ORIENTED_EDGE ( 'NONE', *, *, #2504, .T. ) ;
#935 = FACE_OUTER_BOUND ( 'NONE', #3328, .T. ) ;
#936 = SURFACE_STYLE_FILL_AREA ( #9307 ) ;
#937 = CARTESIAN_POINT ( 'NONE',  ( -0.4266298921543317801, -0.6250000000000000000, 0.6859527055353747960 ) ) ;
#938 = ORIENTED_EDGE ( 'NONE', *, *, #9205, .F. ) ;
#939 = FILL_AREA_STYLE_COLOUR ( '', #11442 ) ;
#940 = SURFACE_STYLE_USAGE ( .BOTH. , #5563 ) ;
#941 =( LENGTH_UNIT ( ) NAMED_UNIT ( * ) SI_UNIT ( .MILLI., .METRE. ) );
#942 = ORIENTED_EDGE ( 'NONE', *, *, #7003, .T. ) ;
#943 =( GEOMETRIC_REPRESENTATION_CONTEXT ( 3 ) GLOBAL_UNCERTAINTY_ASSIGNED_CONTEXT ( ( #4364 ) ) GLOBAL_UNIT_ASSIGNED_CONTEXT ( ( #2532, #11934, #10204 ) ) REPRESENTATION_CONTEXT ( 'NONE', 'WORKASPACE' ) );
#944 = STYLED_ITEM ( 'NONE', ( #1147 ), #2708 ) ;
#945 = DIRECTION ( 'NONE',  ( 1.000000000000000000, -0.0000000000000000000, -0.0000000000000000000 ) ) ;
#946 = CARTESIAN_POINT ( 'NONE',  ( -0.4389163648655687866, -0.6250000000000000000, 0.6910128607283587687 ) ) ;
#947 = DIRECTION ( 'NONE',  ( -0.0000000000000000000, -0.0000000000000000000, 1.000000000000000000 ) ) ;
#948 = EDGE_CURVE ( 'NONE', #8848, #6026, #10465, .T. ) ;
#949 = DIRECTION ( 'NONE',  ( 0.0000000000000000000, 0.0000000000000000000, 1.000000000000000000 ) ) ;
#950 = PRESENTATION_STYLE_ASSIGNMENT (( #10438 ) ) ;
#951 = EDGE_CURVE ( 'NONE', #2371, #4272, #6595, .T. ) ;
#952 = CARTESIAN_POINT ( 'NONE',  ( -0.2047628821109766240, -0.6250000000000000000, 0.7411638508917295365 ) ) ;
#953 =( NAMED_UNIT ( * ) PLANE_ANGLE_UNIT ( ) SI_UNIT ( $, .RADIAN. ) );
#954 = PRESENTATION_LAYER_ASSIGNMENT (  '', '', ( #1528 ) ) ;
#955 = SURFACE_SIDE_STYLE ('',( #2082 ) ) ;
#956 = PRESENTATION_LAYER_ASSIGNMENT (  '', '', ( #3268 ) ) ;
#957 = ORIENTED_EDGE ( 'NONE', *, *, #2144, .F. ) ;
#958 =( LENGTH_UNIT ( ) NAMED_UNIT ( * ) SI_UNIT ( .MILLI., .METRE. ) );
#959 = SURFACE_STYLE_FILL_AREA ( #1913 ) ;
#960 = MECHANICAL_DESIGN_GEOMETRIC_PRESENTATION_REPRESENTATION (  '', ( #6615 ), #10 ) ;
#961 = FACE_OUTER_BOUND ( 'NONE', #9284, .T. ) ;
#962 =( LENGTH_UNIT ( ) NAMED_UNIT ( * ) SI_UNIT ( .MILLI., .METRE. ) );
#963 =( LENGTH_UNIT ( ) NAMED_UNIT ( * ) SI_UNIT ( .MILLI., .METRE. ) );
#964 = FILL_AREA_STYLE_COLOUR ( '', #10187 ) ;
#965 = VERTEX_POINT ( 'NONE', #11204 ) ;
#966 = CARTESIAN_POINT ( 'NONE',  ( -0.7342999090408477425, -0.6260000000000000009, 0.7177525564541258341 ) ) ;
#967 = ORIENTED_EDGE ( 'NONE', *, *, #4417, .T. ) ;
#968 = VERTEX_POINT ( 'NONE', #1822 ) ;
#969 = UNCERTAINTY_MEASURE_WITH_UNIT (LENGTH_MEASURE( 1.000000000000000082E-05 ), #5217, 'distance_accuracy_value', 'NONE');
#970 = COLOUR_RGB ( '',0.0000000000000000000, 0.0000000000000000000, 0.0000000000000000000 ) ;
#971 = CARTESIAN_POINT ( 'NONE',  ( -0.2782910960930354283, -0.6260000000000000009, 0.8496452601610127164 ) ) ;
#972 = EDGE_CURVE ( 'NONE', #3091, #6246, #8349, .T. ) ;
#973 = DIRECTION ( 'NONE',  ( -0.9910683662997864518, 0.0000000000000000000, -0.1333547648937680186 ) ) ;
#974 = CARTESIAN_POINT ( 'NONE',  ( -0.4281548704317070797, -0.6250000000000000000, 0.7989397324419789115 ) ) ;
#975 = CARTESIAN_POINT ( 'NONE',  ( -0.6697124839270957031, -0.6260000000000000009, 0.8478914018058004709 ) ) ;
#976 = FILL_AREA_STYLE_COLOUR ( '', #1908 ) ;
#977 =( NAMED_UNIT ( * ) PLANE_ANGLE_UNIT ( ) SI_UNIT ( $, .RADIAN. ) );
#978 = B_SPLINE_CURVE_WITH_KNOTS ( 'NONE', 3,
 ( #4428, #913, #11137, #4538 ),
 .UNSPECIFIED., .F., .F.,
 ( 4, 4 ),
 ( 12.00000000000000000, 13.00000000000000000 ),
 .UNSPECIFIED. ) ;
#979 = CARTESIAN_POINT ( 'NONE',  ( -0.4000000000000004108, -0.2250000000000001166, -0.01000000000000000021 ) ) ;
#980 = ORIENTED_EDGE ( 'NONE', *, *, #11577, .T. ) ;
#981 = UNCERTAINTY_MEASURE_WITH_UNIT (LENGTH_MEASURE( 1.000000000000000082E-05 ), #11339, 'distance_accuracy_value', 'NONE');
#982 = EDGE_LOOP ( 'NONE', ( #11251, #4503, #202, #4916 ) ) ;
#983 = CARTESIAN_POINT ( 'NONE',  ( -0.1442316420823905043, -0.6260000000000000009, 0.7510762096942074084 ) ) ;
#984 = CARTESIAN_POINT ( 'NONE',  ( -0.2845123142921717752, -0.6250000000000000000, 0.8056288417033885541 ) ) ;
#985 = VECTOR ( 'NONE', #10243, 1000.000000000000000 ) ;
#986 = CARTESIAN_POINT ( 'NONE',  ( -0.4020742760306735830, -0.6260000000000000009, 0.8518634103822715353 ) ) ;
#987 = LINE ( 'NONE', #933, #11458 ) ;
#988 = EDGE_CURVE ( 'NONE', #10455, #4238, #7493, .T. ) ;
#989 = ORIENTED_EDGE ( 'NONE', *, *, #10308, .F. ) ;
#990 =( NAMED_UNIT ( * ) SI_UNIT ( $, .STERADIAN. ) SOLID_ANGLE_UNIT ( ) );
#991 = LINE ( 'NONE', #2912, #5100 ) ;
#992 = VERTEX_POINT ( 'NONE', #924 ) ;
#993 = CARTESIAN_POINT ( 'NONE',  ( -0.3637765261129762839, -0.6260000000000000009, 0.8213638448370749190 ) ) ;
#994 = CARTESIAN_POINT ( 'NONE',  ( -0.1503142258933072573, -0.6260000000000000009, 0.7376633325737550484 ) ) ;
#995 = AXIS2_PLACEMENT_3D ( 'NONE', #12006, #1575, #10832 ) ;
#996 = ADVANCED_FACE ( 'NONE', ( #8461 ), #2772, .F. ) ;
#997 = LINE ( 'NONE', #4689, #11260 ) ;
#998 = UNCERTAINTY_MEASURE_WITH_UNIT (LENGTH_MEASURE( 1.000000000000000082E-05 ), #5822, 'distance_accuracy_value', 'NONE');
#999 = ORIENTED_EDGE ( 'NONE', *, *, #6613, .T. ) ;
#1000 = AXIS2_PLACEMENT_3D ( 'NONE', #523, #9757, #5135 ) ;
#1001 = CARTESIAN_POINT ( 'NONE',  ( -0.7492417691153342441, -0.6260000000000000009, 0.8368054992455673524 ) ) ;
#1002 = B_SPLINE_CURVE_WITH_KNOTS ( 'NONE', 3,
 ( #11938, #9218, #3673, #3505 ),
 .UNSPECIFIED., .F., .F.,
 ( 4, 4 ),
 ( 4.000000000000000000, 5.000000000000000000 ),
 .UNSPECIFIED. ) ;
#1003 = CARTESIAN_POINT ( 'NONE',  ( -0.3803779941768622441, -0.6260000000000000009, 0.6937508899076438862 ) ) ;
#1004 = VECTOR ( 'NONE', #8717, 1000.000000000000000 ) ;
#1005 = EDGE_CURVE ( 'NONE', #5939, #4380, #11261, .T. ) ;
#1006 = FILL_AREA_STYLE_COLOUR ( '', #12042 ) ;
#1008 = CARTESIAN_POINT ( 'NONE',  ( -0.4093872400420847657, -0.6260000000000000009, 0.7328111289642612602 ) ) ;
#1007 = VECTOR ( 'NONE', #9828, 1000.000000000000000 ) ;
#1009 = STYLED_ITEM ( 'NONE', ( #10450 ), #10925 ) ;
#1010 = DIRECTION ( 'NONE',  ( -1.000000000000000000, -0.0000000000000000000, -0.0000000000000000000 ) ) ;
#1011 =( NAMED_UNIT ( * ) PLANE_ANGLE_UNIT ( ) SI_UNIT ( $, .RADIAN. ) );
#1012 = CARTESIAN_POINT ( 'NONE',  ( -0.6181642414781315376, 0.0000000000000000000, 0.9899999999999999911 ) ) ;
#1013 = ORIENTED_EDGE ( 'NONE', *, *, #9695, .T. ) ;
#1014 =( GEOMETRIC_REPRESENTATION_CONTEXT ( 3 ) GLOBAL_UNCERTAINTY_ASSIGNED_CONTEXT ( ( #4914 ) ) GLOBAL_UNIT_ASSIGNED_CONTEXT ( ( #8323, #10133, #10068 ) ) REPRESENTATION_CONTEXT ( 'NONE', 'WORKASPACE' ) );
#1015 = CARTESIAN_POINT ( 'NONE',  ( -0.4205299790452924902, -0.6260000000000000009, 0.8564383452143975450 ) ) ;
#1016 = CARTESIAN_POINT ( 'NONE',  ( -0.4666259133354898614, -0.6260000000000000009, 0.7138182176927964084 ) ) ;
#1017 = CARTESIAN_POINT ( 'NONE',  ( -0.6697124839270957031, -0.6260000000000000009, 0.8478914018058004709 ) ) ;
#1018 =( LENGTH_UNIT ( ) NAMED_UNIT ( * ) SI_UNIT ( .MILLI., .METRE. ) );
#1019 = CARTESIAN_POINT ( 'NONE',  ( -1.000000000000000000, -0.2249999999999997835, 0.0000000000000000000 ) ) ;
#1020 = DIRECTION ( 'NONE',  ( 0.0000000000000000000, 0.0000000000000000000, 1.000000000000000000 ) ) ;
#1021 = PLANE ( 'NONE',  #10773 ) ;
#1022 = VERTEX_POINT ( 'NONE', #10409 ) ;
#1023 = CARTESIAN_POINT ( 'NONE',  ( -0.7342999090408477425, -0.6250000000000000000, 0.6801568753099487274 ) ) ;
#1024 = STYLED_ITEM ( 'NONE', ( #8547 ), #11432 ) ;
#1025 = EDGE_LOOP ( 'NONE', ( #6946, #4089, #10514, #9683 ) ) ;
#1026 = ORIENTED_EDGE ( 'NONE', *, *, #9538, .T. ) ;
#1027 = B_SPLINE_SURFACE_WITH_KNOTS ( 'NONE', 3, 1, ( 
 ( #1811, #1480 ),
 ( #8044, #5223 ),
 ( #7298, #3315 ),
 ( #9092, #11991 ) ),
 .UNSPECIFIED., .F., .F., .F.,
 ( 4, 4 ),
 ( 2, 2 ),
 ( 1.000000000000000000, 2.000000000000000000 ),
 ( 0.0000000000000000000, 1.000000000000000000 ),
 .UNSPECIFIED. ) ;
#1028 =( LENGTH_UNIT ( ) NAMED_UNIT ( * ) SI_UNIT ( .MILLI., .METRE. ) );
#1029 = EDGE_CURVE ( 'NONE', #10907, #10750, #10384, .T. ) ;
#1030 = CARTESIAN_POINT ( 'NONE',  ( -0.2788802922454052813, -0.6250000000000000000, 0.7432780253219376521 ) ) ;
#1031 = CARTESIAN_POINT ( 'NONE',  ( -0.2967814577050550406, -0.6260000000000000009, 0.7317020538534013685 ) ) ;
#1032 = COLOUR_RGB ( '',0.0000000000000000000, 0.0000000000000000000, 0.0000000000000000000 ) ;
#1033 = DIRECTION ( 'NONE',  ( -0.0000000000000000000, -0.0000000000000000000, 1.000000000000000000 ) ) ;
#1034 =( LENGTH_UNIT ( ) NAMED_UNIT ( * ) SI_UNIT ( .MILLI., .METRE. ) );
#1035 = PRESENTATION_STYLE_ASSIGNMENT (( #9418 ) ) ;
#1036 = ORIENTED_EDGE ( 'NONE', *, *, #5699, .F. ) ;
#1037 = ORIENTED_EDGE ( 'NONE', *, *, #8347, .F. ) ;
#1038 = SURFACE_STYLE_USAGE ( .BOTH. , #5670 ) ;
#1039 = B_SPLINE_SURFACE_WITH_KNOTS ( 'NONE', 3, 1, ( 
 ( #9631, #3295 ),
 ( #344, #10566 ),
 ( #6134, #3104 ),
 ( #4220, #3059 ) ),
 .UNSPECIFIED., .F., .F., .F.,
 ( 4, 4 ),
 ( 2, 2 ),
 ( 16.00000000000000000, 17.00000000000000000 ),
 ( 0.0000000000000000000, 1.000000000000000000 ),
 .UNSPECIFIED. ) ;
#1040 = ADVANCED_FACE ( 'NONE', ( #6469 ), #3819, .F. ) ;
#1041 = PLANE ( 'NONE',  #3361 ) ;
#1042 = SURFACE_STYLE_USAGE ( .BOTH. , #9427 ) ;
#1043 = VERTEX_POINT ( 'NONE', #10707 ) ;
#1044 = CARTESIAN_POINT ( 'NONE',  ( -0.4666259133354898614, -0.6260000000000000009, 0.7215817434678952758 ) ) ;
#1045 = SURFACE_STYLE_FILL_AREA ( #7335 ) ;
#1046 = CARTESIAN_POINT ( 'NONE',  ( -0.6856183391259830229, -0.6260000000000000009, 0.6994367410241408844 ) ) ;
#1047 = VERTEX_POINT ( 'NONE', #6038 ) ;
#1048 = CARTESIAN_POINT ( 'NONE',  ( -0.7959953487811664008, -0.6250000000000000000, 0.7240185247626165221 ) ) ;
#1049 = VECTOR ( 'NONE', #6775, 1000.000000000000000 ) ;
#1050 = COLOUR_RGB ( '',0.0000000000000000000, 0.0000000000000000000, 1.000000000000000000 ) ;
#1051 = VERTEX_POINT ( 'NONE', #1278 ) ;
#1052 = VERTEX_POINT ( 'NONE', #2235 ) ;
#1053 = LINE ( 'NONE', #7363, #7974 ) ;
#1054 = PRESENTATION_LAYER_ASSIGNMENT (  '', '', ( #4542 ) ) ;
#1055 = CARTESIAN_POINT ( 'NONE',  ( -0.4205473083438770465, -0.6260000000000000009, 0.8443424947878321873 ) ) ;
#1056 = AXIS2_PLACEMENT_3D ( 'NONE', #11714, #506, #10598 ) ;
#1057 = EDGE_CURVE ( 'NONE', #3468, #7857, #7152, .T. ) ;
#1058 = CARTESIAN_POINT ( 'NONE',  ( -0.6697124839270957031, -0.6250000000000000000, 0.8478914018058004709 ) ) ;
#1059 = EDGE_CURVE ( 'NONE', #3935, #8990, #3018, .T. ) ;
#1060 =( NAMED_UNIT ( * ) SI_UNIT ( $, .STERADIAN. ) SOLID_ANGLE_UNIT ( ) );
#1061 = FILL_AREA_STYLE_COLOUR ( '', #3206 ) ;
#1062 = LINE ( 'NONE', #4755, #1294 ) ;
#1063 = FILL_AREA_STYLE ('',( #5640 ) ) ;
#1064 = ORIENTED_EDGE ( 'NONE', *, *, #7003, .F. ) ;
#1065 = ORIENTED_EDGE ( 'NONE', *, *, #3484, .T. ) ;
#1066 =( GEOMETRIC_REPRESENTATION_CONTEXT ( 3 ) GLOBAL_UNCERTAINTY_ASSIGNED_CONTEXT ( ( #1420 ) ) GLOBAL_UNIT_ASSIGNED_CONTEXT ( ( #6572, #2704, #7415 ) ) REPRESENTATION_CONTEXT ( 'NONE', 'WORKASPACE' ) );
#1067 = DIRECTION ( 'NONE',  ( -0.0000000000000000000, 1.000000000000000000, -0.0000000000000000000 ) ) ;
#1068 = CARTESIAN_POINT ( 'NONE',  ( -0.3573473563305798462, -0.6250000000000000000, 0.7328111289642612602 ) ) ;
#1069 = CARTESIAN_POINT ( 'NONE',  ( -0.4145860296237535159, -0.6260000000000000009, 0.7896858869866756336 ) ) ;
#1070 =( GEOMETRIC_REPRESENTATION_CONTEXT ( 3 ) GLOBAL_UNCERTAINTY_ASSIGNED_CONTEXT ( ( #7566 ) ) GLOBAL_UNIT_ASSIGNED_CONTEXT ( ( #3573, #7495, #4672 ) ) REPRESENTATION_CONTEXT ( 'NONE', 'WORKASPACE' ) );
#1071 = COLOUR_RGB ( '',0.0000000000000000000, 0.0000000000000000000, 0.0000000000000000000 ) ;
#1072 = COLOUR_RGB ( '',0.0000000000000000000, 0.0000000000000000000, 0.0000000000000000000 ) ;
#1073 =( NAMED_UNIT ( * ) SI_UNIT ( $, .STERADIAN. ) SOLID_ANGLE_UNIT ( ) );
#1074 = CARTESIAN_POINT ( 'NONE',  ( -0.3637765261129762839, -0.6260000000000000009, 0.8291273706121738973 ) ) ;
#1075 = CARTESIAN_POINT ( 'NONE',  ( -0.8384109871606698627, -0.6250000000000000000, 0.7404063591371397024 ) ) ;
#1076 = ORIENTED_EDGE ( 'NONE', *, *, #2072, .F. ) ;
#1077 = FILL_AREA_STYLE_COLOUR ( '', #9478 ) ;
#1078 = VERTEX_POINT ( 'NONE', #7677 ) ;
#1079 = ORIENTED_EDGE ( 'NONE', *, *, #6167, .F. ) ;
#1080 = UNCERTAINTY_MEASURE_WITH_UNIT (LENGTH_MEASURE( 1.000000000000000082E-05 ), #4847, 'distance_accuracy_value', 'NONE');
#1081 = SURFACE_SIDE_STYLE ('',( #8285 ) ) ;
#1082 =( GEOMETRIC_REPRESENTATION_CONTEXT ( 3 ) GLOBAL_UNCERTAINTY_ASSIGNED_CONTEXT ( ( #501 ) ) GLOBAL_UNIT_ASSIGNED_CONTEXT ( ( #3620, #10087, #10029 ) ) REPRESENTATION_CONTEXT ( 'NONE', 'WORKASPACE' ) );
#1083 = SURFACE_STYLE_FILL_AREA ( #2895 ) ;
#1084 = ADVANCED_FACE ( 'NONE', ( #11574 ), #11705, .F. ) ;
#1085 = CARTESIAN_POINT ( 'NONE',  ( -0.3909488663260510810, -0.6260000000000000009, 0.8505463836883847550 ) ) ;
#1086 = LINE ( 'NONE', #11323, #5356 ) ;
#1087 = DIRECTION ( 'NONE',  ( 1.000000000000000000, -0.0000000000000000000, -0.0000000000000000000 ) ) ;
#1088 = EDGE_CURVE ( 'NONE', #9954, #8867, #4976, .T. ) ;
#1089 = CARTESIAN_POINT ( 'NONE',  ( -0.4006012856492840446, -0.6250000000000000000, 0.6907702505476974730 ) ) ;
#1090 = PRESENTATION_LAYER_ASSIGNMENT (  '', '', ( #4387 ) ) ;
#1091 = SURFACE_STYLE_FILL_AREA ( #11147 ) ;
#1092 = EDGE_CURVE ( 'NONE', #3007, #5079, #6765, .T. ) ;
#1093 =( LENGTH_UNIT ( ) NAMED_UNIT ( * ) SI_UNIT ( .MILLI., .METRE. ) );
#1094 = ORIENTED_EDGE ( 'NONE', *, *, #6823, .T. ) ;
#1095 = ORIENTED_EDGE ( 'NONE', *, *, #872, .F. ) ;
#1096 = DIRECTION ( 'NONE',  ( -0.0000000000000000000, 1.000000000000000000, -0.0000000000000000000 ) ) ;
#1097 =( GEOMETRIC_REPRESENTATION_CONTEXT ( 3 ) GLOBAL_UNCERTAINTY_ASSIGNED_CONTEXT ( ( #10958 ) ) GLOBAL_UNIT_ASSIGNED_CONTEXT ( ( #5933, #3233, #1183 ) ) REPRESENTATION_CONTEXT ( 'NONE', 'WORKASPACE' ) );
#1098 = STYLED_ITEM ( 'NONE', ( #8367 ), #5191 ) ;
#1099 =( LENGTH_UNIT ( ) NAMED_UNIT ( * ) SI_UNIT ( .MILLI., .METRE. ) );
#1100 =( NAMED_UNIT ( * ) SI_UNIT ( $, .STERADIAN. ) SOLID_ANGLE_UNIT ( ) );
#1101 = ORIENTED_EDGE ( 'NONE', *, *, #11332, .F. ) ;
#1102 = SURFACE_SIDE_STYLE ('',( #3035 ) ) ;
#1103 = CARTESIAN_POINT ( 'NONE',  ( -0.3228447228072724995, -0.6260000000000000009, 0.6656427675700233859 ) ) ;
#1104 = SURFACE_SIDE_STYLE ('',( #10231 ) ) ;
#1105 = ORIENTED_EDGE ( 'NONE', *, *, #559, .F. ) ;
#1106 = SURFACE_SIDE_STYLE ('',( #9612 ) ) ;
#1107 = MECHANICAL_DESIGN_GEOMETRIC_PRESENTATION_REPRESENTATION (  '', ( #2268 ), #6950 ) ;
#1108 = ORIENTED_EDGE ( 'NONE', *, *, #3241, .F. ) ;
#1109 = CARTESIAN_POINT ( 'NONE',  ( -0.2198913597932442843, -0.6250000000000000000, 0.8093719702024847473 ) ) ;
#1110 = ORIENTED_EDGE ( 'NONE', *, *, #5517, .F. ) ;
#1111 = VECTOR ( 'NONE', #7473, 1000.000000000000000 ) ;
#1112 = CARTESIAN_POINT ( 'NONE',  ( -0.3145093301779258166, -0.6260000000000000009, 0.7985584878726350588 ) ) ;
#1113 = ADVANCED_FACE ( 'NONE', ( #2105 ), #10765, .F. ) ;
#1114 = SURFACE_STYLE_USAGE ( .BOTH. , #11543 ) ;
#1115 = PRESENTATION_LAYER_ASSIGNMENT (  '', '', ( #2844 ) ) ;
#1116 = PRESENTATION_LAYER_ASSIGNMENT (  '', '', ( #4794 ) ) ;
#1117 = CARTESIAN_POINT ( 'NONE',  ( -0.3145093301779258166, -0.6260000000000000009, 0.8508236524662153855 ) ) ;
#1118 = FILL_AREA_STYLE_COLOUR ( '', #9916 ) ;
#1119 = DIRECTION ( 'NONE',  ( -1.000000000000000000, 0.0000000000000000000, -0.0000000000000000000 ) ) ;
#1120 = CARTESIAN_POINT ( 'NONE',  ( -0.2481207872214242216, -0.6260000000000000009, 0.8093719702024847473 ) ) ;
#1121 = CARTESIAN_POINT ( 'NONE',  ( -0.3279915244931836948, -0.6260000000000000009, 0.6745846856503245892 ) ) ;
#1122 =( NAMED_UNIT ( * ) PLANE_ANGLE_UNIT ( ) SI_UNIT ( $, .RADIAN. ) );
#1123 = FILL_AREA_STYLE ('',( #6559 ) ) ;
#1124 = B_SPLINE_CURVE_WITH_KNOTS ( 'NONE', 3,
 ( #2380, #1541, #7223, #975 ),
 .UNSPECIFIED., .F., .F.,
 ( 4, 4 ),
 ( 20.00000000000000000, 21.00000000000000000 ),
 .UNSPECIFIED. ) ;
#1125 = CARTESIAN_POINT ( 'NONE',  ( -0.3803260062811051334, -0.6250000000000000000, 0.7186357627051216390 ) ) ;
#1126 = DIRECTION ( 'NONE',  ( -0.0000000000000000000, 1.000000000000000000, -0.0000000000000000000 ) ) ;
#1127 = VERTEX_POINT ( 'NONE', #11763 ) ;
#1128 = ORIENTED_EDGE ( 'NONE', *, *, #872, .T. ) ;
#1129 = PRESENTATION_LAYER_ASSIGNMENT (  '', '', ( #11507 ) ) ;
#1130 = LINE ( 'NONE', #4090, #3652 ) ;
#1131 = SURFACE_SIDE_STYLE ('',( #8569 ) ) ;
#1132 = CARTESIAN_POINT ( 'NONE',  ( -0.4368541783315783023, -0.6250000000000000000, 0.8234433606696495156 ) ) ;
#1133 =( NAMED_UNIT ( * ) PLANE_ANGLE_UNIT ( ) SI_UNIT ( $, .RADIAN. ) );
#1134 = CARTESIAN_POINT ( 'NONE',  ( -0.4101843877779435266, -0.6250000000000000000, 0.7259140681193632094 ) ) ;
#1135 = DIRECTION ( 'NONE',  ( -0.0000000000000000000, 1.000000000000000000, -0.0000000000000000000 ) ) ;
#1136 = STYLED_ITEM ( 'NONE', ( #7026 ), #6422 ) ;
#1137 = FACE_OUTER_BOUND ( 'NONE', #5320, .T. ) ;
#1138 = LINE ( 'NONE', #1074, #4569 ) ;
#1139 = MECHANICAL_DESIGN_GEOMETRIC_PRESENTATION_REPRESENTATION (  '', ( #944 ), #10137 ) ;
#1140 = EDGE_LOOP ( 'NONE', ( #7598, #10176, #2700, #4747 ) ) ;
#1141 = ADVANCED_FACE ( 'NONE', ( #3384 ), #594, .F. ) ;
#1142 = ORIENTED_EDGE ( 'NONE', *, *, #365, .F. ) ;
#1143 = ORIENTED_EDGE ( 'NONE', *, *, #6788, .T. ) ;
#1144 = SURFACE_SIDE_STYLE ('',( #11696 ) ) ;
#1145 = VECTOR ( 'NONE', #10408, 1000.000000000000114 ) ;
#1146 = PRESENTATION_LAYER_ASSIGNMENT (  '', '', ( #7387 ) ) ;
#1147 = PRESENTATION_STYLE_ASSIGNMENT (( #8838 ) ) ;
#1148 = B_SPLINE_CURVE_WITH_KNOTS ( 'NONE', 3,
 ( #477, #6868, #11747, #3305 ),
 .UNSPECIFIED., .F., .F.,
 ( 4, 4 ),
 ( 5.000000000000000000, 6.000000000000000000 ),
 .UNSPECIFIED. ) ;
#1149 = CARTESIAN_POINT ( 'NONE',  ( -0.2680668099160172235, -0.6260000000000000009, 0.8255921936970281871 ) ) ;
#1150 = CARTESIAN_POINT ( 'NONE',  ( -0.4003760047674415068, -0.6250000000000000000, 0.7075796701950723966 ) ) ;
#1151 = FILL_AREA_STYLE_COLOUR ( '', #9085 ) ;
#1152 = DIRECTION ( 'NONE',  ( -0.0000000000000000000, 1.000000000000000000, -0.0000000000000000000 ) ) ;
#1153 = PRESENTATION_STYLE_ASSIGNMENT (( #2043 ) ) ;
#1154 = LINE ( 'NONE', #9657, #10772 ) ;
#1155 = VECTOR ( 'NONE', #11972, 1000.000000000000000 ) ;
#1156 = FACE_BOUND ( 'NONE', #1659, .T. ) ;
#1157 = ORIENTED_EDGE ( 'NONE', *, *, #207, .T. ) ;
#1158 = ORIENTED_EDGE ( 'NONE', *, *, #11366, .T. ) ;
#1159 = ORIENTED_EDGE ( 'NONE', *, *, #5307, .T. ) ;
#1160 = FILL_AREA_STYLE_COLOUR ( '', #5688 ) ;
#1161 = EDGE_CURVE ( 'NONE', #9744, #6223, #9164, .T. ) ;
#1162 = EDGE_CURVE ( 'NONE', #7565, #9189, #7996, .T. ) ;
#1163 = CARTESIAN_POINT ( 'NONE',  ( -0.2338934330665299044, -0.6260000000000000009, 0.8499571875360144579 ) ) ;
#1164 =( NAMED_UNIT ( * ) PLANE_ANGLE_UNIT ( ) SI_UNIT ( $, .RADIAN. ) );
#1165 = SURFACE_STYLE_USAGE ( .BOTH. , #7024 ) ;
#1166 = SURFACE_STYLE_FILL_AREA ( #8665 ) ;
#1167 = SURFACE_STYLE_FILL_AREA ( #8861 ) ;
#1168 = ORIENTED_EDGE ( 'NONE', *, *, #4763, .F. ) ;
#1169 =( NAMED_UNIT ( * ) SI_UNIT ( $, .STERADIAN. ) SOLID_ANGLE_UNIT ( ) );
#1170 = SURFACE_STYLE_FILL_AREA ( #3947 ) ;
#1171 = UNCERTAINTY_MEASURE_WITH_UNIT (LENGTH_MEASURE( 1.000000000000000082E-05 ), #6865, 'distance_accuracy_value', 'NONE');
#1172 = EDGE_LOOP ( 'NONE', ( #9305, #8944, #1188, #7873, #8899, #10004 ) ) ;
#1173 = CARTESIAN_POINT ( 'NONE',  ( -0.1280807357821902026, -0.6250000000000000000, 0.6832839935504295692 ) ) ;
#1174 = ORIENTED_EDGE ( 'NONE', *, *, #2115, .F. ) ;
#1175 = FACE_OUTER_BOUND ( 'NONE', #44, .T. ) ;
#1176 =( NAMED_UNIT ( * ) PLANE_ANGLE_UNIT ( ) SI_UNIT ( $, .RADIAN. ) );
#1177 = EDGE_CURVE ( 'NONE', #7608, #4363, #9099, .T. ) ;
#1178 = COLOUR_RGB ( '',0.0000000000000000000, 0.0000000000000000000, 0.0000000000000000000 ) ;
#1179 = SURFACE_SIDE_STYLE ('',( #10491 ) ) ;
#1180 = CARTESIAN_POINT ( 'NONE',  ( -0.2481207872214242216, -0.6260000000000000009, 0.8093719702024847473 ) ) ;
#1181 =( NAMED_UNIT ( * ) PLANE_ANGLE_UNIT ( ) SI_UNIT ( $, .RADIAN. ) );
#1182 = CARTESIAN_POINT ( 'NONE',  ( -0.3763229383032259401, -0.6260000000000000009, 0.7088620382917889540 ) ) ;
#1183 =( NAMED_UNIT ( * ) SI_UNIT ( $, .STERADIAN. ) SOLID_ANGLE_UNIT ( ) );
#1184 = CARTESIAN_POINT ( 'NONE',  ( -0.4666259133354898614, -0.6260000000000000009, 0.7985584878726350588 ) ) ;
#1185 = LINE ( 'NONE', #7650, #1861 ) ;
#1186 = STYLED_ITEM ( 'NONE', ( #9998 ), #10663 ) ;
#1187 =( LENGTH_UNIT ( ) NAMED_UNIT ( * ) SI_UNIT ( .MILLI., .METRE. ) );
#1188 = ORIENTED_EDGE ( 'NONE', *, *, #8288, .T. ) ;
#1189 = ORIENTED_EDGE ( 'NONE', *, *, #11142, .F. ) ;
#1190 = CARTESIAN_POINT ( 'NONE',  ( -0.7492417691153342441, -0.6250000000000000000, 0.8368054992455673524 ) ) ;
#1191 = AXIS2_PLACEMENT_3D ( 'NONE', #3934, #6822, #7679 ) ;
#1192 = CARTESIAN_POINT ( 'NONE',  ( -0.6022330826337125576, -0.6260000000000000009, 0.7876419363652877870 ) ) ;
#1193 = COLOUR_RGB ( '',0.0000000000000000000, 0.0000000000000000000, 0.0000000000000000000 ) ;
#1194 = CARTESIAN_POINT ( 'NONE',  ( -0.4368541783315783023, -0.6260000000000000009, 0.8234433606696495156 ) ) ;
#1195 = EDGE_CURVE ( 'NONE', #2388, #8478, #8309, .T. ) ;
#1196 = SURFACE_STYLE_FILL_AREA ( #11681 ) ;
#1197 = DIRECTION ( 'NONE',  ( 0.9345104387417462188, 0.0000000000000000000, -0.3559357243698770823 ) ) ;
#1198 =( NAMED_UNIT ( * ) SI_UNIT ( $, .STERADIAN. ) SOLID_ANGLE_UNIT ( ) );
#1199 = VERTEX_POINT ( 'NONE', #5285 ) ;
#1200 = ORIENTED_EDGE ( 'NONE', *, *, #10009, .T. ) ;
#1201 = VERTEX_POINT ( 'NONE', #9917 ) ;
#1202 =( GEOMETRIC_REPRESENTATION_CONTEXT ( 3 ) GLOBAL_UNCERTAINTY_ASSIGNED_CONTEXT ( ( #1883 ) ) GLOBAL_UNIT_ASSIGNED_CONTEXT ( ( #5519, #11047, #10985 ) ) REPRESENTATION_CONTEXT ( 'NONE', 'WORKASPACE' ) );
#1203 = ORIENTED_EDGE ( 'NONE', *, *, #4494, .T. ) ;
#1204 = UNCERTAINTY_MEASURE_WITH_UNIT (LENGTH_MEASURE( 1.000000000000000082E-05 ), #623, 'distance_accuracy_value', 'NONE');
#1205 = LINE ( 'NONE', #6753, #1355 ) ;
#1206 = CARTESIAN_POINT ( 'NONE',  ( -0.2296130963108196088, -0.6250000000000000000, 0.6910128607283587687 ) ) ;
#1207 = MECHANICAL_DESIGN_GEOMETRIC_PRESENTATION_REPRESENTATION (  '', ( #4315 ), #4691 ) ;
#1208 = CARTESIAN_POINT ( 'NONE',  ( -0.3623035357315868010, -0.6250000000000000000, 0.7259140681193632094 ) ) ;
#1209 = VECTOR ( 'NONE', #4742, 1000.000000000000000 ) ;
#1210 = ADVANCED_FACE ( 'NONE', ( #1520 ), #8860, .F. ) ;
#1211 =( NAMED_UNIT ( * ) PLANE_ANGLE_UNIT ( ) SI_UNIT ( $, .RADIAN. ) );
#1212 = CARTESIAN_POINT ( 'NONE',  ( -0.2896591159785453784, -0.6250000000000000000, 0.8487094780364696778 ) ) ;
#1213 = SURFACE_STYLE_FILL_AREA ( #2358 ) ;
#1214 = CARTESIAN_POINT ( 'NONE',  ( -0.4753772091311208592, -0.6260000000000000009, 0.7510762096942074084 ) ) ;
#1215 = EDGE_LOOP ( 'NONE', ( #11165, #9186, #5112, #9856 ) ) ;
#1216 = ORIENTED_EDGE ( 'NONE', *, *, #8537, .T. ) ;
#1217 = ORIENTED_EDGE ( 'NONE', *, *, #8697, .T. ) ;
#1218 = DIRECTION ( 'NONE',  ( -0.0000000000000000000, 1.000000000000000000, -0.0000000000000000000 ) ) ;
#1219 =( GEOMETRIC_REPRESENTATION_CONTEXT ( 3 ) GLOBAL_UNCERTAINTY_ASSIGNED_CONTEXT ( ( #6645 ) ) GLOBAL_UNIT_ASSIGNED_CONTEXT ( ( #7620, #3820, #11387 ) ) REPRESENTATION_CONTEXT ( 'NONE', 'WORKASPACE' ) );
#1220 = AXIS2_PLACEMENT_3D ( 'NONE', #9273, #11992, #2881 ) ;
#1221 = CARTESIAN_POINT ( 'NONE',  ( -0.2772686674751027036, -0.6250000000000000000, 0.8253495835163686678 ) ) ;
#1222 = CARTESIAN_POINT ( 'NONE',  ( -0.7415298357001476326, -0.6250000000000000000, 0.8059577977619720723 ) ) ;
#1223 = SURFACE_STYLE_FILL_AREA ( #11335 ) ;
#1224 = DIRECTION ( 'NONE',  ( 0.0000000000000000000, 0.0000000000000000000, -1.000000000000000000 ) ) ;
#1225 = FACE_OUTER_BOUND ( 'NONE', #1960, .T. ) ;
#1226 = CARTESIAN_POINT ( 'NONE',  ( -0.2938874648380357391, -0.6260000000000000009, 0.7908296206947071916 ) ) ;
#1227 = LINE ( 'NONE', #4197, #11801 ) ;
#1228 = VERTEX_POINT ( 'NONE', #11729 ) ;
#1229 = FILL_AREA_STYLE_COLOUR ( '', #1688 ) ;
#1230 = ORIENTED_EDGE ( 'NONE', *, *, #6017, .F. ) ;
#1231 = LINE ( 'NONE', #455, #8686 ) ;
#1232 = ORIENTED_EDGE ( 'NONE', *, *, #1831, .T. ) ;
#1233 = PRESENTATION_LAYER_ASSIGNMENT (  '', '', ( #1439 ) ) ;
#1234 = DIRECTION ( 'NONE',  ( -0.3897582650654642378, 0.0000000000000000000, -0.9209172030172740886 ) ) ;
#1235 = LINE ( 'NONE', #10662, #11328 ) ;
#1236 = ADVANCED_FACE ( 'NONE', ( #5130 ), #5925, .F. ) ;
#1237 = CARTESIAN_POINT ( 'NONE',  ( -0.4205473083438770465, -0.6250000000000000000, 0.8443424947878321873 ) ) ;
#1238 = DIRECTION ( 'NONE',  ( 0.3315284183504040305, 0.0000000000000000000, 0.9434452330824930621 ) ) ;
#1239 = MECHANICAL_DESIGN_GEOMETRIC_PRESENTATION_REPRESENTATION (  '', ( #3558 ), #8638 ) ;
#1240 = FACE_OUTER_BOUND ( 'NONE', #579, .T. ) ;
#1241 = EDGE_LOOP ( 'NONE', ( #8051, #2541, #10549, #9300 ) ) ;
#1242 = ADVANCED_FACE ( 'NONE', ( #5998 ), #3482, .F. ) ;
#1243 = CARTESIAN_POINT ( 'NONE',  ( -0.4048642931061782746, -0.6260000000000000009, 0.7896858869866756336 ) ) ;
#1244 = CARTESIAN_POINT ( 'NONE',  ( -0.2190248948630434400, -0.6260000000000000009, 0.7510762096942074084 ) ) ;
#1245 = CARTESIAN_POINT ( 'NONE',  ( -0.7342998998475077643, -0.6250000000000000000, 0.8016198380885017905 ) ) ;
#1246 = EDGE_CURVE ( 'NONE', #2224, #10305, #3921, .T. ) ;
#1247 =( LENGTH_UNIT ( ) NAMED_UNIT ( * ) SI_UNIT ( .MILLI., .METRE. ) );
#1248 = SURFACE_STYLE_USAGE ( .BOTH. , #5018 ) ;
#1249 = EDGE_CURVE ( 'NONE', #5523, #7809, #2377, .T. ) ;
#1250 = VERTEX_POINT ( 'NONE', #8742 ) ;
#1251 = ORIENTED_EDGE ( 'NONE', *, *, #3535, .T. ) ;
#1252 = B_SPLINE_SURFACE_WITH_KNOTS ( 'NONE', 3, 1, ( 
 ( #1425, #7158 ),
 ( #5252, #7896 ),
 ( #10729, #694 ),
 ( #6001, #636 ) ),
 .UNSPECIFIED., .F., .F., .F.,
 ( 4, 4 ),
 ( 2, 2 ),
 ( 2.000000000000000000, 3.000000000000000000 ),
 ( 0.0000000000000000000, 1.000000000000000000 ),
 .UNSPECIFIED. ) ;
#1253 = CARTESIAN_POINT ( 'NONE',  ( -0.7530977404195974279, -0.6260000000000000009, 0.6883508062872206734 ) ) ;
#1254 = PRESENTATION_STYLE_ASSIGNMENT (( #11617 ) ) ;
#1255 = SURFACE_SIDE_STYLE ('',( #11555 ) ) ;
#1256 = B_SPLINE_CURVE_WITH_KNOTS ( 'NONE', 3,
 ( #11461, #6892, #3940, #10599 ),
 .UNSPECIFIED., .F., .F.,
 ( 4, 4 ),
 ( 5.000000000000000000, 6.000000000000000000 ),
 .UNSPECIFIED. ) ;
#1257 = DIRECTION ( 'NONE',  ( -0.0000000000000000000, 1.000000000000000000, -0.0000000000000000000 ) ) ;
#1258 =( NAMED_UNIT ( * ) SI_UNIT ( $, .STERADIAN. ) SOLID_ANGLE_UNIT ( ) );
#1259 = CARTESIAN_POINT ( 'NONE',  ( -0.4122292450133492325, -0.6250000000000000000, 0.8597655705465168108 ) ) ;
#1260 = ORIENTED_EDGE ( 'NONE', *, *, #11429, .T. ) ;
#1261 = MECHANICAL_DESIGN_GEOMETRIC_PRESENTATION_REPRESENTATION (  '', ( #11832 ), #4935 ) ;
#1262 = VERTEX_POINT ( 'NONE', #399 ) ;
#1263 = LINE ( 'NONE', #601, #4966 ) ;
#1264 = MECHANICAL_DESIGN_GEOMETRIC_PRESENTATION_REPRESENTATION (  '', ( #11834 ), #2222 ) ;
#1265 = VERTEX_POINT ( 'NONE', #4074 ) ;
#1266 = EDGE_CURVE ( 'NONE', #9448, #4961, #7828, .T. ) ;
#1267 =( NAMED_UNIT ( * ) SI_UNIT ( $, .STERADIAN. ) SOLID_ANGLE_UNIT ( ) );
#1268 = EDGE_CURVE ( 'NONE', #6026, #3626, #2432, .T. ) ;
#1269 = VECTOR ( 'NONE', #6644, 1000.000000000000000 ) ;
#1270 = VECTOR ( 'NONE', #5439, 1000.000000000000000 ) ;
#1271 =( LENGTH_UNIT ( ) NAMED_UNIT ( * ) SI_UNIT ( .MILLI., .METRE. ) );
#1272 = FACE_OUTER_BOUND ( 'NONE', #3201, .T. ) ;
#1273 = PRESENTATION_LAYER_ASSIGNMENT (  '', '', ( #10461 ) ) ;
#1274 = FACE_OUTER_BOUND ( 'NONE', #11151, .T. ) ;
#1275 = CARTESIAN_POINT ( 'NONE',  ( -0.4276696500706181348, -0.6260000000000000009, 0.8239632396281396653 ) ) ;
#1276 = CARTESIAN_POINT ( 'NONE',  ( -0.4266298921543317801, -0.6260000000000000009, 0.6859527055353747960 ) ) ;
#1277 =( LENGTH_UNIT ( ) NAMED_UNIT ( * ) SI_UNIT ( .MILLI., .METRE. ) );
#1278 = CARTESIAN_POINT ( 'NONE',  ( -0.1489971991989588740, -0.6250000000000000000, 0.7424115603912743167 ) ) ;
#1279 = CARTESIAN_POINT ( 'NONE',  ( -0.4276696500706181348, -0.6260000000000000009, 0.8239632396281396653 ) ) ;
#1280 = DIRECTION ( 'NONE',  ( 0.0000000000000000000, 0.0000000000000000000, -1.000000000000000000 ) ) ;
#1281 =( GEOMETRIC_REPRESENTATION_CONTEXT ( 3 ) GLOBAL_UNCERTAINTY_ASSIGNED_CONTEXT ( ( #6705 ) ) GLOBAL_UNIT_ASSIGNED_CONTEXT ( ( #2142, #3961, #8687 ) ) REPRESENTATION_CONTEXT ( 'NONE', 'WORKASPACE' ) );
#1282 = B_SPLINE_CURVE_WITH_KNOTS ( 'NONE', 3,
 ( #3100, #7777, #1317, #408 ),
 .UNSPECIFIED., .F., .F.,
 ( 4, 4 ),
 ( 2.000000000000000000, 3.000000000000000000 ),
 .UNSPECIFIED. ) ;
#1284 = ORIENTED_EDGE ( 'NONE', *, *, #10199, .F. ) ;
#1283 = UNCERTAINTY_MEASURE_WITH_UNIT (LENGTH_MEASURE( 1.000000000000000082E-05 ), #4699, 'distance_accuracy_value', 'NONE');
#1285 = STYLED_ITEM ( 'NONE', ( #12012 ), #9241 ) ;
#1286 = ORIENTED_EDGE ( 'NONE', *, *, #3749, .F. ) ;
#1287 =( GEOMETRIC_REPRESENTATION_CONTEXT ( 3 ) GLOBAL_UNCERTAINTY_ASSIGNED_CONTEXT ( ( #5113 ) ) GLOBAL_UNIT_ASSIGNED_CONTEXT ( ( #2357, #563, #8052 ) ) REPRESENTATION_CONTEXT ( 'NONE', 'WORKASPACE' ) );
#1288 = CARTESIAN_POINT ( 'NONE',  ( -0.3536215571303006344, -0.6260000000000000009, 0.7247356758141610955 ) ) ;
#1289 = EDGE_CURVE ( 'NONE', #11850, #4932, #7269, .T. ) ;
#1290 = VECTOR ( 'NONE', #6663, 1000.000000000000114 ) ;
#1291 = CARTESIAN_POINT ( 'NONE',  ( -0.3918846484508255457, -0.6260000000000000009, 0.7144420724423385938 ) ) ;
#1292 = SURFACE_STYLE_USAGE ( .BOTH. , #10358 ) ;
#1293 = FILL_AREA_STYLE ('',( #7570 ) ) ;
#1294 = VECTOR ( 'NONE', #9333, 1000.000000000000000 ) ;
#1295 = CARTESIAN_POINT ( 'NONE',  ( -0.2190248948630434400, -0.6260000000000000009, 0.7510762096942072974 ) ) ;
#1296 = DIRECTION ( 'NONE',  ( -0.0000000000000000000, -0.0000000000000000000, 1.000000000000000000 ) ) ;
#1297 = VERTEX_POINT ( 'NONE', #7153 ) ;
#1298 = PLANE ( 'NONE',  #1646 ) ;
#1299 = SURFACE_SIDE_STYLE ('',( #1170 ) ) ;
#1300 = UNCERTAINTY_MEASURE_WITH_UNIT (LENGTH_MEASURE( 1.000000000000000082E-05 ), #3850, 'distance_accuracy_value', 'NONE');
#1301 = ORIENTED_EDGE ( 'NONE', *, *, #4153, .T. ) ;
#1302 =( NAMED_UNIT ( * ) SI_UNIT ( $, .STERADIAN. ) SOLID_ANGLE_UNIT ( ) );
#1303 = EDGE_LOOP ( 'NONE', ( #10444, #1079, #11728, #1391 ) ) ;
#1304 = DIRECTION ( 'NONE',  ( -0.0000000000000000000, 1.000000000000000000, -0.0000000000000000000 ) ) ;
#1305 = VECTOR ( 'NONE', #643, 1000.000000000000000 ) ;
#1306 =( GEOMETRIC_REPRESENTATION_CONTEXT ( 3 ) GLOBAL_UNCERTAINTY_ASSIGNED_CONTEXT ( ( #8533 ) ) GLOBAL_UNIT_ASSIGNED_CONTEXT ( ( #10063, #11232, #1900 ) ) REPRESENTATION_CONTEXT ( 'NONE', 'WORKASPACE' ) );
#1307 = COLOUR_RGB ( '',0.0000000000000000000, 0.0000000000000000000, 0.0000000000000000000 ) ;
#1308 = PLANE ( 'NONE',  #11527 ) ;
#1309 = FILL_AREA_STYLE_COLOUR ( '', #73 ) ;
#1310 = PRESENTATION_STYLE_ASSIGNMENT (( #7707 ) ) ;
#1311 = B_SPLINE_SURFACE_WITH_KNOTS ( 'NONE', 3, 1, ( 
 ( #11164, #8364 ),
 ( #9489, #6612 ),
 ( #3773, #7455 ),
 ( #32, #10304 ) ),
 .UNSPECIFIED., .F., .F., .F.,
 ( 4, 4 ),
 ( 2, 2 ),
 ( 11.00000000000000000, 12.00000000000000000 ),
 ( 0.0000000000000000000, 1.000000000000000000 ),
 .UNSPECIFIED. ) ;
#1312 = DIRECTION ( 'NONE',  ( -1.000000000000000000, 0.0000000000000000000, -0.0000000000000000000 ) ) ;
#1313 = ORIENTED_EDGE ( 'NONE', *, *, #2031, .T. ) ;
#1314 = VECTOR ( 'NONE', #8046, 1000.000000000000000 ) ;
#1315 =( LENGTH_UNIT ( ) NAMED_UNIT ( * ) SI_UNIT ( .MILLI., .METRE. ) );
#1316 = FILL_AREA_STYLE ('',( #7776 ) ) ;
#1317 = CARTESIAN_POINT ( 'NONE',  ( -0.2893298593044971168, -0.6250000000000000000, 0.8009152724830402859 ) ) ;
#1318 = PRESENTATION_LAYER_ASSIGNMENT (  '', '', ( #3426 ) ) ;
#1319 = CARTESIAN_POINT ( 'NONE',  ( -0.4260580253005465945, -0.6260000000000000009, 0.7283055113269393255 ) ) ;
#1320 = COLOUR_RGB ( '',0.0000000000000000000, 0.0000000000000000000, 0.0000000000000000000 ) ;
#1321 = CARTESIAN_POINT ( 'NONE',  ( 0.0000000000000000000, 0.0000000000000000000, 0.0000000000000000000 ) ) ;
#1322 = FILL_AREA_STYLE_COLOUR ( '', #8473 ) ;
#1323 = ORIENTED_EDGE ( 'NONE', *, *, #1518, .T. ) ;
#1324 = VERTEX_POINT ( 'NONE', #8129 ) ;
#1325 = CARTESIAN_POINT ( 'NONE',  ( -0.7193580305794504692, -0.6250000000000000000, 0.7481183109390059371 ) ) ;
#1326 = STYLED_ITEM ( 'NONE', ( #5245 ), #9904 ) ;
#1327 = VECTOR ( 'NONE', #4434, 1000.000000000000000 ) ;
#1328 = VECTOR ( 'NONE', #8152, 1000.000000000000000 ) ;
#1329 = ADVANCED_FACE ( 'NONE', ( #10168 ), #7006, .F. ) ;
#1330 = PRESENTATION_STYLE_ASSIGNMENT (( #6683 ) ) ;
#1331 = CARTESIAN_POINT ( 'NONE',  ( -0.2788802922454052813, -0.6260000000000000009, 0.7215817434678952758 ) ) ;
#1332 = EDGE_CURVE ( 'NONE', #8406, #8971, #8586, .T. ) ;
#1333 = SURFACE_STYLE_USAGE ( .BOTH. , #2153 ) ;
#1334 = SURFACE_STYLE_FILL_AREA ( #1387 ) ;
#1335 = ORIENTED_EDGE ( 'NONE', *, *, #5692, .F. ) ;
#1336 = ORIENTED_EDGE ( 'NONE', *, *, #4494, .F. ) ;
#1337 = CARTESIAN_POINT ( 'NONE',  ( -0.4252955361618575569, -0.6250000000000000000, 0.8392823395948491028 ) ) ;
#1338 =( GEOMETRIC_REPRESENTATION_CONTEXT ( 3 ) GLOBAL_UNCERTAINTY_ASSIGNED_CONTEXT ( ( #5303 ) ) GLOBAL_UNIT_ASSIGNED_CONTEXT ( ( #1468, #1409, #7878 ) ) REPRESENTATION_CONTEXT ( 'NONE', 'WORKASPACE' ) );
#1339 = ORIENTED_EDGE ( 'NONE', *, *, #11048, .F. ) ;
#1340 = B_SPLINE_CURVE_WITH_KNOTS ( 'NONE', 3,
 ( #6316, #4511, #11914, #3480 ),
 .UNSPECIFIED., .F., .F.,
 ( 4, 4 ),
 ( 5.000000000000000000, 6.000000000000000000 ),
 .UNSPECIFIED. ) ;
#1341 = CARTESIAN_POINT ( 'NONE',  ( -0.2527130513516755439, -0.6260000000000000009, 0.7432780253219376521 ) ) ;
#1342 = FILL_AREA_STYLE ('',( #3982 ) ) ;
#1343 = VECTOR ( 'NONE', #11698, 1000.000000000000114 ) ;
#1344 = PLANE ( 'NONE',  #4986 ) ;
#1345 =( LENGTH_UNIT ( ) NAMED_UNIT ( * ) SI_UNIT ( .MILLI., .METRE. ) );
#1346 = FILL_AREA_STYLE_COLOUR ( '', #3442 ) ;
#1347 = B_SPLINE_CURVE_WITH_KNOTS ( 'NONE', 3,
 ( #5224, #5405, #1452, #9155 ),
 .UNSPECIFIED., .F., .F.,
 ( 4, 4 ),
 ( 1.000000000000000000, 2.000000000000000000 ),
 .UNSPECIFIED. ) ;
#1348 = CARTESIAN_POINT ( 'NONE',  ( -0.3672423858340090885, -0.6250000000000000000, 0.6821402598423972341 ) ) ;
#1349 = ORIENTED_EDGE ( 'NONE', *, *, #4865, .F. ) ;
#1350 = CARTESIAN_POINT ( 'NONE',  ( -0.7603276670791284664, -0.6260000000000000009, 0.8377694897730677548 ) ) ;
#1351 = DIRECTION ( 'NONE',  ( 1.000000000000000000, -1.807003620809174632E-16, 0.0000000000000000000 ) ) ;
#1352 = EDGE_LOOP ( 'NONE', ( #6405, #191, #8932, #11187 ) ) ;
#1353 = ORIENTED_EDGE ( 'NONE', *, *, #8031, .F. ) ;
#1354 = UNCERTAINTY_MEASURE_WITH_UNIT (LENGTH_MEASURE( 1.000000000000000082E-05 ), #6653, 'distance_accuracy_value', 'NONE');
#1355 = VECTOR ( 'NONE', #295, 1000.000000000000000 ) ;
#1356 =( NAMED_UNIT ( * ) SI_UNIT ( $, .STERADIAN. ) SOLID_ANGLE_UNIT ( ) );
#1357 = CARTESIAN_POINT ( 'NONE',  ( -0.5786152848262988702, -0.6260000000000000009, 0.8136697035971394154 ) ) ;
#1358 =( LENGTH_UNIT ( ) NAMED_UNIT ( * ) SI_UNIT ( .MILLI., .METRE. ) );
#1359 = CARTESIAN_POINT ( 'NONE',  ( -0.5983771205227886858, -0.6260000000000000009, 0.7876419363652877870 ) ) ;
#1360 = FACE_BOUND ( 'NONE', #7037, .T. ) ;
#1361 =( NAMED_UNIT ( * ) PLANE_ANGLE_UNIT ( ) SI_UNIT ( $, .RADIAN. ) );
#1362 = VERTEX_POINT ( 'NONE', #2555 ) ;
#1363 = LINE ( 'NONE', #6897, #726 ) ;
#1364 = ORIENTED_EDGE ( 'NONE', *, *, #1161, .F. ) ;
#1365 = DIRECTION ( 'NONE',  ( -0.0000000000000000000, 1.000000000000000000, -0.0000000000000000000 ) ) ;
#1366 = ORIENTED_EDGE ( 'NONE', *, *, #2049, .F. ) ;
#1367 = SURFACE_SIDE_STYLE ('',( #9814 ) ) ;
#1368 = CARTESIAN_POINT ( 'NONE',  ( -0.1998067027099670323, -0.6260000000000000009, 0.7369008434350673431 ) ) ;
#1369 = ADVANCED_FACE ( 'NONE', ( #9239 ), #5306, .F. ) ;
#1370 = SURFACE_STYLE_FILL_AREA ( #7038 ) ;
#1371 =( NAMED_UNIT ( * ) SI_UNIT ( $, .STERADIAN. ) SOLID_ANGLE_UNIT ( ) );
#1372 = SURFACE_STYLE_FILL_AREA ( #5813 ) ;
#1373 = ORIENTED_EDGE ( 'NONE', *, *, #7526, .F. ) ;
#1374 = EDGE_CURVE ( 'NONE', #8862, #10454, #3619, .T. ) ;
#1375 = LINE ( 'NONE', #6067, #11678 ) ;
#1376 = CARTESIAN_POINT ( 'NONE',  ( -0.8080452418693617744, -0.6260000000000000009, 0.7606502015892858681 ) ) ;
#1377 = CARTESIAN_POINT ( 'NONE',  ( -0.5786152848262988702, -0.6260000000000000009, 0.8136697035971394154 ) ) ;
#1378 = CARTESIAN_POINT ( 'NONE',  ( -0.8080452418693617744, -0.6260000000000000009, 0.7408883750859042161 ) ) ;
#1379 = DIRECTION ( 'NONE',  ( -0.0000000000000000000, -0.0000000000000000000, 1.000000000000000000 ) ) ;
#1380 = ORIENTED_EDGE ( 'NONE', *, *, #58, .T. ) ;
#1381 = ORIENTED_EDGE ( 'NONE', *, *, #4059, .F. ) ;
#1382 = VECTOR ( 'NONE', #4231, 1000.000000000000000 ) ;
#1383 =( NAMED_UNIT ( * ) PLANE_ANGLE_UNIT ( ) SI_UNIT ( $, .RADIAN. ) );
#1384 = ADVANCED_FACE ( 'NONE', ( #1829 ), #9301, .F. ) ;
#1385 = DIRECTION ( 'NONE',  ( -1.000000000000000000, 0.0000000000000000000, 0.0000000000000000000 ) ) ;
#1386 = SURFACE_STYLE_USAGE ( .BOTH. , #6023 ) ;
#1387 = FILL_AREA_STYLE ('',( #11686 ) ) ;
#1388 = PLANE ( 'NONE',  #2359 ) ;
#1389 = ORIENTED_EDGE ( 'NONE', *, *, #3050, .F. ) ;
#1390 = CARTESIAN_POINT ( 'NONE',  ( -0.4270631246196632258, -0.6250000000000000000, 0.8497838945496974938 ) ) ;
#1391 = ORIENTED_EDGE ( 'NONE', *, *, #6487, .T. ) ;
#1392 = COLOUR_RGB ( '',0.0000000000000000000, 0.0000000000000000000, 0.0000000000000000000 ) ;
#1393 = FACE_OUTER_BOUND ( 'NONE', #7344, .T. ) ;
#1394 = PRESENTATION_LAYER_ASSIGNMENT (  '', '', ( #5476 ) ) ;
#1395 = CARTESIAN_POINT ( 'NONE',  ( -0.4753772091311208592, -0.6260000000000000009, 0.6832839935504295692 ) ) ;
#1396 = FILL_AREA_STYLE_COLOUR ( '', #4210 ) ;
#1397 =( NAMED_UNIT ( * ) SI_UNIT ( $, .STERADIAN. ) SOLID_ANGLE_UNIT ( ) );
#1398 = AXIS2_PLACEMENT_3D ( 'NONE', #4179, #4113, #1351 ) ;
#1399 = CARTESIAN_POINT ( 'NONE',  ( -0.3860966627165586806, -0.6250000000000000000, 0.8020243475939007327 ) ) ;
#1400 =( NAMED_UNIT ( * ) SI_UNIT ( $, .STERADIAN. ) SOLID_ANGLE_UNIT ( ) );
#1401 = ORIENTED_EDGE ( 'NONE', *, *, #11727, .T. ) ;
#1402 =( NAMED_UNIT ( * ) PLANE_ANGLE_UNIT ( ) SI_UNIT ( $, .RADIAN. ) );
#1403 = CARTESIAN_POINT ( 'NONE',  ( -0.4020742760306735830, -0.6250000000000000000, 0.8518634103822715353 ) ) ;
#1404 = EDGE_CURVE ( 'NONE', #357, #483, #135, .T. ) ;
#1405 = VERTEX_POINT ( 'NONE', #21 ) ;
#1406 = ORIENTED_EDGE ( 'NONE', *, *, #4237, .T. ) ;
#1407 = CARTESIAN_POINT ( 'NONE',  ( 0.0000000000000000000, -0.6260000000000000009, 0.0000000000000000000 ) ) ;
#1408 = PRESENTATION_LAYER_ASSIGNMENT (  '', '', ( #6661 ) ) ;
#1409 =( NAMED_UNIT ( * ) PLANE_ANGLE_UNIT ( ) SI_UNIT ( $, .RADIAN. ) );
#1410 = CARTESIAN_POINT ( 'NONE',  ( -0.4389163648655687311, -0.6260000000000000009, 0.6910128607283587687 ) ) ;
#1411 = LINE ( 'NONE', #6109, #10311 ) ;
#1412 = FACE_OUTER_BOUND ( 'NONE', #9616, .T. ) ;
#1413 = B_SPLINE_CURVE_WITH_KNOTS ( 'NONE', 3,
 ( #2544, #8057, #3452, #9926 ),
 .UNSPECIFIED., .F., .F.,
 ( 4, 4 ),
 ( 5.000000000000000000, 6.000000000000000000 ),
 .UNSPECIFIED. ) ;
#1414 = EDGE_CURVE ( 'NONE', #782, #11689, #9365, .T. ) ;
#1415 = CARTESIAN_POINT ( 'NONE',  ( -0.4159203856164560564, -0.6250000000000000000, 0.6891066378816378402 ) ) ;
#1416 = SURFACE_SIDE_STYLE ('',( #2370 ) ) ;
#1417 = CARTESIAN_POINT ( 'NONE',  ( -0.6181389562192790565, -0.6250000000000000000, 0.7124506108502888235 ) ) ;
#1418 = ORIENTED_EDGE ( 'NONE', *, *, #9260, .F. ) ;
#1419 = FACE_OUTER_BOUND ( 'NONE', #9052, .T. ) ;
#1420 = UNCERTAINTY_MEASURE_WITH_UNIT (LENGTH_MEASURE( 1.000000000000000082E-05 ), #6572, 'distance_accuracy_value', 'NONE');
#1421 = ORIENTED_EDGE ( 'NONE', *, *, #6043, .T. ) ;
#1422 = CARTESIAN_POINT ( 'NONE',  ( -0.4396268661082691764, -0.6260000000000000009, 0.7908296206947073026 ) ) ;
#1423 = EDGE_LOOP ( 'NONE', ( #4535, #7137, #3586, #11520 ) ) ;
#1424 = EDGE_CURVE ( 'NONE', #11550, #10534, #9543, .T. ) ;
#1425 = CARTESIAN_POINT ( 'NONE',  ( -0.4221762624127674002, -0.6260000000000000009, 0.6969394808510793737 ) ) ;
#1426 = SURFACE_STYLE_FILL_AREA ( #4389 ) ;
#1427 = CARTESIAN_POINT ( 'NONE',  ( -0.1996160804250654563, -0.6260000000000000009, 0.6980832145591112647 ) ) ;
#1428 = ORIENTED_EDGE ( 'NONE', *, *, #3121, .T. ) ;
#1429 = SURFACE_SIDE_STYLE ('',( #9824 ) ) ;
#1430 = MECHANICAL_DESIGN_GEOMETRIC_PRESENTATION_REPRESENTATION (  '', ( #4122 ), #2955 ) ;
#1431 = CARTESIAN_POINT ( 'NONE',  ( -0.3779172337749439059, -0.6250000000000000000, 0.7109762127215346617 ) ) ;
#1432 = CARTESIAN_POINT ( 'NONE',  ( -0.2197700547031451179, -0.6250000000000000000, 0.6910128607283587687 ) ) ;
#1433 = ORIENTED_EDGE ( 'NONE', *, *, #7215, .F. ) ;
#1434 = B_SPLINE_CURVE_WITH_KNOTS ( 'NONE', 3,
 ( #937, #9374, #4626, #8360 ),
 .UNSPECIFIED., .F., .F.,
 ( 4, 4 ),
 ( 7.000000000000000000, 8.000000000000000000 ),
 .UNSPECIFIED. ) ;
#1435 = ORIENTED_EDGE ( 'NONE', *, *, #6649, .T. ) ;
#1436 = LINE ( 'NONE', #8027, #3862 ) ;
#1437 = EDGE_CURVE ( 'NONE', #2540, #3590, #7272, .T. ) ;
#1438 = EDGE_CURVE ( 'NONE', #3857, #1933, #4676, .T. ) ;
#1439 = STYLED_ITEM ( 'NONE', ( #7832 ), #3302 ) ;
#1440 = FILL_AREA_STYLE ('',( #4404 ) ) ;
#1441 = FILL_AREA_STYLE_COLOUR ( '', #1032 ) ;
#1442 = CARTESIAN_POINT ( 'NONE',  ( -0.7444218210733498653, -0.6250000000000000000, 0.6801568753099487274 ) ) ;
#1443 = DIRECTION ( 'NONE',  ( -0.2524218971878411377, -0.0000000000000000000, 0.9676172723861904412 ) ) ;
#1444 = CARTESIAN_POINT ( 'NONE',  ( -0.6350087881558875713, -0.6250000000000000000, 0.6902788149227018222 ) ) ;
#1445 = CARTESIAN_POINT ( 'NONE',  ( -0.2511707437757129124, -0.6260000000000000009, 0.6910128607283587687 ) ) ;
#1446 =( LENGTH_UNIT ( ) NAMED_UNIT ( * ) SI_UNIT ( .MILLI., .METRE. ) );
#1447 = ORIENTED_EDGE ( 'NONE', *, *, #10153, .F. ) ;
#1448 = ORIENTED_EDGE ( 'NONE', *, *, #8907, .T. ) ;
#1449 =( GEOMETRIC_REPRESENTATION_CONTEXT ( 3 ) GLOBAL_UNCERTAINTY_ASSIGNED_CONTEXT ( ( #116 ) ) GLOBAL_UNIT_ASSIGNED_CONTEXT ( ( #5183, #9804, #11531 ) ) REPRESENTATION_CONTEXT ( 'NONE', 'WORKASPACE' ) );
#1450 = CARTESIAN_POINT ( 'NONE',  ( -0.4154351652553697205, -0.6250000000000000000, 0.6821402598423972341 ) ) ;
#1451 = CARTESIAN_POINT ( 'NONE',  ( -0.3918846484508255457, -0.6250000000000000000, 0.7144420724423385938 ) ) ;
#1452 = CARTESIAN_POINT ( 'NONE',  ( -0.3977246220808521304, -0.6250000000000000000, 0.7328111289642612602 ) ) ;
#1453 = DIRECTION ( 'NONE',  ( 1.000000000000000000, -0.0000000000000000000, -0.0000000000000000000 ) ) ;
#1454 = COLOUR_RGB ( '',0.0000000000000000000, 0.0000000000000000000, 0.0000000000000000000 ) ;
#1455 = PRESENTATION_LAYER_ASSIGNMENT (  '', '', ( #5334 ) ) ;
#1456 = CARTESIAN_POINT ( 'NONE',  ( -0.3585777365315390153, -0.6250000000000000000, 0.7002320475860265292 ) ) ;
#1457 = PLANE ( 'NONE',  #10654 ) ;
#1458 = FILL_AREA_STYLE_COLOUR ( '', #8594 ) ;
#1459 = ORIENTED_EDGE ( 'NONE', *, *, #1606, .F. ) ;
#1460 = CARTESIAN_POINT ( 'NONE',  ( -0.3046662885702537404, -0.6260000000000000009, 0.7985584878726350588 ) ) ;
#1461 = SURFACE_STYLE_FILL_AREA ( #9202 ) ;
#1462 = ORIENTED_EDGE ( 'NONE', *, *, #10945, .F. ) ;
#1463 = ORIENTED_EDGE ( 'NONE', *, *, #5554, .T. ) ;
#1464 = UNCERTAINTY_MEASURE_WITH_UNIT (LENGTH_MEASURE( 1.000000000000000082E-05 ), #3208, 'distance_accuracy_value', 'NONE');
#1465 = MECHANICAL_DESIGN_GEOMETRIC_PRESENTATION_REPRESENTATION (  '', ( #4354 ), #3389 ) ;
#1466 = VECTOR ( 'NONE', #1808, 1000.000000000000000 ) ;
#1467 = EDGE_CURVE ( 'NONE', #2950, #7090, #7501, .T. ) ;
#1468 =( LENGTH_UNIT ( ) NAMED_UNIT ( * ) SI_UNIT ( .MILLI., .METRE. ) );
#1469 = ADVANCED_FACE ( 'NONE', ( #6707 ), #5794, .F. ) ;
#1470 = DIRECTION ( 'NONE',  ( -0.0000000000000000000, 0.0000000000000000000, -1.000000000000000000 ) ) ;
#1471 = LINE ( 'NONE', #5178, #6139 ) ;
#1472 = EDGE_CURVE ( 'NONE', #7994, #3583, #11523, .T. ) ;
#1473 = DIRECTION ( 'NONE',  ( -0.0000000000000000000, -0.0000000000000000000, 1.000000000000000000 ) ) ;
#1474 = CARTESIAN_POINT ( 'NONE',  ( -0.3232606259737883514, -0.6260000000000000009, 0.7908296206947073026 ) ) ;
#1475 = PRESENTATION_LAYER_ASSIGNMENT (  '', '', ( #6528 ) ) ;
#1476 = CARTESIAN_POINT ( 'NONE',  ( -0.2527130513516755439, -0.6260000000000000009, 0.7510762096942074084 ) ) ;
#1477 = ORIENTED_EDGE ( 'NONE', *, *, #798, .F. ) ;
#1478 = FILL_AREA_STYLE ('',( #5123 ) ) ;
#1479 = EDGE_LOOP ( 'NONE', ( #7499, #6349, #4805, #8328 ) ) ;
#1480 = CARTESIAN_POINT ( 'NONE',  ( -0.6046430612512586622, -0.6250000000000000000, 0.8517473662148278279 ) ) ;
#1481 = ORIENTED_EDGE ( 'NONE', *, *, #1611, .F. ) ;
#1482 = VECTOR ( 'NONE', #5360, 1000.000000000000000 ) ;
#1483 = FACE_OUTER_BOUND ( 'NONE', #8365, .T. ) ;
#1484 = SURFACE_STYLE_USAGE ( .BOTH. , #4269 ) ;
#1485 = CARTESIAN_POINT ( 'NONE',  ( -0.1489971991989588740, -0.6250000000000000000, 0.7424115603912743167 ) ) ;
#1486 = ORIENTED_EDGE ( 'NONE', *, *, #852, .T. ) ;
#1487 = CARTESIAN_POINT ( 'NONE',  ( -0.3674676667158520149, -0.6250000000000000000, 0.7045643722374940188 ) ) ;
#1488 =( LENGTH_UNIT ( ) NAMED_UNIT ( * ) SI_UNIT ( .MILLI., .METRE. ) );
#1489 = CARTESIAN_POINT ( 'NONE',  ( -0.4197155020108486179, -0.6250000000000000000, 0.6912901295057251039 ) ) ;
#1490 = VECTOR ( 'NONE', #7057, 1000.000000000000000 ) ;
#1491 = MECHANICAL_DESIGN_GEOMETRIC_PRESENTATION_REPRESENTATION (  '', ( #2246 ), #8902 ) ;
#1492 = EDGE_CURVE ( 'NONE', #4294, #8750, #3997, .T. ) ;
#1493 =( NAMED_UNIT ( * ) PLANE_ANGLE_UNIT ( ) SI_UNIT ( $, .RADIAN. ) );
#1494 = ORIENTED_EDGE ( 'NONE', *, *, #2423, .T. ) ;
#1495 = CARTESIAN_POINT ( 'NONE',  ( -0.2193714808352166534, -0.6250000000000000000, 0.7432780253219375410 ) ) ;
#1496 =( GEOMETRIC_REPRESENTATION_CONTEXT ( 3 ) GLOBAL_UNCERTAINTY_ASSIGNED_CONTEXT ( ( #6300 ) ) GLOBAL_UNIT_ASSIGNED_CONTEXT ( ( #525, #5376, #5201 ) ) REPRESENTATION_CONTEXT ( 'NONE', 'WORKASPACE' ) );
#1497 = COLOUR_RGB ( '',0.7529411764705882248, 0.7529411764705882248, 0.7529411764705882248 ) ;
#1498 = PRESENTATION_STYLE_ASSIGNMENT (( #9014 ) ) ;
#1499 = DIRECTION ( 'NONE',  ( -0.3559357243698743622, -0.0000000000000000000, 0.9345104387417472180 ) ) ;
#1500 = CARTESIAN_POINT ( 'NONE',  ( -0.1489971991989588740, -0.6260000000000000009, 0.7424115603912743167 ) ) ;
#1501 = LINE ( 'NONE', #7788, #1382 ) ;
#1502 = STYLED_ITEM ( 'NONE', ( #6518 ), #8109 ) ;
#1503 = DIRECTION ( 'NONE',  ( 0.0000000000000000000, 1.000000000000000000, 0.0000000000000000000 ) ) ;
#1504 = B_SPLINE_SURFACE_WITH_KNOTS ( 'NONE', 3, 1, ( 
 ( #6156, #11994 ),
 ( #3, #1565 ),
 ( #11062, #8275 ),
 ( #3614, #6340 ) ),
 .UNSPECIFIED., .F., .F., .F.,
 ( 4, 4 ),
 ( 2, 2 ),
 ( 11.00000000000000000, 12.00000000000000000 ),
 ( 0.0000000000000000000, 1.000000000000000000 ),
 .UNSPECIFIED. ) ;
#1505 = CARTESIAN_POINT ( 'NONE',  ( -0.4368541783315783023, -0.6250000000000000000, 0.8234433606696495156 ) ) ;
#1506 = FILL_AREA_STYLE_COLOUR ( '', #11362 ) ;
#1507 = ORIENTED_EDGE ( 'NONE', *, *, #8288, .F. ) ;
#1508 = MECHANICAL_DESIGN_GEOMETRIC_PRESENTATION_REPRESENTATION (  '', ( #3426 ), #8133 ) ;
#1509 = CARTESIAN_POINT ( 'NONE',  ( -0.2352104597604163794, -0.6259999999999997788, 0.8452089597180334479 ) ) ;
#1510 = FILL_AREA_STYLE_COLOUR ( '', #7746 ) ;
#1511 = CARTESIAN_POINT ( 'NONE',  ( -0.4036512422038037173, -0.6250000000000000000, 0.7259140681193632094 ) ) ;
#1512 = EDGE_CURVE ( 'NONE', #10454, #4553, #10538, .T. ) ;
#1513 = VECTOR ( 'NONE', #6157, 1000.000000000000000 ) ;
#1514 = FACE_OUTER_BOUND ( 'NONE', #2829, .T. ) ;
#1515 = DIRECTION ( 'NONE',  ( -0.0000000000000000000, 1.000000000000000000, -0.0000000000000000000 ) ) ;
#1516 = ORIENTED_EDGE ( 'NONE', *, *, #3524, .T. ) ;
#1517 = COLOUR_RGB ( '',0.0000000000000000000, 0.0000000000000000000, 0.0000000000000000000 ) ;
#1518 = EDGE_CURVE ( 'NONE', #2843, #7629, #3026, .T. ) ;
#1519 = CARTESIAN_POINT ( 'NONE',  ( -0.2960536271635385019, -0.6250000000000000000, 0.7985584878726350588 ) ) ;
#1520 = FACE_OUTER_BOUND ( 'NONE', #5954, .T. ) ;
#1521 = ORIENTED_EDGE ( 'NONE', *, *, #8851, .F. ) ;
#1522 = ORIENTED_EDGE ( 'NONE', *, *, #7291, .F. ) ;
#1523 = CARTESIAN_POINT ( 'NONE',  ( -0.7155020776620978351, -0.6250000000000000000, 0.6989547158820361705 ) ) ;
#1524 = VECTOR ( 'NONE', #4460, 1000.000000000000000 ) ;
#1525 =( LENGTH_UNIT ( ) NAMED_UNIT ( * ) SI_UNIT ( .MILLI., .METRE. ) );
#1526 = CARTESIAN_POINT ( 'NONE',  ( -0.4221762624127674002, -0.6250000000000000000, 0.6969394808510793737 ) ) ;
#1527 = CARTESIAN_POINT ( 'NONE',  ( -0.6701944722960717638, -0.6260000000000000009, 0.8768111452172836495 ) ) ;
#1528 = STYLED_ITEM ( 'NONE', ( #10600 ), #6319 ) ;
#1529 = SURFACE_SIDE_STYLE ('',( #6958 ) ) ;
#1530 =( NAMED_UNIT ( * ) PLANE_ANGLE_UNIT ( ) SI_UNIT ( $, .RADIAN. ) );
#1531 = MECHANICAL_DESIGN_GEOMETRIC_PRESENTATION_REPRESENTATION (  '', ( #1 ), #10930 ) ;
#1532 = ORIENTED_EDGE ( 'NONE', *, *, #5565, .T. ) ;
#1533 = LINE ( 'NONE', #11779, #3180 ) ;
#1534 = UNCERTAINTY_MEASURE_WITH_UNIT (LENGTH_MEASURE( 1.000000000000000082E-05 ), #1271, 'distance_accuracy_value', 'NONE');
#1535 = EDGE_LOOP ( 'NONE', ( #1463, #934, #5033, #967, #6976, #4457, #1157, #10400 ) ) ;
#1536 = ORIENTED_EDGE ( 'NONE', *, *, #11814, .F. ) ;
#1537 = DIRECTION ( 'NONE',  ( -1.000000000000000000, -0.0000000000000000000, -0.0000000000000000000 ) ) ;
#1538 = EDGE_CURVE ( 'NONE', #6746, #4616, #2889, .T. ) ;
#1539 = SURFACE_SIDE_STYLE ('',( #1370 ) ) ;
#1540 = LINE ( 'NONE', #2318, #1653 ) ;
#1541 = CARTESIAN_POINT ( 'NONE',  ( -0.7251419921325151785, -0.6260000000000000009, 0.8286115728649656731 ) ) ;
#1542 = ORIENTED_EDGE ( 'NONE', *, *, #3020, .F. ) ;
#1543 = CARTESIAN_POINT ( 'NONE',  ( -0.7073081466848263332, -0.6250000000000000000, 0.6512371686718249064 ) ) ;
#1544 = CARTESIAN_POINT ( 'NONE',  ( -0.4281548704317070797, -0.6250000000000000000, 0.7989397324419789115 ) ) ;
#1545 = ORIENTED_EDGE ( 'NONE', *, *, #1088, .T. ) ;
#1546 = SURFACE_STYLE_FILL_AREA ( #3354 ) ;
#1547 = CARTESIAN_POINT ( 'NONE',  ( -0.6282608590586724606, -0.6260000000000000009, 0.7129325992190329586 ) ) ;
#1548 = LINE ( 'NONE', #824, #8300 ) ;
#1549 = ORIENTED_EDGE ( 'NONE', *, *, #4720, .F. ) ;
#1550 = ADVANCED_FACE ( 'NONE', ( #7019 ), #11741, .F. ) ;
#1551 = SURFACE_STYLE_USAGE ( .BOTH. , #3485 ) ;
#1552 = CARTESIAN_POINT ( 'NONE',  ( -0.7338179022851919475, -0.6250000000000000000, 0.7481183109390059371 ) ) ;
#1553 = CARTESIAN_POINT ( 'NONE',  ( -0.8157571752843170154, -0.6250000000000000000, 0.8146336941246392627 ) ) ;
#1554 = CARTESIAN_POINT ( 'NONE',  ( -0.4281548704317070797, -0.6250000000000000000, 0.7989397324419789115 ) ) ;
#1555 = DIRECTION ( 'NONE',  ( 1.000000000000000000, 0.0000000000000000000, -0.0000000000000000000 ) ) ;
#1556 = B_SPLINE_CURVE_WITH_KNOTS ( 'NONE', 3,
 ( #1208, #8778, #2169, #7007 ),
 .UNSPECIFIED., .F., .F.,
 ( 4, 4 ),
 ( 10.00000000000000000, 11.00000000000000000 ),
 .UNSPECIFIED. ) ;
#1557 = FACE_OUTER_BOUND ( 'NONE', #7106, .T. ) ;
#1558 = ORIENTED_EDGE ( 'NONE', *, *, #1492, .F. ) ;
#1559 =( NAMED_UNIT ( * ) PLANE_ANGLE_UNIT ( ) SI_UNIT ( $, .RADIAN. ) );
#1560 = ADVANCED_FACE ( 'NONE', ( #3205 ), #8849, .F. ) ;
#1561 = LINE ( 'NONE', #2348, #1879 ) ;
#1562 =( GEOMETRIC_REPRESENTATION_CONTEXT ( 3 ) GLOBAL_UNCERTAINTY_ASSIGNED_CONTEXT ( ( #4201 ) ) GLOBAL_UNIT_ASSIGNED_CONTEXT ( ( #7118, #11978, #655 ) ) REPRESENTATION_CONTEXT ( 'NONE', 'WORKASPACE' ) );
#1563 = CARTESIAN_POINT ( 'NONE',  ( -0.1495344074560336911, -0.6250000000000000000, 0.7403667031558708311 ) ) ;
#1564 = LINE ( 'NONE', #7301, #4410 ) ;
#1565 = CARTESIAN_POINT ( 'NONE',  ( -0.4107735839305448056, -0.6250000000000000000, 0.7974840713589456120 ) ) ;
#1566 = CARTESIAN_POINT ( 'NONE',  ( -0.2331656025250132547, -0.6260000000000000009, 0.8461447418425760425 ) ) ;
#1567 = CARTESIAN_POINT ( 'NONE',  ( -0.4048642931061782746, -0.6260000000000000009, 0.7896858869866756336 ) ) ;
#1568 = CARTESIAN_POINT ( 'NONE',  ( -0.3674676667158520149, -0.6250000000000000000, 0.7045643722374940188 ) ) ;
#1569 = ORIENTED_EDGE ( 'NONE', *, *, #11517, .F. ) ;
#1570 = PLANE ( 'NONE',  #5174 ) ;
#1571 = CARTESIAN_POINT ( 'NONE',  ( -0.8302170596310163297, -0.6260000000000000009, 0.8001738270155674959 ) ) ;
#1572 = COLOUR_RGB ( '',0.0000000000000000000, 0.0000000000000000000, 0.0000000000000000000 ) ;
#1573 = EDGE_LOOP ( 'NONE', ( #8997, #6691, #423, #816, #4465, #1076, #11612 ) ) ;
#1574 = ORIENTED_EDGE ( 'NONE', *, *, #5938, .T. ) ;
#1575 = DIRECTION ( 'NONE',  ( 1.000000000000000000, 0.0000000000000000000, -0.0000000000000000000 ) ) ;
#1576 = ADVANCED_FACE ( 'NONE', ( #569 ), #9863, .F. ) ;
#1577 = EDGE_CURVE ( 'NONE', #3674, #2969, #11771, .T. ) ;
#1578 = LINE ( 'NONE', #2486, #5412 ) ;
#1579 = VECTOR ( 'NONE', #11302, 1000.000000000000000 ) ;
#1580 = CARTESIAN_POINT ( 'NONE',  ( -0.7598456695170435760, -0.6260000000000000009, 0.8088497739416035115 ) ) ;
#1581 = FACE_OUTER_BOUND ( 'NONE', #4184, .T. ) ;
#1582 = CARTESIAN_POINT ( 'NONE',  ( -0.4254514998493583722, -0.6260000000000000009, 0.8094066287996558584 ) ) ;
#1583 = ORIENTED_EDGE ( 'NONE', *, *, #727, .T. ) ;
#1584 =( NAMED_UNIT ( * ) SI_UNIT ( $, .STERADIAN. ) SOLID_ANGLE_UNIT ( ) );
#1585 = VERTEX_POINT ( 'NONE', #3330 ) ;
#1586 = ORIENTED_EDGE ( 'NONE', *, *, #1268, .F. ) ;
#1587 = AXIS2_PLACEMENT_3D ( 'NONE', #1012, #10321, #7651 ) ;
#1588 =( NAMED_UNIT ( * ) PLANE_ANGLE_UNIT ( ) SI_UNIT ( $, .RADIAN. ) );
#1589 = COLOUR_RGB ( '',0.0000000000000000000, 0.0000000000000000000, 0.0000000000000000000 ) ;
#1590 = B_SPLINE_SURFACE_WITH_KNOTS ( 'NONE', 3, 1, ( 
 ( #9453, #7603 ),
 ( #11367, #6452 ),
 ( #6686, #8441 ),
 ( #1804, #10331 ) ),
 .UNSPECIFIED., .F., .F., .F.,
 ( 4, 4 ),
 ( 2, 2 ),
 ( 12.00000000000000000, 13.00000000000000000 ),
 ( 0.0000000000000000000, 1.000000000000000000 ),
 .UNSPECIFIED. ) ;
#1591 = COLOUR_RGB ( '',0.0000000000000000000, 0.0000000000000000000, 0.0000000000000000000 ) ;
#1592 =( NAMED_UNIT ( * ) PLANE_ANGLE_UNIT ( ) SI_UNIT ( $, .RADIAN. ) );
#1593 = CARTESIAN_POINT ( 'NONE',  ( -0.4040151574745620144, -0.6250000000000000000, 0.6930577179637618102 ) ) ;
#1594 = ORIENTED_EDGE ( 'NONE', *, *, #9088, .F. ) ;
#1595 = CARTESIAN_POINT ( 'NONE',  ( -0.6856183391259830229, -0.6250000000000000000, 0.6729269762302051427 ) ) ;
#1596 = VECTOR ( 'NONE', #10119, 1000.000000000000000 ) ;
#1597 = B_SPLINE_CURVE_WITH_KNOTS ( 'NONE', 3,
 ( #3589, #11107, #2687, #6484 ),
 .UNSPECIFIED., .F., .F.,
 ( 4, 4 ),
 ( 9.000000000000000000, 10.00000000000000000 ),
 .UNSPECIFIED. ) ;
#1598 = CARTESIAN_POINT ( 'NONE',  ( -0.2344306413231426467, -0.6260000000000000009, 0.8479123303006109724 ) ) ;
#1599 = VERTEX_POINT ( 'NONE', #6229 ) ;
#1600 = FILL_AREA_STYLE ('',( #6252 ) ) ;
#1601 =( NAMED_UNIT ( * ) SI_UNIT ( $, .STERADIAN. ) SOLID_ANGLE_UNIT ( ) );
#1602 = VERTEX_POINT ( 'NONE', #8977 ) ;
#1603 = EDGE_CURVE ( 'NONE', #11134, #3266, #6268, .T. ) ;
#1604 = CARTESIAN_POINT ( 'NONE',  ( -0.4000000000000004108, -0.2250000000000001166, -0.01000000000000000021 ) ) ;
#1605 = B_SPLINE_CURVE_WITH_KNOTS ( 'NONE', 3,
 ( #8101, #10758, #11872, #3316 ),
 .UNSPECIFIED., .F., .F.,
 ( 4, 4 ),
 ( 5.000000000000000000, 6.000000000000000000 ),
 .UNSPECIFIED. ) ;
#1606 = EDGE_CURVE ( 'NONE', #3841, #3158, #9474, .T. ) ;
#1607 = CARTESIAN_POINT ( 'NONE',  ( -0.2680668099160172235, -0.6260000000000000009, 0.8150906387421802402 ) ) ;
#1608 = LINE ( 'NONE', #7910, #3136 ) ;
#1609 =( GEOMETRIC_REPRESENTATION_CONTEXT ( 3 ) GLOBAL_UNCERTAINTY_ASSIGNED_CONTEXT ( ( #2189 ) ) GLOBAL_UNIT_ASSIGNED_CONTEXT ( ( #473, #3486, #7976 ) ) REPRESENTATION_CONTEXT ( 'NONE', 'WORKASPACE' ) );
#1610 = CARTESIAN_POINT ( 'NONE',  ( -0.3918846484508255457, -0.6250000000000000000, 0.7267112158552219148 ) ) ;
#1611 = EDGE_CURVE ( 'NONE', #5247, #6623, #7202, .T. ) ;
#1612 = DIRECTION ( 'NONE',  ( -1.000000000000000000, 0.0000000000000000000, -0.0000000000000000000 ) ) ;
#1613 = SURFACE_STYLE_USAGE ( .BOTH. , #6327 ) ;
#1614 = LINE ( 'NONE', #1184, #8804 ) ;
#1615 = ADVANCED_FACE ( 'NONE', ( #4482 ), #1643, .F. ) ;
#1616 = SURFACE_STYLE_USAGE ( .BOTH. , #7293 ) ;
#1617 = VERTEX_POINT ( 'NONE', #4658 ) ;
#1618 =( GEOMETRIC_REPRESENTATION_CONTEXT ( 3 ) GLOBAL_UNCERTAINTY_ASSIGNED_CONTEXT ( ( #8069 ) ) GLOBAL_UNIT_ASSIGNED_CONTEXT ( ( #22, #5370, #6535 ) ) REPRESENTATION_CONTEXT ( 'NONE', 'WORKASPACE' ) );
#1619 = PRESENTATION_STYLE_ASSIGNMENT (( #8965 ) ) ;
#1620 = SURFACE_SIDE_STYLE ('',( #6334 ) ) ;
#1621 = CARTESIAN_POINT ( 'NONE',  ( -0.6287428474276486323, -0.6250000000000000000, 0.6835308674383441252 ) ) ;
#1622 = FILL_AREA_STYLE_COLOUR ( '', #923 ) ;
#1623 = CARTESIAN_POINT ( 'NONE',  ( -0.4666259133354898614, -0.6260000000000000009, 0.7138182176927964084 ) ) ;
#1624 =( NAMED_UNIT ( * ) SI_UNIT ( $, .STERADIAN. ) SOLID_ANGLE_UNIT ( ) );
#1625 = ORIENTED_EDGE ( 'NONE', *, *, #5849, .F. ) ;
#1626 = VECTOR ( 'NONE', #1989, 1000.000000000000000 ) ;
#1627 = CARTESIAN_POINT ( 'NONE',  ( -0.3614717293985583169, -0.6250000000000000000, 0.7107336025408754754 ) ) ;
#1628 = DIRECTION ( 'NONE',  ( -0.0000000000000000000, 1.000000000000000000, -0.0000000000000000000 ) ) ;
#1629 = STYLED_ITEM ( 'NONE', ( #253 ), #757 ) ;
#1630 = EDGE_CURVE ( 'NONE', #6344, #7400, #5712, .T. ) ;
#1631 = FILL_AREA_STYLE ('',( #8174 ) ) ;
#1632 = VERTEX_POINT ( 'NONE', #5600 ) ;
#1633 = VERTEX_POINT ( 'NONE', #9287 ) ;
#1634 = ADVANCED_FACE ( 'NONE', ( #1815 ), #11930, .F. ) ;
#1635 = CARTESIAN_POINT ( 'NONE',  ( -0.6060890447446356522, -0.6250000000000000000, 0.8213816370118639520 ) ) ;
#1636 = MECHANICAL_DESIGN_GEOMETRIC_PRESENTATION_REPRESENTATION (  '', ( #5334 ), #7687 ) ;
#1637 = CARTESIAN_POINT ( 'NONE',  ( -0.3860966627165586806, -0.6250000000000000000, 0.7936369670687982714 ) ) ;
#1638 = FACE_OUTER_BOUND ( 'NONE', #11937, .T. ) ;
#1639 =( LENGTH_UNIT ( ) NAMED_UNIT ( * ) SI_UNIT ( .MILLI., .METRE. ) );
#1640 = CARTESIAN_POINT ( 'NONE',  ( -0.7155020776620978351, -0.6250000000000000000, 0.6989547158820361705 ) ) ;
#1641 =( NAMED_UNIT ( * ) PLANE_ANGLE_UNIT ( ) SI_UNIT ( $, .RADIAN. ) );
#1642 =( NAMED_UNIT ( * ) SI_UNIT ( $, .STERADIAN. ) SOLID_ANGLE_UNIT ( ) );
#1643 = B_SPLINE_SURFACE_WITH_KNOTS ( 'NONE', 3, 1, ( 
 ( #8231, #3629 ),
 ( #10271, #4779 ),
 ( #1975, #118 ),
 ( #7554, #10213 ) ),
 .UNSPECIFIED., .F., .F., .F.,
 ( 4, 4 ),
 ( 2, 2 ),
 ( 1.000000000000000000, 2.000000000000000000 ),
 ( 0.0000000000000000000, 1.000000000000000000 ),
 .UNSPECIFIED. ) ;
#1644 = CARTESIAN_POINT ( 'NONE',  ( -0.3903250115762804673, -0.6250000000000000000, 0.8588297884219738831 ) ) ;
#1645 = CARTESIAN_POINT ( 'NONE',  ( -0.1489971991989588740, -0.6260000000000000009, 0.7424115603912743167 ) ) ;
#1646 = AXIS2_PLACEMENT_3D ( 'NONE', #7212, #6116, #10842 ) ;
#1647 = UNCERTAINTY_MEASURE_WITH_UNIT (LENGTH_MEASURE( 1.000000000000000082E-05 ), #2426, 'distance_accuracy_value', 'NONE');
#1648 = MECHANICAL_DESIGN_GEOMETRIC_PRESENTATION_REPRESENTATION (  '', ( #5156 ), #11035 ) ;
#1649 =( GEOMETRIC_REPRESENTATION_CONTEXT ( 3 ) GLOBAL_UNCERTAINTY_ASSIGNED_CONTEXT ( ( #3740 ) ) GLOBAL_UNIT_ASSIGNED_CONTEXT ( ( #2835, #1763, #2716 ) ) REPRESENTATION_CONTEXT ( 'NONE', 'WORKASPACE' ) );
#1650 = EDGE_LOOP ( 'NONE', ( #8656, #10738, #1189, #6286 ) ) ;
#1651 = VERTEX_POINT ( 'NONE', #11 ) ;
#1652 = MECHANICAL_DESIGN_GEOMETRIC_PRESENTATION_REPRESENTATION (  '', ( #8094 ), #6526 ) ;
#1653 = VECTOR ( 'NONE', #5311, 1000.000000000000000 ) ;
#1654 = CARTESIAN_POINT ( 'NONE',  ( -0.2796774399812640421, -0.6250000000000000000, 0.8103077523270277860 ) ) ;
#1655 = VECTOR ( 'NONE', #8384, 1000.000000000000000 ) ;
#1656 =( NAMED_UNIT ( * ) PLANE_ANGLE_UNIT ( ) SI_UNIT ( $, .RADIAN. ) );
#1657 = CARTESIAN_POINT ( 'NONE',  ( -0.1794101182516885662, -0.6250000000000000000, 0.6832839935504295692 ) ) ;
#1658 = CARTESIAN_POINT ( 'NONE',  ( -0.3715747104854764671, -0.6250000000000000000, 0.7193982518438081231 ) ) ;
#1659 = EDGE_LOOP ( 'NONE', ( #2993, #2913, #7684, #11560, #7440, #7700, #5862, #957 ) ) ;
#1660 = CARTESIAN_POINT ( 'NONE',  ( -0.4260580253005465945, -0.6250000000000000000, 0.7200567651905200872 ) ) ;
#1661 = SURFACE_STYLE_FILL_AREA ( #8194 ) ;
#1662 = LINE ( 'NONE', #3352, #829 ) ;
#1663 = ORIENTED_EDGE ( 'NONE', *, *, #222, .T. ) ;
#1664 = CARTESIAN_POINT ( 'NONE',  ( -0.3597387995379250358, -0.6250000000000000000, 0.6890719792844680613 ) ) ;
#1665 = CARTESIAN_POINT ( 'NONE',  ( -0.2511707437757129124, -0.6260000000000000009, 0.6832839935504295692 ) ) ;
#1666 = ORIENTED_EDGE ( 'NONE', *, *, #972, .T. ) ;
#1667 = AXIS2_PLACEMENT_3D ( 'NONE', #9761, #9699, #7843 ) ;
#1668 = CARTESIAN_POINT ( 'NONE',  ( -0.4335962701938034236, -0.6260000000000000009, 0.8431294438854585183 ) ) ;
#1669 = CARTESIAN_POINT ( 'NONE',  ( -0.7342999090408477425, -0.6260000000000000009, 0.6801568753099487274 ) ) ;
#1670 = CARTESIAN_POINT ( 'NONE',  ( -0.3211117929468702004, -0.6250000000000000000, 0.6953105267821917401 ) ) ;
#1671 = COLOUR_RGB ( '',0.0000000000000000000, 0.0000000000000000000, 0.0000000000000000000 ) ;
#1672 = MECHANICAL_DESIGN_GEOMETRIC_PRESENTATION_REPRESENTATION (  '', ( #915 ), #7721 ) ;
#1673 = FACE_OUTER_BOUND ( 'NONE', #7482, .T. ) ;
#1674 = SURFACE_STYLE_FILL_AREA ( #12039 ) ;
#1675 = PRESENTATION_LAYER_ASSIGNMENT (  '', '', ( #6741 ) ) ;
#1676 = CARTESIAN_POINT ( 'NONE',  ( -0.4753772091311208592, -0.6250000000000000000, 0.6832839935504295692 ) ) ;
#1677 = DIRECTION ( 'NONE',  ( -0.0000000000000000000, -0.0000000000000000000, -1.000000000000000000 ) ) ;
#1678 = CARTESIAN_POINT ( 'NONE',  ( -0.4154351652553697205, -0.6260000000000000009, 0.6821402598423972341 ) ) ;
#1679 = ORIENTED_EDGE ( 'NONE', *, *, #61, .T. ) ;
#1680 = CARTESIAN_POINT ( 'NONE',  ( -0.3499997337217647941, -0.6260000000000000009, 0.7224135498009269796 ) ) ;
#1681 = FACE_BOUND ( 'NONE', #11549, .T. ) ;
#1682 = ADVANCED_FACE ( 'NONE', ( #2951 ), #6136, .F. ) ;
#1683 = STYLED_ITEM ( 'NONE', ( #6130 ), #9682 ) ;
#1684 = MECHANICAL_DESIGN_GEOMETRIC_PRESENTATION_REPRESENTATION (  '', ( #11869 ), #136 ) ;
#1685 = B_SPLINE_CURVE_WITH_KNOTS ( 'NONE', 3,
 ( #10952, #8981, #3396, #7143 ),
 .UNSPECIFIED., .F., .F.,
 ( 4, 4 ),
 ( 2.000000000000000000, 3.000000000000000000 ),
 .UNSPECIFIED. ) ;
#1686 = EDGE_CURVE ( 'NONE', #1651, #5611, #9647, .T. ) ;
#1687 = EDGE_CURVE ( 'NONE', #10873, #6786, #2226, .T. ) ;
#1688 = COLOUR_RGB ( '',0.0000000000000000000, 0.0000000000000000000, 0.0000000000000000000 ) ;
#1689 = VECTOR ( 'NONE', #1453, 1000.000000000000000 ) ;
#1690 = CARTESIAN_POINT ( 'NONE',  ( -0.2511707437757129124, -0.6260000000000000009, 0.6910128607283587687 ) ) ;
#1691 = CARTESIAN_POINT ( 'NONE',  ( -1.000000000000000000, 0.2249999999999997835, 0.0000000000000000000 ) ) ;
#1692 = DIRECTION ( 'NONE',  ( -0.9303007377811838285, 0.0000000000000000000, 0.3667976789509241886 ) ) ;
#1693 = FILL_AREA_STYLE_COLOUR ( '', #9127 ) ;
#1694 = CARTESIAN_POINT ( 'NONE',  ( -0.4199234535941037683, -0.6250000000000000000, 0.7030740525572911626 ) ) ;
#1695 = ORIENTED_EDGE ( 'NONE', *, *, #11613, .T. ) ;
#1696 = PRESENTATION_STYLE_ASSIGNMENT (( #6510 ) ) ;
#1697 = MECHANICAL_DESIGN_GEOMETRIC_PRESENTATION_REPRESENTATION (  '', ( #6188 ), #6380 ) ;
#1698 =( GEOMETRIC_REPRESENTATION_CONTEXT ( 3 ) GLOBAL_UNCERTAINTY_ASSIGNED_CONTEXT ( ( #8788 ) ) GLOBAL_UNIT_ASSIGNED_CONTEXT ( ( #4798, #5675, #1100 ) ) REPRESENTATION_CONTEXT ( 'NONE', 'WORKASPACE' ) );
#1699 = SURFACE_SIDE_STYLE ('',( #4476 ) ) ;
#1700 = FACE_OUTER_BOUND ( 'NONE', #511, .T. ) ;
#1701 = STYLED_ITEM ( 'NONE', ( #3727 ), #7648 ) ;
#1702 = ORIENTED_EDGE ( 'NONE', *, *, #4437, .T. ) ;
#1703 =( GEOMETRIC_REPRESENTATION_CONTEXT ( 3 ) GLOBAL_UNCERTAINTY_ASSIGNED_CONTEXT ( ( #8056 ) ) GLOBAL_UNIT_ASSIGNED_CONTEXT ( ( #7483, #1972, #3736 ) ) REPRESENTATION_CONTEXT ( 'NONE', 'WORKASPACE' ) );
#1704 = ORIENTED_EDGE ( 'NONE', *, *, #7963, .T. ) ;
#1705 = B_SPLINE_SURFACE_WITH_KNOTS ( 'NONE', 3, 1, ( 
 ( #1357, #6044 ),
 ( #8059, #5241 ),
 ( #5053, #9739 ),
 ( #4125, #11713 ) ),
 .UNSPECIFIED., .F., .F., .F.,
 ( 4, 4 ),
 ( 2, 2 ),
 ( 0.0000000000000000000, 1.000000000000000000 ),
 ( 0.0000000000000000000, 1.000000000000000000 ),
 .UNSPECIFIED. ) ;
#1706 =( NAMED_UNIT ( * ) PLANE_ANGLE_UNIT ( ) SI_UNIT ( $, .RADIAN. ) );
#1707 = CARTESIAN_POINT ( 'NONE',  ( -0.1996160804250654563, -0.6260000000000000009, 0.6980832145591112647 ) ) ;
#1708 =( GEOMETRIC_REPRESENTATION_CONTEXT ( 3 ) GLOBAL_UNCERTAINTY_ASSIGNED_CONTEXT ( ( #2123 ) ) GLOBAL_UNIT_ASSIGNED_CONTEXT ( ( #5689, #10370, #2797 ) ) REPRESENTATION_CONTEXT ( 'NONE', 'WORKASPACE' ) );
#1709 = FACE_BOUND ( 'NONE', #9136, .T. ) ;
#1710 = CARTESIAN_POINT ( 'NONE',  ( -0.5983771205227886858, -0.6260000000000000009, 0.7876419363652877870 ) ) ;
#1711 = CARTESIAN_POINT ( 'NONE',  ( -0.7155020776620978351, -0.6250000000000000000, 0.7095586254768568857 ) ) ;
#1712 = CARTESIAN_POINT ( 'NONE',  ( -0.8384109871606698627, -0.6260000000000000009, 0.7596861880784363530 ) ) ;
#1713 = CARTESIAN_POINT ( 'NONE',  ( -0.4276696500706181348, -0.6250000000000000000, 0.8158531278808678344 ) ) ;
#1714 = CARTESIAN_POINT ( 'NONE',  ( -0.2546366034969794190, -0.6260000000000000009, 0.7908296206947073026 ) ) ;
#1715 = ORIENTED_EDGE ( 'NONE', *, *, #4977, .F. ) ;
#1716 = ORIENTED_EDGE ( 'NONE', *, *, #2108, .F. ) ;
#1717 = EDGE_CURVE ( 'NONE', #233, #10482, #1205, .T. ) ;
#1718 = CARTESIAN_POINT ( 'NONE',  ( -0.4753772091311208592, -0.6260000000000000009, 0.7510762096942074084 ) ) ;
#1719 = B_SPLINE_CURVE_WITH_KNOTS ( 'NONE', 3,
 ( #39, #6619, #4697, #11234 ),
 .UNSPECIFIED., .F., .F.,
 ( 4, 4 ),
 ( 2.000000000000000000, 3.000000000000000000 ),
 .UNSPECIFIED. ) ;
#1720 = MECHANICAL_DESIGN_GEOMETRIC_PRESENTATION_REPRESENTATION (  '', ( #11519 ), #11119 ) ;
#1721 = CARTESIAN_POINT ( 'NONE',  ( -0.4221762624127674002, -0.6260000000000000009, 0.6995735342393142320 ) ) ;
#1722 = VECTOR ( 'NONE', #860, 1000.000000000000000 ) ;
#1723 = ORIENTED_EDGE ( 'NONE', *, *, #1246, .F. ) ;
#1724 = DIRECTION ( 'NONE',  ( -0.0000000000000000000, 1.000000000000000000, -0.0000000000000000000 ) ) ;
#1725 = CARTESIAN_POINT ( 'NONE',  ( -0.3637765261129762839, -0.6260000000000000009, 0.8213638448370749190 ) ) ;
#1726 = CARTESIAN_POINT ( 'NONE',  ( -0.1923724336084561837, -0.6250000000000000000, 0.7178039563720904903 ) ) ;
#1727 = VERTEX_POINT ( 'NONE', #4841 ) ;
#1728 = CARTESIAN_POINT ( 'NONE',  ( -0.6181642414781315376, 0.0000000000000000000, 0.9899999999999999911 ) ) ;
#1729 =( NAMED_UNIT ( * ) PLANE_ANGLE_UNIT ( ) SI_UNIT ( $, .RADIAN. ) );
#1730 =( NAMED_UNIT ( * ) SI_UNIT ( $, .STERADIAN. ) SOLID_ANGLE_UNIT ( ) );
#1731 = ORIENTED_EDGE ( 'NONE', *, *, #11429, .F. ) ;
#1732 = AXIS2_PLACEMENT_3D ( 'NONE', #749, #8291, #12068 ) ;
#1733 = FILL_AREA_STYLE_COLOUR ( '', #9167 ) ;
#1734 = B_SPLINE_CURVE_WITH_KNOTS ( 'NONE', 3,
 ( #7511, #9430, #8305, #4506 ),
 .UNSPECIFIED., .F., .F.,
 ( 4, 4 ),
 ( 8.000000000000000000, 9.000000000000000000 ),
 .UNSPECIFIED. ) ;
#1735 = FILL_AREA_STYLE_COLOUR ( '', #5997 ) ;
#1736 = CARTESIAN_POINT ( 'NONE',  ( -0.3585777365315390153, -0.6260000000000000009, 0.7002320475860265292 ) ) ;
#1737 = EDGE_CURVE ( 'NONE', #4554, #10093, #10124, .T. ) ;
#1738 = PRESENTATION_STYLE_ASSIGNMENT (( #7353 ) ) ;
#1739 =( NAMED_UNIT ( * ) SI_UNIT ( $, .STERADIAN. ) SOLID_ANGLE_UNIT ( ) );
#1740 =( NAMED_UNIT ( * ) SI_UNIT ( $, .STERADIAN. ) SOLID_ANGLE_UNIT ( ) );
#1741 = VECTOR ( 'NONE', #9440, 1000.000000000000000 ) ;
#1742 = SURFACE_STYLE_FILL_AREA ( #7410 ) ;
#1743 = DIRECTION ( 'NONE',  ( 0.0000000000000000000, 1.000000000000000000, 0.0000000000000000000 ) ) ;
#1744 = VERTEX_POINT ( 'NONE', #5895 ) ;
#1745 = DIRECTION ( 'NONE',  ( -0.0000000000000000000, 1.000000000000000000, -0.0000000000000000000 ) ) ;
#1746 = EDGE_CURVE ( 'NONE', #9553, #7807, #7020, .T. ) ;
#1747 = DIRECTION ( 'NONE',  ( -1.000000000000000000, -0.0000000000000000000, -0.0000000000000000000 ) ) ;
#1748 = CARTESIAN_POINT ( 'NONE',  ( -0.1996160804250654563, -0.6250000000000000000, 0.6980832145591112647 ) ) ;
#1749 = CARTESIAN_POINT ( 'NONE',  ( -0.2643063521183349751, -0.6250000000000000000, 0.7908296206947073026 ) ) ;
#1750 = CARTESIAN_POINT ( 'NONE',  ( -0.5607814577652890931, -0.6250000000000000000, 0.7500462736077881942 ) ) ;
#1751 = CARTESIAN_POINT ( 'NONE',  ( -0.2335121884971842199, -0.6260000000000000009, 0.8477043787171224531 ) ) ;
#1752 = DIRECTION ( 'NONE',  ( 0.0000000000000000000, -0.0000000000000000000, 1.000000000000000000 ) ) ;
#1753 = ORIENTED_EDGE ( 'NONE', *, *, #8181, .T. ) ;
#1754 =( NAMED_UNIT ( * ) SI_UNIT ( $, .STERADIAN. ) SOLID_ANGLE_UNIT ( ) );
#1755 = B_SPLINE_CURVE_WITH_KNOTS ( 'NONE', 3,
 ( #10722, #2186, #5918, #9678 ),
 .UNSPECIFIED., .F., .F.,
 ( 4, 4 ),
 ( 3.000000000000000000, 4.000000000000000000 ),
 .UNSPECIFIED. ) ;
#1756 = SURFACE_SIDE_STYLE ('',( #5350 ) ) ;
#1757 = EDGE_LOOP ( 'NONE', ( #4429, #9645, #5168, #8897 ) ) ;
#1758 = ORIENTED_EDGE ( 'NONE', *, *, #4663, .F. ) ;
#1759 = CLOSED_SHELL ( 'NONE', ( #9288, #5191, #2, #5418, #5134, #5302 ) ) ;
#1760 = ADVANCED_FACE ( 'NONE', ( #7669 ), #6029, .F. ) ;
#1761 =( NAMED_UNIT ( * ) SI_UNIT ( $, .STERADIAN. ) SOLID_ANGLE_UNIT ( ) );
#1762 = PRESENTATION_STYLE_ASSIGNMENT (( #9169 ) ) ;
#1763 =( NAMED_UNIT ( * ) PLANE_ANGLE_UNIT ( ) SI_UNIT ( $, .RADIAN. ) );
#1764 = ADVANCED_FACE ( 'NONE', ( #1393 ), #487, .F. ) ;
#1765 = DIRECTION ( 'NONE',  ( 1.000000000000000000, 0.0000000000000000000, 0.0000000000000000000 ) ) ;
#1766 = DIRECTION ( 'NONE',  ( -0.0000000000000000000, -0.0000000000000000000, 1.000000000000000000 ) ) ;
#1767 = FILL_AREA_STYLE_COLOUR ( '', #3920 ) ;
#1768 = UNCERTAINTY_MEASURE_WITH_UNIT (LENGTH_MEASURE( 1.000000000000000082E-05 ), #6855, 'distance_accuracy_value', 'NONE');
#1769 = EDGE_LOOP ( 'NONE', ( #6803, #11652, #9246, #3119 ) ) ;
#1770 = VERTEX_POINT ( 'NONE', #11928 ) ;
#1771 = MECHANICAL_DESIGN_GEOMETRIC_PRESENTATION_REPRESENTATION (  '', ( #9228 ), #9833 ) ;
#1772 = MECHANICAL_DESIGN_GEOMETRIC_PRESENTATION_REPRESENTATION (  '', ( #7619 ), #2346 ) ;
#1773 = EDGE_CURVE ( 'NONE', #6939, #855, #10708, .T. ) ;
#1774 = SURFACE_SIDE_STYLE ('',( #8244 ) ) ;
#1775 = CARTESIAN_POINT ( 'NONE',  ( -0.4020742760306735830, -0.6250000000000000000, 0.8518634103822715353 ) ) ;
#1776 = EDGE_LOOP ( 'NONE', ( #6646, #1542, #6497, #1380 ) ) ;
#1777 =( GEOMETRIC_REPRESENTATION_CONTEXT ( 3 ) GLOBAL_UNCERTAINTY_ASSIGNED_CONTEXT ( ( #9 ) ) GLOBAL_UNIT_ASSIGNED_CONTEXT ( ( #1034, #10349, #5545 ) ) REPRESENTATION_CONTEXT ( 'NONE', 'WORKASPACE' ) );
#1778 = PLANE ( 'NONE',  #6697 ) ;
#1779 = DIRECTION ( 'NONE',  ( -0.9676172723861904412, 0.0000000000000000000, -0.2524218971878411377 ) ) ;
#1780 = CARTESIAN_POINT ( 'NONE',  ( -0.8181671676918732539, -0.6260000000000000009, 0.7071486652459895161 ) ) ;
#1781 = VERTEX_POINT ( 'NONE', #1509 ) ;
#1782 = CARTESIAN_POINT ( 'NONE',  ( -0.3055847413962120562, -0.6250000000000000000, 0.7317020538534013685 ) ) ;
#1783 = CARTESIAN_POINT ( 'NONE',  ( -0.1697403696298703801, -0.6260000000000000009, 0.6832839935504295692 ) ) ;
#1784 = EDGE_CURVE ( 'NONE', #11470, #8010, #48, .T. ) ;
#1785 = CARTESIAN_POINT ( 'NONE',  ( -0.3395328373643193842, -0.6260000000000000009, 0.8291273706121738973 ) ) ;
#1786 = ORIENTED_EDGE ( 'NONE', *, *, #2983, .F. ) ;
#1787 = FILL_AREA_STYLE ('',( #1733 ) ) ;
#1788 = MECHANICAL_DESIGN_GEOMETRIC_PRESENTATION_REPRESENTATION (  '', ( #11589 ), #2362 ) ;
#1789 = FACE_BOUND ( 'NONE', #7486, .T. ) ;
#1790 =( NAMED_UNIT ( * ) SI_UNIT ( $, .STERADIAN. ) SOLID_ANGLE_UNIT ( ) );
#1791 = PRESENTATION_STYLE_ASSIGNMENT (( #5453 ) ) ;
#1792 = FILL_AREA_STYLE_COLOUR ( '', #2164 ) ;
#1793 = B_SPLINE_SURFACE_WITH_KNOTS ( 'NONE', 3, 1, ( 
 ( #10760, #5899 ),
 ( #3190, #11818 ),
 ( #10699, #4051 ),
 ( #4300, #4106 ) ),
 .UNSPECIFIED., .F., .F., .F.,
 ( 4, 4 ),
 ( 2, 2 ),
 ( 8.000000000000000000, 9.000000000000000000 ),
 ( 0.0000000000000000000, 1.000000000000000000 ),
 .UNSPECIFIED. ) ;
#1794 = DIRECTION ( 'NONE',  ( 0.3658589216693567403, 0.0000000000000000000, -0.9306703226357524450 ) ) ;
#1795 = FILL_AREA_STYLE_COLOUR ( '', #3186 ) ;
#1796 = ORIENTED_EDGE ( 'NONE', *, *, #10301, .T. ) ;
#1797 = COLOUR_RGB ( '',0.0000000000000000000, 0.0000000000000000000, 0.0000000000000000000 ) ;
#1798 = EDGE_CURVE ( 'NONE', #8783, #4475, #552, .T. ) ;
#1799 = ADVANCED_FACE ( 'NONE', ( #9153, #1681 ), #11813, .F. ) ;
#1800 = CARTESIAN_POINT ( 'NONE',  ( -0.4003760047674415068, -0.6260000000000000009, 0.6907702505476974730 ) ) ;
#1801 = AXIS2_PLACEMENT_3D ( 'NONE', #11976, #6322, #9193 ) ;
#1802 = CARTESIAN_POINT ( 'NONE',  ( -0.4266298921543317801, -0.6250000000000000000, 0.6859527055353747960 ) ) ;
#1803 =( NAMED_UNIT ( * ) SI_UNIT ( $, .STERADIAN. ) SOLID_ANGLE_UNIT ( ) );
#1804 = CARTESIAN_POINT ( 'NONE',  ( -0.3198467541487413079, -0.6260000000000000009, 0.6913247881028975472 ) ) ;
#1805 = CARTESIAN_POINT ( 'NONE',  ( -0.4753772091311208592, -0.6260000000000000009, 0.7510762096942074084 ) ) ;
#1806 =( NAMED_UNIT ( * ) SI_UNIT ( $, .STERADIAN. ) SOLID_ANGLE_UNIT ( ) );
#1807 = FILL_AREA_STYLE_COLOUR ( '', #7555 ) ;
#1808 = DIRECTION ( 'NONE',  ( -0.0000000000000000000, 1.000000000000000000, -0.0000000000000000000 ) ) ;
#1809 = PRESENTATION_STYLE_ASSIGNMENT (( #10027 ) ) ;
#1810 = ORIENTED_EDGE ( 'NONE', *, *, #5039, .F. ) ;
#1811 = CARTESIAN_POINT ( 'NONE',  ( -0.6046430612512586622, -0.6260000000000000009, 0.8517473662148278279 ) ) ;
#1812 = VECTOR ( 'NONE', #2617, 1000.000000000000000 ) ;
#1813 = VERTEX_POINT ( 'NONE', #4418 ) ;
#1814 = ORIENTED_EDGE ( 'NONE', *, *, #7738, .T. ) ;
#1815 = FACE_OUTER_BOUND ( 'NONE', #2571, .T. ) ;
#1816 = SURFACE_STYLE_USAGE ( .BOTH. , #3873 ) ;
#1817 = CARTESIAN_POINT ( 'NONE',  ( -0.2331656025250132547, -0.6260000000000000009, 0.8461447418425760425 ) ) ;
#1818 = PRESENTATION_LAYER_ASSIGNMENT (  '', '', ( #7100 ) ) ;
#1819 = CARTESIAN_POINT ( 'NONE',  ( -0.8080452418693617744, -0.6260000000000000009, 0.7871599663832222760 ) ) ;
#1820 = CARTESIAN_POINT ( 'NONE',  ( -0.5776513080885772311, -0.6250000000000000000, 0.7876419363652877870 ) ) ;
#1821 = CARTESIAN_POINT ( 'NONE',  ( -0.4064239299807260730, -0.6260000000000000009, 0.6904236645755241764 ) ) ;
#1822 = CARTESIAN_POINT ( 'NONE',  ( -0.4000000000000004108, -0.2250000000000001166, 0.0000000000000000000 ) ) ;
#1823 = CARTESIAN_POINT ( 'NONE',  ( -0.6181389562192790565, -0.6260000000000000009, 0.7124506108502888235 ) ) ;
#1824 = CARTESIAN_POINT ( 'NONE',  ( -0.6022330826337125576, -0.6260000000000000009, 0.7876419363652877870 ) ) ;
#1825 = ORIENTED_EDGE ( 'NONE', *, *, #9646, .T. ) ;
#1826 = UNCERTAINTY_MEASURE_WITH_UNIT (LENGTH_MEASURE( 1.000000000000000082E-05 ), #10827, 'distance_accuracy_value', 'NONE');
#1827 = ORIENTED_EDGE ( 'NONE', *, *, #8907, .F. ) ;
#1828 = STYLED_ITEM ( 'NONE', ( #9514 ), #3741 ) ;
#1829 = FACE_OUTER_BOUND ( 'NONE', #4898, .T. ) ;
#1830 =( GEOMETRIC_REPRESENTATION_CONTEXT ( 3 ) GLOBAL_UNCERTAINTY_ASSIGNED_CONTEXT ( ( #4719 ) ) GLOBAL_UNIT_ASSIGNED_CONTEXT ( ( #5915, #11649, #9674 ) ) REPRESENTATION_CONTEXT ( 'NONE', 'WORKASPACE' ) );
#1831 = EDGE_CURVE ( 'NONE', #11453, #8702, #9089, .T. ) ;
#1832 = ADVANCED_FACE ( 'NONE', ( #663 ), #8217, .F. ) ;
#1833 = FILL_AREA_STYLE_COLOUR ( '', #10303 ) ;
#1834 = LINE ( 'NONE', #6427, #8095 ) ;
#1835 = STYLED_ITEM ( 'NONE', ( #9003 ), #4048 ) ;
#1836 = ORIENTED_EDGE ( 'NONE', *, *, #10755, .F. ) ;
#1837 = VECTOR ( 'NONE', #7590, 1000.000000000000000 ) ;
#1838 = FILL_AREA_STYLE_COLOUR ( '', #7471 ) ;
#1839 = MECHANICAL_DESIGN_GEOMETRIC_PRESENTATION_REPRESENTATION (  '', ( #4938 ), #7889 ) ;
#1840 =( NAMED_UNIT ( * ) PLANE_ANGLE_UNIT ( ) SI_UNIT ( $, .RADIAN. ) );
#1841 = EDGE_LOOP ( 'NONE', ( #9878, #1522, #1101, #9625, #3651, #753, #8565, #8919, #11707, #7986, #10614, #172, #3887, #4398 ) ) ;
#1842 = FACE_OUTER_BOUND ( 'NONE', #8149, .T. ) ;
#1843 = FILL_AREA_STYLE ('',( #2730 ) ) ;
#1844 = FILL_AREA_STYLE_COLOUR ( '', #9102 ) ;
#1845 = VERTEX_POINT ( 'NONE', #8436 ) ;
#1846 =( NAMED_UNIT ( * ) PLANE_ANGLE_UNIT ( ) SI_UNIT ( $, .RADIAN. ) );
#1847 = MECHANICAL_DESIGN_GEOMETRIC_PRESENTATION_REPRESENTATION (  '', ( #7124 ), #10851 ) ;
#1848 = CARTESIAN_POINT ( 'NONE',  ( -0.3968928157478209817, -0.6260000000000000009, 0.7974840713589456120 ) ) ;
#1849 = PLANE ( 'NONE',  #920 ) ;
#1850 = CARTESIAN_POINT ( 'NONE',  ( -0.1933948622259264172, -0.6260000000000000009, 0.6927804491859308467 ) ) ;
#1851 = PLANE ( 'NONE',  #6636 ) ;
#1852 = FILL_AREA_STYLE_COLOUR ( '', #331 ) ;
#1853 = STYLED_ITEM ( 'NONE', ( #3905 ), #4716 ) ;
#1854 = CARTESIAN_POINT ( 'NONE',  ( -0.1349951259261358005, -0.6260000000000000009, 0.7018263430577441619 ) ) ;
#1855 = B_SPLINE_CURVE_WITH_KNOTS ( 'NONE', 3,
 ( #11809, #1259, #4960, #8700 ),
 .UNSPECIFIED., .F., .F.,
 ( 4, 4 ),
 ( 4.000000000000000000, 5.000000000000000000 ),
 .UNSPECIFIED. ) ;
#1856 = CARTESIAN_POINT ( 'NONE',  ( -0.3279915244931836393, -0.6250000000000000000, 0.6745846856503245892 ) ) ;
#1857 = ORIENTED_EDGE ( 'NONE', *, *, #4312, .T. ) ;
#1858 = STYLED_ITEM ( 'NONE', ( #2732 ), #4919 ) ;
#1859 = PLANE ( 'NONE',  #1220 ) ;
#1860 = CARTESIAN_POINT ( 'NONE',  ( -0.5607814577652890931, -0.6250000000000000000, 0.7500462736077881942 ) ) ;
#1861 = VECTOR ( 'NONE', #5576, 1000.000000000000000 ) ;
#1862 = LINE ( 'NONE', #1915, #8850 ) ;
#1863 = CARTESIAN_POINT ( 'NONE',  ( -0.4132343443324636434, -0.6250000000000000000, 0.6891066378816378402 ) ) ;
#1864 = CARTESIAN_POINT ( 'NONE',  ( -0.6350087881558875713, -0.6250000000000000000, 0.6979907391445477893 ) ) ;
#1865 =( LENGTH_UNIT ( ) NAMED_UNIT ( * ) SI_UNIT ( .MILLI., .METRE. ) );
#1866 = ORIENTED_EDGE ( 'NONE', *, *, #4222, .T. ) ;
#1867 = CARTESIAN_POINT ( 'NONE',  ( -0.3637765261129762839, -0.6260000000000000009, 0.8213638448370749190 ) ) ;
#1868 = ORIENTED_EDGE ( 'NONE', *, *, #9007, .T. ) ;
#1869 = VECTOR ( 'NONE', #11980, 1000.000000000000000 ) ;
#1870 = VERTEX_POINT ( 'NONE', #101 ) ;
#1871 = COLOUR_RGB ( '',1.000000000000000000, 0.5019607843137254832, 0.0000000000000000000 ) ;
#1872 = FILL_AREA_STYLE_COLOUR ( '', #2149 ) ;
#1873 = EDGE_CURVE ( 'NONE', #1199, #10907, #4643, .T. ) ;
#1874 = DIRECTION ( 'NONE',  ( -1.000000000000000000, 0.0000000000000000000, -0.0000000000000000000 ) ) ;
#1875 = EDGE_CURVE ( 'NONE', #3561, #6348, #7364, .T. ) ;
#1876 = CARTESIAN_POINT ( 'NONE',  ( -0.3909488663260510810, -0.6250000000000000000, 0.8505463836883847550 ) ) ;
#1877 = CARTESIAN_POINT ( 'NONE',  ( -0.4281548704317070797, -0.6260000000000000009, 0.7989397324419789115 ) ) ;
#1878 = SURFACE_STYLE_FILL_AREA ( #6521 ) ;
#1879 = VECTOR ( 'NONE', #5278, 1000.000000000000000 ) ;
#1880 = DIRECTION ( 'NONE',  ( -0.0000000000000000000, 0.0000000000000000000, 1.000000000000000000 ) ) ;
#1881 =( GEOMETRIC_REPRESENTATION_CONTEXT ( 3 ) GLOBAL_UNCERTAINTY_ASSIGNED_CONTEXT ( ( #7032 ) ) GLOBAL_UNIT_ASSIGNED_CONTEXT ( ( #2350, #4243, #4105 ) ) REPRESENTATION_CONTEXT ( 'NONE', 'WORKASPACE' ) );
#1882 = FILL_AREA_STYLE ('',( #12069 ) ) ;
#1883 = UNCERTAINTY_MEASURE_WITH_UNIT (LENGTH_MEASURE( 1.000000000000000082E-05 ), #5519, 'distance_accuracy_value', 'NONE');
#1884 = EDGE_LOOP ( 'NONE', ( #8786, #9349, #7638, #808 ) ) ;
#1885 = ORIENTED_EDGE ( 'NONE', *, *, #7085, .F. ) ;
#1886 = COLOUR_RGB ( '',0.0000000000000000000, 0.0000000000000000000, 0.0000000000000000000 ) ;
#1887 = EDGE_CURVE ( 'NONE', #2176, #2110, #6625, .T. ) ;
#1888 = VECTOR ( 'NONE', #2393, 1000.000000000000000 ) ;
#1889 =( LENGTH_UNIT ( ) NAMED_UNIT ( * ) SI_UNIT ( .MILLI., .METRE. ) );
#1890 = ORIENTED_EDGE ( 'NONE', *, *, #5747, .T. ) ;
#1891 =( LENGTH_UNIT ( ) NAMED_UNIT ( * ) SI_UNIT ( .MILLI., .METRE. ) );
#1892 = DIRECTION ( 'NONE',  ( 0.3658589216693567403, -0.0000000000000000000, -0.9306703226357524450 ) ) ;
#1893 = VERTEX_POINT ( 'NONE', #1800 ) ;
#1894 = CARTESIAN_POINT ( 'NONE',  ( -0.3382504692673716784, -0.6250000000000000000, 0.6677569419997686495 ) ) ;
#1895 = LINE ( 'NONE', #11163, #7734 ) ;
#1896 = CARTESIAN_POINT ( 'NONE',  ( 0.4000000000000000222, -0.6250000000000000000, -0.01000000000000000021 ) ) ;
#1897 = PRODUCT_RELATED_PRODUCT_CATEGORY ( 'part', '', ( #2743 ) ) ;
#1898 = EDGE_LOOP ( 'NONE', ( #1810, #5859, #1349, #329, #7682, #4073, #3675, #4204 ) ) ;
#1899 = CIRCLE ( 'NONE', #3834, 0.1573157410611863705 ) ;
#1900 =( NAMED_UNIT ( * ) SI_UNIT ( $, .STERADIAN. ) SOLID_ANGLE_UNIT ( ) );
#1901 = LINE ( 'NONE', #10130, #3379 ) ;
#1902 = CARTESIAN_POINT ( 'NONE',  ( -0.3672770444314125693, -0.6260000000000000009, 0.7253248719665309485 ) ) ;
#1903 = SURFACE_STYLE_USAGE ( .BOTH. , #5270 ) ;
#1904 = FILL_AREA_STYLE ('',( #6728 ) ) ;
#1905 =( NAMED_UNIT ( * ) PLANE_ANGLE_UNIT ( ) SI_UNIT ( $, .RADIAN. ) );
#1906 = EDGE_CURVE ( 'NONE', #7251, #965, #8329, .T. ) ;
#1907 = CARTESIAN_POINT ( 'NONE',  ( -0.3360669776432840261, -0.6250000000000000000, 0.7985584878726350588 ) ) ;
#1908 = COLOUR_RGB ( '',0.0000000000000000000, 0.0000000000000000000, 1.000000000000000000 ) ;
#1909 = CARTESIAN_POINT ( 'NONE',  ( -0.7598456695170435760, -0.6250000000000000000, 0.8088497739416035115 ) ) ;
#1910 = AXIS2_PLACEMENT_3D ( 'NONE', #2401, #3312, #11752 ) ;
#1911 = EDGE_LOOP ( 'NONE', ( #7972, #5828, #10959, #5564 ) ) ;
#1912 =( LENGTH_UNIT ( ) NAMED_UNIT ( * ) SI_UNIT ( .MILLI., .METRE. ) );
#1913 = FILL_AREA_STYLE ('',( #5644 ) ) ;
#1914 = PRESENTATION_STYLE_ASSIGNMENT (( #845 ) ) ;
#1915 = CARTESIAN_POINT ( 'NONE',  ( -0.6210309048191221537, -0.6260000000000000009, 0.6830488790695999901 ) ) ;
#1916 = LINE ( 'NONE', #169, #9139 ) ;
#1917 = CARTESIAN_POINT ( 'NONE',  ( -0.6181642414781315376, 0.0000000000000000000, 0.9899999999999999911 ) ) ;
#1918 = ORIENTED_EDGE ( 'NONE', *, *, #7206, .F. ) ;
#1919 = ORIENTED_EDGE ( 'NONE', *, *, #5166, .F. ) ;
#1920 = EDGE_LOOP ( 'NONE', ( #7845, #6895, #2659, #2934 ) ) ;
#1921 = EDGE_CURVE ( 'NONE', #4250, #9792, #6395, .T. ) ;
#1922 = UNCERTAINTY_MEASURE_WITH_UNIT (LENGTH_MEASURE( 1.000000000000000082E-05 ), #1639, 'distance_accuracy_value', 'NONE');
#1923 = SURFACE_STYLE_FILL_AREA ( #9227 ) ;
#1924 = CARTESIAN_POINT ( 'NONE',  ( -0.3242657252929049827, -0.6260000000000000009, 0.6833879693419441237 ) ) ;
#1925 = SURFACE_STYLE_FILL_AREA ( #9410 ) ;
#1926 = CARTESIAN_POINT ( 'NONE',  ( -0.3046143006744966297, -0.6260000000000000009, 0.7908296206947071916 ) ) ;
#1927 = CARTESIAN_POINT ( 'NONE',  ( -0.5776513080885772311, -0.6260000000000000009, 0.7876419363652877870 ) ) ;
#1928 = SURFACE_SIDE_STYLE ('',( #7747 ) ) ;
#1929 = CARTESIAN_POINT ( 'NONE',  ( -0.3709508557357031333, -0.6250000000000000000, 0.7159670507197140044 ) ) ;
#1930 = FILL_AREA_STYLE ('',( #1767 ) ) ;
#1931 = FACE_OUTER_BOUND ( 'NONE', #9179, .T. ) ;
#1932 = VECTOR ( 'NONE', #3489, 1000.000000000000000 ) ;
#1933 = VERTEX_POINT ( 'NONE', #2812 ) ;
#1934 = UNCERTAINTY_MEASURE_WITH_UNIT (LENGTH_MEASURE( 1.000000000000000082E-05 ), #11239, 'distance_accuracy_value', 'NONE');
#1935 = ORIENTED_EDGE ( 'NONE', *, *, #12040, .T. ) ;
#1936 = EDGE_CURVE ( 'NONE', #3822, #9375, #12106, .T. ) ;
#1937 = EDGE_CURVE ( 'NONE', #456, #4430, #3725, .T. ) ;
#1938 = STYLED_ITEM ( 'NONE', ( #10374 ), #10493 ) ;
#1939 = CARTESIAN_POINT ( 'NONE',  ( -0.7598456695170435760, -0.6250000000000000000, 0.8088497739416035115 ) ) ;
#1940 = DIRECTION ( 'NONE',  ( -0.0000000000000000000, 1.000000000000000000, -0.0000000000000000000 ) ) ;
#1941 = ORIENTED_EDGE ( 'NONE', *, *, #4775, .F. ) ;
#1942 = CARTESIAN_POINT ( 'NONE',  ( -0.4147246640126687756, -0.6250000000000000000, 0.7120506292352243305 ) ) ;
#1943 =( LENGTH_UNIT ( ) NAMED_UNIT ( * ) SI_UNIT ( .MILLI., .METRE. ) );
#1944 = CARTESIAN_POINT ( 'NONE',  ( -0.6350087881558875713, -0.6250000000000000000, 0.7061846517351401120 ) ) ;
#1945 = ORIENTED_EDGE ( 'NONE', *, *, #5159, .T. ) ;
#1946 = LINE ( 'NONE', #2914, #688 ) ;
#1947 = ORIENTED_EDGE ( 'NONE', *, *, #701, .F. ) ;
#1948 = CARTESIAN_POINT ( 'NONE',  ( -0.4000000000000004108, 0.2250000000000001166, -0.01000000000000000021 ) ) ;
#1949 = CARTESIAN_POINT ( 'NONE',  ( -0.4260580253005465945, -0.6260000000000000009, 0.7200567651905200872 ) ) ;
#1950 = CARTESIAN_POINT ( 'NONE',  ( -0.3760456695256259030, -0.6250000000000000000, 0.6906316161590131397 ) ) ;
#1951 = CARTESIAN_POINT ( 'NONE',  ( -0.7251419921325151785, -0.6250000000000000000, 0.8286115728649656731 ) ) ;
#1952 = CARTESIAN_POINT ( 'NONE',  ( -0.4003760047674415068, -0.6250000000000000000, 0.6989496794893121923 ) ) ;
#1954 =( NAMED_UNIT ( * ) PLANE_ANGLE_UNIT ( ) SI_UNIT ( $, .RADIAN. ) );
#1953 = VECTOR ( 'NONE', #2874, 1000.000000000000000 ) ;
#1955 = VECTOR ( 'NONE', #7866, 1000.000000000000000 ) ;
#1956 = LINE ( 'NONE', #3718, #5175 ) ;
#1957 = ADVANCED_FACE ( 'NONE', ( #6564 ), #2647, .T. ) ;
#1958 = CARTESIAN_POINT ( 'NONE',  ( -0.3499997337217647941, -0.6250000000000000000, 0.7306622959368811454 ) ) ;
#1959 = EDGE_LOOP ( 'NONE', ( #3417, #4263, #1286, #5855 ) ) ;
#1960 = EDGE_LOOP ( 'NONE', ( #5090, #6365, #2598, #7567 ) ) ;
#1961 = MECHANICAL_DESIGN_GEOMETRIC_PRESENTATION_REPRESENTATION (  '', ( #237 ), #826 ) ;
#1962 = SURFACE_SIDE_STYLE ('',( #10326 ) ) ;
#1963 = EDGE_CURVE ( 'NONE', #7857, #2309, #2205, .T. ) ;
#1964 = EDGE_CURVE ( 'NONE', #2326, #8862, #8939, .T. ) ;
#1965 = CARTESIAN_POINT ( 'NONE',  ( -0.3187550083364663611, -0.6260000000000000009, 0.6759710295390156665 ) ) ;
#1966 = B_SPLINE_CURVE_WITH_KNOTS ( 'NONE', 3,
 ( #350, #4035, #11554, #10924 ),
 .UNSPECIFIED., .F., .F.,
 ( 4, 4 ),
 ( 7.000000000000000000, 8.000000000000000000 ),
 .UNSPECIFIED. ) ;
#1967 = EDGE_CURVE ( 'NONE', #3800, #454, #4385, .T. ) ;
#1968 = DIRECTION ( 'NONE',  ( 0.0000000000000000000, 0.0000000000000000000, -1.000000000000000000 ) ) ;
#1969 = DIRECTION ( 'NONE',  ( -0.0000000000000000000, 1.000000000000000000, -0.0000000000000000000 ) ) ;
#1970 = VECTOR ( 'NONE', #8355, 1000.000000000000227 ) ;
#1971 = ORIENTED_EDGE ( 'NONE', *, *, #11587, .F. ) ;
#1972 =( NAMED_UNIT ( * ) PLANE_ANGLE_UNIT ( ) SI_UNIT ( $, .RADIAN. ) );
#1973 = ORIENTED_EDGE ( 'NONE', *, *, #8746, .F. ) ;
#1974 = ORIENTED_EDGE ( 'NONE', *, *, #5259, .T. ) ;
#1975 = CARTESIAN_POINT ( 'NONE',  ( -0.4145860296237535159, -0.6260000000000000009, 0.7896858869866756336 ) ) ;
#1976 = DIRECTION ( 'NONE',  ( -1.000000000000000000, -0.0000000000000000000, -0.0000000000000000000 ) ) ;
#1977 = CARTESIAN_POINT ( 'NONE',  ( -0.3684727660349682576, -0.6260000000000000009, 0.7137835590956266296 ) ) ;
#1978 = CARTESIAN_POINT ( 'NONE',  ( -1.000000000000000000, 0.6250000000000000000, 1.000000000000000000 ) ) ;
#1979 = CARTESIAN_POINT ( 'NONE',  ( -0.3637765261129762839, -0.6250000000000000000, 0.8291273706121738973 ) ) ;
#1980 = MECHANICAL_DESIGN_GEOMETRIC_PRESENTATION_REPRESENTATION (  '', ( #9240 ), #1609 ) ;
#1981 = CARTESIAN_POINT ( 'NONE',  ( -0.4089020196812295227, -0.6250000000000000000, 0.6821402598423972341 ) ) ;
#1982 = PRESENTATION_STYLE_ASSIGNMENT (( #11326 ) ) ;
#1983 = EDGE_CURVE ( 'NONE', #2674, #9954, #10980, .T. ) ;
#1984 = FACE_BOUND ( 'NONE', #10035, .T. ) ;
#1985 = B_SPLINE_CURVE_WITH_KNOTS ( 'NONE', 3,
 ( #9482, #2061, #9308, #7450 ),
 .UNSPECIFIED., .F., .F.,
 ( 4, 4 ),
 ( 23.00000000000000000, 24.00000000000000000 ),
 .UNSPECIFIED. ) ;
#1986 = EDGE_LOOP ( 'NONE', ( #10975, #11792, #3434, #3282 ) ) ;
#1987 = EDGE_LOOP ( 'NONE', ( #9934, #11150, #10830, #98 ) ) ;
#1988 = FILL_AREA_STYLE ('',( #11152 ) ) ;
#1989 = DIRECTION ( 'NONE',  ( -0.0000000000000000000, -1.000000000000000000, -0.0000000000000000000 ) ) ;
#1990 =( NAMED_UNIT ( * ) SI_UNIT ( $, .STERADIAN. ) SOLID_ANGLE_UNIT ( ) );
#1991 = SURFACE_SIDE_STYLE ('',( #6710 ) ) ;
#1992 = ORIENTED_EDGE ( 'NONE', *, *, #6328, .T. ) ;
#1993 = CARTESIAN_POINT ( 'NONE',  ( -0.4307889238197114001, -0.6250000000000000000, 0.6962463089071945221 ) ) ;
#1994 = CARTESIAN_POINT ( 'NONE',  ( -0.6046430612512586622, -0.6250000000000000000, 0.8517473662148278279 ) ) ;
#1995 = CARTESIAN_POINT ( 'NONE',  ( -0.3285980499443696412, -0.6260000000000000009, 0.6604786365855273012 ) ) ;
#1996 = FILL_AREA_STYLE ('',( #5800 ) ) ;
#1997 = ORIENTED_EDGE ( 'NONE', *, *, #6487, .F. ) ;
#1998 = LINE ( 'NONE', #7397, #96 ) ;
#1999 = EDGE_LOOP ( 'NONE', ( #6861, #1168, #8960, #4792 ) ) ;
#2000 = SURFACE_STYLE_FILL_AREA ( #2917 ) ;
#2001 = ORIENTED_EDGE ( 'NONE', *, *, #7036, .T. ) ;
#2002 = DIRECTION ( 'NONE',  ( -1.000000000000000000, -0.0000000000000000000, -0.0000000000000000000 ) ) ;
#2003 = DIRECTION ( 'NONE',  ( -0.9910683662997864518, 0.0000000000000000000, -0.1333547648937679908 ) ) ;
#2004 = VECTOR ( 'NONE', #3413, 1000.000000000000000 ) ;
#2005 = PRESENTATION_STYLE_ASSIGNMENT (( #7588 ) ) ;
#2006 = SURFACE_SIDE_STYLE ('',( #4814 ) ) ;
#2007 = STYLED_ITEM ( 'NONE', ( #11829 ), #174 ) ;
#2008 = CARTESIAN_POINT ( 'NONE',  ( -0.7251419921325151785, -0.6260000000000000009, 0.8286115728649656731 ) ) ;
#2009 = CARTESIAN_POINT ( 'NONE',  ( -0.3650415649111056760, -0.6260000000000000009, 0.7259140681193632094 ) ) ;
#2010 =( NAMED_UNIT ( * ) PLANE_ANGLE_UNIT ( ) SI_UNIT ( $, .RADIAN. ) );
#2011 = CARTESIAN_POINT ( 'NONE',  ( -0.1442316420823905043, -0.6260000000000000009, 0.7510762096942074084 ) ) ;
#2012 = CARTESIAN_POINT ( 'NONE',  ( -0.6856183391259830229, -0.6250000000000000000, 0.7008827245175198728 ) ) ;
#2013 = CARTESIAN_POINT ( 'NONE',  ( -0.4368541783315783023, -0.6260000000000000009, 0.8234433606696495156 ) ) ;
#2014 = CARTESIAN_POINT ( 'NONE',  ( -0.7429758283868642676, -0.6250000000000000000, 0.8449994256261689207 ) ) ;
#2015 = ORIENTED_EDGE ( 'NONE', *, *, #4605, .F. ) ;
#2016 = STYLED_ITEM ( 'NONE', ( #8464 ), #4405 ) ;
#2017 = ORIENTED_EDGE ( 'NONE', *, *, #1937, .F. ) ;
#2018 = CARTESIAN_POINT ( 'NONE',  ( -0.4260580253005465945, -0.6260000000000000009, 0.7200567651905200872 ) ) ;
#2019 = PLANE ( 'NONE',  #5402 ) ;
#2020 = DIRECTION ( 'NONE',  ( 1.000000000000000000, 0.0000000000000000000, 0.0000000000000000000 ) ) ;
#2021 = DIRECTION ( 'NONE',  ( -1.000000000000000000, 0.0000000000000000000, -0.0000000000000000000 ) ) ;
#2022 = STYLED_ITEM ( 'NONE', ( #7079 ), #4582 ) ;
#2023 =( NAMED_UNIT ( * ) PLANE_ANGLE_UNIT ( ) SI_UNIT ( $, .RADIAN. ) );
#2024 =( LENGTH_UNIT ( ) NAMED_UNIT ( * ) SI_UNIT ( .MILLI., .METRE. ) );
#2025 = MECHANICAL_DESIGN_GEOMETRIC_PRESENTATION_REPRESENTATION (  '', ( #108 ), #11648 ) ;
#2026 = FILL_AREA_STYLE_COLOUR ( '', #10714 ) ;
#2027 = CARTESIAN_POINT ( 'NONE',  ( 1.000000000000000000, -0.6250000000000000000, -0.01000000000000000021 ) ) ;
#2028 = DIRECTION ( 'NONE',  ( 0.0000000000000000000, 1.000000000000000000, 0.0000000000000000000 ) ) ;
#2029 = EDGE_LOOP ( 'NONE', ( #3409, #4733, #2919, #3701 ) ) ;
#2030 = SURFACE_SIDE_STYLE ('',( #2098 ) ) ;
#2031 = EDGE_CURVE ( 'NONE', #4553, #2935, #9506, .T. ) ;
#2032 = VERTEX_POINT ( 'NONE', #5881 ) ;
#2033 = VERTEX_POINT ( 'NONE', #10506 ) ;
#2034 = UNCERTAINTY_MEASURE_WITH_UNIT (LENGTH_MEASURE( 1.000000000000000082E-05 ), #7767, 'distance_accuracy_value', 'NONE');
#2035 = EDGE_CURVE ( 'NONE', #11004, #7295, #11615, .T. ) ;
#2036 = COLOUR_RGB ( '',0.7529411764705882248, 0.7529411764705882248, 0.7529411764705882248 ) ;
#2037 =( GEOMETRIC_REPRESENTATION_CONTEXT ( 3 ) GLOBAL_UNCERTAINTY_ASSIGNED_CONTEXT ( ( #6826 ) ) GLOBAL_UNIT_ASSIGNED_CONTEXT ( ( #5788, #6764, #9914 ) ) REPRESENTATION_CONTEXT ( 'NONE', 'WORKASPACE' ) );
#2038 = CARTESIAN_POINT ( 'NONE',  ( -0.3860966627165586806, -0.6260000000000000009, 0.8569928827695967311 ) ) ;
#2039 =( NAMED_UNIT ( * ) SI_UNIT ( $, .STERADIAN. ) SOLID_ANGLE_UNIT ( ) );
#2040 = SURFACE_STYLE_USAGE ( .BOTH. , #8399 ) ;
#2041 = B_SPLINE_CURVE_WITH_KNOTS ( 'NONE', 3,
 ( #5759, #415, #8821, #1190 ),
 .UNSPECIFIED., .F., .F.,
 ( 4, 4 ),
 ( 3.000000000000000000, 4.000000000000000000 ),
 .UNSPECIFIED. ) ;
#2042 = FILL_AREA_STYLE_COLOUR ( '', #8583 ) ;
#2043 = SURFACE_STYLE_USAGE ( .BOTH. , #11385 ) ;
#2044 = AXIS2_PLACEMENT_3D ( 'NONE', #1445, #2155, #10748 ) ;
#2045 = PRESENTATION_LAYER_ASSIGNMENT (  '', '', ( #2246 ) ) ;
#2046 = CARTESIAN_POINT ( 'NONE',  ( -0.2047628821109766240, -0.6260000000000000009, 0.7411638508917295365 ) ) ;
#2047 = FACE_BOUND ( 'NONE', #1841, .T. ) ;
#2048 = VECTOR ( 'NONE', #4820, 1000.000000000000000 ) ;
#2049 = EDGE_CURVE ( 'NONE', #5847, #256, #2086, .T. ) ;
#2050 = ORIENTED_EDGE ( 'NONE', *, *, #5729, .F. ) ;
#2051 = ORIENTED_EDGE ( 'NONE', *, *, #9242, .F. ) ;
#2052 = CARTESIAN_POINT ( 'NONE',  ( -0.3360669776432839151, -0.6250000000000000000, 0.7985584878726350588 ) ) ;
#2053 = COLOUR_RGB ( '',0.7529411764705882248, 0.7529411764705882248, 0.7529411764705882248 ) ;
#2054 = PRESENTATION_LAYER_ASSIGNMENT (  '', '', ( #10889 ) ) ;
#2055 = PRESENTATION_LAYER_ASSIGNMENT (  '', '', ( #1502 ) ) ;
#2056 = CARTESIAN_POINT ( 'NONE',  ( -0.4404586724415291421, -0.6250000000000000000, 0.7432780253219376521 ) ) ;
#2057 = LINE ( 'NONE', #9549, #12046 ) ;
#2058 = FACE_OUTER_BOUND ( 'NONE', #7509, .T. ) ;
#2059 = CARTESIAN_POINT ( 'NONE',  ( -0.4368541783315783023, -0.6260000000000000009, 0.8234433606696495156 ) ) ;
#2060 = CARTESIAN_POINT ( 'NONE',  ( -0.2002052765774352261, -0.6260000000000000009, 0.7480955703337986984 ) ) ;
#2061 = CARTESIAN_POINT ( 'NONE',  ( -0.5776513080885772311, -0.6250000000000000000, 0.7876419363652877870 ) ) ;
#2062 = ORIENTED_EDGE ( 'NONE', *, *, #8423, .T. ) ;
#2063 = CARTESIAN_POINT ( 'NONE',  ( -0.3785064299275447408, -0.6260000000000000009, 0.7263646298830482850 ) ) ;
#2064 = EDGE_CURVE ( 'NONE', #6654, #2110, #2041, .T. ) ;
#2065 = CARTESIAN_POINT ( 'NONE',  ( -0.7796075098102038803, -0.6260000000000000009, 0.6840128741942300694 ) ) ;
#2066 = ORIENTED_EDGE ( 'NONE', *, *, #2942, .F. ) ;
#2067 = DIRECTION ( 'NONE',  ( 1.000000000000000000, 0.0000000000000000000, 0.0000000000000000000 ) ) ;
#2068 = UNCERTAINTY_MEASURE_WITH_UNIT (LENGTH_MEASURE( 1.000000000000000082E-05 ), #8582, 'distance_accuracy_value', 'NONE');
#2069 = VERTEX_POINT ( 'NONE', #8691 ) ;
#2070 = STYLED_ITEM ( 'NONE', ( #8339 ), #7503 ) ;
#2071 = CARTESIAN_POINT ( 'NONE',  ( -0.4003760047674415068, -0.6260000000000000009, 0.6907702505476974730 ) ) ;
#2072 = EDGE_CURVE ( 'NONE', #3755, #4508, #2636, .T. ) ;
#2073 = VECTOR ( 'NONE', #4611, 1000.000000000000114 ) ;
#2074 = CARTESIAN_POINT ( 'NONE',  ( -0.1933948622259264172, -0.6260000000000000009, 0.6927804491859308467 ) ) ;
#2075 = SURFACE_STYLE_USAGE ( .BOTH. , #2006 ) ;
#2076 = CARTESIAN_POINT ( 'NONE',  ( -0.3623035357315868010, -0.6260000000000000009, 0.7259140681193632094 ) ) ;
#2077 = DIRECTION ( 'NONE',  ( -0.0000000000000000000, 1.000000000000000000, -0.0000000000000000000 ) ) ;
#2078 = SURFACE_STYLE_FILL_AREA ( #1904 ) ;
#2079 = DIRECTION ( 'NONE',  ( -1.000000000000000000, -0.0000000000000000000, -0.0000000000000000000 ) ) ;
#2080 = CARTESIAN_POINT ( 'NONE',  ( -0.3535349106373711359, -0.6250000000000000000, 0.7321179570199144448 ) ) ;
#2081 = DIRECTION ( 'NONE',  ( -0.3559357243698770823, -0.0000000000000000000, -0.9345104387417461078 ) ) ;
#2082 = SURFACE_STYLE_FILL_AREA ( #6733 ) ;
#2083 = ORIENTED_EDGE ( 'NONE', *, *, #590, .T. ) ;
#2084 = VERTEX_POINT ( 'NONE', #3966 ) ;
#2085 = PRESENTATION_LAYER_ASSIGNMENT (  '', '', ( #5409 ) ) ;
#2086 = LINE ( 'NONE', #9703, #584 ) ;
#2087 = EDGE_CURVE ( 'NONE', #10905, #7268, #6317, .T. ) ;
#2088 = CARTESIAN_POINT ( 'NONE',  ( -0.4270631246196632258, -0.6260000000000000009, 0.8497838945496974938 ) ) ;
#2089 = CARTESIAN_POINT ( 'NONE',  ( -0.3560649882336316963, -0.6250000000000000000, 0.7087234039026422128 ) ) ;
#2090 = CARTESIAN_POINT ( 'NONE',  ( -0.3376092852190133442, -0.6260000000000000009, 0.8586218368384853639 ) ) ;
#2091 =( LENGTH_UNIT ( ) NAMED_UNIT ( * ) SI_UNIT ( .MILLI., .METRE. ) );
#2092 = FILL_AREA_STYLE ('',( #8511 ) ) ;
#2093 = MECHANICAL_DESIGN_GEOMETRIC_PRESENTATION_REPRESENTATION (  '', ( #8744 ), #6022 ) ;
#2094 = VECTOR ( 'NONE', #7246, 1000.000000000000000 ) ;
#2095 = FILL_AREA_STYLE ('',( #964 ) ) ;
#2096 = ORIENTED_EDGE ( 'NONE', *, *, #5117, .T. ) ;
#2097 = ORIENTED_EDGE ( 'NONE', *, *, #11783, .T. ) ;
#2098 = SURFACE_STYLE_FILL_AREA ( #112 ) ;
#2099 = ORIENTED_EDGE ( 'NONE', *, *, #3828, .F. ) ;
#2100 = ORIENTED_EDGE ( 'NONE', *, *, #6613, .F. ) ;
#2101 = CARTESIAN_POINT ( 'NONE',  ( -0.6287428474276486323, -0.6260000000000000009, 0.6835308674383441252 ) ) ;
#2102 = CARTESIAN_POINT ( 'NONE',  ( -0.3803779941768622441, -0.6260000000000000009, 0.6849822648136616454 ) ) ;
#2103 = CARTESIAN_POINT ( 'NONE',  ( -0.3803260062811051334, -0.6250000000000000000, 0.7156551233447130400 ) ) ;
#2104 = CARTESIAN_POINT ( 'NONE',  ( -0.2782910960930354283, -0.6260000000000000009, 0.8496452601610127164 ) ) ;
#2105 = FACE_OUTER_BOUND ( 'NONE', #1769, .T. ) ;
#2106 = FACE_OUTER_BOUND ( 'NONE', #8068, .T. ) ;
#2107 = LINE ( 'NONE', #11450, #1269 ) ;
#2108 = EDGE_CURVE ( 'NONE', #5411, #10455, #1130, .T. ) ;
#2109 = ORIENTED_EDGE ( 'NONE', *, *, #9560, .F. ) ;
#2110 = VERTEX_POINT ( 'NONE', #7846 ) ;
#2111 = ORIENTED_EDGE ( 'NONE', *, *, #432, .T. ) ;
#2112 = CARTESIAN_POINT ( 'NONE',  ( -0.4221762624127674002, -0.6260000000000000009, 0.6969394808510793737 ) ) ;
#2113 = ADVANCED_FACE ( 'NONE', ( #5022 ), #3169, .F. ) ;
#2114 = B_SPLINE_CURVE_WITH_KNOTS ( 'NONE', 3,
 ( #10220, #1823, #5546, #10282 ),
 .UNSPECIFIED., .F., .F.,
 ( 4, 4 ),
 ( 26.00000000000000000, 27.00000000000000000 ),
 .UNSPECIFIED. ) ;
#2115 = EDGE_CURVE ( 'NONE', #4278, #11768, #9832, .T. ) ;
#2116 = CARTESIAN_POINT ( 'NONE',  ( 1.000000000000000000, 0.6250000000000000000, 0.0000000000000000000 ) ) ;
#2117 = FILL_AREA_STYLE_COLOUR ( '', #6213 ) ;
#2118 = CARTESIAN_POINT ( 'NONE',  ( -0.2344306413231426467, -0.6250000000000000000, 0.8479123303006109724 ) ) ;
#2119 = SURFACE_SIDE_STYLE ('',( #1167 ) ) ;
#2120 = ORIENTED_EDGE ( 'NONE', *, *, #7235, .F. ) ;
#2121 = CARTESIAN_POINT ( 'NONE',  ( -0.3803260062811051334, -0.6260000000000000009, 0.7186357627051216390 ) ) ;
#2122 = FILL_AREA_STYLE ('',( #1229 ) ) ;
#2123 = UNCERTAINTY_MEASURE_WITH_UNIT (LENGTH_MEASURE( 1.000000000000000082E-05 ), #5689, 'distance_accuracy_value', 'NONE');
#2124 = EDGE_LOOP ( 'NONE', ( #1494, #1335, #145, #2660 ) ) ;
#2125 = CARTESIAN_POINT ( 'NONE',  ( -0.3198467541487413079, -0.6260000000000000009, 0.6913247881028975472 ) ) ;
#2126 = ORIENTED_EDGE ( 'NONE', *, *, #5286, .F. ) ;
#2127 = PLANE ( 'NONE',  #3661 ) ;
#2128 = COLOUR_RGB ( '',0.0000000000000000000, 0.0000000000000000000, 0.0000000000000000000 ) ;
#2129 = DIRECTION ( 'NONE',  ( 1.000000000000000000, 0.0000000000000000000, 0.0000000000000000000 ) ) ;
#2130 = SURFACE_SIDE_STYLE ('',( #335 ) ) ;
#2131 = PRESENTATION_STYLE_ASSIGNMENT (( #7834 ) ) ;
#2132 = CARTESIAN_POINT ( 'NONE',  ( -0.3232606259737883514, -0.6260000000000000009, 0.8586218368384853639 ) ) ;
#2133 = ORIENTED_EDGE ( 'NONE', *, *, #113, .T. ) ;
#2134 = CARTESIAN_POINT ( 'NONE',  ( -0.2481207872214242216, -0.6260000000000000009, 0.8093719702024847473 ) ) ;
#2135 = EDGE_CURVE ( 'NONE', #8420, #7608, #4401, .T. ) ;
#2136 = CARTESIAN_POINT ( 'NONE',  ( -0.3476776077087617156, -0.6260000000000000009, 0.6964542604902214107 ) ) ;
#2137 = LINE ( 'NONE', #2322, #4693 ) ;
#2138 = CARTESIAN_POINT ( 'NONE',  ( -0.1492051507824478651, -0.6250000000000000000, 0.7424115603912743167 ) ) ;
#2139 = LINE ( 'NONE', #3293, #8499 ) ;
#2140 = AXIS2_PLACEMENT_3D ( 'NONE', #6670, #10436, #11173 ) ;
#2141 = SURFACE_STYLE_FILL_AREA ( #4756 ) ;
#2142 =( LENGTH_UNIT ( ) NAMED_UNIT ( * ) SI_UNIT ( .MILLI., .METRE. ) );
#2143 = EDGE_LOOP ( 'NONE', ( #2904, #7892, #3372, #583 ) ) ;
#2144 = EDGE_CURVE ( 'NONE', #9400, #5111, #11854, .T. ) ;
#2145 = ORIENTED_EDGE ( 'NONE', *, *, #8269, .T. ) ;
#2146 = B_SPLINE_CURVE_WITH_KNOTS ( 'NONE', 3,
 ( #7819, #10655, #3141, #4926 ),
 .UNSPECIFIED., .F., .F.,
 ( 4, 4 ),
 ( 18.00000000000000000, 19.00000000000000000 ),
 .UNSPECIFIED. ) ;
#2147 = B_SPLINE_CURVE_WITH_KNOTS ( 'NONE', 3,
 ( #10565, #3238, #1378, #11609 ),
 .UNSPECIFIED., .F., .F.,
 ( 4, 4 ),
 ( 17.00000000000000000, 18.00000000000000000 ),
 .UNSPECIFIED. ) ;
#2148 = DIRECTION ( 'NONE',  ( 0.0000000000000000000, 0.0000000000000000000, -1.000000000000000000 ) ) ;
#2149 = COLOUR_RGB ( '',0.0000000000000000000, 0.0000000000000000000, 0.0000000000000000000 ) ;
#2150 = CARTESIAN_POINT ( 'NONE',  ( -0.3360323190458831544, -0.6260000000000000009, 0.6604786365855273012 ) ) ;
#2151 = MECHANICAL_DESIGN_GEOMETRIC_PRESENTATION_REPRESENTATION (  '', ( #11364 ), #3509 ) ;
#2152 =( NAMED_UNIT ( * ) PLANE_ANGLE_UNIT ( ) SI_UNIT ( $, .RADIAN. ) );
#2153 = SURFACE_SIDE_STYLE ('',( #8572 ) ) ;
#2154 = DIRECTION ( 'NONE',  ( 0.3315284183576488464, 0.0000000000000000000, 0.9434452330799470987 ) ) ;
#2155 = DIRECTION ( 'NONE',  ( -1.000000000000000000, 0.0000000000000000000, -0.0000000000000000000 ) ) ;
#2156 = CARTESIAN_POINT ( 'NONE',  ( -0.3918846484508255457, -0.6260000000000000009, 0.6832839935504295692 ) ) ;
#2157 = ORIENTED_EDGE ( 'NONE', *, *, #1059, .T. ) ;
#2158 = ORIENTED_EDGE ( 'NONE', *, *, #5286, .T. ) ;
#2159 = DIRECTION ( 'NONE',  ( -0.0000000000000000000, -0.0000000000000000000, 1.000000000000000000 ) ) ;
#2160 =( GEOMETRIC_REPRESENTATION_CONTEXT ( 3 ) GLOBAL_UNCERTAINTY_ASSIGNED_CONTEXT ( ( #5711 ) ) GLOBAL_UNIT_ASSIGNED_CONTEXT ( ( #6821, #1402, #10589 ) ) REPRESENTATION_CONTEXT ( 'NONE', 'WORKASPACE' ) );
#2161 = EDGE_CURVE ( 'NONE', #2655, #2935, #10977, .T. ) ;
#2162 = COLOUR_RGB ( '',0.0000000000000000000, 0.0000000000000000000, 0.0000000000000000000 ) ;
#2163 = ORIENTED_EDGE ( 'NONE', *, *, #3716, .T. ) ;
#2164 = COLOUR_RGB ( '',0.0000000000000000000, 0.0000000000000000000, 0.0000000000000000000 ) ;
#2165 = CARTESIAN_POINT ( 'NONE',  ( -0.7945493744813603154, -0.6250000000000000000, 0.6878688363051529420 ) ) ;
#2166 = CARTESIAN_POINT ( 'NONE',  ( -0.7545437239127433804, -0.6260000000000000009, 0.7481183109390059371 ) ) ;
#2167 = CARTESIAN_POINT ( 'NONE',  ( -0.2453480994445046692, -0.6260000000000000009, 0.8170315201860705034 ) ) ;
#2168 =( LENGTH_UNIT ( ) NAMED_UNIT ( * ) SI_UNIT ( .MILLI., .METRE. ) );
#2169 = CARTESIAN_POINT ( 'NONE',  ( -0.3536215571303006344, -0.6250000000000000000, 0.7247356758141610955 ) ) ;
#2170 = LINE ( 'NONE', #10635, #5387 ) ;
#2171 = DIRECTION ( 'NONE',  ( -1.000000000000000000, -5.872761767629818971E-16, 0.0000000000000000000 ) ) ;
#2172 = SURFACE_STYLE_FILL_AREA ( #7745 ) ;
#2173 = CARTESIAN_POINT ( 'NONE',  ( -0.4154351652553697205, -0.6260000000000000009, 0.6821402598423972341 ) ) ;
#2174 = CARTESIAN_POINT ( 'NONE',  ( -0.6181389378325995443, -0.6260000000000000009, 0.7399243799617344353 ) ) ;
#2175 = CARTESIAN_POINT ( 'NONE',  ( -0.3629967076757026345, -0.6260000000000000009, 0.7029007595714339418 ) ) ;
#2176 = VERTEX_POINT ( 'NONE', #6198 ) ;
#2177 = ORIENTED_EDGE ( 'NONE', *, *, #5533, .F. ) ;
#2178 =( GEOMETRIC_REPRESENTATION_CONTEXT ( 3 ) GLOBAL_UNCERTAINTY_ASSIGNED_CONTEXT ( ( #3043 ) ) GLOBAL_UNIT_ASSIGNED_CONTEXT ( ( #3794, #11059, #10142 ) ) REPRESENTATION_CONTEXT ( 'NONE', 'WORKASPACE' ) );
#2179 = FILL_AREA_STYLE ('',( #2963 ) ) ;
#2180 = FILL_AREA_STYLE_COLOUR ( '', #4783 ) ;
#2181 = CARTESIAN_POINT ( 'NONE',  ( -0.4000000000000004108, -0.6250000000000000000, -0.01000000000000000021 ) ) ;
#2182 = DIRECTION ( 'NONE',  ( -0.0000000000000000000, 1.000000000000000000, -0.0000000000000000000 ) ) ;
#2183 = CARTESIAN_POINT ( 'NONE',  ( -0.2938874648380357391, -0.6250000000000000000, 0.7908296206947071916 ) ) ;
#2184 = DIRECTION ( 'NONE',  ( -1.000000000000000000, -0.0000000000000000000, -0.0000000000000000000 ) ) ;
#2185 = ORIENTED_EDGE ( 'NONE', *, *, #9022, .T. ) ;
#2186 = CARTESIAN_POINT ( 'NONE',  ( -0.1495344074560336911, -0.6260000000000000009, 0.7403667031558708311 ) ) ;
#2187 = ORIENTED_EDGE ( 'NONE', *, *, #3550, .F. ) ;
#2188 =( NAMED_UNIT ( * ) PLANE_ANGLE_UNIT ( ) SI_UNIT ( $, .RADIAN. ) );
#2189 = UNCERTAINTY_MEASURE_WITH_UNIT (LENGTH_MEASURE( 1.000000000000000082E-05 ), #473, 'distance_accuracy_value', 'NONE');
#2190 = ORIENTED_EDGE ( 'NONE', *, *, #4091, .T. ) ;
#2191 = VECTOR ( 'NONE', #10555, 1000.000000000000000 ) ;
#2192 = EDGE_CURVE ( 'NONE', #4743, #8386, #1436, .T. ) ;
#2193 = CARTESIAN_POINT ( 'NONE',  ( -0.3187550083364663611, -0.6260000000000000009, 0.6759710295390155554 ) ) ;
#2194 = ADVANCED_FACE ( 'NONE', ( #3483 ), #651, .F. ) ;
#2195 = FILL_AREA_STYLE ('',( #8743 ) ) ;
#2196 = DIRECTION ( 'NONE',  ( -0.0000000000000000000, 1.000000000000000000, -0.0000000000000000000 ) ) ;
#2197 = CARTESIAN_POINT ( 'NONE',  ( -0.3395328373643193842, -0.6260000000000000009, 0.8213638448370749190 ) ) ;
#2198 = PLANE ( 'NONE',  #8889 ) ;
#2199 = PRESENTATION_LAYER_ASSIGNMENT (  '', '', ( #4723 ) ) ;
#2200 = CARTESIAN_POINT ( 'NONE',  ( -0.3376092852190133442, -0.6250000000000000000, 0.8508236524662153855 ) ) ;
#2201 = EDGE_LOOP ( 'NONE', ( #3757, #5909, #8433, #4739 ) ) ;
#2202 = CARTESIAN_POINT ( 'NONE',  ( -0.7063441423670857588, -0.6250000000000000000, 0.7418523702105359607 ) ) ;
#2203 = AXIS2_PLACEMENT_3D ( 'NONE', #8731, #390, #6894 ) ;
#2204 = CARTESIAN_POINT ( 'NONE',  ( -0.4003760047674415068, -0.6260000000000000009, 0.6832839935504295692 ) ) ;
#2205 = B_SPLINE_CURVE_WITH_KNOTS ( 'NONE', 3,
 ( #2995, #6679, #3062, #4033 ),
 .UNSPECIFIED., .F., .F.,
 ( 4, 4 ),
 ( 3.000000000000000000, 4.000000000000000000 ),
 .UNSPECIFIED. ) ;
#2206 = SURFACE_STYLE_FILL_AREA ( #4147 ) ;
#2207 = CARTESIAN_POINT ( 'NONE',  ( -0.1998067027099670323, -0.6260000000000000009, 0.7369008434350673431 ) ) ;
#2208 = LINE ( 'NONE', #11488, #3207 ) ;
#2209 = EDGE_LOOP ( 'NONE', ( #8535, #7751, #134, #9660, #1992, #3474 ) ) ;
#2210 = ORIENTED_EDGE ( 'NONE', *, *, #6722, .F. ) ;
#2211 =( GEOMETRIC_REPRESENTATION_CONTEXT ( 3 ) GLOBAL_UNCERTAINTY_ASSIGNED_CONTEXT ( ( #8934 ) ) GLOBAL_UNIT_ASSIGNED_CONTEXT ( ( #2804, #6557, #6857 ) ) REPRESENTATION_CONTEXT ( 'NONE', 'WORKASPACE' ) );
#2212 = DIRECTION ( 'NONE',  ( -0.0000000000000000000, -0.0000000000000000000, 1.000000000000000000 ) ) ;
#2213 = VECTOR ( 'NONE', #6477, 1000.000000000000000 ) ;
#2214 =( NAMED_UNIT ( * ) SI_UNIT ( $, .STERADIAN. ) SOLID_ANGLE_UNIT ( ) );
#2215 = LINE ( 'NONE', #6807, #10033 ) ;
#2216 = FILL_AREA_STYLE_COLOUR ( '', #5343 ) ;
#2217 = CARTESIAN_POINT ( 'NONE',  ( -0.6171749610948783493, -0.6250000000000000000, 0.7124506108502888235 ) ) ;
#2218 = FILL_AREA_STYLE ('',( #8769 ) ) ;
#2219 = ORIENTED_EDGE ( 'NONE', *, *, #7894, .F. ) ;
#2220 = VERTEX_POINT ( 'NONE', #5263 ) ;
#2221 = CARTESIAN_POINT ( 'NONE',  ( -0.4221762624127674002, -0.6260000000000000009, 0.6969394808510793737 ) ) ;
#2222 =( GEOMETRIC_REPRESENTATION_CONTEXT ( 3 ) GLOBAL_UNCERTAINTY_ASSIGNED_CONTEXT ( ( #10104 ) ) GLOBAL_UNIT_ASSIGNED_CONTEXT ( ( #5452, #8258, #1060 ) ) REPRESENTATION_CONTEXT ( 'NONE', 'WORKASPACE' ) );
#2223 = MECHANICAL_DESIGN_GEOMETRIC_PRESENTATION_REPRESENTATION (  '', ( #7489 ), #5728 ) ;
#2224 = VERTEX_POINT ( 'NONE', #11742 ) ;
#2225 = EDGE_CURVE ( 'NONE', #5247, #12054, #2390, .T. ) ;
#2226 = LINE ( 'NONE', #1341, #5429 ) ;
#2227 = VECTOR ( 'NONE', #4731, 1000.000000000000000 ) ;
#2228 = VECTOR ( 'NONE', #6185, 1000.000000000000000 ) ;
#2229 = SURFACE_STYLE_FILL_AREA ( #5961 ) ;
#2230 = FILL_AREA_STYLE ('',( #1396 ) ) ;
#2231 = CARTESIAN_POINT ( 'NONE',  ( -0.1492051507824478651, -0.6260000000000000009, 0.7424115603912743167 ) ) ;
#2232 = CARTESIAN_POINT ( 'NONE',  ( -0.3722678824295896360, -0.6250000000000000000, 0.6821402598423972341 ) ) ;
#2233 = ORIENTED_EDGE ( 'NONE', *, *, #3129, .F. ) ;
#2234 =( LENGTH_UNIT ( ) NAMED_UNIT ( * ) SI_UNIT ( .MILLI., .METRE. ) );
#2235 = CARTESIAN_POINT ( 'NONE',  ( -0.3505196126800235179, -0.6250000000000000000, 0.7044603964459816847 ) ) ;
#2236 = VECTOR ( 'NONE', #7715, 1000.000000000000000 ) ;
#2238 = VERTEX_POINT ( 'NONE', #1495 ) ;
#2237 = UNCERTAINTY_MEASURE_WITH_UNIT (LENGTH_MEASURE( 1.000000000000000082E-05 ), #1247, 'distance_accuracy_value', 'NONE');
#2239 =( GEOMETRIC_REPRESENTATION_CONTEXT ( 3 ) GLOBAL_UNCERTAINTY_ASSIGNED_CONTEXT ( ( #807 ) ) GLOBAL_UNIT_ASSIGNED_CONTEXT ( ( #11621, #544, #3973 ) ) REPRESENTATION_CONTEXT ( 'NONE', 'WORKASPACE' ) );
#2240 = ORIENTED_EDGE ( 'NONE', *, *, #2413, .F. ) ;
#2241 = PRESENTATION_LAYER_ASSIGNMENT (  '', '', ( #2631 ) ) ;
#2242 = EDGE_CURVE ( 'NONE', #5819, #7042, #5416, .T. ) ;
#2243 = SURFACE_STYLE_FILL_AREA ( #10645 ) ;
#2244 = EDGE_CURVE ( 'NONE', #7582, #1078, #10864, .T. ) ;
#2245 = MECHANICAL_DESIGN_GEOMETRIC_PRESENTATION_REPRESENTATION (  '', ( #127 ), #9101 ) ;
#2246 = STYLED_ITEM ( 'NONE', ( #2791 ), #4902 ) ;
#2247 = DIRECTION ( 'NONE',  ( -0.0000000000000000000, 1.000000000000000000, -0.0000000000000000000 ) ) ;
#2248 = DIRECTION ( 'NONE',  ( 1.000000000000000000, 0.0000000000000000000, 0.0000000000000000000 ) ) ;
#2249 = DIRECTION ( 'NONE',  ( -0.0000000000000000000, -1.000000000000000000, -0.0000000000000000000 ) ) ;
#2250 = CARTESIAN_POINT ( 'NONE',  ( -0.3860966627165586806, -0.6250000000000000000, 0.8478430131062688613 ) ) ;
#2251 = LINE ( 'NONE', #5987, #3319 ) ;
#2252 = CARTESIAN_POINT ( 'NONE',  ( -0.2851015104450040916, -0.6250000000000000000, 0.7939835530409711239 ) ) ;
#2253 = CARTESIAN_POINT ( 'NONE',  ( -0.4666259133354898614, -0.6250000000000000000, 0.7138182176927964084 ) ) ;
#2254 = ORIENTED_EDGE ( 'NONE', *, *, #4565, .F. ) ;
#2255 = UNCERTAINTY_MEASURE_WITH_UNIT (LENGTH_MEASURE( 1.000000000000000082E-05 ), #10230, 'distance_accuracy_value', 'NONE');
#2256 = ORIENTED_EDGE ( 'NONE', *, *, #28, .F. ) ;
#2257 = EDGE_CURVE ( 'NONE', #8869, #5803, #9008, .T. ) ;
#2258 = ORIENTED_EDGE ( 'NONE', *, *, #11584, .T. ) ;
#2259 = CARTESIAN_POINT ( 'NONE',  ( -0.7598456695170435760, -0.6260000000000000009, 0.8088497739416035115 ) ) ;
#2260 =( GEOMETRIC_REPRESENTATION_CONTEXT ( 3 ) GLOBAL_UNCERTAINTY_ASSIGNED_CONTEXT ( ( #2255 ) ) GLOBAL_UNIT_ASSIGNED_CONTEXT ( ( #10230, #9247, #7573 ) ) REPRESENTATION_CONTEXT ( 'NONE', 'WORKASPACE' ) );
#2261 = MECHANICAL_DESIGN_GEOMETRIC_PRESENTATION_REPRESENTATION (  '', ( #5383 ), #6376 ) ;
#2262 = PRESENTATION_LAYER_ASSIGNMENT (  '', '', ( #7530 ) ) ;
#2263 = CARTESIAN_POINT ( 'NONE',  ( -0.1923724336084561837, -0.6260000000000000009, 0.7262606540915362840 ) ) ;
#2264 = CARTESIAN_POINT ( 'NONE',  ( -0.7945493744813603154, -0.6250000000000000000, 0.6878688363051529420 ) ) ;
#2265 = FILL_AREA_STYLE ('',( #521 ) ) ;
#2266 = LINE ( 'NONE', #7041, #6263 ) ;
#2267 = ORIENTED_EDGE ( 'NONE', *, *, #4645, .T. ) ;
#2268 = STYLED_ITEM ( 'NONE', ( #7694 ), #9861 ) ;
#2269 = MECHANICAL_DESIGN_GEOMETRIC_PRESENTATION_REPRESENTATION (  '', ( #6189 ), #7938 ) ;
#2270 = ADVANCED_FACE ( 'NONE', ( #10060 ), #2794, .F. ) ;
#2271 = FILL_AREA_STYLE ('',( #6979 ) ) ;
#2272 =( LENGTH_UNIT ( ) NAMED_UNIT ( * ) SI_UNIT ( .MILLI., .METRE. ) );
#2273 = ORIENTED_EDGE ( 'NONE', *, *, #11169, .T. ) ;
#2274 = ORIENTED_EDGE ( 'NONE', *, *, #8180, .F. ) ;
#2275 = VECTOR ( 'NONE', #6034, 1000.000000000000000 ) ;
#2276 =( LENGTH_UNIT ( ) NAMED_UNIT ( * ) SI_UNIT ( .MILLI., .METRE. ) );
#2277 = LINE ( 'NONE', #7725, #4345 ) ;
#2278 = CARTESIAN_POINT ( 'NONE',  ( -0.4423822245866041447, -0.6250000000000000000, 0.7138182176927962974 ) ) ;
#2279 = EDGE_CURVE ( 'NONE', #3881, #8076, #886, .T. ) ;
#2280 = LINE ( 'NONE', #7789, #3636 ) ;
#2281 = B_SPLINE_CURVE_WITH_KNOTS ( 'NONE', 3,
 ( #11243, #904, #3669, #4706 ),
 .UNSPECIFIED., .F., .F.,
 ( 4, 4 ),
 ( 1.000000000000000000, 2.000000000000000000 ),
 .UNSPECIFIED. ) ;
#2282 =( NAMED_UNIT ( * ) PLANE_ANGLE_UNIT ( ) SI_UNIT ( $, .RADIAN. ) );
#2283 = SURFACE_STYLE_USAGE ( .BOTH. , #5272 ) ;
#2284 = ORIENTED_EDGE ( 'NONE', *, *, #3883, .F. ) ;
#2285 = VERTEX_POINT ( 'NONE', #2690 ) ;
#2286 = CARTESIAN_POINT ( 'NONE',  ( -0.4210151994063787151, -0.6260000000000000009, 0.8046237423845037373 ) ) ;
#2287 = SURFACE_SIDE_STYLE ('',( #488 ) ) ;
#2288 = STYLED_ITEM ( 'NONE', ( #8584 ), #2684 ) ;
#2289 = CARTESIAN_POINT ( 'NONE',  ( -0.4197155020108486179, -0.6260000000000000009, 0.6912901295057251039 ) ) ;
#2290 = CARTESIAN_POINT ( 'NONE',  ( -0.7342998998475077643, -0.6250000000000000000, 0.8016198380885017905 ) ) ;
#2291 = CARTESIAN_POINT ( 'NONE',  ( -0.3563942449072202701, -0.6250000000000000000, 0.6974940184067414117 ) ) ;
#2292 =( NAMED_UNIT ( * ) PLANE_ANGLE_UNIT ( ) SI_UNIT ( $, .RADIAN. ) );
#2293 = ORIENTED_EDGE ( 'NONE', *, *, #7310, .T. ) ;
#2294 = EDGE_CURVE ( 'NONE', #3583, #11453, #486, .T. ) ;
#2295 = CARTESIAN_POINT ( 'NONE',  ( -0.5487315646773255340, -0.6260000000000000009, 0.7047386866284428564 ) ) ;
#2296 = ORIENTED_EDGE ( 'NONE', *, *, #7218, .T. ) ;
#2297 = VERTEX_POINT ( 'NONE', #2632 ) ;
#2298 = UNCERTAINTY_MEASURE_WITH_UNIT (LENGTH_MEASURE( 1.000000000000000082E-05 ), #9839, 'distance_accuracy_value', 'NONE');
#2299 = COLOUR_RGB ( '',0.0000000000000000000, 0.0000000000000000000, 0.0000000000000000000 ) ;
#2300 = CARTESIAN_POINT ( 'NONE',  ( -0.3623035357315868010, -0.6250000000000000000, 0.7259140681193632094 ) ) ;
#2301 = FILL_AREA_STYLE ('',( #4420 ) ) ;
#2302 = VECTOR ( 'NONE', #9890, 1000.000000000000000 ) ;
#2303 = CARTESIAN_POINT ( 'NONE',  ( -0.3046662885702537404, -0.6250000000000000000, 0.7985584878726350588 ) ) ;
#2304 = CARTESIAN_POINT ( 'NONE',  ( -0.5786152848262988702, -0.6260000000000000009, 0.8136697035971394154 ) ) ;
#2305 = SURFACE_STYLE_USAGE ( .BOTH. , #5057 ) ;
#2306 = SURFACE_STYLE_USAGE ( .BOTH. , #1416 ) ;
#2307 = B_SPLINE_SURFACE_WITH_KNOTS ( 'NONE', 3, 1, ( 
 ( #11401, #4129 ),
 ( #8004, #319 ),
 ( #8927, #6113 ),
 ( #4925, #4004 ) ),
 .UNSPECIFIED., .F., .F., .F.,
 ( 4, 4 ),
 ( 2, 2 ),
 ( 5.000000000000000000, 6.000000000000000000 ),
 ( 0.0000000000000000000, 1.000000000000000000 ),
 .UNSPECIFIED. ) ;
#2308 = PRESENTATION_STYLE_ASSIGNMENT (( #510 ) ) ;
#2309 = VERTEX_POINT ( 'NONE', #3653 ) ;
#2310 = LINE ( 'NONE', #8671, #6943 ) ;
#2311 = EDGE_CURVE ( 'NONE', #2285, #7637, #11167, .T. ) ;
#2312 = VERTEX_POINT ( 'NONE', #6437 ) ;
#2313 = PLANE ( 'NONE',  #3990 ) ;
#2314 = ADVANCED_FACE ( 'NONE', ( #12032 ), #4260, .F. ) ;
#2315 = ORIENTED_EDGE ( 'NONE', *, *, #9620, .F. ) ;
#2316 = SURFACE_STYLE_USAGE ( .BOTH. , #6971 ) ;
#2317 =( LENGTH_UNIT ( ) NAMED_UNIT ( * ) SI_UNIT ( .MILLI., .METRE. ) );
#2318 = CARTESIAN_POINT ( 'NONE',  ( -0.2546366034969794190, -0.6250000000000000000, 0.7215817434678952758 ) ) ;
#2319 = DIRECTION ( 'NONE',  ( -1.000000000000000000, -0.0000000000000000000, -0.0000000000000000000 ) ) ;
#2320 = ORIENTED_EDGE ( 'NONE', *, *, #9173, .T. ) ;
#2321 =( NAMED_UNIT ( * ) PLANE_ANGLE_UNIT ( ) SI_UNIT ( $, .RADIAN. ) );
#2322 = CARTESIAN_POINT ( 'NONE',  ( -0.2527130513516755439, -0.6250000000000000000, 0.7432780253219376521 ) ) ;
#2323 = CARTESIAN_POINT ( 'NONE',  ( -0.4212578095868090289, -0.6260000000000000009, 0.7313208092840556285 ) ) ;
#2324 = SURFACE_STYLE_USAGE ( .BOTH. , #6133 ) ;
#2325 = ORIENTED_EDGE ( 'NONE', *, *, #5632, .F. ) ;
#2326 = VERTEX_POINT ( 'NONE', #1949 ) ;
#2327 = AXIS2_PLACEMENT_3D ( 'NONE', #283, #3798, #9397 ) ;
#2328 = CARTESIAN_POINT ( 'NONE',  ( -0.3725278219086046172, -0.6260000000000000009, 0.8586218368384853639 ) ) ;
#2329 = B_SPLINE_CURVE_WITH_KNOTS ( 'NONE', 3,
 ( #4632, #11230, #1848, #8366 ),
 .UNSPECIFIED., .F., .F.,
 ( 4, 4 ),
 ( 12.00000000000000000, 13.00000000000000000 ),
 .UNSPECIFIED. ) ;
#2330 = CARTESIAN_POINT ( 'NONE',  ( -0.7111641087955192786, -0.6260000000000000009, 0.8700632052029202423 ) ) ;
#2331 = FILL_AREA_STYLE_COLOUR ( '', #11002 ) ;
#2332 = CARTESIAN_POINT ( 'NONE',  ( -0.3567581601779786227, -0.6260000000000000009, 0.6834226279391137915 ) ) ;
#2333 = CARTESIAN_POINT ( 'NONE',  ( -0.2198913597932442843, -0.6260000000000000009, 0.8093719702024847473 ) ) ;
#2334 = SURFACE_STYLE_FILL_AREA ( #11557 ) ;
#2335 = STYLED_ITEM ( 'NONE', ( #8680 ), #10639 ) ;
#2336 =( NAMED_UNIT ( * ) PLANE_ANGLE_UNIT ( ) SI_UNIT ( $, .RADIAN. ) );
#2337 = SURFACE_STYLE_FILL_AREA ( #8768 ) ;
#2338 = VERTEX_POINT ( 'NONE', #11411 ) ;
#2339 = CARTESIAN_POINT ( 'NONE',  ( -0.4205473083438770465, -0.6250000000000000000, 0.8443424947878321873 ) ) ;
#2340 = ADVANCED_FACE ( 'NONE', ( #6789 ), #2127, .T. ) ;
#2341 = ORIENTED_EDGE ( 'NONE', *, *, #7291, .T. ) ;
#2342 = VECTOR ( 'NONE', #441, 1000.000000000000000 ) ;
#2343 = PRESENTATION_LAYER_ASSIGNMENT (  '', '', ( #8022 ) ) ;
#2344 = FILL_AREA_STYLE ('',( #10754 ) ) ;
#2345 = EDGE_CURVE ( 'NONE', #2467, #5136, #7640, .T. ) ;
#2346 =( GEOMETRIC_REPRESENTATION_CONTEXT ( 3 ) GLOBAL_UNCERTAINTY_ASSIGNED_CONTEXT ( ( #11578 ) ) GLOBAL_UNIT_ASSIGNED_CONTEXT ( ( #6576, #4896, #8577 ) ) REPRESENTATION_CONTEXT ( 'NONE', 'WORKASPACE' ) );
#2347 = EDGE_CURVE ( 'NONE', #2361, #4745, #6666, .T. ) ;
#2348 = CARTESIAN_POINT ( 'NONE',  ( -0.5954851535362660764, -0.6250000000000000000, 0.7124506108502888235 ) ) ;
#2349 = CARTESIAN_POINT ( 'NONE',  ( -0.3977246220808521304, -0.6260000000000000009, 0.7328111289642612602 ) ) ;
#2350 =( LENGTH_UNIT ( ) NAMED_UNIT ( * ) SI_UNIT ( .MILLI., .METRE. ) );
#2351 = CARTESIAN_POINT ( 'NONE',  ( -0.4666259133354898614, -0.6250000000000000000, 0.6910128607283587687 ) ) ;
#2352 =( GEOMETRIC_REPRESENTATION_CONTEXT ( 3 ) GLOBAL_UNCERTAINTY_ASSIGNED_CONTEXT ( ( #1204 ) ) GLOBAL_UNIT_ASSIGNED_CONTEXT ( ( #623, #4375, #3460 ) ) REPRESENTATION_CONTEXT ( 'NONE', 'WORKASPACE' ) );
#2353 = PRESENTATION_STYLE_ASSIGNMENT (( #8908 ) ) ;
#2354 = SURFACE_STYLE_USAGE ( .BOTH. , #4303 ) ;
#2355 = ORIENTED_EDGE ( 'NONE', *, *, #10696, .F. ) ;
#2356 =( GEOMETRIC_REPRESENTATION_CONTEXT ( 3 ) GLOBAL_UNCERTAINTY_ASSIGNED_CONTEXT ( ( #11452 ) ) GLOBAL_UNIT_ASSIGNED_CONTEXT ( ( #4584, #10248, #3494 ) ) REPRESENTATION_CONTEXT ( 'NONE', 'WORKASPACE' ) );
#2357 =( LENGTH_UNIT ( ) NAMED_UNIT ( * ) SI_UNIT ( .MILLI., .METRE. ) );
#2358 = FILL_AREA_STYLE ('',( #11449 ) ) ;
#2359 = AXIS2_PLACEMENT_3D ( 'NONE', #3544, #11981, #720 ) ;
#2360 = ORIENTED_EDGE ( 'NONE', *, *, #3967, .T. ) ;
#2361 = VERTEX_POINT ( 'NONE', #9621 ) ;
#2362 =( GEOMETRIC_REPRESENTATION_CONTEXT ( 3 ) GLOBAL_UNCERTAINTY_ASSIGNED_CONTEXT ( ( #4840 ) ) GLOBAL_UNIT_ASSIGNED_CONTEXT ( ( #330, #3344, #4137 ) ) REPRESENTATION_CONTEXT ( 'NONE', 'WORKASPACE' ) );
#2363 = COLOUR_RGB ( '',0.0000000000000000000, 0.0000000000000000000, 0.0000000000000000000 ) ;
#2364 = EDGE_CURVE ( 'NONE', #3775, #4330, #1235, .T. ) ;
#2365 = LINE ( 'NONE', #5052, #2971 ) ;
#2366 = FILL_AREA_STYLE ('',( #11774 ) ) ;
#2367 = DIRECTION ( 'NONE',  ( -0.0000000000000000000, 1.000000000000000000, -0.0000000000000000000 ) ) ;
#2368 = EDGE_CURVE ( 'NONE', #243, #8282, #9221, .T. ) ;
#2369 = CARTESIAN_POINT ( 'NONE',  ( -0.4197155020108486179, -0.6250000000000000000, 0.6912901295057251039 ) ) ;
#2370 = SURFACE_STYLE_FILL_AREA ( #683 ) ;
#2371 = VERTEX_POINT ( 'NONE', #10489 ) ;
#2372 = UNCERTAINTY_MEASURE_WITH_UNIT (LENGTH_MEASURE( 1.000000000000000082E-05 ), #11603, 'distance_accuracy_value', 'NONE');
#2373 = VECTOR ( 'NONE', #4789, 1000.000000000000000 ) ;
#2374 = ORIENTED_EDGE ( 'NONE', *, *, #7858, .T. ) ;
#2375 = CARTESIAN_POINT ( 'NONE',  ( -0.5511415432948721937, -0.6250000000000000000, 0.8049937842506608154 ) ) ;
#2376 = EDGE_LOOP ( 'NONE', ( #10165, #4778, #3645, #10783 ) ) ;
#2377 = LINE ( 'NONE', #11786, #11973 ) ;
#2378 = CARTESIAN_POINT ( 'NONE',  ( -0.4666259133354898614, -0.6250000000000000000, 0.8586218368384853639 ) ) ;
#2379 = FACE_OUTER_BOUND ( 'NONE', #1172, .T. ) ;
#2380 = CARTESIAN_POINT ( 'NONE',  ( -0.7342998998475077643, -0.6260000000000000009, 0.8016198380885017905 ) ) ;
#2381 = ORIENTED_EDGE ( 'NONE', *, *, #5307, .F. ) ;
#2382 =( NAMED_UNIT ( * ) SI_UNIT ( $, .STERADIAN. ) SOLID_ANGLE_UNIT ( ) );
#2383 = LINE ( 'NONE', #7226, #1305 ) ;
#2384 =( NAMED_UNIT ( * ) SI_UNIT ( $, .STERADIAN. ) SOLID_ANGLE_UNIT ( ) );
#2385 = FILL_AREA_STYLE_COLOUR ( '', #10880 ) ;
#2386 = SURFACE_STYLE_FILL_AREA ( #3294 ) ;
#2387 =( LENGTH_UNIT ( ) NAMED_UNIT ( * ) SI_UNIT ( .MILLI., .METRE. ) );
#2388 = VERTEX_POINT ( 'NONE', #4749 ) ;
#2389 = ADVANCED_FACE ( 'NONE', ( #208 ), #1308, .T. ) ;
#2390 = LINE ( 'NONE', #6138, #2302 ) ;
#2391 = STYLED_ITEM ( 'NONE', ( #6243 ), #3388 ) ;
#2392 = EDGE_CURVE ( 'NONE', #3894, #4007, #785, .T. ) ;
#2393 = DIRECTION ( 'NONE',  ( -0.0000000000000000000, 1.000000000000000000, -0.0000000000000000000 ) ) ;
#2394 = CARTESIAN_POINT ( 'NONE',  ( -0.3563942449072202701, -0.6250000000000000000, 0.6912554709085554361 ) ) ;
#2395 = CARTESIAN_POINT ( 'NONE',  ( -0.4003760047674415068, -0.6250000000000000000, 0.6989496794893121923 ) ) ;
#2396 = CARTESIAN_POINT ( 'NONE',  ( -0.7342999090408477425, -0.6250000000000000000, 0.7177525564541258341 ) ) ;
#2397 = CARTESIAN_POINT ( 'NONE',  ( -0.1933948622259264172, -0.6250000000000000000, 0.7420996330167346500 ) ) ;
#2398 = PRESENTATION_STYLE_ASSIGNMENT (( #1386 ) ) ;
#2399 = ORIENTED_EDGE ( 'NONE', *, *, #11007, .F. ) ;
#2400 = EDGE_LOOP ( 'NONE', ( #8548, #7782, #5723, #4135 ) ) ;
#2401 = CARTESIAN_POINT ( 'NONE',  ( -0.2527130513516755439, -0.6260000000000000009, 0.7510762096942074084 ) ) ;
#2402 = SURFACE_STYLE_USAGE ( .BOTH. , #7067 ) ;
#2403 = CARTESIAN_POINT ( 'NONE',  ( -0.1503142258933072573, -0.6250000000000000000, 0.7376633325737550484 ) ) ;
#2404 = CARTESIAN_POINT ( 'NONE',  ( -0.2044336254373881057, -0.6260000000000000009, 0.6933696453383004776 ) ) ;
#2405 = STYLED_ITEM ( 'NONE', ( #10246 ), #3902 ) ;
#2406 = COLOUR_RGB ( '',0.0000000000000000000, 0.0000000000000000000, 0.0000000000000000000 ) ;
#2407 = CARTESIAN_POINT ( 'NONE',  ( -0.2296130963108196088, -0.6260000000000000009, 0.6910128607283587687 ) ) ;
#2408 = SURFACE_SIDE_STYLE ('',( #7073 ) ) ;
#2409 = SURFACE_STYLE_USAGE ( .BOTH. , #2477 ) ;
#2410 = ORIENTED_EDGE ( 'NONE', *, *, #852, .F. ) ;
#2411 = EDGE_CURVE ( 'NONE', #4524, #603, #7830, .T. ) ;
#2412 = CARTESIAN_POINT ( 'NONE',  ( 1.000000000000000000, -0.6250000000000000000, -0.01000000000000000021 ) ) ;
#2413 = EDGE_CURVE ( 'NONE', #3857, #246, #4964, .T. ) ;
#2414 = VERTEX_POINT ( 'NONE', #6972 ) ;
#2415 = ORIENTED_EDGE ( 'NONE', *, *, #6397, .T. ) ;
#2416 =( GEOMETRIC_REPRESENTATION_CONTEXT ( 3 ) GLOBAL_UNCERTAINTY_ASSIGNED_CONTEXT ( ( #11284 ) ) GLOBAL_UNIT_ASSIGNED_CONTEXT ( ( #5445, #8146, #3531 ) ) REPRESENTATION_CONTEXT ( 'NONE', 'WORKASPACE' ) );
#2417 = CARTESIAN_POINT ( 'NONE',  ( -0.6181642414781315376, 0.0000000000000000000, 0.9899999999999999911 ) ) ;
#2418 =( GEOMETRIC_REPRESENTATION_CONTEXT ( 3 ) GLOBAL_UNCERTAINTY_ASSIGNED_CONTEXT ( ( #4071 ) ) GLOBAL_UNIT_ASSIGNED_CONTEXT ( ( #10201, #4649, #9274 ) ) REPRESENTATION_CONTEXT ( 'NONE', 'WORKASPACE' ) );
#2419 = PRESENTATION_LAYER_ASSIGNMENT (  '', '', ( #7124 ) ) ;
#2420 = DIRECTION ( 'NONE',  ( -0.3385350343141522167, 0.0000000000000000000, -0.9409537876760557529 ) ) ;
#2421 =( NAMED_UNIT ( * ) SI_UNIT ( $, .STERADIAN. ) SOLID_ANGLE_UNIT ( ) );
#2422 = VECTOR ( 'NONE', #3082, 1000.000000000000000 ) ;
#2423 = EDGE_CURVE ( 'NONE', #8950, #6899, #9753, .T. ) ;
#2424 = FILL_AREA_STYLE_COLOUR ( '', #4432 ) ;
#2425 = AXIS2_PLACEMENT_3D ( 'NONE', #10853, #522, #2560 ) ;
#2426 =( LENGTH_UNIT ( ) NAMED_UNIT ( * ) SI_UNIT ( .MILLI., .METRE. ) );
#2427 = ORIENTED_EDGE ( 'NONE', *, *, #6293, .T. ) ;
#2428 = SURFACE_STYLE_FILL_AREA ( #1478 ) ;
#2429 = ORIENTED_EDGE ( 'NONE', *, *, #2517, .F. ) ;
#2430 = UNCERTAINTY_MEASURE_WITH_UNIT (LENGTH_MEASURE( 1.000000000000000082E-05 ), #7116, 'distance_accuracy_value', 'NONE');
#2431 = ORIENTED_EDGE ( 'NONE', *, *, #8762, .F. ) ;
#2432 = LINE ( 'NONE', #1718, #9213 ) ;
#2433 =( GEOMETRIC_REPRESENTATION_CONTEXT ( 3 ) GLOBAL_UNCERTAINTY_ASSIGNED_CONTEXT ( ( #8126 ) ) GLOBAL_UNIT_ASSIGNED_CONTEXT ( ( #9172, #6574, #8576 ) ) REPRESENTATION_CONTEXT ( 'NONE', 'WORKASPACE' ) );
#2434 = MECHANICAL_DESIGN_GEOMETRIC_PRESENTATION_REPRESENTATION (  '', ( #3981 ), #6933 ) ;
#2435 = FILL_AREA_STYLE ('',( #8072 ) ) ;
#2436 = LINE ( 'NONE', #5196, #2228 ) ;
#2437 = CARTESIAN_POINT ( 'NONE',  ( -0.1923724336084561837, -0.6250000000000000000, 0.7178039563720904903 ) ) ;
#2438 = ORIENTED_EDGE ( 'NONE', *, *, #6590, .T. ) ;
#2439 = SURFACE_STYLE_FILL_AREA ( #9822 ) ;
#2440 = PLANE ( 'NONE',  #725 ) ;
#2441 = FILL_AREA_STYLE_COLOUR ( '', #7260 ) ;
#2442 = ORIENTED_EDGE ( 'NONE', *, *, #8624, .F. ) ;
#2443 = DIRECTION ( 'NONE',  ( -0.0000000000000000000, 1.000000000000000000, -0.0000000000000000000 ) ) ;
#2444 = FACE_OUTER_BOUND ( 'NONE', #178, .T. ) ;
#2445 = MECHANICAL_DESIGN_GEOMETRIC_PRESENTATION_REPRESENTATION (  '', ( #4183 ), #11672 ) ;
#2446 = PRESENTATION_LAYER_ASSIGNMENT (  '', '', ( #1858 ) ) ;
#2447 = DIRECTION ( 'NONE',  ( -0.0000000000000000000, -0.0000000000000000000, 1.000000000000000000 ) ) ;
#2448 = EDGE_CURVE ( 'NONE', #2084, #1893, #4873, .T. ) ;
#2449 = CARTESIAN_POINT ( 'NONE',  ( -0.4003760047674415068, -0.6260000000000000009, 0.7219629880372387953 ) ) ;
#2450 = ORIENTED_EDGE ( 'NONE', *, *, #7877, .T. ) ;
#2451 = DIRECTION ( 'NONE',  ( -0.0000000000000000000, 1.000000000000000000, -0.0000000000000000000 ) ) ;
#2452 = B_SPLINE_CURVE_WITH_KNOTS ( 'NONE', 3,
 ( #8091, #8154, #7236, #2573 ),
 .UNSPECIFIED., .F., .F.,
 ( 4, 4 ),
 ( 2.000000000000000000, 3.000000000000000000 ),
 .UNSPECIFIED. ) ;
#2453 = PRESENTATION_LAYER_ASSIGNMENT (  '', '', ( #11480 ) ) ;
#2454 = COLOUR_RGB ( '',0.0000000000000000000, 0.0000000000000000000, 0.0000000000000000000 ) ;
#2455 = CARTESIAN_POINT ( 'NONE',  ( -0.1604518655769359148, -0.6250000000000000000, 0.7094858930413312503 ) ) ;
#2456 = SURFACE_SIDE_STYLE ('',( #3248 ) ) ;
#2457 = SURFACE_STYLE_USAGE ( .BOTH. , #8008 ) ;
#2458 =( NAMED_UNIT ( * ) PLANE_ANGLE_UNIT ( ) SI_UNIT ( $, .RADIAN. ) );
#2459 = MECHANICAL_DESIGN_GEOMETRIC_PRESENTATION_REPRESENTATION (  '', ( #8313 ), #539 ) ;
#2460 = CARTESIAN_POINT ( 'NONE',  ( -0.1998067027099670323, -0.6260000000000000009, 0.7369008434350673431 ) ) ;
#2461 = LINE ( 'NONE', #3428, #1524 ) ;
#2462 =( LENGTH_UNIT ( ) NAMED_UNIT ( * ) SI_UNIT ( .MILLI., .METRE. ) );
#2463 = ORIENTED_EDGE ( 'NONE', *, *, #5713, .F. ) ;
#2464 = B_SPLINE_SURFACE_WITH_KNOTS ( 'NONE', 3, 1, ( 
 ( #4520, #10931 ),
 ( #5271, #9147 ),
 ( #3430, #2522 ),
 ( #10017, #778 ) ),
 .UNSPECIFIED., .F., .F., .F.,
 ( 4, 4 ),
 ( 2, 2 ),
 ( 7.000000000000000000, 8.000000000000000000 ),
 ( 0.0000000000000000000, 1.000000000000000000 ),
 .UNSPECIFIED. ) ;
#2465 = FACE_OUTER_BOUND ( 'NONE', #3738, .T. ) ;
#2466 = PRESENTATION_STYLE_ASSIGNMENT (( #8595 ) ) ;
#2467 = VERTEX_POINT ( 'NONE', #261 ) ;
#2468 = MECHANICAL_DESIGN_GEOMETRIC_PRESENTATION_REPRESENTATION (  '', ( #4216 ), #11092 ) ;
#2469 = EDGE_CURVE ( 'NONE', #3181, #233, #10487, .T. ) ;
#2470 = PRESENTATION_LAYER_ASSIGNMENT (  '', '', ( #1701 ) ) ;
#2471 = DIRECTION ( 'NONE',  ( 0.0000000000000000000, 1.000000000000000000, 0.0000000000000000000 ) ) ;
#2472 = FILL_AREA_STYLE_COLOUR ( '', #10692 ) ;
#2473 = CARTESIAN_POINT ( 'NONE',  ( -0.3709508557357031333, -0.6260000000000000009, 0.7159670507197140044 ) ) ;
#2474 = LINE ( 'NONE', #731, #8134 ) ;
#2475 =( GEOMETRIC_REPRESENTATION_CONTEXT ( 3 ) GLOBAL_UNCERTAINTY_ASSIGNED_CONTEXT ( ( #9041 ) ) GLOBAL_UNIT_ASSIGNED_CONTEXT ( ( #6411, #10161, #6295 ) ) REPRESENTATION_CONTEXT ( 'NONE', 'WORKASPACE' ) );
#2476 = CARTESIAN_POINT ( 'NONE',  ( -0.7362278900963092898, -0.6260000000000000009, 0.8522293614788092331 ) ) ;
#2477 = SURFACE_SIDE_STYLE ('',( #496 ) ) ;
#2478 = VERTEX_POINT ( 'NONE', #1948 ) ;
#2479 = MECHANICAL_DESIGN_GEOMETRIC_PRESENTATION_REPRESENTATION (  '', ( #3051 ), #1338 ) ;
#2480 = FILL_AREA_STYLE_COLOUR ( '', #10665 ) ;
#2481 = FILL_AREA_STYLE_COLOUR ( '', #3908 ) ;
#2482 = ORIENTED_EDGE ( 'NONE', *, *, #7726, .F. ) ;
#2483 = ORIENTED_EDGE ( 'NONE', *, *, #1603, .F. ) ;
#2484 = DIRECTION ( 'NONE',  ( 1.000000000000000000, 0.0000000000000000000, 0.0000000000000000000 ) ) ;
#2485 = AXIS2_PLACEMENT_3D ( 'NONE', #8645, #299, #5040 ) ;
#2486 = CARTESIAN_POINT ( 'NONE',  ( -0.4423822245866041447, -0.6250000000000000000, 0.7138182176927964084 ) ) ;
#2487 = FACE_OUTER_BOUND ( 'NONE', #586, .T. ) ;
#2488 = CARTESIAN_POINT ( 'NONE',  ( -0.4281548704317070797, -0.6260000000000000009, 0.7989397324419789115 ) ) ;
#2489 = CARTESIAN_POINT ( 'NONE',  ( -0.6460946861199128310, -0.6260000000000000009, 0.8768111452172836495 ) ) ;
#2490 = EDGE_CURVE ( 'NONE', #7582, #8811, #4655, .T. ) ;
#2492 = AXIS2_PLACEMENT_3D ( 'NONE', #682, #508, #5986 ) ;
#2491 = DIRECTION ( 'NONE',  ( -0.0000000000000000000, 0.0000000000000000000, 1.000000000000000000 ) ) ;
#2493 = FACE_OUTER_BOUND ( 'NONE', #4512, .T. ) ;
#2494 = SURFACE_STYLE_USAGE ( .BOTH. , #1529 ) ;
#2495 = CARTESIAN_POINT ( 'NONE',  ( -0.3563942449072202701, -0.6260000000000000009, 0.6956224541571924824 ) ) ;
#2496 = COLOUR_RGB ( '',0.0000000000000000000, 0.0000000000000000000, 0.0000000000000000000 ) ;
#2497 = ORIENTED_EDGE ( 'NONE', *, *, #5436, .F. ) ;
#2498 = UNCERTAINTY_MEASURE_WITH_UNIT (LENGTH_MEASURE( 1.000000000000000082E-05 ), #8664, 'distance_accuracy_value', 'NONE');
#2499 = ORIENTED_EDGE ( 'NONE', *, *, #664, .F. ) ;
#2500 = EDGE_LOOP ( 'NONE', ( #430, #7545, #11304, #4758, #4198, #10947, #6127, #4773, #2267, #6632, #4776, #7389, #7535, #4563 ) ) ;
#2501 = ADVANCED_FACE ( 'NONE', ( #783 ), #9491, .T. ) ;
#2502 = EDGE_CURVE ( 'NONE', #2220, #5641, #4810, .T. ) ;
#2503 = VECTOR ( 'NONE', #2451, 1000.000000000000000 ) ;
#2504 = EDGE_CURVE ( 'NONE', #673, #6, #1053, .T. ) ;
#2505 = CARTESIAN_POINT ( 'NONE',  ( -0.6330807979073170833, -0.6250000000000000000, 0.7654701588243790766 ) ) ;
#2506 = VERTEX_POINT ( 'NONE', #11471 ) ;
#2507 = DIRECTION ( 'NONE',  ( -0.8863488427958619020, 0.0000000000000000000, -0.4630180653866934892 ) ) ;
#2508 = CARTESIAN_POINT ( 'NONE',  ( -0.3728224199850207476, -0.6250000000000000000, 0.7067132052644117257 ) ) ;
#2509 = ORIENTED_EDGE ( 'NONE', *, *, #2242, .F. ) ;
#2510 = FACE_OUTER_BOUND ( 'NONE', #8517, .T. ) ;
#2511 = CARTESIAN_POINT ( 'NONE',  ( -0.3145093301779258166, -0.6260000000000000009, 0.8508236524662153855 ) ) ;
#2512 = SURFACE_STYLE_USAGE ( .BOTH. , #771 ) ;
#2513 = PRESENTATION_LAYER_ASSIGNMENT (  '', '', ( #7786 ) ) ;
#2514 = ORIENTED_EDGE ( 'NONE', *, *, #5722, .F. ) ;
#2515 = LINE ( 'NONE', #595, #10706 ) ;
#2516 = CARTESIAN_POINT ( 'NONE',  ( -0.5308977192294062064, -0.6250000000000000000, 0.7505282803632126187 ) ) ;
#2517 = EDGE_CURVE ( 'NONE', #2220, #4743, #10198, .T. ) ;
#2518 =( NAMED_UNIT ( * ) PLANE_ANGLE_UNIT ( ) SI_UNIT ( $, .RADIAN. ) );
#2519 = CARTESIAN_POINT ( 'NONE',  ( -0.8384109871606698627, -0.6250000000000000000, 0.7804120005121859549 ) ) ;
#2520 = CARTESIAN_POINT ( 'NONE',  ( -0.3918846484508255457, -0.6250000000000000000, 0.7144420724423385938 ) ) ;
#2521 = SURFACE_STYLE_USAGE ( .BOTH. , #11860 ) ;
#2522 = CARTESIAN_POINT ( 'NONE',  ( -0.3712454538118883374, -0.6250000000000000000, 0.7315287608675445918 ) ) ;
#2523 = CARTESIAN_POINT ( 'NONE',  ( -0.3039211287301524234, -0.6260000000000000009, 0.8586218368384853639 ) ) ;
#2524 = EDGE_CURVE ( 'NONE', #8225, #4554, #6563, .T. ) ;
#2525 = FILL_AREA_STYLE_COLOUR ( '', #5503 ) ;
#2526 = ORIENTED_EDGE ( 'NONE', *, *, #9206, .T. ) ;
#2527 = CARTESIAN_POINT ( 'NONE',  ( -0.4089020196812295227, -0.6250000000000000000, 0.6821402598423972341 ) ) ;
#2528 = CARTESIAN_POINT ( 'NONE',  ( -0.5786152848262988702, -0.6250000000000000000, 0.8136697035971394154 ) ) ;
#2529 = MECHANICAL_DESIGN_GEOMETRIC_PRESENTATION_REPRESENTATION (  '', ( #9387 ), #9782 ) ;
#2530 = CARTESIAN_POINT ( 'NONE',  ( -0.4389163648655687311, -0.6250000000000000000, 0.6832839935504295692 ) ) ;
#2531 = SURFACE_STYLE_FILL_AREA ( #6219 ) ;
#2532 =( LENGTH_UNIT ( ) NAMED_UNIT ( * ) SI_UNIT ( .MILLI., .METRE. ) );
#2533 = DIRECTION ( 'NONE',  ( -0.0000000000000000000, 1.000000000000000000, -0.0000000000000000000 ) ) ;
#2534 = CARTESIAN_POINT ( 'NONE',  ( -0.3531363367694426714, -0.6250000000000000000, 0.6859873641325445748 ) ) ;
#2535 = ORIENTED_EDGE ( 'NONE', *, *, #5403, .F. ) ;
#2536 = FILL_AREA_STYLE ('',( #7196 ) ) ;
#2537 = DIRECTION ( 'NONE',  ( 1.000000000000000000, 0.0000000000000000000, -0.0000000000000000000 ) ) ;
#2538 = VECTOR ( 'NONE', #7752, 1000.000000000000000 ) ;
#2539 = DIRECTION ( 'NONE',  ( 1.000000000000000000, 0.0000000000000000000, -0.0000000000000000000 ) ) ;
#2540 = VERTEX_POINT ( 'NONE', #149 ) ;
#2541 = ORIENTED_EDGE ( 'NONE', *, *, #9522, .F. ) ;
#2542 = CARTESIAN_POINT ( 'NONE',  ( -0.6697124839270957031, -0.6250000000000000000, 0.8478914018058004709 ) ) ;
#2543 = VECTOR ( 'NONE', #2549, 1000.000000000000000 ) ;
#2544 = CARTESIAN_POINT ( 'NONE',  ( -0.2847029365770755716, -0.6260000000000000009, 0.8444464705793452985 ) ) ;
#2545 =( GEOMETRIC_REPRESENTATION_CONTEXT ( 3 ) GLOBAL_UNCERTAINTY_ASSIGNED_CONTEXT ( ( #7497 ) ) GLOBAL_UNIT_ASSIGNED_CONTEXT ( ( #6071, #343, #8024 ) ) REPRESENTATION_CONTEXT ( 'NONE', 'WORKASPACE' ) );
#2546 =( GEOMETRIC_REPRESENTATION_CONTEXT ( 3 ) GLOBAL_UNCERTAINTY_ASSIGNED_CONTEXT ( ( #8846 ) ) GLOBAL_UNIT_ASSIGNED_CONTEXT ( ( #1277, #305, #6819 ) ) REPRESENTATION_CONTEXT ( 'NONE', 'WORKASPACE' ) );
#2547 = DIRECTION ( 'NONE',  ( 4.336808689942017120E-17, 1.000000000000000000, 0.0000000000000000000 ) ) ;
#2548 = CARTESIAN_POINT ( 'NONE',  ( -0.3042677147027854634, -0.6250000000000000000, 0.8508236524662153855 ) ) ;
#2549 = DIRECTION ( 'NONE',  ( -0.0000000000000000000, 1.000000000000000000, -0.0000000000000000000 ) ) ;
#2550 = CARTESIAN_POINT ( 'NONE',  ( -0.2797467571760686722, -0.6250000000000000000, 0.8401834631226829941 ) ) ;
#2551 = STYLED_ITEM ( 'NONE', ( #810 ), #1369 ) ;
#2552 = ORIENTED_EDGE ( 'NONE', *, *, #9332, .F. ) ;
#2553 = UNCERTAINTY_MEASURE_WITH_UNIT (LENGTH_MEASURE( 1.000000000000000082E-05 ), #2628, 'distance_accuracy_value', 'NONE');
#2554 = EDGE_LOOP ( 'NONE', ( #7907, #7718, #4657, #9040 ) ) ;
#2555 = CARTESIAN_POINT ( 'NONE',  ( -0.3376092852190133442, -0.6260000000000000009, 0.8508236524662153855 ) ) ;
#2556 = MECHANICAL_DESIGN_GEOMETRIC_PRESENTATION_REPRESENTATION (  '', ( #5083 ), #6651 ) ;
#2557 = B_SPLINE_SURFACE_WITH_KNOTS ( 'NONE', 3, 1, ( 
 ( #7089, #5120 ),
 ( #11895, #7146 ),
 ( #3461, #4196 ),
 ( #8928, #9985 ) ),
 .UNSPECIFIED., .F., .F., .F.,
 ( 4, 4 ),
 ( 2, 2 ),
 ( 33.00000000000000000, 34.00000000000000000 ),
 ( 0.0000000000000000000, 1.000000000000000000 ),
 .UNSPECIFIED. ) ;
#2558 = VECTOR ( 'NONE', #3758, 1000.000000000000000 ) ;
#2559 = LINE ( 'NONE', #10292, #11812 ) ;
#2560 = DIRECTION ( 'NONE',  ( 0.0000000000000000000, -0.0000000000000000000, 1.000000000000000000 ) ) ;
#2561 = ORIENTED_EDGE ( 'NONE', *, *, #7755, .F. ) ;
#2562 = CARTESIAN_POINT ( 'NONE',  ( -0.4199234535941037683, -0.6250000000000000000, 0.7030740525572911626 ) ) ;
#2563 = DIRECTION ( 'NONE',  ( -0.0000000000000000000, 1.000000000000000000, -0.0000000000000000000 ) ) ;
#2564 = CARTESIAN_POINT ( 'NONE',  ( -0.3499997337217647941, -0.6260000000000000009, 0.7224135498009269796 ) ) ;
#2565 = VERTEX_POINT ( 'NONE', #206 ) ;
#2566 = FILL_AREA_STYLE_COLOUR ( '', #8864 ) ;
#2567 = ADVANCED_FACE ( 'NONE', ( #1175 ), #11143, .F. ) ;
#2568 = LINE ( 'NONE', #2511, #12067 ) ;
#2569 = CARTESIAN_POINT ( 'NONE',  ( -0.4003760047674415068, -0.6250000000000000000, 0.7219629880372387953 ) ) ;
#2570 = EDGE_CURVE ( 'NONE', #5742, #629, #10345, .T. ) ;
#2571 = EDGE_LOOP ( 'NONE', ( #10659, #9364, #2463, #1814 ) ) ;
#2572 =( NAMED_UNIT ( * ) SI_UNIT ( $, .STERADIAN. ) SOLID_ANGLE_UNIT ( ) );
#2573 = CARTESIAN_POINT ( 'NONE',  ( -0.2190248948630434400, -0.6250000000000000000, 0.7510762096942074084 ) ) ;
#2574 = EDGE_CURVE ( 'NONE', #5385, #11208, #9655, .T. ) ;
#2575 = CARTESIAN_POINT ( 'NONE',  ( -0.8384109871606698627, -0.6260000000000000009, 0.7596861880784363530 ) ) ;
#2576 = STYLED_ITEM ( 'NONE', ( #1498 ), #3191 ) ;
#2577 = SURFACE_STYLE_FILL_AREA ( #7177 ) ;
#2578 = FACE_OUTER_BOUND ( 'NONE', #1757, .T. ) ;
#2579 = CARTESIAN_POINT ( 'NONE',  ( -0.7733415644850640813, -0.6260000000000000009, 0.6647330452529338629 ) ) ;
#2580 = B_SPLINE_CURVE_WITH_KNOTS ( 'NONE', 3,
 ( #5378, #9129, #2508, #4453 ),
 .UNSPECIFIED., .F., .F.,
 ( 4, 4 ),
 ( 4.000000000000000000, 5.000000000000000000 ),
 .UNSPECIFIED. ) ;
#2581 = ORIENTED_EDGE ( 'NONE', *, *, #8181, .F. ) ;
#2582 =( GEOMETRIC_REPRESENTATION_CONTEXT ( 3 ) GLOBAL_UNCERTAINTY_ASSIGNED_CONTEXT ( ( #3149 ) ) GLOBAL_UNIT_ASSIGNED_CONTEXT ( ( #2867, #402, #8558 ) ) REPRESENTATION_CONTEXT ( 'NONE', 'WORKASPACE' ) );
#2583 = CARTESIAN_POINT ( 'NONE',  ( -0.5308977192294062064, -0.6250000000000000000, 0.7505282803632126187 ) ) ;
#2584 = CARTESIAN_POINT ( 'NONE',  ( -0.3279915244931836948, -0.6250000000000000000, 0.6745846856503245892 ) ) ;
#2585 = PLANE ( 'NONE',  #8088 ) ;
#2586 =( NAMED_UNIT ( * ) SI_UNIT ( $, .STERADIAN. ) SOLID_ANGLE_UNIT ( ) );
#2587 = LINE ( 'NONE', #8167, #11290 ) ;
#2588 = LINE ( 'NONE', #4532, #6598 ) ;
#2589 = CARTESIAN_POINT ( 'NONE',  ( -0.4199234535941037683, -0.6260000000000000009, 0.7030740525572911626 ) ) ;
#2590 = CARTESIAN_POINT ( 'NONE',  ( -0.2788802922454052813, -0.6260000000000000009, 0.7432780253219376521 ) ) ;
#2591 = ORIENTED_EDGE ( 'NONE', *, *, #11007, .T. ) ;
#2592 =( GEOMETRIC_REPRESENTATION_CONTEXT ( 3 ) GLOBAL_UNCERTAINTY_ASSIGNED_CONTEXT ( ( #11408 ) ) GLOBAL_UNIT_ASSIGNED_CONTEXT ( ( #3760, #6108, #2586 ) ) REPRESENTATION_CONTEXT ( 'NONE', 'WORKASPACE' ) );
#2593 = EDGE_CURVE ( 'NONE', #1599, #3993, #10273, .T. ) ;
#2594 = SURFACE_STYLE_FILL_AREA ( #2536 ) ;
#2595 = FILL_AREA_STYLE ('',( #2481 ) ) ;
#2596 = VECTOR ( 'NONE', #10295, 1000.000000000000000 ) ;
#2597 = ORIENTED_EDGE ( 'NONE', *, *, #1467, .T. ) ;
#2598 = ORIENTED_EDGE ( 'NONE', *, *, #12007, .T. ) ;
#2599 = CARTESIAN_POINT ( 'NONE',  ( -0.5308977192294062064, -0.6250000000000000000, 0.7336584300399252578 ) ) ;
#2600 = VECTOR ( 'NONE', #2248, 1000.000000000000000 ) ;
#2601 = CARTESIAN_POINT ( 'NONE',  ( -0.4666259133354898614, -0.6260000000000000009, 0.6910128607283587687 ) ) ;
#2602 = LINE ( 'NONE', #3631, #2073 ) ;
#2603 = SURFACE_STYLE_USAGE ( .BOTH. , #9171 ) ;
#2604 = DIRECTION ( 'NONE',  ( 1.000000000000000000, 0.0000000000000000000, 0.0000000000000000000 ) ) ;
#2605 = SURFACE_STYLE_FILL_AREA ( #10162 ) ;
#2606 = CARTESIAN_POINT ( 'NONE',  ( -0.4276696500706181348, -0.6260000000000000009, 0.8158531278808678344 ) ) ;
#2607 = FACE_OUTER_BOUND ( 'NONE', #3243, .T. ) ;
#2608 = EDGE_CURVE ( 'NONE', #25, #9887, #7731, .T. ) ;
#2609 = UNCERTAINTY_MEASURE_WITH_UNIT (LENGTH_MEASURE( 1.000000000000000082E-05 ), #352, 'distance_accuracy_value', 'NONE');
#2610 = MECHANICAL_DESIGN_GEOMETRIC_PRESENTATION_REPRESENTATION (  '', ( #11641 ), #99 ) ;
#2611 = MECHANICAL_DESIGN_GEOMETRIC_PRESENTATION_REPRESENTATION (  '', ( #5157 ), #10259 ) ;
#2612 = ORIENTED_EDGE ( 'NONE', *, *, #10195, .F. ) ;
#2613 = ORIENTED_EDGE ( 'NONE', *, *, #5435, .F. ) ;
#2614 = SURFACE_STYLE_USAGE ( .BOTH. , #11091 ) ;
#2615 = EDGE_CURVE ( 'NONE', #3134, #9632, #10215, .T. ) ;
#2616 = VECTOR ( 'NONE', #189, 1000.000000000000000 ) ;
#2617 = DIRECTION ( 'NONE',  ( -0.0000000000000000000, 1.000000000000000000, -0.0000000000000000000 ) ) ;
#2618 = FILL_AREA_STYLE ('',( #1833 ) ) ;
#2619 = CARTESIAN_POINT ( 'NONE',  ( -0.4101843877779435266, -0.6260000000000000009, 0.7259140681193632094 ) ) ;
#2620 = ORIENTED_EDGE ( 'NONE', *, *, #10695, .T. ) ;
#2621 = FILL_AREA_STYLE ('',( #9064 ) ) ;
#2622 = CARTESIAN_POINT ( 'NONE',  ( -0.2772686674751027036, -0.6260000000000000009, 0.8253495835163686678 ) ) ;
#2623 = CARTESIAN_POINT ( 'NONE',  ( -0.8384109871606698627, -0.6260000000000000009, 0.7404063591371397024 ) ) ;
#2624 = EDGE_CURVE ( 'NONE', #11066, #6512, #2715, .T. ) ;
#2625 = EDGE_LOOP ( 'NONE', ( #6676, #5654, #4446, #12081, #7729, #4069, #1406, #6859, #11248, #2826, #7681, #10739, #11925, #1545, #1486, #7150, #1663, #84, #9053, #612, #11017, #7456, #5493, #10106, #754, #5011, #2427, #11706, #2296, #9524, #999, #5255, #1857 ) ) ;
#2626 = CARTESIAN_POINT ( 'NONE',  ( -0.3973433775115092215, -0.6260000000000000009, 0.7896858869866756336 ) ) ;
#2627 =( NAMED_UNIT ( * ) PLANE_ANGLE_UNIT ( ) SI_UNIT ( $, .RADIAN. ) );
#2628 =( LENGTH_UNIT ( ) NAMED_UNIT ( * ) SI_UNIT ( .MILLI., .METRE. ) );
#2629 = VERTEX_POINT ( 'NONE', #6588 ) ;
#2630 = AXIS2_PLACEMENT_3D ( 'NONE', #4233, #7790, #3177 ) ;
#2631 = STYLED_ITEM ( 'NONE', ( #4306 ), #6603 ) ;
#2632 = CARTESIAN_POINT ( 'NONE',  ( -0.3689926449932274255, -0.6250000000000000000, 0.7241118210641562802 ) ) ;
#2633 = FILL_AREA_STYLE ('',( #7349 ) ) ;
#2634 = CARTESIAN_POINT ( 'NONE',  ( -0.3573473563305798462, -0.6260000000000000009, 0.7328111289642612602 ) ) ;
#2635 = DIRECTION ( 'NONE',  ( -0.0000000000000000000, 1.000000000000000000, -0.0000000000000000000 ) ) ;
#2636 = B_SPLINE_CURVE_WITH_KNOTS ( 'NONE', 3,
 ( #10569, #4890, #3909, #220 ),
 .UNSPECIFIED., .F., .F.,
 ( 4, 4 ),
 ( 2.000000000000000000, 3.000000000000000000 ),
 .UNSPECIFIED. ) ;
#2637 = CARTESIAN_POINT ( 'NONE',  ( 0.4000000000000000222, -0.6250000000000000000, -0.01000000000000000021 ) ) ;
#2638 = SURFACE_STYLE_FILL_AREA ( #3542 ) ;
#2639 = AXIS2_PLACEMENT_3D ( 'NONE', #1785, #9378, #5860 ) ;
#2640 = DIRECTION ( 'NONE',  ( 0.0000000000000000000, 0.0000000000000000000, 1.000000000000000000 ) ) ;
#2641 = DIRECTION ( 'NONE',  ( -1.000000000000000000, 0.0000000000000000000, -0.0000000000000000000 ) ) ;
#2642 =( GEOMETRIC_REPRESENTATION_CONTEXT ( 3 ) GLOBAL_UNCERTAINTY_ASSIGNED_CONTEXT ( ( #10156 ) ) GLOBAL_UNIT_ASSIGNED_CONTEXT ( ( #8961, #11810, #8703 ) ) REPRESENTATION_CONTEXT ( 'NONE', 'WORKASPACE' ) );
#2643 = FILL_AREA_STYLE_COLOUR ( '', #9701 ) ;
#2644 = DIRECTION ( 'NONE',  ( 0.3658589216693567403, -0.0000000000000000000, -0.9306703226357524450 ) ) ;
#2645 = ORIENTED_EDGE ( 'NONE', *, *, #5588, .T. ) ;
#2646 = CARTESIAN_POINT ( 'NONE',  ( -0.3623035357315868010, -0.6260000000000000009, 0.7259140681193632094 ) ) ;
#2647 = PLANE ( 'NONE',  #773 ) ;
#2648 = MECHANICAL_DESIGN_GEOMETRIC_PRESENTATION_REPRESENTATION (  '', ( #7931 ), #10682 ) ;
#2649 = ADVANCED_FACE ( 'NONE', ( #11320 ), #4660, .F. ) ;
#2650 = SURFACE_SIDE_STYLE ('',( #959 ) ) ;
#2651 = MECHANICAL_DESIGN_GEOMETRIC_PRESENTATION_REPRESENTATION (  '', ( #11274 ), #1066 ) ;
#2652 = CARTESIAN_POINT ( 'NONE',  ( -0.4003760047674415623, -0.6250000000000000000, 0.7140608278734577041 ) ) ;
#2653 = SURFACE_STYLE_USAGE ( .BOTH. , #11933 ) ;
#2654 = FILL_AREA_STYLE_COLOUR ( '', #9593 ) ;
#2655 = VERTEX_POINT ( 'NONE', #4721 ) ;
#2656 = AXIS2_PLACEMENT_3D ( 'NONE', #9720, #3318, #491 ) ;
#2657 =( LENGTH_UNIT ( ) NAMED_UNIT ( * ) SI_UNIT ( .MILLI., .METRE. ) );
#2658 = COLOUR_RGB ( '',0.0000000000000000000, 0.0000000000000000000, 0.0000000000000000000 ) ;
#2659 = ORIENTED_EDGE ( 'NONE', *, *, #2192, .F. ) ;
#2660 = ORIENTED_EDGE ( 'NONE', *, *, #3230, .T. ) ;
#2661 = UNCERTAINTY_MEASURE_WITH_UNIT (LENGTH_MEASURE( 1.000000000000000082E-05 ), #5116, 'distance_accuracy_value', 'NONE');
#2662 = EDGE_CURVE ( 'NONE', #6010, #5501, #8454, .T. ) ;
#2663 = B_SPLINE_SURFACE_WITH_KNOTS ( 'NONE', 3, 1, ( 
 ( #4356, #7133 ),
 ( #10884, #3501 ),
 ( #8168, #11063 ),
 ( #9159, #6220 ) ),
 .UNSPECIFIED., .F., .F., .F.,
 ( 4, 4 ),
 ( 2, 2 ),
 ( 2.000000000000000000, 3.000000000000000000 ),
 ( 0.0000000000000000000, 1.000000000000000000 ),
 .UNSPECIFIED. ) ;
#2664 = SURFACE_SIDE_STYLE ('',( #11077 ) ) ;
#2665 = COLOUR_RGB ( '',0.0000000000000000000, 0.0000000000000000000, 0.0000000000000000000 ) ;
#2666 = CARTESIAN_POINT ( 'NONE',  ( -0.2788802922454052813, -0.6260000000000000009, 0.7215817434678952758 ) ) ;
#2667 = EDGE_CURVE ( 'NONE', #8544, #11952, #10539, .T. ) ;
#2668 = SURFACE_STYLE_USAGE ( .BOTH. , #4545 ) ;
#2669 = SURFACE_STYLE_USAGE ( .BOTH. , #7614 ) ;
#2670 =( LENGTH_UNIT ( ) NAMED_UNIT ( * ) SI_UNIT ( .MILLI., .METRE. ) );
#2671 = CARTESIAN_POINT ( 'NONE',  ( -0.3400007284265894603, -0.6250000000000000000, 0.6607212467661884858 ) ) ;
#2672 = PLANE ( 'NONE',  #4171 ) ;
#2673 =( GEOMETRIC_REPRESENTATION_CONTEXT ( 3 ) GLOBAL_UNCERTAINTY_ASSIGNED_CONTEXT ( ( #742 ) ) GLOBAL_UNIT_ASSIGNED_CONTEXT ( ( #1018, #4711, #9577 ) ) REPRESENTATION_CONTEXT ( 'NONE', 'WORKASPACE' ) );
#2674 = VERTEX_POINT ( 'NONE', #5714 ) ;
#2675 = ORIENTED_EDGE ( 'NONE', *, *, #12107, .F. ) ;
#2676 = CARTESIAN_POINT ( 'NONE',  ( -0.4201314051773617497, -0.6260000000000000009, 0.6821402598423972341 ) ) ;
#2677 = CARTESIAN_POINT ( 'NONE',  ( -0.4252955361618575569, -0.6260000000000000009, 0.8392823395948491028 ) ) ;
#2678 = SURFACE_STYLE_USAGE ( .BOTH. , #7445 ) ;
#2679 = AXIS2_PLACEMENT_3D ( 'NONE', #5659, #7556, #1874 ) ;
#2680 = DIRECTION ( 'NONE',  ( 0.0000000000000000000, -1.000000000000000000, 0.0000000000000000000 ) ) ;
#2681 = ORIENTED_EDGE ( 'NONE', *, *, #2723, .F. ) ;
#2682 = CARTESIAN_POINT ( 'NONE',  ( -0.4003760047674415068, -0.6250000000000000000, 0.7075796701950723966 ) ) ;
#2683 = DIRECTION ( 'NONE',  ( -0.2524218971878411377, 0.0000000000000000000, 0.9676172723861904412 ) ) ;
#2684 = ADVANCED_FACE ( 'NONE', ( #238 ), #6032, .T. ) ;
#2685 = VERTEX_POINT ( 'NONE', #425 ) ;
#2686 = FILL_AREA_STYLE ('',( #939 ) ) ;
#2687 = CARTESIAN_POINT ( 'NONE',  ( -0.7550257306683993974, -0.6250000000000000000, 0.6512371686718249064 ) ) ;
#2688 = ORIENTED_EDGE ( 'NONE', *, *, #461, .T. ) ;
#2689 = VECTOR ( 'NONE', #5719, 1000.000000000000000 ) ;
#2690 = CARTESIAN_POINT ( 'NONE',  ( -0.1632245533543178750, -0.6260000000000000009, 0.7018263430577441619 ) ) ;
#2691 = FACE_OUTER_BOUND ( 'NONE', #1215, .T. ) ;
#2692 =( LENGTH_UNIT ( ) NAMED_UNIT ( * ) SI_UNIT ( .MILLI., .METRE. ) );
#2693 = CARTESIAN_POINT ( 'NONE',  ( -0.3637765261129762839, -0.6250000000000000000, 0.7985584878726350588 ) ) ;
#2694 = MECHANICAL_DESIGN_GEOMETRIC_PRESENTATION_REPRESENTATION (  '', ( #6030 ), #10553 ) ;
#2695 = CARTESIAN_POINT ( 'NONE',  ( -0.6007870991405667160, -0.6250000000000000000, 0.7876419363652877870 ) ) ;
#2696 = CARTESIAN_POINT ( 'NONE',  ( -0.6856183391259830229, -0.6250000000000000000, 0.7042566982596960568 ) ) ;
#2697 = SURFACE_STYLE_USAGE ( .BOTH. , #7181 ) ;
#2698 = LINE ( 'NONE', #10933, #10802 ) ;
#2699 = CARTESIAN_POINT ( 'NONE',  ( -0.5308977192294062064, -0.6260000000000000009, 0.7336584300399252578 ) ) ;
#2700 = ORIENTED_EDGE ( 'NONE', *, *, #4497, .F. ) ;
#2701 = CARTESIAN_POINT ( 'NONE',  ( -0.3637765261129762839, -0.6260000000000000009, 0.8508236524662153855 ) ) ;
#2702 = CARTESIAN_POINT ( 'NONE',  ( 1.000000000000000000, -0.6250000000000000000, -0.01000000000000000021 ) ) ;
#2703 = B_SPLINE_CURVE_WITH_KNOTS ( 'NONE', 3,
 ( #5357, #12008, #11078, #1707 ),
 .UNSPECIFIED., .F., .F.,
 ( 4, 4 ),
 ( 2.000000000000000000, 3.000000000000000000 ),
 .UNSPECIFIED. ) ;
#2704 =( NAMED_UNIT ( * ) PLANE_ANGLE_UNIT ( ) SI_UNIT ( $, .RADIAN. ) );
#2705 = DIRECTION ( 'NONE',  ( -1.000000000000000000, 0.0000000000000000000, -0.0000000000000000000 ) ) ;
#2706 = DIRECTION ( 'NONE',  ( -0.0000000000000000000, 1.000000000000000000, -0.0000000000000000000 ) ) ;
#2707 = ORIENTED_EDGE ( 'NONE', *, *, #7384, .T. ) ;
#2708 = ADVANCED_FACE ( 'NONE', ( #1272 ), #368, .F. ) ;
#2709 = DIRECTION ( 'NONE',  ( -1.000000000000000000, 0.0000000000000000000, -0.0000000000000000000 ) ) ;
#2710 = CARTESIAN_POINT ( 'NONE',  ( -0.7863554343107495015, -0.6260000000000000009, 0.8088497739416035115 ) ) ;
#2711 = EDGE_CURVE ( 'NONE', #5741, #8672, #11867, .T. ) ;
#2712 = VERTEX_POINT ( 'NONE', #1395 ) ;
#2713 = VERTEX_POINT ( 'NONE', #2038 ) ;
#2714 = EDGE_CURVE ( 'NONE', #6786, #346, #3123, .T. ) ;
#2715 = LINE ( 'NONE', #4544, #6780 ) ;
#2716 =( NAMED_UNIT ( * ) SI_UNIT ( $, .STERADIAN. ) SOLID_ANGLE_UNIT ( ) );
#2717 = CARTESIAN_POINT ( 'NONE',  ( -0.3366908323930571378, -0.6250000000000000000, 0.6677569419997686495 ) ) ;
#2718 = UNCERTAINTY_MEASURE_WITH_UNIT (LENGTH_MEASURE( 1.000000000000000082E-05 ), #3156, 'distance_accuracy_value', 'NONE');
#2719 = EDGE_LOOP ( 'NONE', ( #8186, #8196, #1064, #3510 ) ) ;
#2720 = VERTEX_POINT ( 'NONE', #7861 ) ;
#2721 =( NAMED_UNIT ( * ) SI_UNIT ( $, .STERADIAN. ) SOLID_ANGLE_UNIT ( ) );
#2722 = STYLED_ITEM ( 'NONE', ( #9601 ), #1550 ) ;
#2723 = EDGE_CURVE ( 'NONE', #6811, #1813, #10460, .T. ) ;
#2724 = EDGE_LOOP ( 'NONE', ( #4424, #7338, #5976, #4887, #4560, #7781, #5198, #2591, #7, #7792, #7935, #7063, #11316, #4962 ) ) ;
#2725 = MECHANICAL_DESIGN_GEOMETRIC_PRESENTATION_REPRESENTATION (  '', ( #9402 ), #2352 ) ;
#2726 = DIRECTION ( 'NONE',  ( -1.000000000000000000, -0.0000000000000000000, -0.0000000000000000000 ) ) ;
#2727 = CARTESIAN_POINT ( 'NONE',  ( -0.4048642931061782746, -0.6250000000000000000, 0.7896858869866756336 ) ) ;
#2728 = EDGE_LOOP ( 'NONE', ( #8246, #5171, #6197, #142 ) ) ;
#2729 = CARTESIAN_POINT ( 'NONE',  ( -0.3476776077087617156, -0.6260000000000000009, 0.6964542604902214107 ) ) ;
#2730 = FILL_AREA_STYLE_COLOUR ( '', #9708 ) ;
#2731 = PRESENTATION_LAYER_ASSIGNMENT (  '', '', ( #6284 ) ) ;
#2732 = PRESENTATION_STYLE_ASSIGNMENT (( #7516 ) ) ;
#2733 = VERTEX_POINT ( 'NONE', #6934 ) ;
#2734 = PRESENTATION_STYLE_ASSIGNMENT (( #5510 ) ) ;
#2735 = VECTOR ( 'NONE', #1628, 1000.000000000000000 ) ;
#2736 = SURFACE_STYLE_USAGE ( .BOTH. , #7402 ) ;
#2737 = PRESENTATION_LAYER_ASSIGNMENT (  '', '', ( #10021 ) ) ;
#2738 = DIRECTION ( 'NONE',  ( -0.0000000000000000000, 0.0000000000000000000, -1.000000000000000000 ) ) ;
#2739 = LINE ( 'NONE', #1120, #4659 ) ;
#2740 =( NAMED_UNIT ( * ) SI_UNIT ( $, .STERADIAN. ) SOLID_ANGLE_UNIT ( ) );
#2741 = DIRECTION ( 'NONE',  ( -0.0000000000000000000, 1.000000000000000000, 0.0000000000000000000 ) ) ;
#2742 = CARTESIAN_POINT ( 'NONE',  ( -0.2112960276851141850, -0.6260000000000000009, 0.7432780253219375410 ) ) ;
#2743 = PRODUCT ( 'FILTER-SMD_3P-L2.0-W1.3_ANT2012LL13R2400A', 'FILTER-SMD_3P-L2.0-W1.3_ANT2012LL13R2400A', '', ( #8817 ) ) ;
#2744 = DIRECTION ( 'NONE',  ( -0.0000000000000000000, 1.000000000000000000, -0.0000000000000000000 ) ) ;
#2745 = CARTESIAN_POINT ( 'NONE',  ( -0.4276696500706181348, -0.6250000000000000000, 0.8239632396281396653 ) ) ;
#2746 = CARTESIAN_POINT ( 'NONE',  ( -0.8080452418693617744, -0.6250000000000000000, 0.7606502015892858681 ) ) ;
#2747 = EDGE_CURVE ( 'NONE', #454, #4330, #8041, .T. ) ;
#2748 = ORIENTED_EDGE ( 'NONE', *, *, #11426, .F. ) ;
#2749 = B_SPLINE_CURVE_WITH_KNOTS ( 'NONE', 3,
 ( #8905, #5279, #2349, #7924 ),
 .UNSPECIFIED., .F., .F.,
 ( 4, 4 ),
 ( 1.000000000000000000, 2.000000000000000000 ),
 .UNSPECIFIED. ) ;
#2750 = FACE_OUTER_BOUND ( 'NONE', #10592, .T. ) ;
#2751 = LINE ( 'NONE', #4647, #8952 ) ;
#2752 = CARTESIAN_POINT ( 'NONE',  ( -0.1376984965082507506, -0.6260000000000000009, 0.7094858930413312503 ) ) ;
#2753 =( NAMED_UNIT ( * ) SI_UNIT ( $, .STERADIAN. ) SOLID_ANGLE_UNIT ( ) );
#2754 = CARTESIAN_POINT ( 'NONE',  ( -0.4003760047674415068, -0.6260000000000000009, 0.7075796701950723966 ) ) ;
#2755 = CARTESIAN_POINT ( 'NONE',  ( -0.7598456695170435760, -0.6260000000000000009, 0.8088497739416035115 ) ) ;
#2756 = SURFACE_STYLE_FILL_AREA ( #10147 ) ;
#2757 = ORIENTED_EDGE ( 'NONE', *, *, #11959, .T. ) ;
#2758 = SURFACE_SIDE_STYLE ('',( #2594 ) ) ;
#2759 = COLOUR_RGB ( '',0.0000000000000000000, 0.0000000000000000000, 0.0000000000000000000 ) ;
#2760 = ORIENTED_EDGE ( 'NONE', *, *, #3535, .F. ) ;
#2761 = B_SPLINE_CURVE_WITH_KNOTS ( 'NONE', 3,
 ( #984, #1654, #8137, #7219 ),
 .UNSPECIFIED., .F., .F.,
 ( 4, 4 ),
 ( 3.000000000000000000, 4.000000000000000000 ),
 .UNSPECIFIED. ) ;
#2762 = ORIENTED_EDGE ( 'NONE', *, *, #6829, .F. ) ;
#2763 = UNCERTAINTY_MEASURE_WITH_UNIT (LENGTH_MEASURE( 1.000000000000000082E-05 ), #4119, 'distance_accuracy_value', 'NONE');
#2764 = PRESENTATION_STYLE_ASSIGNMENT (( #11194 ) ) ;
#2765 = DIRECTION ( 'NONE',  ( -0.0000000000000000000, -0.0000000000000000000, 1.000000000000000000 ) ) ;
#2766 = SURFACE_SIDE_STYLE ('',( #9530 ) ) ;
#2767 = MECHANICAL_DESIGN_GEOMETRIC_PRESENTATION_REPRESENTATION (  '', ( #11424 ), #3157 ) ;
#2768 = CARTESIAN_POINT ( 'NONE',  ( -0.3614717293985583169, -0.6260000000000000009, 0.6821402598423972341 ) ) ;
#2769 = DIRECTION ( 'NONE',  ( -0.0000000000000000000, 1.000000000000000000, -0.0000000000000000000 ) ) ;
#2770 = EDGE_CURVE ( 'NONE', #7637, #4310, #5779, .T. ) ;
#2771 = CARTESIAN_POINT ( 'NONE',  ( -0.4753772091311208592, -0.6260000000000000009, 0.7908296206947073026 ) ) ;
#2772 = PLANE ( 'NONE',  #8800 ) ;
#2773 = CARTESIAN_POINT ( 'NONE',  ( -0.4035992543080488826, -0.6260000000000000009, 0.7974840713589456120 ) ) ;
#2774 = ORIENTED_EDGE ( 'NONE', *, *, #5055, .F. ) ;
#2775 = ORIENTED_EDGE ( 'NONE', *, *, #1717, .F. ) ;
#2776 = VECTOR ( 'NONE', #11299, 1000.000000000000000 ) ;
#2777 = CARTESIAN_POINT ( 'NONE',  ( -0.7415298357001476326, -0.6260000000000000009, 0.8059577977619720723 ) ) ;
#2778 = VECTOR ( 'NONE', #1724, 1000.000000000000000 ) ;
#2779 = EDGE_CURVE ( 'NONE', #3994, #11285, #176, .T. ) ;
#2780 = SURFACE_STYLE_USAGE ( .BOTH. , #1774 ) ;
#2781 = PRESENTATION_STYLE_ASSIGNMENT (( #760 ) ) ;
#2782 = LINE ( 'NONE', #10172, #1270 ) ;
#2783 = ORIENTED_EDGE ( 'NONE', *, *, #6951, .T. ) ;
#2784 = MECHANICAL_DESIGN_GEOMETRIC_PRESENTATION_REPRESENTATION (  '', ( #8453 ), #10459 ) ;
#2785 = LINE ( 'NONE', #2059, #484 ) ;
#2786 = COLOUR_RGB ( '',0.0000000000000000000, 0.0000000000000000000, 0.0000000000000000000 ) ;
#2787 = CARTESIAN_POINT ( 'NONE',  ( -0.3211117929468702004, -0.6260000000000000009, 0.6953105267821917401 ) ) ;
#2788 = CARTESIAN_POINT ( 'NONE',  ( -0.3637765261129762284, -0.6250000000000000000, 0.7985584878726350588 ) ) ;
#2789 = ORIENTED_EDGE ( 'NONE', *, *, #4684, .T. ) ;
#2790 =( LENGTH_UNIT ( ) NAMED_UNIT ( * ) SI_UNIT ( .MILLI., .METRE. ) );
#2791 = PRESENTATION_STYLE_ASSIGNMENT (( #7580 ) ) ;
#2792 = EDGE_LOOP ( 'NONE', ( #699, #8503, #10855, #3936 ) ) ;
#2793 = PRESENTATION_LAYER_ASSIGNMENT (  '', '', ( #7496 ) ) ;
#2794 = PLANE ( 'NONE',  #9762 ) ;
#2795 = VECTOR ( 'NONE', #11233, 1000.000000000000227 ) ;
#2796 = VECTOR ( 'NONE', #6575, 1000.000000000000000 ) ;
#2797 =( NAMED_UNIT ( * ) SI_UNIT ( $, .STERADIAN. ) SOLID_ANGLE_UNIT ( ) );
#2798 = CARTESIAN_POINT ( 'NONE',  ( -0.1479401119843161971, -0.6250000000000000000, 0.7376633325737549374 ) ) ;
#2799 = LINE ( 'NONE', #4695, #3415 ) ;
#2800 = CARTESIAN_POINT ( 'NONE',  ( -0.4753772091311208592, -0.6250000000000000000, 0.7908296206947073026 ) ) ;
#2801 = FILL_AREA_STYLE_COLOUR ( '', #6832 ) ;
#2802 = EDGE_CURVE ( 'NONE', #3547, #10551, #2749, .T. ) ;
#2803 = FACE_OUTER_BOUND ( 'NONE', #2143, .T. ) ;
#2804 =( LENGTH_UNIT ( ) NAMED_UNIT ( * ) SI_UNIT ( .MILLI., .METRE. ) );
#2805 = PRESENTATION_LAYER_ASSIGNMENT (  '', '', ( #7502 ) ) ;
#2806 = FACE_OUTER_BOUND ( 'NONE', #8413, .T. ) ;
#2807 = MECHANICAL_DESIGN_GEOMETRIC_PRESENTATION_REPRESENTATION (  '', ( #5754 ), #520 ) ;
#2808 = DIRECTION ( 'NONE',  ( -0.0000000000000000000, 0.0000000000000000000, -1.000000000000000000 ) ) ;
#2809 = LINE ( 'NONE', #162, #7128 ) ;
#2810 = STYLED_ITEM ( 'NONE', ( #1153 ), #6567 ) ;
#2811 = VERTEX_POINT ( 'NONE', #11929 ) ;
#2812 = CARTESIAN_POINT ( 'NONE',  ( -0.3279915244931836393, -0.6250000000000000000, 0.6745846856503245892 ) ) ;
#2813 = VECTOR ( 'NONE', #6544, 1000.000000000000000 ) ;
#2814 = CARTESIAN_POINT ( 'NONE',  ( -0.4021609225238317875, -0.6260000000000000009, 0.8597655705465168108 ) ) ;
#2815 = LINE ( 'NONE', #3728, #9149 ) ;
#2816 = CARTESIAN_POINT ( 'NONE',  ( -0.6697124839270957031, -0.6250000000000000000, 0.8478914018058004709 ) ) ;
#2817 = MECHANICAL_DESIGN_GEOMETRIC_PRESENTATION_REPRESENTATION (  '', ( #317 ), #9104 ) ;
#2818 = CARTESIAN_POINT ( 'NONE',  ( -0.3382504692673716784, -0.6250000000000000000, 0.6677569419997686495 ) ) ;
#2819 = SURFACE_SIDE_STYLE ('',( #5590 ) ) ;
#2820 = CARTESIAN_POINT ( 'NONE',  ( -0.4423822245866042557, -0.6250000000000000000, 0.7215817434678952758 ) ) ;
#2821 = LINE ( 'NONE', #10205, #2796 ) ;
#2822 = ORIENTED_EDGE ( 'NONE', *, *, #9666, .T. ) ;
#2823 = CARTESIAN_POINT ( 'NONE',  ( -0.7530977404195974279, -0.6250000000000000000, 0.7095586254768568857 ) ) ;
#2824 = EDGE_CURVE ( 'NONE', #10668, #6253, #5338, .T. ) ;
#2825 = EDGE_CURVE ( 'NONE', #7994, #791, #11267, .T. ) ;
#2826 = ORIENTED_EDGE ( 'NONE', *, *, #8602, .T. ) ;
#2827 = VECTOR ( 'NONE', #6911, 1000.000000000000000 ) ;
#2828 = MECHANICAL_DESIGN_GEOMETRIC_PRESENTATION_REPRESENTATION (  '', ( #8118 ), #5774 ) ;
#2829 = EDGE_LOOP ( 'NONE', ( #3215, #10726, #6135, #8337 ) ) ;
#2830 =( GEOMETRIC_REPRESENTATION_CONTEXT ( 3 ) GLOBAL_UNCERTAINTY_ASSIGNED_CONTEXT ( ( #8283 ) ) GLOBAL_UNIT_ASSIGNED_CONTEXT ( ( #2790, #3771, #9377 ) ) REPRESENTATION_CONTEXT ( 'NONE', 'WORKASPACE' ) );
#2831 = DIRECTION ( 'NONE',  ( 1.000000000000000000, 0.0000000000000000000, -0.0000000000000000000 ) ) ;
#2832 = FILL_AREA_STYLE_COLOUR ( '', #6754 ) ;
#2833 = MECHANICAL_DESIGN_GEOMETRIC_PRESENTATION_REPRESENTATION (  '', ( #1326 ), #8710 ) ;
#2834 = LINE ( 'NONE', #8458, #5207 ) ;
#2835 =( LENGTH_UNIT ( ) NAMED_UNIT ( * ) SI_UNIT ( .MILLI., .METRE. ) );
#2836 =( NAMED_UNIT ( * ) SI_UNIT ( $, .STERADIAN. ) SOLID_ANGLE_UNIT ( ) );
#2837 = PRESENTATION_LAYER_ASSIGNMENT (  '', '', ( #7538 ) ) ;
#2838 = CARTESIAN_POINT ( 'NONE',  ( -0.3046143006744966297, -0.6250000000000000000, 0.7908296206947071916 ) ) ;
#2839 = VECTOR ( 'NONE', #6399, 1000.000000000000000 ) ;
#2840 = DIRECTION ( 'NONE',  ( 1.000000000000000000, 0.0000000000000000000, -0.0000000000000000000 ) ) ;
#2841 = FILL_AREA_STYLE ('',( #6363 ) ) ;
#2842 = VERTEX_POINT ( 'NONE', #1690 ) ;
#2843 = VERTEX_POINT ( 'NONE', #7989 ) ;
#2844 = STYLED_ITEM ( 'NONE', ( #7369 ), #10149 ) ;
#2845 = VECTOR ( 'NONE', #4245, 1000.000000000000000 ) ;
#2846 = COLOUR_RGB ( '',0.0000000000000000000, 0.0000000000000000000, 0.0000000000000000000 ) ;
#2847 = B_SPLINE_SURFACE_WITH_KNOTS ( 'NONE', 3, 1, ( 
 ( #225, #1553 ),
 ( #6324, #11921 ),
 ( #9959, #2519 ),
 ( #2575, #10065 ) ),
 .UNSPECIFIED., .F., .F., .F.,
 ( 4, 4 ),
 ( 2, 2 ),
 ( 6.000000000000000000, 7.000000000000000000 ),
 ( 0.0000000000000000000, 1.000000000000000000 ),
 .UNSPECIFIED. ) ;
#2848 = EDGE_CURVE ( 'NONE', #1199, #6179, #3639, .T. ) ;
#2849 = LINE ( 'NONE', #4001, #1049 ) ;
#2850 = FILL_AREA_STYLE_COLOUR ( '', #10691 ) ;
#2851 = ORIENTED_EDGE ( 'NONE', *, *, #1029, .F. ) ;
#2852 = MECHANICAL_DESIGN_GEOMETRIC_PRESENTATION_REPRESENTATION (  '', ( #4422 ), #6000 ) ;
#2853 = SURFACE_STYLE_FILL_AREA ( #3698 ) ;
#2854 = SURFACE_SIDE_STYLE ('',( #1045 ) ) ;
#2855 = ORIENTED_EDGE ( 'NONE', *, *, #3566, .F. ) ;
#2856 = CARTESIAN_POINT ( 'NONE',  ( -0.4753772091311208592, -0.6250000000000000000, 0.8586218368384853639 ) ) ;
#2857 = STYLED_ITEM ( 'NONE', ( #2005 ), #8006 ) ;
#2858 = CARTESIAN_POINT ( 'NONE',  ( -0.4666259133354898614, -0.6250000000000000000, 0.7215817434678952758 ) ) ;
#2859 = EDGE_CURVE ( 'NONE', #4809, #10621, #9029, .T. ) ;
#2860 =( LENGTH_UNIT ( ) NAMED_UNIT ( * ) SI_UNIT ( .MILLI., .METRE. ) );
#2861 = ORIENTED_EDGE ( 'NONE', *, *, #3716, .F. ) ;
#2862 = EDGE_CURVE ( 'NONE', #1585, #4294, #7130, .T. ) ;
#2863 = EDGE_CURVE ( 'NONE', #439, #8672, #9093, .T. ) ;
#2864 = CARTESIAN_POINT ( 'NONE',  ( -0.7603276670791284664, -0.6260000000000000009, 0.8377694897730677548 ) ) ;
#2865 = COLOUR_RGB ( '',0.0000000000000000000, 0.0000000000000000000, 0.0000000000000000000 ) ;
#2866 = VECTOR ( 'NONE', #1747, 1000.000000000000000 ) ;
#2867 =( LENGTH_UNIT ( ) NAMED_UNIT ( * ) SI_UNIT ( .MILLI., .METRE. ) );
#2868 = CARTESIAN_POINT ( 'NONE',  ( -0.3674676667158520149, -0.6250000000000000000, 0.7045643722374940188 ) ) ;
#2869 = SURFACE_STYLE_USAGE ( .BOTH. , #11294 ) ;
#2870 = CARTESIAN_POINT ( 'NONE',  ( -0.3395328373643194952, -0.6250000000000000000, 0.8291273706121738973 ) ) ;
#2871 = B_SPLINE_SURFACE_WITH_KNOTS ( 'NONE', 3, 1, ( 
 ( #6561, #2933 ),
 ( #6675, #10442 ),
 ( #10502, #2014 ),
 ( #9570, #11673 ) ),
 .UNSPECIFIED., .F., .F., .F.,
 ( 4, 4 ),
 ( 2, 2 ),
 ( 3.000000000000000000, 4.000000000000000000 ),
 ( 0.0000000000000000000, 1.000000000000000000 ),
 .UNSPECIFIED. ) ;
#2872 = PLANE ( 'NONE',  #6940 ) ;
#2873 = DIRECTION ( 'NONE',  ( -0.0000000000000000000, -0.0000000000000000000, -1.000000000000000000 ) ) ;
#2874 = DIRECTION ( 'NONE',  ( 1.000000000000000000, -0.0000000000000000000, -0.0000000000000000000 ) ) ;
#2875 = CARTESIAN_POINT ( 'NONE',  ( -0.1489971991989588740, -0.6260000000000000009, 0.7424115603912743167 ) ) ;
#2876 = MECHANICAL_DESIGN_GEOMETRIC_PRESENTATION_REPRESENTATION (  '', ( #7387 ), #9548 ) ;
#2877 = ORIENTED_EDGE ( 'NONE', *, *, #743, .F. ) ;
#2878 = ORIENTED_EDGE ( 'NONE', *, *, #1332, .F. ) ;
#2879 = B_SPLINE_CURVE_WITH_KNOTS ( 'NONE', 3,
 ( #7851, #8699, #10684, #2397 ),
 .UNSPECIFIED., .F., .F.,
 ( 4, 4 ),
 ( 3.000000000000000000, 4.000000000000000000 ),
 .UNSPECIFIED. ) ;
#2880 = CARTESIAN_POINT ( 'NONE',  ( -0.4307889238197114001, -0.6250000000000000000, 0.6962463089071945221 ) ) ;
#2881 = DIRECTION ( 'NONE',  ( 0.8840949502478810951, 0.0000000000000000000, 0.4673073067545559511 ) ) ;
#2882 = STYLED_ITEM ( 'NONE', ( #6256 ), #2194 ) ;
#2883 = EDGE_CURVE ( 'NONE', #10567, #524, #1605, .T. ) ;
#2884 = SURFACE_STYLE_FILL_AREA ( #12049 ) ;
#2885 = CARTESIAN_POINT ( 'NONE',  ( -0.3415083774051487775, -0.6260000000000000009, 0.6687273827219466504 ) ) ;
#2886 =( NAMED_UNIT ( * ) PLANE_ANGLE_UNIT ( ) SI_UNIT ( $, .RADIAN. ) );
#2887 = SURFACE_STYLE_USAGE ( .BOTH. , #8385 ) ;
#2888 = ORIENTED_EDGE ( 'NONE', *, *, #7549, .T. ) ;
#2889 = B_SPLINE_CURVE_WITH_KNOTS ( 'NONE', 3,
 ( #2112, #10769, #7874, #6106 ),
 .UNSPECIFIED., .F., .F.,
 ( 4, 4 ),
 ( 2.000000000000000000, 3.000000000000000000 ),
 .UNSPECIFIED. ) ;
#2890 = DIRECTION ( 'NONE',  ( -0.9445574604294409982, 0.0000000000000000000, -0.3283461648125114429 ) ) ;
#2891 = ORIENTED_EDGE ( 'NONE', *, *, #6321, .F. ) ;
#2892 = ORIENTED_EDGE ( 'NONE', *, *, #8081, .F. ) ;
#2893 = UNCERTAINTY_MEASURE_WITH_UNIT (LENGTH_MEASURE( 1.000000000000000082E-05 ), #1315, 'distance_accuracy_value', 'NONE');
#2894 = CARTESIAN_POINT ( 'NONE',  ( -0.3689926449932274255, -0.6260000000000000009, 0.7241118210641562802 ) ) ;
#2895 = FILL_AREA_STYLE ('',( #9352 ) ) ;
#2896 = LINE ( 'NONE', #1150, #3630 ) ;
#2897 = CARTESIAN_POINT ( 'NONE',  ( -0.2129769696497612330, -0.6260000000000000009, 0.7908296206947073026 ) ) ;
#2898 = LINE ( 'NONE', #7562, #7569 ) ;
#2899 = CARTESIAN_POINT ( 'NONE',  ( -0.4404586724415291421, -0.6260000000000000009, 0.7510762096942074084 ) ) ;
#2900 = CARTESIAN_POINT ( 'NONE',  ( -0.3803779941768622441, -0.6260000000000000009, 0.6849822648136616454 ) ) ;
#2901 = CARTESIAN_POINT ( 'NONE',  ( -0.3637765261129762839, -0.6260000000000000009, 0.8291273706121738973 ) ) ;
#2902 =( GEOMETRIC_REPRESENTATION_CONTEXT ( 3 ) GLOBAL_UNCERTAINTY_ASSIGNED_CONTEXT ( ( #3217 ) ) GLOBAL_UNIT_ASSIGNED_CONTEXT ( ( #8955, #3066, #6809 ) ) REPRESENTATION_CONTEXT ( 'NONE', 'WORKASPACE' ) );
#2903 = VERTEX_POINT ( 'NONE', #2530 ) ;
#2904 = ORIENTED_EDGE ( 'NONE', *, *, #4205, .T. ) ;
#2905 =( NAMED_UNIT ( * ) PLANE_ANGLE_UNIT ( ) SI_UNIT ( $, .RADIAN. ) );
#2906 = VECTOR ( 'NONE', #11258, 1000.000000000000000 ) ;
#2907 = DIRECTION ( 'NONE',  ( 0.0000000000000000000, 1.000000000000000000, 0.0000000000000000000 ) ) ;
#2908 = VERTEX_POINT ( 'NONE', #730 ) ;
#2909 = DIRECTION ( 'NONE',  ( 0.0000000000000000000, 0.0000000000000000000, 1.000000000000000000 ) ) ;
#2910 = CARTESIAN_POINT ( 'NONE',  ( -0.4147246640126687756, -0.6260000000000000009, 0.7120506292352243305 ) ) ;
#2911 = DIRECTION ( 'NONE',  ( -0.0000000000000000000, 1.000000000000000000, -0.0000000000000000000 ) ) ;
#2912 = CARTESIAN_POINT ( 'NONE',  ( -0.3242657252929049827, -0.6250000000000000000, 0.6833879693419441237 ) ) ;
#2913 = ORIENTED_EDGE ( 'NONE', *, *, #6788, .F. ) ;
#2914 = CARTESIAN_POINT ( 'NONE',  ( -0.1933948622259264172, -0.6260000000000000009, 0.6927804491859308467 ) ) ;
#2915 = SURFACE_STYLE_FILL_AREA ( #11222 ) ;
#2916 = ORIENTED_EDGE ( 'NONE', *, *, #3000, .T. ) ;
#2917 = FILL_AREA_STYLE ('',( #3840 ) ) ;
#2918 = UNCERTAINTY_MEASURE_WITH_UNIT (LENGTH_MEASURE( 1.000000000000000082E-05 ), #5687, 'distance_accuracy_value', 'NONE');
#2919 = ORIENTED_EDGE ( 'NONE', *, *, #2848, .F. ) ;
#2920 = SURFACE_SIDE_STYLE ('',( #11345 ) ) ;
#2921 =( NAMED_UNIT ( * ) PLANE_ANGLE_UNIT ( ) SI_UNIT ( $, .RADIAN. ) );
#2922 = PRESENTATION_LAYER_ASSIGNMENT (  '', '', ( #11780 ) ) ;
#2923 = PLANE ( 'NONE',  #9044 ) ;
#2924 = CLOSED_SHELL ( 'NONE', ( #7586, #11126, #3499, #1040, #8883, #9619 ) ) ;
#2925 = CARTESIAN_POINT ( 'NONE',  ( -0.3415083774051487220, -0.6250000000000000000, 0.6687273827219466504 ) ) ;
#2926 = STYLED_ITEM ( 'NONE', ( #2989 ), #11954 ) ;
#2927 = EDGE_CURVE ( 'NONE', #393, #1250, #8613, .T. ) ;
#2928 =( LENGTH_UNIT ( ) NAMED_UNIT ( * ) SI_UNIT ( .MILLI., .METRE. ) );
#2929 = PRESENTATION_STYLE_ASSIGNMENT (( #214 ) ) ;
#2930 = EDGE_CURVE ( 'NONE', #11674, #856, #10938, .T. ) ;
#2931 = EDGE_CURVE ( 'NONE', #3993, #1933, #3497, .T. ) ;
#2932 =( NAMED_UNIT ( * ) SI_UNIT ( $, .STERADIAN. ) SOLID_ANGLE_UNIT ( ) );
#2933 = CARTESIAN_POINT ( 'NONE',  ( -0.7280339591190378989, -0.6250000000000000000, 0.8580133115399676269 ) ) ;
#2934 = ORIENTED_EDGE ( 'NONE', *, *, #6121, .T. ) ;
#2935 = VERTEX_POINT ( 'NONE', #10992 ) ;
#2936 = SURFACE_SIDE_STYLE ('',( #11425 ) ) ;
#2937 = PRESENTATION_LAYER_ASSIGNMENT (  '', '', ( #3126 ) ) ;
#2938 = SURFACE_STYLE_FILL_AREA ( #8825 ) ;
#2939 = LINE ( 'NONE', #8631, #7080 ) ;
#2940 = DIRECTION ( 'NONE',  ( -0.0000000000000000000, 1.000000000000000000, -0.0000000000000000000 ) ) ;
#2941 = PLANE ( 'NONE',  #11943 ) ;
#2942 = EDGE_CURVE ( 'NONE', #2946, #7102, #1347, .T. ) ;
#2943 = PLANE ( 'NONE',  #10334 ) ;
#2944 = LINE ( 'NONE', #7661, #8474 ) ;
#2945 = FACE_OUTER_BOUND ( 'NONE', #8124, .T. ) ;
#2946 = VERTEX_POINT ( 'NONE', #8045 ) ;
#2947 = CARTESIAN_POINT ( 'NONE',  ( -0.7342999090408477425, -0.6260000000000000009, 0.6801568753099487274 ) ) ;
#2948 = VECTOR ( 'NONE', #5121, 1000.000000000000000 ) ;
#2949 = ORIENTED_EDGE ( 'NONE', *, *, #11839, .F. ) ;
#2950 = VERTEX_POINT ( 'NONE', #11816 ) ;
#2951 = FACE_OUTER_BOUND ( 'NONE', #8688, .T. ) ;
#2952 = EDGE_CURVE ( 'NONE', #5262, #4553, #11428, .T. ) ;
#2953 = CARTESIAN_POINT ( 'NONE',  ( -0.4096298502225150795, -0.6260000000000000009, 0.8518634103822715353 ) ) ;
#2954 = PLANE ( 'NONE',  #9005 ) ;
#2955 =( GEOMETRIC_REPRESENTATION_CONTEXT ( 3 ) GLOBAL_UNCERTAINTY_ASSIGNED_CONTEXT ( ( #998 ) ) GLOBAL_UNIT_ASSIGNED_CONTEXT ( ( #5822, #4828, #7848 ) ) REPRESENTATION_CONTEXT ( 'NONE', 'WORKASPACE' ) );
#2956 = CARTESIAN_POINT ( 'NONE',  ( -0.7280339591190378989, -0.6250000000000000000, 0.8580133115399676269 ) ) ;
#2957 = SURFACE_SIDE_STYLE ('',( #10876 ) ) ;
#2958 = FACE_BOUND ( 'NONE', #10414, .T. ) ;
#2959 = ORIENTED_EDGE ( 'NONE', *, *, #7144, .F. ) ;
#2960 = ORIENTED_EDGE ( 'NONE', *, *, #1936, .F. ) ;
#2961 =( LENGTH_UNIT ( ) NAMED_UNIT ( * ) SI_UNIT ( .MILLI., .METRE. ) );
#2962 = PRESENTATION_LAYER_ASSIGNMENT (  '', '', ( #4136 ) ) ;
#2963 = FILL_AREA_STYLE_COLOUR ( '', #7284 ) ;
#2964 = PRESENTATION_STYLE_ASSIGNMENT (( #8477 ) ) ;
#2965 = ORIENTED_EDGE ( 'NONE', *, *, #5512, .F. ) ;
#2966 = FILL_AREA_STYLE ('',( #6608 ) ) ;
#2967 = CARTESIAN_POINT ( 'NONE',  ( -0.2341013846495562656, -0.6250000000000000000, 0.8499571875360144579 ) ) ;
#2968 = FACE_OUTER_BOUND ( 'NONE', #11831, .T. ) ;
#2969 = VERTEX_POINT ( 'NONE', #786 ) ;
#2970 = CARTESIAN_POINT ( 'NONE',  ( -0.1280807357821902026, -0.6260000000000000009, 0.6832839935504295692 ) ) ;
#2971 = VECTOR ( 'NONE', #11644, 1000.000000000000000 ) ;
#2972 =( NAMED_UNIT ( * ) SI_UNIT ( $, .STERADIAN. ) SOLID_ANGLE_UNIT ( ) );
#2973 = EDGE_CURVE ( 'NONE', #782, #5444, #2751, .T. ) ;
#2974 = EDGE_LOOP ( 'NONE', ( #9002, #4223, #3578, #4382 ) ) ;
#2975 = CARTESIAN_POINT ( 'NONE',  ( -0.2129769696497612330, -0.6250000000000000000, 0.7908296206947073026 ) ) ;
#2976 = EDGE_LOOP ( 'NONE', ( #9473, #10943, #2410, #7428 ) ) ;
#2977 = PRESENTATION_STYLE_ASSIGNMENT (( #6665 ) ) ;
#2978 = CARTESIAN_POINT ( 'NONE',  ( -0.4040151574745620144, -0.6260000000000000009, 0.6930577179637618102 ) ) ;
#2979 = MECHANICAL_DESIGN_GEOMETRIC_PRESENTATION_REPRESENTATION (  '', ( #1828 ), #11629 ) ;
#2980 = CARTESIAN_POINT ( 'NONE',  ( -0.3860966627165586806, -0.6250000000000000000, 0.8569928827695967311 ) ) ;
#2981 = AXIS2_PLACEMENT_3D ( 'NONE', #4371, #8120, #2420 ) ;
#2982 = DIRECTION ( 'NONE',  ( 0.0000000000000000000, -0.0000000000000000000, 1.000000000000000000 ) ) ;
#2983 = EDGE_CURVE ( 'NONE', #9641, #1324, #3551, .T. ) ;
#2984 = CARTESIAN_POINT ( 'NONE',  ( -0.3145093301779258166, -0.6250000000000000000, 0.7985584878726350588 ) ) ;
#2985 = CARTESIAN_POINT ( 'NONE',  ( -0.4753772091311208592, -0.6260000000000000009, 0.7510762096942074084 ) ) ;
#2986 = DIRECTION ( 'NONE',  ( -0.9345104387438674109, 0.0000000000000000000, -0.3559357243643078150 ) ) ;
#2987 = CARTESIAN_POINT ( 'NONE',  ( -0.2680668099160172235, -0.6260000000000000009, 0.8255921936970281871 ) ) ;
#2988 = DIRECTION ( 'NONE',  ( -0.0000000000000000000, 1.000000000000000000, -0.0000000000000000000 ) ) ;
#2989 = PRESENTATION_STYLE_ASSIGNMENT (( #8374 ) ) ;
#2990 = PRESENTATION_STYLE_ASSIGNMENT (( #8564 ) ) ;
#2991 = ORIENTED_EDGE ( 'NONE', *, *, #2770, .F. ) ;
#2992 = COLOUR_RGB ( '',0.0000000000000000000, 0.0000000000000000000, 0.0000000000000000000 ) ;
#2993 = ORIENTED_EDGE ( 'NONE', *, *, #4205, .F. ) ;
#2994 = MECHANICAL_DESIGN_GEOMETRIC_PRESENTATION_REPRESENTATION (  '', ( #3764 ), #297 ) ;
#2995 = CARTESIAN_POINT ( 'NONE',  ( -0.2680668099160172235, -0.6250000000000000000, 0.8255921936970281871 ) ) ;
#2996 = DIRECTION ( 'NONE',  ( -0.0000000000000000000, 1.000000000000000000, -0.0000000000000000000 ) ) ;
#2997 = FILL_AREA_STYLE ('',( #6990 ) ) ;
#2998 =( GEOMETRIC_REPRESENTATION_CONTEXT ( 3 ) GLOBAL_UNCERTAINTY_ASSIGNED_CONTEXT ( ( #1826 ) ) GLOBAL_UNIT_ASSIGNED_CONTEXT ( ( #10827, #839, #10194 ) ) REPRESENTATION_CONTEXT ( 'NONE', 'WORKASPACE' ) );
#2999 = SURFACE_STYLE_USAGE ( .BOTH. , #11434 ) ;
#3000 = EDGE_CURVE ( 'NONE', #3823, #1651, #11309, .T. ) ;
#3001 = SURFACE_STYLE_FILL_AREA ( #6505 ) ;
#3002 = MECHANICAL_DESIGN_GEOMETRIC_PRESENTATION_REPRESENTATION (  '', ( #11840 ), #7705 ) ;
#3003 = SURFACE_SIDE_STYLE ('',( #8575 ) ) ;
#3004 = CARTESIAN_POINT ( 'NONE',  ( -0.7603276670791284664, -0.6250000000000000000, 0.8377694897730677548 ) ) ;
#3005 = ORIENTED_EDGE ( 'NONE', *, *, #9090, .F. ) ;
#3006 = SURFACE_STYLE_USAGE ( .BOTH. , #6578 ) ;
#3007 = VERTEX_POINT ( 'NONE', #9210 ) ;
#3008 = ORIENTED_EDGE ( 'NONE', *, *, #5787, .F. ) ;
#3009 = UNCERTAINTY_MEASURE_WITH_UNIT (LENGTH_MEASURE( 1.000000000000000082E-05 ), #11669, 'distance_accuracy_value', 'NONE');
#3010 = CARTESIAN_POINT ( 'NONE',  ( -0.8181671676918732539, -0.6250000000000000000, 0.7071486652459895161 ) ) ;
#3011 = EDGE_CURVE ( 'NONE', #8635, #8070, #49, .T. ) ;
#3012 = VECTOR ( 'NONE', #8235, 1000.000000000000000 ) ;
#3013 = CARTESIAN_POINT ( 'NONE',  ( -0.7280339591190378989, -0.6260000000000000009, 0.8580133115399676269 ) ) ;
#3014 = CARTESIAN_POINT ( 'NONE',  ( -0.2847029365770755716, -0.6250000000000000000, 0.8444464705793452985 ) ) ;
#3015 = CARTESIAN_POINT ( 'NONE',  ( -0.3039211287301524789, -0.6260000000000000009, 0.8586218368384853639 ) ) ;
#3016 =( GEOMETRIC_REPRESENTATION_CONTEXT ( 3 ) GLOBAL_UNCERTAINTY_ASSIGNED_CONTEXT ( ( #8865 ) ) GLOBAL_UNIT_ASSIGNED_CONTEXT ( ( #5089, #8634, #1198 ) ) REPRESENTATION_CONTEXT ( 'NONE', 'WORKASPACE' ) );
#3017 = VECTOR ( 'NONE', #396, 1000.000000000000000 ) ;
#3018 = LINE ( 'NONE', #11635, #9204 ) ;
#3019 = PLANE ( 'NONE',  #1191 ) ;
#3020 = EDGE_CURVE ( 'NONE', #2069, #9504, #2815, .T. ) ;
#3021 = SURFACE_STYLE_FILL_AREA ( #7680 ) ;
#3022 = ORIENTED_EDGE ( 'NONE', *, *, #7806, .F. ) ;
#3023 = VERTEX_POINT ( 'NONE', #10390 ) ;
#3024 = UNCERTAINTY_MEASURE_WITH_UNIT (LENGTH_MEASURE( 1.000000000000000082E-05 ), #11602, 'distance_accuracy_value', 'NONE');
#3025 = VERTEX_POINT ( 'NONE', #1965 ) ;
#3026 = LINE ( 'NONE', #3086, #2342 ) ;
#3027 = B_SPLINE_CURVE_WITH_KNOTS ( 'NONE', 3,
 ( #8257, #9324, #37, #6490 ),
 .UNSPECIFIED., .F., .F.,
 ( 4, 4 ),
 ( 6.000000000000000000, 7.000000000000000000 ),
 .UNSPECIFIED. ) ;
#3028 = AXIS2_PLACEMENT_3D ( 'NONE', #5559, #10362, #8248 ) ;
#3029 = ADVANCED_FACE ( 'NONE', ( #7366 ), #1859, .F. ) ;
#3030 = VECTOR ( 'NONE', #4368, 1000.000000000000000 ) ;
#3031 = PRESENTATION_STYLE_ASSIGNMENT (( #7505 ) ) ;
#3032 = DIRECTION ( 'NONE',  ( -0.0000000000000000000, -0.0000000000000000000, 1.000000000000000000 ) ) ;
#3033 = SURFACE_STYLE_USAGE ( .BOTH. , #8794 ) ;
#3034 = CARTESIAN_POINT ( 'NONE',  ( -0.3918846484508254902, -0.6250000000000000000, 0.6832839935504294582 ) ) ;
#3035 = SURFACE_STYLE_FILL_AREA ( #9144 ) ;
#3036 = SURFACE_SIDE_STYLE ('',( #9609 ) ) ;
#3037 = CARTESIAN_POINT ( 'NONE',  ( -0.4396268661082691764, -0.6260000000000000009, 0.7985584878726350588 ) ) ;
#3038 = SURFACE_SIDE_STYLE ('',( #8733 ) ) ;
#3039 = ORIENTED_EDGE ( 'NONE', *, *, #11098, .T. ) ;
#3040 = PRESENTATION_LAYER_ASSIGNMENT (  '', '', ( #930 ) ) ;
#3041 = ORIENTED_EDGE ( 'NONE', *, *, #11746, .F. ) ;
#3042 = PRESENTATION_STYLE_ASSIGNMENT (( #258 ) ) ;
#3043 = UNCERTAINTY_MEASURE_WITH_UNIT (LENGTH_MEASURE( 1.000000000000000082E-05 ), #3794, 'distance_accuracy_value', 'NONE');
#3044 = VERTEX_POINT ( 'NONE', #8440 ) ;
#3045 = STYLED_ITEM ( 'NONE', ( #10090 ), #7472 ) ;
#3046 =( LENGTH_UNIT ( ) NAMED_UNIT ( * ) SI_UNIT ( .MILLI., .METRE. ) );
#3047 = MECHANICAL_DESIGN_GEOMETRIC_PRESENTATION_REPRESENTATION (  '', ( #348 ), #10701 ) ;
#3048 = SURFACE_STYLE_USAGE ( .BOTH. , #1179 ) ;
#3049 = CARTESIAN_POINT ( 'NONE',  ( -0.4101843877779435266, -0.6250000000000000000, 0.7259140681193632094 ) ) ;
#3050 = EDGE_CURVE ( 'NONE', #7793, #8971, #905, .T. ) ;
#3051 = STYLED_ITEM ( 'NONE', ( #11711 ), #7967 ) ;
#3052 = EDGE_LOOP ( 'NONE', ( #11139, #3117, #1695, #10471 ) ) ;
#3053 = CARTESIAN_POINT ( 'NONE',  ( -0.2338934330665299044, -0.6260000000000000009, 0.8499571875360144579 ) ) ;
#3054 = LINE ( 'NONE', #1244, #10302 ) ;
#3055 = CARTESIAN_POINT ( 'NONE',  ( -0.6046430612512586622, -0.6250000000000000000, 0.8517473662148278279 ) ) ;
#3056 = DIRECTION ( 'NONE',  ( -0.0000000000000000000, 1.000000000000000000, -0.0000000000000000000 ) ) ;
#3057 = PRESENTATION_STYLE_ASSIGNMENT (( #527 ) ) ;
#3058 =( NAMED_UNIT ( * ) PLANE_ANGLE_UNIT ( ) SI_UNIT ( $, .RADIAN. ) );
#3059 = CARTESIAN_POINT ( 'NONE',  ( -0.3505196126800235179, -0.6250000000000000000, 0.7044603964459816847 ) ) ;
#3060 = ORIENTED_EDGE ( 'NONE', *, *, #4957, .T. ) ;
#3061 = ORIENTED_EDGE ( 'NONE', *, *, #918, .F. ) ;
#3062 = CARTESIAN_POINT ( 'NONE',  ( -0.2714806817410641560, -0.6250000000000000000, 0.8436493228434865932 ) ) ;
#3063 = CARTESIAN_POINT ( 'NONE',  ( -0.4335962701938034236, -0.6260000000000000009, 0.8431294438854585183 ) ) ;
#3064 = SURFACE_SIDE_STYLE ('',( #11495 ) ) ;
#3065 = CARTESIAN_POINT ( 'NONE',  ( -0.7492417691153342441, -0.6260000000000000009, 0.8368054992455673524 ) ) ;
#3066 =( NAMED_UNIT ( * ) PLANE_ANGLE_UNIT ( ) SI_UNIT ( $, .RADIAN. ) );
#3067 = CARTESIAN_POINT ( 'NONE',  ( -0.2511707437757129124, -0.6250000000000000000, 0.6910128607283587687 ) ) ;
#3068 = ORIENTED_EDGE ( 'NONE', *, *, #8746, .T. ) ;
#3069 = VERTEX_POINT ( 'NONE', #9452 ) ;
#3070 =( NAMED_UNIT ( * ) SI_UNIT ( $, .STERADIAN. ) SOLID_ANGLE_UNIT ( ) );
#3071 = ORIENTED_EDGE ( 'NONE', *, *, #3121, .F. ) ;
#3072 = CARTESIAN_POINT ( 'NONE',  ( -0.6350087881558875713, -0.6260000000000000009, 0.6902788149227018222 ) ) ;
#3073 = VECTOR ( 'NONE', #6549, 1000.000000000000000 ) ;
#3074 = PLANE ( 'NONE',  #3810 ) ;
#3075 = CARTESIAN_POINT ( 'NONE',  ( -0.2338934330665299044, -0.6250000000000000000, 0.8499571875360144579 ) ) ;
#3076 = PRESENTATION_STYLE_ASSIGNMENT (( #11510 ) ) ;
#3077 = PRESENTATION_STYLE_ASSIGNMENT (( #2040 ) ) ;
#3078 = ADVANCED_FACE ( 'NONE', ( #7541 ), #10058, .F. ) ;
#3079 =( NAMED_UNIT ( * ) SI_UNIT ( $, .STERADIAN. ) SOLID_ANGLE_UNIT ( ) );
#3080 =( NAMED_UNIT ( * ) SI_UNIT ( $, .STERADIAN. ) SOLID_ANGLE_UNIT ( ) );
#3081 = EDGE_CURVE ( 'NONE', #9488, #2720, #2215, .T. ) ;
#3082 = DIRECTION ( 'NONE',  ( -0.0000000000000000000, -0.0000000000000000000, 1.000000000000000000 ) ) ;
#3083 = ORIENTED_EDGE ( 'NONE', *, *, #1467, .F. ) ;
#3084 = ORIENTED_EDGE ( 'NONE', *, *, #2115, .T. ) ;
#3085 = ORIENTED_EDGE ( 'NONE', *, *, #2770, .T. ) ;
#3086 = CARTESIAN_POINT ( 'NONE',  ( -1.000000000000000000, -0.6250000000000000000, 0.0000000000000000000 ) ) ;
#3087 = PLANE ( 'NONE',  #10894 ) ;
#3088 = LINE ( 'NONE', #5913, #5172 ) ;
#3089 = SURFACE_STYLE_USAGE ( .BOTH. , #5797 ) ;
#3090 = EDGE_LOOP ( 'NONE', ( #3891, #3147, #8055, #10207, #10725, #2620, #10721 ) ) ;
#3091 = VERTEX_POINT ( 'NONE', #10624 ) ;
#3092 = ORIENTED_EDGE ( 'NONE', *, *, #3382, .F. ) ;
#3093 = SURFACE_STYLE_USAGE ( .BOTH. , #1367 ) ;
#3094 = AXIS2_PLACEMENT_3D ( 'NONE', #5326, #715, #4409 ) ;
#3095 = PRESENTATION_STYLE_ASSIGNMENT (( #8810 ) ) ;
#3096 = ORIENTED_EDGE ( 'NONE', *, *, #3913, .F. ) ;
#3097 = EDGE_CURVE ( 'NONE', #3881, #4852, #7785, .T. ) ;
#3098 = CARTESIAN_POINT ( 'NONE',  ( -0.7338179022851919475, -0.6260000000000000009, 0.7481183109390059371 ) ) ;
#3099 = SURFACE_SIDE_STYLE ('',( #7839 ) ) ;
#3100 = CARTESIAN_POINT ( 'NONE',  ( -0.3046662885702537404, -0.6250000000000000000, 0.7985584878726350588 ) ) ;
#3101 = CARTESIAN_POINT ( 'NONE',  ( -0.4154351652553697205, -0.6260000000000000009, 0.6821402598423972341 ) ) ;
#3102 = CARTESIAN_POINT ( 'NONE',  ( -0.3398447647390891446, -0.6260000000000000009, 0.6680688693747721674 ) ) ;
#3103 =( GEOMETRIC_REPRESENTATION_CONTEXT ( 3 ) GLOBAL_UNCERTAINTY_ASSIGNED_CONTEXT ( ( #3340 ) ) GLOBAL_UNIT_ASSIGNED_CONTEXT ( ( #267, #9563, #9820 ) ) REPRESENTATION_CONTEXT ( 'NONE', 'WORKASPACE' ) );
#3104 = CARTESIAN_POINT ( 'NONE',  ( -0.3486307191321209031, -0.6250000000000000000, 0.7023115634190640888 ) ) ;
#3105 = ORIENTED_EDGE ( 'NONE', *, *, #8178, .F. ) ;
#3106 = ORIENTED_EDGE ( 'NONE', *, *, #8567, .T. ) ;
#3107 = FILL_AREA_STYLE_COLOUR ( '', #5238 ) ;
#3108 = VECTOR ( 'NONE', #8401, 1000.000000000000000 ) ;
#3109 = STYLED_ITEM ( 'NONE', ( #6496 ), #11926 ) ;
#3110 = SURFACE_SIDE_STYLE ('',( #2938 ) ) ;
#3111 = DIRECTION ( 'NONE',  ( -0.0000000000000000000, 1.000000000000000000, -0.0000000000000000000 ) ) ;
#3112 =( NAMED_UNIT ( * ) PLANE_ANGLE_UNIT ( ) SI_UNIT ( $, .RADIAN. ) );
#3113 = CARTESIAN_POINT ( 'NONE',  ( -0.6350087881558875713, -0.6260000000000000009, 0.6902788149227018222 ) ) ;
#3114 =( NAMED_UNIT ( * ) SI_UNIT ( $, .STERADIAN. ) SOLID_ANGLE_UNIT ( ) );
#3115 = CARTESIAN_POINT ( 'NONE',  ( -0.3476776077087617156, -0.6260000000000000009, 0.6964542604902214107 ) ) ;
#3116 = ADVANCED_FACE ( 'NONE', ( #281 ), #11034, .F. ) ;
#3117 = ORIENTED_EDGE ( 'NONE', *, *, #3404, .F. ) ;
#3118 = CARTESIAN_POINT ( 'NONE',  ( -0.2193714808352166534, -0.6250000000000000000, 0.7432780253219375410 ) ) ;
#3119 = ORIENTED_EDGE ( 'NONE', *, *, #10308, .T. ) ;
#3120 = MECHANICAL_DESIGN_GEOMETRIC_PRESENTATION_REPRESENTATION (  '', ( #8398 ), #1014 ) ;
#3121 = EDGE_CURVE ( 'NONE', #10477, #9006, #2939, .T. ) ;
#3122 = DIRECTION ( 'NONE',  ( -0.0000000000000000000, 1.000000000000000000, -0.0000000000000000000 ) ) ;
#3123 = LINE ( 'NONE', #489, #578 ) ;
#3124 = SURFACE_STYLE_USAGE ( .BOTH. , #11567 ) ;
#3125 = CARTESIAN_POINT ( 'NONE',  ( -0.7796075098102038803, -0.6260000000000000009, 0.6840128741942300694 ) ) ;
#3126 = STYLED_ITEM ( 'NONE', ( #950 ), #11153 ) ;
#3127 = FILL_AREA_STYLE ('',( #1346 ) ) ;
#3128 = FACE_OUTER_BOUND ( 'NONE', #10034, .T. ) ;
#3129 = EDGE_CURVE ( 'NONE', #8070, #3134, #8570, .T. ) ;
#3130 = CARTESIAN_POINT ( 'NONE',  ( -0.3766348656782271820, -0.6260000000000000009, 0.6831107005641131602 ) ) ;
#3131 = DIRECTION ( 'NONE',  ( -0.8631877589412164653, 0.0000000000000000000, -0.5048830486499229497 ) ) ;
#3132 =( LENGTH_UNIT ( ) NAMED_UNIT ( * ) SI_UNIT ( .MILLI., .METRE. ) );
#3133 = VERTEX_POINT ( 'NONE', #7723 ) ;
#3134 = VERTEX_POINT ( 'NONE', #3912 ) ;
#3135 = ADVANCED_FACE ( 'NONE', ( #11431 ), #10839, .F. ) ;
#3136 = VECTOR ( 'NONE', #4283, 1000.000000000000000 ) ;
#3137 = CARTESIAN_POINT ( 'NONE',  ( -0.2643063521183349751, -0.6260000000000000009, 0.7908296206947073026 ) ) ;
#3138 = FILL_AREA_STYLE_COLOUR ( '', #11631 ) ;
#3139 = DIRECTION ( 'NONE',  ( -0.8863488427958619020, 0.0000000000000000000, -0.4630180653866934892 ) ) ;
#3140 = SURFACE_STYLE_FILL_AREA ( #9672 ) ;
#3141 = CARTESIAN_POINT ( 'NONE',  ( -0.3567581601779786227, -0.6250000000000000000, 0.6834226279391137915 ) ) ;
#3142 = B_SPLINE_CURVE_WITH_KNOTS ( 'NONE', 3,
 ( #591, #11848, #1664, #11106 ),
 .UNSPECIFIED., .F., .F.,
 ( 4, 4 ),
 ( 1.000000000000000000, 2.000000000000000000 ),
 .UNSPECIFIED. ) ;
#3143 = FILL_AREA_STYLE_COLOUR ( '', #2363 ) ;
#3144 = EDGE_LOOP ( 'NONE', ( #4492, #3165, #11633, #3689 ) ) ;
#3145 = SURFACE_STYLE_FILL_AREA ( #394 ) ;
#3146 = PRESENTATION_STYLE_ASSIGNMENT (( #9679 ) ) ;
#3147 = ORIENTED_EDGE ( 'NONE', *, *, #5055, .T. ) ;
#3148 = CARTESIAN_POINT ( 'NONE',  ( -0.5308977192294062064, -0.6260000000000000009, 0.7505282803632126187 ) ) ;
#3149 = UNCERTAINTY_MEASURE_WITH_UNIT (LENGTH_MEASURE( 1.000000000000000082E-05 ), #2867, 'distance_accuracy_value', 'NONE');
#3150 = ORIENTED_EDGE ( 'NONE', *, *, #11868, .F. ) ;
#3151 = DIRECTION ( 'NONE',  ( 0.9209172030172741996, 0.0000000000000000000, -0.3897582650654642933 ) ) ;
#3152 = SURFACE_SIDE_STYLE ('',( #6720 ) ) ;
#3153 = EDGE_CURVE ( 'NONE', #8070, #10873, #1608, .T. ) ;
#3154 = CARTESIAN_POINT ( 'NONE',  ( -0.6856183391259830229, -0.6250000000000000000, 0.6994367410241407734 ) ) ;
#3155 = DIRECTION ( 'NONE',  ( -0.0000000000000000000, -0.0000000000000000000, 1.000000000000000000 ) ) ;
#3156 =( LENGTH_UNIT ( ) NAMED_UNIT ( * ) SI_UNIT ( .MILLI., .METRE. ) );
#3157 =( GEOMETRIC_REPRESENTATION_CONTEXT ( 3 ) GLOBAL_UNCERTAINTY_ASSIGNED_CONTEXT ( ( #6717 ) ) GLOBAL_UNIT_ASSIGNED_CONTEXT ( ( #11061, #6890, #1356 ) ) REPRESENTATION_CONTEXT ( 'NONE', 'WORKASPACE' ) );
#3158 = VERTEX_POINT ( 'NONE', #2516 ) ;
#3159 = SURFACE_STYLE_USAGE ( .BOTH. , #7837 ) ;
#3160 = VECTOR ( 'NONE', #5502, 1000.000000000000000 ) ;
#3161 = CARTESIAN_POINT ( 'NONE',  ( -0.2453480994445046692, -0.6250000000000000000, 0.8170315201860705034 ) ) ;
#3162 = FILL_AREA_STYLE_COLOUR ( '', #10406 ) ;
#3163 = CARTESIAN_POINT ( 'NONE',  ( -0.4093872400420847657, -0.6260000000000000009, 0.7328111289642612602 ) ) ;
#3164 = DIRECTION ( 'NONE',  ( -0.9903286039881274982, 0.0000000000000000000, -0.1387416884823251817 ) ) ;
#3165 = ORIENTED_EDGE ( 'NONE', *, *, #8132, .F. ) ;
#3166 = VERTEX_POINT ( 'NONE', #4228 ) ;
#3167 = B_SPLINE_SURFACE_WITH_KNOTS ( 'NONE', 3, 1, ( 
 ( #3232, #8682 ),
 ( #5071, #9879 ),
 ( #5137, #7044 ),
 ( #11735, #1487 ) ),
 .UNSPECIFIED., .F., .F., .F.,
 ( 4, 4 ),
 ( 2, 2 ),
 ( 4.000000000000000000, 5.000000000000000000 ),
 ( 0.0000000000000000000, 1.000000000000000000 ),
 .UNSPECIFIED. ) ;
#3168 = MECHANICAL_DESIGN_GEOMETRIC_PRESENTATION_REPRESENTATION (  '', ( #1835 ), #4734 ) ;
#3169 = PLANE ( 'NONE',  #8757 ) ;
#3170 = B_SPLINE_CURVE_WITH_KNOTS ( 'NONE', 3,
 ( #2746, #217, #3723, #1909 ),
 .UNSPECIFIED., .F., .F.,
 ( 4, 4 ),
 ( 18.00000000000000000, 19.00000000000000000 ),
 .UNSPECIFIED. ) ;
#3171 = VECTOR ( 'NONE', #2367, 1000.000000000000000 ) ;
#3172 =( LENGTH_UNIT ( ) NAMED_UNIT ( * ) SI_UNIT ( .MILLI., .METRE. ) );
#3173 = FILL_AREA_STYLE_COLOUR ( '', #11410 ) ;
#3174 = ADVANCED_FACE ( 'NONE', ( #8826, #5084 ), #10979, .T. ) ;
#3175 = CARTESIAN_POINT ( 'NONE',  ( -0.4000000000000004108, 0.2250000000000001166, 0.0000000000000000000 ) ) ;
#3176 = DIRECTION ( 'NONE',  ( -0.0000000000000000000, 1.000000000000000000, -0.0000000000000000000 ) ) ;
#3177 = DIRECTION ( 'NONE',  ( 0.0000000000000000000, 0.0000000000000000000, -1.000000000000000000 ) ) ;
#3178 = PLANE ( 'NONE',  #9603 ) ;
#3179 = FILL_AREA_STYLE_COLOUR ( '', #9458 ) ;
#3180 = VECTOR ( 'NONE', #10042, 1000.000000000000000 ) ;
#3181 = VERTEX_POINT ( 'NONE', #11680 ) ;
#3182 = DIRECTION ( 'NONE',  ( 1.000000000000000000, -0.0000000000000000000, -0.0000000000000000000 ) ) ;
#3183 = COLOUR_RGB ( '',0.0000000000000000000, 0.0000000000000000000, 0.0000000000000000000 ) ;
#3184 = VECTOR ( 'NONE', #2533, 1000.000000000000000 ) ;
#3185 = ORIENTED_EDGE ( 'NONE', *, *, #7280, .T. ) ;
#3186 = COLOUR_RGB ( '',0.0000000000000000000, 0.0000000000000000000, 0.0000000000000000000 ) ;
#3187 = CARTESIAN_POINT ( 'NONE',  ( -0.6856183391259830229, -0.6250000000000000000, 0.7042566982596960568 ) ) ;
#3188 = MECHANICAL_DESIGN_GEOMETRIC_PRESENTATION_REPRESENTATION (  '', ( #7908 ), #10071 ) ;
#3189 = SURFACE_STYLE_FILL_AREA ( #2230 ) ;
#3190 = CARTESIAN_POINT ( 'NONE',  ( -0.4307889238197114001, -0.6260000000000000009, 0.6919139842557298081 ) ) ;
#3191 = ADVANCED_FACE ( 'NONE', ( #3363 ), #3301, .F. ) ;
#3192 = CARTESIAN_POINT ( 'NONE',  ( -0.3664105795009806599, -0.6250000000000000000, 0.6890719792844680613 ) ) ;
#3193 =( NAMED_UNIT ( * ) SI_UNIT ( $, .STERADIAN. ) SOLID_ANGLE_UNIT ( ) );
#3194 = EDGE_CURVE ( 'NONE', #1262, #8225, #2329, .T. ) ;
#3195 = CARTESIAN_POINT ( 'NONE',  ( -0.3629967076757026345, -0.6250000000000000000, 0.7029007595714339418 ) ) ;
#3196 = VERTEX_POINT ( 'NONE', #2798 ) ;
#3197 = SURFACE_SIDE_STYLE ('',( #10825 ) ) ;
#3198 = CARTESIAN_POINT ( 'NONE',  ( -0.4089020196812295227, -0.6260000000000000009, 0.6821402598423972341 ) ) ;
#3199 = STYLED_ITEM ( 'NONE', ( #4945 ), #4760 ) ;
#3201 = EDGE_LOOP ( 'NONE', ( #6287, #875, #10678, #2157 ) ) ;
#3200 = UNCERTAINTY_MEASURE_WITH_UNIT (LENGTH_MEASURE( 1.000000000000000082E-05 ), #9640, 'distance_accuracy_value', 'NONE');
#3202 = COLOUR_RGB ( '',0.0000000000000000000, 0.0000000000000000000, 0.0000000000000000000 ) ;
#3203 = ORIENTED_EDGE ( 'NONE', *, *, #11957, .F. ) ;
#3204 = PRESENTATION_LAYER_ASSIGNMENT (  '', '', ( #9686 ) ) ;
#3205 = FACE_OUTER_BOUND ( 'NONE', #1140, .T. ) ;
#3206 = COLOUR_RGB ( '',0.0000000000000000000, 0.0000000000000000000, 0.0000000000000000000 ) ;
#3207 = VECTOR ( 'NONE', #1379, 1000.000000000000000 ) ;
#3208 =( LENGTH_UNIT ( ) NAMED_UNIT ( * ) SI_UNIT ( .MILLI., .METRE. ) );
#3209 = LINE ( 'NONE', #2181, #5540 ) ;
#3210 = PLANE ( 'NONE',  #3980 ) ;
#3211 = STYLED_ITEM ( 'NONE', ( #6495 ), #7014 ) ;
#3212 = CARTESIAN_POINT ( 'NONE',  ( -0.4666259133354898614, -0.6260000000000000009, 0.7138182176927964084 ) ) ;
#3213 = SURFACE_STYLE_FILL_AREA ( #10653 ) ;
#3214 = CARTESIAN_POINT ( 'NONE',  ( -0.2352104597604162683, -0.6250000000000000000, 0.8452089597180334479 ) ) ;
#3215 = ORIENTED_EDGE ( 'NONE', *, *, #5336, .T. ) ;
#3216 = DIRECTION ( 'NONE',  ( -0.0000000000000000000, 1.000000000000000000, -0.0000000000000000000 ) ) ;
#3217 = UNCERTAINTY_MEASURE_WITH_UNIT (LENGTH_MEASURE( 1.000000000000000082E-05 ), #8955, 'distance_accuracy_value', 'NONE');
#3218 = ORIENTED_EDGE ( 'NONE', *, *, #4639, .F. ) ;
#3219 = ORIENTED_EDGE ( 'NONE', *, *, #11753, .F. ) ;
#3220 = MECHANICAL_DESIGN_GEOMETRIC_PRESENTATION_REPRESENTATION (  '', ( #1683 ), #1496 ) ;
#3221 = VECTOR ( 'NONE', #403, 1000.000000000000000 ) ;
#3222 = PRESENTATION_LAYER_ASSIGNMENT (  '', '', ( #332 ) ) ;
#3223 = CARTESIAN_POINT ( 'NONE',  ( -0.3328090695052753345, -0.6260000000000000009, 0.6677569419997686495 ) ) ;
#3224 =( GEOMETRIC_REPRESENTATION_CONTEXT ( 3 ) GLOBAL_UNCERTAINTY_ASSIGNED_CONTEXT ( ( #7388 ) ) GLOBAL_UNIT_ASSIGNED_CONTEXT ( ( #5099, #4175, #3552 ) ) REPRESENTATION_CONTEXT ( 'NONE', 'WORKASPACE' ) );
#3225 = FACE_OUTER_BOUND ( 'NONE', #7390, .T. ) ;
#3226 = PLANE ( 'NONE',  #737 ) ;
#3227 = CARTESIAN_POINT ( 'NONE',  ( -0.4276696500706181348, -0.6260000000000000009, 0.8239632396281396653 ) ) ;
#3228 =( NAMED_UNIT ( * ) SI_UNIT ( $, .STERADIAN. ) SOLID_ANGLE_UNIT ( ) );
#3229 = ORIENTED_EDGE ( 'NONE', *, *, #2570, .T. ) ;
#3230 = EDGE_CURVE ( 'NONE', #2629, #8950, #11039, .T. ) ;
#3231 = PRESENTATION_LAYER_ASSIGNMENT (  '', '', ( #6189 ) ) ;
#3232 = CARTESIAN_POINT ( 'NONE',  ( -0.3779172337749439059, -0.6260000000000000009, 0.7109762127215346617 ) ) ;
#3233 =( NAMED_UNIT ( * ) PLANE_ANGLE_UNIT ( ) SI_UNIT ( $, .RADIAN. ) );
#3234 = PRESENTATION_STYLE_ASSIGNMENT (( #7046 ) ) ;
#3235 = FACE_OUTER_BOUND ( 'NONE', #10831, .T. ) ;
#3236 =( GEOMETRIC_REPRESENTATION_CONTEXT ( 3 ) GLOBAL_UNCERTAINTY_ASSIGNED_CONTEXT ( ( #7515 ) ) GLOBAL_UNIT_ASSIGNED_CONTEXT ( ( #10388, #6398, #5463 ) ) REPRESENTATION_CONTEXT ( 'NONE', 'WORKASPACE' ) );
#3237 = EDGE_CURVE ( 'NONE', #9166, #7994, #9353, .T. ) ;
#3238 = CARTESIAN_POINT ( 'NONE',  ( -0.7959953487811664008, -0.6260000000000000009, 0.7240185247626165221 ) ) ;
#3239 = PRESENTATION_LAYER_ASSIGNMENT (  '', '', ( #908 ) ) ;
#3240 = CARTESIAN_POINT ( 'NONE',  ( -0.3145093301779258166, -0.6260000000000000009, 0.8508236524662153855 ) ) ;
#3241 = EDGE_CURVE ( 'NONE', #3907, #1228, #3783, .T. ) ;
#3242 = ORIENTED_EDGE ( 'NONE', *, *, #8855, .T. ) ;
#3243 = EDGE_LOOP ( 'NONE', ( #3949, #6944, #8930, #5379 ) ) ;
#3244 =( NAMED_UNIT ( * ) SI_UNIT ( $, .STERADIAN. ) SOLID_ANGLE_UNIT ( ) );
#3245 = STYLED_ITEM ( 'NONE', ( #5467 ), #10117 ) ;
#3246 = VECTOR ( 'NONE', #678, 1000.000000000000000 ) ;
#3247 = CARTESIAN_POINT ( 'NONE',  ( -0.6914022822923686640, -0.6260000000000000009, 0.8768111452172836495 ) ) ;
#3248 = SURFACE_STYLE_FILL_AREA ( #9892 ) ;
#3249 = PRESENTATION_STYLE_ASSIGNMENT (( #5085 ) ) ;
#3250 = LINE ( 'NONE', #10746, #8265 ) ;
#3251 = CARTESIAN_POINT ( 'NONE',  ( -0.1933948622259264172, -0.6250000000000000000, 0.6927804491859308467 ) ) ;
#3252 = DIRECTION ( 'NONE',  ( 0.0000000000000000000, 0.0000000000000000000, -1.000000000000000000 ) ) ;
#3253 = ORIENTED_EDGE ( 'NONE', *, *, #10530, .T. ) ;
#3254 = CARTESIAN_POINT ( 'NONE',  ( -0.5983771205227886858, -0.6260000000000000009, 0.7876419363652877870 ) ) ;
#3255 = MANIFOLD_SOLID_BREP ( '͹̨-����2[3]', #2924 ) ;
#3256 = ORIENTED_EDGE ( 'NONE', *, *, #3593, .T. ) ;
#3257 = ADVANCED_FACE ( 'NONE', ( #7458, #1789 ), #5390, .F. ) ;
#3258 = CARTESIAN_POINT ( 'NONE',  ( -0.3748846065190087895, -0.6260000000000000009, 0.7289640246736514007 ) ) ;
#3259 = CARTESIAN_POINT ( 'NONE',  ( -0.3531363367694426714, -0.6260000000000000009, 0.6859873641325445748 ) ) ;
#3260 = VERTEX_POINT ( 'NONE', #9141 ) ;
#3261 = CARTESIAN_POINT ( 'NONE',  ( -0.2782910960930354283, -0.6260000000000000009, 0.8496452601610127164 ) ) ;
#3262 = DIRECTION ( 'NONE',  ( 0.8840949502478810951, 0.0000000000000000000, 0.4673073067545559511 ) ) ;
#3263 = CARTESIAN_POINT ( 'NONE',  ( -0.5308977192294062064, -0.6260000000000000009, 0.7505282803632126187 ) ) ;
#3264 = EDGE_LOOP ( 'NONE', ( #1428, #692, #1825, #2688, #2645, #2916, #10778 ) ) ;
#3265 = COLOUR_RGB ( '',0.7529411764705882248, 0.7529411764705882248, 0.7529411764705882248 ) ;
#3266 = VERTEX_POINT ( 'NONE', #774 ) ;
#3267 = UNCERTAINTY_MEASURE_WITH_UNIT (LENGTH_MEASURE( 1.000000000000000082E-05 ), #2272, 'distance_accuracy_value', 'NONE');
#3268 = STYLED_ITEM ( 'NONE', ( #5335 ), #1764 ) ;
#3269 = PRESENTATION_STYLE_ASSIGNMENT (( #11708 ) ) ;
#3270 = CARTESIAN_POINT ( 'NONE',  ( -0.6181642414781315376, 0.0000000000000000000, 0.9899999999999999911 ) ) ;
#3271 = DIRECTION ( 'NONE',  ( 0.3667976789509241886, 0.0000000000000000000, 0.9303007377811838285 ) ) ;
#3272 = CARTESIAN_POINT ( 'NONE',  ( -0.4270631246196632258, -0.6250000000000000000, 0.8497838945496974938 ) ) ;
#3273 = FILL_AREA_STYLE ('',( #3138 ) ) ;
#3274 = PRESENTATION_LAYER_ASSIGNMENT (  '', '', ( #6030 ) ) ;
#3275 = DIRECTION ( 'NONE',  ( -0.0000000000000000000, 1.000000000000000000, -0.0000000000000000000 ) ) ;
#3276 = FILL_AREA_STYLE ('',( #4259 ) ) ;
#3277 = FILL_AREA_STYLE ('',( #7028 ) ) ;
#3278 = ORIENTED_EDGE ( 'NONE', *, *, #11474, .F. ) ;
#3279 = CARTESIAN_POINT ( 'NONE',  ( -0.2772686674751027036, -0.6250000000000000000, 0.8253495835163686678 ) ) ;
#3280 = EDGE_CURVE ( 'NONE', #3894, #11278, #153, .T. ) ;
#3281 = CARTESIAN_POINT ( 'NONE',  ( -0.2967814577050550406, -0.6250000000000000000, 0.7317020538534013685 ) ) ;
#3282 = ORIENTED_EDGE ( 'NONE', *, *, #8940, .T. ) ;
#3283 = FACE_OUTER_BOUND ( 'NONE', #2974, .T. ) ;
#3284 = UNCERTAINTY_MEASURE_WITH_UNIT (LENGTH_MEASURE( 1.000000000000000082E-05 ), #9768, 'distance_accuracy_value', 'NONE');
#3285 = ORIENTED_EDGE ( 'NONE', *, *, #8785, .F. ) ;
#3286 = B_SPLINE_CURVE_WITH_KNOTS ( 'NONE', 3,
 ( #11493, #280, #10570, #2150 ),
 .UNSPECIFIED., .F., .F.,
 ( 4, 4 ),
 ( 2.000000000000000000, 3.000000000000000000 ),
 .UNSPECIFIED. ) ;
#3287 = SURFACE_STYLE_FILL_AREA ( #2435 ) ;
#3288 = PLANE ( 'NONE',  #312 ) ;
#3289 = ORIENTED_EDGE ( 'NONE', *, *, #2392, .F. ) ;
#3290 = DIRECTION ( 'NONE',  ( -0.0000000000000000000, 1.000000000000000000, -0.0000000000000000000 ) ) ;
#3291 = LINE ( 'NONE', #11794, #11270 ) ;
#3292 = DIRECTION ( 'NONE',  ( -1.000000000000000000, -0.0000000000000000000, -0.0000000000000000000 ) ) ;
#3293 = CARTESIAN_POINT ( 'NONE',  ( -0.4000000000000004108, -0.6250000000000000000, 0.0000000000000000000 ) ) ;
#3294 = FILL_AREA_STYLE ('',( #7779 ) ) ;
#3295 = CARTESIAN_POINT ( 'NONE',  ( -0.3476776077087617156, -0.6250000000000000000, 0.6964542604902214107 ) ) ;
#3296 = ORIENTED_EDGE ( 'NONE', *, *, #7278, .T. ) ;
#3297 = VECTOR ( 'NONE', #5392, 1000.000000000000000 ) ;
#3298 =( NAMED_UNIT ( * ) PLANE_ANGLE_UNIT ( ) SI_UNIT ( $, .RADIAN. ) );
#3299 = EDGE_CURVE ( 'NONE', #8145, #3841, #7706, .T. ) ;
#3300 =( NAMED_UNIT ( * ) PLANE_ANGLE_UNIT ( ) SI_UNIT ( $, .RADIAN. ) );
#3301 = PLANE ( 'NONE',  #1801 ) ;
#3302 = ADVANCED_FACE ( 'NONE', ( #6847 ), #2923, .T. ) ;
#3303 = SURFACE_STYLE_USAGE ( .BOTH. , #6144 ) ;
#3304 = VECTOR ( 'NONE', #6126, 1000.000000000000000 ) ;
#3305 = CARTESIAN_POINT ( 'NONE',  ( -0.4003760047674415068, -0.6260000000000000009, 0.7029354181686063852 ) ) ;
#3306 = CARTESIAN_POINT ( 'NONE',  ( -1.000000000000000000, -0.6250000000000000000, 1.000000000000000000 ) ) ;
#3307 = ORIENTED_EDGE ( 'NONE', *, *, #8058, .T. ) ;
#3308 = LINE ( 'NONE', #4167, #8491 ) ;
#3309 = B_SPLINE_CURVE_WITH_KNOTS ( 'NONE', 3,
 ( #12051, #3615, #10996, #6280 ),
 .UNSPECIFIED., .F., .F.,
 ( 4, 4 ),
 ( 10.00000000000000000, 11.00000000000000000 ),
 .UNSPECIFIED. ) ;
#3310 = ORIENTED_EDGE ( 'NONE', *, *, #2931, .F. ) ;
#3311 = COLOUR_RGB ( '',0.0000000000000000000, 0.0000000000000000000, 0.0000000000000000000 ) ;
#3312 = DIRECTION ( 'NONE',  ( -1.000000000000000000, 0.0000000000000000000, -0.0000000000000000000 ) ) ;
#3313 =( GEOMETRIC_REPRESENTATION_CONTEXT ( 3 ) GLOBAL_UNCERTAINTY_ASSIGNED_CONTEXT ( ( #9597 ) ) GLOBAL_UNIT_ASSIGNED_CONTEXT ( ( #8970, #8909, #9034 ) ) REPRESENTATION_CONTEXT ( 'NONE', 'WORKASPACE' ) );
#3314 = EDGE_CURVE ( 'NONE', #8867, #1813, #9687, .T. ) ;
#3315 = CARTESIAN_POINT ( 'NONE',  ( -0.6460946861199128310, -0.6250000000000000000, 0.8768111452172836495 ) ) ;
#3316 = CARTESIAN_POINT ( 'NONE',  ( -0.3779172337749439059, -0.6260000000000000009, 0.7109762127215346617 ) ) ;
#3317 = CARTESIAN_POINT ( 'NONE',  ( -0.3689926449932274255, -0.6260000000000000009, 0.7241118210641562802 ) ) ;
#3318 = DIRECTION ( 'NONE',  ( -0.9398440417769806654, 0.0000000000000000000, -0.3416038306815501469 ) ) ;
#3319 = VECTOR ( 'NONE', #10720, 1000.000000000000000 ) ;
#3320 = CARTESIAN_POINT ( 'NONE',  ( -0.4000000000000004108, 0.2250000000000001166, 0.0000000000000000000 ) ) ;
#3321 = CARTESIAN_POINT ( 'NONE',  ( -0.7492417691153342441, -0.6260000000000000009, 0.8368054992455673524 ) ) ;
#3322 = ORIENTED_EDGE ( 'NONE', *, *, #5692, .T. ) ;
#3323 = CARTESIAN_POINT ( 'NONE',  ( -0.2893298593044971168, -0.6260000000000000009, 0.8009152724830402859 ) ) ;
#3324 = MECHANICAL_DESIGN_GEOMETRIC_PRESENTATION_REPRESENTATION (  '', ( #4307 ), #11787 ) ;
#3325 = DIRECTION ( 'NONE',  ( -0.0000000000000000000, -0.0000000000000000000, -1.000000000000000000 ) ) ;
#3327 = ORIENTED_EDGE ( 'NONE', *, *, #2279, .F. ) ;
#3326 = UNCERTAINTY_MEASURE_WITH_UNIT (LENGTH_MEASURE( 1.000000000000000082E-05 ), #4006, 'distance_accuracy_value', 'NONE');
#3328 = EDGE_LOOP ( 'NONE', ( #8112, #10154, #9437, #795 ) ) ;
#3329 = B_SPLINE_SURFACE_WITH_KNOTS ( 'NONE', 3, 1, ( 
 ( #4803, #10480 ),
 ( #2060, #5799 ),
 ( #10545, #254 ),
 ( #1295, #3942 ) ),
 .UNSPECIFIED., .F., .F., .F.,
 ( 4, 4 ),
 ( 2, 2 ),
 ( 2.000000000000000000, 3.000000000000000000 ),
 ( 0.0000000000000000000, 1.000000000000000000 ),
 .UNSPECIFIED. ) ;
#3330 = CARTESIAN_POINT ( 'NONE',  ( -0.1535894633296699674, -0.6260000000000000009, 0.7510762096942074084 ) ) ;
#3331 = VECTOR ( 'NONE', #5140, 1000.000000000000000 ) ;
#3332 = ADVANCED_FACE ( 'NONE', ( #3954 ), #9175, .F. ) ;
#3333 = FILL_AREA_STYLE_COLOUR ( '', #4157 ) ;
#3334 = CARTESIAN_POINT ( 'NONE',  ( -0.4000000000000004108, 0.2250000000000001166, -0.01000000000000000021 ) ) ;
#3335 = FACE_OUTER_BOUND ( 'NONE', #9758, .T. ) ;
#3336 = DIRECTION ( 'NONE',  ( -0.0000000000000000000, 0.0000000000000000000, -1.000000000000000000 ) ) ;
#3337 = DIRECTION ( 'NONE',  ( 0.0000000000000000000, 0.0000000000000000000, -1.000000000000000000 ) ) ;
#3338 = DIRECTION ( 'NONE',  ( 0.3315284183504039750, -0.0000000000000000000, 0.9434452330824930621 ) ) ;
#3339 = VERTEX_POINT ( 'NONE', #1237 ) ;
#3340 = UNCERTAINTY_MEASURE_WITH_UNIT (LENGTH_MEASURE( 1.000000000000000082E-05 ), #267, 'distance_accuracy_value', 'NONE');
#3341 = VECTOR ( 'NONE', #10041, 1000.000000000000114 ) ;
#3342 = ORIENTED_EDGE ( 'NONE', *, *, #2593, .F. ) ;
#3343 = ORIENTED_EDGE ( 'NONE', *, *, #10266, .T. ) ;
#3344 =( NAMED_UNIT ( * ) PLANE_ANGLE_UNIT ( ) SI_UNIT ( $, .RADIAN. ) );
#3345 = STYLED_ITEM ( 'NONE', ( #9637 ), #3135 ) ;
#3346 =( LENGTH_UNIT ( ) NAMED_UNIT ( * ) SI_UNIT ( .MILLI., .METRE. ) );
#3347 = LINE ( 'NONE', #9818, #12076 ) ;
#3348 = ORIENTED_EDGE ( 'NONE', *, *, #10153, .T. ) ;
#3349 = DIRECTION ( 'NONE',  ( -0.0000000000000000000, -0.0000000000000000000, 1.000000000000000000 ) ) ;
#3350 = EDGE_CURVE ( 'NONE', #4603, #10211, #4937, .T. ) ;
#3351 = FACE_OUTER_BOUND ( 'NONE', #6105, .T. ) ;
#3352 = CARTESIAN_POINT ( 'NONE',  ( -0.3803779941768622441, -0.6260000000000000009, 0.6937508899076438862 ) ) ;
#3353 = VERTEX_POINT ( 'NONE', #4078 ) ;
#3354 = FILL_AREA_STYLE ('',( #2566 ) ) ;
#3355 = STYLED_ITEM ( 'NONE', ( #6426 ), #3391 ) ;
#3356 = LINE ( 'NONE', #9951, #10101 ) ;
#3357 = CARTESIAN_POINT ( 'NONE',  ( -0.3046143006744966297, -0.6250000000000000000, 0.7908296206947071916 ) ) ;
#3358 = CARTESIAN_POINT ( 'NONE',  ( -0.4101843877779435266, -0.6250000000000000000, 0.7259140681193632094 ) ) ;
#3359 = ORIENTED_EDGE ( 'NONE', *, *, #9037, .F. ) ;
#3360 = CARTESIAN_POINT ( 'NONE',  ( -0.4368541783315783023, -0.6260000000000000009, 0.8343608187910123153 ) ) ;
#3361 = AXIS2_PLACEMENT_3D ( 'NONE', #8727, #1692, #3271 ) ;
#3362 = PLANE ( 'NONE',  #6774 ) ;
#3363 = FACE_OUTER_BOUND ( 'NONE', #10179, .T. ) ;
#3364 = CARTESIAN_POINT ( 'NONE',  ( -0.7338179022851919475, -0.6260000000000000009, 0.7481183109390059371 ) ) ;
#3365 = CARTESIAN_POINT ( 'NONE',  ( -0.3725278219086046172, -0.6250000000000000000, 0.8586218368384853639 ) ) ;
#3366 = PRESENTATION_STYLE_ASSIGNMENT (( #10982 ) ) ;
#3367 = FACE_OUTER_BOUND ( 'NONE', #4862, .T. ) ;
#3368 = CARTESIAN_POINT ( 'NONE',  ( -0.4020742760306735830, -0.6260000000000000009, 0.8518634103822715353 ) ) ;
#3369 = FILL_AREA_STYLE ('',( #10809 ) ) ;
#3370 = CARTESIAN_POINT ( 'NONE',  ( -0.2112960276851141850, -0.6250000000000000000, 0.7432780253219375410 ) ) ;
#3371 = CARTESIAN_POINT ( 'NONE',  ( -0.3674676667158520149, -0.6260000000000000009, 0.7045643722374940188 ) ) ;
#3372 = ORIENTED_EDGE ( 'NONE', *, *, #1414, .F. ) ;
#3373 = VECTOR ( 'NONE', #12083, 1000.000000000000000 ) ;
#3374 = SURFACE_SIDE_STYLE ('',( #8162 ) ) ;
#3375 = ADVANCED_FACE ( 'NONE', ( #1483 ), #1252, .T. ) ;
#3376 = LINE ( 'NONE', #1451, #11695 ) ;
#3377 = CARTESIAN_POINT ( 'NONE',  ( -0.7338179022851919475, -0.6250000000000000000, 0.7481183109390059371 ) ) ;
#3378 = VECTOR ( 'NONE', #7649, 1000.000000000000000 ) ;
#3379 = VECTOR ( 'NONE', #10373, 1000.000000000000000 ) ;
#3380 = DIRECTION ( 'NONE',  ( -0.0000000000000000000, 1.000000000000000000, -0.0000000000000000000 ) ) ;
#3381 = VERTEX_POINT ( 'NONE', #3154 ) ;
#3382 = EDGE_CURVE ( 'NONE', #10857, #2312, #10826, .T. ) ;
#3383 = DIRECTION ( 'NONE',  ( -0.0000000000000000000, -1.000000000000000000, -0.0000000000000000000 ) ) ;
#3384 = FACE_OUTER_BOUND ( 'NONE', #8188, .T. ) ;
#3385 = EDGE_CURVE ( 'NONE', #9251, #7326, #11666, .T. ) ;
#3386 = ORIENTED_EDGE ( 'NONE', *, *, #12100, .T. ) ;
#3387 = ORIENTED_EDGE ( 'NONE', *, *, #5554, .F. ) ;
#3388 = ADVANCED_FACE ( 'NONE', ( #3225 ), #6122, .F. ) ;
#3389 =( GEOMETRIC_REPRESENTATION_CONTEXT ( 3 ) GLOBAL_UNCERTAINTY_ASSIGNED_CONTEXT ( ( #245 ) ) GLOBAL_UNIT_ASSIGNED_CONTEXT ( ( #5060, #11653, #1169 ) ) REPRESENTATION_CONTEXT ( 'NONE', 'WORKASPACE' ) );
#3390 = FILL_AREA_STYLE_COLOUR ( '', #7812 ) ;
#3391 = MANIFOLD_SOLID_BREP ( '͹̨-����3', #3513 ) ;
#3392 = AXIS2_PLACEMENT_3D ( 'NONE', #10612, #4140, #1238 ) ;
#3393 = SURFACE_STYLE_FILL_AREA ( #8979 ) ;
#3394 = CARTESIAN_POINT ( 'NONE',  ( 0.0000000000000000000, -0.6260000000000000009, 0.0000000000000000000 ) ) ;
#3395 = CARTESIAN_POINT ( 'NONE',  ( -0.4368541783315783023, -0.6260000000000000009, 0.8234433606696495156 ) ) ;
#3396 = CARTESIAN_POINT ( 'NONE',  ( -0.3563942449072202701, -0.6260000000000000009, 0.6974940184067414117 ) ) ;
#3397 = CARTESIAN_POINT ( 'NONE',  ( -0.3360323190458831544, -0.6260000000000000009, 0.6604786365855273012 ) ) ;
#3398 = VERTEX_POINT ( 'NONE', #759 ) ;
#3399 =( NAMED_UNIT ( * ) PLANE_ANGLE_UNIT ( ) SI_UNIT ( $, .RADIAN. ) );
#3400 = ORIENTED_EDGE ( 'NONE', *, *, #2952, .F. ) ;
#3401 = VERTEX_POINT ( 'NONE', #8356 ) ;
#3402 = EDGE_CURVE ( 'NONE', #10093, #8005, #619, .T. ) ;
#3403 = PRESENTATION_LAYER_ASSIGNMENT (  '', '', ( #915 ) ) ;
#3404 = EDGE_CURVE ( 'NONE', #4852, #9789, #9875, .T. ) ;
#3405 = VECTOR ( 'NONE', #5953, 1000.000000000000000 ) ;
#3406 = FACE_OUTER_BOUND ( 'NONE', #5284, .T. ) ;
#3407 = PLANE ( 'NONE',  #2425 ) ;
#3408 = CARTESIAN_POINT ( 'NONE',  ( -0.3715747104854764671, -0.6260000000000000009, 0.7193982518438081231 ) ) ;
#3409 = ORIENTED_EDGE ( 'NONE', *, *, #1029, .T. ) ;
#3410 = FILL_AREA_STYLE ('',( #8080 ) ) ;
#3411 = CARTESIAN_POINT ( 'NONE',  ( -0.4368541783315783023, -0.6250000000000000000, 0.8234433606696495156 ) ) ;
#3412 = EDGE_LOOP ( 'NONE', ( #10690, #2256, #11265, #5758 ) ) ;
#3413 = DIRECTION ( 'NONE',  ( -0.0000000000000000000, -0.0000000000000000000, 1.000000000000000000 ) ) ;
#3414 = PRESENTATION_LAYER_ASSIGNMENT (  '', '', ( #7329 ) ) ;
#3415 = VECTOR ( 'NONE', #11170, 1000.000000000000000 ) ;
#3416 = SURFACE_SIDE_STYLE ('',( #6435 ) ) ;
#3417 = ORIENTED_EDGE ( 'NONE', *, *, #1921, .T. ) ;
#3418 = AXIS2_PLACEMENT_3D ( 'NONE', #5381, #10918, #8252 ) ;
#3419 = DIRECTION ( 'NONE',  ( -0.3283461648125114429, -0.0000000000000000000, 0.9445574604294409982 ) ) ;
#3420 = EDGE_CURVE ( 'NONE', #7396, #6223, #2761, .T. ) ;
#3421 = PRESENTATION_LAYER_ASSIGNMENT (  '', '', ( #5773 ) ) ;
#3422 = COLOUR_RGB ( '',0.0000000000000000000, 0.0000000000000000000, 0.0000000000000000000 ) ;
#3423 = CARTESIAN_POINT ( 'NONE',  ( -0.2680668099160172235, -0.6260000000000000009, 0.8255921936970281871 ) ) ;
#3424 = CARTESIAN_POINT ( 'NONE',  ( -0.3597387995379250358, -0.6260000000000000009, 0.6890719792844680613 ) ) ;
#3425 = CARTESIAN_POINT ( 'NONE',  ( -0.7444218210733498653, -0.6250000000000000000, 0.7177525564541258341 ) ) ;
#3426 = STYLED_ITEM ( 'NONE', ( #10816 ), #7550 ) ;
#3427 = MECHANICAL_DESIGN_GEOMETRIC_PRESENTATION_REPRESENTATION (  '', ( #3807 ), #3224 ) ;
#3428 = CARTESIAN_POINT ( 'NONE',  ( -0.4753772091311208592, -0.6260000000000000009, 0.8586218368384853639 ) ) ;
#3429 = CARTESIAN_POINT ( 'NONE',  ( -0.4000000000000004108, -0.2250000000000001166, 0.0000000000000000000 ) ) ;
#3430 = CARTESIAN_POINT ( 'NONE',  ( -0.3712454538118883374, -0.6260000000000000009, 0.7315287608675445918 ) ) ;
#3431 = CARTESIAN_POINT ( 'NONE',  ( -0.2851015104450040916, -0.6250000000000000000, 0.8556411974785388397 ) ) ;
#3432 = B_SPLINE_SURFACE_WITH_KNOTS ( 'NONE', 3, 1, ( 
 ( #5700, #10328 ),
 ( #9209, #10252 ),
 ( #103, #1068 ),
 ( #5585, #9272 ) ),
 .UNSPECIFIED., .F., .F., .F.,
 ( 4, 4 ),
 ( 2, 2 ),
 ( 8.000000000000000000, 9.000000000000000000 ),
 ( 0.0000000000000000000, 1.000000000000000000 ),
 .UNSPECIFIED. ) ;
#3433 = CARTESIAN_POINT ( 'NONE',  ( -0.1996160804250654563, -0.6250000000000000000, 0.6980832145591112647 ) ) ;
#3434 = ORIENTED_EDGE ( 'NONE', *, *, #11142, .T. ) ;
#3435 = VECTOR ( 'NONE', #7670, 1000.000000000000000 ) ;
#3436 = PRESENTATION_LAYER_ASSIGNMENT (  '', '', ( #3621 ) ) ;
#3437 = MECHANICAL_DESIGN_GEOMETRIC_PRESENTATION_REPRESENTATION (  '', ( #7941 ), #9728 ) ;
#3438 = B_SPLINE_CURVE_WITH_KNOTS ( 'NONE', 3,
 ( #8075, #3748, #7492, #2437 ),
 .UNSPECIFIED., .F., .F.,
 ( 4, 4 ),
 ( 3.000000000000000000, 4.000000000000000000 ),
 .UNSPECIFIED. ) ;
#3439 = CARTESIAN_POINT ( 'NONE',  ( -0.6350087881558875713, -0.6250000000000000000, 0.6902788149227018222 ) ) ;
#3440 = B_SPLINE_CURVE_WITH_KNOTS ( 'NONE', 3,
 ( #4236, #7985, #3370, #3118 ),
 .UNSPECIFIED., .F., .F.,
 ( 4, 4 ),
 ( 5.000000000000000000, 6.000000000000000000 ),
 .UNSPECIFIED. ) ;
#3441 = CARTESIAN_POINT ( 'NONE',  ( -0.4159203856164560564, -0.6250000000000000000, 0.6891066378816378402 ) ) ;
#3442 = COLOUR_RGB ( '',0.0000000000000000000, 0.0000000000000000000, 0.0000000000000000000 ) ;
#3443 = DIRECTION ( 'NONE',  ( -1.000000000000000000, 0.0000000000000000000, -0.0000000000000000000 ) ) ;
#3444 = EDGE_LOOP ( 'NONE', ( #7622, #1521, #6104, #219 ) ) ;
#3445 = CARTESIAN_POINT ( 'NONE',  ( -0.3560649882336316963, -0.6250000000000000000, 0.7087234039026422128 ) ) ;
#3446 = CARTESIAN_POINT ( 'NONE',  ( -0.8181671676918732539, -0.6260000000000000009, 0.7071486652459895161 ) ) ;
#3447 = VERTEX_POINT ( 'NONE', #9122 ) ;
#3448 = ORIENTED_EDGE ( 'NONE', *, *, #12077, .F. ) ;
#3449 = CARTESIAN_POINT ( 'NONE',  ( -0.6060890447446356522, -0.6260000000000000009, 0.8213816370118639520 ) ) ;
#3450 = AXIS2_PLACEMENT_3D ( 'NONE', #4040, #9710, #7056 ) ;
#3451 = COLOUR_RGB ( '',0.0000000000000000000, 0.0000000000000000000, 0.0000000000000000000 ) ;
#3452 = CARTESIAN_POINT ( 'NONE',  ( -0.2961922615526851876, -0.6260000000000000009, 0.8508236524662153855 ) ) ;
#3453 = EDGE_CURVE ( 'NONE', #246, #11799, #2559, .T. ) ;
#3454 = CARTESIAN_POINT ( 'NONE',  ( -0.2296130963108196088, -0.6260000000000000009, 0.7432780253219376521 ) ) ;
#3455 = SURFACE_STYLE_FILL_AREA ( #8060 ) ;
#3456 = ADVANCED_FACE ( 'NONE', ( #4500 ), #3571, .T. ) ;
#3457 = CARTESIAN_POINT ( 'NONE',  ( -0.4132343443324636434, -0.6250000000000000000, 0.6891066378816378402 ) ) ;
#3459 = VECTOR ( 'NONE', #7289, 1000.000000000000000 ) ;
#3458 = FILL_AREA_STYLE ('',( #4128 ) ) ;
#3460 =( NAMED_UNIT ( * ) SI_UNIT ( $, .STERADIAN. ) SOLID_ANGLE_UNIT ( ) );
#3461 = CARTESIAN_POINT ( 'NONE',  ( -0.5602994510096347414, -0.6260000000000000009, 0.6922068051715015713 ) ) ;
#3462 =( LENGTH_UNIT ( ) NAMED_UNIT ( * ) SI_UNIT ( .MILLI., .METRE. ) );
#3463 = VECTOR ( 'NONE', #10385, 1000.000000000000000 ) ;
#3464 = ORIENTED_EDGE ( 'NONE', *, *, #6419, .F. ) ;
#3465 = CARTESIAN_POINT ( 'NONE',  ( -0.2772686674751027036, -0.6250000000000000000, 0.8338062812358131293 ) ) ;
#3466 = UNCERTAINTY_MEASURE_WITH_UNIT (LENGTH_MEASURE( 1.000000000000000082E-05 ), #2462, 'distance_accuracy_value', 'NONE');
#3467 = ORIENTED_EDGE ( 'NONE', *, *, #9011, .F. ) ;
#3468 = VERTEX_POINT ( 'NONE', #11213 ) ;
#3469 = DIRECTION ( 'NONE',  ( 0.3493954794973193057, -0.0000000000000000000, -0.9369753459439784660 ) ) ;
#3470 = FILL_AREA_STYLE_COLOUR ( '', #2759 ) ;
#3471 = CARTESIAN_POINT ( 'NONE',  ( -0.2546366034969794190, -0.6260000000000000009, 0.7138182176927964084 ) ) ;
#3472 = DIRECTION ( 'NONE',  ( -0.0000000000000000000, 1.000000000000000000, -0.0000000000000000000 ) ) ;
#3473 =( NAMED_UNIT ( * ) PLANE_ANGLE_UNIT ( ) SI_UNIT ( $, .RADIAN. ) );
#3474 = ORIENTED_EDGE ( 'NONE', *, *, #9851, .T. ) ;
#3475 = CARTESIAN_POINT ( 'NONE',  ( -0.6856183391259830229, -0.6260000000000000009, 0.6994367410241408844 ) ) ;
#3476 = CARTESIAN_POINT ( 'NONE',  ( -0.1865844478739556167, -0.6250000000000000000, 0.6991229724756291564 ) ) ;
#3477 = EDGE_LOOP ( 'NONE', ( #4690, #1715, #901, #1301 ) ) ;
#3478 = PLANE ( 'NONE',  #8273 ) ;
#3479 = SURFACE_SIDE_STYLE ('',( #6375 ) ) ;
#3480 = CARTESIAN_POINT ( 'NONE',  ( -0.3366908323930571378, -0.6250000000000000000, 0.6677569419997686495 ) ) ;
#3481 = ORIENTED_EDGE ( 'NONE', *, *, #7583, .F. ) ;
#3482 = B_SPLINE_SURFACE_WITH_KNOTS ( 'NONE', 3, 1, ( 
 ( #10727, #518 ),
 ( #5189, #4206 ),
 ( #10552, #10784 ),
 ( #2193, #9684 ) ),
 .UNSPECIFIED., .F., .F., .F.,
 ( 4, 4 ),
 ( 2, 2 ),
 ( 1.000000000000000000, 2.000000000000000000 ),
 ( 0.0000000000000000000, 1.000000000000000000 ),
 .UNSPECIFIED. ) ;
#3483 = FACE_OUTER_BOUND ( 'NONE', #3790, .T. ) ;
#3484 = EDGE_CURVE ( 'NONE', #8811, #9166, #873, .T. ) ;
#3485 = SURFACE_SIDE_STYLE ('',( #8890 ) ) ;
#3486 =( NAMED_UNIT ( * ) PLANE_ANGLE_UNIT ( ) SI_UNIT ( $, .RADIAN. ) );
#3487 = FILL_AREA_STYLE ('',( #301 ) ) ;
#3488 = SURFACE_STYLE_FILL_AREA ( #10015 ) ;
#3489 = DIRECTION ( 'NONE',  ( -0.0000000000000000000, 1.000000000000000000, -0.0000000000000000000 ) ) ;
#3490 = LINE ( 'NONE', #656, #9955 ) ;
#3491 = FILL_AREA_STYLE ('',( #4342 ) ) ;
#3492 = DIRECTION ( 'NONE',  ( -0.0000000000000000000, 0.0000000000000000000, 1.000000000000000000 ) ) ;
#3493 = STYLED_ITEM ( 'NONE', ( #1791 ), #10375 ) ;
#3494 =( NAMED_UNIT ( * ) SI_UNIT ( $, .STERADIAN. ) SOLID_ANGLE_UNIT ( ) );
#3495 = ORIENTED_EDGE ( 'NONE', *, *, #11552, .T. ) ;
#3496 = COLOUR_RGB ( '',0.0000000000000000000, 0.0000000000000000000, 0.0000000000000000000 ) ;
#3497 = LINE ( 'NONE', #2584, #1343 ) ;
#3498 = CARTESIAN_POINT ( 'NONE',  ( -0.6007870991405667160, -0.6260000000000000009, 0.7876419363652877870 ) ) ;
#3499 = ADVANCED_FACE ( 'NONE', ( #12079 ), #9370, .F. ) ;
#3500 = FILL_AREA_STYLE ('',( #8791 ) ) ;
#3501 = CARTESIAN_POINT ( 'NONE',  ( -0.3571220754485058824, -0.6250000000000000000, 0.6990189966836548585 ) ) ;
#3502 = CARTESIAN_POINT ( 'NONE',  ( -0.4184158046155468380, -0.6260000000000000009, 0.7045297136403215754 ) ) ;
#3503 = CARTESIAN_POINT ( 'NONE',  ( -0.3476776077087617156, -0.6260000000000000009, 0.6920179600472416981 ) ) ;
#3504 = ORIENTED_EDGE ( 'NONE', *, *, #9958, .F. ) ;
#3505 = CARTESIAN_POINT ( 'NONE',  ( -0.1998067027099670323, -0.6250000000000000000, 0.7369008434350673431 ) ) ;
#3506 =( LENGTH_UNIT ( ) NAMED_UNIT ( * ) SI_UNIT ( .MILLI., .METRE. ) );
#3507 = ADVANCED_FACE ( 'NONE', ( #3884 ), #11459, .T. ) ;
#3508 = ORIENTED_EDGE ( 'NONE', *, *, #8409, .T. ) ;
#3509 =( GEOMETRIC_REPRESENTATION_CONTEXT ( 3 ) GLOBAL_UNCERTAINTY_ASSIGNED_CONTEXT ( ( #69 ) ) GLOBAL_UNIT_ASSIGNED_CONTEXT ( ( #1865, #11133, #8104 ) ) REPRESENTATION_CONTEXT ( 'NONE', 'WORKASPACE' ) );
#3510 = ORIENTED_EDGE ( 'NONE', *, *, #7395, .T. ) ;
#3511 = UNCERTAINTY_MEASURE_WITH_UNIT (LENGTH_MEASURE( 1.000000000000000082E-05 ), #6631, 'distance_accuracy_value', 'NONE');
#3512 = CARTESIAN_POINT ( 'NONE',  ( -0.7342999090408477425, -0.6250000000000000000, 0.6801568753099487274 ) ) ;
#3513 = CLOSED_SHELL ( 'NONE', ( #11947, #4498, #7014, #10976, #10493, #827, #6440, #7928, #4048, #11072, #8643, #1760, #6326, #6682, #6140, #1469, #8588, #6351, #11676, #10098, #11607, #11893, #5358, #5636, #6218, #3332, #10742, #3078, #201, #1615, #8823, #1384, #7240, #6620, #10117, #4919, #8341, #10793, #3745, #8659, #9315, #2113, #6319, #4092, #3174, #8006, #9780, #3902, #6567, #13, #6834, #3565, #248, #3302, #2501, #6603, #5377, #4350, #247, #4786, #1799, #8135, #2270, #7911, #5958, #8692, #7430, #10405, #2649, #2684, #10031, #8106, #3507, #11355, #97, #9939, #10158, #8011, #5900, #10265, #6968, #11853, #9779, #4287, #6396, #4456, #17, #4400, #5497, #5633, #7186, #11710, #3741, #4797, #7136, #757, #10046, #1329, #6534, #8203, #11954, #10939, #2708, #10375, #328, #3456, #3375, #8232, #6422, #5037, #8451, #2340, #10925, #7926, #10639, #10836, #8424, #10896, #4760, #3116, #8109, #10663, #1634, #4902, #1550, #9682, #7648, #11075, #4308, #224, #537, #11856, #5932, #3135, #5421, #7305, #4727, #8363, #1369, #9730, #6702, #4349, #6904, #1236, #4648, #3625, #3191, #895, #1242, #3545, #6586, #9289, #10578, #8937, #5375, #1832, #2567, #10865, #7472, #1764, #2194, #11037, #9391, #353, #5316, #284, #7967, #7365, #10774, #9861, #996, #1560, #902, #1957, #7699, #8262, #813, #10327, #3829, #5204, #4018, #11125, #9350, #6066, #9463, #10306, #1113, #11926, #9385, #7736, #2389, #11153, #8490, #7337, #9393, #8726, #3257, #5034, #5460, #7503, #7905, #4716, #2314, #802, #8457, #1141, #1682, #3602, #5832, #592, #3029, #1084, #10815, #519, #5105, #11202, #1210, #64, #5230, #1576, #4405, #174, #10149, #4427, #11541, #11432, #6077, #5001, #9885, #4582, #9241, #6685, #10961 ) ) ;
#3514 = EDGE_CURVE ( 'NONE', #1324, #9865, #6652, .T. ) ;
#3515 = AXIS2_PLACEMENT_3D ( 'NONE', #3306, #1503, #7852 ) ;
#3516 = LINE ( 'NONE', #2027, #3012 ) ;
#3517 = PLANE ( 'NONE',  #4438 ) ;
#3518 = FACE_OUTER_BOUND ( 'NONE', #10173, .T. ) ;
#3519 = PRESENTATION_LAYER_ASSIGNMENT (  '', '', ( #4315 ) ) ;
#3520 = ORIENTED_EDGE ( 'NONE', *, *, #645, .F. ) ;
#3521 = UNCERTAINTY_MEASURE_WITH_UNIT (LENGTH_MEASURE( 1.000000000000000082E-05 ), #11537, 'distance_accuracy_value', 'NONE');
#3522 = ORIENTED_EDGE ( 'NONE', *, *, #3385, .F. ) ;
#3523 = COLOUR_RGB ( '',0.0000000000000000000, 0.0000000000000000000, 1.000000000000000000 ) ;
#3524 = EDGE_CURVE ( 'NONE', #9504, #9225, #2849, .T. ) ;
#3525 = CARTESIAN_POINT ( 'NONE',  ( -0.4096298502225150795, -0.6260000000000000009, 0.8518634103822715353 ) ) ;
#3526 = ORIENTED_EDGE ( 'NONE', *, *, #8114, .F. ) ;
#3527 = DIRECTION ( 'NONE',  ( 1.000000000000000000, -0.0000000000000000000, -0.0000000000000000000 ) ) ;
#3528 = VECTOR ( 'NONE', #11280, 1000.000000000000000 ) ;
#3529 = CARTESIAN_POINT ( 'NONE',  ( -0.5602994510096347414, -0.6260000000000000009, 0.6922068051715015713 ) ) ;
#3530 = ORIENTED_EDGE ( 'NONE', *, *, #7568, .F. ) ;
#3531 =( NAMED_UNIT ( * ) SI_UNIT ( $, .STERADIAN. ) SOLID_ANGLE_UNIT ( ) );
#3532 = CARTESIAN_POINT ( 'NONE',  ( -0.4281548704317070797, -0.6250000000000000000, 0.7989397324419789115 ) ) ;
#3533 = PRESENTATION_STYLE_ASSIGNMENT (( #2512 ) ) ;
#3534 = VERTEX_POINT ( 'NONE', #5730 ) ;
#3535 = EDGE_CURVE ( 'NONE', #8627, #10045, #11275, .T. ) ;
#3536 =( NAMED_UNIT ( * ) SI_UNIT ( $, .STERADIAN. ) SOLID_ANGLE_UNIT ( ) );
#3537 = CARTESIAN_POINT ( 'NONE',  ( -0.3629967076757026345, -0.6260000000000000009, 0.7029007595714339418 ) ) ;
#3538 = CARTESIAN_POINT ( 'NONE',  ( -0.4000000000000004108, -0.2250000000000001166, -0.01000000000000000021 ) ) ;
#3539 = B_SPLINE_CURVE_WITH_KNOTS ( 'NONE', 3,
 ( #8795, #6956, #2489, #1527 ),
 .UNSPECIFIED., .F., .F.,
 ( 4, 4 ),
 ( 1.000000000000000000, 2.000000000000000000 ),
 .UNSPECIFIED. ) ;
#3540 =( NAMED_UNIT ( * ) SI_UNIT ( $, .STERADIAN. ) SOLID_ANGLE_UNIT ( ) );
#3541 = VECTOR ( 'NONE', #6502, 1000.000000000000000 ) ;
#3542 = FILL_AREA_STYLE ('',( #7354 ) ) ;
#3543 = CARTESIAN_POINT ( 'NONE',  ( -0.3760456695256259030, -0.6260000000000000009, 0.6906316161590131397 ) ) ;
#3544 = CARTESIAN_POINT ( 'NONE',  ( -0.2876315880412645409, -0.6260000000000000009, 0.6832839935504295692 ) ) ;
#3545 = ADVANCED_FACE ( 'NONE', ( #10357 ), #1041, .F. ) ;
#3546 =( NAMED_UNIT ( * ) SI_UNIT ( $, .STERADIAN. ) SOLID_ANGLE_UNIT ( ) );
#3547 = VERTEX_POINT ( 'NONE', #1291 ) ;
#3548 = CARTESIAN_POINT ( 'NONE',  ( -0.4107735839305448056, -0.6260000000000000009, 0.7974840713589456120 ) ) ;
#3549 = MECHANICAL_DESIGN_GEOMETRIC_PRESENTATION_REPRESENTATION (  '', ( #1439 ), #3737 ) ;
#3550 = EDGE_CURVE ( 'NONE', #9375, #393, #6434, .T. ) ;
#3551 = LINE ( 'NONE', #7414, #8160 ) ;
#3552 =( NAMED_UNIT ( * ) SI_UNIT ( $, .STERADIAN. ) SOLID_ANGLE_UNIT ( ) );
#3553 =( LENGTH_UNIT ( ) NAMED_UNIT ( * ) SI_UNIT ( .MILLI., .METRE. ) );
#3554 = DIRECTION ( 'NONE',  ( 1.000000000000000000, 0.0000000000000000000, -0.0000000000000000000 ) ) ;
#3555 = CARTESIAN_POINT ( 'NONE',  ( -0.1831705760484461654, -0.6260000000000000009, 0.7280975597434504731 ) ) ;
#3556 = SURFACE_STYLE_USAGE ( .BOTH. , #4596 ) ;
#3557 = VERTEX_POINT ( 'NONE', #732 ) ;
#3558 = STYLED_ITEM ( 'NONE', ( #3031 ), #3507 ) ;
#3559 = CARTESIAN_POINT ( 'NONE',  ( -0.8384109871606698627, -0.6260000000000000009, 0.7804120005121859549 ) ) ;
#3560 = SURFACE_STYLE_FILL_AREA ( #6285 ) ;
#3561 = VERTEX_POINT ( 'NONE', #3137 ) ;
#3562 = EDGE_LOOP ( 'NONE', ( #2438, #3739, #164, #5186 ) ) ;
#3563 = FILL_AREA_STYLE_COLOUR ( '', #1392 ) ;
#3564 = VECTOR ( 'NONE', #5149, 1000.000000000000000 ) ;
#3565 = ADVANCED_FACE ( 'NONE', ( #4124 ), #6339, .F. ) ;
#3566 = EDGE_CURVE ( 'NONE', #764, #8627, #11712, .T. ) ;
#3567 = DIRECTION ( 'NONE',  ( 1.000000000000000000, -0.0000000000000000000, -0.0000000000000000000 ) ) ;
#3568 = FACE_OUTER_BOUND ( 'NONE', #2500, .T. ) ;
#3569 = CARTESIAN_POINT ( 'NONE',  ( -0.2788802922454052813, -0.6250000000000000000, 0.7138182176927964084 ) ) ;
#3570 = DIRECTION ( 'NONE',  ( -0.0000000000000000000, 1.000000000000000000, -0.0000000000000000000 ) ) ;
#3571 = B_SPLINE_SURFACE_WITH_KNOTS ( 'NONE', 3, 1, ( 
 ( #5437, #11095 ),
 ( #7332, #7444 ),
 ( #1721, #10112 ),
 ( #5498, #9243 ) ),
 .UNSPECIFIED., .F., .F., .F.,
 ( 4, 4 ),
 ( 2, 2 ),
 ( 1.000000000000000000, 2.000000000000000000 ),
 ( 0.0000000000000000000, 1.000000000000000000 ),
 .UNSPECIFIED. ) ;
#3572 = FILL_AREA_STYLE_COLOUR ( '', #1797 ) ;
#3573 =( LENGTH_UNIT ( ) NAMED_UNIT ( * ) SI_UNIT ( .MILLI., .METRE. ) );
#3574 = UNCERTAINTY_MEASURE_WITH_UNIT (LENGTH_MEASURE( 1.000000000000000082E-05 ), #419, 'distance_accuracy_value', 'NONE');
#3575 = STYLED_ITEM ( 'NONE', ( #4529 ), #8363 ) ;
#3576 = AXIS2_PLACEMENT_3D ( 'NONE', #9399, #8621, #1752 ) ;
#3577 = VERTEX_POINT ( 'NONE', #7942 ) ;
#3578 = ORIENTED_EDGE ( 'NONE', *, *, #6110, .T. ) ;
#3579 = PRESENTATION_LAYER_ASSIGNMENT (  '', '', ( #2022 ) ) ;
#3580 = MECHANICAL_DESIGN_GEOMETRIC_PRESENTATION_REPRESENTATION (  '', ( #6528 ), #7123 ) ;
#3581 = FACE_OUTER_BOUND ( 'NONE', #10294, .T. ) ;
#3582 =( NAMED_UNIT ( * ) SI_UNIT ( $, .STERADIAN. ) SOLID_ANGLE_UNIT ( ) );
#3583 = VERTEX_POINT ( 'NONE', #10648 ) ;
#3584 = CARTESIAN_POINT ( 'NONE',  ( -0.4159897028107981676, -0.6250000000000000000, 0.7259140681193632094 ) ) ;
#3585 = LINE ( 'NONE', #6657, #9915 ) ;
#3586 = ORIENTED_EDGE ( 'NONE', *, *, #9853, .F. ) ;
#3587 = CARTESIAN_POINT ( 'NONE',  ( -0.4260580253005465945, -0.6250000000000000000, 0.7283055113269394365 ) ) ;
#3588 = CARTESIAN_POINT ( 'NONE',  ( -0.6350087881558875713, -0.6260000000000000009, 0.7061846517351401120 ) ) ;
#3589 = CARTESIAN_POINT ( 'NONE',  ( -0.7796075098102038803, -0.6250000000000000000, 0.6840128741942300694 ) ) ;
#3590 = VERTEX_POINT ( 'NONE', #5177 ) ;
#3591 = COLOUR_RGB ( '',0.0000000000000000000, 0.0000000000000000000, 0.0000000000000000000 ) ;
#3592 = MECHANICAL_DESIGN_GEOMETRIC_PRESENTATION_REPRESENTATION (  '', ( #6735 ), #1703 ) ;
#3593 = EDGE_CURVE ( 'NONE', #6, #4380, #7022, .T. ) ;
#3594 =( NAMED_UNIT ( * ) PLANE_ANGLE_UNIT ( ) SI_UNIT ( $, .RADIAN. ) );
#3595 = FILL_AREA_STYLE ('',( #5629 ) ) ;
#3596 = LINE ( 'NONE', #10241, #6750 ) ;
#3597 = CARTESIAN_POINT ( 'NONE',  ( -0.4015890556698156200, -0.6250000000000000000, 0.6956571127543625943 ) ) ;
#3598 = CARTESIAN_POINT ( 'NONE',  ( -0.3918846484508255457, -0.6260000000000000009, 0.7267112158552219148 ) ) ;
#3599 = EDGE_CURVE ( 'NONE', #11907, #8010, #2365, .T. ) ;
#3600 = PRESENTATION_LAYER_ASSIGNMENT (  '', '', ( #8111 ) ) ;
#3601 = CARTESIAN_POINT ( 'NONE',  ( -0.2111573932964320999, -0.6250000000000000000, 0.6910128607283587687 ) ) ;
#3602 = ADVANCED_FACE ( 'NONE', ( #10716 ), #7300, .F. ) ;
#3603 = MECHANICAL_DESIGN_GEOMETRIC_PRESENTATION_REPRESENTATION (  '', ( #5180 ), #11076 ) ;
#3604 = SURFACE_STYLE_USAGE ( .BOTH. , #11177 ) ;
#3605 = CARTESIAN_POINT ( 'NONE',  ( -0.4307889238197114001, -0.6260000000000000009, 0.6962463089071945221 ) ) ;
#3606 = VERTEX_POINT ( 'NONE', #4650 ) ;
#3608 = DIRECTION ( 'NONE',  ( 1.000000000000000000, -0.0000000000000000000, -0.0000000000000000000 ) ) ;
#3607 = B_SPLINE_CURVE_WITH_KNOTS ( 'NONE', 3,
 ( #10217, #2768, #8179, #11145 ),
 .UNSPECIFIED., .F., .F.,
 ( 4, 4 ),
 ( 18.00000000000000000, 19.00000000000000000 ),
 .UNSPECIFIED. ) ;
#3609 = CARTESIAN_POINT ( 'NONE',  ( -0.2296130963108196088, -0.6260000000000000009, 0.7432780253219376521 ) ) ;
#3610 = VECTOR ( 'NONE', #1499, 1000.000000000000114 ) ;
#3611 = MECHANICAL_DESIGN_GEOMETRIC_PRESENTATION_REPRESENTATION (  '', ( #4588 ), #11870 ) ;
#3612 = FILL_AREA_STYLE_COLOUR ( '', #4433 ) ;
#3613 = PRESENTATION_STYLE_ASSIGNMENT (( #847 ) ) ;
#3614 = CARTESIAN_POINT ( 'NONE',  ( -0.4210151994063787151, -0.6260000000000000009, 0.8046237423845037373 ) ) ;
#3615 = CARTESIAN_POINT ( 'NONE',  ( -0.7073081466848263332, -0.6260000000000000009, 0.6512371686718249064 ) ) ;
#3616 = CARTESIAN_POINT ( 'NONE',  ( -0.4389163648655687311, -0.6260000000000000009, 0.6910128607283587687 ) ) ;
#3617 = FACE_OUTER_BOUND ( 'NONE', #10711, .T. ) ;
#3618 = ORIENTED_EDGE ( 'NONE', *, *, #9238, .F. ) ;
#3619 = B_SPLINE_CURVE_WITH_KNOTS ( 'NONE', 3,
 ( #4793, #10415, #8407, #5727 ),
 .UNSPECIFIED., .F., .F.,
 ( 4, 4 ),
 ( 11.00000000000000000, 12.00000000000000000 ),
 .UNSPECIFIED. ) ;
#3620 =( LENGTH_UNIT ( ) NAMED_UNIT ( * ) SI_UNIT ( .MILLI., .METRE. ) );
#3621 = STYLED_ITEM ( 'NONE', ( #11961 ), #5377 ) ;
#3622 = SURFACE_SIDE_STYLE ('',( #3560 ) ) ;
#3623 = AXIS2_PLACEMENT_3D ( 'NONE', #513, #6783, #6347 ) ;
#3624 = ORIENTED_EDGE ( 'NONE', *, *, #2608, .T. ) ;
#3625 = ADVANCED_FACE ( 'NONE', ( #10392 ), #5448, .F. ) ;
#3626 = VERTEX_POINT ( 'NONE', #1805 ) ;
#3627 = UNCERTAINTY_MEASURE_WITH_UNIT (LENGTH_MEASURE( 1.000000000000000082E-05 ), #11979, 'distance_accuracy_value', 'NONE');
#3628 = B_SPLINE_SURFACE_WITH_KNOTS ( 'NONE', 3, 1, ( 
 ( #644, #6312 ),
 ( #1598, #4332 ),
 ( #11968, #11846 ),
 ( #8144, #6249 ) ),
 .UNSPECIFIED., .F., .F., .F.,
 ( 4, 4 ),
 ( 2, 2 ),
 ( 3.000000000000000000, 4.000000000000000000 ),
 ( 0.0000000000000000000, 1.000000000000000000 ),
 .UNSPECIFIED. ) ;
#3629 = CARTESIAN_POINT ( 'NONE',  ( -0.4281548704317070797, -0.6250000000000000000, 0.7989397324419789115 ) ) ;
#3630 = VECTOR ( 'NONE', #973, 1000.000000000000227 ) ;
#3631 = CARTESIAN_POINT ( 'NONE',  ( -0.2291278759499620621, -0.6260000000000000009, 0.8586218368384853639 ) ) ;
#3632 = PRESENTATION_STYLE_ASSIGNMENT (( #2669 ) ) ;
#3633 = DIRECTION ( 'NONE',  ( -0.0000000000000000000, 1.000000000000000000, -0.0000000000000000000 ) ) ;
#3634 = CARTESIAN_POINT ( 'NONE',  ( -0.2511707437757129124, -0.6260000000000000009, 0.6910128607283587687 ) ) ;
#3635 =( LENGTH_UNIT ( ) NAMED_UNIT ( * ) SI_UNIT ( .MILLI., .METRE. ) );
#3636 = VECTOR ( 'NONE', #11559, 1000.000000000000000 ) ;
#3637 = ORIENTED_EDGE ( 'NONE', *, *, #4644, .F. ) ;
#3638 = ORIENTED_EDGE ( 'NONE', *, *, #436, .F. ) ;
#3639 = B_SPLINE_CURVE_WITH_KNOTS ( 'NONE', 3,
 ( #6092, #2473, #6276, #11756 ),
 .UNSPECIFIED., .F., .F.,
 ( 4, 4 ),
 ( 13.00000000000000000, 14.00000000000000000 ),
 .UNSPECIFIED. ) ;
#3640 = VECTOR ( 'NONE', #11400, 1000.000000000000000 ) ;
#3641 = FILL_AREA_STYLE_COLOUR ( '', #5707 ) ;
#3642 = CARTESIAN_POINT ( 'NONE',  ( -0.4096298502225150795, -0.6250000000000000000, 0.8518634103822715353 ) ) ;
#3643 = MECHANICAL_DESIGN_GEOMETRIC_PRESENTATION_REPRESENTATION (  '', ( #7382 ), #5225 ) ;
#3644 = EDGE_CURVE ( 'NONE', #7807, #1250, #1862, .T. ) ;
#3645 = ORIENTED_EDGE ( 'NONE', *, *, #7678, .F. ) ;
#3646 = LINE ( 'NONE', #6429, #3160 ) ;
#3647 = ORIENTED_EDGE ( 'NONE', *, *, #6172, .F. ) ;
#3648 = CARTESIAN_POINT ( 'NONE',  ( -0.3366908323930571378, -0.6250000000000000000, 0.6677569419997686495 ) ) ;
#3649 = EDGE_CURVE ( 'NONE', #357, #11536, #106, .T. ) ;
#3650 = CARTESIAN_POINT ( 'NONE',  ( -0.7603276670791284664, -0.6260000000000000009, 0.8377694897730677548 ) ) ;
#3651 = ORIENTED_EDGE ( 'NONE', *, *, #11008, .F. ) ;
#3652 = VECTOR ( 'NONE', #2212, 1000.000000000000000 ) ;
#3653 = CARTESIAN_POINT ( 'NONE',  ( -0.2782910960930354283, -0.6250000000000000000, 0.8496452601610127164 ) ) ;
#3654 = CARTESIAN_POINT ( 'NONE',  ( -0.3714014174993909845, -0.6260000000000000009, 0.6890719792844680613 ) ) ;
#3655 =( NAMED_UNIT ( * ) PLANE_ANGLE_UNIT ( ) SI_UNIT ( $, .RADIAN. ) );
#3656 = FACE_OUTER_BOUND ( 'NONE', #840, .T. ) ;
#3657 = CARTESIAN_POINT ( 'NONE',  ( -0.7945493744813603154, -0.6260000000000000009, 0.6878688363051529420 ) ) ;
#3658 = FACE_OUTER_BOUND ( 'NONE', #10443, .T. ) ;
#3659 = SURFACE_SIDE_STYLE ('',( #1166 ) ) ;
#3660 = CARTESIAN_POINT ( 'NONE',  ( -0.3650415649111056760, -0.6250000000000000000, 0.7259140681193632094 ) ) ;
#3661 = AXIS2_PLACEMENT_3D ( 'NONE', #8492, #5866, #2003 ) ;
#3662 = CARTESIAN_POINT ( 'NONE',  ( -0.2112960276851141850, -0.6250000000000000000, 0.7432780253219375410 ) ) ;
#3663 = DIRECTION ( 'NONE',  ( -0.0000000000000000000, -0.0000000000000000000, -1.000000000000000000 ) ) ;
#3664 = CYLINDRICAL_SURFACE ( 'NONE', #1587, 0.1573157410611863705 ) ;
#3665 = CARTESIAN_POINT ( 'NONE',  ( -0.4006012856492840446, -0.6260000000000000009, 0.6907702505476974730 ) ) ;
#3666 = ORIENTED_EDGE ( 'NONE', *, *, #1057, .F. ) ;
#3667 = FILL_AREA_STYLE_COLOUR ( '', #5030 ) ;
#3668 = EDGE_CURVE ( 'NONE', #483, #10267, #11368, .T. ) ;
#3669 = CARTESIAN_POINT ( 'NONE',  ( -0.1486159546300752643, -0.6250000000000000000, 0.7401587515728443867 ) ) ;
#3670 = SURFACE_SIDE_STYLE ('',( #5702 ) ) ;
#3671 = FILL_AREA_STYLE ('',( #6507 ) ) ;
#3672 = ORIENTED_EDGE ( 'NONE', *, *, #8254, .F. ) ;
#3673 = CARTESIAN_POINT ( 'NONE',  ( -0.1948505233089596611, -0.6250000000000000000, 0.7326378359779448513 ) ) ;
#3674 = VERTEX_POINT ( 'NONE', #6626 ) ;
#3675 = ORIENTED_EDGE ( 'NONE', *, *, #3692, .F. ) ;
#3676 = FILL_AREA_STYLE_COLOUR ( '', #5070 ) ;
#3677 = EDGE_CURVE ( 'NONE', #8484, #2238, #5701, .T. ) ;
#3678 = COLOUR_RGB ( '',0.0000000000000000000, 0.0000000000000000000, 0.0000000000000000000 ) ;
#3679 =( NAMED_UNIT ( * ) PLANE_ANGLE_UNIT ( ) SI_UNIT ( $, .RADIAN. ) );
#3680 = DIRECTION ( 'NONE',  ( 0.0000000000000000000, -1.000000000000000000, 0.0000000000000000000 ) ) ;
#3681 = CARTESIAN_POINT ( 'NONE',  ( -0.4368541783315783023, -0.6260000000000000009, 0.8234433606696495156 ) ) ;
#3682 = B_SPLINE_CURVE_WITH_KNOTS ( 'NONE', 3,
 ( #8380, #10254, #1069, #10391 ),
 .UNSPECIFIED., .F., .F.,
 ( 4, 4 ),
 ( 1.000000000000000000, 2.000000000000000000 ),
 .UNSPECIFIED. ) ;
#3683 = SURFACE_SIDE_STYLE ('',( #1878 ) ) ;
#3684 = PRESENTATION_STYLE_ASSIGNMENT (( #15 ) ) ;
#3685 = DIRECTION ( 'NONE',  ( 0.0000000000000000000, 0.0000000000000000000, -1.000000000000000000 ) ) ;
#3686 =( GEOMETRIC_REPRESENTATION_CONTEXT ( 3 ) GLOBAL_UNCERTAINTY_ASSIGNED_CONTEXT ( ( #3821 ) ) GLOBAL_UNIT_ASSIGNED_CONTEXT ( ( #8996, #3473, #5197 ) ) REPRESENTATION_CONTEXT ( 'NONE', 'WORKASPACE' ) );
#3687 = LINE ( 'NONE', #3634, #2373 ) ;
#3688 = UNCERTAINTY_MEASURE_WITH_UNIT (LENGTH_MEASURE( 1.000000000000000082E-05 ), #10082, 'distance_accuracy_value', 'NONE');
#3689 = ORIENTED_EDGE ( 'NONE', *, *, #8615, .T. ) ;
#3690 = ORIENTED_EDGE ( 'NONE', *, *, #10848, .F. ) ;
#3691 = VECTOR ( 'NONE', #10998, 1000.000000000000000 ) ;
#3692 = EDGE_CURVE ( 'NONE', #4380, #6348, #11129, .T. ) ;
#3693 =( NAMED_UNIT ( * ) SI_UNIT ( $, .STERADIAN. ) SOLID_ANGLE_UNIT ( ) );
#3694 = CARTESIAN_POINT ( 'NONE',  ( -0.2845123142921717752, -0.6250000000000000000, 0.8056288417033885541 ) ) ;
#3695 = FILL_AREA_STYLE_COLOUR ( '', #4366 ) ;
#3696 = VERTEX_POINT ( 'NONE', #9454 ) ;
#3697 = COLOUR_RGB ( '',0.0000000000000000000, 0.0000000000000000000, 0.0000000000000000000 ) ;
#3698 = FILL_AREA_STYLE ('',( #1838 ) ) ;
#3699 = SURFACE_STYLE_USAGE ( .BOTH. , #4625 ) ;
#3700 = DIRECTION ( 'NONE',  ( -0.0000000000000000000, 1.000000000000000000, -0.0000000000000000000 ) ) ;
#3701 = ORIENTED_EDGE ( 'NONE', *, *, #1873, .T. ) ;
#3702 = CARTESIAN_POINT ( 'NONE',  ( -0.4266298921543317801, -0.6260000000000000009, 0.6859527055353747960 ) ) ;
#3703 = VECTOR ( 'NONE', #7048, 1000.000000000000000 ) ;
#3704 = DIRECTION ( 'NONE',  ( 0.0000000000000000000, 0.0000000000000000000, -1.000000000000000000 ) ) ;
#3705 = UNCERTAINTY_MEASURE_WITH_UNIT (LENGTH_MEASURE( 1.000000000000000082E-05 ), #5740, 'distance_accuracy_value', 'NONE');
#3706 = PRESENTATION_LAYER_ASSIGNMENT (  '', '', ( #8398 ) ) ;
#3707 = FACE_OUTER_BOUND ( 'NONE', #4154, .T. ) ;
#3708 = ORIENTED_EDGE ( 'NONE', *, *, #7169, .F. ) ;
#3709 = B_SPLINE_CURVE_WITH_KNOTS ( 'NONE', 3,
 ( #1125, #11487, #4277, #1431 ),
 .UNSPECIFIED., .F., .F.,
 ( 4, 4 ),
 ( 5.000000000000000000, 6.000000000000000000 ),
 .UNSPECIFIED. ) ;
#3710 = B_SPLINE_CURVE_WITH_KNOTS ( 'NONE', 3,
 ( #9848, #4906, #427, #9650 ),
 .UNSPECIFIED., .F., .F.,
 ( 4, 4 ),
 ( 1.000000000000000000, 2.000000000000000000 ),
 .UNSPECIFIED. ) ;
#3711 = SURFACE_SIDE_STYLE ('',( #5449 ) ) ;
#3712 = CARTESIAN_POINT ( 'NONE',  ( -0.3760456695256259030, -0.6260000000000000009, 0.6906316161590131397 ) ) ;
#3713 =( GEOMETRIC_REPRESENTATION_CONTEXT ( 3 ) GLOBAL_UNCERTAINTY_ASSIGNED_CONTEXT ( ( #3326 ) ) GLOBAL_UNIT_ASSIGNED_CONTEXT ( ( #4006, #1361, #7947 ) ) REPRESENTATION_CONTEXT ( 'NONE', 'WORKASPACE' ) );
#3714 = CARTESIAN_POINT ( 'NONE',  ( 1.000000000000000000, 0.6250000000000000000, 1.000000000000000000 ) ) ;
#3715 = EDGE_CURVE ( 'NONE', #8450, #2685, #9211, .T. ) ;
#3716 = EDGE_CURVE ( 'NONE', #3447, #9375, #9815, .T. ) ;
#3717 = FILL_AREA_STYLE ('',( #10184 ) ) ;
#3718 = CARTESIAN_POINT ( 'NONE',  ( -0.3055847413962120007, -0.6250000000000000000, 0.7317020538534013685 ) ) ;
#3719 = CARTESIAN_POINT ( 'NONE',  ( 0.4000000000000000222, -0.6250000000000000000, -0.01000000000000000021 ) ) ;
#3720 = CARTESIAN_POINT ( 'NONE',  ( -0.2511707437757129124, -0.6250000000000000000, 0.6832839935504295692 ) ) ;
#3721 = B_SPLINE_SURFACE_WITH_KNOTS ( 'NONE', 3, 1, ( 
 ( #8876, #9062 ),
 ( #11963, #11200 ),
 ( #698, #639 ),
 ( #3408, #1658 ) ),
 .UNSPECIFIED., .F., .F., .F.,
 ( 4, 4 ),
 ( 2, 2 ),
 ( 13.00000000000000000, 14.00000000000000000 ),
 ( 0.0000000000000000000, 1.000000000000000000 ),
 .UNSPECIFIED. ) ;
#3722 = LINE ( 'NONE', #11237, #9297 ) ;
#3723 = CARTESIAN_POINT ( 'NONE',  ( -0.7863554343107495015, -0.6250000000000000000, 0.8088497739416035115 ) ) ;
#3724 = VERTEX_POINT ( 'NONE', #5886 ) ;
#3725 = LINE ( 'NONE', #12045, #8542 ) ;
#3726 =( GEOMETRIC_REPRESENTATION_CONTEXT ( 3 ) GLOBAL_UNCERTAINTY_ASSIGNED_CONTEXT ( ( #2430 ) ) GLOBAL_UNIT_ASSIGNED_CONTEXT ( ( #7116, #11803, #9076 ) ) REPRESENTATION_CONTEXT ( 'NONE', 'WORKASPACE' ) );
#3727 = PRESENTATION_STYLE_ASSIGNMENT (( #4589 ) ) ;
#3728 = CARTESIAN_POINT ( 'NONE',  ( -1.000000000000000000, -0.6250000000000000000, -0.01000000000000000021 ) ) ;
#3729 = CARTESIAN_POINT ( 'NONE',  ( -0.7603276670791284664, -0.6250000000000000000, 0.8377694897730677548 ) ) ;
#3730 = CARTESIAN_POINT ( 'NONE',  ( -0.3382504692673716784, -0.6260000000000000009, 0.6677569419997686495 ) ) ;
#3731 = CARTESIAN_POINT ( 'NONE',  ( -0.3505196126800235179, -0.6260000000000000009, 0.7044603964459816847 ) ) ;
#3732 = CARTESIAN_POINT ( 'NONE',  ( -0.1376984965082507506, -0.6260000000000000009, 0.7094858930413312503 ) ) ;
#3733 = B_SPLINE_CURVE_WITH_KNOTS ( 'NONE', 3,
 ( #4787, #186, #3878, #2956 ),
 .UNSPECIFIED., .F., .F.,
 ( 4, 4 ),
 ( 2.000000000000000000, 3.000000000000000000 ),
 .UNSPECIFIED. ) ;
#3734 = PLANE ( 'NONE',  #3515 ) ;
#3735 = ORIENTED_EDGE ( 'NONE', *, *, #5829, .F. ) ;
#3736 =( NAMED_UNIT ( * ) SI_UNIT ( $, .STERADIAN. ) SOLID_ANGLE_UNIT ( ) );
#3737 =( GEOMETRIC_REPRESENTATION_CONTEXT ( 3 ) GLOBAL_UNCERTAINTY_ASSIGNED_CONTEXT ( ( #7826 ) ) GLOBAL_UNIT_ASSIGNED_CONTEXT ( ( #11348, #7771, #8747 ) ) REPRESENTATION_CONTEXT ( 'NONE', 'WORKASPACE' ) );
#3738 = EDGE_LOOP ( 'NONE', ( #4940, #3342, #2254, #10020 ) ) ;
#3739 = ORIENTED_EDGE ( 'NONE', *, *, #10848, .T. ) ;
#3740 = UNCERTAINTY_MEASURE_WITH_UNIT (LENGTH_MEASURE( 1.000000000000000082E-05 ), #2835, 'distance_accuracy_value', 'NONE');
#3741 = ADVANCED_FACE ( 'NONE', ( #4831 ), #213, .F. ) ;
#3742 = DIRECTION ( 'NONE',  ( 0.0000000000000000000, 0.0000000000000000000, 1.000000000000000000 ) ) ;
#3743 = CARTESIAN_POINT ( 'NONE',  ( -0.2680668099160172235, -0.6260000000000000009, 0.8356431868877280955 ) ) ;
#3744 = MECHANICAL_DESIGN_GEOMETRIC_PRESENTATION_REPRESENTATION (  '', ( #9644 ), #2592 ) ;
#3745 = ADVANCED_FACE ( 'NONE', ( #9638 ), #5086, .F. ) ;
#3746 =( GEOMETRIC_REPRESENTATION_CONTEXT ( 3 ) GLOBAL_UNCERTAINTY_ASSIGNED_CONTEXT ( ( #10519 ) ) GLOBAL_UNIT_ASSIGNED_CONTEXT ( ( #4452, #5374, #7334 ) ) REPRESENTATION_CONTEXT ( 'NONE', 'WORKASPACE' ) );
#3747 =( LENGTH_UNIT ( ) NAMED_UNIT ( * ) SI_UNIT ( .MILLI., .METRE. ) );
#3748 = CARTESIAN_POINT ( 'NONE',  ( -0.1947812061141550311, -0.6250000000000000000, 0.7027621251827497195 ) ) ;
#3749 = EDGE_CURVE ( 'NONE', #7825, #5536, #2277, .T. ) ;
#3750 = CARTESIAN_POINT ( 'NONE',  ( -0.2782910960930354283, -0.6250000000000000000, 0.8003260763302079139 ) ) ;
#3751 = CARTESIAN_POINT ( 'NONE',  ( -0.4260580253005465945, -0.6260000000000000009, 0.7283055113269394365 ) ) ;
#3752 = LINE ( 'NONE', #9295, #6478 ) ;
#3753 = EDGE_CURVE ( 'NONE', #2176, #6601, #10399, .T. ) ;
#3754 = DIRECTION ( 'NONE',  ( 1.000000000000000000, 0.0000000000000000000, -0.0000000000000000000 ) ) ;
#3755 = VERTEX_POINT ( 'NONE', #6020 ) ;
#3756 = UNCERTAINTY_MEASURE_WITH_UNIT (LENGTH_MEASURE( 1.000000000000000082E-05 ), #3635, 'distance_accuracy_value', 'NONE');
#3757 = ORIENTED_EDGE ( 'NONE', *, *, #4998, .T. ) ;
#3758 = DIRECTION ( 'NONE',  ( -0.0000000000000000000, 1.000000000000000000, -0.0000000000000000000 ) ) ;
#3759 =( GEOMETRIC_REPRESENTATION_CONTEXT ( 3 ) GLOBAL_UNCERTAINTY_ASSIGNED_CONTEXT ( ( #6693 ) ) GLOBAL_UNIT_ASSIGNED_CONTEXT ( ( #3814, #4546, #12066 ) ) REPRESENTATION_CONTEXT ( 'NONE', 'WORKASPACE' ) );
#3760 =( LENGTH_UNIT ( ) NAMED_UNIT ( * ) SI_UNIT ( .MILLI., .METRE. ) );
#3761 = PRESENTATION_STYLE_ASSIGNMENT (( #1042 ) ) ;
#3762 =( GEOMETRIC_REPRESENTATION_CONTEXT ( 3 ) GLOBAL_UNCERTAINTY_ASSIGNED_CONTEXT ( ( #7683 ) ) GLOBAL_UNIT_ASSIGNED_CONTEXT ( ( #11722, #7949, #1584 ) ) REPRESENTATION_CONTEXT ( 'NONE', 'WORKASPACE' ) );
#3763 = ORIENTED_EDGE ( 'NONE', *, *, #8978, .F. ) ;
#3764 = STYLED_ITEM ( 'NONE', ( #9836 ), #8490 ) ;
#3765 = SURFACE_SIDE_STYLE ('',( #2853 ) ) ;
#3766 = PRESENTATION_STYLE_ASSIGNMENT (( #3699 ) ) ;
#3767 = LINE ( 'NONE', #7512, #3528 ) ;
#3768 = ORIENTED_EDGE ( 'NONE', *, *, #8774, .F. ) ;
#3769 = CARTESIAN_POINT ( 'NONE',  ( -0.2033072210279435743, -0.6260000000000000009, 0.7908296206947073026 ) ) ;
#3770 = B_SPLINE_CURVE_WITH_KNOTS ( 'NONE', 3,
 ( #7631, #3835, #5679, #1994 ),
 .UNSPECIFIED., .F., .F.,
 ( 4, 4 ),
 ( 0.0000000000000000000, 1.000000000000000000 ),
 .UNSPECIFIED. ) ;
#3771 =( NAMED_UNIT ( * ) PLANE_ANGLE_UNIT ( ) SI_UNIT ( $, .RADIAN. ) );
#3772 = EDGE_CURVE ( 'NONE', #4430, #6364, #6991, .T. ) ;
#3773 = CARTESIAN_POINT ( 'NONE',  ( -0.3650415649111056760, -0.6260000000000000009, 0.7259140681193632094 ) ) ;
#3774 = UNCERTAINTY_MEASURE_WITH_UNIT (LENGTH_MEASURE( 1.000000000000000082E-05 ), #11737, 'distance_accuracy_value', 'NONE');
#3775 = VERTEX_POINT ( 'NONE', #6082 ) ;
#3776 = EDGE_CURVE ( 'NONE', #5641, #5122, #9837, .T. ) ;
#3777 = CARTESIAN_POINT ( 'NONE',  ( -0.7530977312262576717, -0.6260000000000000009, 0.8372874968076522428 ) ) ;
#3778 = VECTOR ( 'NONE', #7307, 1000.000000000000000 ) ;
#3779 = CARTESIAN_POINT ( 'NONE',  ( -0.3803779941768622441, -0.6250000000000000000, 0.6937508899076438862 ) ) ;
#3780 = CARTESIAN_POINT ( 'NONE',  ( -0.4205473083438770465, -0.6260000000000000009, 0.8443424947878321873 ) ) ;
#3781 = DIRECTION ( 'NONE',  ( 1.000000000000000000, -0.0000000000000000000, -0.0000000000000000000 ) ) ;
#3782 =( LENGTH_UNIT ( ) NAMED_UNIT ( * ) SI_UNIT ( .MILLI., .METRE. ) );
#3783 = B_SPLINE_CURVE_WITH_KNOTS ( 'NONE', 3,
 ( #6382, #3537, #87, #1736 ),
 .UNSPECIFIED., .F., .F.,
 ( 4, 4 ),
 ( 3.000000000000000000, 4.000000000000000000 ),
 .UNSPECIFIED. ) ;
#3784 = SURFACE_STYLE_FILL_AREA ( #11235 ) ;
#3785 = CARTESIAN_POINT ( 'NONE',  ( -0.1923724336084561837, -0.6260000000000000009, 0.7178039563720904903 ) ) ;
#3786 = COLOUR_RGB ( '',0.0000000000000000000, 0.0000000000000000000, 0.0000000000000000000 ) ;
#3787 = COLOUR_RGB ( '',0.7529411764705882248, 0.7529411764705882248, 0.7529411764705882248 ) ;
#3788 = LINE ( 'NONE', #10381, #1953 ) ;
#3789 =( NAMED_UNIT ( * ) PLANE_ANGLE_UNIT ( ) SI_UNIT ( $, .RADIAN. ) );
#3790 = EDGE_LOOP ( 'NONE', ( #1532, #10210, #7836, #5447 ) ) ;
#3791 = ORIENTED_EDGE ( 'NONE', *, *, #4034, .F. ) ;
#3792 = DIRECTION ( 'NONE',  ( -0.0000000000000000000, 1.000000000000000000, -0.0000000000000000000 ) ) ;
#3793 = CARTESIAN_POINT ( 'NONE',  ( -0.4307889238197114001, -0.6250000000000000000, 0.6919139842557298081 ) ) ;
#3794 =( LENGTH_UNIT ( ) NAMED_UNIT ( * ) SI_UNIT ( .MILLI., .METRE. ) );
#3795 = FILL_AREA_STYLE_COLOUR ( '', #3183 ) ;
#3796 = MECHANICAL_DESIGN_GEOMETRIC_PRESENTATION_REPRESENTATION (  '', ( #6741 ), #2642 ) ;
#3797 = CARTESIAN_POINT ( 'NONE',  ( -0.4423822245866041447, -0.6260000000000000009, 0.7138182176927964084 ) ) ;
#3798 = DIRECTION ( 'NONE',  ( -1.000000000000000000, 0.0000000000000000000, -0.0000000000000000000 ) ) ;
#3799 = FACE_OUTER_BOUND ( 'NONE', #10120, .T. ) ;
#3800 = VERTEX_POINT ( 'NONE', #8892 ) ;
#3801 = FACE_OUTER_BOUND ( 'NONE', #1920, .T. ) ;
#3802 = EDGE_LOOP ( 'NONE', ( #5890, #11161, #9063, #4152 ) ) ;
#3803 = VECTOR ( 'NONE', #878, 1000.000000000000000 ) ;
#3804 = VECTOR ( 'NONE', #2635, 1000.000000000000000 ) ;
#3805 = ORIENTED_EDGE ( 'NONE', *, *, #9188, .F. ) ;
#3806 = MECHANICAL_DESIGN_GEOMETRIC_PRESENTATION_REPRESENTATION (  '', ( #332 ), #2830 ) ;
#3807 = STYLED_ITEM ( 'NONE', ( #9784 ), #8232 ) ;
#3808 = CARTESIAN_POINT ( 'NONE',  ( -0.3494971840623221637, -0.6250000000000000000, 0.6885174417292678761 ) ) ;
#3809 = FILL_AREA_STYLE ('',( #10404 ) ) ;
#3810 = AXIS2_PLACEMENT_3D ( 'NONE', #11697, #8837, #10583 ) ;
#3811 = STYLED_ITEM ( 'NONE', ( #11732 ), #5358 ) ;
#3812 = CARTESIAN_POINT ( 'NONE',  ( -0.4020742760306735830, -0.6260000000000000009, 0.8518634103822715353 ) ) ;
#3813 = B_SPLINE_SURFACE_WITH_KNOTS ( 'NONE', 3, 1, ( 
 ( #8030, #11920 ),
 ( #596, #10805 ),
 ( #8646, #2395 ),
 ( #11804, #6143 ) ),
 .UNSPECIFIED., .F., .F., .F.,
 ( 4, 4 ),
 ( 2, 2 ),
 ( 5.000000000000000000, 6.000000000000000000 ),
 ( 0.0000000000000000000, 1.000000000000000000 ),
 .UNSPECIFIED. ) ;
#3814 =( LENGTH_UNIT ( ) NAMED_UNIT ( * ) SI_UNIT ( .MILLI., .METRE. ) );
#3815 = FILL_AREA_STYLE_COLOUR ( '', #8378 ) ;
#3816 = AXIS2_PLACEMENT_3D ( 'NONE', #2702, #10200, #8439 ) ;
#3817 =( NAMED_UNIT ( * ) PLANE_ANGLE_UNIT ( ) SI_UNIT ( $, .RADIAN. ) );
#3818 = STYLED_ITEM ( 'NONE', ( #1696 ), #6620 ) ;
#3819 = PLANE ( 'NONE',  #1398 ) ;
#3820 =( NAMED_UNIT ( * ) PLANE_ANGLE_UNIT ( ) SI_UNIT ( $, .RADIAN. ) );
#3821 = UNCERTAINTY_MEASURE_WITH_UNIT (LENGTH_MEASURE( 1.000000000000000082E-05 ), #8996, 'distance_accuracy_value', 'NONE');
#3822 = VERTEX_POINT ( 'NONE', #540 ) ;
#3823 = VERTEX_POINT ( 'NONE', #7978 ) ;
#3824 = PRESENTATION_STYLE_ASSIGNMENT (( #1038 ) ) ;
#3825 = MECHANICAL_DESIGN_GEOMETRIC_PRESENTATION_REPRESENTATION (  '', ( #2844 ), #10700 ) ;
#3826 = VECTOR ( 'NONE', #11700, 1000.000000000000000 ) ;
#3827 = PRESENTATION_LAYER_ASSIGNMENT (  '', '', ( #12087 ) ) ;
#3828 = EDGE_CURVE ( 'NONE', #7629, #8950, #3250, .T. ) ;
#3829 = ADVANCED_FACE ( 'NONE', ( #5520 ), #10376, .T. ) ;
#3830 = EDGE_CURVE ( 'NONE', #11907, #1262, #4819, .T. ) ;
#3831 = SURFACE_STYLE_USAGE ( .BOTH. , #10475 ) ;
#3832 = CARTESIAN_POINT ( 'NONE',  ( -0.2788802922454052813, -0.6260000000000000009, 0.7138182176927964084 ) ) ;
#3833 = ORIENTED_EDGE ( 'NONE', *, *, #6747, .F. ) ;
#3834 = AXIS2_PLACEMENT_3D ( 'NONE', #9516, #4770, #9343 ) ;
#3835 = CARTESIAN_POINT ( 'NONE',  ( -0.5839172304303675842, -0.6250000000000000000, 0.8281295753024189299 ) ) ;
#3836 = CARTESIAN_POINT ( 'NONE',  ( -0.6200669280814015139, -0.6260000000000000009, 0.7129325992190329586 ) ) ;
#3837 = ORIENTED_EDGE ( 'NONE', *, *, #2279, .T. ) ;
#3838 = CARTESIAN_POINT ( 'NONE',  ( -0.1495344074560336911, -0.6260000000000000009, 0.7403667031558708311 ) ) ;
#3839 = ORIENTED_EDGE ( 'NONE', *, *, #1437, .F. ) ;
#3840 = FILL_AREA_STYLE_COLOUR ( '', #12060 ) ;
#3841 = VERTEX_POINT ( 'NONE', #8562 ) ;
#3842 =( LENGTH_UNIT ( ) NAMED_UNIT ( * ) SI_UNIT ( .MILLI., .METRE. ) );
#3843 = DIRECTION ( 'NONE',  ( -0.0000000000000000000, 1.000000000000000000, -0.0000000000000000000 ) ) ;
#3844 = MECHANICAL_DESIGN_GEOMETRIC_PRESENTATION_REPRESENTATION (  '', ( #1136 ), #7973 ) ;
#3845 = PRESENTATION_LAYER_ASSIGNMENT (  '', '', ( #6013 ) ) ;
#3846 = SURFACE_STYLE_FILL_AREA ( #504 ) ;
#3847 = CARTESIAN_POINT ( 'NONE',  ( -0.5487315646773255340, -0.6260000000000000009, 0.7047386866284428564 ) ) ;
#3848 = CARTESIAN_POINT ( 'NONE',  ( -0.3860966627165586806, -0.6260000000000000009, 0.7936369670687982714 ) ) ;
#3849 =( NAMED_UNIT ( * ) SI_UNIT ( $, .STERADIAN. ) SOLID_ANGLE_UNIT ( ) );
#3850 =( LENGTH_UNIT ( ) NAMED_UNIT ( * ) SI_UNIT ( .MILLI., .METRE. ) );
#3851 = B_SPLINE_CURVE_WITH_KNOTS ( 'NONE', 3,
 ( #6975, #10730, #11841, #1593 ),
 .UNSPECIFIED., .F., .F.,
 ( 4, 4 ),
 ( 4.000000000000000000, 5.000000000000000000 ),
 .UNSPECIFIED. ) ;
#3852 = DIRECTION ( 'NONE',  ( -0.0000000000000000000, 1.000000000000000000, -0.0000000000000000000 ) ) ;
#3853 = CARTESIAN_POINT ( 'NONE',  ( -0.1604518655769359148, -0.6260000000000000009, 0.7094858930413312503 ) ) ;
#3854 =( GEOMETRIC_REPRESENTATION_CONTEXT ( 3 ) GLOBAL_UNCERTAINTY_ASSIGNED_CONTEXT ( ( #4118 ) ) GLOBAL_UNIT_ASSIGNED_CONTEXT ( ( #11325, #3817, #3079 ) ) REPRESENTATION_CONTEXT ( 'NONE', 'WORKASPACE' ) );
#3855 =( NAMED_UNIT ( * ) SI_UNIT ( $, .STERADIAN. ) SOLID_ANGLE_UNIT ( ) );
#3856 = PRESENTATION_LAYER_ASSIGNMENT (  '', '', ( #11128 ) ) ;
#3857 = VERTEX_POINT ( 'NONE', #6494 ) ;
#3858 = VERTEX_POINT ( 'NONE', #7529 ) ;
#3859 = EDGE_CURVE ( 'NONE', #5655, #2414, #9384, .T. ) ;
#3860 = CARTESIAN_POINT ( 'NONE',  ( -0.4101843877779435266, -0.6260000000000000009, 0.7259140681193632094 ) ) ;
#3861 = CARTESIAN_POINT ( 'NONE',  ( -0.4404586724415291421, -0.6260000000000000009, 0.7432780253219376521 ) ) ;
#3862 = VECTOR ( 'NONE', #3419, 1000.000000000000114 ) ;
#3863 = SURFACE_STYLE_USAGE ( .BOTH. , #168 ) ;
#3864 = CARTESIAN_POINT ( 'NONE',  ( -0.3366908323930571378, -0.6260000000000000009, 0.6677569419997686495 ) ) ;
#3865 = CARTESIAN_POINT ( 'NONE',  ( -0.1604518655769358593, -0.6250000000000000000, 0.7094858930413312503 ) ) ;
#3866 = CARTESIAN_POINT ( 'NONE',  ( -0.7342999090408477425, -0.6250000000000000000, 0.6801568753099487274 ) ) ;
#3867 = EDGE_LOOP ( 'NONE', ( #11191, #7766, #7904, #3922 ) ) ;
#3868 = FILL_AREA_STYLE ('',( #1077 ) ) ;
#3869 = EDGE_LOOP ( 'NONE', ( #1448, #11179, #10028, #2293 ) ) ;
#3870 = ORIENTED_EDGE ( 'NONE', *, *, #3514, .T. ) ;
#3871 = UNCERTAINTY_MEASURE_WITH_UNIT (LENGTH_MEASURE( 1.000000000000000082E-05 ), #3506, 'distance_accuracy_value', 'NONE');
#3872 = B_SPLINE_CURVE_WITH_KNOTS ( 'NONE', 3,
 ( #3368, #10872, #4042, #8831 ),
 .UNSPECIFIED., .F., .F.,
 ( 4, 4 ),
 ( 7.000000000000000000, 8.000000000000000000 ),
 .UNSPECIFIED. ) ;
#3873 = SURFACE_SIDE_STYLE ('',( #1083 ) ) ;
#3874 = SURFACE_STYLE_USAGE ( .BOTH. , #2766 ) ;
#3875 = EDGE_CURVE ( 'NONE', #4853, #11468, #10439, .T. ) ;
#3876 = SURFACE_STYLE_FILL_AREA ( #6639 ) ;
#3877 = PRESENTATION_STYLE_ASSIGNMENT (( #6593 ) ) ;
#3878 = CARTESIAN_POINT ( 'NONE',  ( -0.7111641087955192786, -0.6250000000000000000, 0.8700632052029202423 ) ) ;
#3879 = ORIENTED_EDGE ( 'NONE', *, *, #5211, .F. ) ;
#3880 = UNCERTAINTY_MEASURE_WITH_UNIT (LENGTH_MEASURE( 1.000000000000000082E-05 ), #11516, 'distance_accuracy_value', 'NONE');
#3881 = VERTEX_POINT ( 'NONE', #8429 ) ;
#3882 =( NAMED_UNIT ( * ) PLANE_ANGLE_UNIT ( ) SI_UNIT ( $, .RADIAN. ) );
#3883 = EDGE_CURVE ( 'NONE', #9298, #6040, #9264, .T. ) ;
#3884 = FACE_OUTER_BOUND ( 'NONE', #2792, .T. ) ;
#3885 = VECTOR ( 'NONE', #10790, 1000.000000000000000 ) ;
#3886 = PRESENTATION_STYLE_ASSIGNMENT (( #11334 ) ) ;
#3887 = ORIENTED_EDGE ( 'NONE', *, *, #2368, .F. ) ;
#3888 =( LENGTH_UNIT ( ) NAMED_UNIT ( * ) SI_UNIT ( .MILLI., .METRE. ) );
#3889 = CARTESIAN_POINT ( 'NONE',  ( -0.4254341705505423343, -0.6250000000000000000, 0.7105603095550214743 ) ) ;
#3890 = CARTESIAN_POINT ( 'NONE',  ( -0.6350087881558875713, -0.6250000000000000000, 0.6979907391445477893 ) ) ;
#3891 = ORIENTED_EDGE ( 'NONE', *, *, #6854, .T. ) ;
#3892 =( NAMED_UNIT ( * ) PLANE_ANGLE_UNIT ( ) SI_UNIT ( $, .RADIAN. ) );
#3893 = VERTEX_POINT ( 'NONE', #7464 ) ;
#3894 = VERTEX_POINT ( 'NONE', #3785 ) ;
#3895 = FILL_AREA_STYLE_COLOUR ( '', #6408 ) ;
#3896 = EDGE_CURVE ( 'NONE', #3381, #6811, #9368, .T. ) ;
#3897 = PRESENTATION_LAYER_ASSIGNMENT (  '', '', ( #10779 ) ) ;
#3898 =( NAMED_UNIT ( * ) SI_UNIT ( $, .STERADIAN. ) SOLID_ANGLE_UNIT ( ) );
#3899 = CARTESIAN_POINT ( 'NONE',  ( -0.3803260062811051334, -0.6260000000000000009, 0.7186357627051216390 ) ) ;
#3900 = COLOUR_RGB ( '',0.7529411764705882248, 0.7529411764705882248, 0.7529411764705882248 ) ;
#3901 = CARTESIAN_POINT ( 'NONE',  ( -0.7342999090408477425, -0.6250000000000000000, 0.6801568753099487274 ) ) ;
#3902 = ADVANCED_FACE ( 'NONE', ( #7593 ), #11457, .F. ) ;
#3903 = CARTESIAN_POINT ( 'NONE',  ( -0.4003760047674415068, -0.6250000000000000000, 0.6832839935504295692 ) ) ;
#3904 = CARTESIAN_POINT ( 'NONE',  ( -0.5954851535362660764, -0.6260000000000000009, 0.7124506108502888235 ) ) ;
#3905 = PRESENTATION_STYLE_ASSIGNMENT (( #4757 ) ) ;
#3906 = EDGE_LOOP ( 'NONE', ( #12058, #11226, #3919, #5305 ) ) ;
#3907 = VERTEX_POINT ( 'NONE', #10672 ) ;
#3908 = COLOUR_RGB ( '',0.0000000000000000000, 0.0000000000000000000, 0.0000000000000000000 ) ;
#3909 = CARTESIAN_POINT ( 'NONE',  ( -0.2893298593044971168, -0.6260000000000000009, 0.8009152724830402859 ) ) ;
#3910 = MECHANICAL_DESIGN_GEOMETRIC_PRESENTATION_REPRESENTATION (  '', ( #9027 ), #3713 ) ;
#3911 = LINE ( 'NONE', #11430, #9523 ) ;
#3912 = CARTESIAN_POINT ( 'NONE',  ( -0.2788802922454052813, -0.6250000000000000000, 0.7215817434678952758 ) ) ;
#3913 = EDGE_CURVE ( 'NONE', #2565, #3858, #4369, .T. ) ;
#3914 = CARTESIAN_POINT ( 'NONE',  ( -0.4210151994063787151, -0.6250000000000000000, 0.8046237423845037373 ) ) ;
#3915 = CARTESIAN_POINT ( 'NONE',  ( -0.4159897028107981676, -0.6260000000000000009, 0.7259140681193632094 ) ) ;
#3916 =( NAMED_UNIT ( * ) SI_UNIT ( $, .STERADIAN. ) SOLID_ANGLE_UNIT ( ) );
#3917 = CARTESIAN_POINT ( 'NONE',  ( -0.2936448546573771634, -0.6250000000000000000, 0.8586218368384853639 ) ) ;
#3918 = CARTESIAN_POINT ( 'NONE',  ( -0.7155020776620978351, -0.6250000000000000000, 0.6888328130426435436 ) ) ;
#3919 = ORIENTED_EDGE ( 'NONE', *, *, #4417, .F. ) ;
#3920 = COLOUR_RGB ( '',0.0000000000000000000, 0.0000000000000000000, 0.0000000000000000000 ) ;
#3921 = B_SPLINE_CURVE_WITH_KNOTS ( 'NONE', 3,
 ( #6120, #8938, #4014, #8012 ),
 .UNSPECIFIED., .F., .F.,
 ( 4, 4 ),
 ( 5.000000000000000000, 6.000000000000000000 ),
 .UNSPECIFIED. ) ;
#3922 = ORIENTED_EDGE ( 'NONE', *, *, #6483, .T. ) ;
#3923 = ORIENTED_EDGE ( 'NONE', *, *, #4872, .F. ) ;
#3924 = EDGE_CURVE ( 'NONE', #10551, #2371, #7592, .T. ) ;
#3925 =( GEOMETRIC_REPRESENTATION_CONTEXT ( 3 ) GLOBAL_UNCERTAINTY_ASSIGNED_CONTEXT ( ( #7093 ) ) GLOBAL_UNIT_ASSIGNED_CONTEXT ( ( #2276, #8153, #7054 ) ) REPRESENTATION_CONTEXT ( 'NONE', 'WORKASPACE' ) );
#3926 = CARTESIAN_POINT ( 'NONE',  ( -0.4254514998493583722, -0.6260000000000000009, 0.8094066287996558584 ) ) ;
#3927 = CARTESIAN_POINT ( 'NONE',  ( -0.7338179022851919475, -0.6260000000000000009, 0.7481183109390059371 ) ) ;
#3928 = FILL_AREA_STYLE ('',( #11628 ) ) ;
#3929 = DIRECTION ( 'NONE',  ( -0.0000000000000000000, 1.000000000000000000, -0.0000000000000000000 ) ) ;
#3930 = CARTESIAN_POINT ( 'NONE',  ( -0.2847029365770755716, -0.6260000000000000009, 0.8444464705793452985 ) ) ;
#3931 = CARTESIAN_POINT ( 'NONE',  ( -0.1831705760484461654, -0.6260000000000000009, 0.7180465665522892671 ) ) ;
#3932 = CARTESIAN_POINT ( 'NONE',  ( -0.4154351652553697205, -0.6250000000000000000, 0.6821402598423972341 ) ) ;
#3933 = SURFACE_STYLE_FILL_AREA ( #5046 ) ;
#3934 = CARTESIAN_POINT ( 'NONE',  ( -0.4666259133354898614, -0.6260000000000000009, 0.7215817434678952758 ) ) ;
#3935 = VERTEX_POINT ( 'NONE', #5816 ) ;
#3936 = ORIENTED_EDGE ( 'NONE', *, *, #8852, .T. ) ;
#3937 = ORIENTED_EDGE ( 'NONE', *, *, #2294, .F. ) ;
#3938 = EDGE_CURVE ( 'NONE', #4310, #4932, #5073, .T. ) ;
#3939 = SURFACE_STYLE_FILL_AREA ( #11904 ) ;
#3940 = CARTESIAN_POINT ( 'NONE',  ( -0.2002052765774352261, -0.6260000000000000009, 0.6864379258962327590 ) ) ;
#3941 = CARTESIAN_POINT ( 'NONE',  ( -0.2643063521183349751, -0.6250000000000000000, 0.7908296206947073026 ) ) ;
#3942 = CARTESIAN_POINT ( 'NONE',  ( -0.2190248948630434400, -0.6250000000000000000, 0.7510762096942072974 ) ) ;
#3943 = LINE ( 'NONE', #6837, #2948 ) ;
#3944 = VERTEX_POINT ( 'NONE', #11670 ) ;
#3945 =( NAMED_UNIT ( * ) SI_UNIT ( $, .STERADIAN. ) SOLID_ANGLE_UNIT ( ) );
#3946 = VECTOR ( 'NONE', #5948, 1000.000000000000000 ) ;
#3947 = FILL_AREA_STYLE ('',( #7764 ) ) ;
#3948 = UNCERTAINTY_MEASURE_WITH_UNIT (LENGTH_MEASURE( 1.000000000000000082E-05 ), #9613, 'distance_accuracy_value', 'NONE');
#3949 = ORIENTED_EDGE ( 'NONE', *, *, #8189, .T. ) ;
#3950 = LINE ( 'NONE', #8740, #5572 ) ;
#3951 = ORIENTED_EDGE ( 'NONE', *, *, #5676, .T. ) ;
#3952 = SURFACE_STYLE_USAGE ( .BOTH. , #5462 ) ;
#3953 = PRESENTATION_LAYER_ASSIGNMENT (  '', '', ( #2405 ) ) ;
#3954 = FACE_OUTER_BOUND ( 'NONE', #1025, .T. ) ;
#3955 = LINE ( 'NONE', #2200, #3885 ) ;
#3956 = LINE ( 'NONE', #2755, #12034 ) ;
#3957 = SURFACE_STYLE_FILL_AREA ( #8623 ) ;
#3958 = CARTESIAN_POINT ( 'NONE',  ( -0.4260580253005465945, -0.6260000000000000009, 0.7283055113269394365 ) ) ;
#3959 =( NAMED_UNIT ( * ) PLANE_ANGLE_UNIT ( ) SI_UNIT ( $, .RADIAN. ) );
#3960 = DIRECTION ( 'NONE',  ( -0.0000000000000000000, 1.000000000000000000, -0.0000000000000000000 ) ) ;
#3961 =( NAMED_UNIT ( * ) PLANE_ANGLE_UNIT ( ) SI_UNIT ( $, .RADIAN. ) );
#3962 = ORIENTED_EDGE ( 'NONE', *, *, #3420, .T. ) ;
#3963 = ORIENTED_EDGE ( 'NONE', *, *, #9022, .F. ) ;
#3964 = PRESENTATION_LAYER_ASSIGNMENT (  '', '', ( #11641 ) ) ;
#3965 = COLOUR_RGB ( '',0.0000000000000000000, 0.0000000000000000000, 0.0000000000000000000 ) ;
#3966 = CARTESIAN_POINT ( 'NONE',  ( -0.4006012856492840446, -0.6260000000000000009, 0.6907702505476974730 ) ) ;
#3967 = EDGE_CURVE ( 'NONE', #669, #3134, #11418, .T. ) ;
#3968 = CARTESIAN_POINT ( 'NONE',  ( -0.4000000000000004108, 0.6250000000000000000, -0.01000000000000000021 ) ) ;
#3969 = EDGE_CURVE ( 'NONE', #7050, #7534, #4796, .T. ) ;
#3970 = VECTOR ( 'NONE', #4248, 1000.000000000000000 ) ;
#3971 = DIRECTION ( 'NONE',  ( 1.000000000000000000, 0.0000000000000000000, -0.0000000000000000000 ) ) ;
#3972 = PRESENTATION_STYLE_ASSIGNMENT (( #11685 ) ) ;
#3973 =( NAMED_UNIT ( * ) SI_UNIT ( $, .STERADIAN. ) SOLID_ANGLE_UNIT ( ) );
#3974 = DIRECTION ( 'NONE',  ( 1.000000000000000000, 0.0000000000000000000, -0.0000000000000000000 ) ) ;
#3975 = ORIENTED_EDGE ( 'NONE', *, *, #11380, .F. ) ;
#3976 = VERTEX_POINT ( 'NONE', #9826 ) ;
#3977 = ORIENTED_EDGE ( 'NONE', *, *, #10990, .F. ) ;
#3978 = EDGE_LOOP ( 'NONE', ( #5094, #4675, #8192, #8110 ) ) ;
#3979 = CARTESIAN_POINT ( 'NONE',  ( -0.8075632626939560632, -0.6260000000000000009, 0.6955807605265391658 ) ) ;
#3980 = AXIS2_PLACEMENT_3D ( 'NONE', #10837, #11715, #681 ) ;
#3981 = STYLED_ITEM ( 'NONE', ( #9024 ), #6904 ) ;
#3982 = FILL_AREA_STYLE_COLOUR ( '', #736 ) ;
#3983 = CARTESIAN_POINT ( 'NONE',  ( -0.2335121884971842199, -0.6250000000000000000, 0.8477043787171224531 ) ) ;
#3984 = CARTESIAN_POINT ( 'NONE',  ( -0.7723775601670923585, -0.6260000000000000009, 0.7346224343578966476 ) ) ;
#3985 = DIRECTION ( 'NONE',  ( -0.0000000000000000000, 1.000000000000000000, -0.0000000000000000000 ) ) ;
#3986 = CARTESIAN_POINT ( 'NONE',  ( -0.3366908323930571378, -0.6260000000000000009, 0.6677569419997686495 ) ) ;
#3987 = SURFACE_SIDE_STYLE ('',( #2172 ) ) ;
#3988 = FACE_OUTER_BOUND ( 'NONE', #11088, .T. ) ;
#3989 =( GEOMETRIC_REPRESENTATION_CONTEXT ( 3 ) GLOBAL_UNCERTAINTY_ASSIGNED_CONTEXT ( ( #9868 ) ) GLOBAL_UNIT_ASSIGNED_CONTEXT ( ( #2928, #2010, #5634 ) ) REPRESENTATION_CONTEXT ( 'NONE', 'WORKASPACE' ) );
#3990 = AXIS2_PLACEMENT_3D ( 'NONE', #9810, #4933, #2067 ) ;
#3991 = FACE_OUTER_BOUND ( 'NONE', #4654, .T. ) ;
#3992 = COLOUR_RGB ( '',0.0000000000000000000, 0.0000000000000000000, 0.0000000000000000000 ) ;
#3993 = VERTEX_POINT ( 'NONE', #7841 ) ;
#3994 = VERTEX_POINT ( 'NONE', #2138 ) ;
#3995 = UNCERTAINTY_MEASURE_WITH_UNIT (LENGTH_MEASURE( 1.000000000000000082E-05 ), #10912, 'distance_accuracy_value', 'NONE');
#3996 = EDGE_LOOP ( 'NONE', ( #6147, #10412, #3526, #1217 ) ) ;
#3997 = LINE ( 'NONE', #9734, #5660 ) ;
#3998 = VECTOR ( 'NONE', #4406, 1000.000000000000000 ) ;
#3999 = EDGE_CURVE ( 'NONE', #6283, #1770, #526, .T. ) ;
#4000 =( GEOMETRIC_REPRESENTATION_CONTEXT ( 3 ) GLOBAL_UNCERTAINTY_ASSIGNED_CONTEXT ( ( #3705 ) ) GLOBAL_UNIT_ASSIGNED_CONTEXT ( ( #5740, #3892, #2972 ) ) REPRESENTATION_CONTEXT ( 'NONE', 'WORKASPACE' ) );
#4001 = CARTESIAN_POINT ( 'NONE',  ( -1.000000000000000000, -0.2249999999999997835, 0.0000000000000000000 ) ) ;
#4002 = CARTESIAN_POINT ( 'NONE',  ( -0.7342998998475077643, -0.6250000000000000000, 0.8016198380885017905 ) ) ;
#4003 = CARTESIAN_POINT ( 'NONE',  ( -0.4254341705505423343, -0.6250000000000000000, 0.7105603095550214743 ) ) ;
#4004 = CARTESIAN_POINT ( 'NONE',  ( -0.8157571752843170154, -0.6250000000000000000, 0.8146336941246392627 ) ) ;
#4005 = FILL_AREA_STYLE_COLOUR ( '', #1886 ) ;
#4006 =( LENGTH_UNIT ( ) NAMED_UNIT ( * ) SI_UNIT ( .MILLI., .METRE. ) );
#4007 = VERTEX_POINT ( 'NONE', #2207 ) ;
#4008 = CARTESIAN_POINT ( 'NONE',  ( -0.5371636599578752946, -0.6260000000000000009, 0.7172705680853816990 ) ) ;
#4009 = CARTESIAN_POINT ( 'NONE',  ( -0.3684727660349682576, -0.6260000000000000009, 0.7137835590956266296 ) ) ;
#4010 = MECHANICAL_DESIGN_GEOMETRIC_PRESENTATION_REPRESENTATION (  '', ( #930 ), #9924 ) ;
#4011 = STYLED_ITEM ( 'NONE', ( #5195 ), #5316 ) ;
#4012 = ORIENTED_EDGE ( 'NONE', *, *, #7877, .F. ) ;
#4013 = ORIENTED_EDGE ( 'NONE', *, *, #9417, .F. ) ;
#4014 = CARTESIAN_POINT ( 'NONE',  ( -0.2002052765774352261, -0.6250000000000000000, 0.6864379258962327590 ) ) ;
#4015 = CARTESIAN_POINT ( 'NONE',  ( -0.4035992543080488826, -0.6250000000000000000, 0.7974840713589456120 ) ) ;
#4016 = B_SPLINE_CURVE_WITH_KNOTS ( 'NONE', 3,
 ( #2104, #125, #5785, #3015 ),
 .UNSPECIFIED., .F., .F.,
 ( 4, 4 ),
 ( 2.000000000000000000, 3.000000000000000000 ),
 .UNSPECIFIED. ) ;
#4017 = B_SPLINE_CURVE_WITH_KNOTS ( 'NONE', 3,
 ( #8338, #11999, #3445, #1627 ),
 .UNSPECIFIED., .F., .F.,
 ( 4, 4 ),
 ( 15.00000000000000000, 16.00000000000000000 ),
 .UNSPECIFIED. ) ;
#4018 = ADVANCED_FACE ( 'NONE', ( #3235, #6729 ), #10564, .F. ) ;
#4019 = VECTOR ( 'NONE', #6079, 1000.000000000000000 ) ;
#4020 = FILL_AREA_STYLE ('',( #4879 ) ) ;
#4021 = ORIENTED_EDGE ( 'NONE', *, *, #11395, .F. ) ;
#4022 =( NAMED_UNIT ( * ) SI_UNIT ( $, .STERADIAN. ) SOLID_ANGLE_UNIT ( ) );
#4023 = EDGE_CURVE ( 'NONE', #2733, #1602, #6251, .T. ) ;
#4024 = CARTESIAN_POINT ( 'NONE',  ( -0.6350087881558875713, -0.6260000000000000009, 0.6979907391445477893 ) ) ;
#4025 = LINE ( 'NONE', #4084, #8408 ) ;
#4026 = DIRECTION ( 'NONE',  ( 0.0000000000000000000, -0.0000000000000000000, 1.000000000000000000 ) ) ;
#4027 = DIRECTION ( 'NONE',  ( 1.000000000000000000, -0.0000000000000000000, -0.0000000000000000000 ) ) ;
#4028 = SURFACE_STYLE_FILL_AREA ( #412 ) ;
#4029 = EDGE_LOOP ( 'NONE', ( #10751, #8640, #1549, #5288 ) ) ;
#4030 = EDGE_LOOP ( 'NONE', ( #4337, #11941, #8, #4221, #6480, #11626 ) ) ;
#4031 = MECHANICAL_DESIGN_GEOMETRIC_PRESENTATION_REPRESENTATION (  '', ( #5798 ), #4615 ) ;
#4032 = VECTOR ( 'NONE', #5098, 1000.000000000000000 ) ;
#4033 = CARTESIAN_POINT ( 'NONE',  ( -0.2782910960930354283, -0.6250000000000000000, 0.8496452601610127164 ) ) ;
#4034 = EDGE_CURVE ( 'NONE', #1201, #363, #8947, .T. ) ;
#4035 = CARTESIAN_POINT ( 'NONE',  ( -0.3962689609980504235, -0.6250000000000000000, 0.8518634103822715353 ) ) ;
#4036 = CARTESIAN_POINT ( 'NONE',  ( -0.2453480994445046692, -0.6260000000000000009, 0.8170315201860705034 ) ) ;
#4037 = CARTESIAN_POINT ( 'NONE',  ( -0.3531363367694426714, -0.6250000000000000000, 0.6859873641325445748 ) ) ;
#4038 = CARTESIAN_POINT ( 'NONE',  ( -0.1632245533543178750, -0.6260000000000000009, 0.7018263430577441619 ) ) ;
#4039 = STYLED_ITEM ( 'NONE', ( #4801 ), #6326 ) ;
#4040 = CARTESIAN_POINT ( 'NONE',  ( -0.4396268661082691764, -0.6260000000000000009, 0.7908296206947073026 ) ) ;
#4041 = VECTOR ( 'NONE', #3792, 1000.000000000000000 ) ;
#4042 = CARTESIAN_POINT ( 'NONE',  ( -0.3909488663260510810, -0.6260000000000000009, 0.8505463836883847550 ) ) ;
#4043 = VERTEX_POINT ( 'NONE', #1489 ) ;
#4044 = ORIENTED_EDGE ( 'NONE', *, *, #9965, .F. ) ;
#4045 = DIRECTION ( 'NONE',  ( 0.0000000000000000000, 0.0000000000000000000, -1.000000000000000000 ) ) ;
#4046 = B_SPLINE_CURVE_WITH_KNOTS ( 'NONE', 3,
 ( #6833, #11460, #10597, #8793 ),
 .UNSPECIFIED., .F., .F.,
 ( 4, 4 ),
 ( 0.0000000000000000000, 1.000000000000000000 ),
 .UNSPECIFIED. ) ;
#4047 = ORIENTED_EDGE ( 'NONE', *, *, #8602, .F. ) ;
#4048 = ADVANCED_FACE ( 'NONE', ( #10796 ), #5258, .T. ) ;
#4049 =( NAMED_UNIT ( * ) PLANE_ANGLE_UNIT ( ) SI_UNIT ( $, .RADIAN. ) );
#4050 = FILL_AREA_STYLE ('',( #370 ) ) ;
#4051 = CARTESIAN_POINT ( 'NONE',  ( -0.4294025799312514158, -0.6250000000000000000, 0.6884827831316356894 ) ) ;
#4052 = LINE ( 'NONE', #372, #2275 ) ;
#4053 = FILL_AREA_STYLE ('',( #1151 ) ) ;
#4054 = CARTESIAN_POINT ( 'NONE',  ( -0.1933948622259264172, -0.6260000000000000009, 0.7420996330167346500 ) ) ;
#4055 = CARTESIAN_POINT ( 'NONE',  ( -0.2714806817410641560, -0.6250000000000000000, 0.8436493228434865932 ) ) ;
#4056 = SURFACE_SIDE_STYLE ('',( #3933 ) ) ;
#4057 = CARTESIAN_POINT ( 'NONE',  ( -0.2193714808352166534, -0.6260000000000000009, 0.7432780253219375410 ) ) ;
#4058 = CARTESIAN_POINT ( 'NONE',  ( -0.4093872400420847657, -0.6250000000000000000, 0.7328111289642612602 ) ) ;
#4059 = EDGE_CURVE ( 'NONE', #5627, #3007, #6374, .T. ) ;
#4061 = ORIENTED_EDGE ( 'NONE', *, *, #2347, .F. ) ;
#4060 = UNCERTAINTY_MEASURE_WITH_UNIT (LENGTH_MEASURE( 1.000000000000000082E-05 ), #1187, 'distance_accuracy_value', 'NONE');
#4062 = ORIENTED_EDGE ( 'NONE', *, *, #9471, .F. ) ;
#4063 = FILL_AREA_STYLE ('',( #382 ) ) ;
#4064 = DIRECTION ( 'NONE',  ( 0.0000000000000000000, -0.0000000000000000000, 1.000000000000000000 ) ) ;
#4065 = CARTESIAN_POINT ( 'NONE',  ( -0.7506877526084801966, -0.6250000000000000000, 0.8088497739416035115 ) ) ;
#4066 = FILL_AREA_STYLE_COLOUR ( '', #3591 ) ;
#4067 = CARTESIAN_POINT ( 'NONE',  ( -0.3360323190458831544, -0.6260000000000000009, 0.6604786365855273012 ) ) ;
#4068 = CARTESIAN_POINT ( 'NONE',  ( -0.6191029513436797638, -0.6260000000000000009, 0.7129325992190329586 ) ) ;
#4069 = ORIENTED_EDGE ( 'NONE', *, *, #3753, .T. ) ;
#4070 = SURFACE_STYLE_USAGE ( .BOTH. , #4994 ) ;
#4071 = UNCERTAINTY_MEASURE_WITH_UNIT (LENGTH_MEASURE( 1.000000000000000082E-05 ), #10201, 'distance_accuracy_value', 'NONE');
#4072 = ORIENTED_EDGE ( 'NONE', *, *, #701, .T. ) ;
#4073 = ORIENTED_EDGE ( 'NONE', *, *, #10378, .F. ) ;
#4074 = CARTESIAN_POINT ( 'NONE',  ( 1.000000000000000000, -0.6250000000000000000, -0.01000000000000000021 ) ) ;
#4075 = EDGE_CURVE ( 'NONE', #530, #11907, #6853, .T. ) ;
#4076 = DIRECTION ( 'NONE',  ( -0.3416038306902437482, 0.0000000000000000000, 0.9398440417738206376 ) ) ;
#4077 = STYLED_ITEM ( 'NONE', ( #10257 ), #10265 ) ;
#4078 = CARTESIAN_POINT ( 'NONE',  ( -0.4266298921543317801, -0.6250000000000000000, 0.6859527055353747960 ) ) ;
#4079 =( NAMED_UNIT ( * ) PLANE_ANGLE_UNIT ( ) SI_UNIT ( $, .RADIAN. ) );
#4080 = SURFACE_STYLE_FILL_AREA ( #9689 ) ;
#4081 = ORIENTED_EDGE ( 'NONE', *, *, #10673, .F. ) ;
#4082 = CARTESIAN_POINT ( 'NONE',  ( -0.4000000000000004108, 0.2250000000000001166, -0.01000000000000000021 ) ) ;
#4083 = SURFACE_STYLE_USAGE ( .BOTH. , #3099 ) ;
#4084 = CARTESIAN_POINT ( 'NONE',  ( -0.3637765261129762839, -0.6250000000000000000, 0.8508236524662153855 ) ) ;
#4085 = CARTESIAN_POINT ( 'NONE',  ( -0.4238572043776431264, -0.6260000000000000009, 0.6834226279391137915 ) ) ;
#4086 = CARTESIAN_POINT ( 'NONE',  ( -0.2193714808352166812, -0.6260000000000000009, 0.7432780253219376521 ) ) ;
#4087 = SURFACE_STYLE_USAGE ( .BOTH. , #10736 ) ;
#4088 = ORIENTED_EDGE ( 'NONE', *, *, #3097, .T. ) ;
#4089 = ORIENTED_EDGE ( 'NONE', *, *, #10291, .F. ) ;
#4090 = CARTESIAN_POINT ( 'NONE',  ( -0.4404586724415291421, -0.6250000000000000000, 0.7510762096942074084 ) ) ;
#4091 = EDGE_CURVE ( 'NONE', #6223, #1870, #9056, .T. ) ;
#4092 = ADVANCED_FACE ( 'NONE', ( #2510 ), #3478, .F. ) ;
#4093 = PRESENTATION_LAYER_ASSIGNMENT (  '', '', ( #11376 ) ) ;
#4094 = SURFACE_STYLE_FILL_AREA ( #8764 ) ;
#4095 = DIRECTION ( 'NONE',  ( 0.0000000000000000000, 0.0000000000000000000, 1.000000000000000000 ) ) ;
#4096 = FACE_OUTER_BOUND ( 'NONE', #7325, .T. ) ;
#4097 = FACE_OUTER_BOUND ( 'NONE', #7109, .T. ) ;
#4098 = CARTESIAN_POINT ( 'NONE',  ( -0.4000000000000004108, -0.2250000000000001166, -0.01000000000000000021 ) ) ;
#4099 = ORIENTED_EDGE ( 'NONE', *, *, #10387, .T. ) ;
#4100 = CARTESIAN_POINT ( 'NONE',  ( -0.4276696500706181348, -0.6250000000000000000, 0.8324892545419263490 ) ) ;
#4101 =( GEOMETRIC_REPRESENTATION_CONTEXT ( 3 ) GLOBAL_UNCERTAINTY_ASSIGNED_CONTEXT ( ( #3871 ) ) GLOBAL_UNIT_ASSIGNED_CONTEXT ( ( #3506, #9219, #1754 ) ) REPRESENTATION_CONTEXT ( 'NONE', 'WORKASPACE' ) );
#4102 = EDGE_LOOP ( 'NONE', ( #3870, #3805, #10988, #9774 ) ) ;
#4103 = VECTOR ( 'NONE', #1096, 1000.000000000000000 ) ;
#4104 = DIRECTION ( 'NONE',  ( -0.0000000000000000000, 1.000000000000000000, -0.0000000000000000000 ) ) ;
#4105 =( NAMED_UNIT ( * ) SI_UNIT ( $, .STERADIAN. ) SOLID_ANGLE_UNIT ( ) );
#4106 = CARTESIAN_POINT ( 'NONE',  ( -0.4266298921543317801, -0.6250000000000000000, 0.6859527055353747960 ) ) ;
#4107 = STYLED_ITEM ( 'NONE', ( #12023 ), #11355 ) ;
#4108 =( NAMED_UNIT ( * ) PLANE_ANGLE_UNIT ( ) SI_UNIT ( $, .RADIAN. ) );
#4109 = CARTESIAN_POINT ( 'NONE',  ( -0.3803779941768622441, -0.6250000000000000000, 0.6849822648136615344 ) ) ;
#4110 = CARTESIAN_POINT ( 'NONE',  ( -0.2967814577050550406, -0.6260000000000000009, 0.7317020538534013685 ) ) ;
#4111 = ORIENTED_EDGE ( 'NONE', *, *, #5603, .T. ) ;
#4112 = CARTESIAN_POINT ( 'NONE',  ( -0.2782910960930354283, -0.6250000000000000000, 0.8496452601610127164 ) ) ;
#4113 = DIRECTION ( 'NONE',  ( -1.807003620809174632E-16, -1.000000000000000000, 0.0000000000000000000 ) ) ;
#4114 = DIRECTION ( 'NONE',  ( 0.0000000000000000000, -0.0000000000000000000, 1.000000000000000000 ) ) ;
#4115 = EDGE_CURVE ( 'NONE', #8628, #10305, #1946, .T. ) ;
#4116 = VERTEX_POINT ( 'NONE', #6481 ) ;
#4117 = EDGE_LOOP ( 'NONE', ( #2762, #5561, #6748, #8054 ) ) ;
#4118 = UNCERTAINTY_MEASURE_WITH_UNIT (LENGTH_MEASURE( 1.000000000000000082E-05 ), #11325, 'distance_accuracy_value', 'NONE');
#4119 =( LENGTH_UNIT ( ) NAMED_UNIT ( * ) SI_UNIT ( .MILLI., .METRE. ) );
#4120 = EDGE_CURVE ( 'NONE', #6253, #2685, #9376, .T. ) ;
#4121 = DIRECTION ( 'NONE',  ( -0.0000000000000000000, 1.000000000000000000, -0.0000000000000000000 ) ) ;
#4122 = STYLED_ITEM ( 'NONE', ( #5763 ), #3116 ) ;
#4123 = EDGE_CURVE ( 'NONE', #1362, #8420, #9484, .T. ) ;
#4124 = FACE_OUTER_BOUND ( 'NONE', #440, .T. ) ;
#4125 = CARTESIAN_POINT ( 'NONE',  ( -0.6046430612512586622, -0.6260000000000000009, 0.8517473662148278279 ) ) ;
#4126 = EDGE_CURVE ( 'NONE', #11024, #5385, #453, .T. ) ;
#4127 = DIRECTION ( 'NONE',  ( -1.000000000000000000, -5.872761767629819957E-16, 0.0000000000000000000 ) ) ;
#4128 = FILL_AREA_STYLE_COLOUR ( '', #7564 ) ;
#4129 = CARTESIAN_POINT ( 'NONE',  ( -0.7603276670791284664, -0.6250000000000000000, 0.8377694897730677548 ) ) ;
#4130 = CARTESIAN_POINT ( 'NONE',  ( -0.2782910960930354283, -0.6250000000000000000, 0.8003260763302079139 ) ) ;
#4131 = CARTESIAN_POINT ( 'NONE',  ( -0.6200669280814015139, -0.6260000000000000009, 0.7129325992190329586 ) ) ;
#4132 = ORIENTED_EDGE ( 'NONE', *, *, #2135, .F. ) ;
#4133 = ORIENTED_EDGE ( 'NONE', *, *, #495, .F. ) ;
#4134 = DIRECTION ( 'NONE',  ( 4.336808689942017120E-17, 1.000000000000000000, 0.0000000000000000000 ) ) ;
#4135 = ORIENTED_EDGE ( 'NONE', *, *, #9137, .T. ) ;
#4136 = STYLED_ITEM ( 'NONE', ( #10787 ), #3375 ) ;
#4137 =( NAMED_UNIT ( * ) SI_UNIT ( $, .STERADIAN. ) SOLID_ANGLE_UNIT ( ) );
#4138 = CARTESIAN_POINT ( 'NONE',  ( -0.3299150766382560329, -0.6260000000000000009, 0.6700097508186606543 ) ) ;
#4139 = CARTESIAN_POINT ( 'NONE',  ( -0.2049101811490099401, -0.6260000000000000009, 0.7488363978493699502 ) ) ;
#4140 = DIRECTION ( 'NONE',  ( -0.9434452330824930621, 0.0000000000000000000, 0.3315284183504040305 ) ) ;
#4141 = COLOUR_RGB ( '',0.0000000000000000000, 0.0000000000000000000, 0.0000000000000000000 ) ;
#4142 = CARTESIAN_POINT ( 'NONE',  ( -0.3046143006744966297, -0.6260000000000000009, 0.7908296206947071916 ) ) ;
#4143 = EDGE_LOOP ( 'NONE', ( #9348, #1836, #6736, #11677 ) ) ;
#4144 = CARTESIAN_POINT ( 'NONE',  ( -0.6976682230208380853, -0.6250000000000000000, 0.7317304581778040218 ) ) ;
#4145 = MECHANICAL_DESIGN_GEOMETRIC_PRESENTATION_REPRESENTATION (  '', ( #11627 ), #1449 ) ;
#4146 = SURFACE_STYLE_USAGE ( .BOTH. , #1429 ) ;
#4147 = FILL_AREA_STYLE ('',( #3162 ) ) ;
#4148 = CARTESIAN_POINT ( 'NONE',  ( -0.4093872400420847657, -0.6250000000000000000, 0.7328111289642612602 ) ) ;
#4149 = EDGE_CURVE ( 'NONE', #11799, #8690, #11988, .T. ) ;
#4150 =( NAMED_UNIT ( * ) PLANE_ANGLE_UNIT ( ) SI_UNIT ( $, .RADIAN. ) );
#4151 = B_SPLINE_CURVE_WITH_KNOTS ( 'NONE', 3,
 ( #2583, #9028, #9154, #2528 ),
 .UNSPECIFIED., .F., .F.,
 ( 4, 4 ),
 ( 35.00000000000000000, 36.00000000000000000 ),
 .UNSPECIFIED. ) ;
#4152 = ORIENTED_EDGE ( 'NONE', *, *, #798, .T. ) ;
#4153 = EDGE_CURVE ( 'NONE', #7050, #3353, #11162, .T. ) ;
#4154 = EDGE_LOOP ( 'NONE', ( #4999, #4915, #9715, #9999 ) ) ;
#4155 = B_SPLINE_SURFACE_WITH_KNOTS ( 'NONE', 3, 1, ( 
 ( #6065, #4144 ),
 ( #6190, #2202 ),
 ( #7103, #4273 ),
 ( #3098, #5012 ) ),
 .UNSPECIFIED., .F., .F., .F.,
 ( 4, 4 ),
 ( 2, 2 ),
 ( 15.00000000000000000, 16.00000000000000000 ),
 ( 0.0000000000000000000, 1.000000000000000000 ),
 .UNSPECIFIED. ) ;
#4156 = CARTESIAN_POINT ( 'NONE',  ( -0.3623035357315868010, -0.6260000000000000009, 0.7259140681193632094 ) ) ;
#4157 = COLOUR_RGB ( '',0.0000000000000000000, 0.0000000000000000000, 0.0000000000000000000 ) ;
#4158 = CARTESIAN_POINT ( 'NONE',  ( -0.2352104597604162683, -0.6250000000000000000, 0.8452089597180335589 ) ) ;
#4159 = DIRECTION ( 'NONE',  ( -0.0000000000000000000, 1.000000000000000000, -0.0000000000000000000 ) ) ;
#4160 =( NAMED_UNIT ( * ) SI_UNIT ( $, .STERADIAN. ) SOLID_ANGLE_UNIT ( ) );
#4161 = DIRECTION ( 'NONE',  ( 1.000000000000000000, 0.0000000000000000000, -0.0000000000000000000 ) ) ;
#4162 =( NAMED_UNIT ( * ) PLANE_ANGLE_UNIT ( ) SI_UNIT ( $, .RADIAN. ) );
#4163 =( NAMED_UNIT ( * ) PLANE_ANGLE_UNIT ( ) SI_UNIT ( $, .RADIAN. ) );
#4164 = PRESENTATION_STYLE_ASSIGNMENT (( #2283 ) ) ;
#4165 =( GEOMETRIC_REPRESENTATION_CONTEXT ( 3 ) GLOBAL_UNCERTAINTY_ASSIGNED_CONTEXT ( ( #4381 ) ) GLOBAL_UNIT_ASSIGNED_CONTEXT ( ( #8067, #3399, #7149 ) ) REPRESENTATION_CONTEXT ( 'NONE', 'WORKASPACE' ) );
#4166 = ORIENTED_EDGE ( 'NONE', *, *, #2574, .T. ) ;
#4167 = CARTESIAN_POINT ( 'NONE',  ( -0.3395328373643193842, -0.6250000000000000000, 0.8291273706121738973 ) ) ;
#4168 = AXIS2_PLACEMENT_3D ( 'NONE', #373, #5043, #8781 ) ;
#4169 = ORIENTED_EDGE ( 'NONE', *, *, #4209, .F. ) ;
#4170 = FILL_AREA_STYLE_COLOUR ( '', #10344 ) ;
#4171 = AXIS2_PLACEMENT_3D ( 'NONE', #10352, #5430, #9296 ) ;
#4172 =( GEOMETRIC_REPRESENTATION_CONTEXT ( 3 ) GLOBAL_UNCERTAINTY_ASSIGNED_CONTEXT ( ( #2372 ) ) GLOBAL_UNIT_ASSIGNED_CONTEXT ( ( #11603, #5750, #6726 ) ) REPRESENTATION_CONTEXT ( 'NONE', 'WORKASPACE' ) );
#4173 = CARTESIAN_POINT ( 'NONE',  ( -0.7723775601670923585, -0.6260000000000000009, 0.7346224343578966476 ) ) ;
#4174 = SURFACE_SIDE_STYLE ('',( #4968 ) ) ;
#4175 =( NAMED_UNIT ( * ) PLANE_ANGLE_UNIT ( ) SI_UNIT ( $, .RADIAN. ) );
#4176 = LINE ( 'NONE', #11758, #1314 ) ;
#4177 = CARTESIAN_POINT ( 'NONE',  ( -0.3193268751902511582, -0.6250000000000000000, 0.6935429383246171087 ) ) ;
#4178 = ORIENTED_EDGE ( 'NONE', *, *, #1687, .T. ) ;
#4179 = CARTESIAN_POINT ( 'NONE',  ( 0.4000000000000000777, 0.6250000000000001110, -0.01000000000000000021 ) ) ;
#4180 = CARTESIAN_POINT ( 'NONE',  ( -0.5308977192294062064, -0.6250000000000000000, 0.7336584300399252578 ) ) ;
#4182 = ORIENTED_EDGE ( 'NONE', *, *, #175, .F. ) ;
#4181 = UNCERTAINTY_MEASURE_WITH_UNIT (LENGTH_MEASURE( 1.000000000000000082E-05 ), #5573, 'distance_accuracy_value', 'NONE');
#4183 = STYLED_ITEM ( 'NONE', ( #355 ), #9289 ) ;
#4184 = EDGE_LOOP ( 'NONE', ( #358, #8636, #20, #3837 ) ) ;
#4185 =( GEOMETRIC_REPRESENTATION_CONTEXT ( 3 ) GLOBAL_UNCERTAINTY_ASSIGNED_CONTEXT ( ( #3511 ) ) GLOBAL_UNIT_ASSIGNED_CONTEXT ( ( #6631, #7664, #3070 ) ) REPRESENTATION_CONTEXT ( 'NONE', 'WORKASPACE' ) );
#4186 = SURFACE_SIDE_STYLE ('',( #503 ) ) ;
#4187 = CARTESIAN_POINT ( 'NONE',  ( -0.3046143006744966297, -0.6260000000000000009, 0.7908296206947073026 ) ) ;
#4188 = COLOUR_RGB ( '',0.0000000000000000000, 0.0000000000000000000, 0.0000000000000000000 ) ;
#4189 = CARTESIAN_POINT ( 'NONE',  ( -0.3232606259737883514, -0.6260000000000000009, 0.7908296206947073026 ) ) ;
#4190 = SURFACE_SIDE_STYLE ('',( #4254 ) ) ;
#4191 = CARTESIAN_POINT ( 'NONE',  ( 0.4000000000000000222, -0.6250000000000000000, 0.0000000000000000000 ) ) ;
#4192 = CARTESIAN_POINT ( 'NONE',  ( -0.5607814577652890931, -0.6260000000000000009, 0.7500462736077881942 ) ) ;
#4193 = AXIS2_PLACEMENT_3D ( 'NONE', #10192, #12101, #1794 ) ;
#4194 = PRESENTATION_STYLE_ASSIGNMENT (( #6112 ) ) ;
#4195 = CARTESIAN_POINT ( 'NONE',  ( -0.1923724336084561837, -0.6250000000000000000, 0.7093472586526470280 ) ) ;
#4196 = CARTESIAN_POINT ( 'NONE',  ( -0.5602994510096347414, -0.6250000000000000000, 0.6922068051715015713 ) ) ;
#4197 = CARTESIAN_POINT ( 'NONE',  ( -0.1376984965082507506, -0.6260000000000000009, 0.7094858930413312503 ) ) ;
#4198 = ORIENTED_EDGE ( 'NONE', *, *, #9663, .T. ) ;
#4199 = PRESENTATION_STYLE_ASSIGNMENT (( #4443 ) ) ;
#4200 =( NAMED_UNIT ( * ) PLANE_ANGLE_UNIT ( ) SI_UNIT ( $, .RADIAN. ) );
#4201 = UNCERTAINTY_MEASURE_WITH_UNIT (LENGTH_MEASURE( 1.000000000000000082E-05 ), #7118, 'distance_accuracy_value', 'NONE');
#4202 = ORIENTED_EDGE ( 'NONE', *, *, #3237, .F. ) ;
#4203 = SURFACE_STYLE_FILL_AREA ( #8673 ) ;
#4204 = ORIENTED_EDGE ( 'NONE', *, *, #1005, .F. ) ;
#4205 = EDGE_CURVE ( 'NONE', #5444, #9400, #6611, .T. ) ;
#4206 = CARTESIAN_POINT ( 'NONE',  ( -0.3285980499443696412, -0.6250000000000000000, 0.6604786365855273012 ) ) ;
#4207 = VECTOR ( 'NONE', #11591, 1000.000000000000000 ) ;
#4208 = STYLED_ITEM ( 'NONE', ( #10867 ), #5037 ) ;
#4209 = EDGE_CURVE ( 'NONE', #11751, #10285, #10365, .T. ) ;
#4210 = COLOUR_RGB ( '',0.0000000000000000000, 0.0000000000000000000, 0.0000000000000000000 ) ;
#4211 = SURFACE_SIDE_STYLE ('',( #1426 ) ) ;
#4212 = FACE_OUTER_BOUND ( 'NONE', #2724, .T. ) ;
#4213 = B_SPLINE_CURVE_WITH_KNOTS ( 'NONE', 3,
 ( #1660, #12022, #3584, #765 ),
 .UNSPECIFIED., .F., .F.,
 ( 4, 4 ),
 ( 12.00000000000000000, 13.00000000000000000 ),
 .UNSPECIFIED. ) ;
#4214 = SURFACE_SIDE_STYLE ('',( #1372 ) ) ;
#4215 = ORIENTED_EDGE ( 'NONE', *, *, #1005, .T. ) ;
#4216 = STYLED_ITEM ( 'NONE', ( #3886 ), #5421 ) ;
#4217 = FACE_OUTER_BOUND ( 'NONE', #3978, .T. ) ;
#4218 = DIRECTION ( 'NONE',  ( 0.0000000000000000000, 0.0000000000000000000, -1.000000000000000000 ) ) ;
#4219 = CARTESIAN_POINT ( 'NONE',  ( -0.2714806817410641560, -0.6250000000000000000, 0.8066685996199067787 ) ) ;
#4220 = CARTESIAN_POINT ( 'NONE',  ( -0.3505196126800235179, -0.6260000000000000009, 0.7044603964459816847 ) ) ;
#4221 = ORIENTED_EDGE ( 'NONE', *, *, #11982, .T. ) ;
#4222 = EDGE_CURVE ( 'NONE', #8390, #1845, #1998, .T. ) ;
#4223 = ORIENTED_EDGE ( 'NONE', *, *, #2345, .F. ) ;
#4224 =( LENGTH_UNIT ( ) NAMED_UNIT ( * ) SI_UNIT ( .MILLI., .METRE. ) );
#4225 = MECHANICAL_DESIGN_GEOMETRIC_PRESENTATION_REPRESENTATION (  '', ( #6394 ), #5601 ) ;
#4226 = STYLED_ITEM ( 'NONE', ( #4572 ), #7926 ) ;
#4227 = CARTESIAN_POINT ( 'NONE',  ( -0.7236960086393693370, -0.6260000000000000009, 0.6801568753099487274 ) ) ;
#4228 = CARTESIAN_POINT ( 'NONE',  ( -0.4221762624127674002, -0.6250000000000000000, 0.6969394808510793737 ) ) ;
#4229 = CARTESIAN_POINT ( 'NONE',  ( -0.3360669776432839151, -0.6250000000000000000, 0.7908296206947073026 ) ) ;
#4230 = CARTESIAN_POINT ( 'NONE',  ( -0.3211117929468702004, -0.6250000000000000000, 0.6953105267821917401 ) ) ;
#4231 = DIRECTION ( 'NONE',  ( -0.0000000000000000000, 1.000000000000000000, -0.0000000000000000000 ) ) ;
#4232 = CARTESIAN_POINT ( 'NONE',  ( -0.4270631246196632258, -0.6260000000000000009, 0.8497838945496974938 ) ) ;
#4233 = CARTESIAN_POINT ( 'NONE',  ( -1.000000000000000000, -0.2249999999999997835, -0.01000000000000000021 ) ) ;
#4234 = DIRECTION ( 'NONE',  ( -1.000000000000000000, 0.0000000000000000000, -0.0000000000000000000 ) ) ;
#4235 = EDGE_LOOP ( 'NONE', ( #7092, #2775, #8175, #2526 ) ) ;
#4236 = CARTESIAN_POINT ( 'NONE',  ( -0.1998067027099670323, -0.6250000000000000000, 0.7369008434350673431 ) ) ;
#4237 = EDGE_CURVE ( 'NONE', #6601, #2388, #8437, .T. ) ;
#4238 = VERTEX_POINT ( 'NONE', #12086 ) ;
#4239 = EDGE_CURVE ( 'NONE', #9777, #5506, #10177, .T. ) ;
#4240 =( GEOMETRIC_REPRESENTATION_CONTEXT ( 3 ) GLOBAL_UNCERTAINTY_ASSIGNED_CONTEXT ( ( #9795 ) ) GLOBAL_UNIT_ASSIGNED_CONTEXT ( ( #4258, #8857, #5056 ) ) REPRESENTATION_CONTEXT ( 'NONE', 'WORKASPACE' ) );
#4241 = CARTESIAN_POINT ( 'NONE',  ( -0.1498983227263293860, -0.6250000000000000000, 0.7387724076841534204 ) ) ;
#4242 = AXIS2_PLACEMENT_3D ( 'NONE', #2167, #9783, #7797 ) ;
#4243 =( NAMED_UNIT ( * ) PLANE_ANGLE_UNIT ( ) SI_UNIT ( $, .RADIAN. ) );
#4244 =( NAMED_UNIT ( * ) PLANE_ANGLE_UNIT ( ) SI_UNIT ( $, .RADIAN. ) );
#4245 = DIRECTION ( 'NONE',  ( -0.0000000000000000000, 1.000000000000000000, -0.0000000000000000000 ) ) ;
#4246 = CARTESIAN_POINT ( 'NONE',  ( -0.4156777754357973698, -0.6260000000000000009, 0.7055001543620371685 ) ) ;
#4247 = VERTEX_POINT ( 'NONE', #9250 ) ;
#4248 = DIRECTION ( 'NONE',  ( -1.000000000000000000, -0.0000000000000000000, -0.0000000000000000000 ) ) ;
#4249 = ORIENTED_EDGE ( 'NONE', *, *, #9709, .T. ) ;
#4250 = VERTEX_POINT ( 'NONE', #1782 ) ;
#4251 = STYLED_ITEM ( 'NONE', ( #8268 ), #1832 ) ;
#4252 = EDGE_CURVE ( 'NONE', #4330, #10890, #11394, .T. ) ;
#4253 = APPLICATION_CONTEXT ( 'automotive_design' ) ;
#4254 = SURFACE_STYLE_FILL_AREA ( #2366 ) ;
#4255 =( NAMED_UNIT ( * ) PLANE_ANGLE_UNIT ( ) SI_UNIT ( $, .RADIAN. ) );
#4256 = PRESENTATION_LAYER_ASSIGNMENT (  '', '', ( #2882 ) ) ;
#4257 = CARTESIAN_POINT ( 'NONE',  ( -0.5607814577652890931, -0.6260000000000000009, 0.7707720860419996489 ) ) ;
#4258 =( LENGTH_UNIT ( ) NAMED_UNIT ( * ) SI_UNIT ( .MILLI., .METRE. ) );
#4259 = FILL_AREA_STYLE_COLOUR ( '', #1050 ) ;
#4260 = B_SPLINE_SURFACE_WITH_KNOTS ( 'NONE', 3, 1, ( 
 ( #1001, #8421 ),
 ( #3777, #9138 ),
 ( #7520, #11289 ),
 ( #2864, #10369 ) ),
 .UNSPECIFIED., .F., .F., .F.,
 ( 4, 4 ),
 ( 2, 2 ),
 ( 4.000000000000000000, 5.000000000000000000 ),
 ( 0.0000000000000000000, 1.000000000000000000 ),
 .UNSPECIFIED. ) ;
#4261 = CARTESIAN_POINT ( 'NONE',  ( -0.3860966627165586806, -0.6250000000000000000, 0.8569928827695967311 ) ) ;
#4262 = ORIENTED_EDGE ( 'NONE', *, *, #10625, .F. ) ;
#4263 = ORIENTED_EDGE ( 'NONE', *, *, #4941, .F. ) ;
#4264 = CARTESIAN_POINT ( 'NONE',  ( -0.5313797075983812679, -0.6260000000000000009, 0.7794480053880162851 ) ) ;
#4265 = UNCERTAINTY_MEASURE_WITH_UNIT (LENGTH_MEASURE( 1.000000000000000082E-05 ), #9629, 'distance_accuracy_value', 'NONE');
#4266 = ORIENTED_EDGE ( 'NONE', *, *, #9544, .F. ) ;
#4267 = CARTESIAN_POINT ( 'NONE',  ( -0.3279915244931836948, -0.6260000000000000009, 0.6745846856503245892 ) ) ;
#4268 = SURFACE_SIDE_STYLE ('',( #585 ) ) ;
#4269 = SURFACE_SIDE_STYLE ('',( #10852 ) ) ;
#4270 = LINE ( 'NONE', #6124, #7316 ) ;
#4271 = CARTESIAN_POINT ( 'NONE',  ( -0.4021609225238317875, -0.6260000000000000009, 0.8597655705465168108 ) ) ;
#4272 = VERTEX_POINT ( 'NONE', #3587 ) ;
#4273 = CARTESIAN_POINT ( 'NONE',  ( -0.7193580305794504692, -0.6250000000000000000, 0.7481183109390059371 ) ) ;
#4274 = CARTESIAN_POINT ( 'NONE',  ( -0.2845123142921717752, -0.6260000000000000009, 0.8056288417033885541 ) ) ;
#4275 = SURFACE_SIDE_STYLE ('',( #6193 ) ) ;
#4276 = FILL_AREA_STYLE_COLOUR ( '', #3992 ) ;
#4277 = CARTESIAN_POINT ( 'NONE',  ( -0.3795288585452459840, -0.6250000000000000000, 0.7130903871512798142 ) ) ;
#4278 = VERTEX_POINT ( 'NONE', #9310 ) ;
#4279 = EDGE_CURVE ( 'NONE', #9821, #6301, #5623, .T. ) ;
#4280 = MECHANICAL_DESIGN_GEOMETRIC_PRESENTATION_REPRESENTATION (  '', ( #3493 ), #8574 ) ;
#4281 = CARTESIAN_POINT ( 'NONE',  ( -0.2876315880412645409, -0.6260000000000000009, 0.7510762096942074084 ) ) ;
#4282 =( NAMED_UNIT ( * ) SI_UNIT ( $, .STERADIAN. ) SOLID_ANGLE_UNIT ( ) );
#4283 = DIRECTION ( 'NONE',  ( -0.0000000000000000000, -0.0000000000000000000, 1.000000000000000000 ) ) ;
#4284 = DIRECTION ( 'NONE',  ( -1.000000000000000000, 0.0000000000000000000, 0.0000000000000000000 ) ) ;
#4285 =( LENGTH_UNIT ( ) NAMED_UNIT ( * ) SI_UNIT ( .MILLI., .METRE. ) );
#4286 = CARTESIAN_POINT ( 'NONE',  ( -0.2845123142921717752, -0.6260000000000000009, 0.8056288417033885541 ) ) ;
#4287 = ADVANCED_FACE ( 'NONE', ( #1842 ), #10424, .F. ) ;
#4288 = CARTESIAN_POINT ( 'NONE',  ( -0.1442316420823905043, -0.6260000000000000009, 0.7510762096942074084 ) ) ;
#4289 =( NAMED_UNIT ( * ) PLANE_ANGLE_UNIT ( ) SI_UNIT ( $, .RADIAN. ) );
#4290 = CARTESIAN_POINT ( 'NONE',  ( -0.8157571752843170154, -0.6250000000000000000, 0.8146336941246392627 ) ) ;
#4291 = ORIENTED_EDGE ( 'NONE', *, *, #1512, .F. ) ;
#4292 = CARTESIAN_POINT ( 'NONE',  ( -0.3360669776432839151, -0.6260000000000000009, 0.7908296206947073026 ) ) ;
#4293 =( LENGTH_UNIT ( ) NAMED_UNIT ( * ) SI_UNIT ( .MILLI., .METRE. ) );
#4294 = VERTEX_POINT ( 'NONE', #10483 ) ;
#4295 = PRESENTATION_LAYER_ASSIGNMENT (  '', '', ( #9228 ) ) ;
#4296 = PRESENTATION_LAYER_ASSIGNMENT (  '', '', ( #7427 ) ) ;
#4297 = LINE ( 'NONE', #10937, #4602 ) ;
#4298 = CARTESIAN_POINT ( 'NONE',  ( -0.2338934330665299044, -0.6260000000000000009, 0.8499571875360144579 ) ) ;
#4299 = CARTESIAN_POINT ( 'NONE',  ( -0.4035992543080488826, -0.6250000000000000000, 0.7974840713589456120 ) ) ;
#4300 = CARTESIAN_POINT ( 'NONE',  ( -0.4266298921543317801, -0.6260000000000000009, 0.6859527055353747960 ) ) ;
#4301 = COLOUR_RGB ( '',0.0000000000000000000, 0.0000000000000000000, 0.0000000000000000000 ) ;
#4302 = CARTESIAN_POINT ( 'NONE',  ( -0.3196734611628845868, -0.6250000000000000000, 0.6922259116307305504 ) ) ;
#4303 = SURFACE_SIDE_STYLE ('',( #5165 ) ) ;
#4304 =( LENGTH_UNIT ( ) NAMED_UNIT ( * ) SI_UNIT ( .MILLI., .METRE. ) );
#4305 = ORIENTED_EDGE ( 'NONE', *, *, #2859, .T. ) ;
#4306 = PRESENTATION_STYLE_ASSIGNMENT (( #8972 ) ) ;
#4307 = STYLED_ITEM ( 'NONE', ( #2929 ), #11126 ) ;
#4308 = ADVANCED_FACE ( 'NONE', ( #323 ), #8472, .F. ) ;
#4310 = VERTEX_POINT ( 'NONE', #2970 ) ;
#4309 = UNCERTAINTY_MEASURE_WITH_UNIT (LENGTH_MEASURE( 1.000000000000000082E-05 ), #11324, 'distance_accuracy_value', 'NONE');
#4311 = ORIENTED_EDGE ( 'NONE', *, *, #7624, .T. ) ;
#4312 = EDGE_CURVE ( 'NONE', #8145, #5931, #4347, .T. ) ;
#4313 = B_SPLINE_SURFACE_WITH_KNOTS ( 'NONE', 3, 1, ( 
 ( #10928, #2520 ),
 ( #3598, #1610 ),
 ( #5267, #6442 ),
 ( #8033, #9079 ) ),
 .UNSPECIFIED., .F., .F., .F.,
 ( 4, 4 ),
 ( 2, 2 ),
 ( 1.000000000000000000, 2.000000000000000000 ),
 ( 0.0000000000000000000, 1.000000000000000000 ),
 .UNSPECIFIED. ) ;
#4314 = CARTESIAN_POINT ( 'NONE',  ( -0.5308977192294062064, -0.6250000000000000000, 0.7505282803632126187 ) ) ;
#4315 = STYLED_ITEM ( 'NONE', ( #7216 ), #1329 ) ;
#4316 =( GEOMETRIC_REPRESENTATION_CONTEXT ( 3 ) GLOBAL_UNCERTAINTY_ASSIGNED_CONTEXT ( ( #11329 ) ) GLOBAL_UNIT_ASSIGNED_CONTEXT ( ( #9001, #7336, #8195 ) ) REPRESENTATION_CONTEXT ( 'NONE', 'WORKASPACE' ) );
#4317 =( NAMED_UNIT ( * ) SI_UNIT ( $, .STERADIAN. ) SOLID_ANGLE_UNIT ( ) );
#4318 = LINE ( 'NONE', #6111, #11852 ) ;
#4319 =( NAMED_UNIT ( * ) PLANE_ANGLE_UNIT ( ) SI_UNIT ( $, .RADIAN. ) );
#4320 =( NAMED_UNIT ( * ) SI_UNIT ( $, .STERADIAN. ) SOLID_ANGLE_UNIT ( ) );
#4321 = ORIENTED_EDGE ( 'NONE', *, *, #9695, .F. ) ;
#4322 = FILL_AREA_STYLE_COLOUR ( '', #4738 ) ;
#4323 = ORIENTED_EDGE ( 'NONE', *, *, #4763, .T. ) ;
#4324 = EDGE_CURVE ( 'NONE', #10086, #2338, #1755, .T. ) ;
#4325 = ORIENTED_EDGE ( 'NONE', *, *, #458, .F. ) ;
#4326 = AXIS2_PLACEMENT_3D ( 'NONE', #5323, #11744, #6142 ) ;
#4327 = SURFACE_SIDE_STYLE ('',( #3287 ) ) ;
#4328 = CARTESIAN_POINT ( 'NONE',  ( -0.2772686674751027036, -0.6260000000000000009, 0.8338062812358131293 ) ) ;
#4329 = CARTESIAN_POINT ( 'NONE',  ( -0.1831705760484461654, -0.6260000000000000009, 0.7180465665522892671 ) ) ;
#4330 = VERTEX_POINT ( 'NONE', #7635 ) ;
#4331 = LINE ( 'NONE', #11845, #5969 ) ;
#4332 = CARTESIAN_POINT ( 'NONE',  ( -0.2344306413231426467, -0.6250000000000000000, 0.8479123303006109724 ) ) ;
#4333 = VERTEX_POINT ( 'NONE', #10602 ) ;
#4334 = PRESENTATION_STYLE_ASSIGNMENT (( #7966 ) ) ;
#4335 = COLOUR_RGB ( '',1.000000000000000000, 0.5019607843137254832, 0.0000000000000000000 ) ;
#4336 = CARTESIAN_POINT ( 'NONE',  ( -0.5925931681630641767, -0.6250000000000000000, 0.6830488790695999901 ) ) ;
#4337 = ORIENTED_EDGE ( 'NONE', *, *, #9877, .T. ) ;
#4338 = DIRECTION ( 'NONE',  ( -0.0000000000000000000, 1.000000000000000000, -0.0000000000000000000 ) ) ;
#4339 = FACE_OUTER_BOUND ( 'NONE', #3144, .T. ) ;
#4340 = CARTESIAN_POINT ( 'NONE',  ( -0.7791254984578782627, -0.6260000000000000009, 0.7163065913478932067 ) ) ;
#4341 = FACE_OUTER_BOUND ( 'NONE', #7606, .T. ) ;
#4342 = FILL_AREA_STYLE_COLOUR ( '', #9492 ) ;
#4343 = ORIENTED_EDGE ( 'NONE', *, *, #9332, .T. ) ;
#4344 =( NAMED_UNIT ( * ) PLANE_ANGLE_UNIT ( ) SI_UNIT ( $, .RADIAN. ) );
#4345 = VECTOR ( 'NONE', #11496, 1000.000000000000114 ) ;
#4346 = EDGE_LOOP ( 'NONE', ( #7821, #5557, #7447, #6240 ) ) ;
#4347 = B_SPLINE_CURVE_WITH_KNOTS ( 'NONE', 3,
 ( #4806, #4008, #7763, #8736 ),
 .UNSPECIFIED., .F., .F.,
 ( 4, 4 ),
 ( 34.00000000000000000, 35.00000000000000000 ),
 .UNSPECIFIED. ) ;
#4348 =( NAMED_UNIT ( * ) PLANE_ANGLE_UNIT ( ) SI_UNIT ( $, .RADIAN. ) );
#4349 = ADVANCED_FACE ( 'NONE', ( #6715 ), #1298, .F. ) ;
#4350 = ADVANCED_FACE ( 'NONE', ( #1419 ), #11351, .T. ) ;
#4351 = CARTESIAN_POINT ( 'NONE',  ( -0.4040151574745620144, -0.6260000000000000009, 0.6930577179637618102 ) ) ;
#4352 = DIRECTION ( 'NONE',  ( -0.3559357243698770823, -0.0000000000000000000, -0.9345104387417461078 ) ) ;
#4353 = CARTESIAN_POINT ( 'NONE',  ( -0.5983771205227886858, -0.6260000000000000009, 0.7876419363652877870 ) ) ;
#4354 = STYLED_ITEM ( 'NONE', ( #9745 ), #4349 ) ;
#4355 =( GEOMETRIC_REPRESENTATION_CONTEXT ( 3 ) GLOBAL_UNCERTAINTY_ASSIGNED_CONTEXT ( ( #1922 ) ) GLOBAL_UNIT_ASSIGNED_CONTEXT ( ( #1639, #9109, #4435 ) ) REPRESENTATION_CONTEXT ( 'NONE', 'WORKASPACE' ) );
#4356 = CARTESIAN_POINT ( 'NONE',  ( -0.3585777365315390153, -0.6260000000000000009, 0.7002320475860265292 ) ) ;
#4357 =( LENGTH_UNIT ( ) NAMED_UNIT ( * ) SI_UNIT ( .MILLI., .METRE. ) );
#4358 = EDGE_LOOP ( 'NONE', ( #8801, #8566, #8007, #1868 ) ) ;
#4359 = CARTESIAN_POINT ( 'NONE',  ( -0.3785064299275447408, -0.6260000000000000009, 0.7263646298830482850 ) ) ;
#4360 = DIRECTION ( 'NONE',  ( 0.0000000000000000000, 0.0000000000000000000, 1.000000000000000000 ) ) ;
#4361 = EDGE_CURVE ( 'NONE', #6283, #7251, #1533, .T. ) ;
#4362 = ORIENTED_EDGE ( 'NONE', *, *, #7454, .T. ) ;
#4363 = VERTEX_POINT ( 'NONE', #8987 ) ;
#4364 = UNCERTAINTY_MEASURE_WITH_UNIT (LENGTH_MEASURE( 1.000000000000000082E-05 ), #2532, 'distance_accuracy_value', 'NONE');
#4365 = SURFACE_SIDE_STYLE ('',( #6165 ) ) ;
#4366 = COLOUR_RGB ( '',0.7529411764705882248, 0.7529411764705882248, 0.7529411764705882248 ) ;
#4367 = VECTOR ( 'NONE', #7480, 1000.000000000000000 ) ;
#4368 = DIRECTION ( 'NONE',  ( -0.0000000000000000000, -0.0000000000000000000, -1.000000000000000000 ) ) ;
#4369 = B_SPLINE_CURVE_WITH_KNOTS ( 'NONE', 3,
 ( #1377, #8881, #8815, #7713 ),
 .UNSPECIFIED., .F., .F.,
 ( 4, 4 ),
 ( 0.0000000000000000000, 1.000000000000000000 ),
 .UNSPECIFIED. ) ;
#4370 = CARTESIAN_POINT ( 'NONE',  ( -0.5757233178400067430, -0.6250000000000000000, 0.6844948625629764249 ) ) ;
#4371 = CARTESIAN_POINT ( 'NONE',  ( -0.2352104597604162683, -0.6260000000000000009, 0.8452089597180335589 ) ) ;
#4372 = LINE ( 'NONE', #5651, #1482 ) ;
#4373 = MECHANICAL_DESIGN_GEOMETRIC_PRESENTATION_REPRESENTATION (  '', ( #3199 ), #1281 ) ;
#4374 = DIRECTION ( 'NONE',  ( -0.0000000000000000000, -0.0000000000000000000, 1.000000000000000000 ) ) ;
#4375 =( NAMED_UNIT ( * ) PLANE_ANGLE_UNIT ( ) SI_UNIT ( $, .RADIAN. ) );
#4376 = PRESENTATION_STYLE_ASSIGNMENT (( #2306 ) ) ;
#4377 = SURFACE_STYLE_USAGE ( .BOTH. , #5184 ) ;
#4378 = VERTEX_POINT ( 'NONE', #1645 ) ;
#4379 = PRESENTATION_LAYER_ASSIGNMENT (  '', '', ( #3818 ) ) ;
#4380 = VERTEX_POINT ( 'NONE', #5365 ) ;
#4381 = UNCERTAINTY_MEASURE_WITH_UNIT (LENGTH_MEASURE( 1.000000000000000082E-05 ), #8067, 'distance_accuracy_value', 'NONE');
#4382 = ORIENTED_EDGE ( 'NONE', *, *, #3999, .T. ) ;
#4383 =( NAMED_UNIT ( * ) PLANE_ANGLE_UNIT ( ) SI_UNIT ( $, .RADIAN. ) );
#4384 = EDGE_CURVE ( 'NONE', #10196, #5655, #9114, .T. ) ;
#4385 = B_SPLINE_CURVE_WITH_KNOTS ( 'NONE', 3,
 ( #9573, #4951, #1325, #9765 ),
 .UNSPECIFIED., .F., .F.,
 ( 4, 4 ),
 ( 15.00000000000000000, 16.00000000000000000 ),
 .UNSPECIFIED. ) ;
#4386 = PRESENTATION_LAYER_ASSIGNMENT (  '', '', ( #127 ) ) ;
#4387 = STYLED_ITEM ( 'NONE', ( #649 ), #4786 ) ;
#4388 = VECTOR ( 'NONE', #3182, 1000.000000000000000 ) ;
#4389 = FILL_AREA_STYLE ('',( #696 ) ) ;
#4390 = CARTESIAN_POINT ( 'NONE',  ( -0.3232606259737883514, -0.6250000000000000000, 0.8586218368384853639 ) ) ;
#4391 = CARTESIAN_POINT ( 'NONE',  ( -0.2129769696497612330, -0.6260000000000000009, 0.7908296206947073026 ) ) ;
#4392 = ORIENTED_EDGE ( 'NONE', *, *, #7726, .T. ) ;
#4393 = DIRECTION ( 'NONE',  ( -0.0000000000000000000, 1.000000000000000000, -0.0000000000000000000 ) ) ;
#4394 = ORIENTED_EDGE ( 'NONE', *, *, #5485, .T. ) ;
#4395 = PRESENTATION_STYLE_ASSIGNMENT (( #706 ) ) ;
#4396 =( GEOMETRIC_REPRESENTATION_CONTEXT ( 3 ) GLOBAL_UNCERTAINTY_ASSIGNED_CONTEXT ( ( #1768 ) ) GLOBAL_UNIT_ASSIGNED_CONTEXT ( ( #6855, #2321, #702 ) ) REPRESENTATION_CONTEXT ( 'NONE', 'WORKASPACE' ) );
#4397 =( GEOMETRIC_REPRESENTATION_CONTEXT ( 3 ) GLOBAL_UNCERTAINTY_ASSIGNED_CONTEXT ( ( #10166 ) ) GLOBAL_UNIT_ASSIGNED_CONTEXT ( ( #7740, #7055, #6323 ) ) REPRESENTATION_CONTEXT ( 'NONE', 'WORKASPACE' ) );
#4398 = ORIENTED_EDGE ( 'NONE', *, *, #6090, .F. ) ;
#4399 = PRESENTATION_LAYER_ASSIGNMENT (  '', '', ( #11682 ) ) ;
#4400 = ADVANCED_FACE ( 'NONE', ( #2607 ), #9866, .F. ) ;
#4401 = LINE ( 'NONE', #2328, #7585 ) ;
#4402 = MECHANICAL_DESIGN_GEOMETRIC_PRESENTATION_REPRESENTATION (  '', ( #10310 ), #5979 ) ;
#4403 = COLOUR_RGB ( '',0.0000000000000000000, 0.0000000000000000000, 0.0000000000000000000 ) ;
#4404 = FILL_AREA_STYLE_COLOUR ( '', #8936 ) ;
#4405 = ADVANCED_FACE ( 'NONE', ( #5490 ), #9177, .F. ) ;
#4406 = DIRECTION ( 'NONE',  ( -0.0000000000000000000, 1.000000000000000000, -0.0000000000000000000 ) ) ;
#4407 = CARTESIAN_POINT ( 'NONE',  ( -0.2193714808352166534, -0.6260000000000000009, 0.7432780253219375410 ) ) ;
#4408 = VECTOR ( 'NONE', #11058, 1000.000000000000000 ) ;
#4409 = DIRECTION ( 'NONE',  ( 0.3493954794691420118, 0.0000000000000000000, -0.9369753459544857277 ) ) ;
#4410 = VECTOR ( 'NONE', #8166, 1000.000000000000227 ) ;
#4411 = DIRECTION ( 'NONE',  ( -0.0000000000000000000, -0.0000000000000000000, 1.000000000000000000 ) ) ;
#4412 = CARTESIAN_POINT ( 'NONE',  ( -0.3918846484508255457, -0.6250000000000000000, 0.6832839935504295692 ) ) ;
#4413 = CARTESIAN_POINT ( 'NONE',  ( -0.4423822245866041447, -0.6260000000000000009, 0.7215817434678952758 ) ) ;
#4414 = SURFACE_STYLE_USAGE ( .BOTH. , #5331 ) ;
#4415 = ORIENTED_EDGE ( 'NONE', *, *, #948, .T. ) ;
#4416 = PRESENTATION_LAYER_ASSIGNMENT (  '', '', ( #5992 ) ) ;
#4417 = EDGE_CURVE ( 'NONE', #3561, #8082, #7323, .T. ) ;
#4418 = CARTESIAN_POINT ( 'NONE',  ( -0.6181389378325995443, -0.6250000000000000000, 0.7399243799617344353 ) ) ;
#4419 = CARTESIAN_POINT ( 'NONE',  ( -0.2527130513516755439, -0.6260000000000000009, 0.7510762096942074084 ) ) ;
#4420 = FILL_AREA_STYLE_COLOUR ( '', #6888 ) ;
#4421 = CARTESIAN_POINT ( 'NONE',  ( -0.5954851535362660764, -0.6250000000000000000, 0.7124506108502888235 ) ) ;
#4422 = STYLED_ITEM ( 'NONE', ( #10083 ), #5932 ) ;
#4423 = CARTESIAN_POINT ( 'NONE',  ( -0.2291278759499620621, -0.6250000000000000000, 0.8586218368384853639 ) ) ;
#4424 = ORIENTED_EDGE ( 'NONE', *, *, #4075, .T. ) ;
#4425 = CARTESIAN_POINT ( 'NONE',  ( -0.3803260062811051334, -0.6260000000000000009, 0.7186357627051216390 ) ) ;
#4426 = SURFACE_STYLE_USAGE ( .BOTH. , #7197 ) ;
#4427 = ADVANCED_FACE ( 'NONE', ( #9361 ), #2672, .F. ) ;
#4428 = CARTESIAN_POINT ( 'NONE',  ( -0.3715747104854764671, -0.6250000000000000000, 0.7193982518438081231 ) ) ;
#4429 = ORIENTED_EDGE ( 'NONE', *, *, #2294, .T. ) ;
#4430 = VERTEX_POINT ( 'NONE', #18 ) ;
#4431 = CARTESIAN_POINT ( 'NONE',  ( -0.7342999090408477425, -0.6250000000000000000, 0.7177525564541258341 ) ) ;
#4432 = COLOUR_RGB ( '',0.0000000000000000000, 0.0000000000000000000, 0.0000000000000000000 ) ;
#4433 = COLOUR_RGB ( '',0.0000000000000000000, 0.0000000000000000000, 0.0000000000000000000 ) ;
#4434 = DIRECTION ( 'NONE',  ( -0.3385350343141522722, 0.0000000000000000000, -0.9409537876760557529 ) ) ;
#4435 =( NAMED_UNIT ( * ) SI_UNIT ( $, .STERADIAN. ) SOLID_ANGLE_UNIT ( ) );
#4436 = LINE ( 'NONE', #11246, #709 ) ;
#4437 = EDGE_CURVE ( 'NONE', #9461, #11024, #6987, .T. ) ;
#4439 = CARTESIAN_POINT ( 'NONE',  ( 1.000000000000000000, 0.6250000000000000000, 1.000000000000000000 ) ) ;
#4438 = AXIS2_PLACEMENT_3D ( 'NONE', #6522, #1880, #1765 ) ;
#4440 = CARTESIAN_POINT ( 'NONE',  ( -0.3415083774051487775, -0.6250000000000000000, 0.6611718085298740055 ) ) ;
#4441 = CARTESIAN_POINT ( 'NONE',  ( -0.4221762624127674002, -0.6250000000000000000, 0.6995735342393142320 ) ) ;
#4442 = VECTOR ( 'NONE', #5580, 1000.000000000000227 ) ;
#4443 = SURFACE_STYLE_USAGE ( .BOTH. , #10906 ) ;
#4444 = UNCERTAINTY_MEASURE_WITH_UNIT (LENGTH_MEASURE( 1.000000000000000082E-05 ), #6638, 'distance_accuracy_value', 'NONE');
#4445 = ORIENTED_EDGE ( 'NONE', *, *, #5261, .F. ) ;
#4446 = ORIENTED_EDGE ( 'NONE', *, *, #9090, .T. ) ;
#4447 =( LENGTH_UNIT ( ) NAMED_UNIT ( * ) SI_UNIT ( .MILLI., .METRE. ) );
#4448 = VECTOR ( 'NONE', #11601, 1000.000000000000000 ) ;
#4449 = CARTESIAN_POINT ( 'NONE',  ( -0.4205473083438770465, -0.6260000000000000009, 0.8443424947878321873 ) ) ;
#4450 = CARTESIAN_POINT ( 'NONE',  ( -0.4221762624127674002, -0.6260000000000000009, 0.6995735342393142320 ) ) ;
#4451 = ORIENTED_EDGE ( 'NONE', *, *, #9877, .F. ) ;
#4452 =( LENGTH_UNIT ( ) NAMED_UNIT ( * ) SI_UNIT ( .MILLI., .METRE. ) );
#4453 = CARTESIAN_POINT ( 'NONE',  ( -0.3674676667158520149, -0.6250000000000000000, 0.7045643722374940188 ) ) ;
#4454 = ORIENTED_EDGE ( 'NONE', *, *, #7600, .F. ) ;
#4455 = CARTESIAN_POINT ( 'NONE',  ( -0.3672423858340090885, -0.6260000000000000009, 0.6821402598423972341 ) ) ;
#4456 = ADVANCED_FACE ( 'NONE', ( #1931 ), #926, .F. ) ;
#4457 = ORIENTED_EDGE ( 'NONE', *, *, #1937, .T. ) ;
#4458 = B_SPLINE_SURFACE_WITH_KNOTS ( 'NONE', 3, 1, ( 
 ( #2910, #1942 ),
 ( #5621, #3889 ),
 ( #9550, #10421 ),
 ( #7510, #9373 ) ),
 .UNSPECIFIED., .F., .F., .F.,
 ( 4, 4 ),
 ( 2, 2 ),
 ( 9.000000000000000000, 10.00000000000000000 ),
 ( 0.0000000000000000000, 1.000000000000000000 ),
 .UNSPECIFIED. ) ;
#4459 = SURFACE_STYLE_FILL_AREA ( #7283 ) ;
#4460 = DIRECTION ( 'NONE',  ( -0.0000000000000000000, 1.000000000000000000, -0.0000000000000000000 ) ) ;
#4461 = CARTESIAN_POINT ( 'NONE',  ( -0.1184109871608345216, -0.6260000000000000009, 0.6832839935504295692 ) ) ;
#4462 = DIRECTION ( 'NONE',  ( 1.000000000000000000, -0.0000000000000000000, -0.0000000000000000000 ) ) ;
#4463 = VECTOR ( 'NONE', #1135, 1000.000000000000000 ) ;
#4464 = SURFACE_STYLE_FILL_AREA ( #722 ) ;
#4465 = ORIENTED_EDGE ( 'NONE', *, *, #9666, .F. ) ;
#4466 = CARTESIAN_POINT ( 'NONE',  ( -0.3200720350303528638, -0.6260000000000000009, 0.6913247881028975472 ) ) ;
#4467 = EDGE_CURVE ( 'NONE', #7102, #4272, #7140, .T. ) ;
#4468 = EDGE_CURVE ( 'NONE', #772, #5289, #7748, .T. ) ;
#4469 = CARTESIAN_POINT ( 'NONE',  ( -0.3803260062811051334, -0.6250000000000000000, 0.7186357627051216390 ) ) ;
#4470 = STYLED_ITEM ( 'NONE', ( #10463 ), #10774 ) ;
#4471 = CARTESIAN_POINT ( 'NONE',  ( -0.4197155020108486179, -0.6250000000000000000, 0.6912901295057251039 ) ) ;
#4472 = B_SPLINE_CURVE_WITH_KNOTS ( 'NONE', 3,
 ( #3927, #2166, #4173, #7860 ),
 .UNSPECIFIED., .F., .F.,
 ( 4, 4 ),
 ( 16.00000000000000000, 17.00000000000000000 ),
 .UNSPECIFIED. ) ;
#4473 = CARTESIAN_POINT ( 'NONE',  ( -0.4423822245866041447, -0.6260000000000000009, 0.7138182176927964084 ) ) ;
#4474 = CARTESIAN_POINT ( 'NONE',  ( -0.3494971840623221637, -0.6250000000000000000, 0.6885174417292678761 ) ) ;
#4475 = VERTEX_POINT ( 'NONE', #5907 ) ;
#4476 = SURFACE_STYLE_FILL_AREA ( #2595 ) ;
#4477 = PRESENTATION_LAYER_ASSIGNMENT (  '', '', ( #9993 ) ) ;
#4478 = SURFACE_STYLE_USAGE ( .BOTH. , #1756 ) ;
#4479 = ORIENTED_EDGE ( 'NONE', *, *, #9462, .F. ) ;
#4480 = MECHANICAL_DESIGN_GEOMETRIC_PRESENTATION_REPRESENTATION (  '', ( #5476 ), #3313 ) ;
#4481 = ORIENTED_EDGE ( 'NONE', *, *, #8538, .F. ) ;
#4482 = FACE_OUTER_BOUND ( 'NONE', #10593, .T. ) ;
#4483 = STYLED_ITEM ( 'NONE', ( #9899 ), #10976 ) ;
#4484 = CARTESIAN_POINT ( 'NONE',  ( -0.2190248948630434400, -0.6260000000000000009, 0.7510762096942074084 ) ) ;
#4485 = CARTESIAN_POINT ( 'NONE',  ( -0.4307889238197114001, -0.6260000000000000009, 0.6962463089071945221 ) ) ;
#4486 = CARTESIAN_POINT ( 'NONE',  ( -0.7342999090408477425, -0.6250000000000000000, 0.7177525564541258341 ) ) ;
#4487 = LINE ( 'NONE', #4439, #574 ) ;
#4488 = CARTESIAN_POINT ( 'NONE',  ( -0.4423822245866041447, -0.6260000000000000009, 0.7215817434678952758 ) ) ;
#4489 = CARTESIAN_POINT ( 'NONE',  ( -0.3597387995379250358, -0.6260000000000000009, 0.6890719792844680613 ) ) ;
#4490 =( NAMED_UNIT ( * ) SI_UNIT ( $, .STERADIAN. ) SOLID_ANGLE_UNIT ( ) );
#4491 = COLOUR_RGB ( '',0.0000000000000000000, 0.0000000000000000000, 0.0000000000000000000 ) ;
#4492 = ORIENTED_EDGE ( 'NONE', *, *, #6555, .T. ) ;
#4493 = ORIENTED_EDGE ( 'NONE', *, *, #9142, .T. ) ;
#4494 = EDGE_CURVE ( 'NONE', #12054, #3181, #4790, .T. ) ;
#4495 = VECTOR ( 'NONE', #3292, 1000.000000000000000 ) ;
#4496 = B_SPLINE_CURVE_WITH_KNOTS ( 'NONE', 3,
 ( #1678, #3198, #11303, #3665 ),
 .UNSPECIFIED., .F., .F.,
 ( 4, 4 ),
 ( 6.000000000000000000, 7.000000000000000000 ),
 .UNSPECIFIED. ) ;
#4497 = EDGE_CURVE ( 'NONE', #1651, #10477, #2107, .T. ) ;
#4498 = ADVANCED_FACE ( 'NONE', ( #5047, #8720, #5842, #2047, #11388, #9469, #8530, #9537, #10411, #4979, #1984, #2958, #1156, #4849 ), #8784, .F. ) ;
#4499 = B_SPLINE_SURFACE_WITH_KNOTS ( 'NONE', 3, 1, ( 
 ( #5745, #10490 ),
 ( #571, #10771 ),
 ( #7641, #6667 ),
 ( #2074, #11347 ) ),
 .UNSPECIFIED., .F., .F., .F.,
 ( 4, 4 ),
 ( 2, 2 ),
 ( 5.000000000000000000, 6.000000000000000000 ),
 ( 0.0000000000000000000, 1.000000000000000000 ),
 .UNSPECIFIED. ) ;
#4500 = FACE_OUTER_BOUND ( 'NONE', #8449, .T. ) ;
#4501 = FILL_AREA_STYLE ('',( #6369 ) ) ;
#4502 = FACE_OUTER_BOUND ( 'NONE', #3562, .T. ) ;
#4503 = ORIENTED_EDGE ( 'NONE', *, *, #158, .F. ) ;
#4504 = LINE ( 'NONE', #818, #8078 ) ;
#4505 = COLOUR_RGB ( '',0.0000000000000000000, 0.0000000000000000000, 0.0000000000000000000 ) ;
#4506 = CARTESIAN_POINT ( 'NONE',  ( -0.4020742760306735830, -0.6250000000000000000, 0.8518634103822715353 ) ) ;
#4507 = DIRECTION ( 'NONE',  ( -0.0000000000000000000, 1.000000000000000000, -0.0000000000000000000 ) ) ;
#4508 = VERTEX_POINT ( 'NONE', #6390 ) ;
#4509 =( NAMED_UNIT ( * ) PLANE_ANGLE_UNIT ( ) SI_UNIT ( $, .RADIAN. ) );
#4510 = SURFACE_STYLE_USAGE ( .BOTH. , #11031 ) ;
#4511 = CARTESIAN_POINT ( 'NONE',  ( -0.3299150766382560329, -0.6250000000000000000, 0.6700097508186606543 ) ) ;
#4512 = EDGE_LOOP ( 'NONE', ( #3253, #7597, #6771, #5440 ) ) ;
#4513 = CARTESIAN_POINT ( 'NONE',  ( -0.3714014174993909845, -0.6250000000000000000, 0.6890719792844680613 ) ) ;
#4514 = DIRECTION ( 'NONE',  ( -0.0000000000000000000, -0.0000000000000000000, -1.000000000000000000 ) ) ;
#4515 = SURFACE_STYLE_USAGE ( .BOTH. , #10129 ) ;
#4516 = CARTESIAN_POINT ( 'NONE',  ( -0.3910875007149667293, -0.6260000000000000009, 0.7910029136805626360 ) ) ;
#4517 = EDGE_CURVE ( 'NONE', #9457, #7565, #9854, .T. ) ;
#4518 = DIRECTION ( 'NONE',  ( -1.000000000000000000, 0.0000000000000000000, 0.0000000000000000000 ) ) ;
#4519 = FACE_OUTER_BOUND ( 'NONE', #9336, .T. ) ;
#4520 = CARTESIAN_POINT ( 'NONE',  ( -0.3614717293985583169, -0.6260000000000000009, 0.7328111289642612602 ) ) ;
#4521 = EDGE_CURVE ( 'NONE', #2338, #9298, #9791, .T. ) ;
#4522 = CARTESIAN_POINT ( 'NONE',  ( 0.4000000000000000777, 0.6250000000000001110, -0.01000000000000000021 ) ) ;
#4523 = CARTESIAN_POINT ( 'NONE',  ( -0.5371636599578752946, -0.6260000000000000009, 0.7172705680853816990 ) ) ;
#4524 = VERTEX_POINT ( 'NONE', #3605 ) ;
#4525 = CARTESIAN_POINT ( 'NONE',  ( -1.000000000000000000, 0.6250000000000000000, 0.0000000000000000000 ) ) ;
#4526 = CARTESIAN_POINT ( 'NONE',  ( -0.6200669280814015139, -0.6260000000000000009, 0.7129325992190329586 ) ) ;
#4527 = FACE_OUTER_BOUND ( 'NONE', #6086, .T. ) ;
#4528 = FILL_AREA_STYLE ('',( #3612 ) ) ;
#4529 = PRESENTATION_STYLE_ASSIGNMENT (( #3863 ) ) ;
#4530 = CARTESIAN_POINT ( 'NONE',  ( -0.2033072210279435743, -0.6250000000000000000, 0.7908296206947073026 ) ) ;
#4531 = PLANE ( 'NONE',  #5400 ) ;
#4532 = CARTESIAN_POINT ( 'NONE',  ( -0.7342998998475077643, -0.6260000000000000009, 0.8016198380885017905 ) ) ;
#4533 = CARTESIAN_POINT ( 'NONE',  ( -0.4093872400420847657, -0.6260000000000000009, 0.7328111289642612602 ) ) ;
#4534 = CARTESIAN_POINT ( 'NONE',  ( -0.3476776077087617156, -0.6250000000000000000, 0.6964542604902214107 ) ) ;
#4535 = ORIENTED_EDGE ( 'NONE', *, *, #10560, .T. ) ;
#4536 = VECTOR ( 'NONE', #2940, 1000.000000000000000 ) ;
#4537 = VECTOR ( 'NONE', #2507, 1000.000000000000227 ) ;
#4538 = CARTESIAN_POINT ( 'NONE',  ( -0.3689926449932274255, -0.6250000000000000000, 0.7241118210641562802 ) ) ;
#4539 = ORIENTED_EDGE ( 'NONE', *, *, #5482, .T. ) ;
#4540 = VERTEX_POINT ( 'NONE', #1403 ) ;
#4541 = FILL_AREA_STYLE ('',( #1872 ) ) ;
#4542 = STYLED_ITEM ( 'NONE', ( #10498 ), #4018 ) ;
#4543 = EDGE_CURVE ( 'NONE', #9488, #11066, #498, .T. ) ;
#4544 = CARTESIAN_POINT ( 'NONE',  ( -1.000000000000000000, 0.6250000000000000000, -0.01000000000000000021 ) ) ;
#4545 = SURFACE_SIDE_STYLE ('',( #5483 ) ) ;
#4546 =( NAMED_UNIT ( * ) PLANE_ANGLE_UNIT ( ) SI_UNIT ( $, .RADIAN. ) );
#4547 = CARTESIAN_POINT ( 'NONE',  ( -0.2193714808352166812, -0.6260000000000000009, 0.7432780253219376521 ) ) ;
#4548 = CARTESIAN_POINT ( 'NONE',  ( -0.3657347368554498823, -0.6250000000000000000, 0.7123972152069356634 ) ) ;
#4549 = PRESENTATION_LAYER_ASSIGNMENT (  '', '', ( #5341 ) ) ;
#4550 = UNCERTAINTY_MEASURE_WITH_UNIT (LENGTH_MEASURE( 1.000000000000000082E-05 ), #5837, 'distance_accuracy_value', 'NONE');
#4551 = VECTOR ( 'NONE', #4159, 1000.000000000000000 ) ;
#4552 = PRESENTATION_LAYER_ASSIGNMENT (  '', '', ( #5943 ) ) ;
#4553 = VERTEX_POINT ( 'NONE', #10766 ) ;
#4554 = VERTEX_POINT ( 'NONE', #11636 ) ;
#4555 =( NAMED_UNIT ( * ) SI_UNIT ( $, .STERADIAN. ) SOLID_ANGLE_UNIT ( ) );
#4556 = VECTOR ( 'NONE', #565, 1000.000000000000000 ) ;
#4557 = VECTOR ( 'NONE', #3472, 1000.000000000000000 ) ;
#4558 = DIRECTION ( 'NONE',  ( -0.0000000000000000000, -0.0000000000000000000, 1.000000000000000000 ) ) ;
#4559 =( LENGTH_UNIT ( ) NAMED_UNIT ( * ) SI_UNIT ( .MILLI., .METRE. ) );
#4560 = ORIENTED_EDGE ( 'NONE', *, *, #1737, .T. ) ;
#4561 = FACE_OUTER_BOUND ( 'NONE', #5475, .T. ) ;
#4562 = CARTESIAN_POINT ( 'NONE',  ( -0.6701944722960717638, -0.6260000000000000009, 0.8768111452172836495 ) ) ;
#4563 = ORIENTED_EDGE ( 'NONE', *, *, #2802, .T. ) ;
#4564 = CARTESIAN_POINT ( 'NONE',  ( -0.3398447647390891446, -0.6250000000000000000, 0.6680688693747721674 ) ) ;
#4565 = EDGE_CURVE ( 'NONE', #3044, #1599, #5459, .T. ) ;
#4566 = CARTESIAN_POINT ( 'NONE',  ( -0.1492051507824478374, -0.6260000000000000009, 0.7424115603912743167 ) ) ;
#4567 =( NAMED_UNIT ( * ) SI_UNIT ( $, .STERADIAN. ) SOLID_ANGLE_UNIT ( ) );
#4568 = VERTEX_POINT ( 'NONE', #7360 ) ;
#4569 = VECTOR ( 'NONE', #4833, 1000.000000000000000 ) ;
#4570 = COLOUR_RGB ( '',0.0000000000000000000, 0.0000000000000000000, 0.0000000000000000000 ) ;
#4571 = SURFACE_SIDE_STYLE ('',( #4459 ) ) ;
#4572 = PRESENTATION_STYLE_ASSIGNMENT (( #12093 ) ) ;
#4573 = DIRECTION ( 'NONE',  ( 1.000000000000000000, -5.872761767629819957E-16, 0.0000000000000000000 ) ) ;
#4574 = CARTESIAN_POINT ( 'NONE',  ( -0.7796075098102038803, -0.6260000000000000009, 0.6840128741942300694 ) ) ;
#4575 = SURFACE_STYLE_FILL_AREA ( #7404 ) ;
#4576 =( GEOMETRIC_REPRESENTATION_CONTEXT ( 3 ) GLOBAL_UNCERTAINTY_ASSIGNED_CONTEXT ( ( #3466 ) ) GLOBAL_UNIT_ASSIGNED_CONTEXT ( ( #2462, #657, #1740 ) ) REPRESENTATION_CONTEXT ( 'NONE', 'WORKASPACE' ) );
#4577 = VECTOR ( 'NONE', #6009, 1000.000000000000000 ) ;
#4578 =( NAMED_UNIT ( * ) PLANE_ANGLE_UNIT ( ) SI_UNIT ( $, .RADIAN. ) );
#4579 = CARTESIAN_POINT ( 'NONE',  ( -0.2197700547031451179, -0.6250000000000000000, 0.6910128607283587687 ) ) ;
#4580 = PRESENTATION_STYLE_ASSIGNMENT (( #9263 ) ) ;
#4581 = VECTOR ( 'NONE', #10810, 1000.000000000000000 ) ;
#4582 = ADVANCED_FACE ( 'NONE', ( #7015 ), #5709, .F. ) ;
#4583 = CARTESIAN_POINT ( 'NONE',  ( -1.000000000000000000, 0.6250000000000000000, 0.0000000000000000000 ) ) ;
#4584 =( LENGTH_UNIT ( ) NAMED_UNIT ( * ) SI_UNIT ( .MILLI., .METRE. ) );
#4585 = CARTESIAN_POINT ( 'NONE',  ( -0.4210151994063787151, -0.6250000000000000000, 0.8046237423845037373 ) ) ;
#4586 = ORIENTED_EDGE ( 'NONE', *, *, #1249, .T. ) ;
#4587 = CARTESIAN_POINT ( 'NONE',  ( -0.2546366034969794190, -0.6260000000000000009, 0.7215817434678952758 ) ) ;
#4588 = STYLED_ITEM ( 'NONE', ( #4395 ), #7305 ) ;
#4589 = SURFACE_STYLE_USAGE ( .BOTH. , #2650 ) ;
#4590 = PRESENTATION_LAYER_ASSIGNMENT (  '', '', ( #9111 ) ) ;
#4591 = FILL_AREA_STYLE_COLOUR ( '', #11201 ) ;
#4592 = CARTESIAN_POINT ( 'NONE',  ( -0.2225947303758217810, -0.6250000000000000000, 0.8170315201860705034 ) ) ;
#4593 =( LENGTH_UNIT ( ) NAMED_UNIT ( * ) SI_UNIT ( .MILLI., .METRE. ) );
#4594 = CARTESIAN_POINT ( 'NONE',  ( -0.3395328373643193842, -0.6260000000000000009, 0.8213638448370749190 ) ) ;
#4595 =( NAMED_UNIT ( * ) SI_UNIT ( $, .STERADIAN. ) SOLID_ANGLE_UNIT ( ) );
#4596 = SURFACE_SIDE_STYLE ('',( #7372 ) ) ;
#4597 = ORIENTED_EDGE ( 'NONE', *, *, #7865, .T. ) ;
#4598 = CARTESIAN_POINT ( 'NONE',  ( -0.3803260062811051334, -0.6260000000000000009, 0.7229334287589547214 ) ) ;
#4599 = VECTOR ( 'NONE', #9528, 1000.000000000000000 ) ;
#4600 = MECHANICAL_DESIGN_GEOMETRIC_PRESENTATION_REPRESENTATION (  '', ( #3621 ), #11879 ) ;
#4601 = FACE_OUTER_BOUND ( 'NONE', #9051, .T. ) ;
#4602 = VECTOR ( 'NONE', #6091, 1000.000000000000000 ) ;
#4603 = VERTEX_POINT ( 'NONE', #11121 ) ;
#4604 = ORIENTED_EDGE ( 'NONE', *, *, #7114, .T. ) ;
#4605 = EDGE_CURVE ( 'NONE', #6786, #11674, #6102, .T. ) ;
#4606 = UNCERTAINTY_MEASURE_WITH_UNIT (LENGTH_MEASURE( 1.000000000000000082E-05 ), #2961, 'distance_accuracy_value', 'NONE');
#4607 = B_SPLINE_SURFACE_WITH_KNOTS ( 'NONE', 3, 1, ( 
 ( #668, #10763 ),
 ( #3130, #6881 ),
 ( #10640, #2232 ),
 ( #5966, #1348 ) ),
 .UNSPECIFIED., .F., .F., .F.,
 ( 4, 4 ),
 ( 2, 2 ),
 ( 19.00000000000000000, 20.00000000000000000 ),
 ( 0.0000000000000000000, 1.000000000000000000 ),
 .UNSPECIFIED. ) ;
#4608 = CARTESIAN_POINT ( 'NONE',  ( -0.3715747104854764671, -0.6250000000000000000, 0.7213391332872367556 ) ) ;
#4609 = VECTOR ( 'NONE', #8523, 1000.000000000000000 ) ;
#4610 = CARTESIAN_POINT ( 'NONE',  ( -0.2335121884971842199, -0.6250000000000000000, 0.8477043787171224531 ) ) ;
#4611 = DIRECTION ( 'NONE',  ( -0.3559357243698743622, -0.0000000000000000000, 0.9345104387417472180 ) ) ;
#4612 = PRESENTATION_STYLE_ASSIGNMENT (( #8528 ) ) ;
#4613 = CARTESIAN_POINT ( 'NONE',  ( -0.3910528421177970060, -0.6250000000000000000, 0.7990090496363210226 ) ) ;
#4614 = CARTESIAN_POINT ( 'NONE',  ( -0.3531363367694426714, -0.6260000000000000009, 0.6859873641325445748 ) ) ;
#4615 =( GEOMETRIC_REPRESENTATION_CONTEXT ( 3 ) GLOBAL_UNCERTAINTY_ASSIGNED_CONTEXT ( ( #2298 ) ) GLOBAL_UNIT_ASSIGNED_CONTEXT ( ( #9839, #4162, #5029 ) ) REPRESENTATION_CONTEXT ( 'NONE', 'WORKASPACE' ) );
#4616 = VERTEX_POINT ( 'NONE', #6039 ) ;
#4617 = MECHANICAL_DESIGN_GEOMETRIC_PRESENTATION_REPRESENTATION (  '', ( #2288 ), #6211 ) ;
#4618 = ORIENTED_EDGE ( 'NONE', *, *, #10950, .T. ) ;
#4619 = EDGE_CURVE ( 'NONE', #11548, #3534, #10089, .T. ) ;
#4620 =( GEOMETRIC_REPRESENTATION_CONTEXT ( 3 ) GLOBAL_UNCERTAINTY_ASSIGNED_CONTEXT ( ( #6461 ) ) GLOBAL_UNIT_ASSIGNED_CONTEXT ( ( #3888, #4578, #9480 ) ) REPRESENTATION_CONTEXT ( 'NONE', 'WORKASPACE' ) );
#4621 = CARTESIAN_POINT ( 'NONE',  ( -0.2225947303758217810, -0.6260000000000000009, 0.8170315201860705034 ) ) ;
#4622 = COLOUR_RGB ( '',0.0000000000000000000, 0.0000000000000000000, 0.0000000000000000000 ) ;
#4623 = SURFACE_STYLE_FILL_AREA ( #4679 ) ;
#4624 = EDGE_LOOP ( 'NONE', ( #311, #9556, #6541, #379 ) ) ;
#4625 = SURFACE_SIDE_STYLE ('',( #936 ) ) ;
#4626 = CARTESIAN_POINT ( 'NONE',  ( -0.4201314051773617497, -0.6250000000000000000, 0.6821402598423972341 ) ) ;
#4627 = ORIENTED_EDGE ( 'NONE', *, *, #2883, .T. ) ;
#4628 = SURFACE_STYLE_USAGE ( .BOTH. , #11220 ) ;
#4629 = PRESENTATION_STYLE_ASSIGNMENT (( #940 ) ) ;
#4630 = EDGE_LOOP ( 'NONE', ( #7059, #7749, #4897, #6813 ) ) ;
#4631 = COLOUR_RGB ( '',0.0000000000000000000, 0.0000000000000000000, 0.0000000000000000000 ) ;
#4632 = CARTESIAN_POINT ( 'NONE',  ( -0.3860966627165586806, -0.6260000000000000009, 0.8020243475939006217 ) ) ;
#4633 = SURFACE_STYLE_USAGE ( .BOTH. , #7351 ) ;
#4634 = CARTESIAN_POINT ( 'NONE',  ( -0.1632245533543178750, -0.6250000000000000000, 0.7018263430577441619 ) ) ;
#4635 = SURFACE_STYLE_FILL_AREA ( #9327 ) ;
#4636 = CARTESIAN_POINT ( 'NONE',  ( -0.3039211287301524789, -0.6260000000000000009, 0.8586218368384853639 ) ) ;
#4637 = VECTOR ( 'NONE', #8267, 1000.000000000000000 ) ;
#4638 = FILL_AREA_STYLE_COLOUR ( '', #10238 ) ;
#4639 = EDGE_CURVE ( 'NONE', #12021, #5655, #11765, .T. ) ;
#4640 = CARTESIAN_POINT ( 'NONE',  ( -0.1349951259261358005, -0.6250000000000000000, 0.7018263430577441619 ) ) ;
#4641 = CARTESIAN_POINT ( 'NONE',  ( -0.4252955361618575569, -0.6250000000000000000, 0.8392823395948491028 ) ) ;
#4642 = ORIENTED_EDGE ( 'NONE', *, *, #1538, .T. ) ;
#4643 = LINE ( 'NONE', #8376, #7982 ) ;
#4644 = EDGE_CURVE ( 'NONE', #4616, #4603, #9487, .T. ) ;
#4645 = EDGE_CURVE ( 'NONE', #7534, #2084, #4496, .T. ) ;
#4646 = CARTESIAN_POINT ( 'NONE',  ( -0.2788802922454052813, -0.6260000000000000009, 0.6910128607283587687 ) ) ;
#4647 = CARTESIAN_POINT ( 'NONE',  ( -0.1184109871608345216, -0.6260000000000000009, 0.6832839935504295692 ) ) ;
#4648 = ADVANCED_FACE ( 'NONE', ( #9266 ), #6604, .F. ) ;
#4649 =( NAMED_UNIT ( * ) PLANE_ANGLE_UNIT ( ) SI_UNIT ( $, .RADIAN. ) );
#4650 = CARTESIAN_POINT ( 'NONE',  ( -0.2383643921062167659, -0.6250000000000000000, 0.6832839935504295692 ) ) ;
#4651 = CARTESIAN_POINT ( 'NONE',  ( -0.2876315880412645409, -0.6260000000000000009, 0.6832839935504295692 ) ) ;
#4652 = CARTESIAN_POINT ( 'NONE',  ( -0.4404586724415291421, -0.6260000000000000009, 0.7510762096942074084 ) ) ;
#4653 = LINE ( 'NONE', #10561, #6354 ) ;
#4654 = EDGE_LOOP ( 'NONE', ( #12085, #3618, #1108, #11883 ) ) ;
#4655 = B_SPLINE_CURVE_WITH_KNOTS ( 'NONE', 3,
 ( #2646, #10431, #9151, #1680 ),
 .UNSPECIFIED., .F., .F.,
 ( 4, 4 ),
 ( 10.00000000000000000, 11.00000000000000000 ),
 .UNSPECIFIED. ) ;
#4656 = EDGE_LOOP ( 'NONE', ( #2284, #190, #9611, #289, #2274, #11784 ) ) ;
#4657 = ORIENTED_EDGE ( 'NONE', *, *, #6649, .F. ) ;
#4658 = CARTESIAN_POINT ( 'NONE',  ( -0.4666259133354898614, -0.6260000000000000009, 0.8586218368384853639 ) ) ;
#4659 = VECTOR ( 'NONE', #7461, 1000.000000000000000 ) ;
#4660 = PLANE ( 'NONE',  #8734 ) ;
#4661 = FACE_OUTER_BOUND ( 'NONE', #5592, .T. ) ;
#4662 = VECTOR ( 'NONE', #5848, 1000.000000000000000 ) ;
#4663 = EDGE_CURVE ( 'NONE', #10890, #5432, #3170, .T. ) ;
#4664 = LINE ( 'NONE', #10407, #8725 ) ;
#4665 = SURFACE_STYLE_FILL_AREA ( #4725 ) ;
#4666 = PRESENTATION_STYLE_ASSIGNMENT (( #10915 ) ) ;
#4667 = CARTESIAN_POINT ( 'NONE',  ( -0.4095085451324154691, -0.6260000000000000009, 0.6891066378816378402 ) ) ;
#4668 = SURFACE_STYLE_FILL_AREA ( #1882 ) ;
#4669 = MECHANICAL_DESIGN_GEOMETRIC_PRESENTATION_REPRESENTATION (  '', ( #1186 ), #3686 ) ;
#4670 = CARTESIAN_POINT ( 'NONE',  ( -0.3910528421177970060, -0.6260000000000000009, 0.7990090496363210226 ) ) ;
#4671 = EDGE_CURVE ( 'NONE', #4378, #1051, #12104, .T. ) ;
#4672 =( NAMED_UNIT ( * ) SI_UNIT ( $, .STERADIAN. ) SOLID_ANGLE_UNIT ( ) );
#4673 = UNCERTAINTY_MEASURE_WITH_UNIT (LENGTH_MEASURE( 1.000000000000000082E-05 ), #4293, 'distance_accuracy_value', 'NONE');
#4674 = ORIENTED_EDGE ( 'NONE', *, *, #11321, .F. ) ;
#4675 = ORIENTED_EDGE ( 'NONE', *, *, #7062, .F. ) ;
#4676 = LINE ( 'NONE', #9475, #2558 ) ;
#4677 = VECTOR ( 'NONE', #3633, 1000.000000000000000 ) ;
#4678 = CARTESIAN_POINT ( 'NONE',  ( -0.1479401119843161971, -0.6260000000000000009, 0.7376633325737549374 ) ) ;
#4679 = FILL_AREA_STYLE ('',( #7040 ) ) ;
#4680 = ORIENTED_EDGE ( 'NONE', *, *, #627, .F. ) ;
#4681 = SURFACE_STYLE_FILL_AREA ( #2966 ) ;
#4682 = CARTESIAN_POINT ( 'NONE',  ( -0.3046143006744966297, -0.6260000000000000009, 0.7908296206947071916 ) ) ;
#4683 = CARTESIAN_POINT ( 'NONE',  ( -0.3415083774051487220, -0.6260000000000000009, 0.6687273827219466504 ) ) ;
#4684 = EDGE_CURVE ( 'NONE', #2069, #4278, #2809, .T. ) ;
#4685 = ORIENTED_EDGE ( 'NONE', *, *, #3896, .F. ) ;
#4686 = PRESENTATION_STYLE_ASSIGNMENT (( #4628 ) ) ;
#4687 = FILL_AREA_STYLE_COLOUR ( '', #1307 ) ;
#4688 = VECTOR ( 'NONE', #4462, 1000.000000000000000 ) ;
#4689 = CARTESIAN_POINT ( 'NONE',  ( -0.2197180668069255993, -0.6250000000000000000, 0.6832839935504295692 ) ) ;
#4690 = ORIENTED_EDGE ( 'NONE', *, *, #11474, .T. ) ;
#4691 =( GEOMETRIC_REPRESENTATION_CONTEXT ( 3 ) GLOBAL_UNCERTAINTY_ASSIGNED_CONTEXT ( ( #8642 ) ) GLOBAL_UNIT_ASSIGNED_CONTEXT ( ( #11955, #4383, #4555 ) ) REPRESENTATION_CONTEXT ( 'NONE', 'WORKASPACE' ) );
#4692 = DIRECTION ( 'NONE',  ( 0.9345104387438674109, 0.0000000000000000000, -0.3559357243643076485 ) ) ;
#4693 = VECTOR ( 'NONE', #5875, 1000.000000000000000 ) ;
#4694 = SURFACE_STYLE_USAGE ( .BOTH. , #10182 ) ;
#4695 = CARTESIAN_POINT ( 'NONE',  ( -0.4666259133354898614, -0.6260000000000000009, 0.7432780253219376521 ) ) ;
#4696 = CARTESIAN_POINT ( 'NONE',  ( -0.4003760047674415068, -0.6250000000000000000, 0.7029354181686063852 ) ) ;
#4697 = CARTESIAN_POINT ( 'NONE',  ( -0.7111641087955192786, -0.6260000000000000009, 0.8700632052029202423 ) ) ;
#4698 = CARTESIAN_POINT ( 'NONE',  ( -0.2511707437757130235, -0.6250000000000000000, 0.6910128607283587687 ) ) ;
#4699 =( LENGTH_UNIT ( ) NAMED_UNIT ( * ) SI_UNIT ( .MILLI., .METRE. ) );
#4700 = CARTESIAN_POINT ( 'NONE',  ( -0.2193714808352166534, -0.6250000000000000000, 0.7432780253219375410 ) ) ;
#4701 = B_SPLINE_SURFACE_WITH_KNOTS ( 'NONE', 3, 1, ( 
 ( #4682, #11532 ),
 ( #1226, #2183 ),
 ( #7632, #2252 ),
 ( #391, #4130 ) ),
 .UNSPECIFIED., .F., .F., .F.,
 ( 4, 4 ),
 ( 2, 2 ),
 ( 5.000000000000000000, 6.000000000000000000 ),
 ( 0.0000000000000000000, 1.000000000000000000 ),
 .UNSPECIFIED. ) ;
#4702 = SURFACE_STYLE_USAGE ( .BOTH. , #7409 ) ;
#4703 = CARTESIAN_POINT ( 'NONE',  ( -0.1923724336084561837, -0.6260000000000000009, 0.7178039563720904903 ) ) ;
#4704 = ORIENTED_EDGE ( 'NONE', *, *, #11197, .F. ) ;
#4705 = CARTESIAN_POINT ( 'NONE',  ( -0.2643063521183349751, -0.6260000000000000009, 0.7908296206947073026 ) ) ;
#4706 = CARTESIAN_POINT ( 'NONE',  ( -0.1489971991989588740, -0.6250000000000000000, 0.7424115603912743167 ) ) ;
#4707 =( LENGTH_UNIT ( ) NAMED_UNIT ( * ) SI_UNIT ( .MILLI., .METRE. ) );
#4708 = DIRECTION ( 'NONE',  ( -0.0000000000000000000, 1.000000000000000000, -0.0000000000000000000 ) ) ;
#4709 = SURFACE_SIDE_STYLE ('',( #5589 ) ) ;
#4710 = FACE_OUTER_BOUND ( 'NONE', #8735, .T. ) ;
#4711 =( NAMED_UNIT ( * ) PLANE_ANGLE_UNIT ( ) SI_UNIT ( $, .RADIAN. ) );
#4712 = FILL_AREA_STYLE_COLOUR ( '', #903 ) ;
#4713 = SURFACE_STYLE_USAGE ( .BOTH. , #110 ) ;
#4714 = ORIENTED_EDGE ( 'NONE', *, *, #12107, .T. ) ;
#4715 = MECHANICAL_DESIGN_GEOMETRIC_PRESENTATION_REPRESENTATION (  '', ( #8426 ), #11616 ) ;
#4716 = ADVANCED_FACE ( 'NONE', ( #8327 ), #2871, .F. ) ;
#4717 = EDGE_LOOP ( 'NONE', ( #6370, #8416, #8097, #7666 ) ) ;
#4718 = EDGE_LOOP ( 'NONE', ( #2774, #8469, #11219, #4586 ) ) ;
#4719 = UNCERTAINTY_MEASURE_WITH_UNIT (LENGTH_MEASURE( 1.000000000000000082E-05 ), #5915, 'distance_accuracy_value', 'NONE');
#4720 = EDGE_CURVE ( 'NONE', #11689, #1585, #10620, .T. ) ;
#4721 = CARTESIAN_POINT ( 'NONE',  ( -0.4147246640126687756, -0.6260000000000000009, 0.7120506292352244415 ) ) ;
#4722 = CARTESIAN_POINT ( 'NONE',  ( -0.3697204755347439642, -0.6260000000000000009, 0.7148926342064860773 ) ) ;
#4723 = STYLED_ITEM ( 'NONE', ( #8221 ), #3602 ) ;
#4724 = CARTESIAN_POINT ( 'NONE',  ( -0.4000000000000004108, 0.2250000000000001166, -0.01000000000000000021 ) ) ;
#4725 = FILL_AREA_STYLE ('',( #8400 ) ) ;
#4726 = CARTESIAN_POINT ( 'NONE',  ( -0.3918846484508255457, -0.6260000000000000009, 0.6832839935504295692 ) ) ;
#4727 = ADVANCED_FACE ( 'NONE', ( #469 ), #6072, .F. ) ;
#4728 = B_SPLINE_CURVE_WITH_KNOTS ( 'NONE', 3,
 ( #6799, #275, #11358, #4703 ),
 .UNSPECIFIED., .F., .F.,
 ( 4, 4 ),
 ( 3.000000000000000000, 4.000000000000000000 ),
 .UNSPECIFIED. ) ;
#4729 = DIRECTION ( 'NONE',  ( -0.0000000000000000000, -0.0000000000000000000, 1.000000000000000000 ) ) ;
#4730 = CARTESIAN_POINT ( 'NONE',  ( -0.1442316420823905043, -0.6260000000000000009, 0.7510762096942074084 ) ) ;
#4731 = DIRECTION ( 'NONE',  ( 1.000000000000000000, -0.0000000000000000000, -0.0000000000000000000 ) ) ;
#4732 = ORIENTED_EDGE ( 'NONE', *, *, #7813, .F. ) ;
#4733 = ORIENTED_EDGE ( 'NONE', *, *, #7738, .F. ) ;
#4734 =( GEOMETRIC_REPRESENTATION_CONTEXT ( 3 ) GLOBAL_UNCERTAINTY_ASSIGNED_CONTEXT ( ( #3774 ) ) GLOBAL_UNIT_ASSIGNED_CONTEXT ( ( #11737, #7167, #11796 ) ) REPRESENTATION_CONTEXT ( 'NONE', 'WORKASPACE' ) );
#4735 = DIRECTION ( 'NONE',  ( 1.000000000000000000, -0.0000000000000000000, -0.0000000000000000000 ) ) ;
#4736 = CARTESIAN_POINT ( 'NONE',  ( -0.2772686674751027036, -0.6260000000000000009, 0.8168928857969240953 ) ) ;
#4737 = DIRECTION ( 'NONE',  ( -0.0000000000000000000, 0.0000000000000000000, 1.000000000000000000 ) ) ;
#4738 = COLOUR_RGB ( '',0.0000000000000000000, 0.0000000000000000000, 0.0000000000000000000 ) ;
#4739 = ORIENTED_EDGE ( 'NONE', *, *, #8463, .T. ) ;
#4740 = SURFACE_SIDE_STYLE ('',( #4681 ) ) ;
#4741 = PRESENTATION_LAYER_ASSIGNMENT (  '', '', ( #6149 ) ) ;
#4742 = DIRECTION ( 'NONE',  ( -0.0000000000000000000, 1.000000000000000000, -0.0000000000000000000 ) ) ;
#4743 = VERTEX_POINT ( 'NONE', #11611 ) ;
#4744 = DIRECTION ( 'NONE',  ( -0.0000000000000000000, 1.000000000000000000, -0.0000000000000000000 ) ) ;
#4745 = VERTEX_POINT ( 'NONE', #1432 ) ;
#4746 = UNCERTAINTY_MEASURE_WITH_UNIT (LENGTH_MEASURE( 1.000000000000000082E-05 ), #3346, 'distance_accuracy_value', 'NONE');
#4747 = ORIENTED_EDGE ( 'NONE', *, *, #1686, .T. ) ;
#4748 = STYLED_ITEM ( 'NONE', ( #2990 ), #4648 ) ;
#4749 = CARTESIAN_POINT ( 'NONE',  ( -0.8157571752843170154, -0.6260000000000000009, 0.8146336941246392627 ) ) ;
#4750 = COLOUR_RGB ( '',0.0000000000000000000, 0.0000000000000000000, 1.000000000000000000 ) ;
#4751 = VECTOR ( 'NONE', #9626, 1000.000000000000000 ) ;
#4752 = FACE_OUTER_BOUND ( 'NONE', #10622, .T. ) ;
#4753 = FACE_OUTER_BOUND ( 'NONE', #686, .T. ) ;
#4754 = CARTESIAN_POINT ( 'NONE',  ( -0.3860966627165586806, -0.6260000000000000009, 0.8020243475939006217 ) ) ;
#4755 = CARTESIAN_POINT ( 'NONE',  ( -0.2352104597604162683, -0.6260000000000000009, 0.8452089597180334479 ) ) ;
#4756 = FILL_AREA_STYLE ('',( #6560 ) ) ;
#4757 = SURFACE_STYLE_USAGE ( .BOTH. , #9389 ) ;
#4758 = ORIENTED_EDGE ( 'NONE', *, *, #1374, .T. ) ;
#4759 = VECTOR ( 'NONE', #3383, 1000.000000000000000 ) ;
#4760 = ADVANCED_FACE ( 'NONE', ( #9886 ), #1039, .F. ) ;
#4761 = ORIENTED_EDGE ( 'NONE', *, *, #1414, .T. ) ;
#4762 =( NAMED_UNIT ( * ) PLANE_ANGLE_UNIT ( ) SI_UNIT ( $, .RADIAN. ) );
#4763 = EDGE_CURVE ( 'NONE', #500, #3447, #6858, .T. ) ;
#4764 =( GEOMETRIC_REPRESENTATION_CONTEXT ( 3 ) GLOBAL_UNCERTAINTY_ASSIGNED_CONTEXT ( ( #2553 ) ) GLOBAL_UNIT_ASSIGNED_CONTEXT ( ( #2628, #10974, #1730 ) ) REPRESENTATION_CONTEXT ( 'NONE', 'WORKASPACE' ) );
#4765 = CARTESIAN_POINT ( 'NONE',  ( -0.3689926449932274255, -0.6260000000000000009, 0.7241118210641562802 ) ) ;
#4766 = DIRECTION ( 'NONE',  ( -0.0000000000000000000, -0.0000000000000000000, 1.000000000000000000 ) ) ;
#4767 = FACE_OUTER_BOUND ( 'NONE', #7571, .T. ) ;
#4768 = PRESENTATION_LAYER_ASSIGNMENT (  '', '', ( #3211 ) ) ;
#4769 =( NAMED_UNIT ( * ) SI_UNIT ( $, .STERADIAN. ) SOLID_ANGLE_UNIT ( ) );
#4770 = DIRECTION ( 'NONE',  ( 0.0000000000000000000, 0.0000000000000000000, 1.000000000000000000 ) ) ;
#4771 = LINE ( 'NONE', #7543, #6361 ) ;
#4772 =( NAMED_UNIT ( * ) PLANE_ANGLE_UNIT ( ) SI_UNIT ( $, .RADIAN. ) );
#4773 = ORIENTED_EDGE ( 'NONE', *, *, #3969, .T. ) ;
#4774 = PLANE ( 'NONE',  #7324 ) ;
#4775 = EDGE_CURVE ( 'NONE', #7326, #3260, #2208, .T. ) ;
#4776 = ORIENTED_EDGE ( 'NONE', *, *, #8079, .T. ) ;
#4777 = COLOUR_RGB ( '',0.0000000000000000000, 0.0000000000000000000, 0.0000000000000000000 ) ;
#4778 = ORIENTED_EDGE ( 'NONE', *, *, #6103, .F. ) ;
#4779 = CARTESIAN_POINT ( 'NONE',  ( -0.4223495553988524942, -0.6250000000000000000, 0.7927705021385973438 ) ) ;
#4780 = CARTESIAN_POINT ( 'NONE',  ( -0.5607814577652890931, -0.6260000000000000009, 0.7302844471044068753 ) ) ;
#4781 =( NAMED_UNIT ( * ) PLANE_ANGLE_UNIT ( ) SI_UNIT ( $, .RADIAN. ) );
#4782 = COLOUR_RGB ( '',0.0000000000000000000, 0.0000000000000000000, 0.0000000000000000000 ) ;
#4783 = COLOUR_RGB ( '',0.0000000000000000000, 0.0000000000000000000, 0.0000000000000000000 ) ;
#4784 = CARTESIAN_POINT ( 'NONE',  ( -0.3860966627165586806, -0.6250000000000000000, 0.8478430131062688613 ) ) ;
#4785 = CARTESIAN_POINT ( 'NONE',  ( -0.5607814577652890931, -0.6250000000000000000, 0.7707720860419996489 ) ) ;
#4786 = ADVANCED_FACE ( 'NONE', ( #5937 ), #5077, .F. ) ;
#4787 = CARTESIAN_POINT ( 'NONE',  ( -0.6701944722960717638, -0.6250000000000000000, 0.8768111452172836495 ) ) ;
#4788 = CARTESIAN_POINT ( 'NONE',  ( -0.3715747104854764671, -0.6250000000000000000, 0.7174573703999167495 ) ) ;
#4789 = DIRECTION ( 'NONE',  ( -0.0000000000000000000, 1.000000000000000000, -0.0000000000000000000 ) ) ;
#4790 = LINE ( 'NONE', #2901, #2616 ) ;
#4791 = ORIENTED_EDGE ( 'NONE', *, *, #7114, .F. ) ;
#4792 = ORIENTED_EDGE ( 'NONE', *, *, #158, .T. ) ;
#4793 = CARTESIAN_POINT ( 'NONE',  ( -0.4101843877779435266, -0.6260000000000000009, 0.7259140681193632094 ) ) ;
#4794 = STYLED_ITEM ( 'NONE', ( #5344 ), #5900 ) ;
#4795 = MECHANICAL_DESIGN_GEOMETRIC_PRESENTATION_REPRESENTATION (  '', ( #156 ), #9132 ) ;
#4796 = B_SPLINE_CURVE_WITH_KNOTS ( 'NONE', 3,
 ( #5934, #4085, #7902, #3101 ),
 .UNSPECIFIED., .F., .F.,
 ( 4, 4 ),
 ( 7.000000000000000000, 8.000000000000000000 ),
 .UNSPECIFIED. ) ;
#4797 = ADVANCED_FACE ( 'NONE', ( #8085 ), #11315, .F. ) ;
#4798 =( LENGTH_UNIT ( ) NAMED_UNIT ( * ) SI_UNIT ( .MILLI., .METRE. ) );
#4799 = CARTESIAN_POINT ( 'NONE',  ( -0.3563942449072202701, -0.6260000000000000009, 0.6956224541571924824 ) ) ;
#4800 = EDGE_LOOP ( 'NONE', ( #9449, #7148, #7241, #11825 ) ) ;
#4802 = PRESENTATION_LAYER_ASSIGNMENT (  '', '', ( #8519 ) ) ;
#4801 = PRESENTATION_STYLE_ASSIGNMENT (( #318 ) ) ;
#4803 = CARTESIAN_POINT ( 'NONE',  ( -0.1933948622259264172, -0.6260000000000000009, 0.7420996330167346500 ) ) ;
#4804 = DIRECTION ( 'NONE',  ( 0.0000000000000000000, 0.0000000000000000000, 1.000000000000000000 ) ) ;
#4805 = ORIENTED_EDGE ( 'NONE', *, *, #2490, .F. ) ;
#4806 = CARTESIAN_POINT ( 'NONE',  ( -0.5487315646773255340, -0.6260000000000000009, 0.7047386866284428564 ) ) ;
#4807 = VERTEX_POINT ( 'NONE', #10919 ) ;
#4808 =( NAMED_UNIT ( * ) PLANE_ANGLE_UNIT ( ) SI_UNIT ( $, .RADIAN. ) );
#4809 = VERTEX_POINT ( 'NONE', #9069 ) ;
#4810 = LINE ( 'NONE', #4466, #11542 ) ;
#4811 = EDGE_CURVE ( 'NONE', #1933, #11799, #1340, .T. ) ;
#4812 = FILL_AREA_STYLE_COLOUR ( '', #4631 ) ;
#4813 = MECHANICAL_DESIGN_GEOMETRIC_PRESENTATION_REPRESENTATION (  '', ( #11509 ), #10536 ) ;
#4814 = SURFACE_STYLE_FILL_AREA ( #8677 ) ;
#4815 = CARTESIAN_POINT ( 'NONE',  ( -0.7342998998475077643, -0.6250000000000000000, 0.8016198380885017905 ) ) ;
#4816 =( NAMED_UNIT ( * ) PLANE_ANGLE_UNIT ( ) SI_UNIT ( $, .RADIAN. ) );
#4817 = EDGE_CURVE ( 'NONE', #10844, #2361, #1548, .T. ) ;
#4818 = LINE ( 'NONE', #11297, #6168 ) ;
#4819 = LINE ( 'NONE', #4754, #8074 ) ;
#4820 = DIRECTION ( 'NONE',  ( -0.0000000000000000000, -0.0000000000000000000, -1.000000000000000000 ) ) ;
#4821 = MECHANICAL_DESIGN_GEOMETRIC_PRESENTATION_REPRESENTATION (  '', ( #10141 ), #10728 ) ;
#4822 = PRESENTATION_STYLE_ASSIGNMENT (( #3604 ) ) ;
#4823 = CARTESIAN_POINT ( 'NONE',  ( -0.3366908323930571378, -0.6250000000000000000, 0.6677569419997686495 ) ) ;
#4824 = ORIENTED_EDGE ( 'NONE', *, *, #4775, .T. ) ;
#4825 = ORIENTED_EDGE ( 'NONE', *, *, #11224, .F. ) ;
#4826 = CARTESIAN_POINT ( 'NONE',  ( -0.6856183391259830229, -0.6260000000000000009, 0.7023287080108963076 ) ) ;
#4827 = CARTESIAN_POINT ( 'NONE',  ( -0.5983771205227886858, -0.6260000000000000009, 0.7876419363652877870 ) ) ;
#4828 =( NAMED_UNIT ( * ) PLANE_ANGLE_UNIT ( ) SI_UNIT ( $, .RADIAN. ) );
#4829 = VECTOR ( 'NONE', #6075, 1000.000000000000000 ) ;
#4830 = LINE ( 'NONE', #6919, #4551 ) ;
#4831 = FACE_OUTER_BOUND ( 'NONE', #7663, .T. ) ;
#4832 = DIRECTION ( 'NONE',  ( 1.000000000000000000, -0.0000000000000000000, -0.0000000000000000000 ) ) ;
#4833 = DIRECTION ( 'NONE',  ( -0.0000000000000000000, 1.000000000000000000, -0.0000000000000000000 ) ) ;
#4834 = ORIENTED_EDGE ( 'NONE', *, *, #5259, .F. ) ;
#4835 = CARTESIAN_POINT ( 'NONE',  ( -0.7530977404195974279, -0.6260000000000000009, 0.6883508062872206734 ) ) ;
#4836 = EDGE_CURVE ( 'NONE', #8176, #2414, #10056, .T. ) ;
#4837 = EDGE_CURVE ( 'NONE', #2312, #7094, #1597, .T. ) ;
#4838 = ORIENTED_EDGE ( 'NONE', *, *, #5485, .F. ) ;
#4839 = ORIENTED_EDGE ( 'NONE', *, *, #8489, .F. ) ;
#4840 = UNCERTAINTY_MEASURE_WITH_UNIT (LENGTH_MEASURE( 1.000000000000000082E-05 ), #330, 'distance_accuracy_value', 'NONE');
#4841 = CARTESIAN_POINT ( 'NONE',  ( -0.2190248948630434400, -0.6250000000000000000, 0.7510762096942074084 ) ) ;
#4842 = SURFACE_STYLE_USAGE ( .BOTH. , #2287 ) ;
#4843 =( LENGTH_UNIT ( ) NAMED_UNIT ( * ) SI_UNIT ( .MILLI., .METRE. ) );
#4844 = SURFACE_SIDE_STYLE ('',( #1925 ) ) ;
#4845 = CARTESIAN_POINT ( 'NONE',  ( -0.4157817512275402416, -0.6260000000000000009, 0.8493679913831820860 ) ) ;
#4846 = CARTESIAN_POINT ( 'NONE',  ( -0.4270631246196632258, -0.6250000000000000000, 0.8497838945496974938 ) ) ;
#4847 =( LENGTH_UNIT ( ) NAMED_UNIT ( * ) SI_UNIT ( .MILLI., .METRE. ) );
#4848 = CARTESIAN_POINT ( 'NONE',  ( -0.3585777365315390153, -0.6250000000000000000, 0.7002320475860265292 ) ) ;
#4849 = FACE_BOUND ( 'NONE', #7379, .T. ) ;
#4850 = ORIENTED_EDGE ( 'NONE', *, *, #4811, .F. ) ;
#4851 = COLOUR_RGB ( '',0.0000000000000000000, 0.0000000000000000000, 0.0000000000000000000 ) ;
#4852 = VERTEX_POINT ( 'NONE', #9135 ) ;
#4853 = VERTEX_POINT ( 'NONE', #10427 ) ;
#4854 = B_SPLINE_CURVE_WITH_KNOTS ( 'NONE', 3,
 ( #9124, #11733, #4450, #6245 ),
 .UNSPECIFIED., .F., .F.,
 ( 4, 4 ),
 ( 1.000000000000000000, 2.000000000000000000 ),
 .UNSPECIFIED. ) ;
#4855 = DIRECTION ( 'NONE',  ( -1.000000000000000000, -0.0000000000000000000, -0.0000000000000000000 ) ) ;
#4856 =( GEOMETRIC_REPRESENTATION_CONTEXT ( 3 ) GLOBAL_UNCERTAINTY_ASSIGNED_CONTEXT ( ( #4309 ) ) GLOBAL_UNIT_ASSIGNED_CONTEXT ( ( #11324, #9533, #2836 ) ) REPRESENTATION_CONTEXT ( 'NONE', 'WORKASPACE' ) );
#4857 = PRESENTATION_STYLE_ASSIGNMENT (( #1165 ) ) ;
#4858 = CARTESIAN_POINT ( 'NONE',  ( 1.000000000000000000, -0.6250000000000000000, 1.000000000000000000 ) ) ;
#4859 =( NAMED_UNIT ( * ) PLANE_ANGLE_UNIT ( ) SI_UNIT ( $, .RADIAN. ) );
#4860 = SURFACE_STYLE_USAGE ( .BOTH. , #7760 ) ;
#4861 =( NAMED_UNIT ( * ) PLANE_ANGLE_UNIT ( ) SI_UNIT ( $, .RADIAN. ) );
#4862 = EDGE_LOOP ( 'NONE', ( #2083, #11190, #7184, #3343 ) ) ;
#4863 =( NAMED_UNIT ( * ) PLANE_ANGLE_UNIT ( ) SI_UNIT ( $, .RADIAN. ) );
#4864 = CARTESIAN_POINT ( 'NONE',  ( -0.3697204755347439642, -0.6260000000000000009, 0.7148926342064860773 ) ) ;
#4865 = EDGE_CURVE ( 'NONE', #6364, #8450, #10367, .T. ) ;
#4866 = AXIS2_PLACEMENT_3D ( 'NONE', #2417, #6289, #2484 ) ;
#4867 = ORIENTED_EDGE ( 'NONE', *, *, #8951, .F. ) ;
#4868 = CARTESIAN_POINT ( 'NONE',  ( -0.3188069962322234718, -0.6260000000000000009, 0.6952412095878495180 ) ) ;
#4869 = UNCERTAINTY_MEASURE_WITH_UNIT (LENGTH_MEASURE( 1.000000000000000082E-05 ), #674, 'distance_accuracy_value', 'NONE');
#4870 = ORIENTED_EDGE ( 'NONE', *, *, #4872, .T. ) ;
#4871 = PRESENTATION_LAYER_ASSIGNMENT (  '', '', ( #7424 ) ) ;
#4872 = EDGE_CURVE ( 'NONE', #3606, #2224, #997, .T. ) ;
#4873 = LINE ( 'NONE', #2071, #6234 ) ;
#4874 = PRESENTATION_LAYER_ASSIGNMENT (  '', '', ( #1009 ) ) ;
#4875 = EDGE_CURVE ( 'NONE', #7921, #6364, #8418, .T. ) ;
#4876 = CARTESIAN_POINT ( 'NONE',  ( -0.3614717293985583169, -0.6260000000000000009, 0.7328111289642612602 ) ) ;
#4877 = CARTESIAN_POINT ( 'NONE',  ( -0.3956797648454490890, -0.6260000000000000009, 0.8597655705465168108 ) ) ;
#4878 = FACE_OUTER_BOUND ( 'NONE', #8359, .T. ) ;
#4879 = FILL_AREA_STYLE_COLOUR ( '', #3496 ) ;
#4880 = SURFACE_STYLE_USAGE ( .BOTH. , #849 ) ;
#4881 = DIRECTION ( 'NONE',  ( 0.0000000000000000000, 0.0000000000000000000, 1.000000000000000000 ) ) ;
#4882 = FILL_AREA_STYLE ('',( #8497 ) ) ;
#4883 = CARTESIAN_POINT ( 'NONE',  ( -0.2680668099160172235, -0.6250000000000000000, 0.8150906387421802402 ) ) ;
#4884 = CARTESIAN_POINT ( 'NONE',  ( -0.3714014174993909845, -0.6250000000000000000, 0.6890719792844680613 ) ) ;
#4885 = PRESENTATION_STYLE_ASSIGNMENT (( #4087 ) ) ;
#4886 = B_SPLINE_CURVE_WITH_KNOTS ( 'NONE', 3,
 ( #2880, #3793, #6501, #1802 ),
 .UNSPECIFIED., .F., .F.,
 ( 4, 4 ),
 ( 8.000000000000000000, 9.000000000000000000 ),
 .UNSPECIFIED. ) ;
#4887 = ORIENTED_EDGE ( 'NONE', *, *, #2524, .T. ) ;
#4888 = EDGE_LOOP ( 'NONE', ( #8026, #10503, #314, #5739 ) ) ;
#4889 =( GEOMETRIC_REPRESENTATION_CONTEXT ( 3 ) GLOBAL_UNCERTAINTY_ASSIGNED_CONTEXT ( ( #9286 ) ) GLOBAL_UNIT_ASSIGNED_CONTEXT ( ( #4447, #1588, #11838 ) ) REPRESENTATION_CONTEXT ( 'NONE', 'WORKASPACE' ) );
#4890 = CARTESIAN_POINT ( 'NONE',  ( -0.2960536271635385019, -0.6260000000000000009, 0.7985584878726350588 ) ) ;
#4891 = VECTOR ( 'NONE', #7574, 1000.000000000000000 ) ;
#4892 = LINE ( 'NONE', #4827, #6581 ) ;
#4893 = CARTESIAN_POINT ( 'NONE',  ( -0.3524258355265112441, -0.6250000000000000000, 0.7066092294728970602 ) ) ;
#4894 = PLANE ( 'NONE',  #2327 ) ;
#4895 = CARTESIAN_POINT ( 'NONE',  ( -0.3039211287301524789, -0.6250000000000000000, 0.8586218368384853639 ) ) ;
#4896 =( NAMED_UNIT ( * ) PLANE_ANGLE_UNIT ( ) SI_UNIT ( $, .RADIAN. ) );
#4897 = ORIENTED_EDGE ( 'NONE', *, *, #6948, .F. ) ;
#4898 = EDGE_LOOP ( 'NONE', ( #2597, #5710, #1381, #8354 ) ) ;
#4899 = DIRECTION ( 'NONE',  ( -0.3283461648125114429, 0.0000000000000000000, 0.9445574604294409982 ) ) ;
#4900 = VECTOR ( 'NONE', #3338, 1000.000000000000114 ) ;
#4901 = ORIENTED_EDGE ( 'NONE', *, *, #4153, .F. ) ;
#4902 = ADVANCED_FACE ( 'NONE', ( #3707 ), #1311, .F. ) ;
#4903 = EDGE_LOOP ( 'NONE', ( #6965, #7623, #4012, #11986 ) ) ;
#4904 = CARTESIAN_POINT ( 'NONE',  ( -0.6210309048191221537, -0.6260000000000000009, 0.6830488790695999901 ) ) ;
#4905 = B_SPLINE_CURVE_WITH_KNOTS ( 'NONE', 3,
 ( #2838, #8527, #6820, #3750 ),
 .UNSPECIFIED., .F., .F.,
 ( 4, 4 ),
 ( 5.000000000000000000, 6.000000000000000000 ),
 .UNSPECIFIED. ) ;
#4906 = CARTESIAN_POINT ( 'NONE',  ( -0.1482693686574422520, -0.6260000000000000009, 0.7385991146982979760 ) ) ;
#4907 = LINE ( 'NONE', #4724, #8142 ) ;
#4908 = CARTESIAN_POINT ( 'NONE',  ( -0.3779172337749439059, -0.6250000000000000000, 0.7109762127215346617 ) ) ;
#4909 = CARTESIAN_POINT ( 'NONE',  ( -0.1865844478739556167, -0.6250000000000000000, 0.7361036956992085267 ) ) ;
#4910 = AXIS2_PLACEMENT_3D ( 'NONE', #8808, #9754, #459 ) ;
#4911 = CARTESIAN_POINT ( 'NONE',  ( -0.4666259133354898614, -0.6260000000000000009, 0.8586218368384853639 ) ) ;
#4912 = SURFACE_STYLE_USAGE ( .BOTH. , #374 ) ;
#4913 = CARTESIAN_POINT ( 'NONE',  ( -0.3766348656782271820, -0.6250000000000000000, 0.6831107005641131602 ) ) ;
#4915 = ORIENTED_EDGE ( 'NONE', *, *, #2244, .F. ) ;
#4914 = UNCERTAINTY_MEASURE_WITH_UNIT (LENGTH_MEASURE( 1.000000000000000082E-05 ), #8323, 'distance_accuracy_value', 'NONE');
#4916 = ORIENTED_EDGE ( 'NONE', *, *, #9620, .T. ) ;
#4917 = VERTEX_POINT ( 'NONE', #1896 ) ;
#4918 = EDGE_CURVE ( 'NONE', #6601, #8375, #11407, .T. ) ;
#4919 = ADVANCED_FACE ( 'NONE', ( #146 ), #8485, .F. ) ;
#4920 = DIRECTION ( 'NONE',  ( 1.000000000000000000, -4.336808689942018352E-17, 0.0000000000000000000 ) ) ;
#4921 = PRESENTATION_STYLE_ASSIGNMENT (( #1292 ) ) ;
#4922 = CARTESIAN_POINT ( 'NONE',  ( -0.7342998998475077643, -0.6260000000000000009, 0.8016198380885017905 ) ) ;
#4923 = PRESENTATION_STYLE_ASSIGNMENT (( #194 ) ) ;
#4924 = CARTESIAN_POINT ( 'NONE',  ( -0.4147246640126687756, -0.6250000000000000000, 0.7120506292352243305 ) ) ;
#4925 = CARTESIAN_POINT ( 'NONE',  ( -0.8157571752843170154, -0.6260000000000000009, 0.8146336941246392627 ) ) ;
#4926 = CARTESIAN_POINT ( 'NONE',  ( -0.3531363367694426714, -0.6250000000000000000, 0.6859873641325445748 ) ) ;
#4927 = B_SPLINE_SURFACE_WITH_KNOTS ( 'NONE', 3, 1, ( 
 ( #509, #5119 ),
 ( #8858, #7818 ),
 ( #6778, #4195 ),
 ( #11590, #7946 ) ),
 .UNSPECIFIED., .F., .F., .F.,
 ( 4, 4 ),
 ( 2, 2 ),
 ( 3.000000000000000000, 4.000000000000000000 ),
 ( 0.0000000000000000000, 1.000000000000000000 ),
 .UNSPECIFIED. ) ;
#4928 = LINE ( 'NONE', #8668, #6069 ) ;
#4929 = ORIENTED_EDGE ( 'NONE', *, *, #12040, .F. ) ;
#4930 = CARTESIAN_POINT ( 'NONE',  ( -0.3748846065190087895, -0.6260000000000000009, 0.7289640246736514007 ) ) ;
#4931 = LINE ( 'NONE', #10723, #7345 ) ;
#4932 = VERTEX_POINT ( 'NONE', #1173 ) ;
#4933 = DIRECTION ( 'NONE',  ( -0.0000000000000000000, 0.0000000000000000000, 1.000000000000000000 ) ) ;
#4934 = ORIENTED_EDGE ( 'NONE', *, *, #2049, .T. ) ;
#4935 =( GEOMETRIC_REPRESENTATION_CONTEXT ( 3 ) GLOBAL_UNCERTAINTY_ASSIGNED_CONTEXT ( ( #981 ) ) GLOBAL_UNIT_ASSIGNED_CONTEXT ( ( #11339, #4509, #3945 ) ) REPRESENTATION_CONTEXT ( 'NONE', 'WORKASPACE' ) );
#4936 = COLOUR_RGB ( '',0.0000000000000000000, 0.0000000000000000000, 0.0000000000000000000 ) ;
#4937 = LINE ( 'NONE', #10610, #6492 ) ;
#4938 = STYLED_ITEM ( 'NONE', ( #4857 ), #64 ) ;
#4939 = CARTESIAN_POINT ( 'NONE',  ( -0.3415083774051487220, -0.6260000000000000009, 0.6687273827219466504 ) ) ;
#4940 = ORIENTED_EDGE ( 'NONE', *, *, #11396, .T. ) ;
#4941 = EDGE_CURVE ( 'NONE', #5536, #9792, #9617, .T. ) ;
#4942 = CARTESIAN_POINT ( 'NONE',  ( -0.2680668099160172235, -0.6260000000000000009, 0.8150906387421802402 ) ) ;
#4943 = SURFACE_STYLE_USAGE ( .BOTH. , #5877 ) ;
#4944 = DIRECTION ( 'NONE',  ( -0.0000000000000000000, -0.0000000000000000000, 1.000000000000000000 ) ) ;
#4945 = PRESENTATION_STYLE_ASSIGNMENT (( #1248 ) ) ;
#4946 = EDGE_LOOP ( 'NONE', ( #10800, #11563, #741, #6472 ) ) ;
#4947 = MECHANICAL_DESIGN_GEOMETRIC_PRESENTATION_REPRESENTATION (  '', ( #5733 ), #3762 ) ;
#4948 = ORIENTED_EDGE ( 'NONE', *, *, #7036, .F. ) ;
#4949 = VECTOR ( 'NONE', #11215, 1000.000000000000000 ) ;
#4950 = MECHANICAL_DESIGN_GEOMETRIC_PRESENTATION_REPRESENTATION (  '', ( #6149 ), #695 ) ;
#4951 = CARTESIAN_POINT ( 'NONE',  ( -0.7063441423670857588, -0.6250000000000000000, 0.7418523702105359607 ) ) ;
#4952 =( NAMED_UNIT ( * ) PLANE_ANGLE_UNIT ( ) SI_UNIT ( $, .RADIAN. ) );
#4953 = CARTESIAN_POINT ( 'NONE',  ( -0.3560649882336316963, -0.6260000000000000009, 0.7087234039026422128 ) ) ;
#4954 =( LENGTH_UNIT ( ) NAMED_UNIT ( * ) SI_UNIT ( .MILLI., .METRE. ) );
#4955 = VECTOR ( 'NONE', #9335, 1000.000000000000000 ) ;
#4956 = LINE ( 'NONE', #9770, #7220 ) ;
#4957 = EDGE_CURVE ( 'NONE', #5536, #6874, #10371, .T. ) ;
#4958 = MECHANICAL_DESIGN_GEOMETRIC_PRESENTATION_REPRESENTATION (  '', ( #1285 ), #2433 ) ;
#4959 = SURFACE_STYLE_USAGE ( .BOTH. , #7981 ) ;
#4960 = CARTESIAN_POINT ( 'NONE',  ( -0.4205299790452924902, -0.6250000000000000000, 0.8564383452143975450 ) ) ;
#4961 = VERTEX_POINT ( 'NONE', #6057 ) ;
#4962 = ORIENTED_EDGE ( 'NONE', *, *, #8358, .T. ) ;
#4963 = VERTEX_POINT ( 'NONE', #6785 ) ;
#4964 = B_SPLINE_CURVE_WITH_KNOTS ( 'NONE', 3,
 ( #5065, #4138, #3223, #11662 ),
 .UNSPECIFIED., .F., .F.,
 ( 4, 4 ),
 ( 5.000000000000000000, 6.000000000000000000 ),
 .UNSPECIFIED. ) ;
#4965 = COLOUR_RGB ( '',0.0000000000000000000, 0.0000000000000000000, 0.0000000000000000000 ) ;
#4966 = VECTOR ( 'NONE', #359, 1000.000000000000000 ) ;
#4967 =( NAMED_UNIT ( * ) PLANE_ANGLE_UNIT ( ) SI_UNIT ( $, .RADIAN. ) );
#4968 = SURFACE_STYLE_FILL_AREA ( #3928 ) ;
#4969 = CARTESIAN_POINT ( 'NONE',  ( -0.3918846484508255457, -0.6260000000000000009, 0.7144420724423385938 ) ) ;
#4970 = DIRECTION ( 'NONE',  ( 0.0000000000000000000, 0.0000000000000000000, 1.000000000000000000 ) ) ;
#4971 = FILL_AREA_STYLE_COLOUR ( '', #4782 ) ;
#4972 = CARTESIAN_POINT ( 'NONE',  ( -0.3571220754485058824, -0.6250000000000000000, 0.6990189966836548585 ) ) ;
#4973 = FACE_OUTER_BOUND ( 'NONE', #12073, .T. ) ;
#4974 = STYLED_ITEM ( 'NONE', ( #8561 ), #9463 ) ;
#4975 = MECHANICAL_DESIGN_GEOMETRIC_PRESENTATION_REPRESENTATION (  '', ( #1098 ), #9705 ) ;
#4976 = LINE ( 'NONE', #5107, #10011 ) ;
#4977 = EDGE_CURVE ( 'NONE', #7534, #6939, #3950, .T. ) ;
#4978 = CARTESIAN_POINT ( 'NONE',  ( -0.2112960276851141850, -0.6260000000000000009, 0.7432780253219375410 ) ) ;
#4979 = FACE_BOUND ( 'NONE', #9600, .T. ) ;
#4980 = VECTOR ( 'NONE', #10859, 1000.000000000000000 ) ;
#4981 = ORIENTED_EDGE ( 'NONE', *, *, #8555, .T. ) ;
#4982 = ORIENTED_EDGE ( 'NONE', *, *, #2413, .T. ) ;
#4983 = UNCERTAINTY_MEASURE_WITH_UNIT (LENGTH_MEASURE( 1.000000000000000082E-05 ), #9200, 'distance_accuracy_value', 'NONE');
#4984 = DIRECTION ( 'NONE',  ( 0.0000000000000000000, -0.0000000000000000000, 1.000000000000000000 ) ) ;
#4985 = VECTOR ( 'NONE', #11483, 1000.000000000000000 ) ;
#4986 = AXIS2_PLACEMENT_3D ( 'NONE', #6757, #4970, #6935 ) ;
#4987 = CARTESIAN_POINT ( 'NONE',  ( -0.6350087881558875713, -0.6250000000000000000, 0.7061846517351401120 ) ) ;
#4988 = FILL_AREA_STYLE_COLOUR ( '', #2665 ) ;
#4989 = LINE ( 'NONE', #11646, #3171 ) ;
#4990 = PRESENTATION_STYLE_ASSIGNMENT (( #3089 ) ) ;
#4991 = LINE ( 'NONE', #3037, #9321 ) ;
#4992 = FACE_OUTER_BOUND ( 'NONE', #6838, .T. ) ;
#4993 = ORIENTED_EDGE ( 'NONE', *, *, #8099, .T. ) ;
#4994 = SURFACE_SIDE_STYLE ('',( #3145 ) ) ;
#4995 = CARTESIAN_POINT ( 'NONE',  ( -0.1831705760484461654, -0.6250000000000000000, 0.7180465665522892671 ) ) ;
#4996 = PRESENTATION_LAYER_ASSIGNMENT (  '', '', ( #10310 ) ) ;
#4997 = PRESENTATION_LAYER_ASSIGNMENT (  '', '', ( #12082 ) ) ;
#4998 = EDGE_CURVE ( 'NONE', #60, #9641, #1231, .T. ) ;
#4999 = ORIENTED_EDGE ( 'NONE', *, *, #9462, .T. ) ;
#5000 = UNCERTAINTY_MEASURE_WITH_UNIT (LENGTH_MEASURE( 1.000000000000000082E-05 ), #7347, 'distance_accuracy_value', 'NONE');
#5001 = ADVANCED_FACE ( 'NONE', ( #5063 ), #2313, .F. ) ;
#5002 = ORIENTED_EDGE ( 'NONE', *, *, #9395, .T. ) ;
#5003 = PRESENTATION_LAYER_ASSIGNMENT (  '', '', ( #4226 ) ) ;
#5004 = CARTESIAN_POINT ( 'NONE',  ( -0.7598456695170435760, -0.6250000000000000000, 0.8088497739416035115 ) ) ;
#5005 = DIRECTION ( 'NONE',  ( -0.9398440417738207486, 0.0000000000000000000, -0.3416038306902438038 ) ) ;
#5006 = MECHANICAL_DESIGN_GEOMETRIC_PRESENTATION_REPRESENTATION (  '', ( #12082 ), #360 ) ;
#5007 = CARTESIAN_POINT ( 'NONE',  ( -0.4021609225238317875, -0.6260000000000000009, 0.8597655705465168108 ) ) ;
#5008 = SURFACE_SIDE_STYLE ('',( #5691 ) ) ;
#5009 = FILL_AREA_STYLE_COLOUR ( '', #1071 ) ;
#5010 = LINE ( 'NONE', #2132, #6059 ) ;
#5011 = ORIENTED_EDGE ( 'NONE', *, *, #2667, .T. ) ;
#5012 = CARTESIAN_POINT ( 'NONE',  ( -0.7338179022851919475, -0.6250000000000000000, 0.7481183109390059371 ) ) ;
#5013 = FILL_AREA_STYLE ('',( #1852 ) ) ;
#5014 = CARTESIAN_POINT ( 'NONE',  ( -0.8080452418693617744, -0.6250000000000000000, 0.7606502015892858681 ) ) ;
#5015 = DIRECTION ( 'NONE',  ( -0.0000000000000000000, 1.000000000000000000, -0.0000000000000000000 ) ) ;
#5016 = LINE ( 'NONE', #4086, #9317 ) ;
#5017 = DIRECTION ( 'NONE',  ( 0.0000000000000000000, 0.0000000000000000000, 1.000000000000000000 ) ) ;
#5018 = SURFACE_SIDE_STYLE ('',( #6914 ) ) ;
#5019 = ORIENTED_EDGE ( 'NONE', *, *, #8324, .F. ) ;
#5020 = ORIENTED_EDGE ( 'NONE', *, *, #6722, .T. ) ;
#5021 = VECTOR ( 'NONE', #10817, 1000.000000000000000 ) ;
#5022 = FACE_OUTER_BOUND ( 'NONE', #4888, .T. ) ;
#5023 = DIRECTION ( 'NONE',  ( -0.0000000000000000000, 0.0000000000000000000, 1.000000000000000000 ) ) ;
#5024 = FILL_AREA_STYLE_COLOUR ( '', #9038 ) ;
#5025 = PLANE ( 'NONE',  #9278 ) ;
#5026 = SURFACE_STYLE_FILL_AREA ( #7787 ) ;
#5027 = EDGE_CURVE ( 'NONE', #8241, #4116, #10606, .T. ) ;
#5028 = CARTESIAN_POINT ( 'NONE',  ( -0.1923724336084561837, -0.6250000000000000000, 0.7178039563720904903 ) ) ;
#5029 =( NAMED_UNIT ( * ) SI_UNIT ( $, .STERADIAN. ) SOLID_ANGLE_UNIT ( ) );
#5030 = COLOUR_RGB ( '',0.0000000000000000000, 0.0000000000000000000, 0.0000000000000000000 ) ;
#5031 = SURFACE_STYLE_USAGE ( .BOTH. , #9841 ) ;
#5032 = SURFACE_SIDE_STYLE ('',( #7853 ) ) ;
#5033 = ORIENTED_EDGE ( 'NONE', *, *, #9180, .T. ) ;
#5034 = ADVANCED_FACE ( 'NONE', ( #5126 ), #11476, .F. ) ;
#5035 = ORIENTED_EDGE ( 'NONE', *, *, #1332, .T. ) ;
#5036 = FILL_AREA_STYLE_COLOUR ( '', #4622 ) ;
#5037 = ADVANCED_FACE ( 'NONE', ( #3283 ), #3813, .T. ) ;
#5038 = VECTOR ( 'NONE', #8087, 1000.000000000000000 ) ;
#5039 = EDGE_CURVE ( 'NONE', #2685, #5939, #9893, .T. ) ;
#5040 = DIRECTION ( 'NONE',  ( -0.0000000000000000000, 0.0000000000000000000, 1.000000000000000000 ) ) ;
#5041 = CARTESIAN_POINT ( 'NONE',  ( -0.2291278759499620621, -0.6260000000000000009, 0.8586218368384853639 ) ) ;
#5042 = CARTESIAN_POINT ( 'NONE',  ( -0.2328363458514246809, -0.6260000000000000009, 0.8452089597180335589 ) ) ;
#5043 = DIRECTION ( 'NONE',  ( -0.0000000000000000000, 0.0000000000000000000, -1.000000000000000000 ) ) ;
#5044 = CARTESIAN_POINT ( 'NONE',  ( -0.2296130963108196088, -0.6260000000000000009, 0.6910128607283587687 ) ) ;
#5045 = ORIENTED_EDGE ( 'NONE', *, *, #58, .F. ) ;
#5046 = FILL_AREA_STYLE ('',( #10528 ) ) ;
#5047 = FACE_BOUND ( 'NONE', #6187, .T. ) ;
#5048 = ORIENTED_EDGE ( 'NONE', *, *, #4279, .F. ) ;
#5049 = ORIENTED_EDGE ( 'NONE', *, *, #3924, .F. ) ;
#5050 = B_SPLINE_CURVE_WITH_KNOTS ( 'NONE', 3,
 ( #8116, #10160, #6410, #11944 ),
 .UNSPECIFIED., .F., .F.,
 ( 4, 4 ),
 ( 3.000000000000000000, 4.000000000000000000 ),
 .UNSPECIFIED. ) ;
#5051 = CARTESIAN_POINT ( 'NONE',  ( -0.3614717293985583169, -0.6260000000000000009, 0.7328111289642612602 ) ) ;
#5052 = CARTESIAN_POINT ( 'NONE',  ( -0.3860966627165586806, -0.6260000000000000009, 0.7936369670687982714 ) ) ;
#5053 = CARTESIAN_POINT ( 'NONE',  ( -0.5930751565320397933, -0.6260000000000000009, 0.8411434589185761146 ) ) ;
#5054 = CARTESIAN_POINT ( 'NONE',  ( -0.7598456695170435760, -0.6260000000000000009, 0.8088497739416035115 ) ) ;
#5055 = EDGE_CURVE ( 'NONE', #2238, #7809, #5212, .T. ) ;
#5056 =( NAMED_UNIT ( * ) SI_UNIT ( $, .STERADIAN. ) SOLID_ANGLE_UNIT ( ) );
#5057 = SURFACE_SIDE_STYLE ('',( #3213 ) ) ;
#5058 = STYLED_ITEM ( 'NONE', ( #5214 ), #10327 ) ;
#5059 = ORIENTED_EDGE ( 'NONE', *, *, #10425, .F. ) ;
#5060 =( LENGTH_UNIT ( ) NAMED_UNIT ( * ) SI_UNIT ( .MILLI., .METRE. ) );
#5061 = UNCERTAINTY_MEASURE_WITH_UNIT (LENGTH_MEASURE( 1.000000000000000082E-05 ), #2024, 'distance_accuracy_value', 'NONE');
#5062 = ORIENTED_EDGE ( 'NONE', *, *, #10043, .F. ) ;
#5063 = FACE_OUTER_BOUND ( 'NONE', #7199, .T. ) ;
#5064 = ORIENTED_EDGE ( 'NONE', *, *, #3649, .T. ) ;
#5065 = CARTESIAN_POINT ( 'NONE',  ( -0.3279915244931836393, -0.6260000000000000009, 0.6745846856503245892 ) ) ;
#5066 =( GEOMETRIC_REPRESENTATION_CONTEXT ( 3 ) GLOBAL_UNCERTAINTY_ASSIGNED_CONTEXT ( ( #9115 ) ) GLOBAL_UNIT_ASSIGNED_CONTEXT ( ( #3782, #1954, #3849 ) ) REPRESENTATION_CONTEXT ( 'NONE', 'WORKASPACE' ) );
#5067 = B_SPLINE_CURVE_WITH_KNOTS ( 'NONE', 3,
 ( #12065, #1819, #8290, #1580 ),
 .UNSPECIFIED., .F., .F.,
 ( 4, 4 ),
 ( 18.00000000000000000, 19.00000000000000000 ),
 .UNSPECIFIED. ) ;
#5068 = FACE_OUTER_BOUND ( 'NONE', #3264, .T. ) ;
#5069 = ORIENTED_EDGE ( 'NONE', *, *, #4468, .F. ) ;
#5070 = COLOUR_RGB ( '',0.0000000000000000000, 0.0000000000000000000, 0.0000000000000000000 ) ;
#5071 = CARTESIAN_POINT ( 'NONE',  ( -0.3763229383032259401, -0.6260000000000000009, 0.7088620382917889540 ) ) ;
#5072 = LINE ( 'NONE', #3161, #4985 ) ;
#5073 = LINE ( 'NONE', #7778, #86 ) ;
#5074 = CARTESIAN_POINT ( 'NONE',  ( -0.3415083774051487220, -0.6260000000000000009, 0.6687273827219466504 ) ) ;
#5075 = PRESENTATION_LAYER_ASSIGNMENT (  '', '', ( #11364 ) ) ;
#5076 =( LENGTH_UNIT ( ) NAMED_UNIT ( * ) SI_UNIT ( .MILLI., .METRE. ) );
#5077 = PLANE ( 'NONE',  #717 ) ;
#5078 = ORIENTED_EDGE ( 'NONE', *, *, #5684, .T. ) ;
#5079 = VERTEX_POINT ( 'NONE', #6260 ) ;
#5080 = CARTESIAN_POINT ( 'NONE',  ( -0.4147246640126687756, -0.6250000000000000000, 0.7120506292352244415 ) ) ;
#5081 = STYLED_ITEM ( 'NONE', ( #1982 ), #1040 ) ;
#5082 = VECTOR ( 'NONE', #2081, 1000.000000000000341 ) ;
#5083 = STYLED_ITEM ( 'NONE', ( #5693 ), #11125 ) ;
#5084 = FACE_BOUND ( 'NONE', #1573, .T. ) ;
#5085 = SURFACE_STYLE_USAGE ( .BOTH. , #3064 ) ;
#5086 = PLANE ( 'NONE',  #10452 ) ;
#5087 = CARTESIAN_POINT ( 'NONE',  ( -0.1923724336084561837, -0.6260000000000000009, 0.7178039563720904903 ) ) ;
#5088 = CARTESIAN_POINT ( 'NONE',  ( -0.6287428474276486323, -0.6260000000000000009, 0.6835308674383441252 ) ) ;
#5089 =( LENGTH_UNIT ( ) NAMED_UNIT ( * ) SI_UNIT ( .MILLI., .METRE. ) );
#5090 = ORIENTED_EDGE ( 'NONE', *, *, #10695, .F. ) ;
#5091 = ORIENTED_EDGE ( 'NONE', *, *, #3402, .F. ) ;
#5092 = CARTESIAN_POINT ( 'NONE',  ( -0.4335962701938034236, -0.6250000000000000000, 0.8431294438854585183 ) ) ;
#5093 = MECHANICAL_DESIGN_GEOMETRIC_PRESENTATION_REPRESENTATION (  '', ( #8222 ), #8404 ) ;
#5094 = ORIENTED_EDGE ( 'NONE', *, *, #11319, .T. ) ;
#5095 = COLOUR_RGB ( '',0.0000000000000000000, 0.0000000000000000000, 0.0000000000000000000 ) ;
#5096 = CARTESIAN_POINT ( 'NONE',  ( -0.6350087881558875713, -0.6260000000000000009, 0.6979907391445477893 ) ) ;
#5097 = LINE ( 'NONE', #2102, #4599 ) ;
#5098 = DIRECTION ( 'NONE',  ( 0.8840949502478810951, 0.0000000000000000000, 0.4673073067545559511 ) ) ;
#5099 =( LENGTH_UNIT ( ) NAMED_UNIT ( * ) SI_UNIT ( .MILLI., .METRE. ) );
#5100 = VECTOR ( 'NONE', #1892, 1000.000000000000000 ) ;
#5101 = CARTESIAN_POINT ( 'NONE',  ( -0.4210151994063787151, -0.6260000000000000009, 0.8046237423845037373 ) ) ;
#5102 = CARTESIAN_POINT ( 'NONE',  ( -0.2961922615526851876, -0.6250000000000000000, 0.8508236524662153855 ) ) ;
#5103 = FILL_AREA_STYLE ('',( #6158 ) ) ;
#5104 = ORIENTED_EDGE ( 'NONE', *, *, #1424, .F. ) ;
#5105 = ADVANCED_FACE ( 'NONE', ( #6817 ), #10111, .F. ) ;
#5106 = LINE ( 'NONE', #2412, #4759 ) ;
#5107 = CARTESIAN_POINT ( 'NONE',  ( -0.6856183391259830229, -0.6260000000000000009, 0.7042566982596960568 ) ) ;
#5108 = EDGE_CURVE ( 'NONE', #3547, #2946, #5265, .T. ) ;
#5109 = EDGE_CURVE ( 'NONE', #1744, #1727, #2452, .T. ) ;
#5110 = SURFACE_SIDE_STYLE ('',( #1461 ) ) ;
#5111 = VERTEX_POINT ( 'NONE', #653 ) ;
#5112 = ORIENTED_EDGE ( 'NONE', *, *, #6254, .F. ) ;
#5113 = UNCERTAINTY_MEASURE_WITH_UNIT (LENGTH_MEASURE( 1.000000000000000082E-05 ), #2357, 'distance_accuracy_value', 'NONE');
#5114 = CARTESIAN_POINT ( 'NONE',  ( -0.3499997337217647941, -0.6260000000000000009, 0.7224135498009269796 ) ) ;
#5115 = PRESENTATION_LAYER_ASSIGNMENT (  '', '', ( #10813 ) ) ;
#5116 =( LENGTH_UNIT ( ) NAMED_UNIT ( * ) SI_UNIT ( .MILLI., .METRE. ) );
#5117 = EDGE_CURVE ( 'NONE', #5289, #3260, #2799, .T. ) ;
#5118 = PLANE ( 'NONE',  #9351 ) ;
#5119 = CARTESIAN_POINT ( 'NONE',  ( -0.1996160804250654563, -0.6250000000000000000, 0.6980832145591112647 ) ) ;
#5120 = CARTESIAN_POINT ( 'NONE',  ( -0.5925931681630641767, -0.6250000000000000000, 0.6830488790695999901 ) ) ;
#5121 = DIRECTION ( 'NONE',  ( -0.0000000000000000000, 1.000000000000000000, -0.0000000000000000000 ) ) ;
#5122 = VERTEX_POINT ( 'NONE', #1670 ) ;
#5123 = FILL_AREA_STYLE_COLOUR ( '', #6515 ) ;
#5124 = SURFACE_STYLE_FILL_AREA ( #2122 ) ;
#5125 = ORIENTED_EDGE ( 'NONE', *, *, #10266, .F. ) ;
#5126 = FACE_OUTER_BOUND ( 'NONE', #9977, .T. ) ;
#5127 = UNCERTAINTY_MEASURE_WITH_UNIT (LENGTH_MEASURE( 1.000000000000000082E-05 ), #6463, 'distance_accuracy_value', 'NONE');
#5128 = VERTEX_POINT ( 'NONE', #2868 ) ;
#5129 = COLOUR_RGB ( '',0.0000000000000000000, 0.0000000000000000000, 0.0000000000000000000 ) ;
#5130 = FACE_OUTER_BOUND ( 'NONE', #7255, .T. ) ;
#5131 = SURFACE_STYLE_USAGE ( .BOTH. , #1539 ) ;
#5132 =( NAMED_UNIT ( * ) SI_UNIT ( $, .STERADIAN. ) SOLID_ANGLE_UNIT ( ) );
#5133 = PRESENTATION_LAYER_ASSIGNMENT (  '', '', ( #3558 ) ) ;
#5134 = ADVANCED_FACE ( 'NONE', ( #3656 ), #12037, .T. ) ;
#5135 = DIRECTION ( 'NONE',  ( -0.0000000000000000000, 0.0000000000000000000, -1.000000000000000000 ) ) ;
#5136 = VERTEX_POINT ( 'NONE', #5451 ) ;
#5137 = CARTESIAN_POINT ( 'NONE',  ( -0.3728224199850207476, -0.6260000000000000009, 0.7067132052644117257 ) ) ;
#5138 = COLOUR_RGB ( '',0.0000000000000000000, 0.0000000000000000000, 0.0000000000000000000 ) ;
#5139 = CARTESIAN_POINT ( 'NONE',  ( 0.0000000000000000000, 0.0000000000000000000, 0.0000000000000000000 ) ) ;
#5140 = DIRECTION ( 'NONE',  ( -0.0000000000000000000, 1.000000000000000000, -0.0000000000000000000 ) ) ;
#5141 = DIRECTION ( 'NONE',  ( 0.1387416884823251817, 0.0000000000000000000, -0.9903286039881274982 ) ) ;
#5142 = LINE ( 'NONE', #6195, #3703 ) ;
#5143 = FILL_AREA_STYLE ('',( #1322 ) ) ;
#5144 = ORIENTED_EDGE ( 'NONE', *, *, #9582, .F. ) ;
#5145 = ORIENTED_EDGE ( 'NONE', *, *, #677, .F. ) ;
#5146 = PRESENTATION_LAYER_ASSIGNMENT (  '', '', ( #675 ) ) ;
#5147 = CARTESIAN_POINT ( 'NONE',  ( -0.3376092852190133442, -0.6250000000000000000, 0.8586218368384853639 ) ) ;
#5148 = CARTESIAN_POINT ( 'NONE',  ( -0.7342999090408477425, -0.6250000000000000000, 0.6801568753099487274 ) ) ;
#5149 = DIRECTION ( 'NONE',  ( -0.0000000000000000000, 1.000000000000000000, -0.0000000000000000000 ) ) ;
#5150 = DIRECTION ( 'NONE',  ( -0.9434452330799472097, 0.0000000000000000000, 0.3315284183576489019 ) ) ;
#5151 = FACE_OUTER_BOUND ( 'NONE', #9363, .T. ) ;
#5152 = PRESENTATION_STYLE_ASSIGNMENT (( #5888 ) ) ;
#5153 = FILL_AREA_STYLE ('',( #11748 ) ) ;
#5154 = ORIENTED_EDGE ( 'NONE', *, *, #3230, .F. ) ;
#5155 = ORIENTED_EDGE ( 'NONE', *, *, #2502, .T. ) ;
#5156 = STYLED_ITEM ( 'NONE', ( #3249 ), #8451 ) ;
#5157 = STYLED_ITEM ( 'NONE', ( #11513 ), #248 ) ;
#5158 = ORIENTED_EDGE ( 'NONE', *, *, #3749, .T. ) ;
#5159 = EDGE_CURVE ( 'NONE', #11018, #5221, #3027, .T. ) ;
#5160 = PRESENTATION_LAYER_ASSIGNMENT (  '', '', ( #108 ) ) ;
#5161 =( LENGTH_UNIT ( ) NAMED_UNIT ( * ) SI_UNIT ( .MILLI., .METRE. ) );
#5162 = CARTESIAN_POINT ( 'NONE',  ( -0.7791254984578782627, -0.6250000000000000000, 0.7163065913478932067 ) ) ;
#5163 = CARTESIAN_POINT ( 'NONE',  ( -0.2511707437757129124, -0.6260000000000000009, 0.6832839935504295692 ) ) ;
#5164 = PRESENTATION_STYLE_ASSIGNMENT (( #9785 ) ) ;
#5165 = SURFACE_STYLE_FILL_AREA ( #6281 ) ;
#5166 = EDGE_CURVE ( 'NONE', #4310, #782, #3596, .T. ) ;
#5167 = SURFACE_STYLE_USAGE ( .BOTH. , #6098 ) ;
#5168 = ORIENTED_EDGE ( 'NONE', *, *, #2825, .F. ) ;
#5169 = DIRECTION ( 'NONE',  ( -0.0000000000000000000, -0.0000000000000000000, -1.000000000000000000 ) ) ;
#5170 = CARTESIAN_POINT ( 'NONE',  ( -0.5308977192294062064, -0.6250000000000000000, 0.7505282803632126187 ) ) ;
#5171 = ORIENTED_EDGE ( 'NONE', *, *, #3081, .F. ) ;
#5172 = VECTOR ( 'NONE', #7690, 1000.000000000000000 ) ;
#5173 = ORIENTED_EDGE ( 'NONE', *, *, #2469, .T. ) ;
#5174 = AXIS2_PLACEMENT_3D ( 'NONE', #433, #5968, #9729 ) ;
#5175 = VECTOR ( 'NONE', #1010, 1000.000000000000000 ) ;
#5176 =( GEOMETRIC_REPRESENTATION_CONTEXT ( 3 ) GLOBAL_UNCERTAINTY_ASSIGNED_CONTEXT ( ( #9299 ) ) GLOBAL_UNIT_ASSIGNED_CONTEXT ( ( #5804, #9749, #5994 ) ) REPRESENTATION_CONTEXT ( 'NONE', 'WORKASPACE' ) );
#5177 = CARTESIAN_POINT ( 'NONE',  ( -0.7342998998475077643, -0.6260000000000000009, 0.8016198380885017905 ) ) ;
#5178 = CARTESIAN_POINT ( 'NONE',  ( -0.2546366034969794190, -0.6260000000000000009, 0.7138182176927964084 ) ) ;
#5179 = CARTESIAN_POINT ( 'NONE',  ( -0.3499997337217647941, -0.6260000000000000009, 0.7306622959368812564 ) ) ;
#5180 = STYLED_ITEM ( 'NONE', ( #5273 ), #6968 ) ;
#5181 = EDGE_CURVE ( 'NONE', #8005, #3339, #11112, .T. ) ;
#5182 = DIRECTION ( 'NONE',  ( -0.0000000000000000000, -0.0000000000000000000, -1.000000000000000000 ) ) ;
#5183 =( LENGTH_UNIT ( ) NAMED_UNIT ( * ) SI_UNIT ( .MILLI., .METRE. ) );
#5184 = SURFACE_SIDE_STYLE ('',( #5428 ) ) ;
#5185 = ORIENTED_EDGE ( 'NONE', *, *, #2662, .F. ) ;
#5186 = ORIENTED_EDGE ( 'NONE', *, *, #9776, .T. ) ;
#5187 = FILL_AREA_STYLE_COLOUR ( '', #6548 ) ;
#5188 = ORIENTED_EDGE ( 'NONE', *, *, #1746, .F. ) ;
#5189 = CARTESIAN_POINT ( 'NONE',  ( -0.3285980499443696412, -0.6260000000000000009, 0.6604786365855273012 ) ) ;
#5190 = MECHANICAL_DESIGN_GEOMETRIC_PRESENTATION_REPRESENTATION (  '', ( #8913 ), #8506 ) ;
#5191 = ADVANCED_FACE ( 'NONE', ( #7522 ), #8207, .F. ) ;
#5192 = MECHANICAL_DESIGN_GEOMETRIC_PRESENTATION_REPRESENTATION (  '', ( #1502 ), #11288 ) ;
#5193 = B_SPLINE_SURFACE_WITH_KNOTS ( 'NONE', 3, 1, ( 
 ( #9696, #4148 ),
 ( #8755, #11671 ),
 ( #7842, #342 ),
 ( #1319, #7903 ) ),
 .UNSPECIFIED., .F., .F., .F.,
 ( 4, 4 ),
 ( 2, 2 ),
 ( 0.0000000000000000000, 1.000000000000000000 ),
 ( 0.0000000000000000000, 1.000000000000000000 ),
 .UNSPECIFIED. ) ;
#5194 =( NAMED_UNIT ( * ) SI_UNIT ( $, .STERADIAN. ) SOLID_ANGLE_UNIT ( ) );
#5195 = PRESENTATION_STYLE_ASSIGNMENT (( #1484 ) ) ;
#5196 = CARTESIAN_POINT ( 'NONE',  ( -0.3432586365643671145, -0.6260000000000000009, 0.7317020538534013685 ) ) ;
#5197 =( NAMED_UNIT ( * ) SI_UNIT ( $, .STERADIAN. ) SOLID_ANGLE_UNIT ( ) );
#5198 = ORIENTED_EDGE ( 'NONE', *, *, #5722, .T. ) ;
#5199 = COLOUR_RGB ( '',0.7529411764705882248, 0.7529411764705882248, 0.7529411764705882248 ) ;
#5200 = VECTOR ( 'NONE', #3032, 1000.000000000000000 ) ;
#5201 =( NAMED_UNIT ( * ) SI_UNIT ( $, .STERADIAN. ) SOLID_ANGLE_UNIT ( ) );
#5202 = CARTESIAN_POINT ( 'NONE',  ( -0.1479401119843161694, -0.6250000000000000000, 0.7376633325737550484 ) ) ;
#5203 = ORIENTED_EDGE ( 'NONE', *, *, #559, .T. ) ;
#5204 = ADVANCED_FACE ( 'NONE', ( #9257 ), #1849, .F. ) ;
#5205 = B_SPLINE_CURVE_WITH_KNOTS ( 'NONE', 3,
 ( #10134, #8211, #6329, #837 ),
 .UNSPECIFIED., .F., .F.,
 ( 4, 4 ),
 ( 5.000000000000000000, 6.000000000000000000 ),
 .UNSPECIFIED. ) ;
#5206 = FILL_AREA_STYLE ('',( #5321 ) ) ;
#5207 = VECTOR ( 'NONE', #9531, 1000.000000000000000 ) ;
#5208 = AXIS2_PLACEMENT_3D ( 'NONE', #3270, #9441, #8493 ) ;
#5209 = CARTESIAN_POINT ( 'NONE',  ( -0.2296130963108196088, -0.6250000000000000000, 0.7432780253219376521 ) ) ;
#5210 = PRESENTATION_STYLE_ASSIGNMENT (( #8090 ) ) ;
#5211 = EDGE_CURVE ( 'NONE', #4116, #5232, #154, .T. ) ;
#5212 = LINE ( 'NONE', #9649, #9107 ) ;
#5213 =( NAMED_UNIT ( * ) PLANE_ANGLE_UNIT ( ) SI_UNIT ( $, .RADIAN. ) );
#5214 = PRESENTATION_STYLE_ASSIGNMENT (( #476 ) ) ;
#5215 =( NAMED_UNIT ( * ) PLANE_ANGLE_UNIT ( ) SI_UNIT ( $, .RADIAN. ) );
#5216 = CARTESIAN_POINT ( 'NONE',  ( -0.7603276670791284664, -0.6250000000000000000, 0.8377694897730677548 ) ) ;
#5217 =( LENGTH_UNIT ( ) NAMED_UNIT ( * ) SI_UNIT ( .MILLI., .METRE. ) );
#5218 = LINE ( 'NONE', #9714, #10284 ) ;
#5219 = SURFACE_SIDE_STYLE ('',( #9902 ) ) ;
#5220 = VECTOR ( 'NONE', #10139, 999.9999999999998863 ) ;
#5221 = VERTEX_POINT ( 'NONE', #5812 ) ;
#5222 = FILL_AREA_STYLE_COLOUR ( '', #2299 ) ;
#5223 = CARTESIAN_POINT ( 'NONE',  ( -0.6229588950679236792, -0.6250000000000000000, 0.8676532265853732495 ) ) ;
#5224 = CARTESIAN_POINT ( 'NONE',  ( -0.3918846484508255457, -0.6250000000000000000, 0.7144420724423385938 ) ) ;
#5225 =( GEOMETRIC_REPRESENTATION_CONTEXT ( 3 ) GLOBAL_UNCERTAINTY_ASSIGNED_CONTEXT ( ( #10428 ) ) GLOBAL_UNIT_ASSIGNED_CONTEXT ( ( #8287, #9229, #8346 ) ) REPRESENTATION_CONTEXT ( 'NONE', 'WORKASPACE' ) );
#5226 = PRESENTATION_STYLE_ASSIGNMENT (( #9972 ) ) ;
#5227 = SURFACE_STYLE_FILL_AREA ( #429 ) ;
#5228 = FACE_OUTER_BOUND ( 'NONE', #10768, .T. ) ;
#5229 = B_SPLINE_CURVE_WITH_KNOTS ( 'NONE', 3,
 ( #8121, #11894, #11716, #2304 ),
 .UNSPECIFIED., .F., .F.,
 ( 4, 4 ),
 ( 35.00000000000000000, 36.00000000000000000 ),
 .UNSPECIFIED. ) ;
#5230 = ADVANCED_FACE ( 'NONE', ( #10556 ), #11885, .F. ) ;
#5231 = CARTESIAN_POINT ( 'NONE',  ( -0.3360669776432839151, -0.6260000000000000009, 0.7908296206947073026 ) ) ;
#5232 = VERTEX_POINT ( 'NONE', #8559 ) ;
#5233 = FACE_OUTER_BOUND ( 'NONE', #6745, .T. ) ;
#5234 = CARTESIAN_POINT ( 'NONE',  ( -0.8080452418693617744, -0.6260000000000000009, 0.7606502015892858681 ) ) ;
#5235 = ORIENTED_EDGE ( 'NONE', *, *, #12055, .F. ) ;
#5236 = VERTEX_POINT ( 'NONE', #264 ) ;
#5237 = UNCERTAINTY_MEASURE_WITH_UNIT (LENGTH_MEASURE( 1.000000000000000082E-05 ), #770, 'distance_accuracy_value', 'NONE');
#5238 = COLOUR_RGB ( '',0.0000000000000000000, 0.0000000000000000000, 0.0000000000000000000 ) ;
#5239 = CARTESIAN_POINT ( 'NONE',  ( -0.6350087881558875713, -0.6260000000000000009, 0.8478914018058004709 ) ) ;
#5240 = CARTESIAN_POINT ( 'NONE',  ( -0.2546366034969794190, -0.6260000000000000009, 0.7908296206947073026 ) ) ;
#5241 = CARTESIAN_POINT ( 'NONE',  ( -0.5839172304303675842, -0.6250000000000000000, 0.8281295753024189299 ) ) ;
#5242 = SURFACE_STYLE_USAGE ( .BOTH. , #9983 ) ;
#5243 = SURFACE_STYLE_FILL_AREA ( #8856 ) ;
#5244 = SURFACE_SIDE_STYLE ('',( #750 ) ) ;
#5245 = PRESENTATION_STYLE_ASSIGNMENT (( #2494 ) ) ;
#5246 = CARTESIAN_POINT ( 'NONE',  ( -0.4021609225238317875, -0.6250000000000000000, 0.8597655705465168108 ) ) ;
#5247 = VERTEX_POINT ( 'NONE', #2197 ) ;
#5248 = ORIENTED_EDGE ( 'NONE', *, *, #5829, .T. ) ;
#5249 = UNCERTAINTY_MEASURE_WITH_UNIT (LENGTH_MEASURE( 1.000000000000000082E-05 ), #10936, 'distance_accuracy_value', 'NONE');
#5250 = EDGE_LOOP ( 'NONE', ( #8741, #9182, #4132, #2707 ) ) ;
#5251 = FILL_AREA_STYLE_COLOUR ( '', #7831 ) ;
#5252 = CARTESIAN_POINT ( 'NONE',  ( -0.4221762624127674002, -0.6260000000000000009, 0.6946173548383072216 ) ) ;
#5253 = CARTESIAN_POINT ( 'NONE',  ( -0.2546366034969794190, -0.6260000000000000009, 0.7138182176927964084 ) ) ;
#5254 = SURFACE_STYLE_USAGE ( .BOTH. , #4214 ) ;
#5255 = ORIENTED_EDGE ( 'NONE', *, *, #11286, .T. ) ;
#5256 = LINE ( 'NONE', #8999, #4537 ) ;
#5257 = ORIENTED_EDGE ( 'NONE', *, *, #4875, .T. ) ;
#5258 = PLANE ( 'NONE',  #5726 ) ;
#5259 = EDGE_CURVE ( 'NONE', #10267, #9251, #5929, .T. ) ;
#5260 = DIRECTION ( 'NONE',  ( -0.0000000000000000000, 1.000000000000000000, -0.0000000000000000000 ) ) ;
#5261 = EDGE_CURVE ( 'NONE', #8082, #456, #8619, .T. ) ;
#5262 = VERTEX_POINT ( 'NONE', #3049 ) ;
#5263 = CARTESIAN_POINT ( 'NONE',  ( -0.3200720350303528638, -0.6260000000000000009, 0.6913247881028975472 ) ) ;
#5264 = CARTESIAN_POINT ( 'NONE',  ( -0.2680668099160172235, -0.6250000000000000000, 0.8255921936970281871 ) ) ;
#5265 = LINE ( 'NONE', #4969, #3998 ) ;
#5266 = LINE ( 'NONE', #2637, #8276 ) ;
#5267 = CARTESIAN_POINT ( 'NONE',  ( -0.3977246220808521304, -0.6260000000000000009, 0.7328111289642612602 ) ) ;
#5268 = MECHANICAL_DESIGN_GEOMETRIC_PRESENTATION_REPRESENTATION (  '', ( #10380 ), #34 ) ;
#5269 = CARTESIAN_POINT ( 'NONE',  ( -0.3803779941768622441, -0.6260000000000000009, 0.6937508899076438862 ) ) ;
#5270 = SURFACE_SIDE_STYLE ('',( #7120 ) ) ;
#5271 = CARTESIAN_POINT ( 'NONE',  ( -0.3667744947717389015, -0.6260000000000000009, 0.7328111289642612602 ) ) ;
#5272 = SURFACE_SIDE_STYLE ('',( #6926 ) ) ;
#5273 = PRESENTATION_STYLE_ASSIGNMENT (( #2697 ) ) ;
#5274 = CARTESIAN_POINT ( 'NONE',  ( -0.3803779941768622441, -0.6250000000000000000, 0.6849822648136615344 ) ) ;
#5275 = ORIENTED_EDGE ( 'NONE', *, *, #10596, .T. ) ;
#5276 = STYLED_ITEM ( 'NONE', ( #2764 ), #1682 ) ;
#5277 =( GEOMETRIC_REPRESENTATION_CONTEXT ( 3 ) GLOBAL_UNCERTAINTY_ASSIGNED_CONTEXT ( ( #438 ) ) GLOBAL_UNIT_ASSIGNED_CONTEXT ( ( #4304, #11571, #1400 ) ) REPRESENTATION_CONTEXT ( 'NONE', 'WORKASPACE' ) );
#5278 = DIRECTION ( 'NONE',  ( -1.000000000000000000, 0.0000000000000000000, 0.0000000000000000000 ) ) ;
#5279 = CARTESIAN_POINT ( 'NONE',  ( -0.3918846484508255457, -0.6260000000000000009, 0.7267112158552219148 ) ) ;
#5280 = CARTESIAN_POINT ( 'NONE',  ( -0.1996160804250654563, -0.6260000000000000009, 0.6980832145591112647 ) ) ;
#5281 = SURFACE_SIDE_STYLE ('',( #9973 ) ) ;
#5282 = COLOUR_RGB ( '',0.0000000000000000000, 0.0000000000000000000, 0.0000000000000000000 ) ;
#5283 = CARTESIAN_POINT ( 'NONE',  ( -0.2338934330665299044, -0.6260000000000000009, 0.8499571875360144579 ) ) ;
#5284 = EDGE_LOOP ( 'NONE', ( #9039, #10845, #8771, #6887 ) ) ;
#5285 = CARTESIAN_POINT ( 'NONE',  ( -0.3697204755347439642, -0.6260000000000000009, 0.7148926342064860773 ) ) ;
#5286 = EDGE_CURVE ( 'NONE', #10567, #8702, #7833, .T. ) ;
#5287 = MECHANICAL_DESIGN_GEOMETRIC_PRESENTATION_REPRESENTATION (  '', ( #7253 ), #7625 ) ;
#5288 = ORIENTED_EDGE ( 'NONE', *, *, #6225, .T. ) ;
#5289 = VERTEX_POINT ( 'NONE', #6244 ) ;
#5290 = B_SPLINE_SURFACE_WITH_KNOTS ( 'NONE', 3, 1, ( 
 ( #5964, #8712 ),
 ( #6937, #9724 ),
 ( #11819, #7799 ),
 ( #557, #8048 ) ),
 .UNSPECIFIED., .F., .F., .F.,
 ( 4, 4 ),
 ( 2, 2 ),
 ( 10.00000000000000000, 11.00000000000000000 ),
 ( 0.0000000000000000000, 1.000000000000000000 ),
 .UNSPECIFIED. ) ;
#5291 = CARTESIAN_POINT ( 'NONE',  ( -0.7236960086393693370, -0.6250000000000000000, 0.6801568753099487274 ) ) ;
#5292 = MECHANICAL_DESIGN_GEOMETRIC_PRESENTATION_REPRESENTATION (  '', ( #11789 ), #7259 ) ;
#5293 = VECTOR ( 'NONE', #4507, 1000.000000000000000 ) ;
#5294 = CARTESIAN_POINT ( 'NONE',  ( -0.4003760047674415068, -0.6260000000000000009, 0.6832839935504295692 ) ) ;
#5295 = CARTESIAN_POINT ( 'NONE',  ( -0.4666259133354898614, -0.6260000000000000009, 0.8586218368384853639 ) ) ;
#5296 = PRESENTATION_STYLE_ASSIGNMENT (( #573 ) ) ;
#5297 = CARTESIAN_POINT ( 'NONE',  ( -0.4404586724415291421, -0.6260000000000000009, 0.7510762096942074084 ) ) ;
#5298 = FILL_AREA_STYLE_COLOUR ( '', #232 ) ;
#5299 = FACE_OUTER_BOUND ( 'NONE', #10368, .T. ) ;
#5300 = ORIENTED_EDGE ( 'NONE', *, *, #9509, .T. ) ;
#5301 = SURFACE_STYLE_FILL_AREA ( #752 ) ;
#5302 = ADVANCED_FACE ( 'NONE', ( #3406 ), #7099, .F. ) ;
#5303 = UNCERTAINTY_MEASURE_WITH_UNIT (LENGTH_MEASURE( 1.000000000000000082E-05 ), #1468, 'distance_accuracy_value', 'NONE');
#5304 = EDGE_LOOP ( 'NONE', ( #3508, #7333, #9829, #2001 ) ) ;
#5305 = ORIENTED_EDGE ( 'NONE', *, *, #1875, .T. ) ;
#5306 = PLANE ( 'NONE',  #9816 ) ;
#5307 = EDGE_CURVE ( 'NONE', #5501, #9821, #9755, .T. ) ;
#5308 = B_SPLINE_CURVE_WITH_KNOTS ( 'NONE', 3,
 ( #1860, #10446, #907, #50 ),
 .UNSPECIFIED., .F., .F.,
 ( 4, 4 ),
 ( 24.00000000000000000, 25.00000000000000000 ),
 .UNSPECIFIED. ) ;
#5309 = STYLED_ITEM ( 'NONE', ( #9323 ), #3255 ) ;
#5310 = DIRECTION ( 'NONE',  ( -0.0000000000000000000, -0.0000000000000000000, 1.000000000000000000 ) ) ;
#5311 = DIRECTION ( 'NONE',  ( -0.0000000000000000000, -0.0000000000000000000, 1.000000000000000000 ) ) ;
#5312 = ORIENTED_EDGE ( 'NONE', *, *, #222, .F. ) ;
#5313 = SURFACE_STYLE_USAGE ( .BOTH. , #7163 ) ;
#5314 = CARTESIAN_POINT ( 'NONE',  ( -0.2796774399812640421, -0.6260000000000000009, 0.8103077523270277860 ) ) ;
#5315 = LINE ( 'NONE', #704, #1596 ) ;
#5316 = ADVANCED_FACE ( 'NONE', ( #5068, #637 ), #3226, .T. ) ;
#5317 = EDGE_LOOP ( 'NONE', ( #9379, #6841, #1110, #7139 ) ) ;
#5318 = DIRECTION ( 'NONE',  ( -0.0000000000000000000, 1.000000000000000000, -0.0000000000000000000 ) ) ;
#5319 = CARTESIAN_POINT ( 'NONE',  ( -0.4003760047674415068, -0.6250000000000000000, 0.7140608278734577041 ) ) ;
#5320 = EDGE_LOOP ( 'NONE', ( #2757, #1558, #11882, #9428 ) ) ;
#5321 = FILL_AREA_STYLE_COLOUR ( '', #10737 ) ;
#5322 = DIRECTION ( 'NONE',  ( -0.0000000000000000000, -0.0000000000000000000, 1.000000000000000000 ) ) ;
#5323 = CARTESIAN_POINT ( 'NONE',  ( -0.2898064150162915076, -0.6260000000000000009, 0.8563820249938214335 ) ) ;
#5324 = PRESENTATION_LAYER_ASSIGNMENT (  '', '', ( #11231 ) ) ;
#5325 = DIRECTION ( 'NONE',  ( -0.0000000000000000000, 1.000000000000000000, -0.0000000000000000000 ) ) ;
#5326 = CARTESIAN_POINT ( 'NONE',  ( -0.2129769696497612330, -0.6260000000000000009, 0.7908296206947073026 ) ) ;
#5327 = CARTESIAN_POINT ( 'NONE',  ( -0.3664105795009806599, -0.6260000000000000009, 0.6890719792844680613 ) ) ;
#5328 = B_SPLINE_CURVE_WITH_KNOTS ( 'NONE', 3,
 ( #1669, #4227, #5389, #11855, #10012, #11919, #10804 ),
 .UNSPECIFIED., .F., .F.,
 ( 4, 3, 4 ),
 ( 0.0000000000000000000, 1.000000000000000000, 2.000000000000000000 ),
 .UNSPECIFIED. ) ;
#5329 = CARTESIAN_POINT ( 'NONE',  ( -0.6022330826337125576, -0.6250000000000000000, 0.7876419363652877870 ) ) ;
#5330 = CARTESIAN_POINT ( 'NONE',  ( -0.4000000000000004108, -0.6250000000000000000, -0.01000000000000000021 ) ) ;
#5331 = SURFACE_SIDE_STYLE ('',( #4464 ) ) ;
#5332 = VECTOR ( 'NONE', #3056, 1000.000000000000000 ) ;
#5333 = ORIENTED_EDGE ( 'NONE', *, *, #5807, .T. ) ;
#5334 = STYLED_ITEM ( 'NONE', ( #5984 ), #17 ) ;
#5335 = PRESENTATION_STYLE_ASSIGNMENT (( #7127 ) ) ;
#5336 = EDGE_CURVE ( 'NONE', #10045, #11536, #3347, .T. ) ;
#5337 = PRESENTATION_STYLE_ASSIGNMENT (( #8219 ) ) ;
#5338 = LINE ( 'NONE', #6335, #9345 ) ;
#5339 = B_SPLINE_SURFACE_WITH_KNOTS ( 'NONE', 3, 1, ( 
 ( #10084, #8169 ),
 ( #4246, #11935 ),
 ( #3502, #10997 ),
 ( #2589, #1694 ) ),
 .UNSPECIFIED., .F., .F., .F.,
 ( 4, 4 ),
 ( 2, 2 ),
 ( 0.0000000000000000000, 1.000000000000000000 ),
 ( 0.0000000000000000000, 1.000000000000000000 ),
 .UNSPECIFIED. ) ;
#5340 = SURFACE_SIDE_STYLE ('',( #11817 ) ) ;
#5341 = STYLED_ITEM ( 'NONE', ( #4334 ), #4092 ) ;
#5342 = CARTESIAN_POINT ( 'NONE',  ( -0.5954851535362660764, -0.6260000000000000009, 0.7124506108502888235 ) ) ;
#5343 = COLOUR_RGB ( '',0.0000000000000000000, 0.0000000000000000000, 0.0000000000000000000 ) ;
#5344 = PRESENTATION_STYLE_ASSIGNMENT (( #10146 ) ) ;
#5345 = LINE ( 'NONE', #9975, #6529 ) ;
#5346 = CARTESIAN_POINT ( 'NONE',  ( -0.2788802922454052813, -0.6260000000000000009, 0.7432780253219376521 ) ) ;
#5347 = ORIENTED_EDGE ( 'NONE', *, *, #6167, .T. ) ;
#5348 = LINE ( 'NONE', #10944, #5393 ) ;
#5349 = CARTESIAN_POINT ( 'NONE',  ( -0.8384109871606698627, -0.6250000000000000000, 0.7596861880784363530 ) ) ;
#5350 = SURFACE_STYLE_FILL_AREA ( #1631 ) ;
#5351 = ORIENTED_EDGE ( 'NONE', *, *, #3668, .T. ) ;
#5352 = ORIENTED_EDGE ( 'NONE', *, *, #2952, .T. ) ;
#5353 = UNCERTAINTY_MEASURE_WITH_UNIT (LENGTH_MEASURE( 1.000000000000000082E-05 ), #6175, 'distance_accuracy_value', 'NONE');
#5354 = FILL_AREA_STYLE ('',( #3390 ) ) ;
#5355 = COLOUR_RGB ( '',0.0000000000000000000, 0.0000000000000000000, 0.0000000000000000000 ) ;
#5356 = VECTOR ( 'NONE', #2769, 1000.000000000000000 ) ;
#5357 = CARTESIAN_POINT ( 'NONE',  ( -0.2197700547031451179, -0.6260000000000000009, 0.6910128607283587687 ) ) ;
#5358 = ADVANCED_FACE ( 'NONE', ( #8873 ), #12078, .F. ) ;
#5359 = CARTESIAN_POINT ( 'NONE',  ( -0.4020742760306735830, -0.6260000000000000009, 0.8518634103822715353 ) ) ;
#5360 = DIRECTION ( 'NONE',  ( -0.3559357243643076485, -0.0000000000000000000, -0.9345104387438674109 ) ) ;
#5361 =( NAMED_UNIT ( * ) SI_UNIT ( $, .STERADIAN. ) SOLID_ANGLE_UNIT ( ) );
#5362 = MECHANICAL_DESIGN_GEOMETRIC_PRESENTATION_REPRESENTATION (  '', ( #9685 ), #5949 ) ;
#5363 = LINE ( 'NONE', #1712, #2543 ) ;
#5364 = CARTESIAN_POINT ( 'NONE',  ( -0.4199234535941037683, -0.6250000000000000000, 0.7030740525572911626 ) ) ;
#5365 = CARTESIAN_POINT ( 'NONE',  ( -0.2384856971967789230, -0.6250000000000000000, 0.8586218368384853639 ) ) ;
#5366 = ORIENTED_EDGE ( 'NONE', *, *, #10169, .T. ) ;
#5367 = EDGE_LOOP ( 'NONE', ( #10916, #4791, #10946, #7373 ) ) ;
#5368 = STYLED_ITEM ( 'NONE', ( #7917 ), #9315 ) ;
#5369 = AXIS2_PLACEMENT_3D ( 'NONE', #8500, #9568, #11356 ) ;
#5370 =( NAMED_UNIT ( * ) PLANE_ANGLE_UNIT ( ) SI_UNIT ( $, .RADIAN. ) );
#5371 = CARTESIAN_POINT ( 'NONE',  ( -0.4205473083438770465, -0.6250000000000000000, 0.8443424947878321873 ) ) ;
#5372 = CARTESIAN_POINT ( 'NONE',  ( -0.1998067027099670323, -0.6260000000000000009, 0.7369008434350673431 ) ) ;
#5373 = VERTEX_POINT ( 'NONE', #4678 ) ;
#5374 =( NAMED_UNIT ( * ) PLANE_ANGLE_UNIT ( ) SI_UNIT ( $, .RADIAN. ) );
#5375 = ADVANCED_FACE ( 'NONE', ( #3581 ), #6474, .F. ) ;
#5376 =( NAMED_UNIT ( * ) PLANE_ANGLE_UNIT ( ) SI_UNIT ( $, .RADIAN. ) );
#5377 = ADVANCED_FACE ( 'NONE', ( #9244 ), #11788, .T. ) ;
#5378 = CARTESIAN_POINT ( 'NONE',  ( -0.3779172337749439059, -0.6250000000000000000, 0.7109762127215346617 ) ) ;
#5379 = ORIENTED_EDGE ( 'NONE', *, *, #5413, .T. ) ;
#5380 = FILL_AREA_STYLE ('',( #10858 ) ) ;
#5381 = CARTESIAN_POINT ( 'NONE',  ( -0.3637765261129762839, -0.6260000000000000009, 0.7985584878726350588 ) ) ;
#5382 = MECHANICAL_DESIGN_GEOMETRIC_PRESENTATION_REPRESENTATION (  '', ( #11480 ), #6181 ) ;
#5383 = STYLED_ITEM ( 'NONE', ( #3076 ), #5105 ) ;
#5384 = DIRECTION ( 'NONE',  ( -0.0000000000000000000, 1.000000000000000000, -0.0000000000000000000 ) ) ;
#5385 = VERTEX_POINT ( 'NONE', #8411 ) ;
#5386 = CARTESIAN_POINT ( 'NONE',  ( -0.4368541783315783023, -0.6260000000000000009, 0.8234433606696495156 ) ) ;
#5387 = VECTOR ( 'NONE', #6094, 1000.000000000000000 ) ;
#5388 = STYLED_ITEM ( 'NONE', ( #4921 ), #5418 ) ;
#5389 = CARTESIAN_POINT ( 'NONE',  ( -0.7155020776620978351, -0.6260000000000000009, 0.6888328130426435436 ) ) ;
#5390 = PLANE ( 'NONE',  #12009 ) ;
#5391 = VECTOR ( 'NONE', #853, 1000.000000000000000 ) ;
#5392 = DIRECTION ( 'NONE',  ( 1.000000000000000000, -0.0000000000000000000, -0.0000000000000000000 ) ) ;
#5393 = VECTOR ( 'NONE', #9282, 1000.000000000000000 ) ;
#5394 = FILL_AREA_STYLE_COLOUR ( '', #2865 ) ;
#5395 = PLANE ( 'NONE',  #716 ) ;
#5396 = PLANE ( 'NONE',  #11473 ) ;
#5397 = FACE_OUTER_BOUND ( 'NONE', #7999, .T. ) ;
#5398 = CARTESIAN_POINT ( 'NONE',  ( -0.4197155020108486179, -0.6260000000000000009, 0.6912901295057251039 ) ) ;
#5399 = ORIENTED_EDGE ( 'NONE', *, *, #4467, .F. ) ;
#5400 = AXIS2_PLACEMENT_3D ( 'NONE', #4594, #10995, #3554 ) ;
#5401 = FILL_AREA_STYLE_COLOUR ( '', #970 ) ;
#5402 = AXIS2_PLACEMENT_3D ( 'NONE', #8694, #5762, #9511 ) ;
#5403 = EDGE_CURVE ( 'NONE', #11768, #968, #6709, .T. ) ;
#5404 = FILL_AREA_STYLE ('',( #2472 ) ) ;
#5405 = CARTESIAN_POINT ( 'NONE',  ( -0.3918846484508255457, -0.6250000000000000000, 0.7267112158552219148 ) ) ;
#5406 = CARTESIAN_POINT ( 'NONE',  ( -0.4180865479419587083, -0.6250000000000000000, 0.6898344684231545454 ) ) ;
#5407 = CARTESIAN_POINT ( 'NONE',  ( -0.6200669280814015139, -0.6250000000000000000, 0.7129325992190329586 ) ) ;
#5408 =( NAMED_UNIT ( * ) SI_UNIT ( $, .STERADIAN. ) SOLID_ANGLE_UNIT ( ) );
#5409 = STYLED_ITEM ( 'NONE', ( #7660 ), #6066 ) ;
#5410 = CARTESIAN_POINT ( 'NONE',  ( -0.7280339591190378989, -0.6260000000000000009, 0.8580133115399676269 ) ) ;
#5411 = VERTEX_POINT ( 'NONE', #2056 ) ;
#5412 = VECTOR ( 'NONE', #3567, 1000.000000000000000 ) ;
#5413 = EDGE_CURVE ( 'NONE', #2712, #3023, #9426, .T. ) ;
#5414 = FILL_AREA_STYLE ('',( #11000 ) ) ;
#5415 = CARTESIAN_POINT ( 'NONE',  ( -0.8384109871606698627, -0.6260000000000000009, 0.7596861880784363530 ) ) ;
#5416 = B_SPLINE_CURVE_WITH_KNOTS ( 'NONE', 3,
 ( #11800, #1668, #3360, #5386 ),
 .UNSPECIFIED., .F., .F.,
 ( 4, 4 ),
 ( 3.000000000000000000, 4.000000000000000000 ),
 .UNSPECIFIED. ) ;
#5417 =( NAMED_UNIT ( * ) SI_UNIT ( $, .STERADIAN. ) SOLID_ANGLE_UNIT ( ) );
#5418 = ADVANCED_FACE ( 'NONE', ( #7506 ), #8662, .F. ) ;
#5419 = EDGE_LOOP ( 'NONE', ( #70, #9913, #1583, #9419 ) ) ;
#5420 = ORIENTED_EDGE ( 'NONE', *, *, #7485, .F. ) ;
#5421 = ADVANCED_FACE ( 'NONE', ( #6606 ), #3087, .F. ) ;
#5422 = CARTESIAN_POINT ( 'NONE',  ( -0.5487315646773255340, -0.6250000000000000000, 0.7047386866284428564 ) ) ;
#5423 =( NAMED_UNIT ( * ) SI_UNIT ( $, .STERADIAN. ) SOLID_ANGLE_UNIT ( ) );
#5424 = LINE ( 'NONE', #6358, #7297 ) ;
#5425 = CARTESIAN_POINT ( 'NONE',  ( -0.7241779970081148043, -0.6260000000000000009, 0.7177525564541258341 ) ) ;
#5426 = VECTOR ( 'NONE', #10464, 1000.000000000000000 ) ;
#5427 = PLANE ( 'NONE',  #11375 ) ;
#5428 = SURFACE_STYLE_FILL_AREA ( #7147 ) ;
#5429 = VECTOR ( 'NONE', #11441, 1000.000000000000000 ) ;
#5430 = DIRECTION ( 'NONE',  ( -0.0000000000000000000, 0.0000000000000000000, -1.000000000000000000 ) ) ;
#5431 = UNCERTAINTY_MEASURE_WITH_UNIT (LENGTH_MEASURE( 1.000000000000000082E-05 ), #1889, 'distance_accuracy_value', 'NONE');
#5432 = VERTEX_POINT ( 'NONE', #1939 ) ;
#5433 = ORIENTED_EDGE ( 'NONE', *, *, #5336, .F. ) ;
#5434 = FILL_AREA_STYLE ('',( #5251 ) ) ;
#5435 = EDGE_CURVE ( 'NONE', #6117, #629, #4046, .T. ) ;
#5436 = EDGE_CURVE ( 'NONE', #3166, #4043, #6828, .T. ) ;
#5437 = CARTESIAN_POINT ( 'NONE',  ( -0.4199234535941037683, -0.6260000000000000009, 0.7030740525572911626 ) ) ;
#5438 =( NAMED_UNIT ( * ) PLANE_ANGLE_UNIT ( ) SI_UNIT ( $, .RADIAN. ) );
#5439 = DIRECTION ( 'NONE',  ( -1.000000000000000000, -0.0000000000000000000, -0.0000000000000000000 ) ) ;
#5440 = ORIENTED_EDGE ( 'NONE', *, *, #9011, .T. ) ;
#5441 = LINE ( 'NONE', #6310, #6889 ) ;
#5442 = FILL_AREA_STYLE_COLOUR ( '', #6749 ) ;
#5443 = CARTESIAN_POINT ( 'NONE',  ( -0.5487315646773255340, -0.6260000000000000009, 0.7047386866284428564 ) ) ;
#5444 = VERTEX_POINT ( 'NONE', #250 ) ;
#5445 =( LENGTH_UNIT ( ) NAMED_UNIT ( * ) SI_UNIT ( .MILLI., .METRE. ) );
#5446 =( LENGTH_UNIT ( ) NAMED_UNIT ( * ) SI_UNIT ( .MILLI., .METRE. ) );
#5447 = ORIENTED_EDGE ( 'NONE', *, *, #2930, .T. ) ;
#5448 = B_SPLINE_SURFACE_WITH_KNOTS ( 'NONE', 3, 1, ( 
 ( #3864, #7416 ),
 ( #3730, #2818 ),
 ( #6504, #6573 ),
 ( #2885, #10332 ) ),
 .UNSPECIFIED., .F., .F., .F.,
 ( 4, 4 ),
 ( 2, 2 ),
 ( 4.000000000000000000, 5.000000000000000000 ),
 ( 0.0000000000000000000, 1.000000000000000000 ),
 .UNSPECIFIED. ) ;
#5449 = SURFACE_STYLE_FILL_AREA ( #1787 ) ;
#5450 = SURFACE_STYLE_FILL_AREA ( #36 ) ;
#5451 = CARTESIAN_POINT ( 'NONE',  ( -0.4040151574745620144, -0.6250000000000000000, 0.6930577179637618102 ) ) ;
#5452 =( LENGTH_UNIT ( ) NAMED_UNIT ( * ) SI_UNIT ( .MILLI., .METRE. ) );
#5453 = SURFACE_STYLE_USAGE ( .BOTH. , #6384 ) ;
#5454 = CARTESIAN_POINT ( 'NONE',  ( -0.5954851535362660764, -0.6260000000000000009, 0.7124506108502888235 ) ) ;
#5455 = PRESENTATION_STYLE_ASSIGNMENT (( #11046 ) ) ;
#5456 = PLANE ( 'NONE',  #8603 ) ;
#5457 = SURFACE_SIDE_STYLE ('',( #897 ) ) ;
#5458 =( NAMED_UNIT ( * ) PLANE_ANGLE_UNIT ( ) SI_UNIT ( $, .RADIAN. ) );
#5459 = LINE ( 'NONE', #11053, #8887 ) ;
#5460 = ADVANCED_FACE ( 'NONE', ( #7943 ), #1705, .F. ) ;
#5461 = VERTEX_POINT ( 'NONE', #3272 ) ;
#5462 = SURFACE_SIDE_STYLE ('',( #842 ) ) ;
#5463 =( NAMED_UNIT ( * ) SI_UNIT ( $, .STERADIAN. ) SOLID_ANGLE_UNIT ( ) );
#5464 = DIRECTION ( 'NONE',  ( -0.0000000000000000000, 1.000000000000000000, -0.0000000000000000000 ) ) ;
#5465 = SURFACE_STYLE_FILL_AREA ( #10144 ) ;
#5466 = CARTESIAN_POINT ( 'NONE',  ( -0.7338179114785317037, -0.6260000000000000009, 0.6512371686718249064 ) ) ;
#5467 = PRESENTATION_STYLE_ASSIGNMENT (( #2653 ) ) ;
#5468 = FILL_AREA_STYLE ('',( #1807 ) ) ;
#5469 = DIRECTION ( 'NONE',  ( 1.000000000000000000, 0.0000000000000000000, 0.0000000000000000000 ) ) ;
#5470 = FILL_AREA_STYLE ('',( #10262 ) ) ;
#5471 = ORIENTED_EDGE ( 'NONE', *, *, #8254, .T. ) ;
#5472 =( NAMED_UNIT ( * ) SI_UNIT ( $, .STERADIAN. ) SOLID_ANGLE_UNIT ( ) );
#5473 = CARTESIAN_POINT ( 'NONE',  ( -0.8080452418693617744, -0.6260000000000000009, 0.7871599663832222760 ) ) ;
#5474 = STYLED_ITEM ( 'NONE', ( #10193 ), #11893 ) ;
#5475 = EDGE_LOOP ( 'NONE', ( #4824, #8877, #5069, #10167 ) ) ;
#5476 = STYLED_ITEM ( 'NONE', ( #6222 ), #10836 ) ;
#5477 = ORIENTED_EDGE ( 'NONE', *, *, #11426, .T. ) ;
#5478 = UNCERTAINTY_MEASURE_WITH_UNIT (LENGTH_MEASURE( 1.000000000000000082E-05 ), #5694, 'distance_accuracy_value', 'NONE');
#5479 =( NAMED_UNIT ( * ) SI_UNIT ( $, .STERADIAN. ) SOLID_ANGLE_UNIT ( ) );
#5480 = VECTOR ( 'NONE', #7437, 1000.000000000000000 ) ;
#5481 = CARTESIAN_POINT ( 'NONE',  ( -0.3531363367694426714, -0.6250000000000000000, 0.6859873641325445748 ) ) ;
#5482 = EDGE_CURVE ( 'NONE', #4378, #10086, #9982, .T. ) ;
#5483 = SURFACE_STYLE_FILL_AREA ( #9108 ) ;
#5484 = CARTESIAN_POINT ( 'NONE',  ( -0.4368541783315783023, -0.6250000000000000000, 0.8234433606696495156 ) ) ;
#5485 = EDGE_CURVE ( 'NONE', #10534, #9100, #1411, .T. ) ;
#5486 = B_SPLINE_CURVE_WITH_KNOTS ( 'NONE', 3,
 ( #5216, #8959, #6084, #4290 ),
 .UNSPECIFIED., .F., .F.,
 ( 4, 4 ),
 ( 5.000000000000000000, 6.000000000000000000 ),
 .UNSPECIFIED. ) ;
#5487 = CARTESIAN_POINT ( 'NONE',  ( -0.4095085451324154691, -0.6250000000000000000, 0.6891066378816378402 ) ) ;
#5488 =( NAMED_UNIT ( * ) PLANE_ANGLE_UNIT ( ) SI_UNIT ( $, .RADIAN. ) );
#5489 = SURFACE_STYLE_FILL_AREA ( #1930 ) ;
#5490 = FACE_OUTER_BOUND ( 'NONE', #9237, .T. ) ;
#5491 = COLOUR_RGB ( '',0.0000000000000000000, 0.0000000000000000000, 0.0000000000000000000 ) ;
#5492 = ORIENTED_EDGE ( 'NONE', *, *, #906, .T. ) ;
#5493 = ORIENTED_EDGE ( 'NONE', *, *, #8324, .T. ) ;
#5494 = CARTESIAN_POINT ( 'NONE',  ( -0.6697124839270957031, -0.6250000000000000000, 0.8478914018058004709 ) ) ;
#5495 = MECHANICAL_DESIGN_GEOMETRIC_PRESENTATION_REPRESENTATION (  '', ( #4107 ), #4316 ) ;
#5496 = B_SPLINE_SURFACE_WITH_KNOTS ( 'NONE', 3, 1, ( 
 ( #10733, #11484 ),
 ( #9759, #9694 ),
 ( #6796, #10563 ),
 ( #1376, #5014 ) ),
 .UNSPECIFIED., .F., .F., .F.,
 ( 4, 4 ),
 ( 2, 2 ),
 ( 17.00000000000000000, 18.00000000000000000 ),
 ( 0.0000000000000000000, 1.000000000000000000 ),
 .UNSPECIFIED. ) ;
#5497 = ADVANCED_FACE ( 'NONE', ( #2487 ), #8980, .F. ) ;
#5498 = CARTESIAN_POINT ( 'NONE',  ( -0.4221762624127674002, -0.6260000000000000009, 0.6969394808510793737 ) ) ;
#5499 = DIRECTION ( 'NONE',  ( 0.0000000000000000000, 0.0000000000000000000, 1.000000000000000000 ) ) ;
#5500 = CARTESIAN_POINT ( 'NONE',  ( -0.5786152848262988702, -0.6260000000000000009, 0.8136697035971394154 ) ) ;
#5501 = VERTEX_POINT ( 'NONE', #7815 ) ;
#5502 = DIRECTION ( 'NONE',  ( -0.0000000000000000000, -0.0000000000000000000, 1.000000000000000000 ) ) ;
#5503 = COLOUR_RGB ( '',0.0000000000000000000, 0.0000000000000000000, 0.0000000000000000000 ) ;
#5504 = CARTESIAN_POINT ( 'NONE',  ( -0.4000000000000004108, -0.2250000000000001166, 0.0000000000000000000 ) ) ;
#5505 = FACE_OUTER_BOUND ( 'NONE', #5967, .T. ) ;
#5506 = VERTEX_POINT ( 'NONE', #10649 ) ;
#5507 = CARTESIAN_POINT ( 'NONE',  ( -0.6200669280814015139, -0.6260000000000000009, 0.7129325992190329586 ) ) ;
#5508 = ORIENTED_EDGE ( 'NONE', *, *, #7169, .T. ) ;
#5509 = COLOUR_RGB ( '',0.0000000000000000000, 0.0000000000000000000, 0.0000000000000000000 ) ;
#5510 = SURFACE_STYLE_USAGE ( .BOTH. , #4571 ) ;
#5511 = B_SPLINE_CURVE_WITH_KNOTS ( 'NONE', 3,
 ( #2967, #2118, #9551, #3214 ),
 .UNSPECIFIED., .F., .F.,
 ( 4, 4 ),
 ( 3.000000000000000000, 4.000000000000000000 ),
 .UNSPECIFIED. ) ;
#5512 = EDGE_CURVE ( 'NONE', #1781, #3881, #7434, .T. ) ;
#5513 = FILL_AREA_STYLE ('',( #1735 ) ) ;
#5514 = SURFACE_STYLE_FILL_AREA ( #3595 ) ;
#5515 = DIRECTION ( 'NONE',  ( -5.872761767629819957E-16, -1.000000000000000000, 0.0000000000000000000 ) ) ;
#5516 = CARTESIAN_POINT ( 'NONE',  ( -0.3910875007149667293, -0.6250000000000000000, 0.7910029136805626360 ) ) ;
#5517 = EDGE_CURVE ( 'NONE', #1201, #9461, #3607, .T. ) ;
#5518 = DIRECTION ( 'NONE',  ( -0.3897582650654642378, -0.0000000000000000000, -0.9209172030172740886 ) ) ;
#5519 =( LENGTH_UNIT ( ) NAMED_UNIT ( * ) SI_UNIT ( .MILLI., .METRE. ) );
#5520 = FACE_OUTER_BOUND ( 'NONE', #9519, .T. ) ;
#5521 = CARTESIAN_POINT ( 'NONE',  ( -0.3198467541487413079, -0.6260000000000000009, 0.6913247881028975472 ) ) ;
#5522 =( LENGTH_UNIT ( ) NAMED_UNIT ( * ) SI_UNIT ( .MILLI., .METRE. ) );
#5523 = VERTEX_POINT ( 'NONE', #3454 ) ;
#5524 = MECHANICAL_DESIGN_GEOMETRIC_PRESENTATION_REPRESENTATION (  '', ( #3355 ), #1618 ) ;
#5525 = FILL_AREA_STYLE ('',( #3667 ) ) ;
#5526 =( NAMED_UNIT ( * ) PLANE_ANGLE_UNIT ( ) SI_UNIT ( $, .RADIAN. ) );
#5527 = DIRECTION ( 'NONE',  ( -1.000000000000000000, -0.0000000000000000000, -0.0000000000000000000 ) ) ;
#5528 = FACE_OUTER_BOUND ( 'NONE', #7166, .T. ) ;
#5529 = ORIENTED_EDGE ( 'NONE', *, *, #362, .F. ) ;
#5530 = COLOUR_RGB ( '',0.0000000000000000000, 0.0000000000000000000, 0.0000000000000000000 ) ;
#5531 = DIRECTION ( 'NONE',  ( -0.0000000000000000000, -0.0000000000000000000, 1.000000000000000000 ) ) ;
#5532 = PRESENTATION_LAYER_ASSIGNMENT (  '', '', ( #7287 ) ) ;
#5533 = EDGE_CURVE ( 'NONE', #7295, #3841, #5811, .T. ) ;
#5534 = DIRECTION ( 'NONE',  ( 1.000000000000000000, 0.0000000000000000000, 0.0000000000000000000 ) ) ;
#5535 = ORIENTED_EDGE ( 'NONE', *, *, #2135, .T. ) ;
#5536 = VERTEX_POINT ( 'NONE', #12010 ) ;
#5537 = CARTESIAN_POINT ( 'NONE',  ( -0.3715747104854764671, -0.6260000000000000009, 0.7193982518438081231 ) ) ;
#5538 = MECHANICAL_DESIGN_GEOMETRIC_PRESENTATION_REPRESENTATION (  '', ( #2405 ), #2211 ) ;
#5539 = CARTESIAN_POINT ( 'NONE',  ( -0.3524258355265112441, -0.6260000000000000009, 0.7066092294728970602 ) ) ;
#5540 = VECTOR ( 'NONE', #10650, 1000.000000000000000 ) ;
#5541 = CARTESIAN_POINT ( 'NONE',  ( -0.2338934330665299044, -0.6250000000000000000, 0.8499571875360144579 ) ) ;
#5542 = DIRECTION ( 'NONE',  ( -0.0000000000000000000, -0.0000000000000000000, 1.000000000000000000 ) ) ;
#5543 = CARTESIAN_POINT ( 'NONE',  ( -0.4608485004169451948, 0.0000000000000000000, 1.000000000000000000 ) ) ;
#5544 = SURFACE_STYLE_USAGE ( .BOTH. , #11146 ) ;
#5545 =( NAMED_UNIT ( * ) SI_UNIT ( $, .STERADIAN. ) SOLID_ANGLE_UNIT ( ) );
#5546 = CARTESIAN_POINT ( 'NONE',  ( -0.6191029513436797638, -0.6260000000000000009, 0.7129325992190329586 ) ) ;
#5547 = VECTOR ( 'NONE', #7339, 1000.000000000000227 ) ;
#5548 = UNCERTAINTY_MEASURE_WITH_UNIT (LENGTH_MEASURE( 1.000000000000000082E-05 ), #6062, 'distance_accuracy_value', 'NONE');
#5549 = COLOUR_RGB ( '',0.0000000000000000000, 0.0000000000000000000, 0.0000000000000000000 ) ;
#5550 =( GEOMETRIC_REPRESENTATION_CONTEXT ( 3 ) GLOBAL_UNCERTAINTY_ASSIGNED_CONTEXT ( ( #10401 ) ) GLOBAL_UNIT_ASSIGNED_CONTEXT ( ( #7250, #611, #10762 ) ) REPRESENTATION_CONTEXT ( 'NONE', 'WORKASPACE' ) );
#5551 = ORIENTED_EDGE ( 'NONE', *, *, #3153, .T. ) ;
#5552 = ORIENTED_EDGE ( 'NONE', *, *, #11396, .F. ) ;
#5553 = CARTESIAN_POINT ( 'NONE',  ( -0.4423822245866041447, -0.6260000000000000009, 0.7138182176927964084 ) ) ;
#5554 = EDGE_CURVE ( 'NONE', #6253, #673, #2602, .T. ) ;
#5555 =( NAMED_UNIT ( * ) SI_UNIT ( $, .STERADIAN. ) SOLID_ANGLE_UNIT ( ) );
#5556 = CARTESIAN_POINT ( 'NONE',  ( 0.0000000000000000000, 0.0000000000000000000, -0.01000000000000000021 ) ) ;
#5557 = ORIENTED_EDGE ( 'NONE', *, *, #972, .F. ) ;
#5558 = DIRECTION ( 'NONE',  ( -0.0000000000000000000, 1.000000000000000000, -0.0000000000000000000 ) ) ;
#5559 = CARTESIAN_POINT ( 'NONE',  ( -0.4666259133354898614, -0.6260000000000000009, 0.7432780253219376521 ) ) ;
#5560 = LINE ( 'NONE', #27, #10604 ) ;
#5561 = ORIENTED_EDGE ( 'NONE', *, *, #1249, .F. ) ;
#5562 = CARTESIAN_POINT ( 'NONE',  ( -0.3486307191321209031, -0.6260000000000000009, 0.7023115634190640888 ) ) ;
#5563 = SURFACE_SIDE_STYLE ('',( #9311 ) ) ;
#5564 = ORIENTED_EDGE ( 'NONE', *, *, #7600, .T. ) ;
#5565 = EDGE_CURVE ( 'NONE', #856, #12021, #864, .T. ) ;
#5566 = VECTOR ( 'NONE', #5625, 1000.000000000000000 ) ;
#5567 = EDGE_CURVE ( 'NONE', #4333, #2540, #5067, .T. ) ;
#5568 = DIRECTION ( 'NONE',  ( 0.0000000000000000000, -0.0000000000000000000, 1.000000000000000000 ) ) ;
#5569 = FILL_AREA_STYLE_COLOUR ( '', #10289 ) ;
#5570 = CARTESIAN_POINT ( 'NONE',  ( -0.4040151574745620144, -0.6250000000000000000, 0.6930577179637618102 ) ) ;
#5571 = FILL_AREA_STYLE_COLOUR ( '', #6451 ) ;
#5572 = VECTOR ( 'NONE', #8612, 1000.000000000000000 ) ;
#5573 =( LENGTH_UNIT ( ) NAMED_UNIT ( * ) SI_UNIT ( .MILLI., .METRE. ) );
#5574 = SURFACE_SIDE_STYLE ('',( #215 ) ) ;
#5575 = AXIS2_PLACEMENT_3D ( 'NONE', #7453, #3704, #6482 ) ;
#5576 = DIRECTION ( 'NONE',  ( -0.0000000000000000000, 1.000000000000000000, -0.0000000000000000000 ) ) ;
#5577 =( NAMED_UNIT ( * ) SI_UNIT ( $, .STERADIAN. ) SOLID_ANGLE_UNIT ( ) );
#5578 = CARTESIAN_POINT ( 'NONE',  ( -0.3299150766382560329, -0.6250000000000000000, 0.6700097508186606543 ) ) ;
#5579 = ORIENTED_EDGE ( 'NONE', *, *, #4837, .F. ) ;
#5580 = DIRECTION ( 'NONE',  ( -0.9910683662997864518, 0.0000000000000000000, -0.1333547648937680186 ) ) ;
#5581 = AXIS2_PLACEMENT_3D ( 'NONE', #5139, #4218, #6311 ) ;
#5582 = PRESENTATION_LAYER_ASSIGNMENT (  '', '', ( #4208 ) ) ;
#5583 = EDGE_CURVE ( 'NONE', #133, #1617, #9230, .T. ) ;
#5584 =( GEOMETRIC_REPRESENTATION_CONTEXT ( 3 ) GLOBAL_UNCERTAINTY_ASSIGNED_CONTEXT ( ( #9134 ) ) GLOBAL_UNIT_ASSIGNED_CONTEXT ( ( #8227, #12001, #7254 ) ) REPRESENTATION_CONTEXT ( 'NONE', 'WORKASPACE' ) );
#5585 = CARTESIAN_POINT ( 'NONE',  ( -0.3614717293985583169, -0.6260000000000000009, 0.7328111289642612602 ) ) ;
#5586 = PRESENTATION_LAYER_ASSIGNMENT (  '', '', ( #11684 ) ) ;
#5587 = CARTESIAN_POINT ( 'NONE',  ( -0.2788802922454052813, -0.6260000000000000009, 0.7215817434678952758 ) ) ;
#5588 = EDGE_CURVE ( 'NONE', #8976, #3823, #5658, .T. ) ;
#5589 = SURFACE_STYLE_FILL_AREA ( #8274 ) ;
#5590 = SURFACE_STYLE_FILL_AREA ( #2092 ) ;
#5591 = LINE ( 'NONE', #9344, #1655 ) ;
#5592 = EDGE_LOOP ( 'NONE', ( #9150, #8609, #3387, #6011 ) ) ;
#5593 = PRESENTATION_STYLE_ASSIGNMENT (( #6812 ) ) ;
#5594 = COLOUR_RGB ( '',0.0000000000000000000, 0.0000000000000000000, 0.0000000000000000000 ) ;
#5595 = STYLED_ITEM ( 'NONE', ( #9555 ), #7430 ) ;
#5596 = ORIENTED_EDGE ( 'NONE', *, *, #6860, .T. ) ;
#5597 = ORIENTED_EDGE ( 'NONE', *, *, #1266, .T. ) ;
#5598 = UNCERTAINTY_MEASURE_WITH_UNIT (LENGTH_MEASURE( 1.000000000000000082E-05 ), #8414, 'distance_accuracy_value', 'NONE');
#5599 = B_SPLINE_SURFACE_WITH_KNOTS ( 'NONE', 3, 1, ( 
 ( #8480, #255 ),
 ( #6051, #1417 ),
 ( #4068, #11533 ),
 ( #4131, #6959 ) ),
 .UNSPECIFIED., .F., .F., .F.,
 ( 4, 4 ),
 ( 2, 2 ),
 ( 26.00000000000000000, 27.00000000000000000 ),
 ( 0.0000000000000000000, 1.000000000000000000 ),
 .UNSPECIFIED. ) ;
#5600 = CARTESIAN_POINT ( 'NONE',  ( -0.4260580253005465945, -0.6250000000000000000, 0.7200567651905200872 ) ) ;
#5601 =( GEOMETRIC_REPRESENTATION_CONTEXT ( 3 ) GLOBAL_UNCERTAINTY_ASSIGNED_CONTEXT ( ( #9661 ) ) GLOBAL_UNIT_ASSIGNED_CONTEXT ( ( #3747, #1211, #183 ) ) REPRESENTATION_CONTEXT ( 'NONE', 'WORKASPACE' ) );
#5602 = CARTESIAN_POINT ( 'NONE',  ( -0.3476776077087617156, -0.6250000000000000000, 0.6920179600472416981 ) ) ;
#5603 = EDGE_CURVE ( 'NONE', #8818, #11897, #7385, .T. ) ;
#5604 = STYLED_ITEM ( 'NONE', ( #9191 ), #7911 ) ;
#5605 = LINE ( 'NONE', #5783, #11503 ) ;
#5606 = CARTESIAN_POINT ( 'NONE',  ( -0.7338179022851919475, -0.6260000000000000009, 0.7481183109390059371 ) ) ;
#5607 = LINE ( 'NONE', #2771, #3304 ) ;
#5608 = CARTESIAN_POINT ( 'NONE',  ( -0.3476776077087617156, -0.6250000000000000000, 0.6996428514336568982 ) ) ;
#5609 = FILL_AREA_STYLE_COLOUR ( '', #7302 ) ;
#5610 = VECTOR ( 'NONE', #6264, 1000.000000000000000 ) ;
#5611 = VERTEX_POINT ( 'NONE', #11890 ) ;
#5612 = VECTOR ( 'NONE', #7488, 1000.000000000000000 ) ;
#5613 = ORIENTED_EDGE ( 'NONE', *, *, #7217, .F. ) ;
#5614 = DIRECTION ( 'NONE',  ( -0.0000000000000000000, 0.0000000000000000000, 1.000000000000000000 ) ) ;
#5615 = AXIS2_PLACEMENT_3D ( 'NONE', #10188, #1612, #10016 ) ;
#5616 = CARTESIAN_POINT ( 'NONE',  ( -0.3499997337217647941, -0.6260000000000000009, 0.7306622959368812564 ) ) ;
#5617 = SURFACE_SIDE_STYLE ('',( #9123 ) ) ;
#5618 = VECTOR ( 'NONE', #11124, 1000.000000000000114 ) ;
#5619 = SURFACE_STYLE_USAGE ( .BOTH. , #8245 ) ;
#5620 = ORIENTED_EDGE ( 'NONE', *, *, #485, .T. ) ;
#5621 = CARTESIAN_POINT ( 'NONE',  ( -0.4254341705505423343, -0.6260000000000000009, 0.7105603095550214743 ) ) ;
#5622 = ORIENTED_EDGE ( 'NONE', *, *, #9750, .T. ) ;
#5623 = LINE ( 'NONE', #2856, #9662 ) ;
#5624 = LINE ( 'NONE', #2065, #7932 ) ;
#5625 = DIRECTION ( 'NONE',  ( -0.0000000000000000000, 1.000000000000000000, -0.0000000000000000000 ) ) ;
#5626 = UNCERTAINTY_MEASURE_WITH_UNIT (LENGTH_MEASURE( 1.000000000000000082E-05 ), #958, 'distance_accuracy_value', 'NONE');
#5627 = VERTEX_POINT ( 'NONE', #7204 ) ;
#5628 = VECTOR ( 'NONE', #8150, 1000.000000000000000 ) ;
#5629 = FILL_AREA_STYLE_COLOUR ( '', #5509 ) ;
#5630 = LINE ( 'NONE', #7459, #9665 ) ;
#5631 = SURFACE_STYLE_USAGE ( .BOTH. , #8427 ) ;
#5632 = EDGE_CURVE ( 'NONE', #11824, #10045, #9290, .T. ) ;
#5633 = ADVANCED_FACE ( 'NONE', ( #3568, #1709 ), #11081, .T. ) ;
#5634 =( NAMED_UNIT ( * ) SI_UNIT ( $, .STERADIAN. ) SOLID_ANGLE_UNIT ( ) );
#5635 = CARTESIAN_POINT ( 'NONE',  ( -0.7338179022851919475, -0.6260000000000000009, 0.7481183109390059371 ) ) ;
#5636 = ADVANCED_FACE ( 'NONE', ( #1638 ), #744, .F. ) ;
#5637 =( NAMED_UNIT ( * ) SI_UNIT ( $, .STERADIAN. ) SOLID_ANGLE_UNIT ( ) );
#5638 = PLANE ( 'NONE',  #10679 ) ;
#5639 = FACE_OUTER_BOUND ( 'NONE', #3867, .T. ) ;
#5640 = FILL_AREA_STYLE_COLOUR ( '', #10651 ) ;
#5641 = VERTEX_POINT ( 'NONE', #11447 ) ;
#5642 = SURFACE_SIDE_STYLE ('',( #8900 ) ) ;
#5643 = EDGE_CURVE ( 'NONE', #2478, #9488, #4907, .T. ) ;
#5644 = FILL_AREA_STYLE_COLOUR ( '', #148 ) ;
#5645 = PRESENTATION_STYLE_ASSIGNMENT (( #10329 ) ) ;
#5646 = CARTESIAN_POINT ( 'NONE',  ( -0.3042677147027854634, -0.6250000000000000000, 0.8508236524662153855 ) ) ;
#5647 = CARTESIAN_POINT ( 'NONE',  ( -0.7796075098102038803, -0.6250000000000000000, 0.6840128741942300694 ) ) ;
#5648 = LINE ( 'NONE', #3731, #7808 ) ;
#5649 = AXIS2_PLACEMENT_3D ( 'NONE', #4038, #5150, #2154 ) ;
#5650 = SURFACE_STYLE_USAGE ( .BOTH. , #3003 ) ;
#5651 = CARTESIAN_POINT ( 'NONE',  ( -0.2643063521183349751, -0.6260000000000000009, 0.7908296206947073026 ) ) ;
#5652 = PRESENTATION_STYLE_ASSIGNMENT (( #4880 ) ) ;
#5653 = PRESENTATION_STYLE_ASSIGNMENT (( #4713 ) ) ;
#5654 = ORIENTED_EDGE ( 'NONE', *, *, #3913, .T. ) ;
#5655 = VERTEX_POINT ( 'NONE', #6591 ) ;
#5656 = ORIENTED_EDGE ( 'NONE', *, *, #7425, .T. ) ;
#5657 = PRESENTATION_LAYER_ASSIGNMENT (  '', '', ( #1938 ) ) ;
#5659 = CARTESIAN_POINT ( 'NONE',  ( -0.2788802922454052813, -0.6260000000000000009, 0.7215817434678952758 ) ) ;
#5658 = B_SPLINE_CURVE_WITH_KNOTS ( 'NONE', 3,
 ( #7262, #9045, #8119, #4484 ),
 .UNSPECIFIED., .F., .F.,
 ( 4, 4 ),
 ( 2.000000000000000000, 3.000000000000000000 ),
 .UNSPECIFIED. ) ;
#5660 = VECTOR ( 'NONE', #1218, 1000.000000000000000 ) ;
#5661 = CARTESIAN_POINT ( 'NONE',  ( -0.2328363458514246809, -0.6250000000000000000, 0.8452089597180335589 ) ) ;
#5662 = CARTESIAN_POINT ( 'NONE',  ( -0.4270631246196632258, -0.6260000000000000009, 0.8497838945496974938 ) ) ;
#5663 = FILL_AREA_STYLE ('',( #126 ) ) ;
#5664 = CARTESIAN_POINT ( 'NONE',  ( -0.2383643921062167659, -0.6260000000000000009, 0.7510762096942074084 ) ) ;
#5665 = VECTOR ( 'NONE', #1152, 1000.000000000000000 ) ;
#5666 = CARTESIAN_POINT ( 'NONE',  ( -0.4260580253005465945, -0.6260000000000000009, 0.7200567651905200872 ) ) ;
#5667 = SURFACE_SIDE_STYLE ('',( #68 ) ) ;
#5668 = ORIENTED_EDGE ( 'NONE', *, *, #8718, .F. ) ;
#5669 = ORIENTED_EDGE ( 'NONE', *, *, #461, .F. ) ;
#5670 = SURFACE_SIDE_STYLE ('',( #11392 ) ) ;
#5671 = VECTOR ( 'NONE', #9535, 1000.000000000000000 ) ;
#5672 = AXIS2_PLACEMENT_3D ( 'NONE', #1321, #5017, #6913 ) ;
#5673 = PRESENTATION_LAYER_ASSIGNMENT (  '', '', ( #11767 ) ) ;
#5674 = CARTESIAN_POINT ( 'NONE',  ( 1.000000000000000000, -0.6250000000000000000, 0.0000000000000000000 ) ) ;
#5675 =( NAMED_UNIT ( * ) PLANE_ANGLE_UNIT ( ) SI_UNIT ( $, .RADIAN. ) );
#5676 = EDGE_CURVE ( 'NONE', #5289, #8848, #11257, .T. ) ;
#5677 = ORIENTED_EDGE ( 'NONE', *, *, #7357, .T. ) ;
#5678 = AXIS2_PLACEMENT_3D ( 'NONE', #4267, #3151, #1234 ) ;
#5679 = CARTESIAN_POINT ( 'NONE',  ( -0.5930751565320397933, -0.6250000000000000000, 0.8411434589185761146 ) ) ;
#5680 = CARTESIAN_POINT ( 'NONE',  ( -0.5308977192294062064, -0.6260000000000000009, 0.7505282803632126187 ) ) ;
#5681 = ORIENTED_EDGE ( 'NONE', *, *, #6902, .T. ) ;
#5682 = CARTESIAN_POINT ( 'NONE',  ( -0.7791254984578782627, -0.6250000000000000000, 0.7163065913478932067 ) ) ;
#5683 = PRESENTATION_LAYER_ASSIGNMENT (  '', '', ( #11181 ) ) ;
#5684 = EDGE_CURVE ( 'NONE', #10477, #3606, #2834, .T. ) ;
#5685 = ORIENTED_EDGE ( 'NONE', *, *, #3875, .F. ) ;
#5686 = FILL_AREA_STYLE ('',( #5401 ) ) ;
#5687 =( LENGTH_UNIT ( ) NAMED_UNIT ( * ) SI_UNIT ( .MILLI., .METRE. ) );
#5688 = COLOUR_RGB ( '',0.0000000000000000000, 0.0000000000000000000, 0.0000000000000000000 ) ;
#5689 =( LENGTH_UNIT ( ) NAMED_UNIT ( * ) SI_UNIT ( .MILLI., .METRE. ) );
#5690 = FILL_AREA_STYLE_COLOUR ( '', #6314 ) ;
#5691 = SURFACE_STYLE_FILL_AREA ( #8494 ) ;
#5692 = EDGE_CURVE ( 'NONE', #6392, #6899, #122, .T. ) ;
#5693 = PRESENTATION_STYLE_ASSIGNMENT (( #92 ) ) ;
#5694 =( LENGTH_UNIT ( ) NAMED_UNIT ( * ) SI_UNIT ( .MILLI., .METRE. ) );
#5695 = SURFACE_SIDE_STYLE ('',( #2141 ) ) ;
#5696 = ORIENTED_EDGE ( 'NONE', *, *, #1875, .F. ) ;
#5697 = ORIENTED_EDGE ( 'NONE', *, *, #6830, .T. ) ;
#5698 = DIRECTION ( 'NONE',  ( -1.000000000000000000, 0.0000000000000000000, -0.0000000000000000000 ) ) ;
#5699 = EDGE_CURVE ( 'NONE', #10250, #8406, #5605, .T. ) ;
#5700 = CARTESIAN_POINT ( 'NONE',  ( -0.3499997337217647941, -0.6260000000000000009, 0.7306622959368811454 ) ) ;
#5701 = LINE ( 'NONE', #7368, #4536 ) ;
#5702 = SURFACE_STYLE_FILL_AREA ( #8512 ) ;
#5703 = DIRECTION ( 'NONE',  ( -0.0000000000000000000, 1.000000000000000000, -0.0000000000000000000 ) ) ;
#5704 =( LENGTH_UNIT ( ) NAMED_UNIT ( * ) SI_UNIT ( .MILLI., .METRE. ) );
#5705 = ORIENTED_EDGE ( 'NONE', *, *, #1773, .T. ) ;
#5706 = CARTESIAN_POINT ( 'NONE',  ( -0.7444218210733498653, -0.6260000000000000009, 0.7177525564541258341 ) ) ;
#5707 = COLOUR_RGB ( '',0.7529411764705882248, 0.7529411764705882248, 0.7529411764705882248 ) ;
#5708 = ORIENTED_EDGE ( 'NONE', *, *, #1162, .T. ) ;
#5709 = B_SPLINE_SURFACE_WITH_KNOTS ( 'NONE', 3, 1, ( 
 ( #2295, #900 ),
 ( #4523, #10709 ),
 ( #2699, #4180 ),
 ( #3263, #5170 ) ),
 .UNSPECIFIED., .F., .F., .F.,
 ( 4, 4 ),
 ( 2, 2 ),
 ( 34.00000000000000000, 35.00000000000000000 ),
 ( 0.0000000000000000000, 1.000000000000000000 ),
 .UNSPECIFIED. ) ;
#5710 = ORIENTED_EDGE ( 'NONE', *, *, #5789, .F. ) ;
#5711 = UNCERTAINTY_MEASURE_WITH_UNIT (LENGTH_MEASURE( 1.000000000000000082E-05 ), #6821, 'distance_accuracy_value', 'NONE');
#5712 = LINE ( 'NONE', #179, #8018 ) ;
#5713 = EDGE_CURVE ( 'NONE', #6179, #8242, #8874, .T. ) ;
#5714 = CARTESIAN_POINT ( 'NONE',  ( -0.6856183391259830229, -0.6260000000000000009, 0.6994367410241408844 ) ) ;
#5715 = PRESENTATION_LAYER_ASSIGNMENT (  '', '', ( #9451 ) ) ;
#5716 = CARTESIAN_POINT ( 'NONE',  ( -0.4404586724415291421, -0.6260000000000000009, 0.7432780253219376521 ) ) ;
#5717 = CARTESIAN_POINT ( 'NONE',  ( -0.4368541783315783023, -0.6250000000000000000, 0.8132883916869743102 ) ) ;
#5718 = LINE ( 'NONE', #1031, #5665 ) ;
#5719 = DIRECTION ( 'NONE',  ( -0.0000000000000000000, 1.000000000000000000, -0.0000000000000000000 ) ) ;
#5720 =( LENGTH_UNIT ( ) NAMED_UNIT ( * ) SI_UNIT ( .MILLI., .METRE. ) );
#5721 = CARTESIAN_POINT ( 'NONE',  ( -0.3968928157478209817, -0.6250000000000000000, 0.7974840713589456120 ) ) ;
#5722 = EDGE_CURVE ( 'NONE', #8005, #3577, #7267, .T. ) ;
#5723 = ORIENTED_EDGE ( 'NONE', *, *, #10745, .F. ) ;
#5724 = UNCERTAINTY_MEASURE_WITH_UNIT (LENGTH_MEASURE( 1.000000000000000082E-05 ), #2168, 'distance_accuracy_value', 'NONE');
#5725 = ORIENTED_EDGE ( 'NONE', *, *, #11227, .F. ) ;
#5726 = AXIS2_PLACEMENT_3D ( 'NONE', #1728, #11030, #647 ) ;
#5727 = CARTESIAN_POINT ( 'NONE',  ( -0.4003760047674415068, -0.6260000000000000009, 0.7140608278734577041 ) ) ;
#5728 =( GEOMETRIC_REPRESENTATION_CONTEXT ( 3 ) GLOBAL_UNCERTAINTY_ASSIGNED_CONTEXT ( ( #11381 ) ) GLOBAL_UNIT_ASSIGNED_CONTEXT ( ( #800, #4255, #10835 ) ) REPRESENTATION_CONTEXT ( 'NONE', 'WORKASPACE' ) );
#5729 = EDGE_CURVE ( 'NONE', #10621, #12105, #7559, .T. ) ;
#5730 = CARTESIAN_POINT ( 'NONE',  ( -0.4276696500706181348, -0.6250000000000000000, 0.8239632396281396653 ) ) ;
#5731 = CARTESIAN_POINT ( 'NONE',  ( -0.3736412293441117027, -0.6260000000000000009, 0.6902417069403194994 ) ) ;
#5732 = DIRECTION ( 'NONE',  ( -0.0000000000000000000, -0.0000000000000000000, 1.000000000000000000 ) ) ;
#5733 = STYLED_ITEM ( 'NONE', ( #687 ), #4350 ) ;
#5734 = VERTEX_POINT ( 'NONE', #3013 ) ;
#5735 = CARTESIAN_POINT ( 'NONE',  ( -0.1184109871608345216, -0.6260000000000000009, 0.6832839935504295692 ) ) ;
#5736 = MECHANICAL_DESIGN_GEOMETRIC_PRESENTATION_REPRESENTATION (  '', ( #8277 ), #5550 ) ;
#5737 = FILL_AREA_STYLE ('',( #4005 ) ) ;
#5738 = CARTESIAN_POINT ( 'NONE',  ( -0.6350087881558875713, -0.6260000000000000009, 0.7061846517351401120 ) ) ;
#5739 = ORIENTED_EDGE ( 'NONE', *, *, #8966, .T. ) ;
#5740 =( LENGTH_UNIT ( ) NAMED_UNIT ( * ) SI_UNIT ( .MILLI., .METRE. ) );
#5741 = VERTEX_POINT ( 'NONE', #5661 ) ;
#5742 = VERTEX_POINT ( 'NONE', #6760 ) ;
#5743 = PRESENTATION_STYLE_ASSIGNMENT (( #3952 ) ) ;
#5744 = CARTESIAN_POINT ( 'NONE',  ( -0.1376984965082507506, -0.6260000000000000009, 0.7094858930413312503 ) ) ;
#5745 = CARTESIAN_POINT ( 'NONE',  ( -0.2197180668069256271, -0.6260000000000000009, 0.6832839935504295692 ) ) ;
#5746 = FILL_AREA_STYLE ('',( #5690 ) ) ;
#5747 = EDGE_CURVE ( 'NONE', #705, #6117, #2896, .T. ) ;
#5748 = CARTESIAN_POINT ( 'NONE',  ( -1.000000000000000000, -0.6250000000000000000, 1.000000000000000000 ) ) ;
#5749 = EDGE_CURVE ( 'NONE', #1727, #5611, #4664, .T. ) ;
#5750 =( NAMED_UNIT ( * ) PLANE_ANGLE_UNIT ( ) SI_UNIT ( $, .RADIAN. ) );
#5751 = CARTESIAN_POINT ( 'NONE',  ( -0.3415083774051487775, -0.6250000000000000000, 0.6611718085298740055 ) ) ;
#5752 = DIRECTION ( 'NONE',  ( 1.000000000000000000, 0.0000000000000000000, 0.0000000000000000000 ) ) ;
#5753 =( NAMED_UNIT ( * ) SI_UNIT ( $, .STERADIAN. ) SOLID_ANGLE_UNIT ( ) );
#5754 = STYLED_ITEM ( 'NONE', ( #2964 ), #8937 ) ;
#5755 = FILL_AREA_STYLE_COLOUR ( '', #11451 ) ;
#5756 = EDGE_LOOP ( 'NONE', ( #12016, #11971, #5049, #11518 ) ) ;
#5757 = COLOUR_RGB ( '',0.0000000000000000000, 0.0000000000000000000, 0.0000000000000000000 ) ;
#5758 = ORIENTED_EDGE ( 'NONE', *, *, #2863, .T. ) ;
#5759 = CARTESIAN_POINT ( 'NONE',  ( -0.7280339591190378989, -0.6250000000000000000, 0.8580133115399676269 ) ) ;
#5760 = AXIS2_PLACEMENT_3D ( 'NONE', #7355, #949, #10377 ) ;
#5761 = MECHANICAL_DESIGN_GEOMETRIC_PRESENTATION_REPRESENTATION (  '', ( #7330 ), #9905 ) ;
#5762 = DIRECTION ( 'NONE',  ( -0.0000000000000000000, 0.0000000000000000000, 1.000000000000000000 ) ) ;
#5763 = PRESENTATION_STYLE_ASSIGNMENT (( #11365 ) ) ;
#5764 = VECTOR ( 'NONE', #2744, 1000.000000000000000 ) ;
#5765 = CARTESIAN_POINT ( 'NONE',  ( -0.4212751388853936962, -0.6250000000000000000, 0.7239385280783022791 ) ) ;
#5766 = DIRECTION ( 'NONE',  ( -0.0000000000000000000, 1.000000000000000000, -0.0000000000000000000 ) ) ;
#5767 = FILL_AREA_STYLE ('',( #2026 ) ) ;
#5768 = CARTESIAN_POINT ( 'NONE',  ( 1.000000000000000000, -0.6250000000000000000, 1.000000000000000000 ) ) ;
#5769 = DIRECTION ( 'NONE',  ( 0.0000000000000000000, -0.0000000000000000000, 1.000000000000000000 ) ) ;
#5770 = ORIENTED_EDGE ( 'NONE', *, *, #10009, .F. ) ;
#5771 = CARTESIAN_POINT ( 'NONE',  ( -0.7530977404195974279, -0.6250000000000000000, 0.6883508062872206734 ) ) ;
#5772 = VERTEX_POINT ( 'NONE', #8589 ) ;
#5773 = STYLED_ITEM ( 'NONE', ( #9128 ), #9730 ) ;
#5774 =( GEOMETRIC_REPRESENTATION_CONTEXT ( 3 ) GLOBAL_UNCERTAINTY_ASSIGNED_CONTEXT ( ( #10535 ) ) GLOBAL_UNIT_ASSIGNED_CONTEXT ( ( #7589, #9562, #7772 ) ) REPRESENTATION_CONTEXT ( 'NONE', 'WORKASPACE' ) );
#5775 = ORIENTED_EDGE ( 'NONE', *, *, #11746, .T. ) ;
#5776 = CARTESIAN_POINT ( 'NONE',  ( -0.2383643921062167659, -0.6260000000000000009, 0.7510762096942074084 ) ) ;
#5777 = PRESENTATION_LAYER_ASSIGNMENT (  '', '', ( #7156 ) ) ;
#5778 =( NAMED_UNIT ( * ) PLANE_ANGLE_UNIT ( ) SI_UNIT ( $, .RADIAN. ) );
#5779 = LINE ( 'NONE', #10881, #11720 ) ;
#5780 = CARTESIAN_POINT ( 'NONE',  ( -0.2335121884971842199, -0.6260000000000000009, 0.8477043787171224531 ) ) ;
#5781 = EDGE_CURVE ( 'NONE', #4554, #11548, #10524, .T. ) ;
#5782 = MECHANICAL_DESIGN_GEOMETRIC_PRESENTATION_REPRESENTATION (  '', ( #8921 ), #549 ) ;
#5783 = CARTESIAN_POINT ( 'NONE',  ( -0.6697124839270957031, -0.6260000000000000009, 0.8478914018058004709 ) ) ;
#5784 = CARTESIAN_POINT ( 'NONE',  ( -0.3042677147027854634, -0.6260000000000000009, 0.8508236524662153855 ) ) ;
#5785 = CARTESIAN_POINT ( 'NONE',  ( -0.2936448546573771634, -0.6260000000000000009, 0.8586218368384853639 ) ) ;
#5786 = CIRCLE ( 'NONE', #349, 0.1573157410611863705 ) ;
#5787 = EDGE_CURVE ( 'NONE', #4247, #9309, #11089, .T. ) ;
#5788 =( LENGTH_UNIT ( ) NAMED_UNIT ( * ) SI_UNIT ( .MILLI., .METRE. ) );
#5789 = EDGE_CURVE ( 'NONE', #3007, #7090, #4052, .T. ) ;
#5790 = B_SPLINE_CURVE_WITH_KNOTS ( 'NONE', 3,
 ( #1568, #3195, #7074, #8050 ),
 .UNSPECIFIED., .F., .F.,
 ( 4, 4 ),
 ( 3.000000000000000000, 4.000000000000000000 ),
 .UNSPECIFIED. ) ;
#5791 = ORIENTED_EDGE ( 'NONE', *, *, #6747, .T. ) ;
#5792 = B_SPLINE_CURVE_WITH_KNOTS ( 'NONE', 3,
 ( #3532, #9133, #6194, #648 ),
 .UNSPECIFIED., .F., .F.,
 ( 4, 4 ),
 ( 1.000000000000000000, 2.000000000000000000 ),
 .UNSPECIFIED. ) ;
#5793 = EDGE_LOOP ( 'NONE', ( #6460, #4325, #2514, #7487 ) ) ;
#5794 = PLANE ( 'NONE',  #8377 ) ;
#5795 = VECTOR ( 'NONE', #10509, 1000.000000000000000 ) ;
#5796 = CARTESIAN_POINT ( 'NONE',  ( -0.4666259133354898614, -0.6250000000000000000, 0.6910128607283587687 ) ) ;
#5798 = STYLED_ITEM ( 'NONE', ( #2398 ), #6077 ) ;
#5797 = SURFACE_SIDE_STYLE ('',( #3140 ) ) ;
#5799 = CARTESIAN_POINT ( 'NONE',  ( -0.2002052765774352261, -0.6250000000000000000, 0.7480955703337986984 ) ) ;
#5800 = FILL_AREA_STYLE_COLOUR ( '', #5095 ) ;
#5801 = ORIENTED_EDGE ( 'NONE', *, *, #10467, .F. ) ;
#5802 = CARTESIAN_POINT ( 'NONE',  ( -0.1831705760484461654, -0.6250000000000000000, 0.7075450115974405429 ) ) ;
#5803 = VERTEX_POINT ( 'NONE', #3192 ) ;
#5804 =( LENGTH_UNIT ( ) NAMED_UNIT ( * ) SI_UNIT ( .MILLI., .METRE. ) );
#5805 = ORIENTED_EDGE ( 'NONE', *, *, #102, .F. ) ;
#5806 = DIRECTION ( 'NONE',  ( -1.000000000000000000, -0.0000000000000000000, -0.0000000000000000000 ) ) ;
#5807 = EDGE_CURVE ( 'NONE', #3674, #2032, #610, .T. ) ;
#5808 =( LENGTH_UNIT ( ) NAMED_UNIT ( * ) SI_UNIT ( .MILLI., .METRE. ) );
#5809 = DIRECTION ( 'NONE',  ( -0.0000000000000000000, -0.0000000000000000000, 1.000000000000000000 ) ) ;
#5810 = CARTESIAN_POINT ( 'NONE',  ( -0.3903250115762804673, -0.6260000000000000009, 0.8588297884219738831 ) ) ;
#5811 = B_SPLINE_CURVE_WITH_KNOTS ( 'NONE', 3,
 ( #9170, #4370, #6519, #10099 ),
 .UNSPECIFIED., .F., .F.,
 ( 4, 4 ),
 ( 33.00000000000000000, 34.00000000000000000 ),
 .UNSPECIFIED. ) ;
#5812 = CARTESIAN_POINT ( 'NONE',  ( -0.8384109871606698627, -0.6250000000000000000, 0.7596861880784363530 ) ) ;
#5813 = FILL_AREA_STYLE ('',( #10667 ) ) ;
#5814 = LINE ( 'NONE', #7711, #10887 ) ;
#5815 = PLANE ( 'NONE',  #6465 ) ;
#5816 = CARTESIAN_POINT ( 'NONE',  ( -0.3918846484508255457, -0.6260000000000000009, 0.6832839935504295692 ) ) ;
#5817 = VECTOR ( 'NONE', #6737, 1000.000000000000000 ) ;
#5818 = ORIENTED_EDGE ( 'NONE', *, *, #4998, .F. ) ;
#5819 = VERTEX_POINT ( 'NONE', #7992 ) ;
#5820 = DIRECTION ( 'NONE',  ( -0.0000000000000000000, -0.0000000000000000000, -1.000000000000000000 ) ) ;
#5821 = FACE_OUTER_BOUND ( 'NONE', #11847, .T. ) ;
#5822 =( LENGTH_UNIT ( ) NAMED_UNIT ( * ) SI_UNIT ( .MILLI., .METRE. ) );
#5823 = PRESENTATION_LAYER_ASSIGNMENT (  '', '', ( #6615 ) ) ;
#5824 = SURFACE_STYLE_USAGE ( .BOTH. , #10683 ) ;
#5825 = CARTESIAN_POINT ( 'NONE',  ( -0.4260580253005465945, -0.6250000000000000000, 0.7200567651905200872 ) ) ;
#5826 = CARTESIAN_POINT ( 'NONE',  ( -0.1794101182516885662, -0.6260000000000000009, 0.6832839935504295692 ) ) ;
#5827 = FACE_OUTER_BOUND ( 'NONE', #2554, .T. ) ;
#5828 = ORIENTED_EDGE ( 'NONE', *, *, #8099, .F. ) ;
#5829 = EDGE_CURVE ( 'NONE', #9792, #1633, #10647, .T. ) ;
#5830 = ORIENTED_EDGE ( 'NONE', *, *, #918, .T. ) ;
#5831 = CARTESIAN_POINT ( 'NONE',  ( -0.3337621809286344110, -0.6260000000000000009, 0.7317020538534013685 ) ) ;
#5832 = ADVANCED_FACE ( 'NONE', ( #9786 ), #5290, .F. ) ;
#5833 = ORIENTED_EDGE ( 'NONE', *, *, #1512, .T. ) ;
#5834 = ORIENTED_EDGE ( 'NONE', *, *, #1161, .T. ) ;
#5835 = UNCERTAINTY_MEASURE_WITH_UNIT (LENGTH_MEASURE( 1.000000000000000082E-05 ), #10479, 'distance_accuracy_value', 'NONE');
#5836 = CARTESIAN_POINT ( 'NONE',  ( -0.7796075098102038803, -0.6250000000000000000, 0.6840128741942300694 ) ) ;
#5837 =( LENGTH_UNIT ( ) NAMED_UNIT ( * ) SI_UNIT ( .MILLI., .METRE. ) );
#5838 =( NAMED_UNIT ( * ) PLANE_ANGLE_UNIT ( ) SI_UNIT ( $, .RADIAN. ) );
#5839 = FILL_AREA_STYLE ('',( #9412 ) ) ;
#5840 = CARTESIAN_POINT ( 'NONE',  ( -0.3803260062811051334, -0.6250000000000000000, 0.7186357627051216390 ) ) ;
#5841 = SURFACE_STYLE_USAGE ( .BOTH. , #3987 ) ;
#5842 = FACE_BOUND ( 'NONE', #10753, .T. ) ;
#5843 = ORIENTED_EDGE ( 'NONE', *, *, #10053, .F. ) ;
#5844 = PRESENTATION_LAYER_ASSIGNMENT (  '', '', ( #11755 ) ) ;
#5845 = ORIENTED_EDGE ( 'NONE', *, *, #4075, .F. ) ;
#5846 = UNCERTAINTY_MEASURE_WITH_UNIT (LENGTH_MEASURE( 1.000000000000000082E-05 ), #1093, 'distance_accuracy_value', 'NONE');
#5847 = VERTEX_POINT ( 'NONE', #10761 ) ;
#5848 = DIRECTION ( 'NONE',  ( -0.0000000000000000000, 1.000000000000000000, -0.0000000000000000000 ) ) ;
#5849 = EDGE_CURVE ( 'NONE', #10285, #2720, #11759, .T. ) ;
#5850 = FILL_AREA_STYLE ('',( #8604 ) ) ;
#5851 = COLOUR_RGB ( '',0.0000000000000000000, 0.0000000000000000000, 0.0000000000000000000 ) ;
#5852 = CARTESIAN_POINT ( 'NONE',  ( -0.4753772091311208592, -0.6260000000000000009, 0.6832839935504295692 ) ) ;
#5853 =( NAMED_UNIT ( * ) PLANE_ANGLE_UNIT ( ) SI_UNIT ( $, .RADIAN. ) );
#5854 = LINE ( 'NONE', #7817, #9896 ) ;
#5855 = ORIENTED_EDGE ( 'NONE', *, *, #9242, .T. ) ;
#5856 =( LENGTH_UNIT ( ) NAMED_UNIT ( * ) SI_UNIT ( .MILLI., .METRE. ) );
#5857 = CARTESIAN_POINT ( 'NONE',  ( -0.1933948622259264172, -0.6250000000000000000, 0.6927804491859308467 ) ) ;
#5858 = MECHANICAL_DESIGN_GEOMETRIC_PRESENTATION_REPRESENTATION (  '', ( #221 ), #6456 ) ;
#5859 = ORIENTED_EDGE ( 'NONE', *, *, #3715, .F. ) ;
#5860 = DIRECTION ( 'NONE',  ( -0.0000000000000000000, 0.0000000000000000000, 1.000000000000000000 ) ) ;
#5861 = UNCERTAINTY_MEASURE_WITH_UNIT (LENGTH_MEASURE( 1.000000000000000082E-05 ), #3046, 'distance_accuracy_value', 'NONE');
#5862 = ORIENTED_EDGE ( 'NONE', *, *, #11959, .F. ) ;
#5863 = MECHANICAL_DESIGN_GEOMETRIC_PRESENTATION_REPRESENTATION (  '', ( #5474 ), #8592 ) ;
#5864 = PRESENTATION_STYLE_ASSIGNMENT (( #2316 ) ) ;
#5865 = VECTOR ( 'NONE', #3380, 1000.000000000000000 ) ;
#5866 = DIRECTION ( 'NONE',  ( 0.1333547648937680186, 0.0000000000000000000, -0.9910683662997865628 ) ) ;
#5867 = EDGE_CURVE ( 'NONE', #4524, #7050, #6678, .T. ) ;
#5868 =( GEOMETRIC_REPRESENTATION_CONTEXT ( 3 ) GLOBAL_UNCERTAINTY_ASSIGNED_CONTEXT ( ( #9526 ) ) GLOBAL_UNIT_ASSIGNED_CONTEXT ( ( #9932, #5488, #1642 ) ) REPRESENTATION_CONTEXT ( 'NONE', 'WORKASPACE' ) );
#5869 = PRESENTATION_STYLE_ASSIGNMENT (( #2075 ) ) ;
#5870 =( NAMED_UNIT ( * ) SI_UNIT ( $, .STERADIAN. ) SOLID_ANGLE_UNIT ( ) );
#5871 = VECTOR ( 'NONE', #2447, 1000.000000000000000 ) ;
#5872 = VERTEX_POINT ( 'NONE', #5042 ) ;
#5873 = CARTESIAN_POINT ( 'NONE',  ( -0.4020742760306735830, -0.6260000000000000009, 0.8518634103822715353 ) ) ;
#5874 = LINE ( 'NONE', #7646, #11079 ) ;
#5875 = DIRECTION ( 'NONE',  ( 1.000000000000000000, -0.0000000000000000000, -0.0000000000000000000 ) ) ;
#5876 = CARTESIAN_POINT ( 'NONE',  ( -0.4003760047674415068, -0.6260000000000000009, 0.7029354181686063852 ) ) ;
#5877 = SURFACE_SIDE_STYLE ('',( #10619 ) ) ;
#5878 = ORIENTED_EDGE ( 'NONE', *, *, #9180, .F. ) ;
#5879 = ORIENTED_EDGE ( 'NONE', *, *, #12077, .T. ) ;
#5880 = PRESENTATION_LAYER_ASSIGNMENT (  '', '', ( #11789 ) ) ;
#5881 = CARTESIAN_POINT ( 'NONE',  ( -0.7754799825393179358, 1.926562187460757490E-17, 1.000000000000000000 ) ) ;
#5882 =( GEOMETRIC_REPRESENTATION_CONTEXT ( 3 ) GLOBAL_UNCERTAINTY_ASSIGNED_CONTEXT ( ( #6527 ) ) GLOBAL_UNIT_ASSIGNED_CONTEXT ( ( #392, #4861, #6779 ) ) REPRESENTATION_CONTEXT ( 'NONE', 'WORKASPACE' ) );
#5883 = SURFACE_SIDE_STYLE ('',( #4094 ) ) ;
#5884 = EDGE_CURVE ( 'NONE', #10844, #6458, #10702, .T. ) ;
#5885 = CARTESIAN_POINT ( 'NONE',  ( -0.4165788989633990025, -0.6250000000000000000, 0.7998755145665219501 ) ) ;
#5886 = CARTESIAN_POINT ( 'NONE',  ( -0.1831705760484461654, -0.6260000000000000009, 0.7180465665522892671 ) ) ;
#5887 = FACE_OUTER_BOUND ( 'NONE', #617, .T. ) ;
#5888 = SURFACE_STYLE_USAGE ( .BOTH. , #9517 ) ;
#5889 =( LENGTH_UNIT ( ) NAMED_UNIT ( * ) SI_UNIT ( .MILLI., .METRE. ) );
#5890 = ORIENTED_EDGE ( 'NONE', *, *, #5109, .T. ) ;
#5891 = VERTEX_POINT ( 'NONE', #9910 ) ;
#5892 = LINE ( 'NONE', #422, #4388 ) ;
#5893 = ORIENTED_EDGE ( 'NONE', *, *, #10006, .F. ) ;
#5894 = PRESENTATION_LAYER_ASSIGNMENT (  '', '', ( #9240 ) ) ;
#5895 = CARTESIAN_POINT ( 'NONE',  ( -0.1933948622259264172, -0.6250000000000000000, 0.7420996330167346500 ) ) ;
#5896 = CARTESIAN_POINT ( 'NONE',  ( -0.7338179114785317037, -0.6260000000000000009, 0.6512371686718249064 ) ) ;
#5897 = SURFACE_SIDE_STYLE ('',( #9077 ) ) ;
#5898 = CARTESIAN_POINT ( 'NONE',  ( -0.5487315646773255340, -0.6260000000000000009, 0.7047386866284428564 ) ) ;
#5899 = CARTESIAN_POINT ( 'NONE',  ( -0.4307889238197114001, -0.6250000000000000000, 0.6962463089071945221 ) ) ;
#5900 = ADVANCED_FACE ( 'NONE', ( #1514 ), #5901, .F. ) ;
#5901 = PLANE ( 'NONE',  #6400 ) ;
#5902 =( NAMED_UNIT ( * ) PLANE_ANGLE_UNIT ( ) SI_UNIT ( $, .RADIAN. ) );
#5903 = EDGE_CURVE ( 'NONE', #10010, #2674, #3309, .T. ) ;
#5904 =( GEOMETRIC_REPRESENTATION_CONTEXT ( 3 ) GLOBAL_UNCERTAINTY_ASSIGNED_CONTEXT ( ( #397 ) ) GLOBAL_UNIT_ASSIGNED_CONTEXT ( ( #8318, #3655, #7521 ) ) REPRESENTATION_CONTEXT ( 'NONE', 'WORKASPACE' ) );
#5905 = CARTESIAN_POINT ( 'NONE',  ( -0.4006012856492840446, -0.6260000000000000009, 0.6907702505476974730 ) ) ;
#5906 = CARTESIAN_POINT ( 'NONE',  ( -0.3629967076757026345, -0.6250000000000000000, 0.7029007595714339418 ) ) ;
#5907 = CARTESIAN_POINT ( 'NONE',  ( -0.2546366034969794190, -0.6250000000000000000, 0.7138182176927962974 ) ) ;
#5908 = VERTEX_POINT ( 'NONE', #7371 ) ;
#5909 = ORIENTED_EDGE ( 'NONE', *, *, #9007, .F. ) ;
#5910 = VECTOR ( 'NONE', #7879, 1000.000000000000000 ) ;
#5911 = PRESENTATION_STYLE_ASSIGNMENT (( #6831 ) ) ;
#5912 = CARTESIAN_POINT ( 'NONE',  ( -0.2796774399812640421, -0.6250000000000000000, 0.8103077523270277860 ) ) ;
#5913 = CARTESIAN_POINT ( 'NONE',  ( -0.3415083774051487775, -0.6260000000000000009, 0.6611718085298740055 ) ) ;
#5914 = PLANE ( 'NONE',  #2492 ) ;
#5915 =( LENGTH_UNIT ( ) NAMED_UNIT ( * ) SI_UNIT ( .MILLI., .METRE. ) );
#5916 = CARTESIAN_POINT ( 'NONE',  ( -0.3188069962322234718, -0.6250000000000000000, 0.6952412095878495180 ) ) ;
#5917 = EDGE_LOOP ( 'NONE', ( #6647, #10091, #2822, #5834 ) ) ;
#5918 = CARTESIAN_POINT ( 'NONE',  ( -0.1498983227263293860, -0.6260000000000000009, 0.7387724076841534204 ) ) ;
#5919 = VECTOR ( 'NONE', #1443, 999.9999999999998863 ) ;
#5920 = DIRECTION ( 'NONE',  ( -0.0000000000000000000, 1.000000000000000000, -0.0000000000000000000 ) ) ;
#5921 = UNCERTAINTY_MEASURE_WITH_UNIT (LENGTH_MEASURE( 1.000000000000000082E-05 ), #6616, 'distance_accuracy_value', 'NONE');
#5922 = STYLED_ITEM ( 'NONE', ( #8077 ), #592 ) ;
#5923 = ORIENTED_EDGE ( 'NONE', *, *, #1195, .F. ) ;
#5924 = ORIENTED_EDGE ( 'NONE', *, *, #4123, .T. ) ;
#5925 = PLANE ( 'NONE',  #5678 ) ;
#5926 = EDGE_CURVE ( 'NONE', #3590, #11216, #2588, .T. ) ;
#5927 = MECHANICAL_DESIGN_GEOMETRIC_PRESENTATION_REPRESENTATION (  '', ( #3575 ), #2418 ) ;
#5928 = MECHANICAL_DESIGN_GEOMETRIC_PRESENTATION_REPRESENTATION (  '', ( #8866 ), #3759 ) ;
#5929 = LINE ( 'NONE', #211, #535 ) ;
#5930 = SURFACE_STYLE_USAGE ( .BOTH. , #9756 ) ;
#5931 = VERTEX_POINT ( 'NONE', #11995 ) ;
#5932 = ADVANCED_FACE ( 'NONE', ( #6342 ), #2663, .F. ) ;
#5933 =( LENGTH_UNIT ( ) NAMED_UNIT ( * ) SI_UNIT ( .MILLI., .METRE. ) );
#5934 = CARTESIAN_POINT ( 'NONE',  ( -0.4266298921543317801, -0.6260000000000000009, 0.6859527055353747960 ) ) ;
#5935 = EDGE_CURVE ( 'NONE', #5872, #439, #10505, .T. ) ;
#5936 = CARTESIAN_POINT ( 'NONE',  ( -0.3382504692673716784, -0.6260000000000000009, 0.6677569419997686495 ) ) ;
#5937 = FACE_OUTER_BOUND ( 'NONE', #8935, .T. ) ;
#5938 = EDGE_CURVE ( 'NONE', #11440, #5506, #790, .T. ) ;
#5939 = VERTEX_POINT ( 'NONE', #4423 ) ;
#5940 = MECHANICAL_DESIGN_GEOMETRIC_PRESENTATION_REPRESENTATION (  '', ( #4748 ), #310 ) ;
#5941 = ORIENTED_EDGE ( 'NONE', *, *, #6873, .F. ) ;
#5942 = MECHANICAL_DESIGN_GEOMETRIC_PRESENTATION_REPRESENTATION (  '', ( #11245 ), #8685 ) ;
#5943 = STYLED_ITEM ( 'NONE', ( #3632 ), #224 ) ;
#5944 = FILL_AREA_STYLE ('',( #3107 ) ) ;
#5945 = CARTESIAN_POINT ( 'NONE',  ( -0.2296130963108196088, -0.6260000000000000009, 0.6910128607283587687 ) ) ;
#5946 = CARTESIAN_POINT ( 'NONE',  ( -0.2129769696497612330, -0.6250000000000000000, 0.7908296206947073026 ) ) ;
#5947 = MECHANICAL_DESIGN_GEOMETRIC_PRESENTATION_REPRESENTATION (  '', ( #1853 ), #708 ) ;
#5948 = DIRECTION ( 'NONE',  ( 1.000000000000000000, -0.0000000000000000000, -0.0000000000000000000 ) ) ;
#5949 =( GEOMETRIC_REPRESENTATION_CONTEXT ( 3 ) GLOBAL_UNCERTAINTY_ASSIGNED_CONTEXT ( ( #451 ) ) GLOBAL_UNIT_ASSIGNED_CONTEXT ( ( #10776, #8061, #6173 ) ) REPRESENTATION_CONTEXT ( 'NONE', 'WORKASPACE' ) );
#5950 = SURFACE_STYLE_FILL_AREA ( #2218 ) ;
#5951 = PRESENTATION_LAYER_ASSIGNMENT (  '', '', ( #2810 ) ) ;
#5952 = ORIENTED_EDGE ( 'NONE', *, *, #4239, .F. ) ;
#5953 = DIRECTION ( 'NONE',  ( -0.0000000000000000000, 1.000000000000000000, -0.0000000000000000000 ) ) ;
#5954 = EDGE_LOOP ( 'NONE', ( #6309, #11766, #10429, #3348 ) ) ;
#5955 = EDGE_CURVE ( 'NONE', #2309, #4961, #8009, .T. ) ;
#5956 = SURFACE_SIDE_STYLE ('',( #11506 ) ) ;
#5957 = COLOUR_RGB ( '',0.0000000000000000000, 0.0000000000000000000, 0.0000000000000000000 ) ;
#5958 = ADVANCED_FACE ( 'NONE', ( #9214 ), #7604, .F. ) ;
#5959 = VECTOR ( 'NONE', #216, 1000.000000000000000 ) ;
#5960 = DIRECTION ( 'NONE',  ( 1.000000000000000000, -0.0000000000000000000, -0.0000000000000000000 ) ) ;
#5961 = FILL_AREA_STYLE ('',( #11445 ) ) ;
#5962 = SURFACE_SIDE_STYLE ('',( #3189 ) ) ;
#5963 = SURFACE_SIDE_STYLE ('',( #11568 ) ) ;
#5964 = CARTESIAN_POINT ( 'NONE',  ( -0.7338179114785317037, -0.6260000000000000009, 0.6512371686718249064 ) ) ;
#5965 = CARTESIAN_POINT ( 'NONE',  ( -0.2896591159785453784, -0.6260000000000000009, 0.8487094780364696778 ) ) ;
#5966 = CARTESIAN_POINT ( 'NONE',  ( -0.3672423858340090885, -0.6260000000000000009, 0.6821402598423972341 ) ) ;
#5967 = EDGE_LOOP ( 'NONE', ( #6983, #650, #292, #421 ) ) ;
#5968 = DIRECTION ( 'NONE',  ( 0.0000000000000000000, -1.000000000000000000, 0.0000000000000000000 ) ) ;
#5969 = VECTOR ( 'NONE', #7045, 1000.000000000000000 ) ;
#5970 = STYLED_ITEM ( 'NONE', ( #9194 ), #5134 ) ;
#5971 = CARTESIAN_POINT ( 'NONE',  ( -0.2680668099160172235, -0.6250000000000000000, 0.8150906387421802402 ) ) ;
#5972 =( NAMED_UNIT ( * ) SI_UNIT ( $, .STERADIAN. ) SOLID_ANGLE_UNIT ( ) );
#5973 = MECHANICAL_DESIGN_GEOMETRIC_PRESENTATION_REPRESENTATION (  '', ( #11682 ), #4000 ) ;
#5974 = ORIENTED_EDGE ( 'NONE', *, *, #11587, .T. ) ;
#5975 =( GEOMETRIC_REPRESENTATION_CONTEXT ( 3 ) GLOBAL_UNCERTAINTY_ASSIGNED_CONTEXT ( ( #4444 ) ) GLOBAL_UNIT_ASSIGNED_CONTEXT ( ( #6638, #4781, #2039 ) ) REPRESENTATION_CONTEXT ( 'NONE', 'WORKASPACE' ) );
#5976 = ORIENTED_EDGE ( 'NONE', *, *, #3194, .T. ) ;
#5977 = UNCERTAINTY_MEASURE_WITH_UNIT (LENGTH_MEASURE( 1.000000000000000082E-05 ), #12096, 'distance_accuracy_value', 'NONE');
#5978 = SURFACE_SIDE_STYLE ('',( #2243 ) ) ;
#5979 =( GEOMETRIC_REPRESENTATION_CONTEXT ( 3 ) GLOBAL_UNCERTAINTY_ASSIGNED_CONTEXT ( ( #10222 ) ) GLOBAL_UNIT_ASSIGNED_CONTEXT ( ( #7925, #4244, #7008 ) ) REPRESENTATION_CONTEXT ( 'NONE', 'WORKASPACE' ) );
#5980 = PRESENTATION_LAYER_ASSIGNMENT (  '', '', ( #3811 ) ) ;
#5981 = MECHANICAL_DESIGN_GEOMETRIC_PRESENTATION_REPRESENTATION (  '', ( #3045 ), #5584 ) ;
#5982 = COLOUR_RGB ( '',0.0000000000000000000, 0.0000000000000000000, 0.0000000000000000000 ) ;
#5983 = CARTESIAN_POINT ( 'NONE',  ( -0.6350087881558875713, -0.6250000000000000000, 0.6979907391445477893 ) ) ;
#5984 = PRESENTATION_STYLE_ASSIGNMENT (( #3033 ) ) ;
#5985 = CARTESIAN_POINT ( 'NONE',  ( -0.1933948622259264172, -0.6260000000000000009, 0.7420996330167346500 ) ) ;
#5986 = DIRECTION ( 'NONE',  ( -0.0000000000000000000, 0.0000000000000000000, 1.000000000000000000 ) ) ;
#5987 = CARTESIAN_POINT ( 'NONE',  ( -0.6181389378325995443, -0.6260000000000000009, 0.7399243799617344353 ) ) ;
#5988 = LINE ( 'NONE', #10422, #4207 ) ;
#5989 = ORIENTED_EDGE ( 'NONE', *, *, #7357, .F. ) ;
#5990 = CARTESIAN_POINT ( 'NONE',  ( -0.3803260062811051334, -0.6260000000000000009, 0.7229334287589547214 ) ) ;
#5991 = COLOUR_RGB ( '',0.0000000000000000000, 0.0000000000000000000, 0.0000000000000000000 ) ;
#5992 = STYLED_ITEM ( 'NONE', ( #921 ), #5633 ) ;
#5993 = ORIENTED_EDGE ( 'NONE', *, *, #735, .F. ) ;
#5994 =( NAMED_UNIT ( * ) SI_UNIT ( $, .STERADIAN. ) SOLID_ANGLE_UNIT ( ) );
#5995 = UNCERTAINTY_MEASURE_WITH_UNIT (LENGTH_MEASURE( 1.000000000000000082E-05 ), #1099, 'distance_accuracy_value', 'NONE');
#5996 = ORIENTED_EDGE ( 'NONE', *, *, #2364, .F. ) ;
#5997 = COLOUR_RGB ( '',1.000000000000000000, 1.000000000000000000, 1.000000000000000000 ) ;
#5998 = FACE_OUTER_BOUND ( 'NONE', #1423, .T. ) ;
#5999 = DIRECTION ( 'NONE',  ( -0.0000000000000000000, 1.000000000000000000, -0.0000000000000000000 ) ) ;
#6000 =( GEOMETRIC_REPRESENTATION_CONTEXT ( 3 ) GLOBAL_UNCERTAINTY_ASSIGNED_CONTEXT ( ( #12005 ) ) GLOBAL_UNIT_ASSIGNED_CONTEXT ( ( #11874, #5526, #4595 ) ) REPRESENTATION_CONTEXT ( 'NONE', 'WORKASPACE' ) );
#6001 = CARTESIAN_POINT ( 'NONE',  ( -0.4197155020108486179, -0.6260000000000000009, 0.6912901295057251039 ) ) ;
#6002 = FILL_AREA_STYLE_COLOUR ( '', #11283 ) ;
#6003 = AXIS2_PLACEMENT_3D ( 'NONE', #4187, #6166, #10095 ) ;
#6004 = DIRECTION ( 'NONE',  ( -0.0000000000000000000, 1.000000000000000000, -0.0000000000000000000 ) ) ;
#6005 = ORIENTED_EDGE ( 'NONE', *, *, #10195, .T. ) ;
#6006 = FILL_AREA_STYLE ('',( #10792 ) ) ;
#6007 = CARTESIAN_POINT ( 'NONE',  ( -0.1697403696298703801, -0.6260000000000000009, 0.6832839935504295692 ) ) ;
#6008 = CARTESIAN_POINT ( 'NONE',  ( -0.6460946861199128310, -0.6250000000000000000, 0.8768111452172836495 ) ) ;
#6009 = DIRECTION ( 'NONE',  ( -0.0000000000000000000, 1.000000000000000000, -0.0000000000000000000 ) ) ;
#6010 = VERTEX_POINT ( 'NONE', #54 ) ;
#6011 = ORIENTED_EDGE ( 'NONE', *, *, #4120, .T. ) ;
#6012 = MECHANICAL_DESIGN_GEOMETRIC_PRESENTATION_REPRESENTATION (  '', ( #4039 ), #4620 ) ;
#6013 = STYLED_ITEM ( 'NONE', ( #1914 ), #3029 ) ;
#6014 = EDGE_CURVE ( 'NONE', #7251, #705, #11185, .T. ) ;
#6015 = DIRECTION ( 'NONE',  ( -0.0000000000000000000, 1.000000000000000000, -0.0000000000000000000 ) ) ;
#6016 = CARTESIAN_POINT ( 'NONE',  ( -0.3524258355265112441, -0.6260000000000000009, 0.7066092294728970602 ) ) ;
#6017 = EDGE_CURVE ( 'NONE', #2908, #12105, #10260, .T. ) ;
#6018 = EDGE_CURVE ( 'NONE', #204, #2032, #1899, .T. ) ;
#6019 = CARTESIAN_POINT ( 'NONE',  ( -0.3531363367694426714, -0.6260000000000000009, 0.6859873641325445748 ) ) ;
#6020 = CARTESIAN_POINT ( 'NONE',  ( -0.3046662885702537404, -0.6260000000000000009, 0.7985584878726350588 ) ) ;
#6021 = SURFACE_STYLE_FILL_AREA ( #7914 ) ;
#6022 =( GEOMETRIC_REPRESENTATION_CONTEXT ( 3 ) GLOBAL_UNCERTAINTY_ASSIGNED_CONTEXT ( ( #11005 ) ) GLOBAL_UNIT_ASSIGNED_CONTEXT ( ( #2670, #66, #11014 ) ) REPRESENTATION_CONTEXT ( 'NONE', 'WORKASPACE' ) );
#6023 = SURFACE_SIDE_STYLE ('',( #9771 ) ) ;
#6024 = AXIS2_PLACEMENT_3D ( 'NONE', #4587, #5698, #9450 ) ;
#6025 = CARTESIAN_POINT ( 'NONE',  ( -0.2782910960930354283, -0.6260000000000000009, 0.8496452601610127164 ) ) ;
#6026 = VERTEX_POINT ( 'NONE', #4652 ) ;
#6027 = CARTESIAN_POINT ( 'NONE',  ( -0.3860966627165586806, -0.6260000000000000009, 0.8569928827695967311 ) ) ;
#6028 = VERTEX_POINT ( 'NONE', #8383 ) ;
#6029 = PLANE ( 'NONE',  #6216 ) ;
#6030 = STYLED_ITEM ( 'NONE', ( #10608 ), #2389 ) ;
#6031 = SURFACE_STYLE_FILL_AREA ( #1342 ) ;
#6032 = PLANE ( 'NONE',  #4242 ) ;
#6033 = CARTESIAN_POINT ( 'NONE',  ( -0.7000782108319556496, -0.6250000000000000000, 0.8478914018058004709 ) ) ;
#6034 = DIRECTION ( 'NONE',  ( -0.0000000000000000000, 1.000000000000000000, -0.0000000000000000000 ) ) ;
#6035 = CARTESIAN_POINT ( 'NONE',  ( -0.3042677147027854634, -0.6250000000000000000, 0.8508236524662153855 ) ) ;
#6036 = LINE ( 'NONE', #4110, #1955 ) ;
#6037 = ORIENTED_EDGE ( 'NONE', *, *, #5108, .T. ) ;
#6038 = CARTESIAN_POINT ( 'NONE',  ( -0.2680668099160172235, -0.6260000000000000009, 0.8255921936970281871 ) ) ;
#6039 = CARTESIAN_POINT ( 'NONE',  ( -0.4197155020108486179, -0.6260000000000000009, 0.6912901295057251039 ) ) ;
#6040 = VERTEX_POINT ( 'NONE', #3732 ) ;
#6041 = EDGE_LOOP ( 'NONE', ( #8723, #4133, #4044, #6403 ) ) ;
#6042 = CARTESIAN_POINT ( 'NONE',  ( -0.3577112716011067173, -0.6260000000000000009, 0.7259140681193632094 ) ) ;
#6043 = EDGE_CURVE ( 'NONE', #9764, #5232, #1916, .T. ) ;
#6044 = CARTESIAN_POINT ( 'NONE',  ( -0.5786152848262988702, -0.6250000000000000000, 0.8136697035971394154 ) ) ;
#6045 = CARTESIAN_POINT ( 'NONE',  ( -0.3432586365643671145, -0.6250000000000000000, 0.7317020538534013685 ) ) ;
#6046 = CARTESIAN_POINT ( 'NONE',  ( -0.3499997337217647941, -0.6250000000000000000, 0.7224135498009268685 ) ) ;
#6047 = SURFACE_SIDE_STYLE ('',( #8062 ) ) ;
#6048 = CARTESIAN_POINT ( 'NONE',  ( -0.4006012856492840446, -0.6250000000000000000, 0.6907702505476974730 ) ) ;
#6049 = MECHANICAL_DESIGN_GEOMETRIC_PRESENTATION_REPRESENTATION (  '', ( #9576 ), #6255 ) ;
#6050 =( LENGTH_UNIT ( ) NAMED_UNIT ( * ) SI_UNIT ( .MILLI., .METRE. ) );
#6051 = CARTESIAN_POINT ( 'NONE',  ( -0.6181389562192790565, -0.6260000000000000009, 0.7124506108502888235 ) ) ;
#6052 = ORIENTED_EDGE ( 'NONE', *, *, #1936, .T. ) ;
#6053 = FILL_AREA_STYLE_COLOUR ( '', #2992 ) ;
#6054 = PLANE ( 'NONE',  #3623 ) ;
#6055 = UNCERTAINTY_MEASURE_WITH_UNIT (LENGTH_MEASURE( 1.000000000000000082E-05 ), #8557, 'distance_accuracy_value', 'NONE');
#6056 = ORIENTED_EDGE ( 'NONE', *, *, #10425, .T. ) ;
#6057 = CARTESIAN_POINT ( 'NONE',  ( -0.3039211287301524789, -0.6250000000000000000, 0.8586218368384853639 ) ) ;
#6058 = ORIENTED_EDGE ( 'NONE', *, *, #10043, .T. ) ;
#6059 = VECTOR ( 'NONE', #2319, 1000.000000000000000 ) ;
#6060 = SURFACE_STYLE_USAGE ( .BOTH. , #4327 ) ;
#6061 = DIRECTION ( 'NONE',  ( 0.0000000000000000000, -1.000000000000000000, 0.0000000000000000000 ) ) ;
#6062 =( LENGTH_UNIT ( ) NAMED_UNIT ( * ) SI_UNIT ( .MILLI., .METRE. ) );
#6063 = VERTEX_POINT ( 'NONE', #3865 ) ;
#6064 = PRESENTATION_LAYER_ASSIGNMENT (  '', '', ( #5276 ) ) ;
#6065 = CARTESIAN_POINT ( 'NONE',  ( -0.6976682230208380853, -0.6260000000000000009, 0.7317304581778040218 ) ) ;
#6066 = ADVANCED_FACE ( 'NONE', ( #1137 ), #2943, .F. ) ;
#6067 = CARTESIAN_POINT ( 'NONE',  ( -0.4260580253005465945, -0.6260000000000000009, 0.7200567651905200872 ) ) ;
#6068 = CARTESIAN_POINT ( 'NONE',  ( -0.1482693686574422520, -0.6250000000000000000, 0.7385991146982979760 ) ) ;
#6069 = VECTOR ( 'NONE', #2184, 1000.000000000000000 ) ;
#6070 = PRESENTATION_LAYER_ASSIGNMENT (  '', '', ( #7619 ) ) ;
#6071 =( LENGTH_UNIT ( ) NAMED_UNIT ( * ) SI_UNIT ( .MILLI., .METRE. ) );
#6072 = PLANE ( 'NONE',  #1667 ) ;
#6073 = ORIENTED_EDGE ( 'NONE', *, *, #10435, .T. ) ;
#6074 = ORIENTED_EDGE ( 'NONE', *, *, #8641, .T. ) ;
#6075 = DIRECTION ( 'NONE',  ( -1.000000000000000000, -0.0000000000000000000, -0.0000000000000000000 ) ) ;
#6076 = MECHANICAL_DESIGN_GEOMETRIC_PRESENTATION_REPRESENTATION (  '', ( #428 ), #1777 ) ;
#6077 = ADVANCED_FACE ( 'NONE', ( #5151 ), #11983, .F. ) ;
#6078 = COLOUR_RGB ( '',1.000000000000000000, 1.000000000000000000, 1.000000000000000000 ) ;
#6079 = DIRECTION ( 'NONE',  ( 1.000000000000000000, 0.0000000000000000000, 0.0000000000000000000 ) ) ;
#6080 = COLOUR_RGB ( '',0.0000000000000000000, 0.0000000000000000000, 1.000000000000000000 ) ;
#6081 = CARTESIAN_POINT ( 'NONE',  ( -0.3567581601779786227, -0.6250000000000000000, 0.6834226279391137915 ) ) ;
#6082 = CARTESIAN_POINT ( 'NONE',  ( -0.7791254984578782627, -0.6260000000000000009, 0.7163065913478932067 ) ) ;
#6083 = B_SPLINE_CURVE_WITH_KNOTS ( 'NONE', 3,
 ( #8749, #1182, #6850, #462 ),
 .UNSPECIFIED., .F., .F.,
 ( 4, 4 ),
 ( 4.000000000000000000, 5.000000000000000000 ),
 .UNSPECIFIED. ) ;
#6084 = CARTESIAN_POINT ( 'NONE',  ( -0.8008153060164910908, -0.6250000000000000000, 0.8295755633929275952 ) ) ;
#6085 = FACE_OUTER_BOUND ( 'NONE', #8639, .T. ) ;
#6086 = EDGE_LOOP ( 'NONE', ( #10383, #10268, #4202, #1094 ) ) ;
#6087 = PLANE ( 'NONE',  #11675 ) ;
#6088 = ORIENTED_EDGE ( 'NONE', *, *, #9801, .T. ) ;
#6089 = MECHANICAL_DESIGN_GEOMETRIC_PRESENTATION_REPRESENTATION (  '', ( #6661 ), #5882 ) ;
#6090 = EDGE_CURVE ( 'NONE', #8010, #243, #2280, .T. ) ;
#6091 = DIRECTION ( 'NONE',  ( -0.0000000000000000000, 1.000000000000000000, -0.0000000000000000000 ) ) ;
#6092 = CARTESIAN_POINT ( 'NONE',  ( -0.3697204755347439642, -0.6260000000000000009, 0.7148926342064860773 ) ) ;
#6093 = CARTESIAN_POINT ( 'NONE',  ( -0.4035992543080488826, -0.6260000000000000009, 0.7974840713589456120 ) ) ;
#6094 = DIRECTION ( 'NONE',  ( -0.0000000000000000000, 1.000000000000000000, -0.0000000000000000000 ) ) ;
#6095 =( GEOMETRIC_REPRESENTATION_CONTEXT ( 3 ) GLOBAL_UNCERTAINTY_ASSIGNED_CONTEXT ( ( #10470 ) ) GLOBAL_UNIT_ASSIGNED_CONTEXT ( ( #3462, #8238, #9986 ) ) REPRESENTATION_CONTEXT ( 'NONE', 'WORKASPACE' ) );
#6096 = SURFACE_STYLE_FILL_AREA ( #3127 ) ;
#6097 = FACE_OUTER_BOUND ( 'NONE', #405, .T. ) ;
#6098 = SURFACE_SIDE_STYLE ('',( #11632 ) ) ;
#6099 = ORIENTED_EDGE ( 'NONE', *, *, #11098, .F. ) ;
#6100 = CARTESIAN_POINT ( 'NONE',  ( -0.2680668099160172235, -0.6250000000000000000, 0.8255921936970281871 ) ) ;
#6101 = PRESENTATION_STYLE_ASSIGNMENT (( #4912 ) ) ;
#6102 = LINE ( 'NONE', #8915, #4556 ) ;
#6103 = EDGE_CURVE ( 'NONE', #5819, #5461, #11498, .T. ) ;
#6104 = ORIENTED_EDGE ( 'NONE', *, *, #1983, .F. ) ;
#6105 = EDGE_LOOP ( 'NONE', ( #7984, #9070, #2429, #5155 ) ) ;
#6106 = CARTESIAN_POINT ( 'NONE',  ( -0.4197155020108486179, -0.6260000000000000009, 0.6912901295057251039 ) ) ;
#6107 =( NAMED_UNIT ( * ) SI_UNIT ( $, .STERADIAN. ) SOLID_ANGLE_UNIT ( ) );
#6108 =( NAMED_UNIT ( * ) PLANE_ANGLE_UNIT ( ) SI_UNIT ( $, .RADIAN. ) );
#6109 = CARTESIAN_POINT ( 'NONE',  ( -0.3145093301779258166, -0.6250000000000000000, 0.7985584878726350588 ) ) ;
#6110 = EDGE_CURVE ( 'NONE', #2467, #6283, #1148, .T. ) ;
#6111 = CARTESIAN_POINT ( 'NONE',  ( -0.2782910960930354283, -0.6260000000000000009, 0.8496452601610127164 ) ) ;
#6112 = SURFACE_STYLE_USAGE ( .BOTH. , #6047 ) ;
#6113 = CARTESIAN_POINT ( 'NONE',  ( -0.8008153060164910908, -0.6250000000000000000, 0.8295755633929275952 ) ) ;
#6114 = CARTESIAN_POINT ( 'NONE',  ( -0.3145093301779258166, -0.6260000000000000009, 0.7985584878726350588 ) ) ;
#6115 = ORIENTED_EDGE ( 'NONE', *, *, #5435, .T. ) ;
#6116 = DIRECTION ( 'NONE',  ( 0.0000000000000000000, 0.0000000000000000000, -1.000000000000000000 ) ) ;
#6117 = VERTEX_POINT ( 'NONE', #285 ) ;
#6118 = CARTESIAN_POINT ( 'NONE',  ( -0.5313797075983812679, -0.6250000000000000000, 0.7794480053880162851 ) ) ;
#6119 = ORIENTED_EDGE ( 'NONE', *, *, #2608, .F. ) ;
#6120 = CARTESIAN_POINT ( 'NONE',  ( -0.2197180668069256271, -0.6250000000000000000, 0.6832839935504295692 ) ) ;
#6121 = EDGE_CURVE ( 'NONE', #4743, #5122, #10686, .T. ) ;
#6122 = PLANE ( 'NONE',  #4910 ) ;
#6123 = SURFACE_STYLE_FILL_AREA ( #2265 ) ;
#6124 = CARTESIAN_POINT ( 'NONE',  ( -0.2680668099160172235, -0.6260000000000000009, 0.8255921936970281871 ) ) ;
#6125 = MECHANICAL_DESIGN_GEOMETRIC_PRESENTATION_REPRESENTATION (  '', ( #4723 ), #10234 ) ;
#6126 = DIRECTION ( 'NONE',  ( -0.0000000000000000000, -0.0000000000000000000, -1.000000000000000000 ) ) ;
#6127 = ORIENTED_EDGE ( 'NONE', *, *, #5867, .T. ) ;
#6128 = FACE_OUTER_BOUND ( 'NONE', #8446, .T. ) ;
#6129 =( GEOMETRIC_REPRESENTATION_CONTEXT ( 3 ) GLOBAL_UNCERTAINTY_ASSIGNED_CONTEXT ( ( #5598 ) ) GLOBAL_UNIT_ASSIGNED_CONTEXT ( ( #8414, #10361, #11279 ) ) REPRESENTATION_CONTEXT ( 'NONE', 'WORKASPACE' ) );
#6130 = PRESENTATION_STYLE_ASSIGNMENT (( #11027 ) ) ;
#6131 = CARTESIAN_POINT ( 'NONE',  ( -0.6229588950679236792, -0.6250000000000000000, 0.8676532265853732495 ) ) ;
#6132 = FILL_AREA_STYLE ('',( #2385 ) ) ;
#6133 = SURFACE_SIDE_STYLE ('',( #2386 ) ) ;
#6134 = CARTESIAN_POINT ( 'NONE',  ( -0.3486307191321209031, -0.6260000000000000009, 0.7023115634190640888 ) ) ;
#6135 = ORIENTED_EDGE ( 'NONE', *, *, #6397, .F. ) ;
#6136 = B_SPLINE_SURFACE_WITH_KNOTS ( 'NONE', 3, 1, ( 
 ( #858, #3010 ),
 ( #3979, #10631 ),
 ( #10520, #2165 ),
 ( #236, #5836 ) ),
 .UNSPECIFIED., .F., .F., .F.,
 ( 4, 4 ),
 ( 2, 2 ),
 ( 8.000000000000000000, 9.000000000000000000 ),
 ( 0.0000000000000000000, 1.000000000000000000 ),
 .UNSPECIFIED. ) ;
#6137 = COLOUR_RGB ( '',0.0000000000000000000, 0.0000000000000000000, 0.0000000000000000000 ) ;
#6138 = CARTESIAN_POINT ( 'NONE',  ( -0.3395328373643193842, -0.6260000000000000009, 0.8291273706121738973 ) ) ;
#6139 = VECTOR ( 'NONE', #6171, 1000.000000000000000 ) ;
#6140 = ADVANCED_FACE ( 'NONE', ( #4097 ), #354, .F. ) ;
#6141 = LINE ( 'NONE', #9012, #9338 ) ;
#6142 = DIRECTION ( 'NONE',  ( 0.0000000000000000000, -0.0000000000000000000, -1.000000000000000000 ) ) ;
#6143 = CARTESIAN_POINT ( 'NONE',  ( -0.4003760047674415068, -0.6250000000000000000, 0.7029354181686063852 ) ) ;
#6144 = SURFACE_SIDE_STYLE ('',( #6021 ) ) ;
#6145 = CARTESIAN_POINT ( 'NONE',  ( -0.6350087881558875713, -0.6260000000000000009, 0.6979907391445477893 ) ) ;
#6146 =( NAMED_UNIT ( * ) SI_UNIT ( $, .STERADIAN. ) SOLID_ANGLE_UNIT ( ) );
#6147 = ORIENTED_EDGE ( 'NONE', *, *, #1963, .T. ) ;
#6148 = LINE ( 'NONE', #9843, #7331 ) ;
#6149 = STYLED_ITEM ( 'NONE', ( #8590 ), #247 ) ;
#6150 = FILL_AREA_STYLE ('',( #1506 ) ) ;
#6151 = ORIENTED_EDGE ( 'NONE', *, *, #9088, .T. ) ;
#6152 = CARTESIAN_POINT ( 'NONE',  ( -0.3910875007149667293, -0.6250000000000000000, 0.7910029136805626360 ) ) ;
#6153 = PRESENTATION_LAYER_ASSIGNMENT (  '', '', ( #8094 ) ) ;
#6154 = FILL_AREA_STYLE ('',( #1510 ) ) ;
#6155 = DIRECTION ( 'NONE',  ( -0.0000000000000000000, 1.000000000000000000, -0.0000000000000000000 ) ) ;
#6156 = CARTESIAN_POINT ( 'NONE',  ( -0.4035992543080488826, -0.6260000000000000009, 0.7974840713589456120 ) ) ;
#6157 = DIRECTION ( 'NONE',  ( -0.0000000000000000000, 1.000000000000000000, -0.0000000000000000000 ) ) ;
#6158 = FILL_AREA_STYLE_COLOUR ( '', #1193 ) ;
#6159 = ORIENTED_EDGE ( 'NONE', *, *, #9173, .F. ) ;
#6160 = CARTESIAN_POINT ( 'NONE',  ( -0.2714806817410641560, -0.6260000000000000009, 0.8436493228434865932 ) ) ;
#6161 = DIRECTION ( 'NONE',  ( -0.0000000000000000000, -0.0000000000000000000, 1.000000000000000000 ) ) ;
#6162 = ORIENTED_EDGE ( 'NONE', *, *, #3237, .T. ) ;
#6163 = VECTOR ( 'NONE', #2249, 1000.000000000000000 ) ;
#6164 = VERTEX_POINT ( 'NONE', #7119 ) ;
#6165 = SURFACE_STYLE_FILL_AREA ( #5354 ) ;
#6166 = DIRECTION ( 'NONE',  ( 0.0000000000000000000, 0.0000000000000000000, 1.000000000000000000 ) ) ;
#6167 = EDGE_CURVE ( 'NONE', #8391, #6301, #2461, .T. ) ;
#6168 = VECTOR ( 'NONE', #10189, 999.9999999999998863 ) ;
#6169 = COLOUR_RGB ( '',0.0000000000000000000, 0.0000000000000000000, 0.0000000000000000000 ) ;
#6170 = CARTESIAN_POINT ( 'NONE',  ( -0.1489971991989588740, -0.6260000000000000009, 0.7424115603912743167 ) ) ;
#6171 = DIRECTION ( 'NONE',  ( 1.000000000000000000, -0.0000000000000000000, -0.0000000000000000000 ) ) ;
#6172 = EDGE_CURVE ( 'NONE', #7090, #11440, #11115, .T. ) ;
#6173 =( NAMED_UNIT ( * ) SI_UNIT ( $, .STERADIAN. ) SOLID_ANGLE_UNIT ( ) );
#6174 = COLOUR_RGB ( '',0.0000000000000000000, 0.0000000000000000000, 1.000000000000000000 ) ;
#6175 =( LENGTH_UNIT ( ) NAMED_UNIT ( * ) SI_UNIT ( .MILLI., .METRE. ) );
#6176 = ORIENTED_EDGE ( 'NONE', *, *, #2411, .F. ) ;
#6177 = UNCERTAINTY_MEASURE_WITH_UNIT (LENGTH_MEASURE( 1.000000000000000082E-05 ), #10993, 'distance_accuracy_value', 'NONE');
#6178 = ORIENTED_EDGE ( 'NONE', *, *, #8489, .T. ) ;
#6179 = VERTEX_POINT ( 'NONE', #10983 ) ;
#6180 = CARTESIAN_POINT ( 'NONE',  ( -0.3200720350303528638, -0.6260000000000000009, 0.6913247881028975472 ) ) ;
#6181 =( GEOMETRIC_REPRESENTATION_CONTEXT ( 3 ) GLOBAL_UNCERTAINTY_ASSIGNED_CONTEXT ( ( #9989 ) ) GLOBAL_UNIT_ASSIGNED_CONTEXT ( ( #1943, #320, #11402 ) ) REPRESENTATION_CONTEXT ( 'NONE', 'WORKASPACE' ) );
#6182 = B_SPLINE_SURFACE_WITH_KNOTS ( 'NONE', 3, 1, ( 
 ( #7612, #10462 ),
 ( #919, #11256 ),
 ( #1977, #7490 ),
 ( #4722, #7672 ) ),
 .UNSPECIFIED., .F., .F., .F.,
 ( 4, 4 ),
 ( 2, 2 ),
 ( 14.00000000000000000, 15.00000000000000000 ),
 ( 0.0000000000000000000, 1.000000000000000000 ),
 .UNSPECIFIED. ) ;
#6183 = FILL_AREA_STYLE_COLOUR ( '', #4335 ) ;
#6184 =( NAMED_UNIT ( * ) PLANE_ANGLE_UNIT ( ) SI_UNIT ( $, .RADIAN. ) );
#6185 = DIRECTION ( 'NONE',  ( -0.0000000000000000000, 1.000000000000000000, -0.0000000000000000000 ) ) ;
#6186 = CARTESIAN_POINT ( 'NONE',  ( -0.4122292450133492325, -0.6250000000000000000, 0.8597655705465168108 ) ) ;
#6187 = EDGE_LOOP ( 'NONE', ( #218, #10451, #8598, #9178, #4021, #11033, #4850, #3310, #5552, #11138, #11953, #7228, #9203, #3735, #11379 ) ) ;
#6188 = STYLED_ITEM ( 'NONE', ( #7739 ), #10031 ) ;
#6189 = STYLED_ITEM ( 'NONE', ( #2781 ), #5375 ) ;
#6190 = CARTESIAN_POINT ( 'NONE',  ( -0.7063441423670857588, -0.6260000000000000009, 0.7418523702105359607 ) ) ;
#6191 = CARTESIAN_POINT ( 'NONE',  ( -0.1831705760484461654, -0.6260000000000000009, 0.7180465665522892671 ) ) ;
#6192 = ORIENTED_EDGE ( 'NONE', *, *, #6533, .F. ) ;
#6193 = SURFACE_STYLE_FILL_AREA ( #5380 ) ;
#6194 = CARTESIAN_POINT ( 'NONE',  ( -0.4145860296237535159, -0.6250000000000000000, 0.7896858869866756336 ) ) ;
#6195 = CARTESIAN_POINT ( 'NONE',  ( -0.4000000000000004108, -0.2250000000000001166, -0.01000000000000000021 ) ) ;
#6196 = CARTESIAN_POINT ( 'NONE',  ( -0.4036512422038037173, -0.6250000000000000000, 0.7259140681193632094 ) ) ;
#6197 = ORIENTED_EDGE ( 'NONE', *, *, #5643, .F. ) ;
#6198 = CARTESIAN_POINT ( 'NONE',  ( -0.7492417691153342441, -0.6260000000000000009, 0.8368054992455673524 ) ) ;
#6199 = MECHANICAL_DESIGN_GEOMETRIC_PRESENTATION_REPRESENTATION (  '', ( #5992 ), #2475 ) ;
#6200 = CARTESIAN_POINT ( 'NONE',  ( -0.2782910960930354283, -0.6260000000000000009, 0.8003260763302079139 ) ) ;
#6201 = EDGE_CURVE ( 'NONE', #3626, #2712, #8156, .T. ) ;
#6202 =( NAMED_UNIT ( * ) SI_UNIT ( $, .STERADIAN. ) SOLID_ANGLE_UNIT ( ) );
#6203 =( LENGTH_UNIT ( ) NAMED_UNIT ( * ) SI_UNIT ( .MILLI., .METRE. ) );
#6204 =( NAMED_UNIT ( * ) SI_UNIT ( $, .STERADIAN. ) SOLID_ANGLE_UNIT ( ) );
#6205 = PRESENTATION_STYLE_ASSIGNMENT (( #2521 ) ) ;
#6206 =( NAMED_UNIT ( * ) SI_UNIT ( $, .STERADIAN. ) SOLID_ANGLE_UNIT ( ) );
#6207 = LINE ( 'NONE', #11862, #4688 ) ;
#6208 =( NAMED_UNIT ( * ) PLANE_ANGLE_UNIT ( ) SI_UNIT ( $, .RADIAN. ) );
#6209 = CARTESIAN_POINT ( 'NONE',  ( -0.7550257306683993974, -0.6260000000000000009, 0.6512371686718249064 ) ) ;
#6210 = VECTOR ( 'NONE', #4832, 1000.000000000000000 ) ;
#6211 =( GEOMETRIC_REPRESENTATION_CONTEXT ( 3 ) GLOBAL_UNCERTAINTY_ASSIGNED_CONTEXT ( ( #630 ) ) GLOBAL_UNIT_ASSIGNED_CONTEXT ( ( #6816, #10633, #9529 ) ) REPRESENTATION_CONTEXT ( 'NONE', 'WORKASPACE' ) );
#6212 = ORIENTED_EDGE ( 'NONE', *, *, #7578, .T. ) ;
#6213 = COLOUR_RGB ( '',0.0000000000000000000, 0.0000000000000000000, 0.0000000000000000000 ) ;
#6214 = PLANE ( 'NONE',  #9510 ) ;
#6215 = CARTESIAN_POINT ( 'NONE',  ( -0.7545437239127433804, -0.6250000000000000000, 0.7481183109390059371 ) ) ;
#6216 = AXIS2_PLACEMENT_3D ( 'NONE', #9778, #364, #10693 ) ;
#6217 = FILL_AREA_STYLE ('',( #1622 ) ) ;
#6218 = ADVANCED_FACE ( 'NONE', ( #3367 ), #9197, .F. ) ;
#6219 = FILL_AREA_STYLE ('',( #1693 ) ) ;
#6220 = CARTESIAN_POINT ( 'NONE',  ( -0.3563942449072202701, -0.6250000000000000000, 0.6956224541571924824 ) ) ;
#6221 = LINE ( 'NONE', #1567, #7693 ) ;
#6222 = PRESENTATION_STYLE_ASSIGNMENT (( #5167 ) ) ;
#6223 = VERTEX_POINT ( 'NONE', #6443 ) ;
#6224 = CARTESIAN_POINT ( 'NONE',  ( -0.8384109871606698627, -0.6250000000000000000, 0.7404063591371397024 ) ) ;
#6225 = EDGE_CURVE ( 'NONE', #11689, #9400, #9961, .T. ) ;
#6226 = ORIENTED_EDGE ( 'NONE', *, *, #2364, .T. ) ;
#6227 = ORIENTED_EDGE ( 'NONE', *, *, #4468, .T. ) ;
#6228 = VECTOR ( 'NONE', #2002, 1000.000000000000000 ) ;
#6229 = CARTESIAN_POINT ( 'NONE',  ( -0.3242657252929049827, -0.6260000000000000009, 0.6833879693419441237 ) ) ;
#6230 = EDGE_CURVE ( 'NONE', #1127, #256, #834, .T. ) ;
#6231 = SURFACE_SIDE_STYLE ('',( #3393 ) ) ;
#6232 = DIRECTION ( 'NONE',  ( 0.0000000000000000000, 1.000000000000000000, 0.0000000000000000000 ) ) ;
#6233 = CARTESIAN_POINT ( 'NONE',  ( -0.5983771205227886858, -0.6250000000000000000, 0.7876419363652877870 ) ) ;
#6234 = VECTOR ( 'NONE', #3608, 1000.000000000000000 ) ;
#6235 = CARTESIAN_POINT ( 'NONE',  ( -0.2527130513516755439, -0.6250000000000000000, 0.7510762096942074084 ) ) ;
#6236 =( NAMED_UNIT ( * ) SI_UNIT ( $, .STERADIAN. ) SOLID_ANGLE_UNIT ( ) );
#6237 = SURFACE_STYLE_USAGE ( .BOTH. , #5244 ) ;
#6238 = ORIENTED_EDGE ( 'NONE', *, *, #10625, .T. ) ;
#6239 = DIRECTION ( 'NONE',  ( 0.0000000000000000000, 0.0000000000000000000, 1.000000000000000000 ) ) ;
#6240 = ORIENTED_EDGE ( 'NONE', *, *, #743, .T. ) ;
#6241 = EDGE_LOOP ( 'NONE', ( #7885, #1786, #5818, #6770 ) ) ;
#6242 = FILL_AREA_STYLE ('',( #9992 ) ) ;
#6243 = PRESENTATION_STYLE_ASSIGNMENT (( #5131 ) ) ;
#6244 = CARTESIAN_POINT ( 'NONE',  ( -0.4666259133354898614, -0.6260000000000000009, 0.7432780253219376521 ) ) ;
#6245 = CARTESIAN_POINT ( 'NONE',  ( -0.4221762624127674002, -0.6260000000000000009, 0.6969394808510793737 ) ) ;
#6246 = VERTEX_POINT ( 'NONE', #1554 ) ;
#6247 = CARTESIAN_POINT ( 'NONE',  ( -0.2291278759499620621, -0.6260000000000000009, 0.8586218368384853639 ) ) ;
#6248 = CARTESIAN_POINT ( 'NONE',  ( -0.1933948622259264172, -0.6260000000000000009, 0.6927804491859308467 ) ) ;
#6249 = CARTESIAN_POINT ( 'NONE',  ( -0.2352104597604162683, -0.6250000000000000000, 0.8452089597180334479 ) ) ;
#6250 = EDGE_LOOP ( 'NONE', ( #5477, #2315, #3359, #4392 ) ) ;
#6251 = LINE ( 'NONE', #8083, #8447 ) ;
#6252 = FILL_AREA_STYLE_COLOUR ( '', #6752 ) ;
#6253 = VERTEX_POINT ( 'NONE', #10066 ) ;
#6254 = EDGE_CURVE ( 'NONE', #8869, #3398, #10216, .T. ) ;
#6255 =( GEOMETRIC_REPRESENTATION_CONTEXT ( 3 ) GLOBAL_UNCERTAINTY_ASSIGNED_CONTEXT ( ( #8988 ) ) GLOBAL_UNIT_ASSIGNED_CONTEXT ( ( #541, #10747, #11497 ) ) REPRESENTATION_CONTEXT ( 'NONE', 'WORKASPACE' ) );
#6256 = PRESENTATION_STYLE_ASSIGNMENT (( #11918 ) ) ;
#6257 = CARTESIAN_POINT ( 'NONE',  ( -0.2714806817410641560, -0.6260000000000000009, 0.8066685996199067787 ) ) ;
#6258 =( GEOMETRIC_REPRESENTATION_CONTEXT ( 3 ) GLOBAL_UNCERTAINTY_ASSIGNED_CONTEXT ( ( #7581 ) ) GLOBAL_UNIT_ASSIGNED_CONTEXT ( ( #1028, #6635, #5479 ) ) REPRESENTATION_CONTEXT ( 'NONE', 'WORKASPACE' ) );
#6259 = FILL_AREA_STYLE ('',( #2331 ) ) ;
#6260 = CARTESIAN_POINT ( 'NONE',  ( -0.3637765261129762839, -0.6260000000000000009, 0.7985584878726350588 ) ) ;
#6261 = DIRECTION ( 'NONE',  ( -1.000000000000000000, 0.0000000000000000000, 0.0000000000000000000 ) ) ;
#6262 = SURFACE_STYLE_FILL_AREA ( #11922 ) ;
#6263 = VECTOR ( 'NONE', #7898, 1000.000000000000000 ) ;
#6264 = DIRECTION ( 'NONE',  ( -0.0000000000000000000, -0.0000000000000000000, -1.000000000000000000 ) ) ;
#6265 =( LENGTH_UNIT ( ) NAMED_UNIT ( * ) SI_UNIT ( .MILLI., .METRE. ) );
#6266 = DIRECTION ( 'NONE',  ( -0.0000000000000000000, 0.0000000000000000000, 1.000000000000000000 ) ) ;
#6267 = FACE_OUTER_BOUND ( 'NONE', #9086, .T. ) ;
#6268 = B_SPLINE_CURVE_WITH_KNOTS ( 'NONE', 3,
 ( #3512, #5291, #11006, #1523, #9923, #8177, #4431 ),
 .UNSPECIFIED., .F., .F.,
 ( 4, 3, 4 ),
 ( 0.0000000000000000000, 1.000000000000000000, 2.000000000000000000 ),
 .UNSPECIFIED. ) ;
#6269 = ORIENTED_EDGE ( 'NONE', *, *, #8460, .T. ) ;
#6270 = PRESENTATION_LAYER_ASSIGNMENT (  '', '', ( #5081 ) ) ;
#6271 = VECTOR ( 'NONE', #1677, 1000.000000000000000 ) ;
#6272 = CARTESIAN_POINT ( 'NONE',  ( -0.2546366034969794190, -0.6260000000000000009, 0.7138182176927964084 ) ) ;
#6273 = COLOUR_RGB ( '',0.0000000000000000000, 0.0000000000000000000, 1.000000000000000000 ) ;
#6274 = EDGE_CURVE ( 'NONE', #4278, #9225, #3490, .T. ) ;
#6275 = CARTESIAN_POINT ( 'NONE',  ( -0.2788802922454052813, -0.6250000000000000000, 0.6910128607283587687 ) ) ;
#6276 = CARTESIAN_POINT ( 'NONE',  ( -0.3715747104854764671, -0.6260000000000000009, 0.7174573703999167495 ) ) ;
#6277 = CARTESIAN_POINT ( 'NONE',  ( -0.6060890447446356522, -0.6260000000000000009, 0.8213816370118639520 ) ) ;
#6278 = CARTESIAN_POINT ( 'NONE',  ( -0.5607814577652890931, -0.6260000000000000009, 0.7500462736077881942 ) ) ;
#6279 = PRESENTATION_LAYER_ASSIGNMENT (  '', '', ( #10786 ) ) ;
#6280 = CARTESIAN_POINT ( 'NONE',  ( -0.6856183391259830229, -0.6260000000000000009, 0.6994367410241408844 ) ) ;
#6281 = FILL_AREA_STYLE ('',( #7010 ) ) ;
#6282 = CARTESIAN_POINT ( 'NONE',  ( 0.4000000000000000222, -0.6250000000000000000, -0.01000000000000000021 ) ) ;
#6283 = VERTEX_POINT ( 'NONE', #9080 ) ;
#6284 = STYLED_ITEM ( 'NONE', ( #7179 ), #11072 ) ;
#6285 = FILL_AREA_STYLE ('',( #12057 ) ) ;
#6286 = ORIENTED_EDGE ( 'NONE', *, *, #2624, .T. ) ;
#6287 = ORIENTED_EDGE ( 'NONE', *, *, #7583, .T. ) ;
#6288 = PRODUCT_DEFINITION_SHAPE ( 'NONE', 'NONE',  #654 ) ;
#6289 = DIRECTION ( 'NONE',  ( 0.0000000000000000000, 0.0000000000000000000, 1.000000000000000000 ) ) ;
#6290 = VECTOR ( 'NONE', #4735, 1000.000000000000000 ) ;
#6291 = VECTOR ( 'NONE', #4804, 1000.000000000000000 ) ;
#6292 = EDGE_CURVE ( 'NONE', #2713, #7552, #7856, .T. ) ;
#6293 = EDGE_CURVE ( 'NONE', #11952, #500, #11045, .T. ) ;
#6294 = SURFACE_SIDE_STYLE ('',( #11828 ) ) ;
#6295 =( NAMED_UNIT ( * ) SI_UNIT ( $, .STERADIAN. ) SOLID_ANGLE_UNIT ( ) );
#6296 = LINE ( 'NONE', #10038, #9869 ) ;
#6297 = FILL_AREA_STYLE_COLOUR ( '', #8601 ) ;
#6298 = CARTESIAN_POINT ( 'NONE',  ( -0.4254514998493583722, -0.6250000000000000000, 0.8094066287996558584 ) ) ;
#6299 = CARTESIAN_POINT ( 'NONE',  ( -0.2847029365770755716, -0.6260000000000000009, 0.8444464705793452985 ) ) ;
#6300 = UNCERTAINTY_MEASURE_WITH_UNIT (LENGTH_MEASURE( 1.000000000000000082E-05 ), #525, 'distance_accuracy_value', 'NONE');
#6301 = VERTEX_POINT ( 'NONE', #11807 ) ;
#6302 = VERTEX_POINT ( 'NONE', #9018 ) ;
#6303 = SURFACE_SIDE_STYLE ('',( #8298 ) ) ;
#6304 = PRESENTATION_LAYER_ASSIGNMENT (  '', '', ( #4122 ) ) ;
#6305 = PRESENTATION_STYLE_ASSIGNMENT (( #2780 ) ) ;
#6306 = CARTESIAN_POINT ( 'NONE',  ( -0.2845123142921717752, -0.6260000000000000009, 0.8056288417033885541 ) ) ;
#6307 = CARTESIAN_POINT ( 'NONE',  ( -0.3803260062811051334, -0.6250000000000000000, 0.7186357627051216390 ) ) ;
#6308 = CARTESIAN_POINT ( 'NONE',  ( -0.4205299790452924902, -0.6250000000000000000, 0.8564383452143975450 ) ) ;
#6309 = ORIENTED_EDGE ( 'NONE', *, *, #4663, .T. ) ;
#6310 = CARTESIAN_POINT ( 'NONE',  ( -0.4666259133354898614, -0.6260000000000000009, 0.7985584878726350588 ) ) ;
#6311 = DIRECTION ( 'NONE',  ( -1.000000000000000000, 0.0000000000000000000, -0.0000000000000000000 ) ) ;
#6312 = CARTESIAN_POINT ( 'NONE',  ( -0.2341013846495562933, -0.6250000000000000000, 0.8499571875360144579 ) ) ;
#6313 = ORIENTED_EDGE ( 'NONE', *, *, #11269, .T. ) ;
#6314 = COLOUR_RGB ( '',0.0000000000000000000, 0.0000000000000000000, 0.0000000000000000000 ) ;
#6315 = LINE ( 'NONE', #7107, #10290 ) ;
#6316 = CARTESIAN_POINT ( 'NONE',  ( -0.3279915244931836393, -0.6250000000000000000, 0.6745846856503245892 ) ) ;
#6317 = B_SPLINE_CURVE_WITH_KNOTS ( 'NONE', 3,
 ( #7599, #7719, #347, #1253, #11551, #8629 ),
 .UNSPECIFIED., .F., .F.,
 ( 4, 2, 4 ),
 ( 2.000000000000000000, 3.000000000000000000, 4.000000000000000000 ),
 .UNSPECIFIED. ) ;
#6318 = ORIENTED_EDGE ( 'NONE', *, *, #7281, .T. ) ;
#6319 = ADVANCED_FACE ( 'NONE', ( #1673 ), #10870, .F. ) ;
#6320 = DIRECTION ( 'NONE',  ( -0.0000000000000000000, 0.0000000000000000000, -1.000000000000000000 ) ) ;
#6321 = EDGE_CURVE ( 'NONE', #2935, #603, #11691, .T. ) ;
#6322 = DIRECTION ( 'NONE',  ( 1.000000000000000000, 0.0000000000000000000, -0.0000000000000000000 ) ) ;
#6323 =( NAMED_UNIT ( * ) SI_UNIT ( $, .STERADIAN. ) SOLID_ANGLE_UNIT ( ) );
#6324 = CARTESIAN_POINT ( 'NONE',  ( -0.8302170596310163297, -0.6260000000000000009, 0.8001738270155674959 ) ) ;
#6325 = LINE ( 'NONE', #7176, #1932 ) ;
#6326 = ADVANCED_FACE ( 'NONE', ( #893 ), #9608, .F. ) ;
#6327 = SURFACE_SIDE_STYLE ('',( #10067 ) ) ;
#6328 = EDGE_CURVE ( 'NONE', #8672, #5236, #10478, .T. ) ;
#6329 = CARTESIAN_POINT ( 'NONE',  ( -0.2851015104450040916, -0.6260000000000000009, 0.7939835530409711239 ) ) ;
#6330 = CARTESIAN_POINT ( 'NONE',  ( -0.1280807357821902026, -0.6260000000000000009, 0.6832839935504295692 ) ) ;
#6331 = CARTESIAN_POINT ( 'NONE',  ( -0.4276696500706181348, -0.6250000000000000000, 0.8158531278808678344 ) ) ;
#6332 = ORIENTED_EDGE ( 'NONE', *, *, #11479, .F. ) ;
#6333 = MECHANICAL_DESIGN_GEOMETRIC_PRESENTATION_REPRESENTATION (  '', ( #6355 ), #877 ) ;
#6334 = SURFACE_STYLE_FILL_AREA ( #5404 ) ;
#6335 = CARTESIAN_POINT ( 'NONE',  ( -0.2033072210279435743, -0.6260000000000000009, 0.7908296206947073026 ) ) ;
#6336 = B_SPLINE_SURFACE_WITH_KNOTS ( 'NONE', 3, 1, ( 
 ( #1710, #6233 ),
 ( #1927, #1820 ),
 ( #10218, #4785 ),
 ( #7560, #9466 ) ),
 .UNSPECIFIED., .F., .F., .F.,
 ( 4, 4 ),
 ( 2, 2 ),
 ( 23.00000000000000000, 24.00000000000000000 ),
 ( 0.0000000000000000000, 1.000000000000000000 ),
 .UNSPECIFIED. ) ;
#6337 = CARTESIAN_POINT ( 'NONE',  ( -0.2197700547031451179, -0.6260000000000000009, 0.6910128607283587687 ) ) ;
#6338 = MECHANICAL_DESIGN_GEOMETRIC_PRESENTATION_REPRESENTATION (  '', ( #11640 ), #4165 ) ;
#6339 = PLANE ( 'NONE',  #670 ) ;
#6340 = CARTESIAN_POINT ( 'NONE',  ( -0.4210151994063787151, -0.6250000000000000000, 0.8046237423845037373 ) ) ;
#6341 = VECTOR ( 'NONE', #4708, 1000.000000000000000 ) ;
#6342 = FACE_OUTER_BOUND ( 'NONE', #11725, .T. ) ;
#6343 = CARTESIAN_POINT ( 'NONE',  ( -0.8080452418693617744, -0.6250000000000000000, 0.7606502015892858681 ) ) ;
#6344 = VERTEX_POINT ( 'NONE', #8730 ) ;
#6345 = CARTESIAN_POINT ( 'NONE',  ( -0.2511707437757129124, -0.6260000000000000009, 0.6910128607283587687 ) ) ;
#6346 = CARTESIAN_POINT ( 'NONE',  ( -0.2772686674751027036, -0.6260000000000000009, 0.8253495835163686678 ) ) ;
#6347 = DIRECTION ( 'NONE',  ( 1.000000000000000000, 0.0000000000000000000, -0.0000000000000000000 ) ) ;
#6348 = VERTEX_POINT ( 'NONE', #3941 ) ;
#6349 = ORIENTED_EDGE ( 'NONE', *, *, #11342, .F. ) ;
#6350 = UNCERTAINTY_MEASURE_WITH_UNIT (LENGTH_MEASURE( 1.000000000000000082E-05 ), #6836, 'distance_accuracy_value', 'NONE');
#6351 = ADVANCED_FACE ( 'NONE', ( #2058 ), #5914, .F. ) ;
#6352 =( NAMED_UNIT ( * ) SI_UNIT ( $, .STERADIAN. ) SOLID_ANGLE_UNIT ( ) );
#6353 = VECTOR ( 'NONE', #11156, 1000.000000000000000 ) ;
#6354 = VECTOR ( 'NONE', #5527, 1000.000000000000000 ) ;
#6355 = STYLED_ITEM ( 'NONE', ( #6870 ), #2 ) ;
#6356 = FILL_AREA_STYLE ('',( #7317 ) ) ;
#6357 = CARTESIAN_POINT ( 'NONE',  ( -0.4666259133354898614, -0.6260000000000000009, 0.6910128607283587687 ) ) ;
#6358 = CARTESIAN_POINT ( 'NONE',  ( 0.4000000000000000222, -0.6250000000000000000, -0.01000000000000000021 ) ) ;
#6359 = PRESENTATION_LAYER_ASSIGNMENT (  '', '', ( #1853 ) ) ;
#6360 = CARTESIAN_POINT ( 'NONE',  ( -0.4040151574745620144, -0.6260000000000000009, 0.6930577179637618102 ) ) ;
#6361 = VECTOR ( 'NONE', #11946, 1000.000000000000000 ) ;
#6362 = SURFACE_SIDE_STYLE ('',( #806 ) ) ;
#6363 = FILL_AREA_STYLE_COLOUR ( '', #7906 ) ;
#6364 = VERTEX_POINT ( 'NONE', #9862 ) ;
#6365 = ORIENTED_EDGE ( 'NONE', *, *, #5603, .F. ) ;
#6366 = SURFACE_STYLE_USAGE ( .BOTH. , #6303 ) ;
#6367 = B_SPLINE_CURVE_WITH_KNOTS ( 'NONE', 3,
 ( #6732, #4884, #11420, #10501 ),
 .UNSPECIFIED., .F., .F.,
 ( 4, 4 ),
 ( 0.0000000000000000000, 1.000000000000000000 ),
 .UNSPECIFIED. ) ;
#6368 = VECTOR ( 'NONE', #5518, 1000.000000000000114 ) ;
#6369 = FILL_AREA_STYLE_COLOUR ( '', #3422 ) ;
#6370 = ORIENTED_EDGE ( 'NONE', *, *, #3715, .T. ) ;
#6371 = CARTESIAN_POINT ( 'NONE',  ( -0.3499997337217647941, -0.6260000000000000009, 0.7306622959368812564 ) ) ;
#6372 = CARTESIAN_POINT ( 'NONE',  ( -0.5925931681630641767, -0.6260000000000000009, 0.6830488790696001011 ) ) ;
#6373 = ORIENTED_EDGE ( 'NONE', *, *, #2714, .F. ) ;
#6374 = LINE ( 'NONE', #9131, #2004 ) ;
#6375 = SURFACE_STYLE_FILL_AREA ( #1600 ) ;
#6376 =( GEOMETRIC_REPRESENTATION_CONTEXT ( 3 ) GLOBAL_UNCERTAINTY_ASSIGNED_CONTEXT ( ( #5724 ) ) GLOBAL_UNIT_ASSIGNED_CONTEXT ( ( #2168, #2518, #6202 ) ) REPRESENTATION_CONTEXT ( 'NONE', 'WORKASPACE' ) );
#6377 = DIRECTION ( 'NONE',  ( 0.0000000000000000000, -0.0000000000000000000, 1.000000000000000000 ) ) ;
#6378 = ORIENTED_EDGE ( 'NONE', *, *, #3299, .T. ) ;
#6379 = MECHANICAL_DESIGN_GEOMETRIC_PRESENTATION_REPRESENTATION (  '', ( #10889 ), #8916 ) ;
#6380 =( GEOMETRIC_REPRESENTATION_CONTEXT ( 3 ) GLOBAL_UNCERTAINTY_ASSIGNED_CONTEXT ( ( #1534 ) ) GLOBAL_UNIT_ASSIGNED_CONTEXT ( ( #1271, #5778, #7004 ) ) REPRESENTATION_CONTEXT ( 'NONE', 'WORKASPACE' ) );
#6381 = FACE_OUTER_BOUND ( 'NONE', #5419, .T. ) ;
#6382 = CARTESIAN_POINT ( 'NONE',  ( -0.3674676667158520149, -0.6260000000000000009, 0.7045643722374940188 ) ) ;
#6383 = SURFACE_STYLE_FILL_AREA ( #10183 ) ;
#6384 = SURFACE_SIDE_STYLE ('',( #2638 ) ) ;
#6385 = CARTESIAN_POINT ( 'NONE',  ( -0.3714014174993909845, -0.6260000000000000009, 0.6890719792844680613 ) ) ;
#6386 = CARTESIAN_POINT ( 'NONE',  ( -0.6200669280814015139, -0.6250000000000000000, 0.7129325992190329586 ) ) ;
#6387 = B_SPLINE_SURFACE_WITH_KNOTS ( 'NONE', 3, 1, ( 
 ( #966, #9581 ),
 ( #5706, #7546 ),
 ( #7607, #2823 ),
 ( #4835, #5771 ),
 ( #8387, #57 ),
 ( #2947, #1023 ) ),
 .UNSPECIFIED., .F., .F., .F.,
 ( 4, 2, 4 ),
 ( 2, 2 ),
 ( 2.000000000000000000, 3.000000000000000000, 4.000000000000000000 ),
 ( 0.0000000000000000000, 1.000000000000000000 ),
 .UNSPECIFIED. ) ;
#6388 = CARTESIAN_POINT ( 'NONE',  ( -0.4003760047674414513, -0.6250000000000000000, 0.6907702505476974730 ) ) ;
#6389 = DIRECTION ( 'NONE',  ( 0.9369753459439785770, 0.0000000000000000000, 0.3493954794973193612 ) ) ;
#6390 = CARTESIAN_POINT ( 'NONE',  ( -0.2845123142921717752, -0.6260000000000000009, 0.8056288417033885541 ) ) ;
#6391 = B_SPLINE_CURVE_WITH_KNOTS ( 'NONE', 3,
 ( #1958, #2080, #7594, #10440 ),
 .UNSPECIFIED., .F., .F.,
 ( 4, 4 ),
 ( 8.000000000000000000, 9.000000000000000000 ),
 .UNSPECIFIED. ) ;
#6392 = VERTEX_POINT ( 'NONE', #11775 ) ;
#6393 = VECTOR ( 'NONE', #10883, 1000.000000000000000 ) ;
#6394 = STYLED_ITEM ( 'NONE', ( #3077 ), #5636 ) ;
#6395 = LINE ( 'NONE', #10251, #5618 ) ;
#6396 = ADVANCED_FACE ( 'NONE', ( #8003 ), #5118, .F. ) ;
#6397 = EDGE_CURVE ( 'NONE', #11824, #357, #7883, .T. ) ;
#6398 =( NAMED_UNIT ( * ) PLANE_ANGLE_UNIT ( ) SI_UNIT ( $, .RADIAN. ) );
#6399 = DIRECTION ( 'NONE',  ( 0.0000000000000000000, 1.000000000000000000, 0.0000000000000000000 ) ) ;
#6400 = AXIS2_PLACEMENT_3D ( 'NONE', #1623, #2705, #910 ) ;
#6401 = DIRECTION ( 'NONE',  ( -0.0000000000000000000, -0.0000000000000000000, 1.000000000000000000 ) ) ;
#6402 = DIRECTION ( 'NONE',  ( -0.0000000000000000000, 0.0000000000000000000, 1.000000000000000000 ) ) ;
#6403 = ORIENTED_EDGE ( 'NONE', *, *, #1717, .T. ) ;
#6404 = ORIENTED_EDGE ( 'NONE', *, *, #4605, .T. ) ;
#6405 = ORIENTED_EDGE ( 'NONE', *, *, #2723, .T. ) ;
#6406 = SURFACE_STYLE_USAGE ( .BOTH. , #2664 ) ;
#6407 = EDGE_CURVE ( 'NONE', #9390, #4809, #6957, .T. ) ;
#6408 = COLOUR_RGB ( '',0.0000000000000000000, 0.0000000000000000000, 0.0000000000000000000 ) ;
#6409 = CARTESIAN_POINT ( 'NONE',  ( -0.3476776077087617156, -0.6250000000000000000, 0.6964542604902214107 ) ) ;
#6410 = CARTESIAN_POINT ( 'NONE',  ( -0.2347945565939009716, -0.6260000000000000009, 0.8463180348288934507 ) ) ;
#6411 =( LENGTH_UNIT ( ) NAMED_UNIT ( * ) SI_UNIT ( .MILLI., .METRE. ) );
#6413 = PRESENTATION_STYLE_ASSIGNMENT (( #5544 ) ) ;
#6412 = PRESENTATION_LAYER_ASSIGNMENT (  '', '', ( #8539 ) ) ;
#6414 = SURFACE_SIDE_STYLE ('',( #9048 ) ) ;
#6415 = CARTESIAN_POINT ( 'NONE',  ( -0.3968928157478209817, -0.6260000000000000009, 0.7974840713589456120 ) ) ;
#6416 =( GEOMETRIC_REPRESENTATION_CONTEXT ( 3 ) GLOBAL_UNCERTAINTY_ASSIGNED_CONTEXT ( ( #5626 ) ) GLOBAL_UNIT_ASSIGNED_CONTEXT ( ( #958, #4762, #8504 ) ) REPRESENTATION_CONTEXT ( 'NONE', 'WORKASPACE' ) );
#6417 = CARTESIAN_POINT ( 'NONE',  ( -0.3476776077087617156, -0.6260000000000000009, 0.6920179600472416981 ) ) ;
#6418 = UNCERTAINTY_MEASURE_WITH_UNIT (LENGTH_MEASURE( 1.000000000000000082E-05 ), #7628, 'distance_accuracy_value', 'NONE');
#6419 = EDGE_CURVE ( 'NONE', #5931, #2565, #5229, .T. ) ;
#6420 = VERTEX_POINT ( 'NONE', #2250 ) ;
#6421 = ORIENTED_EDGE ( 'NONE', *, *, #11839, .T. ) ;
#6422 = ADVANCED_FACE ( 'NONE', ( #3335 ), #634, .T. ) ;
#6423 = CARTESIAN_POINT ( 'NONE',  ( -0.4154351652553697205, -0.6250000000000000000, 0.6821402598423972341 ) ) ;
#6424 = EDGE_CURVE ( 'NONE', #8989, #2629, #4487, .T. ) ;
#6425 = MECHANICAL_DESIGN_GEOMETRIC_PRESENTATION_REPRESENTATION (  '', ( #9963 ), #9360 ) ;
#6426 = PRESENTATION_STYLE_ASSIGNMENT (( #8014 ) ) ;
#6427 = CARTESIAN_POINT ( 'NONE',  ( -0.6856183391259830229, -0.6260000000000000009, 0.7042566982596960568 ) ) ;
#6428 = ORIENTED_EDGE ( 'NONE', *, *, #9831, .F. ) ;
#6429 = CARTESIAN_POINT ( 'NONE',  ( -0.4608485004169451948, 0.0000000000000000000, 0.9899999999999999911 ) ) ;
#6430 =( NAMED_UNIT ( * ) PLANE_ANGLE_UNIT ( ) SI_UNIT ( $, .RADIAN. ) );
#6431 = FILL_AREA_STYLE ('',( #2441 ) ) ;
#6432 = ORIENTED_EDGE ( 'NONE', *, *, #485, .F. ) ;
#6433 = SURFACE_STYLE_FILL_AREA ( #2686 ) ;
#6434 = B_SPLINE_CURVE_WITH_KNOTS ( 'NONE', 3,
 ( #5407, #11585, #4987, #5983 ),
 .UNSPECIFIED., .F., .F.,
 ( 4, 4 ),
 ( 27.00000000000000000, 28.00000000000000000 ),
 .UNSPECIFIED. ) ;
#6435 = SURFACE_STYLE_FILL_AREA ( #10008 ) ;
#6436 = EDGE_LOOP ( 'NONE', ( #8833, #413, #11688, #6664 ) ) ;
#6437 = CARTESIAN_POINT ( 'NONE',  ( -0.7796075098102038803, -0.6250000000000000000, 0.6840128741942300694 ) ) ;
#6438 = FILL_AREA_STYLE ('',( #11229 ) ) ;
#6439 =( NAMED_UNIT ( * ) SI_UNIT ( $, .STERADIAN. ) SOLID_ANGLE_UNIT ( ) );
#6440 = ADVANCED_FACE ( 'NONE', ( #11948 ), #3517, .F. ) ;
#6441 = SURFACE_SIDE_STYLE ('',( #11113 ) ) ;
#6442 = CARTESIAN_POINT ( 'NONE',  ( -0.3977246220808521304, -0.6250000000000000000, 0.7328111289642612602 ) ) ;
#6443 = CARTESIAN_POINT ( 'NONE',  ( -0.2772686674751027036, -0.6250000000000000000, 0.8253495835163686678 ) ) ;
#6444 = CARTESIAN_POINT ( 'NONE',  ( -0.1996160804250654563, -0.6250000000000000000, 0.6980832145591112647 ) ) ;
#6445 = CARTESIAN_POINT ( 'NONE',  ( -0.2782910960930354283, -0.6260000000000000009, 0.8003260763302079139 ) ) ;
#6446 = PRESENTATION_LAYER_ASSIGNMENT (  '', '', ( #9576 ) ) ;
#6447 = FILL_AREA_STYLE_COLOUR ( '', #4505 ) ;
#6448 = CARTESIAN_POINT ( 'NONE',  ( -0.4132343443324636434, -0.6260000000000000009, 0.6891066378816378402 ) ) ;
#6449 = ORIENTED_EDGE ( 'NONE', *, *, #4644, .T. ) ;
#6450 = LINE ( 'NONE', #12108, #1111 ) ;
#6451 = COLOUR_RGB ( '',0.0000000000000000000, 0.0000000000000000000, 0.0000000000000000000 ) ;
#6452 = CARTESIAN_POINT ( 'NONE',  ( -0.3193268751902511582, -0.6250000000000000000, 0.6935429383246171087 ) ) ;
#6453 = DIRECTION ( 'NONE',  ( -0.0000000000000000000, 1.000000000000000000, -0.0000000000000000000 ) ) ;
#6454 = CARTESIAN_POINT ( 'NONE',  ( -0.3232606259737883514, -0.6260000000000000009, 0.8586218368384853639 ) ) ;
#6455 = ORIENTED_EDGE ( 'NONE', *, *, #9411, .T. ) ;
#6456 =( GEOMETRIC_REPRESENTATION_CONTEXT ( 3 ) GLOBAL_UNCERTAINTY_ASSIGNED_CONTEXT ( ( #9557 ) ) GLOBAL_UNIT_ASSIGNED_CONTEXT ( ( #9857, #6772, #10094 ) ) REPRESENTATION_CONTEXT ( 'NONE', 'WORKASPACE' ) );
#6457 = AXIS2_PLACEMENT_3D ( 'NONE', #5666, #2840, #9359 ) ;
#6458 = VERTEX_POINT ( 'NONE', #7263 ) ;
#6459 = VECTOR ( 'NONE', #171, 1000.000000000000000 ) ;
#6460 = ORIENTED_EDGE ( 'NONE', *, *, #9747, .T. ) ;
#6461 = UNCERTAINTY_MEASURE_WITH_UNIT (LENGTH_MEASURE( 1.000000000000000082E-05 ), #3888, 'distance_accuracy_value', 'NONE');
#6462 = EDGE_CURVE ( 'NONE', #9887, #1052, #7412, .T. ) ;
#6463 =( LENGTH_UNIT ( ) NAMED_UNIT ( * ) SI_UNIT ( .MILLI., .METRE. ) );
#6464 = CARTESIAN_POINT ( 'NONE',  ( -0.2331656025250132547, -0.6250000000000000000, 0.8461447418425760425 ) ) ;
#6465 = AXIS2_PLACEMENT_3D ( 'NONE', #3719, #2741, #6493 ) ;
#6466 = DIRECTION ( 'NONE',  ( -1.000000000000000000, -0.0000000000000000000, -0.0000000000000000000 ) ) ;
#6467 = ADVANCED_FACE ( 'NONE', ( #922 ), #11083, .F. ) ;
#6468 = CARTESIAN_POINT ( 'NONE',  ( -0.4064239299807260730, -0.6250000000000000000, 0.6904236645755241764 ) ) ;
#6469 = FACE_OUTER_BOUND ( 'NONE', #4358, .T. ) ;
#6470 = CARTESIAN_POINT ( 'NONE',  ( -0.4666259133354898614, -0.6260000000000000009, 0.6910128607283587687 ) ) ;
#6471 = EDGE_LOOP ( 'NONE', ( #3975, #8516, #6802, #9236 ) ) ;
#6472 = ORIENTED_EDGE ( 'NONE', *, *, #11342, .T. ) ;
#6473 = B_SPLINE_SURFACE_WITH_KNOTS ( 'NONE', 3, 1, ( 
 ( #2289, #4471 ),
 ( #10882, #5406 ),
 ( #9909, #3441 ),
 ( #7990, #7131 ) ),
 .UNSPECIFIED., .F., .F., .F.,
 ( 4, 4 ),
 ( 2, 2 ),
 ( 3.000000000000000000, 4.000000000000000000 ),
 ( 0.0000000000000000000, 1.000000000000000000 ),
 .UNSPECIFIED. ) ;
#6474 = PLANE ( 'NONE',  #10108 ) ;
#6475 = CARTESIAN_POINT ( 'NONE',  ( -0.3664105795009806599, -0.6260000000000000009, 0.6890719792844680613 ) ) ;
#6476 = ORIENTED_EDGE ( 'NONE', *, *, #5713, .T. ) ;
#6477 = DIRECTION ( 'NONE',  ( -0.0000000000000000000, 1.000000000000000000, -0.0000000000000000000 ) ) ;
#6478 = VECTOR ( 'NONE', #925, 1000.000000000000000 ) ;
#6479 = PLANE ( 'NONE',  #3028 ) ;
#6480 = ORIENTED_EDGE ( 'NONE', *, *, #10696, .T. ) ;
#6481 = CARTESIAN_POINT ( 'NONE',  ( -0.4396268661082691764, -0.6260000000000000009, 0.7908296206947073026 ) ) ;
#6482 = DIRECTION ( 'NONE',  ( -1.000000000000000000, 0.0000000000000000000, -0.0000000000000000000 ) ) ;
#6483 = EDGE_CURVE ( 'NONE', #1893, #6901, #8348, .T. ) ;
#6484 = CARTESIAN_POINT ( 'NONE',  ( -0.7338179114785317037, -0.6250000000000000000, 0.6512371686718249064 ) ) ;
#6485 = ORIENTED_EDGE ( 'NONE', *, *, #7894, .T. ) ;
#6486 =( GEOMETRIC_REPRESENTATION_CONTEXT ( 3 ) GLOBAL_UNCERTAINTY_ASSIGNED_CONTEXT ( ( #7954 ) ) GLOBAL_UNIT_ASSIGNED_CONTEXT ( ( #4707, #12109, #1803 ) ) REPRESENTATION_CONTEXT ( 'NONE', 'WORKASPACE' ) );
#6487 = EDGE_CURVE ( 'NONE', #1617, #9821, #6594, .T. ) ;
#6488 =( NAMED_UNIT ( * ) SI_UNIT ( $, .STERADIAN. ) SOLID_ANGLE_UNIT ( ) );
#6489 = DIRECTION ( 'NONE',  ( 0.0000000000000000000, 1.000000000000000000, 0.0000000000000000000 ) ) ;
#6490 = CARTESIAN_POINT ( 'NONE',  ( -0.8384109871606698627, -0.6250000000000000000, 0.7596861880784363530 ) ) ;
#6491 = CARTESIAN_POINT ( 'NONE',  ( -0.8181671676918732539, -0.6260000000000000009, 0.7071486652459895161 ) ) ;
#6492 = VECTOR ( 'NONE', #2196, 1000.000000000000000 ) ;
#6493 = DIRECTION ( 'NONE',  ( 0.0000000000000000000, -0.0000000000000000000, 1.000000000000000000 ) ) ;
#6494 = CARTESIAN_POINT ( 'NONE',  ( -0.3279915244931836393, -0.6260000000000000009, 0.6745846856503245892 ) ) ;
#6495 = PRESENTATION_STYLE_ASSIGNMENT (( #4702 ) ) ;
#6496 = PRESENTATION_STYLE_ASSIGNMENT (( #4414 ) ) ;
#6497 = ORIENTED_EDGE ( 'NONE', *, *, #366, .F. ) ;
#6498 = EDGE_CURVE ( 'NONE', #5122, #6531, #9592, .T. ) ;
#6499 = AXIS2_PLACEMENT_3D ( 'NONE', #8661, #4920, #11397 ) ;
#6500 = B_SPLINE_CURVE_WITH_KNOTS ( 'NONE', 3,
 ( #5274, #4913, #10466, #11515 ),
 .UNSPECIFIED., .F., .F.,
 ( 4, 4 ),
 ( 19.00000000000000000, 20.00000000000000000 ),
 .UNSPECIFIED. ) ;
#6501 = CARTESIAN_POINT ( 'NONE',  ( -0.4294025799312514158, -0.6250000000000000000, 0.6884827831316356894 ) ) ;
#6502 = DIRECTION ( 'NONE',  ( -0.0000000000000000000, 1.000000000000000000, -0.0000000000000000000 ) ) ;
#6503 = CARTESIAN_POINT ( 'NONE',  ( -0.4753772091311208592, -0.6260000000000000009, 0.8586218368384853639 ) ) ;
#6504 = CARTESIAN_POINT ( 'NONE',  ( -0.3398447647390891446, -0.6260000000000000009, 0.6680688693747721674 ) ) ;
#6505 = FILL_AREA_STYLE ('',( #107 ) ) ;
#6506 = FILL_AREA_STYLE_COLOUR ( '', #8333 ) ;
#6507 = FILL_AREA_STYLE_COLOUR ( '', #7306 ) ;
#6508 = CARTESIAN_POINT ( 'NONE',  ( -0.3531363367694426714, -0.6260000000000000009, 0.6859873641325445748 ) ) ;
#6509 = ORIENTED_EDGE ( 'NONE', *, *, #4941, .T. ) ;
#6510 = SURFACE_STYLE_USAGE ( .BOTH. , #2758 ) ;
#6511 = MECHANICAL_DESIGN_GEOMETRIC_PRESENTATION_REPRESENTATION (  '', ( #5922 ), #3746 ) ;
#6512 = VERTEX_POINT ( 'NONE', #306 ) ;
#6513 = ORIENTED_EDGE ( 'NONE', *, *, #735, .T. ) ;
#6514 = CARTESIAN_POINT ( 'NONE',  ( -0.3707082455550446132, -0.6260000000000000009, 0.7229334287589547214 ) ) ;
#6515 = COLOUR_RGB ( '',0.0000000000000000000, 0.0000000000000000000, 0.0000000000000000000 ) ;
#6516 = PRESENTATION_LAYER_ASSIGNMENT (  '', '', ( #11834 ) ) ;
#6517 = MECHANICAL_DESIGN_GEOMETRIC_PRESENTATION_REPRESENTATION (  '', ( #2007 ), #4355 ) ;
#6518 = PRESENTATION_STYLE_ASSIGNMENT (( #3874 ) ) ;
#6519 = CARTESIAN_POINT ( 'NONE',  ( -0.5602994510096347414, -0.6250000000000000000, 0.6922068051715015713 ) ) ;
#6520 = FACE_OUTER_BOUND ( 'NONE', #7029, .T. ) ;
#6521 = FILL_AREA_STYLE ('',( #11842 ) ) ;
#6522 = CARTESIAN_POINT ( 'NONE',  ( 0.0000000000000000000, 0.0000000000000000000, 0.0000000000000000000 ) ) ;
#6523 = CARTESIAN_POINT ( 'NONE',  ( -0.2384856971967789230, -0.6250000000000000000, 0.8586218368384853639 ) ) ;
#6524 = CARTESIAN_POINT ( 'NONE',  ( -0.4396268661082691764, -0.6250000000000000000, 0.7985584878726350588 ) ) ;
#6525 = DIRECTION ( 'NONE',  ( -0.0000000000000000000, 0.0000000000000000000, 1.000000000000000000 ) ) ;
#6526 =( GEOMETRIC_REPRESENTATION_CONTEXT ( 3 ) GLOBAL_UNCERTAINTY_ASSIGNED_CONTEXT ( ( #5846 ) ) GLOBAL_UNIT_ASSIGNED_CONTEXT ( ( #1093, #10531, #5972 ) ) REPRESENTATION_CONTEXT ( 'NONE', 'WORKASPACE' ) );
#6527 = UNCERTAINTY_MEASURE_WITH_UNIT (LENGTH_MEASURE( 1.000000000000000082E-05 ), #392, 'distance_accuracy_value', 'NONE');
#6528 = STYLED_ITEM ( 'NONE', ( #2131 ), #8692 ) ;
#6529 = VECTOR ( 'NONE', #1515, 1000.000000000000000 ) ;
#6530 = EDGE_LOOP ( 'NONE', ( #2163, #2960, #1536, #4323 ) ) ;
#6531 = VERTEX_POINT ( 'NONE', #8716 ) ;
#6532 = DIRECTION ( 'NONE',  ( -1.000000000000000000, 0.0000000000000000000, -0.0000000000000000000 ) ) ;
#6533 = EDGE_CURVE ( 'NONE', #2903, #8627, #2898, .T. ) ;
#6534 = ADVANCED_FACE ( 'NONE', ( #3988 ), #932, .F. ) ;
#6535 =( NAMED_UNIT ( * ) SI_UNIT ( $, .STERADIAN. ) SOLID_ANGLE_UNIT ( ) );
#6536 =( NAMED_UNIT ( * ) SI_UNIT ( $, .STERADIAN. ) SOLID_ANGLE_UNIT ( ) );
#6537 =( GEOMETRIC_REPRESENTATION_CONTEXT ( 3 ) GLOBAL_UNCERTAINTY_ASSIGNED_CONTEXT ( ( #857 ) ) GLOBAL_UNIT_ASSIGNED_CONTEXT ( ( #2234, #11573, #11634 ) ) REPRESENTATION_CONTEXT ( 'NONE', 'WORKASPACE' ) );
#6538 = ORIENTED_EDGE ( 'NONE', *, *, #4836, .F. ) ;
#6539 = LINE ( 'NONE', #9184, #3803 ) ;
#6540 = CARTESIAN_POINT ( 'NONE',  ( -0.2546366034969793635, -0.6250000000000000000, 0.7908296206947073026 ) ) ;
#6541 = ORIENTED_EDGE ( 'NONE', *, *, #2448, .F. ) ;
#6542 = DIRECTION ( 'NONE',  ( -0.0000000000000000000, 1.000000000000000000, -0.0000000000000000000 ) ) ;
#6543 =( NAMED_UNIT ( * ) SI_UNIT ( $, .STERADIAN. ) SOLID_ANGLE_UNIT ( ) );
#6544 = DIRECTION ( 'NONE',  ( 1.000000000000000000, -0.0000000000000000000, -0.0000000000000000000 ) ) ;
#6545 = EDGE_LOOP ( 'NONE', ( #1945, #11795, #5923, #11314 ) ) ;
#6546 = EDGE_CURVE ( 'NONE', #12105, #3468, #4905, .T. ) ;
#6547 = PRESENTATION_LAYER_ASSIGNMENT (  '', '', ( #4974 ) ) ;
#6548 = COLOUR_RGB ( '',0.0000000000000000000, 0.0000000000000000000, 0.0000000000000000000 ) ;
#6549 = DIRECTION ( 'NONE',  ( -0.0000000000000000000, 1.000000000000000000, -0.0000000000000000000 ) ) ;
#6550 =( LENGTH_UNIT ( ) NAMED_UNIT ( * ) SI_UNIT ( .MILLI., .METRE. ) );
#6551 = SURFACE_SIDE_STYLE ('',( #5450 ) ) ;
#6552 = CARTESIAN_POINT ( 'NONE',  ( -0.3973433775115092215, -0.6260000000000000009, 0.7896858869866756336 ) ) ;
#6553 = FACE_OUTER_BOUND ( 'NONE', #8847, .T. ) ;
#6554 = PRESENTATION_LAYER_ASSIGNMENT (  '', '', ( #11869 ) ) ;
#6555 = EDGE_CURVE ( 'NONE', #3133, #6654, #3733, .T. ) ;
#6556 = SURFACE_SIDE_STYLE ('',( #3784 ) ) ;
#6557 =( NAMED_UNIT ( * ) PLANE_ANGLE_UNIT ( ) SI_UNIT ( $, .RADIAN. ) );
#6558 = PRESENTATION_LAYER_ASSIGNMENT (  '', '', ( #8313 ) ) ;
#6559 = FILL_AREA_STYLE_COLOUR ( '', #6174 ) ;
#6560 = FILL_AREA_STYLE_COLOUR ( '', #2162 ) ;
#6561 = CARTESIAN_POINT ( 'NONE',  ( -0.7280339591190378989, -0.6260000000000000009, 0.8580133115399676269 ) ) ;
#6562 = ORIENTED_EDGE ( 'NONE', *, *, #6321, .T. ) ;
#6563 = B_SPLINE_CURVE_WITH_KNOTS ( 'NONE', 3,
 ( #8487, #3548, #7296, #11055 ),
 .UNSPECIFIED., .F., .F.,
 ( 4, 4 ),
 ( 11.00000000000000000, 12.00000000000000000 ),
 .UNSPECIFIED. ) ;
#6564 = FACE_OUTER_BOUND ( 'NONE', #4117, .T. ) ;
#6565 = COLOUR_RGB ( '',0.7529411764705882248, 0.7529411764705882248, 0.7529411764705882248 ) ;
#6566 = MECHANICAL_DESIGN_GEOMETRIC_PRESENTATION_REPRESENTATION (  '', ( #5388 ), #1698 ) ;
#6567 = ADVANCED_FACE ( 'NONE', ( #11259 ), #9331, .F. ) ;
#6568 = MECHANICAL_DESIGN_GEOMETRIC_PRESENTATION_REPRESENTATION (  '', ( #2070 ), #7155 ) ;
#6569 = CARTESIAN_POINT ( 'NONE',  ( -0.4122292450133492325, -0.6260000000000000009, 0.8597655705465168108 ) ) ;
#6570 =( GEOMETRIC_REPRESENTATION_CONTEXT ( 3 ) GLOBAL_UNCERTAINTY_ASSIGNED_CONTEXT ( ( #6177 ) ) GLOBAL_UNIT_ASSIGNED_CONTEXT ( ( #10993, #7069, #10818 ) ) REPRESENTATION_CONTEXT ( 'NONE', 'WORKASPACE' ) );
#6571 = SURFACE_SIDE_STYLE ('',( #11244 ) ) ;
#6572 =( LENGTH_UNIT ( ) NAMED_UNIT ( * ) SI_UNIT ( .MILLI., .METRE. ) );
#6573 = CARTESIAN_POINT ( 'NONE',  ( -0.3398447647390891446, -0.6250000000000000000, 0.6680688693747721674 ) ) ;
#6574 =( NAMED_UNIT ( * ) PLANE_ANGLE_UNIT ( ) SI_UNIT ( $, .RADIAN. ) );
#6575 = DIRECTION ( 'NONE',  ( -1.000000000000000000, 0.0000000000000000000, 0.0000000000000000000 ) ) ;
#6576 =( LENGTH_UNIT ( ) NAMED_UNIT ( * ) SI_UNIT ( .MILLI., .METRE. ) );
#6577 = EDGE_LOOP ( 'NONE', ( #809, #3520, #11108, #6212 ) ) ;
#6578 = SURFACE_SIDE_STYLE ('',( #231 ) ) ;
#6579 = PRESENTATION_LAYER_ASSIGNMENT (  '', '', ( #8921 ) ) ;
#6580 = PRESENTATION_LAYER_ASSIGNMENT (  '', '', ( #6394 ) ) ;
#6581 = VECTOR ( 'NONE', #6015, 1000.000000000000000 ) ;
#6582 = VERTEX_POINT ( 'NONE', #7930 ) ;
#6583 = ORIENTED_EDGE ( 'NONE', *, *, #1438, .T. ) ;
#6584 = UNCERTAINTY_MEASURE_WITH_UNIT (LENGTH_MEASURE( 1.000000000000000082E-05 ), #1446, 'distance_accuracy_value', 'NONE');
#6585 = B_SPLINE_SURFACE_WITH_KNOTS ( 'NONE', 3, 1, ( 
 ( #8632, #9575 ),
 ( #10626, #7724 ),
 ( #2332, #6081 ),
 ( #6019, #4037 ) ),
 .UNSPECIFIED., .F., .F., .F.,
 ( 4, 4 ),
 ( 2, 2 ),
 ( 18.00000000000000000, 19.00000000000000000 ),
 ( 0.0000000000000000000, 1.000000000000000000 ),
 .UNSPECIFIED. ) ;
#6586 = ADVANCED_FACE ( 'NONE', ( #5233 ), #1570, .T. ) ;
#6587 = AXIS2_PLACEMENT_3D ( 'NONE', #10448, #227, #6688 ) ;
#6588 = CARTESIAN_POINT ( 'NONE',  ( 1.000000000000000000, 0.6250000000000000000, 1.000000000000000000 ) ) ;
#6589 = COLOUR_RGB ( '',0.0000000000000000000, 0.0000000000000000000, 0.0000000000000000000 ) ;
#6590 = EDGE_CURVE ( 'NONE', #11580, #1265, #5106, .T. ) ;
#6591 = CARTESIAN_POINT ( 'NONE',  ( -0.2876315880412644299, -0.6250000000000000000, 0.6832839935504295692 ) ) ;
#6592 = FACE_OUTER_BOUND ( 'NONE', #4346, .T. ) ;
#6593 = SURFACE_STYLE_USAGE ( .BOTH. , #8652 ) ;
#6594 = LINE ( 'NONE', #4911, #5426 ) ;
#6595 = LINE ( 'NONE', #3751, #5480 ) ;
#6596 = CARTESIAN_POINT ( 'NONE',  ( -0.3672423858340090885, -0.6260000000000000009, 0.6821402598423972341 ) ) ;
#6597 = SURFACE_SIDE_STYLE ('',( #11207 ) ) ;
#6598 = VECTOR ( 'NONE', #848, 1000.000000000000000 ) ;
#6599 = EDGE_LOOP ( 'NONE', ( #1159, #1997, #567, #3039 ) ) ;
#6600 = VECTOR ( 'NONE', #6155, 1000.000000000000000 ) ;
#6601 = VERTEX_POINT ( 'NONE', #1350 ) ;
#6602 = CARTESIAN_POINT ( 'NONE',  ( -0.7598456695170435760, -0.6260000000000000009, 0.8088497739416035115 ) ) ;
#6603 = ADVANCED_FACE ( 'NONE', ( #8845 ), #8230, .T. ) ;
#6604 = B_SPLINE_SURFACE_WITH_KNOTS ( 'NONE', 3, 1, ( 
 ( #11421, #1856 ),
 ( #43, #5578 ),
 ( #11178, #7533 ),
 ( #9503, #4823 ) ),
 .UNSPECIFIED., .F., .F., .F.,
 ( 4, 4 ),
 ( 2, 2 ),
 ( 5.000000000000000000, 6.000000000000000000 ),
 ( 0.0000000000000000000, 1.000000000000000000 ),
 .UNSPECIFIED. ) ;
#6605 = AXIS2_PLACEMENT_3D ( 'NONE', #8607, #1224, #252 ) ;
#6606 = FACE_OUTER_BOUND ( 'NONE', #8787, .T. ) ;
#6607 = ORIENTED_EDGE ( 'NONE', *, *, #11286, .F. ) ;
#6608 = FILL_AREA_STYLE_COLOUR ( '', #11021 ) ;
#6609 = CARTESIAN_POINT ( 'NONE',  ( -0.6282608590586724606, -0.6260000000000000009, 0.7129325992190329586 ) ) ;
#6610 = ORIENTED_EDGE ( 'NONE', *, *, #2502, .F. ) ;
#6611 = LINE ( 'NONE', #80, #5547 ) ;
#6612 = CARTESIAN_POINT ( 'NONE',  ( -0.3672770444314125693, -0.6250000000000000000, 0.7253248719665309485 ) ) ;
#6613 = EDGE_CURVE ( 'NONE', #7807, #11004, #5348, .T. ) ;
#6614 = ORIENTED_EDGE ( 'NONE', *, *, #4222, .F. ) ;
#6615 = STYLED_ITEM ( 'NONE', ( #8554 ), #2340 ) ;
#6616 =( LENGTH_UNIT ( ) NAMED_UNIT ( * ) SI_UNIT ( .MILLI., .METRE. ) );
#6617 = CARTESIAN_POINT ( 'NONE',  ( -0.7000782108319556496, -0.6250000000000000000, 0.8478914018058004709 ) ) ;
#6618 = PRESENTATION_STYLE_ASSIGNMENT (( #2869 ) ) ;
#6619 = CARTESIAN_POINT ( 'NONE',  ( -0.6914022822923686640, -0.6260000000000000009, 0.8768111452172836495 ) ) ;
#6620 = ADVANCED_FACE ( 'NONE', ( #10264 ), #7374, .F. ) ;
#6621 = SURFACE_STYLE_FILL_AREA ( #1123 ) ;
#6622 = LINE ( 'NONE', #9502, #10005 ) ;
#6623 = VERTEX_POINT ( 'NONE', #9036 ) ;
#6624 = VERTEX_POINT ( 'NONE', #671 ) ;
#6625 = LINE ( 'NONE', #843, #10922 ) ;
#6626 = CARTESIAN_POINT ( 'NONE',  ( -0.7754799825393179358, 1.926562187460757490E-17, 0.9899999999999999911 ) ) ;
#6627 = CARTESIAN_POINT ( 'NONE',  ( -0.4156777754357973698, -0.6260000000000000009, 0.7055001543620371685 ) ) ;
#6628 = CARTESIAN_POINT ( 'NONE',  ( -0.7155020776620978351, -0.6260000000000000009, 0.6888328130426435436 ) ) ;
#6629 = FILL_AREA_STYLE ('',( #7481 ) ) ;
#6630 = ORIENTED_EDGE ( 'NONE', *, *, #739, .T. ) ;
#6631 =( LENGTH_UNIT ( ) NAMED_UNIT ( * ) SI_UNIT ( .MILLI., .METRE. ) );
#6632 = ORIENTED_EDGE ( 'NONE', *, *, #2448, .T. ) ;
#6633 = ORIENTED_EDGE ( 'NONE', *, *, #12029, .T. ) ;
#6634 = EDGE_CURVE ( 'NONE', #791, #10567, #8556, .T. ) ;
#6635 =( NAMED_UNIT ( * ) PLANE_ANGLE_UNIT ( ) SI_UNIT ( $, .RADIAN. ) );
#6636 = AXIS2_PLACEMENT_3D ( 'NONE', #9624, #10558, #7709 ) ;
#6637 = PRESENTATION_STYLE_ASSIGNMENT (( #1816 ) ) ;
#6638 =( LENGTH_UNIT ( ) NAMED_UNIT ( * ) SI_UNIT ( .MILLI., .METRE. ) );
#6639 = FILL_AREA_STYLE ('',( #9231 ) ) ;
#6640 = FILL_AREA_STYLE ('',( #2042 ) ) ;
#6641 = CARTESIAN_POINT ( 'NONE',  ( -0.4089020196812295227, -0.6260000000000000009, 0.6821402598423972341 ) ) ;
#6642 = CARTESIAN_POINT ( 'NONE',  ( -0.4753772091311208592, -0.6250000000000000000, 0.7510762096942074084 ) ) ;
#6643 = CARTESIAN_POINT ( 'NONE',  ( -0.3860966627165586806, -0.6250000000000000000, 0.8020243475939007327 ) ) ;
#6644 = DIRECTION ( 'NONE',  ( -0.0000000000000000000, -0.0000000000000000000, -1.000000000000000000 ) ) ;
#6645 = UNCERTAINTY_MEASURE_WITH_UNIT (LENGTH_MEASURE( 1.000000000000000082E-05 ), #7620, 'distance_accuracy_value', 'NONE');
#6646 = ORIENTED_EDGE ( 'NONE', *, *, #7185, .T. ) ;
#6647 = ORIENTED_EDGE ( 'NONE', *, *, #3420, .F. ) ;
#6648 =( GEOMETRIC_REPRESENTATION_CONTEXT ( 3 ) GLOBAL_UNCERTAINTY_ASSIGNED_CONTEXT ( ( #7553 ) ) GLOBAL_UNIT_ASSIGNED_CONTEXT ( ( #5720, #977, #434 ) ) REPRESENTATION_CONTEXT ( 'NONE', 'WORKASPACE' ) );
#6649 = EDGE_CURVE ( 'NONE', #8176, #2842, #8107, .T. ) ;
#6650 = EDGE_CURVE ( 'NONE', #1052, #7575, #4017, .T. ) ;
#6651 =( GEOMETRIC_REPRESENTATION_CONTEXT ( 3 ) GLOBAL_UNCERTAINTY_ASSIGNED_CONTEXT ( ( #4181 ) ) GLOBAL_UNIT_ASSIGNED_CONTEXT ( ( #5573, #1122, #271 ) ) REPRESENTATION_CONTEXT ( 'NONE', 'WORKASPACE' ) );
#6652 = LINE ( 'NONE', #5674, #1626 ) ;
#6653 =( LENGTH_UNIT ( ) NAMED_UNIT ( * ) SI_UNIT ( .MILLI., .METRE. ) );
#6654 = VERTEX_POINT ( 'NONE', #11877 ) ;
#6655 = CARTESIAN_POINT ( 'NONE',  ( -0.3360669776432839151, -0.6260000000000000009, 0.7908296206947073026 ) ) ;
#6656 = PRESENTATION_LAYER_ASSIGNMENT (  '', '', ( #2551 ) ) ;
#6657 = CARTESIAN_POINT ( 'NONE',  ( -0.2197180668069256271, -0.6260000000000000009, 0.6832839935504295692 ) ) ;
#6658 = ORIENTED_EDGE ( 'NONE', *, *, #1492, .T. ) ;
#6659 = CARTESIAN_POINT ( 'NONE',  ( -0.3505196126800235179, -0.6260000000000000009, 0.7044603964459816847 ) ) ;
#6660 = FACE_OUTER_BOUND ( 'NONE', #7872, .T. ) ;
#6661 = STYLED_ITEM ( 'NONE', ( #321 ), #11529 ) ;
#6662 = ORIENTED_EDGE ( 'NONE', *, *, #5884, .F. ) ;
#6663 = DIRECTION ( 'NONE',  ( 0.3493954794691420118, -0.0000000000000000000, -0.9369753459544857277 ) ) ;
#6664 = ORIENTED_EDGE ( 'NONE', *, *, #5729, .T. ) ;
#6665 = SURFACE_STYLE_USAGE ( .BOTH. , #2920 ) ;
#6666 = LINE ( 'NONE', #401, #4448 ) ;
#6667 = CARTESIAN_POINT ( 'NONE',  ( -0.2002052765774352261, -0.6250000000000000000, 0.6864379258962327590 ) ) ;
#6668 = DIRECTION ( 'NONE',  ( -0.0000000000000000000, 1.000000000000000000, -0.0000000000000000000 ) ) ;
#6669 = LINE ( 'NONE', #11906, #8286 ) ;
#6670 = CARTESIAN_POINT ( 'NONE',  ( -1.000000000000000000, 0.6250000000000000000, 1.000000000000000000 ) ) ;
#6671 =( NAMED_UNIT ( * ) PLANE_ANGLE_UNIT ( ) SI_UNIT ( $, .RADIAN. ) );
#6672 = CARTESIAN_POINT ( 'NONE',  ( -0.1479401119843161694, -0.6260000000000000009, 0.7376633325737550484 ) ) ;
#6673 = CARTESIAN_POINT ( 'NONE',  ( -0.2193714808352166534, -0.6260000000000000009, 0.7432780253219375410 ) ) ;
#6674 =( NAMED_UNIT ( * ) PLANE_ANGLE_UNIT ( ) SI_UNIT ( $, .RADIAN. ) );
#6675 = CARTESIAN_POINT ( 'NONE',  ( -0.7362278900963092898, -0.6260000000000000009, 0.8522293614788092331 ) ) ;
#6676 = ORIENTED_EDGE ( 'NONE', *, *, #6419, .T. ) ;
#6677 = ORIENTED_EDGE ( 'NONE', *, *, #11583, .T. ) ;
#6678 = B_SPLINE_CURVE_WITH_KNOTS ( 'NONE', 3,
 ( #7072, #10820, #9654, #1276 ),
 .UNSPECIFIED., .F., .F.,
 ( 4, 4 ),
 ( 8.000000000000000000, 9.000000000000000000 ),
 .UNSPECIFIED. ) ;
#6679 = CARTESIAN_POINT ( 'NONE',  ( -0.2680668099160172235, -0.6250000000000000000, 0.8356431868877280955 ) ) ;
#6680 = EDGE_CURVE ( 'NONE', #11278, #6028, #1002, .T. ) ;
#6681 = MECHANICAL_DESIGN_GEOMETRIC_PRESENTATION_REPRESENTATION (  '', ( #10813 ), #2178 ) ;
#6682 = ADVANCED_FACE ( 'NONE', ( #7421 ), #7252, .F. ) ;
#6683 = SURFACE_STYLE_USAGE ( .BOTH. , #3110 ) ;
#6684 = DIRECTION ( 'NONE',  ( 1.000000000000000000, -0.0000000000000000000, -0.0000000000000000000 ) ) ;
#6685 = ADVANCED_FACE ( 'NONE', ( #8637 ), #6387, .T. ) ;
#6686 = CARTESIAN_POINT ( 'NONE',  ( -0.3196734611628845868, -0.6260000000000000009, 0.6922259116307305504 ) ) ;
#6687 = CARTESIAN_POINT ( 'NONE',  ( -0.4101843877779435266, -0.6260000000000000009, 0.7259140681193632094 ) ) ;
#6688 = DIRECTION ( 'NONE',  ( 1.000000000000000000, 0.0000000000000000000, -0.0000000000000000000 ) ) ;
#6689 =( NAMED_UNIT ( * ) SI_UNIT ( $, .STERADIAN. ) SOLID_ANGLE_UNIT ( ) );
#6690 = ORIENTED_EDGE ( 'NONE', *, *, #3153, .F. ) ;
#6691 = ORIENTED_EDGE ( 'NONE', *, *, #11505, .F. ) ;
#6692 = VERTEX_POINT ( 'NONE', #173 ) ;
#6693 = UNCERTAINTY_MEASURE_WITH_UNIT (LENGTH_MEASURE( 1.000000000000000082E-05 ), #3814, 'distance_accuracy_value', 'NONE');
#6694 =( NAMED_UNIT ( * ) SI_UNIT ( $, .STERADIAN. ) SOLID_ANGLE_UNIT ( ) );
#6695 = CARTESIAN_POINT ( 'NONE',  ( -0.2331656025250132547, -0.6250000000000000000, 0.8461447418425760425 ) ) ;
#6696 = VECTOR ( 'NONE', #8442, 1000.000000000000000 ) ;
#6697 = AXIS2_PLACEMENT_3D ( 'NONE', #3475, #7225, #10174 ) ;
#6698 = DIRECTION ( 'NONE',  ( -1.000000000000000000, -0.0000000000000000000, -0.0000000000000000000 ) ) ;
#6699 = LINE ( 'NONE', #7615, #2906 ) ;
#6700 = PRESENTATION_STYLE_ASSIGNMENT (( #11514 ) ) ;
#6701 = EDGE_CURVE ( 'NONE', #7268, #11134, #9520, .T. ) ;
#6702 = ADVANCED_FACE ( 'NONE', ( #3801 ), #4774, .F. ) ;
#6703 = CARTESIAN_POINT ( 'NONE',  ( -1.000000000000000000, -0.6250000000000000000, 1.000000000000000000 ) ) ;
#6704 = EDGE_LOOP ( 'NONE', ( #2145, #11623, #11998, #9217 ) ) ;
#6705 = UNCERTAINTY_MEASURE_WITH_UNIT (LENGTH_MEASURE( 1.000000000000000082E-05 ), #2142, 'distance_accuracy_value', 'NONE');
#6706 = VERTEX_POINT ( 'NONE', #11249 ) ;
#6707 = FACE_OUTER_BOUND ( 'NONE', #4030, .T. ) ;
#6708 = SURFACE_SIDE_STYLE ('',( #10417 ) ) ;
#6709 = LINE ( 'NONE', #11276, #5200 ) ;
#6710 = SURFACE_STYLE_FILL_AREA ( #1293 ) ;
#6711 = VERTEX_POINT ( 'NONE', #11690 ) ;
#6712 = AXIS2_PLACEMENT_3D ( 'NONE', #1917, #1020, #5469 ) ;
#6713 = CARTESIAN_POINT ( 'NONE',  ( -0.3725278219086045617, -0.6250000000000000000, 0.7908296206947073026 ) ) ;
#6714 = ORIENTED_EDGE ( 'NONE', *, *, #10077, .F. ) ;
#6715 = FACE_OUTER_BOUND ( 'NONE', #7213, .T. ) ;
#6716 = ORIENTED_EDGE ( 'NONE', *, *, #2747, .F. ) ;
#6717 = UNCERTAINTY_MEASURE_WITH_UNIT (LENGTH_MEASURE( 1.000000000000000082E-05 ), #11061, 'distance_accuracy_value', 'NONE');
#6718 = ORIENTED_EDGE ( 'NONE', *, *, #11764, .F. ) ;
#6719 = STYLED_ITEM ( 'NONE', ( #9234 ), #4427 ) ;
#6720 = SURFACE_STYLE_FILL_AREA ( #2195 ) ;
#6721 = STYLED_ITEM ( 'NONE', ( #8748 ), #8659 ) ;
#6722 = EDGE_CURVE ( 'NONE', #6623, #10486, #3308, .T. ) ;
#6723 =( NAMED_UNIT ( * ) PLANE_ANGLE_UNIT ( ) SI_UNIT ( $, .RADIAN. ) );
#6724 = DIRECTION ( 'NONE',  ( -0.0000000000000000000, 1.000000000000000000, -0.0000000000000000000 ) ) ;
#6725 = CARTESIAN_POINT ( 'NONE',  ( -0.6697124839270957031, -0.6260000000000000009, 0.8478914018058004709 ) ) ;
#6726 =( NAMED_UNIT ( * ) SI_UNIT ( $, .STERADIAN. ) SOLID_ANGLE_UNIT ( ) );
#6727 = DIRECTION ( 'NONE',  ( -0.0000000000000000000, 1.000000000000000000, -0.0000000000000000000 ) ) ;
#6728 = FILL_AREA_STYLE_COLOUR ( '', #6863 ) ;
#6729 = FACE_BOUND ( 'NONE', #4656, .T. ) ;
#6730 = LINE ( 'NONE', #1854, #5764 ) ;
#6731 = AXIS2_PLACEMENT_3D ( 'NONE', #3334, #7025, #4127 ) ;
#6732 = CARTESIAN_POINT ( 'NONE',  ( -0.3664105795009806599, -0.6250000000000000000, 0.6890719792844680613 ) ) ;
#6733 = FILL_AREA_STYLE ('',( #5755 ) ) ;
#6734 = ORIENTED_EDGE ( 'NONE', *, *, #988, .F. ) ;
#6735 = STYLED_ITEM ( 'NONE', ( #5593 ), #6685 ) ;
#6736 = ORIENTED_EDGE ( 'NONE', *, *, #10847, .F. ) ;
#6737 = DIRECTION ( 'NONE',  ( -0.9903286039881274982, -0.0000000000000000000, -0.1387416884823251817 ) ) ;
#6738 = MECHANICAL_DESIGN_GEOMETRIC_PRESENTATION_REPRESENTATION (  '', ( #5368 ), #3016 ) ;
#6739 = LINE ( 'NONE', #7722, #5795 ) ;
#6740 = FILL_AREA_STYLE ('',( #7656 ) ) ;
#6741 = STYLED_ITEM ( 'NONE', ( #11562 ), #6834 ) ;
#6742 = CARTESIAN_POINT ( 'NONE',  ( -0.4260580253005465945, -0.6260000000000000009, 0.7200567651905200872 ) ) ;
#6743 = SURFACE_SIDE_STYLE ('',( #3001 ) ) ;
#6744 = FACE_OUTER_BOUND ( 'NONE', #449, .T. ) ;
#6745 = EDGE_LOOP ( 'NONE', ( #9979, #5158, #3060, #4597, #7082, #8514, #5677, #8917, #5002, #4982, #5508, #11836, #7420, #9991, #9872 ) ) ;
#6746 = VERTEX_POINT ( 'NONE', #2221 ) ;
#6747 = EDGE_CURVE ( 'NONE', #9777, #5247, #1263, .T. ) ;
#6748 = ORIENTED_EDGE ( 'NONE', *, *, #10118, .T. ) ;
#6749 = COLOUR_RGB ( '',0.0000000000000000000, 0.0000000000000000000, 0.0000000000000000000 ) ;
#6750 = VECTOR ( 'NONE', #945, 1000.000000000000000 ) ;
#6751 = EDGE_LOOP ( 'NONE', ( #5020, #4839, #7667, #10232 ) ) ;
#6752 = COLOUR_RGB ( '',0.0000000000000000000, 0.0000000000000000000, 0.0000000000000000000 ) ;
#6753 = CARTESIAN_POINT ( 'NONE',  ( -0.3637765261129762839, -0.6260000000000000009, 0.8508236524662153855 ) ) ;
#6754 = COLOUR_RGB ( '',0.0000000000000000000, 0.0000000000000000000, 0.0000000000000000000 ) ;
#6755 = LINE ( 'NONE', #298, #6758 ) ;
#6756 = PRESENTATION_LAYER_ASSIGNMENT (  '', '', ( #6355 ) ) ;
#6757 = CARTESIAN_POINT ( 'NONE',  ( -0.4003760047674415068, -0.6260000000000000009, 0.6907702505476974730 ) ) ;
#6758 = VECTOR ( 'NONE', #5960, 1000.000000000000000 ) ;
#6759 = VECTOR ( 'NONE', #10418, 1000.000000000000000 ) ;
#6760 = CARTESIAN_POINT ( 'NONE',  ( -0.4199234535941037683, -0.6260000000000000009, 0.7030740525572911626 ) ) ;
#6761 =( LENGTH_UNIT ( ) NAMED_UNIT ( * ) SI_UNIT ( .MILLI., .METRE. ) );
#6762 = CARTESIAN_POINT ( 'NONE',  ( -0.3637765261129762839, -0.6260000000000000009, 0.8508236524662153855 ) ) ;
#6763 = AXIS2_PLACEMENT_3D ( 'NONE', #9222, #7423, #2539 ) ;
#6764 =( NAMED_UNIT ( * ) PLANE_ANGLE_UNIT ( ) SI_UNIT ( $, .RADIAN. ) );
#6765 = LINE ( 'NONE', #7013, #1004 ) ;
#6766 = CARTESIAN_POINT ( 'NONE',  ( -0.3600333976143411663, -0.6250000000000000000, 0.7014450984884007534 ) ) ;
#6767 = SURFACE_STYLE_USAGE ( .BOTH. , #309 ) ;
#6768 = EDGE_CURVE ( 'NONE', #2713, #3976, #7920, .T. ) ;
#6769 = VERTEX_POINT ( 'NONE', #3254 ) ;
#6770 = ORIENTED_EDGE ( 'NONE', *, *, #8855, .F. ) ;
#6771 = ORIENTED_EDGE ( 'NONE', *, *, #7757, .F. ) ;
#6772 =( NAMED_UNIT ( * ) PLANE_ANGLE_UNIT ( ) SI_UNIT ( $, .RADIAN. ) );
#6773 = VECTOR ( 'NONE', #2171, 1000.000000000000000 ) ;
#6774 = AXIS2_PLACEMENT_3D ( 'NONE', #12035, #4692, #889 ) ;
#6775 = DIRECTION ( 'NONE',  ( -0.0000000000000000000, 1.000000000000000000, -0.0000000000000000000 ) ) ;
#6776 = CARTESIAN_POINT ( 'NONE',  ( -0.6022330826337125576, -0.6250000000000000000, 0.7876419363652877870 ) ) ;
#6777 = PRESENTATION_LAYER_ASSIGNMENT (  '', '', ( #4422 ) ) ;
#6778 = CARTESIAN_POINT ( 'NONE',  ( -0.1923724336084561837, -0.6260000000000000009, 0.7093472586526470280 ) ) ;
#6779 =( NAMED_UNIT ( * ) SI_UNIT ( $, .STERADIAN. ) SOLID_ANGLE_UNIT ( ) );
#6780 = VECTOR ( 'NONE', #181, 1000.000000000000000 ) ;
#6781 = ORIENTED_EDGE ( 'NONE', *, *, #458, .T. ) ;
#6782 = SURFACE_STYLE_USAGE ( .BOTH. , #1106 ) ;
#6783 = DIRECTION ( 'NONE',  ( 0.0000000000000000000, 0.0000000000000000000, 1.000000000000000000 ) ) ;
#6784 = ORIENTED_EDGE ( 'NONE', *, *, #1887, .T. ) ;
#6785 = CARTESIAN_POINT ( 'NONE',  ( -0.2788802922454052813, -0.6260000000000000009, 0.6910128607283587687 ) ) ;
#6786 = VERTEX_POINT ( 'NONE', #11624 ) ;
#6787 = B_SPLINE_CURVE_WITH_KNOTS ( 'NONE', 3,
 ( #2495, #751, #4489, #7265 ),
 .UNSPECIFIED., .F., .F.,
 ( 4, 4 ),
 ( 1.000000000000000000, 2.000000000000000000 ),
 .UNSPECIFIED. ) ;
#6788 = EDGE_CURVE ( 'NONE', #4932, #5444, #5892, .T. ) ;
#6789 = FACE_OUTER_BOUND ( 'NONE', #11598, .T. ) ;
#6790 = VECTOR ( 'NONE', #279, 1000.000000000000000 ) ;
#6791 = CARTESIAN_POINT ( 'NONE',  ( -0.4021609225238317875, -0.6250000000000000000, 0.8597655705465168108 ) ) ;
#6792 = CARTESIAN_POINT ( 'NONE',  ( -0.3376092852190133442, -0.6260000000000000009, 0.8586218368384853639 ) ) ;
#6793 = VERTEX_POINT ( 'NONE', #6872 ) ;
#6794 = LINE ( 'NONE', #11064, #3778 ) ;
#6795 = LINE ( 'NONE', #8683, #11878 ) ;
#6796 = CARTESIAN_POINT ( 'NONE',  ( -0.8080452418693617744, -0.6260000000000000009, 0.7408883750859042161 ) ) ;
#6797 = CARTESIAN_POINT ( 'NONE',  ( -0.2782910960930354283, -0.6250000000000000000, 0.8003260763302079139 ) ) ;
#6798 = CARTESIAN_POINT ( 'NONE',  ( -0.4147246640126687756, -0.6260000000000000009, 0.7120506292352244415 ) ) ;
#6799 = CARTESIAN_POINT ( 'NONE',  ( -0.1996160804250654563, -0.6260000000000000009, 0.6980832145591112647 ) ) ;
#6800 = FILL_AREA_STYLE_COLOUR ( '', #3786 ) ;
#6801 = PRESENTATION_LAYER_ASSIGNMENT (  '', '', ( #1 ) ) ;
#6802 = ORIENTED_EDGE ( 'NONE', *, *, #4361, .T. ) ;
#6803 = ORIENTED_EDGE ( 'NONE', *, *, #7097, .T. ) ;
#6804 = CARTESIAN_POINT ( 'NONE',  ( -0.4212751388853936962, -0.6260000000000000009, 0.7239385280783022791 ) ) ;
#6805 = EDGE_CURVE ( 'NONE', #8635, #669, #8772, .T. ) ;
#6806 = FILL_AREA_STYLE_COLOUR ( '', #746 ) ;
#6807 = CARTESIAN_POINT ( 'NONE',  ( -1.000000000000000000, 0.2249999999999997835, -0.01000000000000000021 ) ) ;
#6808 = CARTESIAN_POINT ( 'NONE',  ( -0.6200669280814015139, -0.6250000000000000000, 0.7129325992190329586 ) ) ;
#6809 =( NAMED_UNIT ( * ) SI_UNIT ( $, .STERADIAN. ) SOLID_ANGLE_UNIT ( ) );
#6810 = ORIENTED_EDGE ( 'NONE', *, *, #1773, .F. ) ;
#6811 = VERTEX_POINT ( 'NONE', #7122 ) ;
#6812 = SURFACE_STYLE_USAGE ( .BOTH. , #2030 ) ;
#6813 = ORIENTED_EDGE ( 'NONE', *, *, #7328, .T. ) ;
#6814 = PRESENTATION_STYLE_ASSIGNMENT (( #7002 ) ) ;
#6815 = PRESENTATION_STYLE_ASSIGNMENT (( #4842 ) ) ;
#6816 =( LENGTH_UNIT ( ) NAMED_UNIT ( * ) SI_UNIT ( .MILLI., .METRE. ) );
#6817 = FACE_OUTER_BOUND ( 'NONE', #7703, .T. ) ;
#6818 = CARTESIAN_POINT ( 'NONE',  ( -0.4753772091311208592, -0.6260000000000000009, 0.7908296206947073026 ) ) ;
#6819 =( NAMED_UNIT ( * ) SI_UNIT ( $, .STERADIAN. ) SOLID_ANGLE_UNIT ( ) );
#6820 = CARTESIAN_POINT ( 'NONE',  ( -0.2851015104450040916, -0.6250000000000000000, 0.7939835530409711239 ) ) ;
#6821 =( LENGTH_UNIT ( ) NAMED_UNIT ( * ) SI_UNIT ( .MILLI., .METRE. ) );
#6822 = DIRECTION ( 'NONE',  ( 0.0000000000000000000, 0.0000000000000000000, -1.000000000000000000 ) ) ;
#6823 = EDGE_CURVE ( 'NONE', #9166, #3944, #5218, .T. ) ;
#6824 = ORIENTED_EDGE ( 'NONE', *, *, #9367, .T. ) ;
#6825 = ORIENTED_EDGE ( 'NONE', *, *, #531, .F. ) ;
#6826 = UNCERTAINTY_MEASURE_WITH_UNIT (LENGTH_MEASURE( 1.000000000000000082E-05 ), #5788, 'distance_accuracy_value', 'NONE');
#6827 = SURFACE_STYLE_USAGE ( .BOTH. , #5978 ) ;
#6828 = B_SPLINE_CURVE_WITH_KNOTS ( 'NONE', 3,
 ( #1526, #9927, #505, #7880 ),
 .UNSPECIFIED., .F., .F.,
 ( 4, 4 ),
 ( 2.000000000000000000, 3.000000000000000000 ),
 .UNSPECIFIED. ) ;
#6829 = EDGE_CURVE ( 'NONE', #7809, #6458, #6148, .T. ) ;
#6830 = EDGE_CURVE ( 'NONE', #3534, #3339, #426, .T. ) ;
#6831 = SURFACE_STYLE_USAGE ( .BOTH. , #11524 ) ;
#6832 = COLOUR_RGB ( '',0.0000000000000000000, 0.0000000000000000000, 1.000000000000000000 ) ;
#6833 = CARTESIAN_POINT ( 'NONE',  ( -0.4117093660553193257, -0.6250000000000000000, 0.7060546919176969860 ) ) ;
#6834 = ADVANCED_FACE ( 'NONE', ( #6929 ), #6087, .F. ) ;
#6835 = CARTESIAN_POINT ( 'NONE',  ( -0.4000000000000004108, 0.2250000000000001166, -0.01000000000000000021 ) ) ;
#6836 =( LENGTH_UNIT ( ) NAMED_UNIT ( * ) SI_UNIT ( .MILLI., .METRE. ) );
#6837 = CARTESIAN_POINT ( 'NONE',  ( -0.2546366034969794190, -0.6260000000000000009, 0.7908296206947073026 ) ) ;
#6838 = EDGE_LOOP ( 'NONE', ( #640, #5668, #7273, #8171 ) ) ;
#6839 = PRESENTATION_STYLE_ASSIGNMENT (( #6782 ) ) ;
#6840 = PRESENTATION_LAYER_ASSIGNMENT (  '', '', ( #10181 ) ) ;
#6841 = ORIENTED_EDGE ( 'NONE', *, *, #272, .F. ) ;
#6842 = UNCERTAINTY_MEASURE_WITH_UNIT (LENGTH_MEASURE( 1.000000000000000082E-05 ), #4224, 'distance_accuracy_value', 'NONE');
#6843 = ORIENTED_EDGE ( 'NONE', *, *, #6650, .T. ) ;
#6844 = PRESENTATION_STYLE_ASSIGNMENT (( #3093 ) ) ;
#6845 = CARTESIAN_POINT ( 'NONE',  ( -0.3860966627165586806, -0.6250000000000000000, 0.8020243475939007327 ) ) ;
#6846 = MECHANICAL_DESIGN_GEOMETRIC_PRESENTATION_REPRESENTATION (  '', ( #9009 ), #10402 ) ;
#6847 = FACE_OUTER_BOUND ( 'NONE', #10342, .T. ) ;
#6848 = SURFACE_STYLE_USAGE ( .BOTH. , #5008 ) ;
#6850 = CARTESIAN_POINT ( 'NONE',  ( -0.3728224199850207476, -0.6260000000000000009, 0.7067132052644117257 ) ) ;
#6849 = PRESENTATION_LAYER_ASSIGNMENT (  '', '', ( #3109 ) ) ;
#6851 = ORIENTED_EDGE ( 'NONE', *, *, #4684, .F. ) ;
#6852 = PRESENTATION_STYLE_ASSIGNMENT (( #587 ) ) ;
#6853 = B_SPLINE_CURVE_WITH_KNOTS ( 'NONE', 3,
 ( #11970, #2626, #9882, #10121 ),
 .UNSPECIFIED., .F., .F.,
 ( 4, 4 ),
 ( 0.0000000000000000000, 1.000000000000000000 ),
 .UNSPECIFIED. ) ;
#6854 = EDGE_CURVE ( 'NONE', #6028, #2238, #3440, .T. ) ;
#6855 =( LENGTH_UNIT ( ) NAMED_UNIT ( * ) SI_UNIT ( .MILLI., .METRE. ) );
#6856 =( NAMED_UNIT ( * ) PLANE_ANGLE_UNIT ( ) SI_UNIT ( $, .RADIAN. ) );
#6857 =( NAMED_UNIT ( * ) SI_UNIT ( $, .STERADIAN. ) SOLID_ANGLE_UNIT ( ) );
#6858 = LINE ( 'NONE', #7049, #4577 ) ;
#6859 = ORIENTED_EDGE ( 'NONE', *, *, #1195, .T. ) ;
#6860 = EDGE_CURVE ( 'NONE', #5461, #3069, #8138, .T. ) ;
#6861 = ORIENTED_EDGE ( 'NONE', *, *, #7526, .T. ) ;
#6862 = PRESENTATION_STYLE_ASSIGNMENT (( #8761 ) ) ;
#6863 = COLOUR_RGB ( '',0.0000000000000000000, 0.0000000000000000000, 0.0000000000000000000 ) ;
#6864 = B_SPLINE_CURVE_WITH_KNOTS ( 'NONE', 3,
 ( #8234, #10898, #8925, #4485 ),
 .UNSPECIFIED., .F., .F.,
 ( 4, 4 ),
 ( 9.000000000000000000, 10.00000000000000000 ),
 .UNSPECIFIED. ) ;
#6865 =( LENGTH_UNIT ( ) NAMED_UNIT ( * ) SI_UNIT ( .MILLI., .METRE. ) );
#6866 = CARTESIAN_POINT ( 'NONE',  ( -0.4368541783315783023, -0.6250000000000000000, 0.8343608187910123153 ) ) ;
#6867 = PRESENTATION_STYLE_ASSIGNMENT (( #5824 ) ) ;
#6868 = CARTESIAN_POINT ( 'NONE',  ( -0.4015890556698156200, -0.6260000000000000009, 0.6956571127543625943 ) ) ;
#6869 = FACE_OUTER_BOUND ( 'NONE', #2719, .T. ) ;
#6870 = PRESENTATION_STYLE_ASSIGNMENT (( #420 ) ) ;
#6871 = EDGE_LOOP ( 'NONE', ( #1230, #19, #5235, #10909, #9732, #3666, #7276 ) ) ;
#6872 = CARTESIAN_POINT ( 'NONE',  ( -0.6046430612512586622, -0.6250000000000000000, 0.8517473662148278279 ) ) ;
#6873 = EDGE_CURVE ( 'NONE', #4363, #5627, #7060, .T. ) ;
#6874 = VERTEX_POINT ( 'NONE', #5521 ) ;
#6875 = MECHANICAL_DESIGN_GEOMETRIC_PRESENTATION_REPRESENTATION (  '', ( #5309 ), #10618 ) ;
#6876 =( NAMED_UNIT ( * ) PLANE_ANGLE_UNIT ( ) SI_UNIT ( $, .RADIAN. ) );
#6877 = FACE_OUTER_BOUND ( 'NONE', #2209, .T. ) ;
#6878 = CARTESIAN_POINT ( 'NONE',  ( -0.5757233178400067430, -0.6260000000000000009, 0.7138965943436652584 ) ) ;
#6879 = FILL_AREA_STYLE ('',( #8839 ) ) ;
#6880 = CARTESIAN_POINT ( 'NONE',  ( -0.3779172337749439059, -0.6260000000000000009, 0.7109762127215346617 ) ) ;
#6881 = CARTESIAN_POINT ( 'NONE',  ( -0.3766348656782271820, -0.6250000000000000000, 0.6831107005641131602 ) ) ;
#6882 = SURFACE_STYLE_FILL_AREA ( #11822 ) ;
#6883 = CARTESIAN_POINT ( 'NONE',  ( -0.2782910960930354283, -0.6250000000000000000, 0.8003260763302079139 ) ) ;
#6884 =( NAMED_UNIT ( * ) SI_UNIT ( $, .STERADIAN. ) SOLID_ANGLE_UNIT ( ) );
#6886 = EDGE_LOOP ( 'NONE', ( #9936, #4062, #11359, #11721 ) ) ;
#6885 = UNCERTAINTY_MEASURE_WITH_UNIT (LENGTH_MEASURE( 1.000000000000000082E-05 ), #1488, 'distance_accuracy_value', 'NONE');
#6887 = ORIENTED_EDGE ( 'NONE', *, *, #9750, .F. ) ;
#6888 = COLOUR_RGB ( '',0.0000000000000000000, 0.0000000000000000000, 0.0000000000000000000 ) ;
#6889 = VECTOR ( 'NONE', #2726, 1000.000000000000000 ) ;
#6890 =( NAMED_UNIT ( * ) PLANE_ANGLE_UNIT ( ) SI_UNIT ( $, .RADIAN. ) );
#6891 = SURFACE_STYLE_USAGE ( .BOTH. , #4190 ) ;
#6892 = CARTESIAN_POINT ( 'NONE',  ( -0.2089912309704675397, -0.6260000000000000009, 0.6832839935504295692 ) ) ;
#6893 = CARTESIAN_POINT ( 'NONE',  ( -0.2338934330665299044, -0.6250000000000000000, 0.8499571875360144579 ) ) ;
#6894 = DIRECTION ( 'NONE',  ( 1.000000000000000000, 0.0000000000000000000, 0.0000000000000000000 ) ) ;
#6895 = ORIENTED_EDGE ( 'NONE', *, *, #9801, .F. ) ;
#6896 = VECTOR ( 'NONE', #2079, 1000.000000000000000 ) ;
#6897 = CARTESIAN_POINT ( 'NONE',  ( -0.3376092852190133442, -0.6260000000000000009, 0.8586218368384853639 ) ) ;
#6898 = UNCERTAINTY_MEASURE_WITH_UNIT (LENGTH_MEASURE( 1.000000000000000082E-05 ), #6203, 'distance_accuracy_value', 'NONE');
#6899 = VERTEX_POINT ( 'NONE', #4583 ) ;
#6900 = FILL_AREA_STYLE ('',( #11656 ) ) ;
#6901 = VERTEX_POINT ( 'NONE', #6388 ) ;
#6902 = EDGE_CURVE ( 'NONE', #10621, #398, #5205, .T. ) ;
#6903 = SURFACE_STYLE_FILL_AREA ( #11540 ) ;
#6904 = ADVANCED_FACE ( 'NONE', ( #2465 ), #9083, .F. ) ;
#6905 = STYLED_ITEM ( 'NONE', ( #6839 ), #4308 ) ;
#6906 = PRESENTATION_LAYER_ASSIGNMENT (  '', '', ( #3575 ) ) ;
#6907 = VECTOR ( 'NONE', #14, 1000.000000000000114 ) ;
#6908 = DIRECTION ( 'NONE',  ( 0.0000000000000000000, 0.0000000000000000000, -1.000000000000000000 ) ) ;
#6909 = LINE ( 'NONE', #4939, #9994 ) ;
#6910 = VERTEX_POINT ( 'NONE', #5330 ) ;
#6911 = DIRECTION ( 'NONE',  ( -0.0000000000000000000, 1.000000000000000000, -0.0000000000000000000 ) ) ;
#6912 = CARTESIAN_POINT ( 'NONE',  ( -0.1486159546300752643, -0.6260000000000000009, 0.7401587515728443867 ) ) ;
#6913 = DIRECTION ( 'NONE',  ( 1.000000000000000000, 0.0000000000000000000, 0.0000000000000000000 ) ) ;
#6914 = SURFACE_STYLE_FILL_AREA ( #5143 ) ;
#6915 = ORIENTED_EDGE ( 'NONE', *, *, #739, .F. ) ;
#6916 = AXIS2_PLACEMENT_3D ( 'NONE', #1824, #6525, #11262 ) ;
#6917 = ORIENTED_EDGE ( 'NONE', *, *, #6701, .F. ) ;
#6918 = SURFACE_STYLE_USAGE ( .BOTH. , #5883 ) ;
#6919 = CARTESIAN_POINT ( 'NONE',  ( -0.7338179114785317037, -0.6260000000000000009, 0.6512371686718249064 ) ) ;
#6920 =( NAMED_UNIT ( * ) SI_UNIT ( $, .STERADIAN. ) SOLID_ANGLE_UNIT ( ) );
#6921 = FILL_AREA_STYLE_COLOUR ( '', #2128 ) ;
#6922 =( GEOMETRIC_REPRESENTATION_CONTEXT ( 3 ) GLOBAL_UNCERTAINTY_ASSIGNED_CONTEXT ( ( #2498 ) ) GLOBAL_UNIT_ASSIGNED_CONTEXT ( ( #8664, #11588, #2421 ) ) REPRESENTATION_CONTEXT ( 'NONE', 'WORKASPACE' ) );
#6923 = FILL_AREA_STYLE_COLOUR ( '', #10127 ) ;
#6924 = FILL_AREA_STYLE_COLOUR ( '', #9476 ) ;
#6925 =( LENGTH_UNIT ( ) NAMED_UNIT ( * ) SI_UNIT ( .MILLI., .METRE. ) );
#6926 = SURFACE_STYLE_FILL_AREA ( #10687 ) ;
#6927 = COLOUR_RGB ( '',0.0000000000000000000, 0.0000000000000000000, 0.0000000000000000000 ) ;
#6928 = ORIENTED_EDGE ( 'NONE', *, *, #4957, .F. ) ;
#6929 = FACE_OUTER_BOUND ( 'NONE', #11422, .T. ) ;
#6930 = ORIENTED_EDGE ( 'NONE', *, *, #1289, .T. ) ;
#6931 = AXIS2_PLACEMENT_3D ( 'NONE', #478, #3252, #9198 ) ;
#6932 = VECTOR ( 'NONE', #5384, 1000.000000000000000 ) ;
#6933 =( GEOMETRIC_REPRESENTATION_CONTEXT ( 3 ) GLOBAL_UNCERTAINTY_ASSIGNED_CONTEXT ( ( #7314 ) ) GLOBAL_UNIT_ASSIGNED_CONTEXT ( ( #9265, #4344, #7358 ) ) REPRESENTATION_CONTEXT ( 'NONE', 'WORKASPACE' ) );
#6934 = CARTESIAN_POINT ( 'NONE',  ( -0.3360323190458831544, -0.6260000000000000009, 0.6604786365855273012 ) ) ;
#6935 = DIRECTION ( 'NONE',  ( 1.000000000000000000, 0.0000000000000000000, -0.0000000000000000000 ) ) ;
#6936 = PRESENTATION_STYLE_ASSIGNMENT (( #11630 ) ) ;
#6937 = CARTESIAN_POINT ( 'NONE',  ( -0.7073081466848263332, -0.6260000000000000009, 0.6512371686718249064 ) ) ;
#6938 = FILL_AREA_STYLE ('',( #1458 ) ) ;
#6939 = VERTEX_POINT ( 'NONE', #779 ) ;
#6940 = AXIS2_PLACEMENT_3D ( 'NONE', #6007, #4881, #9627 ) ;
#6941 = PRESENTATION_STYLE_ASSIGNMENT (( #10641 ) ) ;
#6942 = SURFACE_STYLE_USAGE ( .BOTH. , #5110 ) ;
#6943 = VECTOR ( 'NONE', #10548, 1000.000000000000000 ) ;
#6944 = ORIENTED_EDGE ( 'NONE', *, *, #12029, .F. ) ;
#6945 = PRESENTATION_LAYER_ASSIGNMENT (  '', '', ( #3807 ) ) ;
#6946 = ORIENTED_EDGE ( 'NONE', *, *, #11660, .T. ) ;
#6947 = UNCERTAINTY_MEASURE_WITH_UNIT (LENGTH_MEASURE( 1.000000000000000082E-05 ), #4559, 'distance_accuracy_value', 'NONE');
#6948 = EDGE_CURVE ( 'NONE', #10044, #10010, #10934, .T. ) ;
#6949 = DIRECTION ( 'NONE',  ( 0.0000000000000000000, 1.000000000000000000, 0.0000000000000000000 ) ) ;
#6950 =( GEOMETRIC_REPRESENTATION_CONTEXT ( 3 ) GLOBAL_UNCERTAINTY_ASSIGNED_CONTEXT ( ( #11833 ) ) GLOBAL_UNIT_ASSIGNED_CONTEXT ( ( #447, #8546, #197 ) ) REPRESENTATION_CONTEXT ( 'NONE', 'WORKASPACE' ) );
#6951 = EDGE_CURVE ( 'NONE', #4238, #3023, #11118, .T. ) ;
#6952 = PRESENTATION_LAYER_ASSIGNMENT (  '', '', ( #3045 ) ) ;
#6953 = PRESENTATION_LAYER_ASSIGNMENT (  '', '', ( #6735 ) ) ;
#6954 = CARTESIAN_POINT ( 'NONE',  ( -0.7796075098102038803, -0.6260000000000000009, 0.6840128741942300694 ) ) ;
#6955 = DIRECTION ( 'NONE',  ( -1.000000000000000000, 0.0000000000000000000, 0.0000000000000000000 ) ) ;
#6956 = CARTESIAN_POINT ( 'NONE',  ( -0.6229588950679236792, -0.6260000000000000009, 0.8676532265853732495 ) ) ;
#6957 = LINE ( 'NONE', #1474, #10921 ) ;
#6958 = SURFACE_STYLE_FILL_AREA ( #3277 ) ;
#6959 = CARTESIAN_POINT ( 'NONE',  ( -0.6200669280814015139, -0.6250000000000000000, 0.7129325992190329586 ) ) ;
#6960 = ORIENTED_EDGE ( 'NONE', *, *, #8940, .F. ) ;
#6961 = CARTESIAN_POINT ( 'NONE',  ( -0.3803260062811051334, -0.6250000000000000000, 0.7229334287589547214 ) ) ;
#6962 = CARTESIAN_POINT ( 'NONE',  ( -0.1831705760484461654, -0.6260000000000000009, 0.7180465665522892671 ) ) ;
#6963 =( GEOMETRIC_REPRESENTATION_CONTEXT ( 3 ) GLOBAL_UNCERTAINTY_ASSIGNED_CONTEXT ( ( #8352 ) ) GLOBAL_UNIT_ASSIGNED_CONTEXT ( ( #1345, #8779, #1397 ) ) REPRESENTATION_CONTEXT ( 'NONE', 'WORKASPACE' ) );
#6964 = VECTOR ( 'NONE', #303, 1000.000000000000000 ) ;
#6965 = ORIENTED_EDGE ( 'NONE', *, *, #1057, .T. ) ;
#6966 = SURFACE_STYLE_FILL_AREA ( #6900 ) ;
#6967 = UNCERTAINTY_MEASURE_WITH_UNIT (LENGTH_MEASURE( 1.000000000000000082E-05 ), #7408, 'distance_accuracy_value', 'NONE');
#6968 = ADVANCED_FACE ( 'NONE', ( #1557 ), #5396, .F. ) ;
#6969 = ORIENTED_EDGE ( 'NONE', *, *, #7865, .F. ) ;
#6970 = MECHANICAL_DESIGN_GEOMETRIC_PRESENTATION_REPRESENTATION (  '', ( #5604 ), #1708 ) ;
#6971 = SURFACE_SIDE_STYLE ('',( #6903 ) ) ;
#6972 = CARTESIAN_POINT ( 'NONE',  ( -0.2511707437757129124, -0.6250000000000000000, 0.6832839935504295692 ) ) ;
#6973 = PRESENTATION_LAYER_ASSIGNMENT (  '', '', ( #5798 ) ) ;
#6974 = PRESENTATION_STYLE_ASSIGNMENT (( #10666 ) ) ;
#6975 = CARTESIAN_POINT ( 'NONE',  ( -0.4132343443324636434, -0.6250000000000000000, 0.6891066378816378402 ) ) ;
#6976 = ORIENTED_EDGE ( 'NONE', *, *, #5261, .T. ) ;
#6977 = CARTESIAN_POINT ( 'NONE',  ( -1.000000000000000000, 0.2249999999999997835, -0.01000000000000000021 ) ) ;
#6978 = CARTESIAN_POINT ( 'NONE',  ( -0.3614717293985583169, -0.6260000000000000009, 0.7107336025408754754 ) ) ;
#6979 = FILL_AREA_STYLE_COLOUR ( '', #1454 ) ;
#6980 = CARTESIAN_POINT ( 'NONE',  ( -0.2511707437757129124, -0.6260000000000000009, 0.6832839935504295692 ) ) ;
#6981 =( NAMED_UNIT ( * ) SI_UNIT ( $, .STERADIAN. ) SOLID_ANGLE_UNIT ( ) );
#6982 = ORIENTED_EDGE ( 'NONE', *, *, #10053, .T. ) ;
#6983 = ORIENTED_EDGE ( 'NONE', *, *, #9851, .F. ) ;
#6984 =( GEOMETRIC_REPRESENTATION_CONTEXT ( 3 ) GLOBAL_UNCERTAINTY_ASSIGNED_CONTEXT ( ( #3627 ) ) GLOBAL_UNIT_ASSIGNED_CONTEXT ( ( #11979, #5215, #1739 ) ) REPRESENTATION_CONTEXT ( 'NONE', 'WORKASPACE' ) );
#6985 = VECTOR ( 'NONE', #2765, 1000.000000000000000 ) ;
#6986 = DIRECTION ( 'NONE',  ( 1.000000000000000000, 0.0000000000000000000, -0.0000000000000000000 ) ) ;
#6987 = B_SPLINE_CURVE_WITH_KNOTS ( 'NONE', 3,
 ( #4614, #7439, #6417, #10164 ),
 .UNSPECIFIED., .F., .F.,
 ( 4, 4 ),
 ( 17.00000000000000000, 18.00000000000000000 ),
 .UNSPECIFIED. ) ;
#6988 = CARTESIAN_POINT ( 'NONE',  ( -0.6914022822923686640, -0.6250000000000000000, 0.8768111452172836495 ) ) ;
#6989 = CARTESIAN_POINT ( 'NONE',  ( -0.3563942449072202701, -0.6260000000000000009, 0.6912554709085554361 ) ) ;
#6990 = FILL_AREA_STYLE_COLOUR ( '', #887 ) ;
#6991 = LINE ( 'NONE', #2333, #3564 ) ;
#6992 = CARTESIAN_POINT ( 'NONE',  ( -0.4021609225238317875, -0.6260000000000000009, 0.8597655705465168108 ) ) ;
#6993 = EDGE_CURVE ( 'NONE', #3944, #3583, #6391, .T. ) ;
#6994 = PRESENTATION_LAYER_ASSIGNMENT (  '', '', ( #10141 ) ) ;
#6995 =( GEOMETRIC_REPRESENTATION_CONTEXT ( 3 ) GLOBAL_UNCERTAINTY_ASSIGNED_CONTEXT ( ( #11657 ) ) GLOBAL_UNIT_ASSIGNED_CONTEXT ( ( #1912, #9270, #7470 ) ) REPRESENTATION_CONTEXT ( 'NONE', 'WORKASPACE' ) );
#6996 = DIRECTION ( 'NONE',  ( 0.0000000000000000000, -0.0000000000000000000, -1.000000000000000000 ) ) ;
#6997 = CARTESIAN_POINT ( 'NONE',  ( -0.2384856971967789230, -0.6260000000000000009, 0.8586218368384853639 ) ) ;
#6998 = ORIENTED_EDGE ( 'NONE', *, *, #2225, .T. ) ;
#6999 = CARTESIAN_POINT ( 'NONE',  ( -0.2546366034969794190, -0.6260000000000000009, 0.7215817434678952758 ) ) ;
#7000 = B_SPLINE_CURVE_WITH_KNOTS ( 'NONE', 3,
 ( #10001, #1543, #1595, #10050 ),
 .UNSPECIFIED., .F., .F.,
 ( 4, 4 ),
 ( 10.00000000000000000, 11.00000000000000000 ),
 .UNSPECIFIED. ) ;
#7001 = EDGE_LOOP ( 'NONE', ( #1232, #2126, #11504, #6073 ) ) ;
#7002 = SURFACE_STYLE_USAGE ( .BOTH. , #5956 ) ;
#7003 = EDGE_CURVE ( 'NONE', #1405, #10196, #10986, .T. ) ;
#7004 =( NAMED_UNIT ( * ) SI_UNIT ( $, .STERADIAN. ) SOLID_ANGLE_UNIT ( ) );
#7005 = CARTESIAN_POINT ( 'NONE',  ( -0.4101843877779435266, -0.6250000000000000000, 0.7259140681193632094 ) ) ;
#7006 = B_SPLINE_SURFACE_WITH_KNOTS ( 'NONE', 3, 1, ( 
 ( #756, #9118 ),
 ( #632, #7096 ),
 ( #2676, #7327 ),
 ( #11020, #6423 ) ),
 .UNSPECIFIED., .F., .F., .F.,
 ( 4, 4 ),
 ( 2, 2 ),
 ( 7.000000000000000000, 8.000000000000000000 ),
 ( 0.0000000000000000000, 1.000000000000000000 ),
 .UNSPECIFIED. ) ;
#7007 = CARTESIAN_POINT ( 'NONE',  ( -0.3499997337217647941, -0.6250000000000000000, 0.7224135498009268685 ) ) ;
#7008 =( NAMED_UNIT ( * ) SI_UNIT ( $, .STERADIAN. ) SOLID_ANGLE_UNIT ( ) );
#7009 =( NAMED_UNIT ( * ) SI_UNIT ( $, .STERADIAN. ) SOLID_ANGLE_UNIT ( ) );
#7010 = FILL_AREA_STYLE_COLOUR ( '', #7498 ) ;
#7011 = EDGE_LOOP ( 'NONE', ( #3106, #3504, #581, #6658 ) ) ;
#7012 = CARTESIAN_POINT ( 'NONE',  ( -0.2680668099160172235, -0.6260000000000000009, 0.8356431868877280955 ) ) ;
#7013 = CARTESIAN_POINT ( 'NONE',  ( -0.3637765261129762839, -0.6260000000000000009, 0.7985584878726350588 ) ) ;
#7014 = ADVANCED_FACE ( 'NONE', ( #10499 ), #10320, .F. ) ;
#7015 = FACE_OUTER_BOUND ( 'NONE', #11313, .T. ) ;
#7017 = ORIENTED_EDGE ( 'NONE', *, *, #1059, .F. ) ;
#7016 = UNCERTAINTY_MEASURE_WITH_UNIT (LENGTH_MEASURE( 1.000000000000000082E-05 ), #7712, 'distance_accuracy_value', 'NONE');
#7018 = ORIENTED_EDGE ( 'NONE', *, *, #11272, .F. ) ;
#7019 = FACE_OUTER_BOUND ( 'NONE', #1479, .T. ) ;
#7020 = B_SPLINE_CURVE_WITH_KNOTS ( 'NONE', 3,
 ( #5096, #3072, #2101, #4904 ),
 .UNSPECIFIED., .F., .F.,
 ( 4, 4 ),
 ( 28.00000000000000000, 29.00000000000000000 ),
 .UNSPECIFIED. ) ;
#7021 = FACE_OUTER_BOUND ( 'NONE', #11539, .T. ) ;
#7022 = LINE ( 'NONE', #11932, #7469 ) ;
#7023 = SURFACE_SIDE_STYLE ('',( #11645 ) ) ;
#7024 = SURFACE_SIDE_STYLE ('',( #10541 ) ) ;
#7025 = DIRECTION ( 'NONE',  ( -5.872761767629819957E-16, 1.000000000000000000, 0.0000000000000000000 ) ) ;
#7026 = PRESENTATION_STYLE_ASSIGNMENT (( #10719 ) ) ;
#7027 = PRESENTATION_STYLE_ASSIGNMENT (( #9741 ) ) ;
#7028 = FILL_AREA_STYLE_COLOUR ( '', #5199 ) ;
#7029 = EDGE_LOOP ( 'NONE', ( #1935, #11876, #11389, #2158 ) ) ;
#7030 = CARTESIAN_POINT ( 'NONE',  ( -0.2847029365770755716, -0.6250000000000000000, 0.8444464705793452985 ) ) ;
#7031 = CARTESIAN_POINT ( 'NONE',  ( -0.1831705760484461654, -0.6260000000000000009, 0.7075450115974405429 ) ) ;
#7032 = UNCERTAINTY_MEASURE_WITH_UNIT (LENGTH_MEASURE( 1.000000000000000082E-05 ), #2350, 'distance_accuracy_value', 'NONE');
#7033 = EDGE_CURVE ( 'NONE', #1781, #3893, #1062, .T. ) ;
#7034 = ORIENTED_EDGE ( 'NONE', *, *, #8805, .T. ) ;
#7035 = CARTESIAN_POINT ( 'NONE',  ( -0.5786152848262988702, -0.6250000000000000000, 0.8136697035971394154 ) ) ;
#7036 = EDGE_CURVE ( 'NONE', #8225, #8282, #1185, .T. ) ;
#7037 = EDGE_LOOP ( 'NONE', ( #10223, #5420 ) ) ;
#7038 = FILL_AREA_STYLE ('',( #9941 ) ) ;
#7039 =( NAMED_UNIT ( * ) SI_UNIT ( $, .STERADIAN. ) SOLID_ANGLE_UNIT ( ) );
#7040 = FILL_AREA_STYLE_COLOUR ( '', #10652 ) ;
#7041 = CARTESIAN_POINT ( 'NONE',  ( -0.6046430612512586622, -0.6260000000000000009, 0.8517473662148278279 ) ) ;
#7042 = VERTEX_POINT ( 'NONE', #2013 ) ;
#7043 = VECTOR ( 'NONE', #9168, 1000.000000000000000 ) ;
#7044 = CARTESIAN_POINT ( 'NONE',  ( -0.3728224199850207476, -0.6250000000000000000, 0.7067132052644117257 ) ) ;
#7045 = DIRECTION ( 'NONE',  ( -0.9903286039881274982, -0.0000000000000000000, -0.1387416884823251817 ) ) ;
#7046 = SURFACE_STYLE_USAGE ( .BOTH. , #9881 ) ;
#7047 = FACE_OUTER_BOUND ( 'NONE', #5756, .T. ) ;
#7048 = DIRECTION ( 'NONE',  ( 0.0000000000000000000, -1.000000000000000000, 0.0000000000000000000 ) ) ;
#7049 = CARTESIAN_POINT ( 'NONE',  ( -0.6171749610948783493, -0.6260000000000000009, 0.7124506108502888235 ) ) ;
#7050 = VERTEX_POINT ( 'NONE', #7465 ) ;
#7051 = MECHANICAL_DESIGN_GEOMETRIC_PRESENTATION_REPRESENTATION (  '', ( #10779 ), #2160 ) ;
#7052 = CARTESIAN_POINT ( 'NONE',  ( -0.6210309048191221537, -0.6260000000000000009, 0.6830488790695999901 ) ) ;
#7053 = MECHANICAL_DESIGN_GEOMETRIC_PRESENTATION_REPRESENTATION (  '', ( #6284 ), #1202 ) ;
#7054 =( NAMED_UNIT ( * ) SI_UNIT ( $, .STERADIAN. ) SOLID_ANGLE_UNIT ( ) );
#7055 =( NAMED_UNIT ( * ) PLANE_ANGLE_UNIT ( ) SI_UNIT ( $, .RADIAN. ) );
#7056 = DIRECTION ( 'NONE',  ( 1.000000000000000000, 0.0000000000000000000, -0.0000000000000000000 ) ) ;
#7057 = DIRECTION ( 'NONE',  ( -0.0000000000000000000, 1.000000000000000000, -0.0000000000000000000 ) ) ;
#7058 = FACE_OUTER_BOUND ( 'NONE', #2124, .T. ) ;
#7059 = ORIENTED_EDGE ( 'NONE', *, *, #4837, .T. ) ;
#7060 = LINE ( 'NONE', #4292, #12063 ) ;
#7061 = PRESENTATION_LAYER_ASSIGNMENT (  '', '', ( #11589 ) ) ;
#7062 = EDGE_CURVE ( 'NONE', #3907, #5128, #160, .T. ) ;
#7063 = ORIENTED_EDGE ( 'NONE', *, *, #2242, .T. ) ;
#7064 = CARTESIAN_POINT ( 'NONE',  ( -0.4039458402799911418, -0.6250000000000000000, 0.6850169234108318683 ) ) ;
#7065 = EDGE_CURVE ( 'NONE', #7637, #11850, #6730, .T. ) ;
#7066 = EDGE_CURVE ( 'NONE', #6901, #111, #8625, .T. ) ;
#7067 = SURFACE_SIDE_STYLE ('',( #11871 ) ) ;
#7068 = CARTESIAN_POINT ( 'NONE',  ( -0.6210309048191222647, -0.6250000000000000000, 0.6830488790696001011 ) ) ;
#7069 =( NAMED_UNIT ( * ) PLANE_ANGLE_UNIT ( ) SI_UNIT ( $, .RADIAN. ) );
#7070 = FACE_OUTER_BOUND ( 'NONE', #10791, .T. ) ;
#7071 = PRESENTATION_LAYER_ASSIGNMENT (  '', '', ( #11393 ) ) ;
#7072 = CARTESIAN_POINT ( 'NONE',  ( -0.4307889238197114001, -0.6260000000000000009, 0.6962463089071945221 ) ) ;
#7073 = SURFACE_STYLE_FILL_AREA ( #9033 ) ;
#7074 = CARTESIAN_POINT ( 'NONE',  ( -0.3600333976143411663, -0.6250000000000000000, 0.7014450984884007534 ) ) ;
#7075 = ORIENTED_EDGE ( 'NONE', *, *, #2257, .F. ) ;
#7076 = CARTESIAN_POINT ( 'NONE',  ( -0.2893298593044971168, -0.6250000000000000000, 0.8009152724830402859 ) ) ;
#7077 = CARTESIAN_POINT ( 'NONE',  ( -0.8311810513080299945, -0.6260000000000000009, 0.7216085185650514822 ) ) ;
#7078 = B_SPLINE_CURVE_WITH_KNOTS ( 'NONE', 3,
 ( #7960, #4328, #8073, #9060 ),
 .UNSPECIFIED., .F., .F.,
 ( 4, 4 ),
 ( 4.000000000000000000, 5.000000000000000000 ),
 .UNSPECIFIED. ) ;
#7079 = PRESENTATION_STYLE_ASSIGNMENT (( #6942 ) ) ;
#7080 = VECTOR ( 'NONE', #6684, 1000.000000000000000 ) ;
#7081 = ORIENTED_EDGE ( 'NONE', *, *, #6533, .T. ) ;
#7082 = ORIENTED_EDGE ( 'NONE', *, *, #2517, .T. ) ;
#7083 = UNCERTAINTY_MEASURE_WITH_UNIT (LENGTH_MEASURE( 1.000000000000000082E-05 ), #5446, 'distance_accuracy_value', 'NONE');
#7084 = LINE ( 'NONE', #8616, #11902 ) ;
#7085 = EDGE_CURVE ( 'NONE', #11437, #2843, #10247, .T. ) ;
#7086 = PRESENTATION_STYLE_ASSIGNMENT (( #6891 ) ) ;
#7087 = CARTESIAN_POINT ( 'NONE',  ( -0.2847029365770755716, -0.6250000000000000000, 0.8444464705793452985 ) ) ;
#7088 = DIRECTION ( 'NONE',  ( -1.000000000000000000, 0.0000000000000000000, 0.0000000000000000000 ) ) ;
#7089 = CARTESIAN_POINT ( 'NONE',  ( -0.5925931681630641767, -0.6260000000000000009, 0.6830488790695999901 ) ) ;
#7090 = VERTEX_POINT ( 'NONE', #1907 ) ;
#7091 = CARTESIAN_POINT ( 'NONE',  ( -0.4389163648655687311, -0.6260000000000000009, 0.6832839935504295692 ) ) ;
#7092 = ORIENTED_EDGE ( 'NONE', *, *, #11227, .T. ) ;
#7093 = UNCERTAINTY_MEASURE_WITH_UNIT (LENGTH_MEASURE( 1.000000000000000082E-05 ), #2276, 'distance_accuracy_value', 'NONE');
#7094 = VERTEX_POINT ( 'NONE', #8372 ) ;
#7095 = COLOUR_RGB ( '',0.0000000000000000000, 0.0000000000000000000, 0.0000000000000000000 ) ;
#7096 = CARTESIAN_POINT ( 'NONE',  ( -0.4238572043776431264, -0.6250000000000000000, 0.6834226279391137915 ) ) ;
#7097 = EDGE_CURVE ( 'NONE', #8803, #11850, #7531, .T. ) ;
#7098 = DIRECTION ( 'NONE',  ( -1.000000000000000000, -0.0000000000000000000, -0.0000000000000000000 ) ) ;
#7099 = PLANE ( 'NONE',  #550 ) ;
#7100 = STYLED_ITEM ( 'NONE', ( #3613 ), #3625 ) ;
#7101 = CARTESIAN_POINT ( 'NONE',  ( -0.4021609225238317875, -0.6250000000000000000, 0.8597655705465168108 ) ) ;
#7102 = VERTEX_POINT ( 'NONE', #11301 ) ;
#7103 = CARTESIAN_POINT ( 'NONE',  ( -0.7193580305794504692, -0.6260000000000000009, 0.7481183109390059371 ) ) ;
#7104 =( GEOMETRIC_REPRESENTATION_CONTEXT ( 3 ) GLOBAL_UNCERTAINTY_ASSIGNED_CONTEXT ( ( #5835 ) ) GLOBAL_UNIT_ASSIGNED_CONTEXT ( ( #10479, #7692, #11217 ) ) REPRESENTATION_CONTEXT ( 'NONE', 'WORKASPACE' ) );
#7105 = CARTESIAN_POINT ( 'NONE',  ( -0.1503142258933072573, -0.6250000000000000000, 0.7376633325737550484 ) ) ;
#7106 = EDGE_LOOP ( 'NONE', ( #1974, #11866, #11501, #5351 ) ) ;
#7107 = CARTESIAN_POINT ( 'NONE',  ( -1.000000000000000000, 0.6250000000000000000, 0.0000000000000000000 ) ) ;
#7108 = CARTESIAN_POINT ( 'NONE',  ( -0.4036512422038037173, -0.6260000000000000009, 0.7259140681193632094 ) ) ;
#7109 = EDGE_LOOP ( 'NONE', ( #1421, #3879, #9903, #546 ) ) ;
#7110 = EDGE_CURVE ( 'NONE', #439, #95, #42, .T. ) ;
#7111 = DIRECTION ( 'NONE',  ( -1.000000000000000000, -0.0000000000000000000, -0.0000000000000000000 ) ) ;
#7112 = VECTOR ( 'NONE', #8032, 1000.000000000000000 ) ;
#7113 = MECHANICAL_DESIGN_GEOMETRIC_PRESENTATION_REPRESENTATION (  '', ( #690 ), #10453 ) ;
#7114 = EDGE_CURVE ( 'NONE', #5373, #3196, #3722, .T. ) ;
#7115 = CARTESIAN_POINT ( 'NONE',  ( -0.7280339591190378989, -0.6260000000000000009, 0.8580133115399676269 ) ) ;
#7116 =( LENGTH_UNIT ( ) NAMED_UNIT ( * ) SI_UNIT ( .MILLI., .METRE. ) );
#7117 = FACE_OUTER_BOUND ( 'NONE', #9794, .T. ) ;
#7118 =( LENGTH_UNIT ( ) NAMED_UNIT ( * ) SI_UNIT ( .MILLI., .METRE. ) );
#7119 = CARTESIAN_POINT ( 'NONE',  ( -0.1697403696298704912, -0.6250000000000000000, 0.6832839935504295692 ) ) ;
#7120 = SURFACE_STYLE_FILL_AREA ( #10871 ) ;
#7121 =( NAMED_UNIT ( * ) SI_UNIT ( $, .STERADIAN. ) SOLID_ANGLE_UNIT ( ) );
#7122 = CARTESIAN_POINT ( 'NONE',  ( -0.6856183391259830229, -0.6250000000000000000, 0.7042566982596960568 ) ) ;
#7123 =( GEOMETRIC_REPRESENTATION_CONTEXT ( 3 ) GLOBAL_UNCERTAINTY_ASSIGNED_CONTEXT ( ( #2718 ) ) GLOBAL_UNIT_ASSIGNED_CONTEXT ( ( #3156, #1181, #5870 ) ) REPRESENTATION_CONTEXT ( 'NONE', 'WORKASPACE' ) );
#7124 = STYLED_ITEM ( 'NONE', ( #5652 ), #353 ) ;
#7125 = CARTESIAN_POINT ( 'NONE',  ( -0.3674676667158520149, -0.6250000000000000000, 0.7045643722374940188 ) ) ;
#7126 = ORIENTED_EDGE ( 'NONE', *, *, #5109, .F. ) ;
#7127 = SURFACE_STYLE_USAGE ( .BOTH. , #1144 ) ;
#7128 = VECTOR ( 'NONE', #1126, 1000.000000000000000 ) ;
#7129 = PLANE ( 'NONE',  #3816 ) ;
#7130 = LINE ( 'NONE', #7189, #11905 ) ;
#7131 = CARTESIAN_POINT ( 'NONE',  ( -0.4132343443324636434, -0.6250000000000000000, 0.6891066378816378402 ) ) ;
#7132 = CARTESIAN_POINT ( 'NONE',  ( -0.6697124839270957031, -0.6250000000000000000, 0.8478914018058004709 ) ) ;
#7133 = CARTESIAN_POINT ( 'NONE',  ( -0.3585777365315390153, -0.6250000000000000000, 0.7002320475860265292 ) ) ;
#7134 = ORIENTED_EDGE ( 'NONE', *, *, #9769, .F. ) ;
#7135 = PRESENTATION_STYLE_ASSIGNMENT (( #10088 ) ) ;
#7136 = ADVANCED_FACE ( 'NONE', ( #2806 ), #5638, .F. ) ;
#7137 = ORIENTED_EDGE ( 'NONE', *, *, #10244, .F. ) ;
#7138 = PRESENTATION_LAYER_ASSIGNMENT (  '', '', ( #9293 ) ) ;
#7139 = ORIENTED_EDGE ( 'NONE', *, *, #4034, .T. ) ;
#7140 = B_SPLINE_CURVE_WITH_KNOTS ( 'NONE', 3,
 ( #4058, #7871, #10468, #8596 ),
 .UNSPECIFIED., .F., .F.,
 ( 4, 4 ),
 ( 0.0000000000000000000, 1.000000000000000000 ),
 .UNSPECIFIED. ) ;
#7141 = CARTESIAN_POINT ( 'NONE',  ( -0.2453480994445046137, -0.6250000000000000000, 0.8170315201860705034 ) ) ;
#7142 = PRESENTATION_STYLE_ASSIGNMENT (( #2603 ) ) ;
#7143 = CARTESIAN_POINT ( 'NONE',  ( -0.3563942449072202701, -0.6260000000000000009, 0.6956224541571924824 ) ) ;
#7144 = EDGE_CURVE ( 'NONE', #3775, #4333, #2147, .T. ) ;
#7145 = CARTESIAN_POINT ( 'NONE',  ( -0.3360323190458831544, -0.6250000000000000000, 0.6604786365855273012 ) ) ;
#7146 = CARTESIAN_POINT ( 'NONE',  ( -0.5757233178400067430, -0.6250000000000000000, 0.6844948625629764249 ) ) ;
#7147 = FILL_AREA_STYLE ('',( #11016 ) ) ;
#7148 = ORIENTED_EDGE ( 'NONE', *, *, #6805, .F. ) ;
#7149 =( NAMED_UNIT ( * ) SI_UNIT ( $, .STERADIAN. ) SOLID_ANGLE_UNIT ( ) );
#7150 = ORIENTED_EDGE ( 'NONE', *, *, #614, .T. ) ;
#7151 = ORIENTED_EDGE ( 'NONE', *, *, #9709, .F. ) ;
#7152 = B_SPLINE_CURVE_WITH_KNOTS ( 'NONE', 3,
 ( #6883, #9790, #5971, #7804 ),
 .UNSPECIFIED., .F., .F.,
 ( 4, 4 ),
 ( 4.000000000000000000, 5.000000000000000000 ),
 .UNSPECIFIED. ) ;
#7153 = CARTESIAN_POINT ( 'NONE',  ( -0.4423822245866041447, -0.6260000000000000009, 0.7215817434678952758 ) ) ;
#7154 = COLOUR_RGB ( '',0.0000000000000000000, 0.0000000000000000000, 0.0000000000000000000 ) ;
#7155 =( GEOMETRIC_REPRESENTATION_CONTEXT ( 3 ) GLOBAL_UNCERTAINTY_ASSIGNED_CONTEXT ( ( #11223 ) ) GLOBAL_UNIT_ASSIGNED_CONTEXT ( ( #2657, #7376, #5417 ) ) REPRESENTATION_CONTEXT ( 'NONE', 'WORKASPACE' ) );
#7156 = STYLED_ITEM ( 'NONE', ( #5226 ), #8262 ) ;
#7157 = B_SPLINE_SURFACE_WITH_KNOTS ( 'NONE', 3, 1, ( 
 ( #3371, #7125 ),
 ( #2175, #5906 ),
 ( #660, #6766 ),
 ( #9967, #4848 ) ),
 .UNSPECIFIED., .F., .F., .F.,
 ( 4, 4 ),
 ( 2, 2 ),
 ( 3.000000000000000000, 4.000000000000000000 ),
 ( 0.0000000000000000000, 1.000000000000000000 ),
 .UNSPECIFIED. ) ;
#7158 = CARTESIAN_POINT ( 'NONE',  ( -0.4221762624127674002, -0.6250000000000000000, 0.6969394808510793737 ) ) ;
#7159 =( NAMED_UNIT ( * ) PLANE_ANGLE_UNIT ( ) SI_UNIT ( $, .RADIAN. ) );
#7160 = LINE ( 'NONE', #3227, #4557 ) ;
#7161 = EDGE_LOOP ( 'NONE', ( #1401, #11778, #11490, #6630 ) ) ;
#7162 = PRESENTATION_LAYER_ASSIGNMENT (  '', '', ( #4011 ) ) ;
#7163 = SURFACE_SIDE_STYLE ('',( #11158 ) ) ;
#7164 = SURFACE_STYLE_FILL_AREA ( #3410 ) ;
#7165 = DIRECTION ( 'NONE',  ( -0.0000000000000000000, 1.000000000000000000, -0.0000000000000000000 ) ) ;
#7166 = EDGE_LOOP ( 'NONE', ( #9980, #75, #6690, #11544 ) ) ;
#7167 =( NAMED_UNIT ( * ) PLANE_ANGLE_UNIT ( ) SI_UNIT ( $, .RADIAN. ) );
#7168 = MECHANICAL_DESIGN_GEOMETRIC_PRESENTATION_REPRESENTATION (  '', ( #12087 ), #11295 ) ;
#7169 = EDGE_CURVE ( 'NONE', #246, #11500, #11962, .T. ) ;
#7170 = CARTESIAN_POINT ( 'NONE',  ( -0.4101843877779435266, -0.6260000000000000009, 0.7259140681193632094 ) ) ;
#7171 = ORIENTED_EDGE ( 'NONE', *, *, #11764, .T. ) ;
#7172 = COLOUR_RGB ( '',0.0000000000000000000, 0.0000000000000000000, 0.0000000000000000000 ) ;
#7173 = MECHANICAL_DESIGN_GEOMETRIC_PRESENTATION_REPRESENTATION (  '', ( #361 ), #7956 ) ;
#7174 = CARTESIAN_POINT ( 'NONE',  ( -0.6701944722960717638, -0.6260000000000000009, 0.8768111452172836495 ) ) ;
#7175 = CARTESIAN_POINT ( 'NONE',  ( -0.7723775601670923585, -0.6250000000000000000, 0.7346224343578966476 ) ) ;
#7176 = CARTESIAN_POINT ( 'NONE',  ( -0.3042677147027854634, -0.6260000000000000009, 0.8508236524662153855 ) ) ;
#7177 = FILL_AREA_STYLE ('',( #8956 ) ) ;
#7178 = LINE ( 'NONE', #4412, #1869 ) ;
#7179 = PRESENTATION_STYLE_ASSIGNMENT (( #9964 ) ) ;
#7180 = CARTESIAN_POINT ( 'NONE',  ( -0.2936448546573771634, -0.6260000000000000009, 0.8586218368384853639 ) ) ;
#7181 = SURFACE_SIDE_STYLE ('',( #12041 ) ) ;
#7182 = MECHANICAL_DESIGN_GEOMETRIC_PRESENTATION_REPRESENTATION (  '', ( #8519 ), #8941 ) ;
#7183 = CARTESIAN_POINT ( 'NONE',  ( -0.3860966627165586806, -0.6260000000000000009, 0.7936369670687982714 ) ) ;
#7184 = ORIENTED_EDGE ( 'NONE', *, *, #7970, .F. ) ;
#7185 = EDGE_CURVE ( 'NONE', #992, #9504, #2139, .T. ) ;
#7186 = ADVANCED_FACE ( 'NONE', ( #7047 ), #5193, .F. ) ;
#7187 = MECHANICAL_DESIGN_GEOMETRIC_PRESENTATION_REPRESENTATION (  '', ( #8163 ), #4240 ) ;
#7188 = CARTESIAN_POINT ( 'NONE',  ( -0.4021609225238317875, -0.6260000000000000009, 0.8597655705465168108 ) ) ;
#7189 = CARTESIAN_POINT ( 'NONE',  ( -0.1794101182516885662, -0.6260000000000000009, 0.6832839935504295692 ) ) ;
#7190 = MECHANICAL_DESIGN_GEOMETRIC_PRESENTATION_REPRESENTATION (  '', ( #3268 ), #7770 ) ;
#7191 = CARTESIAN_POINT ( 'NONE',  ( -0.4753772091311208592, -0.6260000000000000009, 0.7908296206947073026 ) ) ;
#7192 = CARTESIAN_POINT ( 'NONE',  ( -0.5757233178400067430, -0.6260000000000000009, 0.7138965943436652584 ) ) ;
#7193 = CARTESIAN_POINT ( 'NONE',  ( -0.2328363458514246809, -0.6260000000000000009, 0.8452089597180335589 ) ) ;
#7194 = PRESENTATION_STYLE_ASSIGNMENT (( #11820 ) ) ;
#7195 = ORIENTED_EDGE ( 'NONE', *, *, #9485, .T. ) ;
#7196 = FILL_AREA_STYLE_COLOUR ( '', #4570 ) ;
#7197 = SURFACE_SIDE_STYLE ('',( #8053 ) ) ;
#7198 = ORIENTED_EDGE ( 'NONE', *, *, #4817, .F. ) ;
#7199 = EDGE_LOOP ( 'NONE', ( #7955, #11693, #2100, #10504 ) ) ;
#7200 = UNCERTAINTY_MEASURE_WITH_UNIT (LENGTH_MEASURE( 1.000000000000000082E-05 ), #962, 'distance_accuracy_value', 'NONE');
#7201 = COLOUR_RGB ( '',0.0000000000000000000, 0.0000000000000000000, 0.0000000000000000000 ) ;
#7202 = LINE ( 'NONE', #7258, #7043 ) ;
#7203 = LINE ( 'NONE', #618, #8918 ) ;
#7204 = CARTESIAN_POINT ( 'NONE',  ( -0.3360669776432839151, -0.6260000000000000009, 0.7908296206947073026 ) ) ;
#7205 = CARTESIAN_POINT ( 'NONE',  ( -0.7530977312262576717, -0.6250000000000000000, 0.8372874968076522428 ) ) ;
#7206 = EDGE_CURVE ( 'NONE', #10196, #8176, #8948, .T. ) ;
#7207 = CARTESIAN_POINT ( 'NONE',  ( -0.3505196126800235179, -0.6250000000000000000, 0.7044603964459816847 ) ) ;
#7208 = CARTESIAN_POINT ( 'NONE',  ( -0.2527130513516755439, -0.6250000000000000000, 0.7510762096942074084 ) ) ;
#7209 = CARTESIAN_POINT ( 'NONE',  ( -0.3476776077087617156, -0.6250000000000000000, 0.6964542604902214107 ) ) ;
#7210 = B_SPLINE_SURFACE_WITH_KNOTS ( 'NONE', 3, 1, ( 
 ( #3930, #3014 ),
 ( #5965, #1212 ),
 ( #8651, #5102 ),
 ( #5784, #6035 ) ),
 .UNSPECIFIED., .F., .F., .F.,
 ( 4, 4 ),
 ( 2, 2 ),
 ( 5.000000000000000000, 6.000000000000000000 ),
 ( 0.0000000000000000000, 1.000000000000000000 ),
 .UNSPECIFIED. ) ;
#7211 = CARTESIAN_POINT ( 'NONE',  ( -0.4276696500706181348, -0.6260000000000000009, 0.8239632396281396653 ) ) ;
#7212 = CARTESIAN_POINT ( 'NONE',  ( -0.3432586365643671145, -0.6260000000000000009, 0.7317020538534013685 ) ) ;
#7213 = EDGE_LOOP ( 'NONE', ( #1679, #2431, #5989, #6088 ) ) ;
#7214 = ORIENTED_EDGE ( 'NONE', *, *, #8978, .T. ) ;
#7215 = EDGE_CURVE ( 'NONE', #8484, #5523, #5016, .T. ) ;
#7216 = PRESENTATION_STYLE_ASSIGNMENT (( #2614 ) ) ;
#7217 = EDGE_CURVE ( 'NONE', #4809, #2908, #3356, .T. ) ;
#7218 = EDGE_CURVE ( 'NONE', #3822, #9553, #8708, .T. ) ;
#7219 = CARTESIAN_POINT ( 'NONE',  ( -0.2772686674751027036, -0.6250000000000000000, 0.8253495835163686678 ) ) ;
#7220 = VECTOR ( 'NONE', #1257, 1000.000000000000000 ) ;
#7221 =( LENGTH_UNIT ( ) NAMED_UNIT ( * ) SI_UNIT ( .MILLI., .METRE. ) );
#7222 = SURFACE_STYLE_FILL_AREA ( #8139 ) ;
#7223 = CARTESIAN_POINT ( 'NONE',  ( -0.7000782108319556496, -0.6260000000000000009, 0.8478914018058004709 ) ) ;
#7224 = ORIENTED_EDGE ( 'NONE', *, *, #11206, .F. ) ;
#7225 = DIRECTION ( 'NONE',  ( -1.000000000000000000, 0.0000000000000000000, 0.0000000000000000000 ) ) ;
#7226 = CARTESIAN_POINT ( 'NONE',  ( -1.000000000000000000, -0.6250000000000000000, 1.000000000000000000 ) ) ;
#7227 = CARTESIAN_POINT ( 'NONE',  ( -0.1831705760484461654, -0.6250000000000000000, 0.7075450115974405429 ) ) ;
#7228 = ORIENTED_EDGE ( 'NONE', *, *, #3776, .F. ) ;
#7229 = SURFACE_STYLE_USAGE ( .BOTH. , #4275 ) ;
#7230 = SURFACE_STYLE_USAGE ( .BOTH. , #3416 ) ;
#7231 = ORIENTED_EDGE ( 'NONE', *, *, #6103, .T. ) ;
#7232 = VECTOR ( 'NONE', #947, 1000.000000000000000 ) ;
#7233 = DIRECTION ( 'NONE',  ( -1.000000000000000000, 0.0000000000000000000, -0.0000000000000000000 ) ) ;
#7234 = PRESENTATION_LAYER_ASSIGNMENT (  '', '', ( #9192 ) ) ;
#7235 = EDGE_CURVE ( 'NONE', #9309, #5803, #3142, .T. ) ;
#7236 = CARTESIAN_POINT ( 'NONE',  ( -0.2087486207902680690, -0.6250000000000000000, 0.7510762096942072974 ) ) ;
#7237 =( NAMED_UNIT ( * ) PLANE_ANGLE_UNIT ( ) SI_UNIT ( $, .RADIAN. ) );
#7238 = CARTESIAN_POINT ( 'NONE',  ( -0.3803779941768622441, -0.6260000000000000009, 0.6849822648136616454 ) ) ;
#7239 = FILL_AREA_STYLE ('',( #7407 ) ) ;
#7240 = ADVANCED_FACE ( 'NONE', ( #11912 ), #9068, .F. ) ;
#7241 = ORIENTED_EDGE ( 'NONE', *, *, #8555, .F. ) ;
#7242 = PRESENTATION_LAYER_ASSIGNMENT (  '', '', ( #428 ) ) ;
#7243 = PRODUCT_DEFINITION_FORMATION_WITH_SPECIFIED_SOURCE ( '�κ�', '', #2743, .NOT_KNOWN. ) ;
#7244 = CARTESIAN_POINT ( 'NONE',  ( -0.3748846065190087895, -0.6250000000000000000, 0.7289640246736514007 ) ) ;
#7245 = CARTESIAN_POINT ( 'NONE',  ( -0.4154351652553697205, -0.6260000000000000009, 0.6821402598423972341 ) ) ;
#7246 = DIRECTION ( 'NONE',  ( -0.0000000000000000000, 1.000000000000000000, -0.0000000000000000000 ) ) ;
#7247 = B_SPLINE_CURVE_WITH_KNOTS ( 'NONE', 3,
 ( #6200, #6257, #1607, #3423 ),
 .UNSPECIFIED., .F., .F.,
 ( 4, 4 ),
 ( 4.000000000000000000, 5.000000000000000000 ),
 .UNSPECIFIED. ) ;
#7248 = CARTESIAN_POINT ( 'NONE',  ( -0.6022330826337125576, -0.6260000000000000009, 0.7876419363652877870 ) ) ;
#7249 = SURFACE_STYLE_FILL_AREA ( #3500 ) ;
#7250 =( LENGTH_UNIT ( ) NAMED_UNIT ( * ) SI_UNIT ( .MILLI., .METRE. ) );
#7251 = VERTEX_POINT ( 'NONE', #10972 ) ;
#7252 = PLANE ( 'NONE',  #9095 ) ;
#7253 = STYLED_ITEM ( 'NONE', ( #11687 ), #11037 ) ;
#7254 =( NAMED_UNIT ( * ) SI_UNIT ( $, .STERADIAN. ) SOLID_ANGLE_UNIT ( ) );
#7255 = EDGE_LOOP ( 'NONE', ( #11338, #7971, #293, #8405 ) ) ;
#7256 = ORIENTED_EDGE ( 'NONE', *, *, #10673, .T. ) ;
#7257 = B_SPLINE_SURFACE_WITH_KNOTS ( 'NONE', 3, 1, ( 
 ( #6278, #1750 ),
 ( #9277, #909 ),
 ( #7192, #10025 ),
 ( #5342, #4421 ) ),
 .UNSPECIFIED., .F., .F., .F.,
 ( 4, 4 ),
 ( 2, 2 ),
 ( 24.00000000000000000, 25.00000000000000000 ),
 ( 0.0000000000000000000, 1.000000000000000000 ),
 .UNSPECIFIED. ) ;
#7258 = CARTESIAN_POINT ( 'NONE',  ( -0.3395328373643193842, -0.6260000000000000009, 0.8213638448370749190 ) ) ;
#7259 =( GEOMETRIC_REPRESENTATION_CONTEXT ( 3 ) GLOBAL_UNCERTAINTY_ASSIGNED_CONTEXT ( ( #4606 ) ) GLOBAL_UNIT_ASSIGNED_CONTEXT ( ( #2961, #2905, #2721 ) ) REPRESENTATION_CONTEXT ( 'NONE', 'WORKASPACE' ) );
#7260 = COLOUR_RGB ( '',0.0000000000000000000, 0.0000000000000000000, 0.0000000000000000000 ) ;
#7261 = DIRECTION ( 'NONE',  ( -0.0000000000000000000, 1.000000000000000000, -0.0000000000000000000 ) ) ;
#7262 = CARTESIAN_POINT ( 'NONE',  ( -0.1933948622259264172, -0.6260000000000000009, 0.7420996330167346500 ) ) ;
#7263 = CARTESIAN_POINT ( 'NONE',  ( -0.2296130963108196088, -0.6250000000000000000, 0.6910128607283587687 ) ) ;
#7264 = FILL_AREA_STYLE ('',( #5298 ) ) ;
#7265 = CARTESIAN_POINT ( 'NONE',  ( -0.3664105795009806599, -0.6260000000000000009, 0.6890719792844680613 ) ) ;
#7266 = ORIENTED_EDGE ( 'NONE', *, *, #11048, .T. ) ;
#7267 = B_SPLINE_CURVE_WITH_KNOTS ( 'NONE', 3,
 ( #11322, #4845, #2953, #3812 ),
 .UNSPECIFIED., .F., .F.,
 ( 4, 4 ),
 ( 8.000000000000000000, 9.000000000000000000 ),
 .UNSPECIFIED. ) ;
#7268 = VERTEX_POINT ( 'NONE', #8147 ) ;
#7269 = LINE ( 'NONE', #12074, #8807 ) ;
#7270 = DIRECTION ( 'NONE',  ( 1.000000000000000000, 0.0000000000000000000, -0.0000000000000000000 ) ) ;
#7271 = LINE ( 'NONE', #5500, #6353 ) ;
#7272 = B_SPLINE_CURVE_WITH_KNOTS ( 'NONE', 3,
 ( #6602, #11210, #2777, #10287 ),
 .UNSPECIFIED., .F., .F.,
 ( 4, 4 ),
 ( 19.00000000000000000, 20.00000000000000000 ),
 .UNSPECIFIED. ) ;
#7273 = ORIENTED_EDGE ( 'NONE', *, *, #1737, .F. ) ;
#7274 = DIRECTION ( 'NONE',  ( -0.0000000000000000000, 1.000000000000000000, -0.0000000000000000000 ) ) ;
#7275 = CARTESIAN_POINT ( 'NONE',  ( -0.4368541783315783023, -0.6250000000000000000, 0.8132883916869743102 ) ) ;
#7276 = ORIENTED_EDGE ( 'NONE', *, *, #6546, .F. ) ;
#7277 = PRESENTATION_LAYER_ASSIGNMENT (  '', '', ( #2391 ) ) ;
#7278 = EDGE_CURVE ( 'NONE', #1022, #1845, #2568, .T. ) ;
#7279 = CARTESIAN_POINT ( 'NONE',  ( -0.6350087881558875713, -0.6260000000000000009, 0.6979907391445477893 ) ) ;
#7280 = EDGE_CURVE ( 'NONE', #6899, #2843, #6315, .T. ) ;
#7281 = EDGE_CURVE ( 'NONE', #4294, #6582, #10178, .T. ) ;
#7282 = ORIENTED_EDGE ( 'NONE', *, *, #3453, .F. ) ;
#7283 = FILL_AREA_STYLE ('',( #11109 ) ) ;
#7284 = COLOUR_RGB ( '',0.0000000000000000000, 0.0000000000000000000, 0.0000000000000000000 ) ;
#7285 = CARTESIAN_POINT ( 'NONE',  ( -0.3664105795009806599, -0.6250000000000000000, 0.6890719792844680613 ) ) ;
#7286 = CARTESIAN_POINT ( 'NONE',  ( -0.3614717293985583169, -0.6260000000000000009, 0.7328111289642612602 ) ) ;
#7287 = STYLED_ITEM ( 'NONE', ( #7027 ), #827 ) ;
#7288 = CARTESIAN_POINT ( 'NONE',  ( -0.1948505233089596611, -0.6250000000000000000, 0.7326378359779448513 ) ) ;
#7289 = DIRECTION ( 'NONE',  ( -0.0000000000000000000, 1.000000000000000000, -0.0000000000000000000 ) ) ;
#7290 = SURFACE_SIDE_STYLE ('',( #9145 ) ) ;
#7291 = EDGE_CURVE ( 'NONE', #6246, #11470, #5792, .T. ) ;
#7292 = CARTESIAN_POINT ( 'NONE',  ( -0.7796075098102038803, -0.6260000000000000009, 0.6840128741942300694 ) ) ;
#7293 = SURFACE_SIDE_STYLE ('',( #11120 ) ) ;
#7294 = CARTESIAN_POINT ( 'NONE',  ( -0.2788802922454052813, -0.6250000000000000000, 0.6910128607283587687 ) ) ;
#7295 = VERTEX_POINT ( 'NONE', #4336 ) ;
#7296 = CARTESIAN_POINT ( 'NONE',  ( -0.4165788989633990025, -0.6260000000000000009, 0.7998755145665219501 ) ) ;
#7297 = VECTOR ( 'NONE', #2547, 1000.000000000000000 ) ;
#7298 = CARTESIAN_POINT ( 'NONE',  ( -0.6460946861199128310, -0.6260000000000000009, 0.8768111452172836495 ) ) ;
#7299 = FILL_AREA_STYLE ('',( #4591 ) ) ;
#7300 = B_SPLINE_SURFACE_WITH_KNOTS ( 'NONE', 3, 1, ( 
 ( #6954, #5647 ),
 ( #11311, #10256 ),
 ( #9276, #7476 ),
 ( #5466, #8510 ) ),
 .UNSPECIFIED., .F., .F., .F.,
 ( 4, 4 ),
 ( 2, 2 ),
 ( 9.000000000000000000, 10.00000000000000000 ),
 ( 0.0000000000000000000, 1.000000000000000000 ),
 .UNSPECIFIED. ) ;
#7301 = CARTESIAN_POINT ( 'NONE',  ( -0.1376984965082507506, -0.6250000000000000000, 0.7094858930413312503 ) ) ;
#7302 = COLOUR_RGB ( '',0.0000000000000000000, 0.0000000000000000000, 0.0000000000000000000 ) ;
#7303 = SURFACE_STYLE_USAGE ( .BOTH. , #11993 ) ;
#7304 = CARTESIAN_POINT ( 'NONE',  ( -0.2296130963108196088, -0.6260000000000000009, 0.7432780253219376521 ) ) ;
#7305 = ADVANCED_FACE ( 'NONE', ( #2444 ), #8084, .F. ) ;
#7306 = COLOUR_RGB ( '',0.0000000000000000000, 0.0000000000000000000, 0.0000000000000000000 ) ;
#7307 = DIRECTION ( 'NONE',  ( -0.0000000000000000000, -0.0000000000000000000, -1.000000000000000000 ) ) ;
#7308 = CARTESIAN_POINT ( 'NONE',  ( -0.3697204755347439642, -0.6250000000000000000, 0.7148926342064860773 ) ) ;
#7309 = ORIENTED_EDGE ( 'NONE', *, *, #6993, .F. ) ;
#7310 = EDGE_CURVE ( 'NONE', #6624, #8701, #10366, .T. ) ;
#7311 = FILL_AREA_STYLE ('',( #8973 ) ) ;
#7312 = ORIENTED_EDGE ( 'NONE', *, *, #9206, .F. ) ;
#7313 = ORIENTED_EDGE ( 'NONE', *, *, #6424, .T. ) ;
#7314 = UNCERTAINTY_MEASURE_WITH_UNIT (LENGTH_MEASURE( 1.000000000000000082E-05 ), #9265, 'distance_accuracy_value', 'NONE');
#7315 = FILL_AREA_STYLE ('',( #3563 ) ) ;
#7316 = VECTOR ( 'NONE', #762, 1000.000000000000000 ) ;
#7317 = FILL_AREA_STYLE_COLOUR ( '', #10685 ) ;
#7318 = FILL_AREA_STYLE_COLOUR ( '', #7362 ) ;
#7319 = CARTESIAN_POINT ( 'NONE',  ( -0.4003760047674414513, -0.6250000000000000000, 0.6832839935504295692 ) ) ;
#7320 = PRESENTATION_LAYER_ASSIGNMENT (  '', '', ( #10078 ) ) ;
#7321 = SURFACE_STYLE_USAGE ( .BOTH. , #6414 ) ;
#7322 = PRESENTATION_STYLE_ASSIGNMENT (( #10904 ) ) ;
#7323 = LINE ( 'NONE', #1714, #2227 ) ;
#7324 = AXIS2_PLACEMENT_3D ( 'NONE', #5831, #2890, #4899 ) ;
#7325 = EDGE_LOOP ( 'NONE', ( #9035, #9421, #11761, #7517 ) ) ;
#7326 = VERTEX_POINT ( 'NONE', #2858 ) ;
#7327 = CARTESIAN_POINT ( 'NONE',  ( -0.4201314051773617497, -0.6250000000000000000, 0.6821402598423972341 ) ) ;
#7328 = EDGE_CURVE ( 'NONE', #10044, #2312, #5624, .T. ) ;
#7329 = STYLED_ITEM ( 'NONE', ( #9444 ), #9391 ) ;
#7330 = STYLED_ITEM ( 'NONE', ( #3533 ), #4797 ) ;
#7331 = VECTOR ( 'NONE', #4045, 1000.000000000000000 ) ;
#7332 = CARTESIAN_POINT ( 'NONE',  ( -0.4214137732743094000, -0.6260000000000000009, 0.7016183914747199379 ) ) ;
#7333 = ORIENTED_EDGE ( 'NONE', *, *, #5781, .F. ) ;
#7334 =( NAMED_UNIT ( * ) SI_UNIT ( $, .STERADIAN. ) SOLID_ANGLE_UNIT ( ) );
#7335 = FILL_AREA_STYLE ('',( #5442 ) ) ;
#7336 =( NAMED_UNIT ( * ) PLANE_ANGLE_UNIT ( ) SI_UNIT ( $, .RADIAN. ) );
#7337 = ADVANCED_FACE ( 'NONE', ( #10235 ), #10018, .T. ) ;
#7338 = ORIENTED_EDGE ( 'NONE', *, *, #3830, .T. ) ;
#7339 = DIRECTION ( 'NONE',  ( -0.3559357243643078150, -0.0000000000000000000, 0.9345104387438672999 ) ) ;
#7340 = DIRECTION ( 'NONE',  ( 0.0000000000000000000, -1.000000000000000000, 0.0000000000000000000 ) ) ;
#7341 = VECTOR ( 'NONE', #2563, 1000.000000000000000 ) ;
#7342 = VECTOR ( 'NONE', #11475, 1000.000000000000114 ) ;
#7343 = CARTESIAN_POINT ( 'NONE',  ( -0.4003760047674415068, -0.6260000000000000009, 0.7140608278734577041 ) ) ;
#7344 = EDGE_LOOP ( 'NONE', ( #11593, #9067, #2015, #11090 ) ) ;
#7345 = VECTOR ( 'NONE', #5920, 1000.000000000000000 ) ;
#7346 = VECTOR ( 'NONE', #7741, 1000.000000000000000 ) ;
#7347 =( LENGTH_UNIT ( ) NAMED_UNIT ( * ) SI_UNIT ( .MILLI., .METRE. ) );
#7348 = MECHANICAL_DESIGN_GEOMETRIC_PRESENTATION_REPRESENTATION (  '', ( #4011 ), #9119 ) ;
#7349 = FILL_AREA_STYLE_COLOUR ( '', #9938 ) ;
#7350 =( LENGTH_UNIT ( ) NAMED_UNIT ( * ) SI_UNIT ( .MILLI., .METRE. ) );
#7351 = SURFACE_SIDE_STYLE ('',( #890 ) ) ;
#7352 = B_SPLINE_CURVE_WITH_KNOTS ( 'NONE', 3,
 ( #9262, #12097, #3660, #7406 ),
 .UNSPECIFIED., .F., .F.,
 ( 4, 4 ),
 ( 11.00000000000000000, 12.00000000000000000 ),
 .UNSPECIFIED. ) ;
#7353 = SURFACE_STYLE_USAGE ( .BOTH. , #6441 ) ;
#7354 = FILL_AREA_STYLE_COLOUR ( '', #3678 ) ;
#7355 = CARTESIAN_POINT ( 'NONE',  ( -0.2511707437757129124, -0.6260000000000000009, 0.6832839935504295692 ) ) ;
#7356 = B_SPLINE_SURFACE_WITH_KNOTS ( 'NONE', 3, 1, ( 
 ( #12013, #6643 ),
 ( #4670, #4613 ),
 ( #6415, #5721 ),
 ( #2773, #16 ) ),
 .UNSPECIFIED., .F., .F., .F.,
 ( 4, 4 ),
 ( 2, 2 ),
 ( 12.00000000000000000, 13.00000000000000000 ),
 ( 0.0000000000000000000, 1.000000000000000000 ),
 .UNSPECIFIED. ) ;
#7357 = EDGE_CURVE ( 'NONE', #8386, #3044, #1895, .T. ) ;
#7358 =( NAMED_UNIT ( * ) SI_UNIT ( $, .STERADIAN. ) SOLID_ANGLE_UNIT ( ) );
#7359 = CARTESIAN_POINT ( 'NONE',  ( -0.4205473083438770465, -0.6250000000000000000, 0.8443424947878321873 ) ) ;
#7360 = CARTESIAN_POINT ( 'NONE',  ( -0.5607814577652890931, -0.6250000000000000000, 0.7500462736077881942 ) ) ;
#7361 = ORIENTED_EDGE ( 'NONE', *, *, #7624, .F. ) ;
#7362 = COLOUR_RGB ( '',0.0000000000000000000, 0.0000000000000000000, 0.0000000000000000000 ) ;
#7363 = CARTESIAN_POINT ( 'NONE',  ( -0.2384856971967789230, -0.6260000000000000009, 0.8586218368384853639 ) ) ;
#7364 = LINE ( 'NONE', #4705, #4041 ) ;
#7365 = ADVANCED_FACE ( 'NONE', ( #6660 ), #11192, .F. ) ;
#7366 = FACE_OUTER_BOUND ( 'NONE', #1352, .T. ) ;
#7367 = LINE ( 'NONE', #2752, #6341 ) ;
#7368 = CARTESIAN_POINT ( 'NONE',  ( -0.2193714808352166534, -0.6260000000000000009, 0.7432780253219375410 ) ) ;
#7369 = PRESENTATION_STYLE_ASSIGNMENT (( #9031 ) ) ;
#7370 = VECTOR ( 'NONE', #11312, 1000.000000000000000 ) ;
#7371 = CARTESIAN_POINT ( 'NONE',  ( -0.8181671676918732539, -0.6260000000000000009, 0.7071486652459895161 ) ) ;
#7372 = SURFACE_STYLE_FILL_AREA ( #5470 ) ;
#7373 = ORIENTED_EDGE ( 'NONE', *, *, #4671, .T. ) ;
#7374 = PLANE ( 'NONE',  #150 ) ;
#7375 = CARTESIAN_POINT ( 'NONE',  ( -0.8080452418693617744, -0.6250000000000000000, 0.7606502015892858681 ) ) ;
#7376 =( NAMED_UNIT ( * ) PLANE_ANGLE_UNIT ( ) SI_UNIT ( $, .RADIAN. ) );
#7377 = ADVANCED_BREP_SHAPE_REPRESENTATION ( 'FILTER-SMD_3P-L2.0-W1.3_ANT2012LL13R2400A', ( #11529, #7418, #3255, #3391, #5672 ), #2545 ) ;
#7378 = ORIENTED_EDGE ( 'NONE', *, *, #7578, .F. ) ;
#7379 = EDGE_LOOP ( 'NONE', ( #3530, #1459, #2177, #938, #8353, #2187, #2861, #1373, #7634, #2748, #10394, #2878, #5843, #6718, #1758, #11240, #6716, #10224, #1827, #7795, #2681, #4685, #1947, #5579, #3092, #10705, #11734, #3977, #6159, #9126, #820, #10577, #5993 ) ) ;
#7380 = EDGE_CURVE ( 'NONE', #11208, #1199, #9146, .T. ) ;
#7381 = PRESENTATION_LAYER_ASSIGNMENT (  '', '', ( #8744 ) ) ;
#7382 = STYLED_ITEM ( 'NONE', ( #6637 ), #2649 ) ;
#7383 = DIRECTION ( 'NONE',  ( 0.0000000000000000000, 0.0000000000000000000, -1.000000000000000000 ) ) ;
#7384 = EDGE_CURVE ( 'NONE', #8420, #5772, #1363, .T. ) ;
#7385 = LINE ( 'NONE', #8233, #3246 ) ;
#7386 = DIRECTION ( 'NONE',  ( -1.000000000000000000, 0.0000000000000000000, -0.0000000000000000000 ) ) ;
#7387 = STYLED_ITEM ( 'NONE', ( #1619 ), #1799 ) ;
#7388 = UNCERTAINTY_MEASURE_WITH_UNIT (LENGTH_MEASURE( 1.000000000000000082E-05 ), #5099, 'distance_accuracy_value', 'NONE');
#7389 = ORIENTED_EDGE ( 'NONE', *, *, #10770, .T. ) ;
#7390 = EDGE_LOOP ( 'NONE', ( #313, #6825, #6960, #2258 ) ) ;
#7391 = CARTESIAN_POINT ( 'NONE',  ( -0.3360669776432839151, -0.6260000000000000009, 0.7985584878726350588 ) ) ;
#7392 =( NAMED_UNIT ( * ) PLANE_ANGLE_UNIT ( ) SI_UNIT ( $, .RADIAN. ) );
#7393 = ORIENTED_EDGE ( 'NONE', *, *, #3097, .F. ) ;
#7394 = LINE ( 'NONE', #7572, #7876 ) ;
#7395 = EDGE_CURVE ( 'NONE', #1405, #12021, #4931, .T. ) ;
#7396 = VERTEX_POINT ( 'NONE', #11723 ) ;
#7397 = CARTESIAN_POINT ( 'NONE',  ( -0.3042677147027854634, -0.6250000000000000000, 0.8508236524662153855 ) ) ;
#7398 = CARTESIAN_POINT ( 'NONE',  ( -0.1498983227263293860, -0.6260000000000000009, 0.7387724076841534204 ) ) ;
#7399 = SURFACE_SIDE_STYLE ('',( #9314 ) ) ;
#7400 = VERTEX_POINT ( 'NONE', #3281 ) ;
#7401 =( LENGTH_UNIT ( ) NAMED_UNIT ( * ) SI_UNIT ( .MILLI., .METRE. ) );
#7402 = SURFACE_SIDE_STYLE ('',( #10239 ) ) ;
#7403 = LINE ( 'NONE', #2800, #898 ) ;
#7404 = FILL_AREA_STYLE ('',( #2801 ) ) ;
#7405 =( NAMED_UNIT ( * ) SI_UNIT ( $, .STERADIAN. ) SOLID_ANGLE_UNIT ( ) );
#7406 = CARTESIAN_POINT ( 'NONE',  ( -0.3623035357315868010, -0.6250000000000000000, 0.7259140681193632094 ) ) ;
#7407 = FILL_AREA_STYLE_COLOUR ( '', #1589 ) ;
#7408 =( LENGTH_UNIT ( ) NAMED_UNIT ( * ) SI_UNIT ( .MILLI., .METRE. ) );
#7409 = SURFACE_SIDE_STYLE ('',( #6621 ) ) ;
#7410 = FILL_AREA_STYLE ('',( #11984 ) ) ;
#7411 = ORIENTED_EDGE ( 'NONE', *, *, #3382, .T. ) ;
#7412 = B_SPLINE_CURVE_WITH_KNOTS ( 'NONE', 3,
 ( #8183, #5608, #9292, #7207 ),
 .UNSPECIFIED., .F., .F.,
 ( 4, 4 ),
 ( 16.00000000000000000, 17.00000000000000000 ),
 .UNSPECIFIED. ) ;
#7413 = PRESENTATION_STYLE_ASSIGNMENT (( #11307 ) ) ;
#7414 = CARTESIAN_POINT ( 'NONE',  ( 0.4000000000000000777, 0.6250000000000001110, 0.0000000000000000000 ) ) ;
#7415 =( NAMED_UNIT ( * ) SI_UNIT ( $, .STERADIAN. ) SOLID_ANGLE_UNIT ( ) );
#7416 = CARTESIAN_POINT ( 'NONE',  ( -0.3366908323930571378, -0.6250000000000000000, 0.6677569419997686495 ) ) ;
#7417 =( NAMED_UNIT ( * ) PLANE_ANGLE_UNIT ( ) SI_UNIT ( $, .RADIAN. ) );
#7418 = MANIFOLD_SOLID_BREP ( '͹̨-����2[2]', #11041 ) ;
#7419 = CARTESIAN_POINT ( 'NONE',  ( -0.4666259133354898614, -0.6260000000000000009, 0.7138182176927964084 ) ) ;
#7420 = ORIENTED_EDGE ( 'NONE', *, *, #7757, .T. ) ;
#7421 = FACE_OUTER_BOUND ( 'NONE', #10263, .T. ) ;
#7422 =( GEOMETRIC_REPRESENTATION_CONTEXT ( 3 ) GLOBAL_UNCERTAINTY_ASSIGNED_CONTEXT ( ( #4869 ) ) GLOBAL_UNIT_ASSIGNED_CONTEXT ( ( #674, #1706, #6352 ) ) REPRESENTATION_CONTEXT ( 'NONE', 'WORKASPACE' ) );
#7423 = DIRECTION ( 'NONE',  ( 0.0000000000000000000, 0.0000000000000000000, 1.000000000000000000 ) ) ;
#7424 = STYLED_ITEM ( 'NONE', ( #9176 ), #11676 ) ;
#7425 = EDGE_CURVE ( 'NONE', #764, #11824, #2310, .T. ) ;
#7426 = ORIENTED_EDGE ( 'NONE', *, *, #4384, .T. ) ;
#7427 = STYLED_ITEM ( 'NONE', ( #1809 ), #10865 ) ;
#7428 = ORIENTED_EDGE ( 'NONE', *, *, #3314, .T. ) ;
#7429 = UNCERTAINTY_MEASURE_WITH_UNIT (LENGTH_MEASURE( 1.000000000000000082E-05 ), #8536, 'distance_accuracy_value', 'NONE');
#7430 = ADVANCED_FACE ( 'NONE', ( #7698 ), #6054, .F. ) ;
#7431 = SURFACE_SIDE_STYLE ('',( #1923 ) ) ;
#7432 = FACE_OUTER_BOUND ( 'NONE', #7161, .T. ) ;
#7433 = PRESENTATION_LAYER_ASSIGNMENT (  '', '', ( #9207 ) ) ;
#7434 = LINE ( 'NONE', #11198, #1327 ) ;
#7435 = CARTESIAN_POINT ( 'NONE',  ( -0.6976682230208381963, -0.6260000000000000009, 0.7317304581778040218 ) ) ;
#7436 = DIRECTION ( 'NONE',  ( -0.0000000000000000000, 1.000000000000000000, -0.0000000000000000000 ) ) ;
#7437 = DIRECTION ( 'NONE',  ( -0.0000000000000000000, 1.000000000000000000, -0.0000000000000000000 ) ) ;
#7438 = CARTESIAN_POINT ( 'NONE',  ( -0.3722678824295896360, -0.6260000000000000009, 0.6821402598423972341 ) ) ;
#7439 = CARTESIAN_POINT ( 'NONE',  ( -0.3494971840623221637, -0.6260000000000000009, 0.6885174417292678761 ) ) ;
#7440 = ORIENTED_EDGE ( 'NONE', *, *, #8641, .F. ) ;
#7441 = EDGE_LOOP ( 'NONE', ( #5622, #2535, #1174, #10364 ) ) ;
#7442 = CARTESIAN_POINT ( 'NONE',  ( -0.3145093301779258166, -0.6260000000000000009, 0.7985584878726350588 ) ) ;
#7443 = B_SPLINE_SURFACE_WITH_KNOTS ( 'NONE', 3, 1, ( 
 ( #3931, #8525 ),
 ( #7676, #9414 ),
 ( #9656, #4909 ),
 ( #4054, #7561 ) ),
 .UNSPECIFIED., .F., .F., .F.,
 ( 4, 4 ),
 ( 2, 2 ),
 ( 3.000000000000000000, 4.000000000000000000 ),
 ( 0.0000000000000000000, 1.000000000000000000 ),
 .UNSPECIFIED. ) ;
#7444 = CARTESIAN_POINT ( 'NONE',  ( -0.4214137732743094000, -0.6250000000000000000, 0.7016183914747199379 ) ) ;
#7445 = SURFACE_SIDE_STYLE ('',( #10113 ) ) ;
#7446 = DIRECTION ( 'NONE',  ( 0.0000000000000000000, -0.0000000000000000000, -1.000000000000000000 ) ) ;
#7447 = ORIENTED_EDGE ( 'NONE', *, *, #124, .F. ) ;
#7448 = SURFACE_STYLE_USAGE ( .BOTH. , #3765 ) ;
#7449 = DIRECTION ( 'NONE',  ( 1.000000000000000000, -5.872761767629818971E-16, -0.0000000000000000000 ) ) ;
#7450 = CARTESIAN_POINT ( 'NONE',  ( -0.5607814577652890931, -0.6250000000000000000, 0.7500462736077881942 ) ) ;
#7451 = ORIENTED_EDGE ( 'NONE', *, *, #5867, .F. ) ;
#7452 = CARTESIAN_POINT ( 'NONE',  ( -0.8080452418693617744, -0.6250000000000000000, 0.7606502015892858681 ) ) ;
#7453 = CARTESIAN_POINT ( 'NONE',  ( -0.3055847413962120007, -0.6260000000000000009, 0.7317020538534013685 ) ) ;
#7454 = EDGE_CURVE ( 'NONE', #8722, #2908, #11068, .T. ) ;
#7455 = CARTESIAN_POINT ( 'NONE',  ( -0.3650415649111056760, -0.6250000000000000000, 0.7259140681193632094 ) ) ;
#7456 = ORIENTED_EDGE ( 'NONE', *, *, #10669, .T. ) ;
#7457 = CARTESIAN_POINT ( 'NONE',  ( -0.2453480994445046692, -0.6260000000000000009, 0.8170315201860705034 ) ) ;
#7458 = FACE_OUTER_BOUND ( 'NONE', #2625, .T. ) ;
#7459 = CARTESIAN_POINT ( 'NONE',  ( -0.1697403696298703801, -0.6250000000000000000, 0.6832839935504295692 ) ) ;
#7460 =( GEOMETRIC_REPRESENTATION_CONTEXT ( 3 ) GLOBAL_UNCERTAINTY_ASSIGNED_CONTEXT ( ( #10660 ) ) GLOBAL_UNIT_ASSIGNED_CONTEXT ( ( #2317, #9817, #5194 ) ) REPRESENTATION_CONTEXT ( 'NONE', 'WORKASPACE' ) );
#7461 = DIRECTION ( 'NONE',  ( -0.0000000000000000000, 1.000000000000000000, -0.0000000000000000000 ) ) ;
#7462 = FACE_OUTER_BOUND ( 'NONE', #10559, .T. ) ;
#7463 = DIRECTION ( 'NONE',  ( 1.000000000000000000, -0.0000000000000000000, -0.0000000000000000000 ) ) ;
#7464 = CARTESIAN_POINT ( 'NONE',  ( -0.2352104597604162683, -0.6250000000000000000, 0.8452089597180334479 ) ) ;
#7465 = CARTESIAN_POINT ( 'NONE',  ( -0.4266298921543317801, -0.6260000000000000009, 0.6859527055353747960 ) ) ;
#7466 = PLANE ( 'NONE',  #8216 ) ;
#7467 = EDGE_CURVE ( 'NONE', #10750, #2297, #978, .T. ) ;
#7468 = ORIENTED_EDGE ( 'NONE', *, *, #3753, .F. ) ;
#7469 = VECTOR ( 'NONE', #2247, 1000.000000000000000 ) ;
#7470 =( NAMED_UNIT ( * ) SI_UNIT ( $, .STERADIAN. ) SOLID_ANGLE_UNIT ( ) );
#7471 = COLOUR_RGB ( '',0.0000000000000000000, 0.0000000000000000000, 0.0000000000000000000 ) ;
#7472 = ADVANCED_FACE ( 'NONE', ( #4601 ), #10152, .F. ) ;
#7473 = DIRECTION ( 'NONE',  ( 1.000000000000000000, -0.0000000000000000000, -0.0000000000000000000 ) ) ;
#7474 = DIRECTION ( 'NONE',  ( -0.0000000000000000000, -0.0000000000000000000, 1.000000000000000000 ) ) ;
#7475 = DIRECTION ( 'NONE',  ( -0.3416038306815501469, 0.0000000000000000000, 0.9398440417769805544 ) ) ;
#7476 = CARTESIAN_POINT ( 'NONE',  ( -0.7550257306683993974, -0.6250000000000000000, 0.6512371686718249064 ) ) ;
#7477 = DIRECTION ( 'NONE',  ( -0.0000000000000000000, 1.000000000000000000, -0.0000000000000000000 ) ) ;
#7478 = DIRECTION ( 'NONE',  ( 1.000000000000000000, -0.0000000000000000000, -0.0000000000000000000 ) ) ;
#7479 = CARTESIAN_POINT ( 'NONE',  ( -0.7342999090408477425, -0.6260000000000000009, 0.7177525564541258341 ) ) ;
#7480 = DIRECTION ( 'NONE',  ( -0.0000000000000000000, -0.0000000000000000000, 1.000000000000000000 ) ) ;
#7481 = FILL_AREA_STYLE_COLOUR ( '', #3523 ) ;
#7482 = EDGE_LOOP ( 'NONE', ( #1216, #9026, #5941, #8253 ) ) ;
#7483 =( LENGTH_UNIT ( ) NAMED_UNIT ( * ) SI_UNIT ( .MILLI., .METRE. ) );
#7484 = VECTOR ( 'NONE', #9947, 1000.000000000000000 ) ;
#7485 = EDGE_CURVE ( 'NONE', #2032, #204, #5786, .T. ) ;
#7486 = EDGE_LOOP ( 'NONE', ( #3022, #9691 ) ) ;
#7487 = ORIENTED_EDGE ( 'NONE', *, *, #5181, .T. ) ;
#7488 = DIRECTION ( 'NONE',  ( -0.0000000000000000000, 1.000000000000000000, -0.0000000000000000000 ) ) ;
#7489 = STYLED_ITEM ( 'NONE', ( #7142 ), #97 ) ;
#7490 = CARTESIAN_POINT ( 'NONE',  ( -0.3684727660349682576, -0.6250000000000000000, 0.7137835590956266296 ) ) ;
#7491 = CARTESIAN_POINT ( 'NONE',  ( -0.3860966627165586806, -0.6260000000000000009, 0.8478430131062688613 ) ) ;
#7492 = CARTESIAN_POINT ( 'NONE',  ( -0.1923724336084561837, -0.6250000000000000000, 0.7093472586526470280 ) ) ;
#7493 = LINE ( 'NONE', #6642, #5671 ) ;
#7494 = FACE_OUTER_BOUND ( 'NONE', #1241, .T. ) ;
#7495 =( NAMED_UNIT ( * ) PLANE_ANGLE_UNIT ( ) SI_UNIT ( $, .RADIAN. ) );
#7496 = STYLED_ITEM ( 'NONE', ( #9595 ), #4498 ) ;
#7497 = UNCERTAINTY_MEASURE_WITH_UNIT (LENGTH_MEASURE( 1.000000000000000082E-05 ), #6071, 'distance_accuracy_value', 'NONE');
#7498 = COLOUR_RGB ( '',0.0000000000000000000, 0.0000000000000000000, 0.0000000000000000000 ) ;
#7499 = ORIENTED_EDGE ( 'NONE', *, *, #8178, .T. ) ;
#7500 = ORIENTED_EDGE ( 'NONE', *, *, #727, .F. ) ;
#7501 = LINE ( 'NONE', #2052, #10987 ) ;
#7502 = STYLED_ITEM ( 'NONE', ( #4885 ), #4727 ) ;
#7503 = ADVANCED_FACE ( 'NONE', ( #1700 ), #1027, .F. ) ;
#7504 = MECHANICAL_DESIGN_GEOMETRIC_PRESENTATION_REPRESENTATION (  '', ( #9293 ), #2239 ) ;
#7505 = SURFACE_STYLE_USAGE ( .BOTH. , #6708 ) ;
#7506 = FACE_OUTER_BOUND ( 'NONE', #1776, .T. ) ;
#7507 = CARTESIAN_POINT ( 'NONE',  ( -0.6330807979073170833, -0.6250000000000000000, 0.7654701588243789656 ) ) ;
#7508 = PRESENTATION_LAYER_ASSIGNMENT (  '', '', ( #10476 ) ) ;
#7509 = EDGE_LOOP ( 'NONE', ( #11658, #3061, #11439, #11209 ) ) ;
#7510 = CARTESIAN_POINT ( 'NONE',  ( -0.4307889238197114001, -0.6260000000000000009, 0.6962463089071945221 ) ) ;
#7511 = CARTESIAN_POINT ( 'NONE',  ( -0.4205473083438770465, -0.6250000000000000000, 0.8443424947878321873 ) ) ;
#7512 = CARTESIAN_POINT ( 'NONE',  ( -0.3042677147027854634, -0.6260000000000000009, 0.8508236524662153855 ) ) ;
#7513 = ORIENTED_EDGE ( 'NONE', *, *, #8269, .F. ) ;
#7514 = CARTESIAN_POINT ( 'NONE',  ( -0.7810534841100098546, -0.6260000000000000009, 0.8377694897730677548 ) ) ;
#7515 = UNCERTAINTY_MEASURE_WITH_UNIT (LENGTH_MEASURE( 1.000000000000000082E-05 ), #10388, 'distance_accuracy_value', 'NONE');
#7516 = SURFACE_STYLE_USAGE ( .BOTH. , #8550 ) ;
#7517 = ORIENTED_EDGE ( 'NONE', *, *, #10677, .T. ) ;
#7518 = B_SPLINE_CURVE_WITH_KNOTS ( 'NONE', 3,
 ( #9416, #4548, #8462, #8402 ),
 .UNSPECIFIED., .F., .F.,
 ( 4, 4 ),
 ( 14.00000000000000000, 15.00000000000000000 ),
 .UNSPECIFIED. ) ;
#7519 = PRESENTATION_LAYER_ASSIGNMENT (  '', '', ( #5368 ) ) ;
#7520 = CARTESIAN_POINT ( 'NONE',  ( -0.7564717049682050387, -0.6260000000000000009, 0.8377694897730677548 ) ) ;
#7521 =( NAMED_UNIT ( * ) SI_UNIT ( $, .STERADIAN. ) SOLID_ANGLE_UNIT ( ) );
#7522 = FACE_OUTER_BOUND ( 'NONE', #7441, .T. ) ;
#7523 = LINE ( 'NONE', #9443, #985 ) ;
#7524 = PRESENTATION_LAYER_ASSIGNMENT (  '', '', ( #1683 ) ) ;
#7525 = MECHANICAL_DESIGN_GEOMETRIC_PRESENTATION_REPRESENTATION (  '', ( #4208 ), #4397 ) ;
#7526 = EDGE_CURVE ( 'NONE', #8600, #3447, #1561, .T. ) ;
#7527 = DIRECTION ( 'NONE',  ( -0.3385350342956598424, 0.0000000000000000000, -0.9409537876827088754 ) ) ;
#7528 = SURFACE_STYLE_FILL_AREA ( #4882 ) ;
#7529 = CARTESIAN_POINT ( 'NONE',  ( -0.6046430612512586622, -0.6260000000000000009, 0.8517473662148278279 ) ) ;
#7530 = STYLED_ITEM ( 'NONE', ( #3146 ), #7418 ) ;
#7531 = LINE ( 'NONE', #4640, #5959 ) ;
#7532 = MECHANICAL_DESIGN_GEOMETRIC_PRESENTATION_REPRESENTATION (  '', ( #11684 ), #5975 ) ;
#7533 = CARTESIAN_POINT ( 'NONE',  ( -0.3328090695052753345, -0.6250000000000000000, 0.6677569419997686495 ) ) ;
#7534 = VERTEX_POINT ( 'NONE', #7245 ) ;
#7535 = ORIENTED_EDGE ( 'NONE', *, *, #861, .T. ) ;
#7536 = DIRECTION ( 'NONE',  ( -0.0000000000000000000, 1.000000000000000000, -0.0000000000000000000 ) ) ;
#7537 = COLOUR_RGB ( '',0.0000000000000000000, 0.0000000000000000000, 0.0000000000000000000 ) ;
#7538 = STYLED_ITEM ( 'NONE', ( #5337 ), #7586 ) ;
#7539 =( NAMED_UNIT ( * ) PLANE_ANGLE_UNIT ( ) SI_UNIT ( $, .RADIAN. ) );
#7540 = COLOUR_RGB ( '',0.0000000000000000000, 0.0000000000000000000, 0.0000000000000000000 ) ;
#7541 = FACE_OUTER_BOUND ( 'NONE', #825, .T. ) ;
#7542 =( NAMED_UNIT ( * ) PLANE_ANGLE_UNIT ( ) SI_UNIT ( $, .RADIAN. ) );
#7543 = CARTESIAN_POINT ( 'NONE',  ( -0.3585777365315390153, -0.6260000000000000009, 0.7002320475860265292 ) ) ;
#7544 = CARTESIAN_POINT ( 'NONE',  ( -0.8181671676918732539, -0.6250000000000000000, 0.7071486652459895161 ) ) ;
#7545 = ORIENTED_EDGE ( 'NONE', *, *, #383, .T. ) ;
#7546 = CARTESIAN_POINT ( 'NONE',  ( -0.7444218210733498653, -0.6250000000000000000, 0.7177525564541258341 ) ) ;
#7547 =( GEOMETRIC_REPRESENTATION_CONTEXT ( 3 ) GLOBAL_UNCERTAINTY_ASSIGNED_CONTEXT ( ( #3688 ) ) GLOBAL_UNIT_ASSIGNED_CONTEXT ( ( #10082, #9212, #5408 ) ) REPRESENTATION_CONTEXT ( 'NONE', 'WORKASPACE' ) );
#7548 = VECTOR ( 'NONE', #11512, 1000.000000000000000 ) ;
#7549 = EDGE_CURVE ( 'NONE', #4603, #2467, #8113, .T. ) ;
#7550 = ADVANCED_FACE ( 'NONE', ( #11754 ), #6214, .F. ) ;
#7551 = ORIENTED_EDGE ( 'NONE', *, *, #6230, .F. ) ;
#7552 = VERTEX_POINT ( 'NONE', #7188 ) ;
#7553 = UNCERTAINTY_MEASURE_WITH_UNIT (LENGTH_MEASURE( 1.000000000000000082E-05 ), #5720, 'distance_accuracy_value', 'NONE');
#7554 = CARTESIAN_POINT ( 'NONE',  ( -0.4048642931061782746, -0.6260000000000000009, 0.7896858869866756336 ) ) ;
#7555 = COLOUR_RGB ( '',0.0000000000000000000, 0.0000000000000000000, 0.0000000000000000000 ) ;
#7556 = DIRECTION ( 'NONE',  ( 0.0000000000000000000, 0.0000000000000000000, -1.000000000000000000 ) ) ;
#7557 = CARTESIAN_POINT ( 'NONE',  ( -0.7280339591190378989, -0.6260000000000000009, 0.8580133115399676269 ) ) ;
#7558 = MECHANICAL_DESIGN_GEOMETRIC_PRESENTATION_REPRESENTATION (  '', ( #8522 ), #9140 ) ;
#7559 = LINE ( 'NONE', #1926, #7548 ) ;
#7560 = CARTESIAN_POINT ( 'NONE',  ( -0.5607814577652890931, -0.6260000000000000009, 0.7500462736077881942 ) ) ;
#7561 = CARTESIAN_POINT ( 'NONE',  ( -0.1933948622259264172, -0.6250000000000000000, 0.7420996330167346500 ) ) ;
#7562 = CARTESIAN_POINT ( 'NONE',  ( -0.4389163648655687311, -0.6250000000000000000, 0.6910128607283587687 ) ) ;
#7563 = CARTESIAN_POINT ( 'NONE',  ( -0.1604518655769359148, -0.6260000000000000009, 0.7094858930413312503 ) ) ;
#7564 = COLOUR_RGB ( '',0.0000000000000000000, 0.0000000000000000000, 0.0000000000000000000 ) ;
#7565 = VERTEX_POINT ( 'NONE', #6275 ) ;
#7566 = UNCERTAINTY_MEASURE_WITH_UNIT (LENGTH_MEASURE( 1.000000000000000082E-05 ), #3573, 'distance_accuracy_value', 'NONE');
#7567 = ORIENTED_EDGE ( 'NONE', *, *, #3280, .T. ) ;
#7568 = EDGE_CURVE ( 'NONE', #3158, #7899, #4151, .T. ) ;
#7569 = VECTOR ( 'NONE', #1033, 1000.000000000000000 ) ;
#7570 = FILL_AREA_STYLE_COLOUR ( '', #3787 ) ;
#7571 = EDGE_LOOP ( 'NONE', ( #5248, #2581, #6928, #6509 ) ) ;
#7572 = CARTESIAN_POINT ( 'NONE',  ( -0.3614717293985583169, -0.6260000000000000009, 0.7107336025408754754 ) ) ;
#7573 =( NAMED_UNIT ( * ) SI_UNIT ( $, .STERADIAN. ) SOLID_ANGLE_UNIT ( ) );
#7574 = DIRECTION ( 'NONE',  ( -0.0000000000000000000, -0.0000000000000000000, -1.000000000000000000 ) ) ;
#7575 = VERTEX_POINT ( 'NONE', #9907 ) ;
#7576 = CARTESIAN_POINT ( 'NONE',  ( -0.8157571752843170154, -0.6260000000000000009, 0.8146336941246392627 ) ) ;
#7577 = CARTESIAN_POINT ( 'NONE',  ( -0.1498983227263293860, -0.6250000000000000000, 0.7387724076841534204 ) ) ;
#7578 = EDGE_CURVE ( 'NONE', #2338, #11285, #4297, .T. ) ;
#7579 = ORIENTED_EDGE ( 'NONE', *, *, #9564, .T. ) ;
#7580 = SURFACE_STYLE_USAGE ( .BOTH. , #7399 ) ;
#7581 = UNCERTAINTY_MEASURE_WITH_UNIT (LENGTH_MEASURE( 1.000000000000000082E-05 ), #1028, 'distance_accuracy_value', 'NONE');
#7582 = VERTEX_POINT ( 'NONE', #8904 ) ;
#7583 = EDGE_CURVE ( 'NONE', #8990, #2946, #3376, .T. ) ;
#7584 = CARTESIAN_POINT ( 'NONE',  ( -0.3211117929468702004, -0.6260000000000000009, 0.6953105267821917401 ) ) ;
#7585 = VECTOR ( 'NONE', #7111, 1000.000000000000000 ) ;
#7586 = ADVANCED_FACE ( 'NONE', ( #10023 ), #7129, .F. ) ;
#7587 = SURFACE_STYLE_USAGE ( .BOTH. , #3152 ) ;
#7588 = SURFACE_STYLE_USAGE ( .BOTH. , #10432 ) ;
#7589 =( LENGTH_UNIT ( ) NAMED_UNIT ( * ) SI_UNIT ( .MILLI., .METRE. ) );
#7590 = DIRECTION ( 'NONE',  ( -1.000000000000000000, -0.0000000000000000000, -0.0000000000000000000 ) ) ;
#7591 = PLANE ( 'NONE',  #2140 ) ;
#7592 = B_SPLINE_CURVE_WITH_KNOTS ( 'NONE', 3,
 ( #3163, #10617, #2323, #3958 ),
 .UNSPECIFIED., .F., .F.,
 ( 4, 4 ),
 ( 0.0000000000000000000, 1.000000000000000000 ),
 .UNSPECIFIED. ) ;
#7593 = FACE_OUTER_BOUND ( 'NONE', #4903, .T. ) ;
#7594 = CARTESIAN_POINT ( 'NONE',  ( -0.3573473563305798462, -0.6250000000000000000, 0.7328111289642612602 ) ) ;
#7595 = CARTESIAN_POINT ( 'NONE',  ( -0.1794101182516885662, -0.6250000000000000000, 0.6832839935504295692 ) ) ;
#7596 = SURFACE_STYLE_FILL_AREA ( #1063 ) ;
#7597 = ORIENTED_EDGE ( 'NONE', *, *, #4023, .F. ) ;
#7598 = ORIENTED_EDGE ( 'NONE', *, *, #9582, .T. ) ;
#7599 = CARTESIAN_POINT ( 'NONE',  ( -0.7342999090408477425, -0.6260000000000000009, 0.7177525564541258341 ) ) ;
#7600 = EDGE_CURVE ( 'NONE', #8848, #5411, #167, .T. ) ;
#7601 = CARTESIAN_POINT ( 'NONE',  ( -0.4270631246196632258, -0.6250000000000000000, 0.8497838945496974938 ) ) ;
#7602 = EDGE_CURVE ( 'NONE', #8242, #2297, #8507, .T. ) ;
#7603 = CARTESIAN_POINT ( 'NONE',  ( -0.3188069962322234718, -0.6250000000000000000, 0.6952412095878495180 ) ) ;
#7604 = PLANE ( 'NONE',  #6587 ) ;
#7605 = SURFACE_STYLE_FILL_AREA ( #11013 ) ;
#7606 = EDGE_LOOP ( 'NONE', ( #8214, #3638, #8798, #6037 ) ) ;
#7607 = CARTESIAN_POINT ( 'NONE',  ( -0.7530977404195974279, -0.6260000000000000009, 0.7095586254768568857 ) ) ;
#7608 = VERTEX_POINT ( 'NONE', #11308 ) ;
#7609 = ORIENTED_EDGE ( 'NONE', *, *, #8358, .F. ) ;
#7610 = CARTESIAN_POINT ( 'NONE',  ( -0.3689926449932274255, -0.6250000000000000000, 0.7241118210641562802 ) ) ;
#7611 =( GEOMETRIC_REPRESENTATION_CONTEXT ( 3 ) GLOBAL_UNCERTAINTY_ASSIGNED_CONTEXT ( ( #10843 ) ) GLOBAL_UNIT_ASSIGNED_CONTEXT ( ( #7961, #9690, #3228 ) ) REPRESENTATION_CONTEXT ( 'NONE', 'WORKASPACE' ) );
#7612 = CARTESIAN_POINT ( 'NONE',  ( -0.3614717293985583169, -0.6260000000000000009, 0.7107336025408754754 ) ) ;
#7613 = CARTESIAN_POINT ( 'NONE',  ( -0.3715747104854764671, -0.6260000000000000009, 0.7193982518438081231 ) ) ;
#7614 = SURFACE_SIDE_STYLE ('',( #3876 ) ) ;
#7615 = CARTESIAN_POINT ( 'NONE',  ( -0.6181389378325995443, -0.6250000000000000000, 0.7399243799617344353 ) ) ;
#7616 = MECHANICAL_DESIGN_GEOMETRIC_PRESENTATION_REPRESENTATION (  '', ( #9004 ), #1219 ) ;
#7617 = FILL_AREA_STYLE_COLOUR ( '', #6927 ) ;
#7618 = DIRECTION ( 'NONE',  ( -1.000000000000000000, -0.0000000000000000000, -0.0000000000000000000 ) ) ;
#7619 = STYLED_ITEM ( 'NONE', ( #9518 ), #10939 ) ;
#7620 =( LENGTH_UNIT ( ) NAMED_UNIT ( * ) SI_UNIT ( .MILLI., .METRE. ) );
#7621 = UNCERTAINTY_MEASURE_WITH_UNIT (LENGTH_MEASURE( 1.000000000000000082E-05 ), #9431, 'distance_accuracy_value', 'NONE');
#7622 = ORIENTED_EDGE ( 'NONE', *, *, #3896, .T. ) ;
#7623 = ORIENTED_EDGE ( 'NONE', *, *, #8697, .F. ) ;
#7624 = EDGE_CURVE ( 'NONE', #4963, #7565, #12047, .T. ) ;
#7625 =( GEOMETRIC_REPRESENTATION_CONTEXT ( 3 ) GLOBAL_UNCERTAINTY_ASSIGNED_CONTEXT ( ( #7998 ) ) GLOBAL_UNIT_ASSIGNED_CONTEXT ( ( #6925, #2282, #9773 ) ) REPRESENTATION_CONTEXT ( 'NONE', 'WORKASPACE' ) );
#7626 = DIRECTION ( 'NONE',  ( -1.000000000000000000, 0.0000000000000000000, 0.0000000000000000000 ) ) ;
#7627 = FILL_AREA_STYLE ('',( #2850 ) ) ;
#7628 =( LENGTH_UNIT ( ) NAMED_UNIT ( * ) SI_UNIT ( .MILLI., .METRE. ) );
#7629 = VERTEX_POINT ( 'NONE', #9340 ) ;
#7630 = VECTOR ( 'NONE', #8991, 1000.000000000000000 ) ;
#7631 = CARTESIAN_POINT ( 'NONE',  ( -0.5786152848262988702, -0.6250000000000000000, 0.8136697035971394154 ) ) ;
#7632 = CARTESIAN_POINT ( 'NONE',  ( -0.2851015104450040916, -0.6260000000000000009, 0.7939835530409711239 ) ) ;
#7633 = CARTESIAN_POINT ( 'NONE',  ( -1.000000000000000000, -0.6250000000000000000, 1.000000000000000000 ) ) ;
#7634 = ORIENTED_EDGE ( 'NONE', *, *, #8368, .F. ) ;
#7635 = CARTESIAN_POINT ( 'NONE',  ( -0.7791254984578782627, -0.6250000000000000000, 0.7163065913478932067 ) ) ;
#7636 = UNCERTAINTY_MEASURE_WITH_UNIT (LENGTH_MEASURE( 1.000000000000000082E-05 ), #8737, 'distance_accuracy_value', 'NONE');
#7637 = VERTEX_POINT ( 'NONE', #11127 ) ;
#7638 = ORIENTED_EDGE ( 'NONE', *, *, #308, .F. ) ;
#7639 = FILL_AREA_STYLE ('',( #3895 ) ) ;
#7640 = LINE ( 'NONE', #2978, #1741 ) ;
#7641 = CARTESIAN_POINT ( 'NONE',  ( -0.2002052765774352261, -0.6260000000000000009, 0.6864379258962327590 ) ) ;
#7642 = CARTESIAN_POINT ( 'NONE',  ( -0.3860966627165586806, -0.6260000000000000009, 0.8569928827695967311 ) ) ;
#7643 = CARTESIAN_POINT ( 'NONE',  ( -0.4666259133354898614, -0.6260000000000000009, 0.7985584878726350588 ) ) ;
#7644 = CARTESIAN_POINT ( 'NONE',  ( -0.3637765261129762284, -0.6250000000000000000, 0.8508236524662153855 ) ) ;
#7645 = EDGE_CURVE ( 'NONE', #603, #3353, #4886, .T. ) ;
#7646 = CARTESIAN_POINT ( 'NONE',  ( -0.7342999090408477425, -0.6260000000000000009, 0.7177525564541258341 ) ) ;
#7647 = B_SPLINE_CURVE_WITH_KNOTS ( 'NONE', 3,
 ( #6491, #891, #3657, #4574 ),
 .UNSPECIFIED., .F., .F.,
 ( 4, 4 ),
 ( 8.000000000000000000, 9.000000000000000000 ),
 .UNSPECIFIED. ) ;
#7648 = ADVANCED_FACE ( 'NONE', ( #4527 ), #3432, .F. ) ;
#7649 = DIRECTION ( 'NONE',  ( -0.0000000000000000000, -0.0000000000000000000, -1.000000000000000000 ) ) ;
#7650 = CARTESIAN_POINT ( 'NONE',  ( -0.4035992543080488826, -0.6260000000000000009, 0.7974840713589456120 ) ) ;
#7651 = DIRECTION ( 'NONE',  ( 1.000000000000000000, 0.0000000000000000000, 0.0000000000000000000 ) ) ;
#7652 = ORIENTED_EDGE ( 'NONE', *, *, #6043, .F. ) ;
#7653 = ORIENTED_EDGE ( 'NONE', *, *, #8347, .T. ) ;
#7654 = CARTESIAN_POINT ( 'NONE',  ( -0.6856183391259830229, -0.6260000000000000009, 0.6994367410241408844 ) ) ;
#7655 = MECHANICAL_DESIGN_GEOMETRIC_PRESENTATION_REPRESENTATION (  '', ( #2576 ), #3726 ) ;
#7656 = FILL_AREA_STYLE_COLOUR ( '', #5549 ) ;
#7657 = FILL_AREA_STYLE_COLOUR ( '', #11023 ) ;
#7658 = CARTESIAN_POINT ( 'NONE',  ( -0.4423822245866041447, -0.6260000000000000009, 0.7138182176927964084 ) ) ;
#7659 = EDGE_CURVE ( 'NONE', #6512, #11751, #6450, .T. ) ;
#7660 = PRESENTATION_STYLE_ASSIGNMENT (( #5650 ) ) ;
#7661 = CARTESIAN_POINT ( 'NONE',  ( -0.5940391516564406116, -0.6250000000000000000, 0.6830488790696001011 ) ) ;
#7662 = SURFACE_STYLE_USAGE ( .BOTH. , #229 ) ;
#7663 = EDGE_LOOP ( 'NONE', ( #11843, #2612, #10764, #561 ) ) ;
#7664 =( NAMED_UNIT ( * ) PLANE_ANGLE_UNIT ( ) SI_UNIT ( $, .RADIAN. ) );
#7665 = COLOUR_RGB ( '',0.7529411764705882248, 0.7529411764705882248, 0.7529411764705882248 ) ;
#7666 = ORIENTED_EDGE ( 'NONE', *, *, #10467, .T. ) ;
#7667 = ORIENTED_EDGE ( 'NONE', *, *, #2225, .F. ) ;
#7668 = UNCERTAINTY_MEASURE_WITH_UNIT (LENGTH_MEASURE( 1.000000000000000082E-05 ), #963, 'distance_accuracy_value', 'NONE');
#7669 = FACE_OUTER_BOUND ( 'NONE', #6599, .T. ) ;
#7670 = DIRECTION ( 'NONE',  ( -0.0000000000000000000, 1.000000000000000000, -0.0000000000000000000 ) ) ;
#7671 = SURFACE_SIDE_STYLE ('',( #2229 ) ) ;
#7672 = CARTESIAN_POINT ( 'NONE',  ( -0.3697204755347439642, -0.6250000000000000000, 0.7148926342064860773 ) ) ;
#7673 = VECTOR ( 'NONE', #10145, 1000.000000000000000 ) ;
#7674 = EDGE_CURVE ( 'NONE', #3196, #1051, #2281, .T. ) ;
#7675 = MECHANICAL_DESIGN_GEOMETRIC_PRESENTATION_REPRESENTATION (  '', ( #7287 ), #1830 ) ;
#7676 = CARTESIAN_POINT ( 'NONE',  ( -0.1831705760484461654, -0.6260000000000000009, 0.7280975597434504731 ) ) ;
#7677 = CARTESIAN_POINT ( 'NONE',  ( -0.3623035357315868010, -0.6250000000000000000, 0.7259140681193632094 ) ) ;
#7678 = EDGE_CURVE ( 'NONE', #7552, #5819, #12090, .T. ) ;
#7679 = DIRECTION ( 'NONE',  ( -1.000000000000000000, 0.0000000000000000000, -0.0000000000000000000 ) ) ;
#7680 = FILL_AREA_STYLE ('',( #242 ) ) ;
#7681 = ORIENTED_EDGE ( 'NONE', *, *, #6948, .T. ) ;
#7682 = ORIENTED_EDGE ( 'NONE', *, *, #11661, .F. ) ;
#7683 = UNCERTAINTY_MEASURE_WITH_UNIT (LENGTH_MEASURE( 1.000000000000000082E-05 ), #11722, 'distance_accuracy_value', 'NONE');
#7684 = ORIENTED_EDGE ( 'NONE', *, *, #1289, .F. ) ;
#7685 = VECTOR ( 'NONE', #5752, 1000.000000000000000 ) ;
#7686 =( NAMED_UNIT ( * ) PLANE_ANGLE_UNIT ( ) SI_UNIT ( $, .RADIAN. ) );
#7687 =( GEOMETRIC_REPRESENTATION_CONTEXT ( 3 ) GLOBAL_UNCERTAINTY_ASSIGNED_CONTEXT ( ( #11252 ) ) GLOBAL_UNIT_ASSIGNED_CONTEXT ( ( #9547, #10718, #445 ) ) REPRESENTATION_CONTEXT ( 'NONE', 'WORKASPACE' ) );
#7688 = DIRECTION ( 'NONE',  ( 0.0000000000000000000, -0.0000000000000000000, 1.000000000000000000 ) ) ;
#7689 = CARTESIAN_POINT ( 'NONE',  ( -0.7506877526084801966, -0.6260000000000000009, 0.8088497739416035115 ) ) ;
#7690 = DIRECTION ( 'NONE',  ( -0.0000000000000000000, 1.000000000000000000, -0.0000000000000000000 ) ) ;
#7691 = AXIS2_PLACEMENT_3D ( 'NONE', #11535, #9554, #7697 ) ;
#7692 =( NAMED_UNIT ( * ) PLANE_ANGLE_UNIT ( ) SI_UNIT ( $, .RADIAN. ) );
#7693 = VECTOR ( 'NONE', #558, 1000.000000000000000 ) ;
#7694 = PRESENTATION_STYLE_ASSIGNMENT (( #4860 ) ) ;
#7695 = DIRECTION ( 'NONE',  ( -0.3416038306902437482, 0.0000000000000000000, 0.9398440417738206376 ) ) ;
#7696 = EDGE_LOOP ( 'NONE', ( #6562, #6176, #5805, #7732 ) ) ;
#7697 = DIRECTION ( 'NONE',  ( 1.000000000000000000, 0.0000000000000000000, -0.0000000000000000000 ) ) ;
#7698 = FACE_OUTER_BOUND ( 'NONE', #12089, .T. ) ;
#7699 = ADVANCED_FACE ( 'NONE', ( #2750 ), #9636, .T. ) ;
#7700 = ORIENTED_EDGE ( 'NONE', *, *, #8567, .F. ) ;
#7701 = CARTESIAN_POINT ( 'NONE',  ( -0.3188069962322234718, -0.6260000000000000009, 0.6952412095878495180 ) ) ;
#7702 = UNCERTAINTY_MEASURE_WITH_UNIT (LENGTH_MEASURE( 1.000000000000000082E-05 ), #5808, 'distance_accuracy_value', 'NONE');
#7703 = EDGE_LOOP ( 'NONE', ( #9558, #5996, #11360, #2374 ) ) ;
#7704 =( NAMED_UNIT ( * ) PLANE_ANGLE_UNIT ( ) SI_UNIT ( $, .RADIAN. ) );
#7705 =( GEOMETRIC_REPRESENTATION_CONTEXT ( 3 ) GLOBAL_UNCERTAINTY_ASSIGNED_CONTEXT ( ( #5548 ) ) GLOBAL_UNIT_ASSIGNED_CONTEXT ( ( #6062, #8875, #5132 ) ) REPRESENTATION_CONTEXT ( 'NONE', 'WORKASPACE' ) );
#7706 = LINE ( 'NONE', #3847, #8844 ) ;
#7707 = SURFACE_STYLE_USAGE ( .BOTH. , #2130 ) ;
#7708 = SURFACE_STYLE_FILL_AREA ( #265 ) ;
#7709 = DIRECTION ( 'NONE',  ( -1.000000000000000000, 0.0000000000000000000, -0.0000000000000000000 ) ) ;
#7710 = PLANE ( 'NONE',  #3576 ) ;
#7711 = CARTESIAN_POINT ( 'NONE',  ( -0.2291278759499620621, -0.6260000000000000009, 0.8586218368384853639 ) ) ;
#7712 =( LENGTH_UNIT ( ) NAMED_UNIT ( * ) SI_UNIT ( .MILLI., .METRE. ) );
#7713 = CARTESIAN_POINT ( 'NONE',  ( -0.6046430612512586622, -0.6260000000000000009, 0.8517473662148278279 ) ) ;
#7714 = CARTESIAN_POINT ( 'NONE',  ( -0.3395328373643193842, -0.6260000000000000009, 0.8291273706121738973 ) ) ;
#7715 = DIRECTION ( 'NONE',  ( -1.000000000000000000, -0.0000000000000000000, -0.0000000000000000000 ) ) ;
#7716 = ORIENTED_EDGE ( 'NONE', *, *, #2825, .T. ) ;
#7717 = MECHANICAL_DESIGN_GEOMETRIC_PRESENTATION_REPRESENTATION (  '', ( #3818 ), #1082 ) ;
#7718 = ORIENTED_EDGE ( 'NONE', *, *, #11740, .F. ) ;
#7719 = CARTESIAN_POINT ( 'NONE',  ( -0.7444218210733498653, -0.6260000000000000009, 0.7177525564541258341 ) ) ;
#7720 = VECTOR ( 'NONE', #11924, 1000.000000000000000 ) ;
#7721 =( GEOMETRIC_REPRESENTATION_CONTEXT ( 3 ) GLOBAL_UNCERTAINTY_ASSIGNED_CONTEXT ( ( #3521 ) ) GLOBAL_UNIT_ASSIGNED_CONTEXT ( ( #11537, #2188, #1302 ) ) REPRESENTATION_CONTEXT ( 'NONE', 'WORKASPACE' ) );
#7722 = CARTESIAN_POINT ( 'NONE',  ( -0.3563942449072202701, -0.6260000000000000009, 0.6956224541571924824 ) ) ;
#7723 = CARTESIAN_POINT ( 'NONE',  ( -0.6701944722960717638, -0.6250000000000000000, 0.8768111452172836495 ) ) ;
#7724 = CARTESIAN_POINT ( 'NONE',  ( -0.3614717293985583169, -0.6250000000000000000, 0.6821402598423972341 ) ) ;
#7725 = CARTESIAN_POINT ( 'NONE',  ( -0.3188069962322234718, -0.6260000000000000009, 0.6952412095878495180 ) ) ;
#7726 = EDGE_CURVE ( 'NONE', #6769, #6706, #4892, .T. ) ;
#7727 = FILL_AREA_STYLE ('',( #8894 ) ) ;
#7728 = LINE ( 'NONE', #3067, #6459 ) ;
#7729 = ORIENTED_EDGE ( 'NONE', *, *, #308, .T. ) ;
#7730 = VERTEX_POINT ( 'NONE', #3968 ) ;
#7731 = B_SPLINE_CURVE_WITH_KNOTS ( 'NONE', 3,
 ( #5481, #3808, #5602, #6409 ),
 .UNSPECIFIED., .F., .F.,
 ( 4, 4 ),
 ( 17.00000000000000000, 18.00000000000000000 ),
 .UNSPECIFIED. ) ;
#7732 = ORIENTED_EDGE ( 'NONE', *, *, #2161, .T. ) ;
#7733 = COLOUR_RGB ( '',0.0000000000000000000, 0.0000000000000000000, 0.0000000000000000000 ) ;
#7734 = VECTOR ( 'NONE', #9486, 1000.000000000000000 ) ;
#7735 = CARTESIAN_POINT ( 'NONE',  ( -0.4276696500706181348, -0.6260000000000000009, 0.8239632396281396653 ) ) ;
#7736 = ADVANCED_FACE ( 'NONE', ( #5821 ), #2019, .T. ) ;
#7737 = COLOUR_RGB ( '',0.0000000000000000000, 0.0000000000000000000, 0.0000000000000000000 ) ;
#7738 = EDGE_CURVE ( 'NONE', #6179, #10750, #3911, .T. ) ;
#7739 = PRESENTATION_STYLE_ASSIGNMENT (( #9781 ) ) ;
#7740 =( LENGTH_UNIT ( ) NAMED_UNIT ( * ) SI_UNIT ( .MILLI., .METRE. ) );
#7741 = DIRECTION ( 'NONE',  ( -0.0000000000000000000, 1.000000000000000000, -0.0000000000000000000 ) ) ;
#7742 = PRESENTATION_LAYER_ASSIGNMENT (  '', '', ( #6188 ) ) ;
#7743 = CARTESIAN_POINT ( 'NONE',  ( -0.3689926449932274255, -0.6260000000000000009, 0.7241118210641562802 ) ) ;
#7744 = CARTESIAN_POINT ( 'NONE',  ( -0.3795288585452459840, -0.6260000000000000009, 0.7130903871512798142 ) ) ;
#7745 = FILL_AREA_STYLE ('',( #3815 ) ) ;
#7746 = COLOUR_RGB ( '',0.7529411764705882248, 0.7529411764705882248, 0.7529411764705882248 ) ;
#7747 = SURFACE_STYLE_FILL_AREA ( #5663 ) ;
#7748 = LINE ( 'NONE', #9731, #2422 ) ;
#7749 = ORIENTED_EDGE ( 'NONE', *, *, #8423, .F. ) ;
#7750 = ORIENTED_EDGE ( 'NONE', *, *, #10526, .T. ) ;
#7751 = ORIENTED_EDGE ( 'NONE', *, *, #9544, .T. ) ;
#7752 = DIRECTION ( 'NONE',  ( -0.0000000000000000000, 1.000000000000000000, -0.0000000000000000000 ) ) ;
#7753 =( GEOMETRIC_REPRESENTATION_CONTEXT ( 3 ) GLOBAL_UNCERTAINTY_ASSIGNED_CONTEXT ( ( #11140 ) ) GLOBAL_UNIT_ASSIGNED_CONTEXT ( ( #10637, #4108, #7009 ) ) REPRESENTATION_CONTEXT ( 'NONE', 'WORKASPACE' ) );
#7754 = PRESENTATION_LAYER_ASSIGNMENT (  '', '', ( #3051 ) ) ;
#7755 = EDGE_CURVE ( 'NONE', #8986, #9309, #6739, .T. ) ;
#7756 = CARTESIAN_POINT ( 'NONE',  ( -0.3531363367694426714, -0.6250000000000000000, 0.6859873641325445748 ) ) ;
#7757 = EDGE_CURVE ( 'NONE', #6692, #2733, #3286, .T. ) ;
#7758 = LINE ( 'NONE', #6835, #6163 ) ;
#7759 = FILL_AREA_STYLE_COLOUR ( '', #10833 ) ;
#7760 = SURFACE_SIDE_STYLE ('',( #8608 ) ) ;
#7761 = PRESENTATION_LAYER_ASSIGNMENT (  '', '', ( #944 ) ) ;
#7762 = ORIENTED_EDGE ( 'NONE', *, *, #4239, .T. ) ;
#7763 = CARTESIAN_POINT ( 'NONE',  ( -0.5308977192294062064, -0.6260000000000000009, 0.7336584300399252578 ) ) ;
#7764 = FILL_AREA_STYLE_COLOUR ( '', #1871 ) ;
#7765 = ORIENTED_EDGE ( 'NONE', *, *, #207, .F. ) ;
#7766 = ORIENTED_EDGE ( 'NONE', *, *, #9485, .F. ) ;
#7767 =( LENGTH_UNIT ( ) NAMED_UNIT ( * ) SI_UNIT ( .MILLI., .METRE. ) );
#7768 = SURFACE_STYLE_FILL_AREA ( #9495 ) ;
#7769 = PRESENTATION_LAYER_ASSIGNMENT (  '', '', ( #8163 ) ) ;
#7770 =( GEOMETRIC_REPRESENTATION_CONTEXT ( 3 ) GLOBAL_UNCERTAINTY_ASSIGNED_CONTEXT ( ( #5249 ) ) GLOBAL_UNIT_ASSIGNED_CONTEXT ( ( #10936, #1559, #11990 ) ) REPRESENTATION_CONTEXT ( 'NONE', 'WORKASPACE' ) );
#7771 =( NAMED_UNIT ( * ) PLANE_ANGLE_UNIT ( ) SI_UNIT ( $, .RADIAN. ) );
#7772 =( NAMED_UNIT ( * ) SI_UNIT ( $, .STERADIAN. ) SOLID_ANGLE_UNIT ( ) );
#7773 = EDGE_CURVE ( 'NONE', #4540, #6420, #1966, .T. ) ;
#7774 = SURFACE_SIDE_STYLE ('',( #4080 ) ) ;
#7775 = ORIENTED_EDGE ( 'NONE', *, *, #6230, .T. ) ;
#7776 = FILL_AREA_STYLE_COLOUR ( '', #6565 ) ;
#7777 = CARTESIAN_POINT ( 'NONE',  ( -0.2960536271635385019, -0.6250000000000000000, 0.7985584878726350588 ) ) ;
#7778 = CARTESIAN_POINT ( 'NONE',  ( -0.1280807357821902026, -0.6260000000000000009, 0.6832839935504295692 ) ) ;
#7779 = FILL_AREA_STYLE_COLOUR ( '', #8389 ) ;
#7780 = VECTOR ( 'NONE', #5999, 1000.000000000000000 ) ;
#7781 = ORIENTED_EDGE ( 'NONE', *, *, #3402, .T. ) ;
#7782 = ORIENTED_EDGE ( 'NONE', *, *, #1266, .F. ) ;
#7783 = CARTESIAN_POINT ( 'NONE',  ( -0.5925931681630641767, -0.6260000000000000009, 0.6830488790696001011 ) ) ;
#7784 =( NAMED_UNIT ( * ) PLANE_ANGLE_UNIT ( ) SI_UNIT ( $, .RADIAN. ) );
#7785 = LINE ( 'NONE', #4036, #12002 ) ;
#7786 = STYLED_ITEM ( 'NONE', ( #5743 ), #2501 ) ;
#7787 = FILL_AREA_STYLE ('',( #7657 ) ) ;
#7788 = CARTESIAN_POINT ( 'NONE',  ( -0.1632245533543178750, -0.6260000000000000009, 0.7018263430577441619 ) ) ;
#7789 = CARTESIAN_POINT ( 'NONE',  ( -0.3860966627165586806, -0.6250000000000000000, 0.8020243475939006217 ) ) ;
#7790 = DIRECTION ( 'NONE',  ( 1.000000000000000000, 0.0000000000000000000, 0.0000000000000000000 ) ) ;
#7791 = CARTESIAN_POINT ( 'NONE',  ( -0.8157571752843170154, -0.6250000000000000000, 0.8146336941246392627 ) ) ;
#7792 = ORIENTED_EDGE ( 'NONE', *, *, #6292, .T. ) ;
#7793 = VERTEX_POINT ( 'NONE', #1192 ) ;
#7794 = SURFACE_SIDE_STYLE ('',( #10629 ) ) ;
#7795 = ORIENTED_EDGE ( 'NONE', *, *, #10744, .F. ) ;
#7796 = FILL_AREA_STYLE ('',( #5036 ) ) ;
#7797 = DIRECTION ( 'NONE',  ( 1.000000000000000000, 0.0000000000000000000, 0.0000000000000000000 ) ) ;
#7798 = CARTESIAN_POINT ( 'NONE',  ( -0.7251419921325151785, -0.6250000000000000000, 0.8286115728649656731 ) ) ;
#7799 = CARTESIAN_POINT ( 'NONE',  ( -0.6856183391259830229, -0.6250000000000000000, 0.6729269762302051427 ) ) ;
#7800 = SURFACE_STYLE_USAGE ( .BOTH. , #9590 ) ;
#7801 = FACE_OUTER_BOUND ( 'NONE', #927, .T. ) ;
#7802 = EDGE_CURVE ( 'NONE', #3893, #8076, #10866, .T. ) ;
#7803 = PRESENTATION_STYLE_ASSIGNMENT (( #9852 ) ) ;
#7804 = CARTESIAN_POINT ( 'NONE',  ( -0.2680668099160172235, -0.6250000000000000000, 0.8255921936970281871 ) ) ;
#7805 = CARTESIAN_POINT ( 'NONE',  ( -0.1349951259261358005, -0.6250000000000000000, 0.7018263430577441619 ) ) ;
#7806 = EDGE_CURVE ( 'NONE', #7268, #10905, #5328, .T. ) ;
#7807 = VERTEX_POINT ( 'NONE', #7052 ) ;
#7808 = VECTOR ( 'NONE', #8573, 1000.000000000000000 ) ;
#7809 = VERTEX_POINT ( 'NONE', #5209 ) ;
#7810 = UNCERTAINTY_MEASURE_WITH_UNIT (LENGTH_MEASURE( 1.000000000000000082E-05 ), #7221, 'distance_accuracy_value', 'NONE');
#7811 = CARTESIAN_POINT ( 'NONE',  ( -0.4003760047674415068, -0.6260000000000000009, 0.7140608278734577041 ) ) ;
#7812 = COLOUR_RGB ( '',0.0000000000000000000, 0.0000000000000000000, 0.0000000000000000000 ) ;
#7813 = EDGE_CURVE ( 'NONE', #6063, #3557, #7975, .T. ) ;
#7814 = PRESENTATION_LAYER_ASSIGNMENT (  '', '', ( #11565 ) ) ;
#7815 = CARTESIAN_POINT ( 'NONE',  ( -0.4666259133354898614, -0.6250000000000000000, 0.7985584878726350588 ) ) ;
#7816 = LINE ( 'NONE', #11586, #2600 ) ;
#7817 = CARTESIAN_POINT ( 'NONE',  ( 0.4000000000000000777, 0.6250000000000001110, -0.01000000000000000021 ) ) ;
#7818 = CARTESIAN_POINT ( 'NONE',  ( -0.1947812061141550311, -0.6250000000000000000, 0.7027621251827497195 ) ) ;
#7819 = CARTESIAN_POINT ( 'NONE',  ( -0.3672423858340090885, -0.6250000000000000000, 0.6821402598423972341 ) ) ;
#7820 = DIRECTION ( 'NONE',  ( -1.000000000000000000, -0.0000000000000000000, -0.0000000000000000000 ) ) ;
#7821 = ORIENTED_EDGE ( 'NONE', *, *, #11332, .T. ) ;
#7822 = FILL_AREA_STYLE ('',( #6053 ) ) ;
#7823 = SURFACE_SIDE_STYLE ('',( #5124 ) ) ;
#7824 = VECTOR ( 'NONE', #1766, 1000.000000000000000 ) ;
#7825 = VERTEX_POINT ( 'NONE', #11802 ) ;
#7826 = UNCERTAINTY_MEASURE_WITH_UNIT (LENGTH_MEASURE( 1.000000000000000082E-05 ), #11348, 'distance_accuracy_value', 'NONE');
#7827 = ORIENTED_EDGE ( 'NONE', *, *, #7659, .F. ) ;
#7828 = LINE ( 'NONE', #871, #7630 ) ;
#7829 = MECHANICAL_DESIGN_GEOMETRIC_PRESENTATION_REPRESENTATION (  '', ( #1009 ), #10973 ) ;
#7830 = LINE ( 'NONE', #8806, #7780 ) ;
#7831 = COLOUR_RGB ( '',0.0000000000000000000, 0.0000000000000000000, 0.0000000000000000000 ) ;
#7832 = PRESENTATION_STYLE_ASSIGNMENT (( #3048 ) ) ;
#7833 = LINE ( 'NONE', #10372, #10888 ) ;
#7834 = SURFACE_STYLE_USAGE ( .BOTH. , #7774 ) ;
#7835 = PLANE ( 'NONE',  #1000 ) ;
#7836 = ORIENTED_EDGE ( 'NONE', *, *, #443, .F. ) ;
#7837 = SURFACE_SIDE_STYLE ('',( #2439 ) ) ;
#7838 = COLOUR_RGB ( '',0.0000000000000000000, 0.0000000000000000000, 0.0000000000000000000 ) ;
#7839 = SURFACE_STYLE_FILL_AREA ( #1316 ) ;
#7840 = CARTESIAN_POINT ( 'NONE',  ( -0.6701944722960717638, -0.6250000000000000000, 0.8768111452172836495 ) ) ;
#7841 = CARTESIAN_POINT ( 'NONE',  ( -0.3242657252929049272, -0.6250000000000000000, 0.6833879693419441237 ) ) ;
#7842 = CARTESIAN_POINT ( 'NONE',  ( -0.4212578095868090289, -0.6260000000000000009, 0.7313208092840556285 ) ) ;
#7843 = DIRECTION ( 'NONE',  ( -0.3409177962187289190, 0.0000000000000000000, -0.9400931103999036198 ) ) ;
#7844 = ORIENTED_EDGE ( 'NONE', *, *, #2574, .F. ) ;
#7845 = ORIENTED_EDGE ( 'NONE', *, *, #6498, .T. ) ;
#7846 = CARTESIAN_POINT ( 'NONE',  ( -0.7492417691153342441, -0.6250000000000000000, 0.8368054992455673524 ) ) ;
#7847 = FILL_AREA_STYLE ('',( #6806 ) ) ;
#7848 =( NAMED_UNIT ( * ) SI_UNIT ( $, .STERADIAN. ) SOLID_ANGLE_UNIT ( ) );
#7849 = CARTESIAN_POINT ( 'NONE',  ( -0.4003760047674415068, -0.6260000000000000009, 0.7029354181686063852 ) ) ;
#7850 = CARTESIAN_POINT ( 'NONE',  ( -0.6191029513436797638, -0.6250000000000000000, 0.7129325992190329586 ) ) ;
#7851 = CARTESIAN_POINT ( 'NONE',  ( -0.1831705760484461654, -0.6250000000000000000, 0.7180465665522892671 ) ) ;
#7852 = DIRECTION ( 'NONE',  ( 0.0000000000000000000, -0.0000000000000000000, 1.000000000000000000 ) ) ;
#7853 = SURFACE_STYLE_FILL_AREA ( #3369 ) ;
#7854 = EDGE_CURVE ( 'NONE', #4363, #11468, #10743, .T. ) ;
#7855 = ORIENTED_EDGE ( 'NONE', *, *, #11659, .T. ) ;
#7856 = B_SPLINE_CURVE_WITH_KNOTS ( 'NONE', 3,
 ( #719, #776, #8260, #10131 ),
 .UNSPECIFIED., .F., .F.,
 ( 4, 4 ),
 ( 5.000000000000000000, 6.000000000000000000 ),
 .UNSPECIFIED. ) ;
#7857 = VERTEX_POINT ( 'NONE', #5264 ) ;
#7858 = EDGE_CURVE ( 'NONE', #11099, #454, #6141, .T. ) ;
#7859 = VECTOR ( 'NONE', #4514, 1000.000000000000000 ) ;
#7860 = CARTESIAN_POINT ( 'NONE',  ( -0.7791254984578782627, -0.6260000000000000009, 0.7163065913478932067 ) ) ;
#7861 = CARTESIAN_POINT ( 'NONE',  ( -1.000000000000000000, 0.2249999999999997835, 0.0000000000000000000 ) ) ;
#7862 = DIRECTION ( 'NONE',  ( -0.0000000000000000000, 1.000000000000000000, -0.0000000000000000000 ) ) ;
#7863 = SURFACE_SIDE_STYLE ('',( #6096 ) ) ;
#7864 = CARTESIAN_POINT ( 'NONE',  ( -0.3637765261129762839, -0.6260000000000000009, 0.8508236524662153855 ) ) ;
#7865 = EDGE_CURVE ( 'NONE', #6874, #2220, #2515, .T. ) ;
#7866 = DIRECTION ( 'NONE',  ( 0.3667976789509241886, -0.0000000000000000000, 0.9303007377811837175 ) ) ;
#7867 = ORIENTED_EDGE ( 'NONE', *, *, #11815, .T. ) ;
#7868 = STYLED_ITEM ( 'NONE', ( #5869 ), #3332 ) ;
#7869 = FILL_AREA_STYLE ('',( #11704 ) ) ;
#7870 = DIRECTION ( 'NONE',  ( -0.0000000000000000000, 1.000000000000000000, -0.0000000000000000000 ) ) ;
#7871 = CARTESIAN_POINT ( 'NONE',  ( -0.4156951047343820371, -0.6250000000000000000, 0.7328111289642612602 ) ) ;
#7872 = EDGE_LOOP ( 'NONE', ( #1158, #4081, #10579, #9539 ) ) ;
#7873 = ORIENTED_EDGE ( 'NONE', *, *, #7674, .T. ) ;
#7874 = CARTESIAN_POINT ( 'NONE',  ( -0.4213617853783209188, -0.6260000000000000009, 0.6927457905887581813 ) ) ;
#7875 = VECTOR ( 'NONE', #4855, 1000.000000000000000 ) ;
#7876 = VECTOR ( 'NONE', #76, 1000.000000000000000 ) ;
#7877 = EDGE_CURVE ( 'NONE', #398, #1047, #7247, .T. ) ;
#7878 =( NAMED_UNIT ( * ) SI_UNIT ( $, .STERADIAN. ) SOLID_ANGLE_UNIT ( ) );
#7879 = DIRECTION ( 'NONE',  ( -0.0000000000000000000, 1.000000000000000000, -0.0000000000000000000 ) ) ;
#7880 = CARTESIAN_POINT ( 'NONE',  ( -0.4197155020108486179, -0.6250000000000000000, 0.6912901295057251039 ) ) ;
#7881 = LINE ( 'NONE', #3616, #4367 ) ;
#7882 = CARTESIAN_POINT ( 'NONE',  ( -0.5776513080885772311, -0.6260000000000000009, 0.7876419363652877870 ) ) ;
#7883 = LINE ( 'NONE', #3212, #8159 ) ;
#7884 = CARTESIAN_POINT ( 'NONE',  ( -0.2225947303758217810, -0.6250000000000000000, 0.8170315201860705034 ) ) ;
#7885 = ORIENTED_EDGE ( 'NONE', *, *, #3514, .F. ) ;
#7886 =( NAMED_UNIT ( * ) SI_UNIT ( $, .STERADIAN. ) SOLID_ANGLE_UNIT ( ) );
#7887 = VECTOR ( 'NONE', #769, 1000.000000000000000 ) ;
#7888 = UNCERTAINTY_MEASURE_WITH_UNIT (LENGTH_MEASURE( 1.000000000000000082E-05 ), #8443, 'distance_accuracy_value', 'NONE');
#7889 =( GEOMETRIC_REPRESENTATION_CONTEXT ( 3 ) GLOBAL_UNCERTAINTY_ASSIGNED_CONTEXT ( ( #8392 ) ) GLOBAL_UNIT_ASSIGNED_CONTEXT ( ( #1358, #5853, #316 ) ) REPRESENTATION_CONTEXT ( 'NONE', 'WORKASPACE' ) );
#7890 = ORIENTED_EDGE ( 'NONE', *, *, #3772, .T. ) ;
#7891 = CARTESIAN_POINT ( 'NONE',  ( -0.3193268751902511582, -0.6260000000000000009, 0.6935429383246171087 ) ) ;
#7892 = ORIENTED_EDGE ( 'NONE', *, *, #6225, .F. ) ;
#7893 = CARTESIAN_POINT ( 'NONE',  ( -0.1948505233089596611, -0.6260000000000000009, 0.7326378359779448513 ) ) ;
#7894 = EDGE_CURVE ( 'NONE', #568, #5772, #9891, .T. ) ;
#7895 = VECTOR ( 'NONE', #11282, 1000.000000000000000 ) ;
#7896 = CARTESIAN_POINT ( 'NONE',  ( -0.4221762624127674002, -0.6250000000000000000, 0.6946173548383072216 ) ) ;
#7897 = DIRECTION ( 'NONE',  ( -0.0000000000000000000, 1.000000000000000000, -0.0000000000000000000 ) ) ;
#7898 = DIRECTION ( 'NONE',  ( -0.0000000000000000000, 1.000000000000000000, -0.0000000000000000000 ) ) ;
#7899 = VERTEX_POINT ( 'NONE', #9834 ) ;
#7900 = CARTESIAN_POINT ( 'NONE',  ( -0.3779172337749439059, -0.6260000000000000009, 0.7109762127215346617 ) ) ;
#7901 = LINE ( 'NONE', #2985, #10097 ) ;
#7902 = CARTESIAN_POINT ( 'NONE',  ( -0.4201314051773617497, -0.6260000000000000009, 0.6821402598423972341 ) ) ;
#7903 = CARTESIAN_POINT ( 'NONE',  ( -0.4260580253005465945, -0.6250000000000000000, 0.7283055113269393255 ) ) ;
#7904 = ORIENTED_EDGE ( 'NONE', *, *, #8079, .F. ) ;
#7905 = ADVANCED_FACE ( 'NONE', ( #4339 ), #8410, .F. ) ;
#7906 = COLOUR_RGB ( '',0.0000000000000000000, 0.0000000000000000000, 0.0000000000000000000 ) ;
#7907 = ORIENTED_EDGE ( 'NONE', *, *, #10945, .T. ) ;
#7908 = STYLED_ITEM ( 'NONE', ( #6852 ), #519 ) ;
#7909 = CARTESIAN_POINT ( 'NONE',  ( -0.3664105795009806599, -0.6260000000000000009, 0.6890719792844680613 ) ) ;
#7910 = CARTESIAN_POINT ( 'NONE',  ( -0.2788802922454052813, -0.6260000000000000009, 0.7432780253219376521 ) ) ;
#7911 = ADVANCED_FACE ( 'NONE', ( #8029 ), #3362, .F. ) ;
#7912 = CARTESIAN_POINT ( 'NONE',  ( -0.4035992543080488826, -0.6250000000000000000, 0.7974840713589456120 ) ) ;
#7913 = PRESENTATION_STYLE_ASSIGNMENT (( #2999 ) ) ;
#7914 = FILL_AREA_STYLE ('',( #6921 ) ) ;
#7915 = VECTOR ( 'NONE', #1473, 1000.000000000000000 ) ;
#7916 = CARTESIAN_POINT ( 'NONE',  ( -0.6210309048191221537, -0.6260000000000000009, 0.6830488790695999901 ) ) ;
#7917 = PRESENTATION_STYLE_ASSIGNMENT (( #4959 ) ) ;
#7918 = VECTOR ( 'NONE', #8579, 1000.000000000000000 ) ;
#7919 = ORIENTED_EDGE ( 'NONE', *, *, #3938, .F. ) ;
#7920 = LINE ( 'NONE', #6027, #3405 ) ;
#7921 = VERTEX_POINT ( 'NONE', #11110 ) ;
#7922 = FILL_AREA_STYLE ('',( #4170 ) ) ;
#7923 = SURFACE_SIDE_STYLE ('',( #6031 ) ) ;
#7924 = CARTESIAN_POINT ( 'NONE',  ( -0.4093872400420847657, -0.6260000000000000009, 0.7328111289642612602 ) ) ;
#7925 =( LENGTH_UNIT ( ) NAMED_UNIT ( * ) SI_UNIT ( .MILLI., .METRE. ) );
#7926 = ADVANCED_FACE ( 'NONE', ( #2691 ), #11094, .F. ) ;
#7927 = CARTESIAN_POINT ( 'NONE',  ( -0.2197180668069255993, -0.6260000000000000009, 0.6832839935504295692 ) ) ;
#7928 = ADVANCED_FACE ( 'NONE', ( #6381 ), #9322, .F. ) ;
#7929 = EDGE_LOOP ( 'NONE', ( #5035, #1389, #5019, #11655 ) ) ;
#7930 = CARTESIAN_POINT ( 'NONE',  ( -0.1697403696298703801, -0.6260000000000000009, 0.6832839935504295692 ) ) ;
#7931 = STYLED_ITEM ( 'NONE', ( #11101 ), #9779 ) ;
#7932 = VECTOR ( 'NONE', #31, 1000.000000000000000 ) ;
#7933 = ORIENTED_EDGE ( 'NONE', *, *, #9260, .T. ) ;
#7934 = PRESENTATION_LAYER_ASSIGNMENT (  '', '', ( #11274 ) ) ;
#7935 = ORIENTED_EDGE ( 'NONE', *, *, #7678, .T. ) ;
#7936 = UNCERTAINTY_MEASURE_WITH_UNIT (LENGTH_MEASURE( 1.000000000000000082E-05 ), #11067, 'distance_accuracy_value', 'NONE');
#7937 =( NAMED_UNIT ( * ) SI_UNIT ( $, .STERADIAN. ) SOLID_ANGLE_UNIT ( ) );
#7938 =( GEOMETRIC_REPRESENTATION_CONTEXT ( 3 ) GLOBAL_UNCERTAINTY_ASSIGNED_CONTEXT ( ( #7810 ) ) GLOBAL_UNIT_ASSIGNED_CONTEXT ( ( #7221, #5438, #6536 ) ) REPRESENTATION_CONTEXT ( 'NONE', 'WORKASPACE' ) );
#7939 = B_SPLINE_CURVE_WITH_KNOTS ( 'NONE', 3,
 ( #4579, #3601, #11116, #6444 ),
 .UNSPECIFIED., .F., .F.,
 ( 4, 4 ),
 ( 2.000000000000000000, 3.000000000000000000 ),
 .UNSPECIFIED. ) ;
#7940 = CARTESIAN_POINT ( 'NONE',  ( -0.4197155020108486179, -0.6260000000000000009, 0.6912901295057251039 ) ) ;
#7941 = STYLED_ITEM ( 'NONE', ( #1330 ), #7699 ) ;
#7942 = CARTESIAN_POINT ( 'NONE',  ( -0.4020742760306735830, -0.6260000000000000009, 0.8518634103822715353 ) ) ;
#7943 = FACE_OUTER_BOUND ( 'NONE', #533, .T. ) ;
#7944 = PLANE ( 'NONE',  #1056 ) ;
#7945 = CARTESIAN_POINT ( 'NONE',  ( -0.2896591159785453784, -0.6250000000000000000, 0.8487094780364696778 ) ) ;
#7946 = CARTESIAN_POINT ( 'NONE',  ( -0.1923724336084561837, -0.6250000000000000000, 0.7178039563720904903 ) ) ;
#7947 =( NAMED_UNIT ( * ) SI_UNIT ( $, .STERADIAN. ) SOLID_ANGLE_UNIT ( ) );
#7948 = ORIENTED_EDGE ( 'NONE', *, *, #7485, .T. ) ;
#7949 =( NAMED_UNIT ( * ) PLANE_ANGLE_UNIT ( ) SI_UNIT ( $, .RADIAN. ) );
#7950 =( NAMED_UNIT ( * ) SI_UNIT ( $, .STERADIAN. ) SOLID_ANGLE_UNIT ( ) );
#7951 = MECHANICAL_DESIGN_GEOMETRIC_PRESENTATION_REPRESENTATION (  '', ( #4794 ), #943 ) ;
#7952 = ORIENTED_EDGE ( 'NONE', *, *, #4059, .T. ) ;
#7953 = SURFACE_SIDE_STYLE ('',( #4203 ) ) ;
#7954 = UNCERTAINTY_MEASURE_WITH_UNIT (LENGTH_MEASURE( 1.000000000000000082E-05 ), #4707, 'distance_accuracy_value', 'NONE');
#7955 = ORIENTED_EDGE ( 'NONE', *, *, #9205, .T. ) ;
#7956 =( GEOMETRIC_REPRESENTATION_CONTEXT ( 3 ) GLOBAL_UNCERTAINTY_ASSIGNED_CONTEXT ( ( #5921 ) ) GLOBAL_UNIT_ASSIGNED_CONTEXT ( ( #6616, #3594, #6107 ) ) REPRESENTATION_CONTEXT ( 'NONE', 'WORKASPACE' ) );
#7957 = FILL_AREA_STYLE_COLOUR ( '', #5491 ) ;
#7958 = MECHANICAL_DESIGN_GEOMETRIC_PRESENTATION_REPRESENTATION (  '', ( #11507 ), #12092 ) ;
#7959 = SURFACE_STYLE_USAGE ( .BOTH. , #4211 ) ;
#7960 = CARTESIAN_POINT ( 'NONE',  ( -0.2772686674751027036, -0.6260000000000000009, 0.8253495835163686678 ) ) ;
#7961 =( LENGTH_UNIT ( ) NAMED_UNIT ( * ) SI_UNIT ( .MILLI., .METRE. ) );
#7962 = EDGE_LOOP ( 'NONE', ( #4013, #4061, #3307, #4111 ) ) ;
#7963 = EDGE_CURVE ( 'NONE', #4616, #4043, #10834, .T. ) ;
#7964 = LINE ( 'NONE', #11793, #11650 ) ;
#7965 = CARTESIAN_POINT ( 'NONE',  ( -0.2788802922454052813, -0.6250000000000000000, 0.7432780253219376521 ) ) ;
#7966 = SURFACE_STYLE_USAGE ( .BOTH. , #821 ) ;
#7967 = ADVANCED_FACE ( 'NONE', ( #7021 ), #4499, .F. ) ;
#7968 =( NAMED_UNIT ( * ) SI_UNIT ( $, .STERADIAN. ) SOLID_ANGLE_UNIT ( ) );
#7969 = LINE ( 'NONE', #10798, #5871 ) ;
#7970 = EDGE_CURVE ( 'NONE', #2033, #2713, #7084, .T. ) ;
#7971 = ORIENTED_EDGE ( 'NONE', *, *, #1438, .F. ) ;
#7972 = ORIENTED_EDGE ( 'NONE', *, *, #2108, .T. ) ;
#7973 =( GEOMETRIC_REPRESENTATION_CONTEXT ( 3 ) GLOBAL_UNCERTAINTY_ASSIGNED_CONTEXT ( ( #5353 ) ) GLOBAL_UNIT_ASSIGNED_CONTEXT ( ( #6175, #8982, #6236 ) ) REPRESENTATION_CONTEXT ( 'NONE', 'WORKASPACE' ) );
#7974 = VECTOR ( 'NONE', #5806, 1000.000000000000000 ) ;
#7975 = LINE ( 'NONE', #2455, #4019 ) ;
#7976 =( NAMED_UNIT ( * ) SI_UNIT ( $, .STERADIAN. ) SOLID_ANGLE_UNIT ( ) );
#7977 = CARTESIAN_POINT ( 'NONE',  ( -0.2291278759499620621, -0.6250000000000000000, 0.8586218368384853639 ) ) ;
#7978 = CARTESIAN_POINT ( 'NONE',  ( -0.2190248948630434400, -0.6260000000000000009, 0.7510762096942074084 ) ) ;
#7979 = CARTESIAN_POINT ( 'NONE',  ( -0.4003760047674415068, -0.6260000000000000009, 0.6832839935504295692 ) ) ;
#7980 = MECHANICAL_DESIGN_GEOMETRIC_PRESENTATION_REPRESENTATION (  '', ( #8539 ), #3854 ) ;
#7981 = SURFACE_SIDE_STYLE ('',( #1334 ) ) ;
#7982 = VECTOR ( 'NONE', #1067, 1000.000000000000000 ) ;
#7983 = DIRECTION ( 'NONE',  ( -0.0000000000000000000, 0.0000000000000000000, 1.000000000000000000 ) ) ;
#7984 = ORIENTED_EDGE ( 'NONE', *, *, #3776, .T. ) ;
#7985 = CARTESIAN_POINT ( 'NONE',  ( -0.2047628821109766240, -0.6250000000000000000, 0.7411638508917295365 ) ) ;
#7986 = ORIENTED_EDGE ( 'NONE', *, *, #6830, .F. ) ;
#7987 = CARTESIAN_POINT ( 'NONE',  ( -0.4006012856492840446, -0.6250000000000000000, 0.6907702505476974730 ) ) ;
#7988 = CARTESIAN_POINT ( 'NONE',  ( -0.4132343443324636434, -0.6260000000000000009, 0.6891066378816378402 ) ) ;
#7989 = CARTESIAN_POINT ( 'NONE',  ( -1.000000000000000000, -0.6250000000000000000, 0.0000000000000000000 ) ) ;
#7990 = CARTESIAN_POINT ( 'NONE',  ( -0.4132343443324636434, -0.6260000000000000009, 0.6891066378816378402 ) ) ;
#7991 = FACE_OUTER_BOUND ( 'NONE', #5304, .T. ) ;
#7992 = CARTESIAN_POINT ( 'NONE',  ( -0.4270631246196632258, -0.6260000000000000009, 0.8497838945496974938 ) ) ;
#7993 = DIRECTION ( 'NONE',  ( -1.000000000000000000, 0.0000000000000000000, -0.0000000000000000000 ) ) ;
#7994 = VERTEX_POINT ( 'NONE', #4876 ) ;
#7995 = CARTESIAN_POINT ( 'NONE',  ( -0.3046662885702537404, -0.6250000000000000000, 0.7985584878726350588 ) ) ;
#7996 = LINE ( 'NONE', #793, #9025 ) ;
#7997 = CARTESIAN_POINT ( 'NONE',  ( -0.4254514998493583722, -0.6250000000000000000, 0.8094066287996558584 ) ) ;
#7999 = EDGE_LOOP ( 'NONE', ( #277, #5333, #7948, #7500 ) ) ;
#7998 = UNCERTAINTY_MEASURE_WITH_UNIT (LENGTH_MEASURE( 1.000000000000000082E-05 ), #6925, 'distance_accuracy_value', 'NONE');
#8000 = ORIENTED_EDGE ( 'NONE', *, *, #1404, .T. ) ;
#8001 = SURFACE_STYLE_FILL_AREA ( #12011 ) ;
#8002 = FILL_AREA_STYLE_COLOUR ( '', #2036 ) ;
#8003 = FACE_OUTER_BOUND ( 'NONE', #1911, .T. ) ;
#8004 = CARTESIAN_POINT ( 'NONE',  ( -0.7810534841100098546, -0.6260000000000000009, 0.8377694897730677548 ) ) ;
#8005 = VERTEX_POINT ( 'NONE', #1055 ) ;
#8006 = ADVANCED_FACE ( 'NONE', ( #4752 ), #152, .F. ) ;
#8007 = ORIENTED_EDGE ( 'NONE', *, *, #9776, .F. ) ;
#8008 = SURFACE_SIDE_STYLE ('',( #582 ) ) ;
#8009 = B_SPLINE_CURVE_WITH_KNOTS ( 'NONE', 3,
 ( #9032, #10941, #3917, #4895 ),
 .UNSPECIFIED., .F., .F.,
 ( 4, 4 ),
 ( 2.000000000000000000, 3.000000000000000000 ),
 .UNSPECIFIED. ) ;
#8010 = VERTEX_POINT ( 'NONE', #1637 ) ;
#8011 = ADVANCED_FACE ( 'NONE', ( #9043 ), #676, .F. ) ;
#8012 = CARTESIAN_POINT ( 'NONE',  ( -0.1933948622259264172, -0.6250000000000000000, 0.6927804491859308467 ) ) ;
#8013 = VECTOR ( 'NONE', #10277, 1000.000000000000000 ) ;
#8014 = SURFACE_STYLE_USAGE ( .BOTH. , #4268 ) ;
#8015 = DIRECTION ( 'NONE',  ( -0.0000000000000000000, -0.0000000000000000000, 1.000000000000000000 ) ) ;
#8016 =( NAMED_UNIT ( * ) SI_UNIT ( $, .STERADIAN. ) SOLID_ANGLE_UNIT ( ) );
#8017 = ORIENTED_EDGE ( 'NONE', *, *, #3677, .T. ) ;
#8018 = VECTOR ( 'NONE', #12064, 1000.000000000000000 ) ;
#8019 = CARTESIAN_POINT ( 'NONE',  ( -0.6171749610948783493, -0.6260000000000000009, 0.7124506108502888235 ) ) ;
#8020 = CARTESIAN_POINT ( 'NONE',  ( -0.8311810513080299945, -0.6260000000000000009, 0.7216085185650514822 ) ) ;
#8021 = DIRECTION ( 'NONE',  ( 0.0000000000000000000, 1.000000000000000000, 0.0000000000000000000 ) ) ;
#8022 = STYLED_ITEM ( 'NONE', ( #2466 ), #11853 ) ;
#8023 = SURFACE_STYLE_FILL_AREA ( #8198 ) ;
#8024 =( NAMED_UNIT ( * ) SI_UNIT ( $, .STERADIAN. ) SOLID_ANGLE_UNIT ( ) );
#8025 = DIRECTION ( 'NONE',  ( 0.0000000000000000000, 1.000000000000000000, 0.0000000000000000000 ) ) ;
#8026 = ORIENTED_EDGE ( 'NONE', *, *, #3875, .T. ) ;
#8027 = CARTESIAN_POINT ( 'NONE',  ( -0.3337621809286344110, -0.6260000000000000009, 0.7317020538534013685 ) ) ;
#8028 = MECHANICAL_DESIGN_GEOMETRIC_PRESENTATION_REPRESENTATION (  '', ( #5081 ), #6648 ) ;
#8029 = FACE_OUTER_BOUND ( 'NONE', #115, .T. ) ;
#8030 = CARTESIAN_POINT ( 'NONE',  ( -0.4040151574745620144, -0.6260000000000000009, 0.6930577179637618102 ) ) ;
#8031 = EDGE_CURVE ( 'NONE', #11536, #10267, #1578, .T. ) ;
#8032 = DIRECTION ( 'NONE',  ( 1.000000000000000000, -0.0000000000000000000, -0.0000000000000000000 ) ) ;
#8033 = CARTESIAN_POINT ( 'NONE',  ( -0.4093872400420847657, -0.6260000000000000009, 0.7328111289642612602 ) ) ;
#8034 = DIRECTION ( 'NONE',  ( -0.0000000000000000000, 1.000000000000000000, -0.0000000000000000000 ) ) ;
#8035 = FACE_OUTER_BOUND ( 'NONE', #4029, .T. ) ;
#8036 = CARTESIAN_POINT ( 'NONE',  ( -0.5925931681630641767, -0.6260000000000000009, 0.6830488790696001011 ) ) ;
#8037 = B_SPLINE_SURFACE_WITH_KNOTS ( 'NONE', 3, 1, ( 
 ( #4271, #7101 ),
 ( #10854, #6186 ),
 ( #9945, #6308 ),
 ( #5662, #4846 ) ),
 .UNSPECIFIED., .F., .F., .F.,
 ( 4, 4 ),
 ( 2, 2 ),
 ( 4.000000000000000000, 5.000000000000000000 ),
 ( 0.0000000000000000000, 1.000000000000000000 ),
 .UNSPECIFIED. ) ;
#8038 = CARTESIAN_POINT ( 'NONE',  ( -0.3232606259737883514, -0.6260000000000000009, 0.8586218368384853639 ) ) ;
#8039 = MECHANICAL_DESIGN_GEOMETRIC_PRESENTATION_REPRESENTATION (  '', ( #2551 ), #4889 ) ;
#8040 = EDGE_LOOP ( 'NONE', ( #3963, #6332, #9579, #276 ) ) ;
#8041 = B_SPLINE_CURVE_WITH_KNOTS ( 'NONE', 3,
 ( #3377, #6215, #9971, #5162 ),
 .UNSPECIFIED., .F., .F.,
 ( 4, 4 ),
 ( 16.00000000000000000, 17.00000000000000000 ),
 .UNSPECIFIED. ) ;
#8042 = CARTESIAN_POINT ( 'NONE',  ( -0.3860966627165586806, -0.6250000000000000000, 0.7936369670687982714 ) ) ;
#8043 = EDGE_CURVE ( 'NONE', #4807, #11281, #1413, .T. ) ;
#8044 = CARTESIAN_POINT ( 'NONE',  ( -0.6229588950679236792, -0.6260000000000000009, 0.8676532265853732495 ) ) ;
#8045 = CARTESIAN_POINT ( 'NONE',  ( -0.3918846484508255457, -0.6250000000000000000, 0.7144420724423385938 ) ) ;
#8046 = DIRECTION ( 'NONE',  ( -0.0000000000000000000, 1.000000000000000000, -0.0000000000000000000 ) ) ;
#8047 = VECTOR ( 'NONE', #8293, 1000.000000000000000 ) ;
#8048 = CARTESIAN_POINT ( 'NONE',  ( -0.6856183391259830229, -0.6250000000000000000, 0.6994367410241408844 ) ) ;
#8049 = CARTESIAN_POINT ( 'NONE',  ( -0.7429758283868642676, -0.6260000000000000009, 0.8449994256261689207 ) ) ;
#8050 = CARTESIAN_POINT ( 'NONE',  ( -0.3585777365315390153, -0.6250000000000000000, 0.7002320475860265292 ) ) ;
#8051 = ORIENTED_EDGE ( 'NONE', *, *, #8886, .T. ) ;
#8052 =( NAMED_UNIT ( * ) SI_UNIT ( $, .STERADIAN. ) SOLID_ANGLE_UNIT ( ) );
#8053 = SURFACE_STYLE_FILL_AREA ( #7311 ) ;
#8054 = ORIENTED_EDGE ( 'NONE', *, *, #5884, .T. ) ;
#8055 = ORIENTED_EDGE ( 'NONE', *, *, #6829, .T. ) ;
#8056 = UNCERTAINTY_MEASURE_WITH_UNIT (LENGTH_MEASURE( 1.000000000000000082E-05 ), #7483, 'distance_accuracy_value', 'NONE');
#8057 = CARTESIAN_POINT ( 'NONE',  ( -0.2896591159785453784, -0.6260000000000000009, 0.8487094780364696778 ) ) ;
#8058 = EDGE_CURVE ( 'NONE', #2361, #8818, #2703, .T. ) ;
#8059 = CARTESIAN_POINT ( 'NONE',  ( -0.5839172304303675842, -0.6260000000000000009, 0.8281295753024189299 ) ) ;
#8060 = FILL_AREA_STYLE ('',( #621 ) ) ;
#8061 =( NAMED_UNIT ( * ) PLANE_ANGLE_UNIT ( ) SI_UNIT ( $, .RADIAN. ) );
#8062 = SURFACE_STYLE_FILL_AREA ( #3458 ) ;
#8063 = PRESENTATION_STYLE_ASSIGNMENT (( #6237 ) ) ;
#8064 = CARTESIAN_POINT ( 'NONE',  ( -0.3637765261129762284, -0.6250000000000000000, 0.8291273706121738973 ) ) ;
#8065 =( NAMED_UNIT ( * ) SI_UNIT ( $, .STERADIAN. ) SOLID_ANGLE_UNIT ( ) );
#8066 = ORIENTED_EDGE ( 'NONE', *, *, #9663, .F. ) ;
#8067 =( LENGTH_UNIT ( ) NAMED_UNIT ( * ) SI_UNIT ( .MILLI., .METRE. ) );
#8068 = EDGE_LOOP ( 'NONE', ( #5697, #10423, #5091, #9281 ) ) ;
#8069 = UNCERTAINTY_MEASURE_WITH_UNIT (LENGTH_MEASURE( 1.000000000000000082E-05 ), #22, 'distance_accuracy_value', 'NONE');
#8070 = VERTEX_POINT ( 'NONE', #2666 ) ;
#8071 = PRESENTATION_LAYER_ASSIGNMENT (  '', '', ( #472 ) ) ;
#8072 = FILL_AREA_STYLE_COLOUR ( '', #5129 ) ;
#8073 = CARTESIAN_POINT ( 'NONE',  ( -0.2797467571760686722, -0.6260000000000000009, 0.8401834631226829941 ) ) ;
#8074 = VECTOR ( 'NONE', #10191, 1000.000000000000000 ) ;
#8075 = CARTESIAN_POINT ( 'NONE',  ( -0.1996160804250654563, -0.6250000000000000000, 0.6980832145591112647 ) ) ;
#8076 = VERTEX_POINT ( 'NONE', #7141 ) ;
#8077 = PRESENTATION_STYLE_ASSIGNMENT (( #5313 ) ) ;
#8078 = VECTOR ( 'NONE', #7274, 1000.000000000000000 ) ;
#8079 = EDGE_CURVE ( 'NONE', #1893, #10286, #9981, .T. ) ;
#8080 = FILL_AREA_STYLE_COLOUR ( '', #8117 ) ;
#8081 = EDGE_CURVE ( 'NONE', #95, #1781, #5050, .T. ) ;
#8082 = VERTEX_POINT ( 'NONE', #5240 ) ;
#8083 = CARTESIAN_POINT ( 'NONE',  ( -0.3360323190458831544, -0.6260000000000000009, 0.6604786365855273012 ) ) ;
#8084 = PLANE ( 'NONE',  #5575 ) ;
#8085 = FACE_OUTER_BOUND ( 'NONE', #8502, .T. ) ;
#8086 = ORIENTED_EDGE ( 'NONE', *, *, #5517, .T. ) ;
#8087 = DIRECTION ( 'NONE',  ( 1.000000000000000000, -5.872761767629818971E-16, -0.0000000000000000000 ) ) ;
#8088 = AXIS2_PLACEMENT_3D ( 'NONE', #8509, #1968, #2021 ) ;
#8089 = VECTOR ( 'NONE', #6466, 1000.000000000000000 ) ;
#8090 = SURFACE_STYLE_USAGE ( .BOTH. , #10013 ) ;
#8091 = CARTESIAN_POINT ( 'NONE',  ( -0.1933948622259264172, -0.6250000000000000000, 0.7420996330167346500 ) ) ;
#8092 = SURFACE_STYLE_USAGE ( .BOTH. , #714 ) ;
#8093 = DIRECTION ( 'NONE',  ( -1.000000000000000000, -0.0000000000000000000, -0.0000000000000000000 ) ) ;
#8094 = STYLED_ITEM ( 'NONE', ( #1035 ), #4456 ) ;
#8095 = VECTOR ( 'NONE', #1940, 1000.000000000000000 ) ;
#8096 = VECTOR ( 'NONE', #269, 1000.000000000000000 ) ;
#8097 = ORIENTED_EDGE ( 'NONE', *, *, #2824, .F. ) ;
#8098 =( LENGTH_UNIT ( ) NAMED_UNIT ( * ) SI_UNIT ( .MILLI., .METRE. ) );
#8099 = EDGE_CURVE ( 'NONE', #6026, #10455, #7203, .T. ) ;
#8100 = AXIS2_PLACEMENT_3D ( 'NONE', #5556, #9371, #10293 ) ;
#8101 = CARTESIAN_POINT ( 'NONE',  ( -0.3803260062811051334, -0.6260000000000000009, 0.7186357627051216390 ) ) ;
#8102 = CARTESIAN_POINT ( 'NONE',  ( -0.6697124839270957031, -0.6260000000000000009, 0.8478914018058004709 ) ) ;
#8103 = FACE_OUTER_BOUND ( 'NONE', #10661, .T. ) ;
#8104 =( NAMED_UNIT ( * ) SI_UNIT ( $, .STERADIAN. ) SOLID_ANGLE_UNIT ( ) );
#8105 = EDGE_LOOP ( 'NONE', ( #5399, #2066, #3481, #2552, #9224, #10877, #6810, #3278, #59, #2891, #8340, #3400, #5145, #9805 ) ) ;
#8106 = ADVANCED_FACE ( 'NONE', ( #10951 ), #11300, .T. ) ;
#8107 = LINE ( 'NONE', #6345, #10694 ) ;
#8108 =( NAMED_UNIT ( * ) SI_UNIT ( $, .STERADIAN. ) SOLID_ANGLE_UNIT ( ) );
#8109 = ADVANCED_FACE ( 'NONE', ( #7432 ), #6182, .F. ) ;
#8110 = ORIENTED_EDGE ( 'NONE', *, *, #10064, .T. ) ;
#8111 = STYLED_ITEM ( 'NONE', ( #11352 ), #9393 ) ;
#8112 = ORIENTED_EDGE ( 'NONE', *, *, #10990, .T. ) ;
#8113 = B_SPLINE_CURVE_WITH_KNOTS ( 'NONE', 3,
 ( #7988, #665, #605, #4351 ),
 .UNSPECIFIED., .F., .F.,
 ( 4, 4 ),
 ( 4.000000000000000000, 5.000000000000000000 ),
 .UNSPECIFIED. ) ;
#8114 = EDGE_CURVE ( 'NONE', #1047, #6711, #9447, .T. ) ;
#8115 = PRESENTATION_LAYER_ASSIGNMENT (  '', '', ( #317 ) ) ;
#8116 = CARTESIAN_POINT ( 'NONE',  ( -0.2341013846495562656, -0.6260000000000000009, 0.8499571875360144579 ) ) ;
#8117 = COLOUR_RGB ( '',0.0000000000000000000, 0.0000000000000000000, 0.0000000000000000000 ) ;
#8118 = STYLED_ITEM ( 'NONE', ( #1310 ), #5230 ) ;
#8119 = CARTESIAN_POINT ( 'NONE',  ( -0.2087486207902680690, -0.6260000000000000009, 0.7510762096942072974 ) ) ;
#8120 = DIRECTION ( 'NONE',  ( 0.9409537876760557529, 0.0000000000000000000, -0.3385350343141522167 ) ) ;
#8121 = CARTESIAN_POINT ( 'NONE',  ( -0.5308977192294062064, -0.6260000000000000009, 0.7505282803632126187 ) ) ;
#8122 = FACE_OUTER_BOUND ( 'NONE', #4718, .T. ) ;
#8123 = CARTESIAN_POINT ( 'NONE',  ( -0.4221762624127674002, -0.6250000000000000000, 0.6969394808510793737 ) ) ;
#8124 = EDGE_LOOP ( 'NONE', ( #6269, #9642 ) ) ;
#8125 = SURFACE_STYLE_USAGE ( .BOTH. , #9988 ) ;
#8126 = UNCERTAINTY_MEASURE_WITH_UNIT (LENGTH_MEASURE( 1.000000000000000082E-05 ), #9172, 'distance_accuracy_value', 'NONE');
#8127 = EDGE_LOOP ( 'NONE', ( #10546, #5062, #9968, #707 ) ) ;
#8128 = ORIENTED_EDGE ( 'NONE', *, *, #11224, .T. ) ;
#8129 = CARTESIAN_POINT ( 'NONE',  ( 1.000000000000000000, 0.6250000000000000000, 0.0000000000000000000 ) ) ;
#8130 = COLOUR_RGB ( '',0.0000000000000000000, 0.0000000000000000000, 0.0000000000000000000 ) ;
#8131 = VECTOR ( 'NONE', #3155, 1000.000000000000000 ) ;
#8132 = EDGE_CURVE ( 'NONE', #5734, #6654, #12, .T. ) ;
#8133 =( GEOMETRIC_REPRESENTATION_CONTEXT ( 3 ) GLOBAL_UNCERTAINTY_ASSIGNED_CONTEXT ( ( #10603 ) ) GLOBAL_UNIT_ASSIGNED_CONTEXT ( ( #5161, #728, #553 ) ) REPRESENTATION_CONTEXT ( 'NONE', 'WORKASPACE' ) );
#8134 = VECTOR ( 'NONE', #8220, 1000.000000000000000 ) ;
#8135 = ADVANCED_FACE ( 'NONE', ( #4661 ), #63, .F. ) ;
#8136 = B_SPLINE_SURFACE_WITH_KNOTS ( 'NONE', 3, 1, ( 
 ( #1279, #2745 ),
 ( #838, #11052 ),
 ( #9334, #4641 ),
 ( #11865, #7359 ) ),
 .UNSPECIFIED., .F., .F., .F.,
 ( 4, 4 ),
 ( 2, 2 ),
 ( 9.000000000000000000, 10.00000000000000000 ),
 ( 0.0000000000000000000, 1.000000000000000000 ),
 .UNSPECIFIED. ) ;
#8137 = CARTESIAN_POINT ( 'NONE',  ( -0.2772686674751027036, -0.6250000000000000000, 0.8168928857969240953 ) ) ;
#8138 = B_SPLINE_CURVE_WITH_KNOTS ( 'NONE', 3,
 ( #1390, #5092, #481, #1505 ),
 .UNSPECIFIED., .F., .F.,
 ( 4, 4 ),
 ( 3.000000000000000000, 4.000000000000000000 ),
 .UNSPECIFIED. ) ;
#8139 = FILL_AREA_STYLE ('',( #10789 ) ) ;
#8140 = ORIENTED_EDGE ( 'NONE', *, *, #5403, .T. ) ;
#8141 = PRESENTATION_LAYER_ASSIGNMENT (  '', '', ( #1326 ) ) ;
#8142 = VECTOR ( 'NONE', #8650, 1000.000000000000000 ) ;
#8143 = CARTESIAN_POINT ( 'NONE',  ( -0.2772686674751027036, -0.6260000000000000009, 0.8168928857969240953 ) ) ;
#8144 = CARTESIAN_POINT ( 'NONE',  ( -0.2352104597604162683, -0.6260000000000000009, 0.8452089597180334479 ) ) ;
#8145 = VERTEX_POINT ( 'NONE', #5898 ) ;
#8146 =( NAMED_UNIT ( * ) PLANE_ANGLE_UNIT ( ) SI_UNIT ( $, .RADIAN. ) );
#8147 = CARTESIAN_POINT ( 'NONE',  ( -0.7342999090408477425, -0.6260000000000000009, 0.6801568753099487274 ) ) ;
#8148 =( LENGTH_UNIT ( ) NAMED_UNIT ( * ) SI_UNIT ( .MILLI., .METRE. ) );
#8149 = EDGE_LOOP ( 'NONE', ( #5620, #4454, #33, #2096 ) ) ;
#8150 = DIRECTION ( 'NONE',  ( -0.0000000000000000000, 1.000000000000000000, -0.0000000000000000000 ) ) ;
#8151 = MECHANICAL_DESIGN_GEOMETRIC_PRESENTATION_REPRESENTATION (  '', ( #2857 ), #11306 ) ;
#8152 = DIRECTION ( 'NONE',  ( -0.3385350343141522722, 0.0000000000000000000, -0.9409537876760557529 ) ) ;
#8153 =( NAMED_UNIT ( * ) PLANE_ANGLE_UNIT ( ) SI_UNIT ( $, .RADIAN. ) );
#8154 = CARTESIAN_POINT ( 'NONE',  ( -0.2002052765774352261, -0.6250000000000000000, 0.7480955703337986984 ) ) ;
#8155 = LINE ( 'NONE', #8954, #11443 ) ;
#8156 = LINE ( 'NONE', #11923, #5610 ) ;
#8157 = CARTESIAN_POINT ( 'NONE',  ( -0.1535894633296699674, -0.6260000000000000009, 0.7510762096942074084 ) ) ;
#8158 = DIRECTION ( 'NONE',  ( -1.000000000000000000, 0.0000000000000000000, -0.0000000000000000000 ) ) ;
#8159 = VECTOR ( 'NONE', #4374, 1000.000000000000000 ) ;
#8160 = VECTOR ( 'NONE', #8271, 1000.000000000000000 ) ;
#8161 = EDGE_LOOP ( 'NONE', ( #2097, #1095, #4451, #11739 ) ) ;
#8162 = SURFACE_STYLE_FILL_AREA ( #10814 ) ;
#8163 = STYLED_ITEM ( 'NONE', ( #4194 ), #6396 ) ;
#8164 = DIRECTION ( 'NONE',  ( 0.0000000000000000000, 0.0000000000000000000, -1.000000000000000000 ) ) ;
#8165 = DIRECTION ( 'NONE',  ( 1.000000000000000000, -0.0000000000000000000, -0.0000000000000000000 ) ) ;
#8166 = DIRECTION ( 'NONE',  ( -0.3416038306902437482, 0.0000000000000000000, 0.9398440417738206376 ) ) ;
#8167 = CARTESIAN_POINT ( 'NONE',  ( -0.8080452418693617744, -0.6260000000000000009, 0.7606502015892858681 ) ) ;
#8168 = CARTESIAN_POINT ( 'NONE',  ( -0.3563942449072202701, -0.6260000000000000009, 0.6974940184067414117 ) ) ;
#8169 = CARTESIAN_POINT ( 'NONE',  ( -0.4117093660553193257, -0.6250000000000000000, 0.7060546919176968750 ) ) ;
#8170 = LINE ( 'NONE', #11936, #11575 ) ;
#8171 = ORIENTED_EDGE ( 'NONE', *, *, #5781, .T. ) ;
#8172 = SURFACE_STYLE_FILL_AREA ( #5414 ) ;
#8173 = PRESENTATION_STYLE_ASSIGNMENT (( #4426 ) ) ;
#8174 = FILL_AREA_STYLE_COLOUR ( '', #2658 ) ;
#8175 = ORIENTED_EDGE ( 'NONE', *, *, #2469, .F. ) ;
#8176 = VERTEX_POINT ( 'NONE', #5163 ) ;
#8177 = CARTESIAN_POINT ( 'NONE',  ( -0.7241779970081148043, -0.6250000000000000000, 0.7177525564541258341 ) ) ;
#8178 = EDGE_CURVE ( 'NONE', #1078, #9103, #1556, .T. ) ;
#8179 = CARTESIAN_POINT ( 'NONE',  ( -0.3567581601779786227, -0.6260000000000000009, 0.6834226279391137915 ) ) ;
#8180 = EDGE_CURVE ( 'NONE', #5373, #4378, #3710, .T. ) ;
#8181 = EDGE_CURVE ( 'NONE', #6874, #1633, #8647, .T. ) ;
#8182 = CARTESIAN_POINT ( 'NONE',  ( -0.7236960086393693370, -0.6260000000000000009, 0.6801568753099487274 ) ) ;
#8183 = CARTESIAN_POINT ( 'NONE',  ( -0.3476776077087617156, -0.6250000000000000000, 0.6964542604902214107 ) ) ;
#8184 = CARTESIAN_POINT ( 'NONE',  ( -0.3381638227744444558, -0.6250000000000000000, 0.6604786365855273012 ) ) ;
#8185 = LINE ( 'NONE', #9050, #3341 ) ;
#8186 = ORIENTED_EDGE ( 'NONE', *, *, #4639, .T. ) ;
#8187 = UNCERTAINTY_MEASURE_WITH_UNIT (LENGTH_MEASURE( 1.000000000000000082E-05 ), #941, 'distance_accuracy_value', 'NONE');
#8188 = EDGE_LOOP ( 'NONE', ( #4618, #4680, #4674, #9921 ) ) ;
#8189 = EDGE_CURVE ( 'NONE', #3023, #2903, #302, .T. ) ;
#8190 = DIRECTION ( 'NONE',  ( -0.0000000000000000000, 1.000000000000000000, -0.0000000000000000000 ) ) ;
#8191 = PRESENTATION_LAYER_ASSIGNMENT (  '', '', ( #5058 ) ) ;
#8192 = ORIENTED_EDGE ( 'NONE', *, *, #10636, .F. ) ;
#8193 = LINE ( 'NONE', #11966, #11427 ) ;
#8194 = FILL_AREA_STYLE ('',( #10794 ) ) ;
#8195 =( NAMED_UNIT ( * ) SI_UNIT ( $, .STERADIAN. ) SOLID_ANGLE_UNIT ( ) );
#8196 = ORIENTED_EDGE ( 'NONE', *, *, #4384, .F. ) ;
#8197 = CARTESIAN_POINT ( 'NONE',  ( -0.2772686674751027036, -0.6250000000000000000, 0.8338062812358131293 ) ) ;
#8198 = FILL_AREA_STYLE ('',( #4276 ) ) ;
#8199 = FILL_AREA_STYLE_COLOUR ( '', #11472 ) ;
#8200 = ORIENTED_EDGE ( 'NONE', *, *, #3692, .T. ) ;
#8201 = PRESENTATION_LAYER_ASSIGNMENT (  '', '', ( #10380 ) ) ;
#8202 = DIRECTION ( 'NONE',  ( -1.000000000000000000, 0.0000000000000000000, -0.0000000000000000000 ) ) ;
#8203 = ADVANCED_FACE ( 'NONE', ( #10634 ), #1344, .F. ) ;
#8204 = SURFACE_SIDE_STYLE ('',( #11038 ) ) ;
#8205 = PRESENTATION_LAYER_ASSIGNMENT (  '', '', ( #2722 ) ) ;
#8206 = FILL_AREA_STYLE_COLOUR ( '', #9438 ) ;
#8207 = PLANE ( 'NONE',  #11271 ) ;
#8208 = FACE_OUTER_BOUND ( 'NONE', #9130, .T. ) ;
#8209 = DIRECTION ( 'NONE',  ( -1.000000000000000000, 0.0000000000000000000, -0.0000000000000000000 ) ) ;
#8210 = SURFACE_STYLE_FILL_AREA ( #7239 ) ;
#8211 = CARTESIAN_POINT ( 'NONE',  ( -0.2938874648380357391, -0.6260000000000000009, 0.7908296206947071916 ) ) ;
#8212 = PLANE ( 'NONE',  #11785 ) ;
#8213 = CARTESIAN_POINT ( 'NONE',  ( -0.4159203856164560564, -0.6260000000000000009, 0.6891066378816378402 ) ) ;
#8214 = ORIENTED_EDGE ( 'NONE', *, *, #2942, .T. ) ;
#8215 = DIRECTION ( 'NONE',  ( -0.0000000000000000000, 0.0000000000000000000, 1.000000000000000000 ) ) ;
#8216 = AXIS2_PLACEMENT_3D ( 'NONE', #11238, #8431, #2808 ) ;
#8217 = PLANE ( 'NONE',  #6024 ) ;
#8218 = AXIS2_PLACEMENT_3D ( 'NONE', #2011, #2986, #8371 ) ;
#8219 = SURFACE_STYLE_USAGE ( .BOTH. , #1620 ) ;
#8220 = DIRECTION ( 'NONE',  ( -0.0000000000000000000, 1.000000000000000000, -0.0000000000000000000 ) ) ;
#8221 = PRESENTATION_STYLE_ASSIGNMENT (( #8923 ) ) ;
#8222 = STYLED_ITEM ( 'NONE', ( #7135 ), #1141 ) ;
#8223 = CARTESIAN_POINT ( 'NONE',  ( -0.1831705760484461654, -0.6260000000000000009, 0.7180465665522892671 ) ) ;
#8224 = FACE_OUTER_BOUND ( 'NONE', #9249, .T. ) ;
#8225 = VERTEX_POINT ( 'NONE', #6093 ) ;
#8226 = EDGE_CURVE ( 'NONE', #8241, #9764, #11699, .T. ) ;
#8227 =( LENGTH_UNIT ( ) NAMED_UNIT ( * ) SI_UNIT ( .MILLI., .METRE. ) );
#8228 = ORIENTED_EDGE ( 'NONE', *, *, #495, .T. ) ;
#8229 = ORIENTED_EDGE ( 'NONE', *, *, #9930, .F. ) ;
#8230 = B_SPLINE_SURFACE_WITH_KNOTS ( 'NONE', 3, 1, ( 
 ( #1460, #7995 ),
 ( #11762, #1519 ),
 ( #3323, #7076 ),
 ( #11135, #12056 ) ),
 .UNSPECIFIED., .F., .F., .F.,
 ( 4, 4 ),
 ( 2, 2 ),
 ( 2.000000000000000000, 3.000000000000000000 ),
 ( 0.0000000000000000000, 1.000000000000000000 ),
 .UNSPECIFIED. ) ;
#8231 = CARTESIAN_POINT ( 'NONE',  ( -0.4281548704317070797, -0.6260000000000000009, 0.7989397324419789115 ) ) ;
#8232 = ADVANCED_FACE ( 'NONE', ( #1274 ), #6473, .T. ) ;
#8233 = CARTESIAN_POINT ( 'NONE',  ( -0.1996160804250654563, -0.6260000000000000009, 0.6980832145591112647 ) ) ;
#8234 = CARTESIAN_POINT ( 'NONE',  ( -0.4147246640126687756, -0.6260000000000000009, 0.7120506292352244415 ) ) ;
#8235 = DIRECTION ( 'NONE',  ( -0.0000000000000000000, -0.0000000000000000000, 1.000000000000000000 ) ) ;
#8236 = CARTESIAN_POINT ( 'NONE',  ( -0.4132343443324636434, -0.6250000000000000000, 0.6891066378816378402 ) ) ;
#8237 = CARTESIAN_POINT ( 'NONE',  ( -0.3779172337749439059, -0.6250000000000000000, 0.7109762127215346617 ) ) ;
#8238 =( NAMED_UNIT ( * ) PLANE_ANGLE_UNIT ( ) SI_UNIT ( $, .RADIAN. ) );
#8239 =( NAMED_UNIT ( * ) PLANE_ANGLE_UNIT ( ) SI_UNIT ( $, .RADIAN. ) );
#8240 = UNCERTAINTY_MEASURE_WITH_UNIT (LENGTH_MEASURE( 1.000000000000000082E-05 ), #11277, 'distance_accuracy_value', 'NONE');
#8241 = VERTEX_POINT ( 'NONE', #7191 ) ;
#8242 = VERTEX_POINT ( 'NONE', #3317 ) ;
#8243 = CARTESIAN_POINT ( 'NONE',  ( -0.6060890447446356522, -0.6250000000000000000, 0.8213816370118639520 ) ) ;
#8244 = SURFACE_STYLE_FILL_AREA ( #11960 ) ;
#8245 = SURFACE_SIDE_STYLE ('',( #10359 ) ) ;
#8246 = ORIENTED_EDGE ( 'NONE', *, *, #5849, .T. ) ;
#8247 = LINE ( 'NONE', #641, #7484 ) ;
#8248 = DIRECTION ( 'NONE',  ( -0.0000000000000000000, 0.0000000000000000000, 1.000000000000000000 ) ) ;
#8249 = CARTESIAN_POINT ( 'NONE',  ( -0.4339601854645617207, -0.6250000000000000000, 0.8051089627453609232 ) ) ;
#8250 = ORIENTED_EDGE ( 'NONE', *, *, #4977, .T. ) ;
#8251 = DIRECTION ( 'NONE',  ( -0.0000000000000000000, 1.000000000000000000, -0.0000000000000000000 ) ) ;
#8252 = DIRECTION ( 'NONE',  ( -1.000000000000000000, 0.0000000000000000000, -0.0000000000000000000 ) ) ;
#8253 = ORIENTED_EDGE ( 'NONE', *, *, #7854, .T. ) ;
#8254 = EDGE_CURVE ( 'NONE', #9553, #393, #2474, .T. ) ;
#8255 = CARTESIAN_POINT ( 'NONE',  ( -0.3712454538118883374, -0.6250000000000000000, 0.7315287608675445918 ) ) ;
#8256 = PRESENTATION_LAYER_ASSIGNMENT (  '', '', ( #11627 ) ) ;
#8257 = CARTESIAN_POINT ( 'NONE',  ( -0.8157571752843170154, -0.6250000000000000000, 0.8146336941246392627 ) ) ;
#8258 =( NAMED_UNIT ( * ) PLANE_ANGLE_UNIT ( ) SI_UNIT ( $, .RADIAN. ) );
#8259 = B_SPLINE_CURVE_WITH_KNOTS ( 'NONE', 3,
 ( #9259, #892, #8370, #12095 ),
 .UNSPECIFIED., .F., .F.,
 ( 4, 4 ),
 ( 1.000000000000000000, 2.000000000000000000 ),
 .UNSPECIFIED. ) ;
#8260 = CARTESIAN_POINT ( 'NONE',  ( -0.3956797648454490890, -0.6260000000000000009, 0.8597655705465168108 ) ) ;
#8261 = CARTESIAN_POINT ( 'NONE',  ( -0.5998231040161655647, -0.6250000000000000000, 0.7876419363652877870 ) ) ;
#8262 = ADVANCED_FACE ( 'NONE', ( #11757 ), #836, .T. ) ;
#8263 = FILL_AREA_STYLE ('',( #11864 ) ) ;
#8264 = CARTESIAN_POINT ( 'NONE',  ( -1.000000000000000000, 0.2249999999999997835, -0.01000000000000000021 ) ) ;
#8265 = VECTOR ( 'NONE', #1745, 1000.000000000000000 ) ;
#8266 = ORIENTED_EDGE ( 'NONE', *, *, #7568, .T. ) ;
#8267 = DIRECTION ( 'NONE',  ( -0.0000000000000000000, -0.0000000000000000000, 1.000000000000000000 ) ) ;
#8268 = PRESENTATION_STYLE_ASSIGNMENT (( #47 ) ) ;
#8269 = EDGE_CURVE ( 'NONE', #2720, #6512, #608, .T. ) ;
#8270 = DIRECTION ( 'NONE',  ( -0.0000000000000000000, 1.000000000000000000, -0.0000000000000000000 ) ) ;
#8271 = DIRECTION ( 'NONE',  ( 1.000000000000000000, -1.807003620809174139E-16, 0.0000000000000000000 ) ) ;
#8272 = PRESENTATION_STYLE_ASSIGNMENT (( #104 ) ) ;
#8273 = AXIS2_PLACEMENT_3D ( 'NONE', #10970, #8021, #10055 ) ;
#8274 = FILL_AREA_STYLE ('',( #51 ) ) ;
#8275 = CARTESIAN_POINT ( 'NONE',  ( -0.4165788989633990025, -0.6250000000000000000, 0.7998755145665219501 ) ) ;
#8276 = VECTOR ( 'NONE', #597, 1000.000000000000000 ) ;
#8277 = STYLED_ITEM ( 'NONE', ( #667 ), #284 ) ;
#8278 = CARTESIAN_POINT ( 'NONE',  ( -0.7338179022851919475, -0.6250000000000000000, 0.7481183109390059371 ) ) ;
#8279 = FILL_AREA_STYLE_COLOUR ( '', #6273 ) ;
#8280 = EDGE_LOOP ( 'NONE', ( #4215, #691, #10607, #1026 ) ) ;
#8281 = EDGE_LOOP ( 'NONE', ( #2320, #10138, #7468, #6784 ) ) ;
#8282 = VERTEX_POINT ( 'NONE', #4299 ) ;
#8283 = UNCERTAINTY_MEASURE_WITH_UNIT (LENGTH_MEASURE( 1.000000000000000082E-05 ), #2790, 'distance_accuracy_value', 'NONE');
#8284 = PRESENTATION_LAYER_ASSIGNMENT (  '', '', ( #6719 ) ) ;
#8285 = SURFACE_STYLE_FILL_AREA ( #4541 ) ;
#8286 = VECTOR ( 'NONE', #8015, 1000.000000000000000 ) ;
#8287 =( LENGTH_UNIT ( ) NAMED_UNIT ( * ) SI_UNIT ( .MILLI., .METRE. ) );
#8288 = EDGE_CURVE ( 'NONE', #3557, #3196, #1564, .T. ) ;
#8289 =( NAMED_UNIT ( * ) PLANE_ANGLE_UNIT ( ) SI_UNIT ( $, .RADIAN. ) );
#8290 = CARTESIAN_POINT ( 'NONE',  ( -0.7863554343107495015, -0.6260000000000000009, 0.8088497739416035115 ) ) ;
#8291 = DIRECTION ( 'NONE',  ( 0.0000000000000000000, 0.0000000000000000000, -1.000000000000000000 ) ) ;
#8292 = CARTESIAN_POINT ( 'NONE',  ( -0.3697204755347439642, -0.6250000000000000000, 0.7148926342064860773 ) ) ;
#8293 = DIRECTION ( 'NONE',  ( -0.0000000000000000000, 1.000000000000000000, -0.0000000000000000000 ) ) ;
#8294 = SURFACE_STYLE_USAGE ( .BOTH. , #11085 ) ;
#8295 = MECHANICAL_DESIGN_GEOMETRIC_PRESENTATION_REPRESENTATION (  '', ( #2810 ), #2037 ) ;
#8296 = ORIENTED_EDGE ( 'NONE', *, *, #7085, .T. ) ;
#8297 = ORIENTED_EDGE ( 'NONE', *, *, #10169, .F. ) ;
#8298 = SURFACE_STYLE_FILL_AREA ( #5434 ) ;
#8299 = MECHANICAL_DESIGN_GEOMETRIC_PRESENTATION_REPRESENTATION (  '', ( #8488 ), #4576 ) ;
#8300 = VECTOR ( 'NONE', #12028, 1000.000000000000000 ) ;
#8301 = VECTOR ( 'NONE', #3663, 1000.000000000000000 ) ;
#8302 = CARTESIAN_POINT ( 'NONE',  ( -0.2341013846495562656, -0.6260000000000000009, 0.8499571875360144579 ) ) ;
#8303 = ORIENTED_EDGE ( 'NONE', *, *, #8189, .F. ) ;
#8304 = CARTESIAN_POINT ( 'NONE',  ( -0.1492051507824478651, -0.6260000000000000009, 0.7424115603912743167 ) ) ;
#8305 = CARTESIAN_POINT ( 'NONE',  ( -0.4096298502225150795, -0.6250000000000000000, 0.8518634103822715353 ) ) ;
#8306 = LINE ( 'NONE', #12084, #4891 ) ;
#8307 = ORIENTED_EDGE ( 'NONE', *, *, #8226, .F. ) ;
#8308 = DIRECTION ( 'NONE',  ( -0.0000000000000000000, -0.0000000000000000000, 1.000000000000000000 ) ) ;
#8309 = B_SPLINE_CURVE_WITH_KNOTS ( 'NONE', 3,
 ( #12000, #1571, #3559, #738 ),
 .UNSPECIFIED., .F., .F.,
 ( 4, 4 ),
 ( 6.000000000000000000, 7.000000000000000000 ),
 .UNSPECIFIED. ) ;
#8310 = CARTESIAN_POINT ( 'NONE',  ( -0.1492051507824478374, -0.6250000000000000000, 0.7424115603912743167 ) ) ;
#8311 = AXIS2_PLACEMENT_3D ( 'NONE', #2787, #1779, #2683 ) ;
#8312 = ORIENTED_EDGE ( 'NONE', *, *, #6951, .F. ) ;
#8313 = STYLED_ITEM ( 'NONE', ( #9883 ), #7186 ) ;
#8314 = VECTOR ( 'NONE', #3929, 1000.000000000000000 ) ;
#8315 = CARTESIAN_POINT ( 'NONE',  ( -0.3614717293985583169, -0.6250000000000000000, 0.7328111289642612602 ) ) ;
#8316 = VECTOR ( 'NONE', #424, 1000.000000000000000 ) ;
#8317 =( GEOMETRIC_REPRESENTATION_CONTEXT ( 3 ) GLOBAL_UNCERTAINTY_ASSIGNED_CONTEXT ( ( #11639 ) ) GLOBAL_UNIT_ASSIGNED_CONTEXT ( ( #23, #1656, #10963 ) ) REPRESENTATION_CONTEXT ( 'NONE', 'WORKASPACE' ) );
#8318 =( LENGTH_UNIT ( ) NAMED_UNIT ( * ) SI_UNIT ( .MILLI., .METRE. ) );
#8319 = FILL_AREA_STYLE_COLOUR ( '', #1497 ) ;
#8320 = LINE ( 'NONE', #10242, #10646 ) ;
#8321 = LINE ( 'NONE', #90, #7232 ) ;
#8322 = EDGE_CURVE ( 'NONE', #7793, #6769, #9271, .T. ) ;
#8323 =( LENGTH_UNIT ( ) NAMED_UNIT ( * ) SI_UNIT ( .MILLI., .METRE. ) );
#8324 = EDGE_CURVE ( 'NONE', #10250, #7793, #9574, .T. ) ;
#8325 = CARTESIAN_POINT ( 'NONE',  ( -0.6856183391259830229, -0.6250000000000000000, 0.6994367410241407734 ) ) ;
#8326 = B_SPLINE_SURFACE_WITH_KNOTS ( 'NONE', 3, 1, ( 
 ( #10103, #11950 ),
 ( #1582, #6298 ),
 ( #2606, #1713 ),
 ( #7211, #685 ) ),
 .UNSPECIFIED., .F., .F., .F.,
 ( 4, 4 ),
 ( 2, 2 ),
 ( 10.00000000000000000, 11.00000000000000000 ),
 ( 0.0000000000000000000, 1.000000000000000000 ),
 .UNSPECIFIED. ) ;
#8327 = FACE_OUTER_BOUND ( 'NONE', #1884, .T. ) ;
#8328 = ORIENTED_EDGE ( 'NONE', *, *, #2244, .T. ) ;
#8329 = LINE ( 'NONE', #10140, #4442 ) ;
#8330 = SURFACE_STYLE_FILL_AREA ( #7299 ) ;
#8331 =( NAMED_UNIT ( * ) PLANE_ANGLE_UNIT ( ) SI_UNIT ( $, .RADIAN. ) );
#8332 = FILL_AREA_STYLE_COLOUR ( '', #5991 ) ;
#8333 = COLOUR_RGB ( '',0.0000000000000000000, 0.0000000000000000000, 0.0000000000000000000 ) ;
#8334 = CARTESIAN_POINT ( 'NONE',  ( -0.1933948622259264172, -0.6260000000000000009, 0.7420996330167346500 ) ) ;
#8335 = COLOUR_RGB ( '',0.0000000000000000000, 0.0000000000000000000, 0.0000000000000000000 ) ;
#8336 = PLANE ( 'NONE',  #9404 ) ;
#8337 = ORIENTED_EDGE ( 'NONE', *, *, #5632, .T. ) ;
#8338 = CARTESIAN_POINT ( 'NONE',  ( -0.3505196126800235179, -0.6250000000000000000, 0.7044603964459816847 ) ) ;
#8339 = PRESENTATION_STYLE_ASSIGNMENT (( #11939 ) ) ;
#8340 = ORIENTED_EDGE ( 'NONE', *, *, #2031, .F. ) ;
#8341 = ADVANCED_FACE ( 'NONE', ( #9030 ), #2585, .F. ) ;
#8342 = ORIENTED_EDGE ( 'NONE', *, *, #3404, .T. ) ;
#8343 = CARTESIAN_POINT ( 'NONE',  ( -0.3707082455550446132, -0.6250000000000000000, 0.7229334287589547214 ) ) ;
#8344 = AXIS2_PLACEMENT_3D ( 'NONE', #6655, #2909, #9261 ) ;
#8345 =( GEOMETRIC_REPRESENTATION_CONTEXT ( 3 ) GLOBAL_UNCERTAINTY_ASSIGNED_CONTEXT ( ( #2068 ) ) GLOBAL_UNIT_ASSIGNED_CONTEXT ( ( #8582, #4049, #9718 ) ) REPRESENTATION_CONTEXT ( 'NONE', 'WORKASPACE' ) );
#8346 =( NAMED_UNIT ( * ) SI_UNIT ( $, .STERADIAN. ) SOLID_ANGLE_UNIT ( ) );
#8347 = EDGE_CURVE ( 'NONE', #6040, #3557, #7367, .T. ) ;
#8348 = LINE ( 'NONE', #10527, #2689 ) ;
#8349 = LINE ( 'NONE', #9294, #4677 ) ;
#8350 = LINE ( 'NONE', #7563, #8047 ) ;
#8351 = PRESENTATION_LAYER_ASSIGNMENT (  '', '', ( #9963 ) ) ;
#8352 = UNCERTAINTY_MEASURE_WITH_UNIT (LENGTH_MEASURE( 1.000000000000000082E-05 ), #1345, 'distance_accuracy_value', 'NONE');
#8353 = ORIENTED_EDGE ( 'NONE', *, *, #2927, .F. ) ;
#8354 = ORIENTED_EDGE ( 'NONE', *, *, #10828, .T. ) ;
#8355 = DIRECTION ( 'NONE',  ( -0.3559357243643078150, -0.0000000000000000000, 0.9345104387438672999 ) ) ;
#8356 = CARTESIAN_POINT ( 'NONE',  ( -0.4396268661082691764, -0.6260000000000000009, 0.7985584878726350588 ) ) ;
#8357 =( NAMED_UNIT ( * ) PLANE_ANGLE_UNIT ( ) SI_UNIT ( $, .RADIAN. ) );
#8358 = EDGE_CURVE ( 'NONE', #3091, #530, #3682, .T. ) ;
#8359 = EDGE_LOOP ( 'NONE', ( #6485, #10999, #11377, #8228 ) ) ;
#8360 = CARTESIAN_POINT ( 'NONE',  ( -0.4154351652553697205, -0.6250000000000000000, 0.6821402598423972341 ) ) ;
#8361 = ORIENTED_EDGE ( 'NONE', *, *, #7328, .F. ) ;
#8362 = CARTESIAN_POINT ( 'NONE',  ( -0.6330807979073170833, -0.6260000000000000009, 0.7654701588243789656 ) ) ;
#8363 = ADVANCED_FACE ( 'NONE', ( #4767 ), #1590, .F. ) ;
#8364 = CARTESIAN_POINT ( 'NONE',  ( -0.3689926449932274255, -0.6250000000000000000, 0.7241118210641562802 ) ) ;
#8365 = EDGE_LOOP ( 'NONE', ( #2497, #1284, #4642, #1704 ) ) ;
#8366 = CARTESIAN_POINT ( 'NONE',  ( -0.4035992543080488826, -0.6260000000000000009, 0.7974840713589456120 ) ) ;
#8367 = PRESENTATION_STYLE_ASSIGNMENT (( #4633 ) ) ;
#8368 = EDGE_CURVE ( 'NONE', #4568, #8600, #5308, .T. ) ;
#8369 = FACE_OUTER_BOUND ( 'NONE', #8963, .T. ) ;
#8370 = CARTESIAN_POINT ( 'NONE',  ( -0.3228447228072724995, -0.6250000000000000000, 0.6656427675700233859 ) ) ;
#8371 = DIRECTION ( 'NONE',  ( -0.3559357243643077595, 0.0000000000000000000, 0.9345104387438672999 ) ) ;
#8372 = CARTESIAN_POINT ( 'NONE',  ( -0.7338179114785317037, -0.6250000000000000000, 0.6512371686718249064 ) ) ;
#8373 = VECTOR ( 'NONE', #7477, 1000.000000000000000 ) ;
#8374 = SURFACE_STYLE_USAGE ( .BOTH. , #5695 ) ;
#8375 = VERTEX_POINT ( 'NONE', #3729 ) ;
#8376 = CARTESIAN_POINT ( 'NONE',  ( -0.3697204755347439642, -0.6260000000000000009, 0.7148926342064860773 ) ) ;
#8377 = AXIS2_PLACEMENT_3D ( 'NONE', #1407, #6949, #4984 ) ;
#8378 = COLOUR_RGB ( '',0.0000000000000000000, 0.0000000000000000000, 0.0000000000000000000 ) ;
#8379 = SURFACE_SIDE_STYLE ('',( #8330 ) ) ;
#8380 = CARTESIAN_POINT ( 'NONE',  ( -0.4281548704317070797, -0.6260000000000000009, 0.7989397324419789115 ) ) ;
#8381 =( NAMED_UNIT ( * ) SI_UNIT ( $, .STERADIAN. ) SOLID_ANGLE_UNIT ( ) );
#8382 = CARTESIAN_POINT ( 'NONE',  ( -0.4184158046155468380, -0.6260000000000000009, 0.7045297136403215754 ) ) ;
#8383 = CARTESIAN_POINT ( 'NONE',  ( -0.1998067027099670323, -0.6250000000000000000, 0.7369008434350673431 ) ) ;
#8384 = DIRECTION ( 'NONE',  ( 1.000000000000000000, -0.0000000000000000000, -0.0000000000000000000 ) ) ;
#8385 = SURFACE_SIDE_STYLE ('',( #9456 ) ) ;
#8386 = VERTEX_POINT ( 'NONE', #9396 ) ;
#8387 = CARTESIAN_POINT ( 'NONE',  ( -0.7444218210733498653, -0.6260000000000000009, 0.6801568753099487274 ) ) ;
#8388 =( GEOMETRIC_REPRESENTATION_CONTEXT ( 3 ) GLOBAL_UNCERTAINTY_ASSIGNED_CONTEXT ( ( #9436 ) ) GLOBAL_UNIT_ASSIGNED_CONTEXT ( ( #9407, #6876, #1267 ) ) REPRESENTATION_CONTEXT ( 'NONE', 'WORKASPACE' ) );
#8389 = COLOUR_RGB ( '',1.000000000000000000, 0.5019607843137254832, 0.0000000000000000000 ) ;
#8390 = VERTEX_POINT ( 'NONE', #5646 ) ;
#8391 = VERTEX_POINT ( 'NONE', #6503 ) ;
#8392 = UNCERTAINTY_MEASURE_WITH_UNIT (LENGTH_MEASURE( 1.000000000000000082E-05 ), #1358, 'distance_accuracy_value', 'NONE');
#8393 = CARTESIAN_POINT ( 'NONE',  ( -0.3715747104854764671, -0.6250000000000000000, 0.7193982518438081231 ) ) ;
#8394 = EDGE_CURVE ( 'NONE', #9789, #5741, #11310, .T. ) ;
#8395 = CARTESIAN_POINT ( 'NONE',  ( -0.2033072210279435743, -0.6260000000000000009, 0.7908296206947073026 ) ) ;
#8396 =( NAMED_UNIT ( * ) SI_UNIT ( $, .STERADIAN. ) SOLID_ANGLE_UNIT ( ) );
#8397 = PRESENTATION_LAYER_ASSIGNMENT (  '', '', ( #2926 ) ) ;
#8398 = STYLED_ITEM ( 'NONE', ( #4580 ), #11075 ) ;
#8399 = SURFACE_SIDE_STYLE ('',( #9465 ) ) ;
#8400 = FILL_AREA_STYLE_COLOUR ( '', #2786 ) ;
#8401 = DIRECTION ( 'NONE',  ( -0.0000000000000000000, 1.000000000000000000, -0.0000000000000000000 ) ) ;
#8402 = CARTESIAN_POINT ( 'NONE',  ( -0.3697204755347439642, -0.6250000000000000000, 0.7148926342064860773 ) ) ;
#8403 = FILL_AREA_STYLE ('',( #10283 ) ) ;
#8404 =( GEOMETRIC_REPRESENTATION_CONTEXT ( 3 ) GLOBAL_UNCERTAINTY_ASSIGNED_CONTEXT ( ( #8518 ) ) GLOBAL_UNIT_ASSIGNED_CONTEXT ( ( #613, #11001, #8108 ) ) REPRESENTATION_CONTEXT ( 'NONE', 'WORKASPACE' ) );
#8405 = ORIENTED_EDGE ( 'NONE', *, *, #2593, .T. ) ;
#8406 = VERTEX_POINT ( 'NONE', #2816 ) ;
#8407 = CARTESIAN_POINT ( 'NONE',  ( -0.4003760047674415068, -0.6260000000000000009, 0.7219629880372387953 ) ) ;
#8408 = VECTOR ( 'NONE', #9248, 1000.000000000000000 ) ;
#8409 = EDGE_CURVE ( 'NONE', #8282, #11548, #8660, .T. ) ;
#8410 = B_SPLINE_SURFACE_WITH_KNOTS ( 'NONE', 3, 1, ( 
 ( #7174, #11679 ),
 ( #3247, #6988 ),
 ( #2330, #536 ),
 ( #7115, #11743 ) ),
 .UNSPECIFIED., .F., .F., .F.,
 ( 4, 4 ),
 ( 2, 2 ),
 ( 2.000000000000000000, 3.000000000000000000 ),
 ( 0.0000000000000000000, 1.000000000000000000 ),
 .UNSPECIFIED. ) ;
#8411 = CARTESIAN_POINT ( 'NONE',  ( -0.3505196126800235179, -0.6260000000000000009, 0.7044603964459816847 ) ) ;
#8412 = LINE ( 'NONE', #7507, #11057 ) ;
#8413 = EDGE_LOOP ( 'NONE', ( #1313, #11404, #8066, #5833 ) ) ;
#8414 =( LENGTH_UNIT ( ) NAMED_UNIT ( * ) SI_UNIT ( .MILLI., .METRE. ) );
#8415 = CARTESIAN_POINT ( 'NONE',  ( -0.4753772091311208592, -0.6250000000000000000, 0.7908296206947073026 ) ) ;
#8416 = ORIENTED_EDGE ( 'NONE', *, *, #4120, .F. ) ;
#8417 = CARTESIAN_POINT ( 'NONE',  ( -0.3476776077087617156, -0.6260000000000000009, 0.6996428514336568982 ) ) ;
#8418 = LINE ( 'NONE', #1109, #2813 ) ;
#8419 = UNCERTAINTY_MEASURE_WITH_UNIT (LENGTH_MEASURE( 1.000000000000000082E-05 ), #10681, 'distance_accuracy_value', 'NONE');
#8420 = VERTEX_POINT ( 'NONE', #2090 ) ;
#8421 = CARTESIAN_POINT ( 'NONE',  ( -0.7492417691153342441, -0.6250000000000000000, 0.8368054992455673524 ) ) ;
#8422 =( NAMED_UNIT ( * ) PLANE_ANGLE_UNIT ( ) SI_UNIT ( $, .RADIAN. ) );
#8423 = EDGE_CURVE ( 'NONE', #10010, #7094, #4830, .T. ) ;
#8424 = ADVANCED_FACE ( 'NONE', ( #9767 ), #6585, .F. ) ;
#8425 = FILL_AREA_STYLE ('',( #1006 ) ) ;
#8426 = STYLED_ITEM ( 'NONE', ( #6305 ), #3456 ) ;
#8427 = SURFACE_SIDE_STYLE ('',( #4575 ) ) ;
#8428 = CARTESIAN_POINT ( 'NONE',  ( -0.3531363367694426714, -0.6260000000000000009, 0.6859873641325445748 ) ) ;
#8429 = CARTESIAN_POINT ( 'NONE',  ( -0.2453480994445046692, -0.6260000000000000009, 0.8170315201860705034 ) ) ;
#8430 = CARTESIAN_POINT ( 'NONE',  ( -0.2338934330665299044, -0.6260000000000000009, 0.8499571875360144579 ) ) ;
#8431 = DIRECTION ( 'NONE',  ( 1.000000000000000000, 0.0000000000000000000, -0.0000000000000000000 ) ) ;
#8432 =( NAMED_UNIT ( * ) PLANE_ANGLE_UNIT ( ) SI_UNIT ( $, .RADIAN. ) );
#8433 = ORIENTED_EDGE ( 'NONE', *, *, #138, .F. ) ;
#8434 = EDGE_LOOP ( 'NONE', ( #3083, #9849, #5685, #4481, #2219, #851, #5725, #4182, #2210, #497, #9987, #3647 ) ) ;
#8435 = PRESENTATION_LAYER_ASSIGNMENT (  '', '', ( #9644 ) ) ;
#8436 = CARTESIAN_POINT ( 'NONE',  ( -0.3145093301779258166, -0.6250000000000000000, 0.8508236524662153855 ) ) ;
#8437 = B_SPLINE_CURVE_WITH_KNOTS ( 'NONE', 3,
 ( #11104, #7514, #30, #7576 ),
 .UNSPECIFIED., .F., .F.,
 ( 4, 4 ),
 ( 5.000000000000000000, 6.000000000000000000 ),
 .UNSPECIFIED. ) ;
#8438 = MECHANICAL_DESIGN_GEOMETRIC_PRESENTATION_REPRESENTATION (  '', ( #1629 ), #6129 ) ;
#8439 = DIRECTION ( 'NONE',  ( 0.0000000000000000000, 0.0000000000000000000, 1.000000000000000000 ) ) ;
#8440 = CARTESIAN_POINT ( 'NONE',  ( -0.3432586365643671145, -0.6260000000000000009, 0.7317020538534013685 ) ) ;
#8441 = CARTESIAN_POINT ( 'NONE',  ( -0.3196734611628845868, -0.6250000000000000000, 0.6922259116307305504 ) ) ;
#8442 = DIRECTION ( 'NONE',  ( -0.0000000000000000000, 1.000000000000000000, -0.0000000000000000000 ) ) ;
#8443 =( LENGTH_UNIT ( ) NAMED_UNIT ( * ) SI_UNIT ( .MILLI., .METRE. ) );
#8444 =( NAMED_UNIT ( * ) PLANE_ANGLE_UNIT ( ) SI_UNIT ( $, .RADIAN. ) );
#8445 = FILL_AREA_STYLE ('',( #4712 ) ) ;
#8446 = EDGE_LOOP ( 'NONE', ( #9937, #234, #5312, #9763 ) ) ;
#8447 = VECTOR ( 'NONE', #2443, 1000.000000000000000 ) ;
#8448 = PRESENTATION_LAYER_ASSIGNMENT (  '', '', ( #4938 ) ) ;
#8449 = EDGE_LOOP ( 'NONE', ( #1971, #11122, #3068, #10841 ) ) ;
#8450 = VERTEX_POINT ( 'NONE', #5946 ) ;
#8451 = ADVANCED_FACE ( 'NONE', ( #11433 ), #5025, .T. ) ;
#8452 = COLOUR_RGB ( '',0.0000000000000000000, 0.0000000000000000000, 0.0000000000000000000 ) ;
#8453 = STYLED_ITEM ( 'NONE', ( #6867 ), #8424 ) ;
#8454 = LINE ( 'NONE', #10403, #8534 ) ;
#8455 = COLOUR_RGB ( '',0.0000000000000000000, 0.0000000000000000000, 0.0000000000000000000 ) ;
#8456 = SURFACE_STYLE_USAGE ( .BOTH. , #4844 ) ;
#8457 = ADVANCED_FACE ( 'NONE', ( #474 ), #2847, .F. ) ;
#8458 = CARTESIAN_POINT ( 'NONE',  ( -0.2383643921062167659, -0.6260000000000000009, 0.6832839935504295692 ) ) ;
#8459 = CARTESIAN_POINT ( 'NONE',  ( -0.4368541783315783023, -0.6260000000000000009, 0.8132883916869743102 ) ) ;
#8460 = EDGE_CURVE ( 'NONE', #3266, #11134, #384, .T. ) ;
#8461 = FACE_OUTER_BOUND ( 'NONE', #10960, .T. ) ;
#8462 = CARTESIAN_POINT ( 'NONE',  ( -0.3684727660349682576, -0.6250000000000000000, 0.7137835590956266296 ) ) ;
#8463 = EDGE_CURVE ( 'NONE', #4917, #60, #5266, .T. ) ;
#8464 = PRESENTATION_STYLE_ASSIGNMENT (( #11149 ) ) ;
#8465 =( GEOMETRIC_REPRESENTATION_CONTEXT ( 3 ) GLOBAL_UNCERTAINTY_ASSIGNED_CONTEXT ( ( #3880 ) ) GLOBAL_UNIT_ASSIGNED_CONTEXT ( ( #11516, #376, #6884 ) ) REPRESENTATION_CONTEXT ( 'NONE', 'WORKASPACE' ) );
#8466 = UNCERTAINTY_MEASURE_WITH_UNIT (LENGTH_MEASURE( 1.000000000000000082E-05 ), #9280, 'distance_accuracy_value', 'NONE');
#8467 = PRESENTATION_LAYER_ASSIGNMENT (  '', '', ( #10258 ) ) ;
#8468 = PRESENTATION_LAYER_ASSIGNMENT (  '', '', ( #7908 ) ) ;
#8469 = ORIENTED_EDGE ( 'NONE', *, *, #3677, .F. ) ;
#8470 = ORIENTED_EDGE ( 'NONE', *, *, #6424, .F. ) ;
#8471 = PRESENTATION_STYLE_ASSIGNMENT (( #10225 ) ) ;
#8472 = B_SPLINE_SURFACE_WITH_KNOTS ( 'NONE', 3, 1, ( 
 ( #4930, #11405 ),
 ( #2063, #10547 ),
 ( #5990, #6961 ),
 ( #2121, #8670 ) ),
 .UNSPECIFIED., .F., .F., .F.,
 ( 4, 4 ),
 ( 2, 2 ),
 ( 6.000000000000000000, 7.000000000000000000 ),
 ( 0.0000000000000000000, 1.000000000000000000 ),
 .UNSPECIFIED. ) ;
#8473 = COLOUR_RGB ( '',0.0000000000000000000, 0.0000000000000000000, 0.0000000000000000000 ) ;
#8474 = VECTOR ( 'NONE', #2604, 1000.000000000000000 ) ;
#8475 =( NAMED_UNIT ( * ) SI_UNIT ( $, .STERADIAN. ) SOLID_ANGLE_UNIT ( ) );
#8476 = SURFACE_SIDE_STYLE ('',( #8541 ) ) ;
#8477 = SURFACE_STYLE_USAGE ( .BOTH. , #10543 ) ;
#8478 = VERTEX_POINT ( 'NONE', #538 ) ;
#8479 = SURFACE_STYLE_USAGE ( .BOTH. , #4740 ) ;
#8480 = CARTESIAN_POINT ( 'NONE',  ( -0.6171749610948783493, -0.6260000000000000009, 0.7124506108502888235 ) ) ;
#8481 = ORIENTED_EDGE ( 'NONE', *, *, #11269, .F. ) ;
#8482 = DIRECTION ( 'NONE',  ( -0.0000000000000000000, 1.000000000000000000, -0.0000000000000000000 ) ) ;
#8483 = UNCERTAINTY_MEASURE_WITH_UNIT (LENGTH_MEASURE( 1.000000000000000082E-05 ), #10079, 'distance_accuracy_value', 'NONE');
#8484 = VERTEX_POINT ( 'NONE', #4407 ) ;
#8485 = PLANE ( 'NONE',  #2639 ) ;
#8486 = ORIENTED_EDGE ( 'NONE', *, *, #205, .F. ) ;
#8487 = CARTESIAN_POINT ( 'NONE',  ( -0.4035992543080488826, -0.6260000000000000009, 0.7974840713589456120 ) ) ;
#8488 = STYLED_ITEM ( 'NONE', ( #835 ), #9350 ) ;
#8489 = EDGE_CURVE ( 'NONE', #12054, #10486, #8155, .T. ) ;
#8490 = ADVANCED_FACE ( 'NONE', ( #7117 ), #9894, .T. ) ;
#8491 = VECTOR ( 'NONE', #2159, 1000.000000000000000 ) ;
#8492 = CARTESIAN_POINT ( 'NONE',  ( -0.4003760047674415068, -0.6260000000000000009, 0.7075796701950723966 ) ) ;
#8493 = DIRECTION ( 'NONE',  ( 1.000000000000000000, 0.0000000000000000000, 0.0000000000000000000 ) ) ;
#8494 = FILL_AREA_STYLE ('',( #1118 ) ) ;
#8495 = DIRECTION ( 'NONE',  ( -0.0000000000000000000, 1.000000000000000000, -0.0000000000000000000 ) ) ;
#8496 = VECTOR ( 'NONE', #9693, 1000.000000000000000 ) ;
#8497 = FILL_AREA_STYLE_COLOUR ( '', #3900 ) ;
#8498 = CARTESIAN_POINT ( 'NONE',  ( -0.1998067027099670323, -0.6250000000000000000, 0.7369008434350673431 ) ) ;
#8499 = VECTOR ( 'NONE', #10674, 1000.000000000000000 ) ;
#8500 = CARTESIAN_POINT ( 'NONE',  ( 1.000000000000000000, 0.6250000000000000000, 1.000000000000000000 ) ) ;
#8501 =( LENGTH_UNIT ( ) NAMED_UNIT ( * ) SI_UNIT ( .MILLI., .METRE. ) );
#8502 = EDGE_LOOP ( 'NONE', ( #5352, #4291, #9598, #6005 ) ) ;
#8503 = ORIENTED_EDGE ( 'NONE', *, *, #2863, .F. ) ;
#8504 =( NAMED_UNIT ( * ) SI_UNIT ( $, .STERADIAN. ) SOLID_ANGLE_UNIT ( ) );
#8505 = STYLED_ITEM ( 'NONE', ( #5164 ), #10098 ) ;
#8506 =( GEOMETRIC_REPRESENTATION_CONTEXT ( 3 ) GLOBAL_UNCERTAINTY_ASSIGNED_CONTEXT ( ( #11884 ) ) GLOBAL_UNIT_ASSIGNED_CONTEXT ( ( #9942, #7159, #7039 ) ) REPRESENTATION_CONTEXT ( 'NONE', 'WORKASPACE' ) );
#8507 = LINE ( 'NONE', #4765, #4408 ) ;
#8508 = MECHANICAL_DESIGN_GEOMETRIC_PRESENTATION_REPRESENTATION (  '', ( #10476 ), #11665 ) ;
#8509 = CARTESIAN_POINT ( 'NONE',  ( -0.3637765261129762839, -0.6260000000000000009, 0.8291273706121738973 ) ) ;
#8510 = CARTESIAN_POINT ( 'NONE',  ( -0.7338179114785317037, -0.6250000000000000000, 0.6512371686718249064 ) ) ;
#8511 = FILL_AREA_STYLE_COLOUR ( '', #8515 ) ;
#8512 = FILL_AREA_STYLE ('',( #6506 ) ) ;
#8513 = CARTESIAN_POINT ( 'NONE',  ( -0.7564717049682050387, -0.6250000000000000000, 0.8377694897730677548 ) ) ;
#8514 = ORIENTED_EDGE ( 'NONE', *, *, #2192, .T. ) ;
#8515 = COLOUR_RGB ( '',0.0000000000000000000, 0.0000000000000000000, 0.0000000000000000000 ) ;
#8516 = ORIENTED_EDGE ( 'NONE', *, *, #3999, .F. ) ;
#8517 = EDGE_LOOP ( 'NONE', ( #7952, #11489, #10074, #5791, #6998, #1203, #5173, #11750, #5924, #5535, #9347, #10298 ) ) ;
#8518 = UNCERTAINTY_MEASURE_WITH_UNIT (LENGTH_MEASURE( 1.000000000000000082E-05 ), #613, 'distance_accuracy_value', 'NONE');
#8519 = STYLED_ITEM ( 'NONE', ( #9455 ), #5958 ) ;
#8520 = CARTESIAN_POINT ( 'NONE',  ( -0.3505196126800235179, -0.6260000000000000009, 0.7044603964459816847 ) ) ;
#8521 =( LENGTH_UNIT ( ) NAMED_UNIT ( * ) SI_UNIT ( .MILLI., .METRE. ) );
#8522 = STYLED_ITEM ( 'NONE', ( #10895 ), #8011 ) ;
#8523 = DIRECTION ( 'NONE',  ( 1.000000000000000000, -0.0000000000000000000, -0.0000000000000000000 ) ) ;
#8524 = CARTESIAN_POINT ( 'NONE',  ( -0.7063441423670857588, -0.6260000000000000009, 0.7418523702105359607 ) ) ;
#8525 = CARTESIAN_POINT ( 'NONE',  ( -0.1831705760484461654, -0.6250000000000000000, 0.7180465665522892671 ) ) ;
#8526 = B_SPLINE_CURVE_WITH_KNOTS ( 'NONE', 3,
 ( #12070, #67, #11205, #10350 ),
 .UNSPECIFIED., .F., .F.,
 ( 4, 4 ),
 ( 19.00000000000000000, 20.00000000000000000 ),
 .UNSPECIFIED. ) ;
#8527 = CARTESIAN_POINT ( 'NONE',  ( -0.2938874648380357391, -0.6250000000000000000, 0.7908296206947071916 ) ) ;
#8528 = SURFACE_STYLE_USAGE ( .BOTH. , #129 ) ;
#8529 = CARTESIAN_POINT ( 'NONE',  ( -0.4000000000000004108, 0.6250000000000000000, 0.0000000000000000000 ) ) ;
#8530 = FACE_BOUND ( 'NONE', #8434, .T. ) ;
#8531 = PRESENTATION_LAYER_ASSIGNMENT (  '', '', ( #11519 ) ) ;
#8532 = ORIENTED_EDGE ( 'NONE', *, *, #4865, .T. ) ;
#8533 = UNCERTAINTY_MEASURE_WITH_UNIT (LENGTH_MEASURE( 1.000000000000000082E-05 ), #10063, 'distance_accuracy_value', 'NONE');
#8534 = VECTOR ( 'NONE', #1976, 1000.000000000000000 ) ;
#8535 = ORIENTED_EDGE ( 'NONE', *, *, #7802, .T. ) ;
#8536 =( LENGTH_UNIT ( ) NAMED_UNIT ( * ) SI_UNIT ( .MILLI., .METRE. ) );
#8537 = EDGE_CURVE ( 'NONE', #11468, #2950, #9143, .T. ) ;
#8538 = EDGE_CURVE ( 'NONE', #5772, #4853, #11805, .T. ) ;
#8539 = STYLED_ITEM ( 'NONE', ( #6700 ), #6534 ) ;
#8540 = DIRECTION ( 'NONE',  ( -0.0000000000000000000, 0.0000000000000000000, -1.000000000000000000 ) ) ;
#8541 = SURFACE_STYLE_FILL_AREA ( #9668 ) ;
#8542 = VECTOR ( 'NONE', #9339, 1000.000000000000000 ) ;
#8543 = PLANE ( 'NONE',  #6731 ) ;
#8544 = VERTEX_POINT ( 'NONE', #9442 ) ;
#8545 = LINE ( 'NONE', #9306, #2213 ) ;
#8546 =( NAMED_UNIT ( * ) PLANE_ANGLE_UNIT ( ) SI_UNIT ( $, .RADIAN. ) );
#8547 = PRESENTATION_STYLE_ASSIGNMENT (( #11403 ) ) ;
#8548 = ORIENTED_EDGE ( 'NONE', *, *, #5955, .T. ) ;
#8549 = ORIENTED_EDGE ( 'NONE', *, *, #12055, .T. ) ;
#8550 = SURFACE_SIDE_STYLE ('',( #2000 ) ) ;
#8551 = UNCERTAINTY_MEASURE_WITH_UNIT (LENGTH_MEASURE( 1.000000000000000082E-05 ), #7350, 'distance_accuracy_value', 'NONE');
#8552 = ORIENTED_EDGE ( 'NONE', *, *, #1246, .T. ) ;
#8553 = MECHANICAL_DESIGN_GEOMETRIC_PRESENTATION_REPRESENTATION (  '', ( #11738 ), #11141 ) ;
#8554 = PRESENTATION_STYLE_ASSIGNMENT (( #7587 ) ) ;
#8555 = EDGE_CURVE ( 'NONE', #8783, #8635, #1901, .T. ) ;
#8556 = B_SPLINE_CURVE_WITH_KNOTS ( 'NONE', 3,
 ( #912, #4359, #4598, #4425 ),
 .UNSPECIFIED., .F., .F.,
 ( 4, 4 ),
 ( 6.000000000000000000, 7.000000000000000000 ),
 .UNSPECIFIED. ) ;
#8557 =( LENGTH_UNIT ( ) NAMED_UNIT ( * ) SI_UNIT ( .MILLI., .METRE. ) );
#8558 =( NAMED_UNIT ( * ) SI_UNIT ( $, .STERADIAN. ) SOLID_ANGLE_UNIT ( ) );
#8559 = CARTESIAN_POINT ( 'NONE',  ( -0.4396268661082691764, -0.6250000000000000000, 0.7908296206947073026 ) ) ;
#8560 = CARTESIAN_POINT ( 'NONE',  ( -0.3381638227744444558, -0.6250000000000000000, 0.6604786365855273012 ) ) ;
#8561 = PRESENTATION_STYLE_ASSIGNMENT (( #4146 ) ) ;
#8562 = CARTESIAN_POINT ( 'NONE',  ( -0.5487315646773255340, -0.6250000000000000000, 0.7047386866284428564 ) ) ;
#8563 = CARTESIAN_POINT ( 'NONE',  ( -1.000000000000000000, -0.6250000000000000000, 1.000000000000000000 ) ) ;
#8564 = SURFACE_STYLE_USAGE ( .BOTH. , #955 ) ;
#8565 = ORIENTED_EDGE ( 'NONE', *, *, #590, .F. ) ;
#8566 = ORIENTED_EDGE ( 'NONE', *, *, #8695, .F. ) ;
#8567 = EDGE_CURVE ( 'NONE', #8750, #6164, #5630, .T. ) ;
#8568 = CARTESIAN_POINT ( 'NONE',  ( -0.6856183391259830229, -0.6260000000000000009, 0.7008827245175198728 ) ) ;
#8569 = SURFACE_STYLE_FILL_AREA ( #7847 ) ;
#8570 = LINE ( 'NONE', #1331, #9845 ) ;
#8571 = EDGE_CURVE ( 'NONE', #5136, #1770, #11798, .T. ) ;
#8572 = SURFACE_STYLE_FILL_AREA ( #8698 ) ;
#8573 = DIRECTION ( 'NONE',  ( -0.0000000000000000000, 1.000000000000000000, -0.0000000000000000000 ) ) ;
#8574 =( GEOMETRIC_REPRESENTATION_CONTEXT ( 3 ) GLOBAL_UNCERTAINTY_ASSIGNED_CONTEXT ( ( #10724 ) ) GLOBAL_UNIT_ASSIGNED_CONTEXT ( ( #598, #7237, #6204 ) ) REPRESENTATION_CONTEXT ( 'NONE', 'WORKASPACE' ) );
#8575 = SURFACE_STYLE_FILL_AREA ( #5767 ) ;
#8576 =( NAMED_UNIT ( * ) SI_UNIT ( $, .STERADIAN. ) SOLID_ANGLE_UNIT ( ) );
#8577 =( NAMED_UNIT ( * ) SI_UNIT ( $, .STERADIAN. ) SOLID_ANGLE_UNIT ( ) );
#8578 = EDGE_LOOP ( 'NONE', ( #1435, #7214, #4714, #2133, #4981, #377, #5551, #4178, #6404, #147, #942, #287 ) ) ;
#8579 = DIRECTION ( 'NONE',  ( -0.0000000000000000000, 1.000000000000000000, -0.0000000000000000000 ) ) ;
#8580 = ORIENTED_EDGE ( 'NONE', *, *, #1798, .F. ) ;
#8581 = ORIENTED_EDGE ( 'NONE', *, *, #5533, .T. ) ;
#8582 =( LENGTH_UNIT ( ) NAMED_UNIT ( * ) SI_UNIT ( .MILLI., .METRE. ) );
#8583 = COLOUR_RGB ( '',0.0000000000000000000, 0.0000000000000000000, 0.0000000000000000000 ) ;
#8584 = PRESENTATION_STYLE_ASSIGNMENT (( #8777 ) ) ;
#8585 = CARTESIAN_POINT ( 'NONE',  ( -0.2328363458514246531, -0.6250000000000000000, 0.8452089597180334479 ) ) ;
#8586 = B_SPLINE_CURVE_WITH_KNOTS ( 'NONE', 3,
 ( #5494, #9055, #8243, #10846 ),
 .UNSPECIFIED., .F., .F.,
 ( 4, 4 ),
 ( 21.00000000000000000, 22.00000000000000000 ),
 .UNSPECIFIED. ) ;
#8587 = MECHANICAL_DESIGN_GEOMETRIC_PRESENTATION_REPRESENTATION (  '', ( #9993 ), #6258 ) ;
#8588 = ADVANCED_FACE ( 'NONE', ( #12094 ), #9424, .F. ) ;
#8589 = CARTESIAN_POINT ( 'NONE',  ( -0.3376092852190134552, -0.6250000000000000000, 0.8586218368384853639 ) ) ;
#8590 = PRESENTATION_STYLE_ASSIGNMENT (( #7800 ) ) ;
#8591 = LINE ( 'NONE', #4726, #9793 ) ;
#8592 =( GEOMETRIC_REPRESENTATION_CONTEXT ( 3 ) GLOBAL_UNCERTAINTY_ASSIGNED_CONTEXT ( ( #8597 ) ) GLOBAL_UNIT_ASSIGNED_CONTEXT ( ( #5522, #5458, #5577 ) ) REPRESENTATION_CONTEXT ( 'NONE', 'WORKASPACE' ) );
#8593 = CARTESIAN_POINT ( 'NONE',  ( -0.4039458402799911418, -0.6260000000000000009, 0.6850169234108318683 ) ) ;
#8594 = COLOUR_RGB ( '',0.0000000000000000000, 0.0000000000000000000, 0.0000000000000000000 ) ;
#8595 = SURFACE_STYLE_USAGE ( .BOTH. , #2957 ) ;
#8596 = CARTESIAN_POINT ( 'NONE',  ( -0.4260580253005465945, -0.6250000000000000000, 0.7283055113269394365 ) ) ;
#8598 = ORIENTED_EDGE ( 'NONE', *, *, #10560, .F. ) ;
#8597 = UNCERTAINTY_MEASURE_WITH_UNIT (LENGTH_MEASURE( 1.000000000000000082E-05 ), #5522, 'distance_accuracy_value', 'NONE');
#8599 = ORIENTED_EDGE ( 'NONE', *, *, #5903, .F. ) ;
#8600 = VERTEX_POINT ( 'NONE', #832 ) ;
#8601 = COLOUR_RGB ( '',0.0000000000000000000, 0.0000000000000000000, 0.0000000000000000000 ) ;
#8602 = EDGE_CURVE ( 'NONE', #5908, #10044, #7647, .T. ) ;
#8603 = AXIS2_PLACEMENT_3D ( 'NONE', #10190, #2641, #6266 ) ;
#8604 = FILL_AREA_STYLE_COLOUR ( '', #7095 ) ;
#8605 = DIRECTION ( 'NONE',  ( 0.0000000000000000000, 1.000000000000000000, 0.0000000000000000000 ) ) ;
#8606 =( NAMED_UNIT ( * ) SI_UNIT ( $, .STERADIAN. ) SOLID_ANGLE_UNIT ( ) );
#8607 = CARTESIAN_POINT ( 'NONE',  ( -0.4753772091311208592, -0.6260000000000000009, 0.8586218368384853639 ) ) ;
#8608 = SURFACE_STYLE_FILL_AREA ( #5737 ) ;
#8609 = ORIENTED_EDGE ( 'NONE', *, *, #9538, .F. ) ;
#8610 = UNCERTAINTY_MEASURE_WITH_UNIT (LENGTH_MEASURE( 1.000000000000000082E-05 ), #3172, 'distance_accuracy_value', 'NONE');
#8611 = ORIENTED_EDGE ( 'NONE', *, *, #11659, .F. ) ;
#8612 = DIRECTION ( 'NONE',  ( -0.0000000000000000000, 1.000000000000000000, -0.0000000000000000000 ) ) ;
#8613 = B_SPLINE_CURVE_WITH_KNOTS ( 'NONE', 3,
 ( #9847, #3439, #1621, #7068 ),
 .UNSPECIFIED., .F., .F.,
 ( 4, 4 ),
 ( 28.00000000000000000, 29.00000000000000000 ),
 .UNSPECIFIED. ) ;
#8614 = ORIENTED_EDGE ( 'NONE', *, *, #3772, .F. ) ;
#8615 = EDGE_CURVE ( 'NONE', #11456, #3133, #8320, .T. ) ;
#8616 = CARTESIAN_POINT ( 'NONE',  ( -0.3860966627165586806, -0.6260000000000000009, 0.8569928827695967311 ) ) ;
#8617 = PRESENTATION_LAYER_ASSIGNMENT (  '', '', ( #9004 ) ) ;
#8618 = CARTESIAN_POINT ( 'NONE',  ( -0.3956797648454490890, -0.6250000000000000000, 0.8597655705465168108 ) ) ;
#8619 = LINE ( 'NONE', #1180, #7342 ) ;
#8620 = FACE_OUTER_BOUND ( 'NONE', #2029, .T. ) ;
#8621 = DIRECTION ( 'NONE',  ( 0.0000000000000000000, 1.000000000000000000, 0.0000000000000000000 ) ) ;
#8622 = DIRECTION ( 'NONE',  ( -0.0000000000000000000, 1.000000000000000000, -0.0000000000000000000 ) ) ;
#8623 = FILL_AREA_STYLE ('',( #11298 ) ) ;
#8624 = EDGE_CURVE ( 'NONE', #6301, #9764, #7403, .T. ) ;
#8625 = LINE ( 'NONE', #3903, #2048 ) ;
#8626 = LINE ( 'NONE', #9569, #1579 ) ;
#8627 = VERTEX_POINT ( 'NONE', #946 ) ;
#8628 = VERTEX_POINT ( 'NONE', #1850 ) ;
#8629 = CARTESIAN_POINT ( 'NONE',  ( -0.7342999090408477425, -0.6260000000000000009, 0.6801568753099487274 ) ) ;
#8630 =( GEOMETRIC_REPRESENTATION_CONTEXT ( 3 ) GLOBAL_UNCERTAINTY_ASSIGNED_CONTEXT ( ( #4746 ) ) GLOBAL_UNIT_ASSIGNED_CONTEXT ( ( #3346, #1592, #9058 ) ) REPRESENTATION_CONTEXT ( 'NONE', 'WORKASPACE' ) );
#8631 = CARTESIAN_POINT ( 'NONE',  ( -0.2197180668069255993, -0.6260000000000000009, 0.6832839935504295692 ) ) ;
#8632 = CARTESIAN_POINT ( 'NONE',  ( -0.3672423858340090885, -0.6260000000000000009, 0.6821402598423972341 ) ) ;
#8633 = LINE ( 'NONE', #9341, #4463 ) ;
#8634 =( NAMED_UNIT ( * ) PLANE_ANGLE_UNIT ( ) SI_UNIT ( $, .RADIAN. ) );
#8635 = VERTEX_POINT ( 'NONE', #9325 ) ;
#8636 = ORIENTED_EDGE ( 'NONE', *, *, #7033, .F. ) ;
#8637 = FACE_OUTER_BOUND ( 'NONE', #6886, .T. ) ;
#8638 =( GEOMETRIC_REPRESENTATION_CONTEXT ( 3 ) GLOBAL_UNCERTAINTY_ASSIGNED_CONTEXT ( ( #5995 ) ) GLOBAL_UNIT_ASSIGNED_CONTEXT ( ( #1099, #11333, #9425 ) ) REPRESENTATION_CONTEXT ( 'NONE', 'WORKASPACE' ) );
#8639 = EDGE_LOOP ( 'NONE', ( #6824, #5045, #3448, #8140 ) ) ;
#8640 = ORIENTED_EDGE ( 'NONE', *, *, #9366, .F. ) ;
#8641 = EDGE_CURVE ( 'NONE', #6164, #8803, #155, .T. ) ;
#8642 = UNCERTAINTY_MEASURE_WITH_UNIT (LENGTH_MEASURE( 1.000000000000000082E-05 ), #11955, 'distance_accuracy_value', 'NONE');
#8643 = ADVANCED_FACE ( 'NONE', ( #8369 ), #10315, .F. ) ;
#8644 = CARTESIAN_POINT ( 'NONE',  ( -0.1697403696298703801, -0.6260000000000000009, 0.6832839935504295692 ) ) ;
#8645 = CARTESIAN_POINT ( 'NONE',  ( -0.3918846484508255457, -0.6260000000000000009, 0.7144420724423385938 ) ) ;
#8646 = CARTESIAN_POINT ( 'NONE',  ( -0.4003760047674415068, -0.6260000000000000009, 0.6989496794893121923 ) ) ;
#8647 = LINE ( 'NONE', #10523, #7346 ) ;
#8648 = STYLED_ITEM ( 'NONE', ( #7913 ), #3745 ) ;
#8649 = VECTOR ( 'NONE', #3349, 1000.000000000000000 ) ;
#8650 = DIRECTION ( 'NONE',  ( -1.000000000000000000, -5.872761767629818971E-16, 0.0000000000000000000 ) ) ;
#8651 = CARTESIAN_POINT ( 'NONE',  ( -0.2961922615526851876, -0.6260000000000000009, 0.8508236524662153855 ) ) ;
#8652 = SURFACE_SIDE_STYLE ('',( #185 ) ) ;
#8653 = CARTESIAN_POINT ( 'NONE',  ( -0.3337621809286344110, -0.6250000000000000000, 0.7317020538534013685 ) ) ;
#8654 = ORIENTED_EDGE ( 'NONE', *, *, #3828, .T. ) ;
#8655 = ORIENTED_EDGE ( 'NONE', *, *, #1518, .F. ) ;
#8656 = ORIENTED_EDGE ( 'NONE', *, *, #7659, .T. ) ;
#8657 = PRESENTATION_LAYER_ASSIGNMENT (  '', '', ( #1828 ) ) ;
#8658 = PRESENTATION_LAYER_ASSIGNMENT (  '', '', ( #8453 ) ) ;
#8659 = ADVANCED_FACE ( 'NONE', ( #4878 ), #2198, .F. ) ;
#8660 = B_SPLINE_CURVE_WITH_KNOTS ( 'NONE', 3,
 ( #7912, #416, #5885, #3914 ),
 .UNSPECIFIED., .F., .F.,
 ( 4, 4 ),
 ( 11.00000000000000000, 12.00000000000000000 ),
 .UNSPECIFIED. ) ;
#8661 = CARTESIAN_POINT ( 'NONE',  ( 0.4000000000000000222, -0.6250000000000000000, -0.01000000000000000021 ) ) ;
#8662 = PLANE ( 'NONE',  #9925 ) ;
#8663 = LINE ( 'NONE', #6045, #291 ) ;
#8664 =( LENGTH_UNIT ( ) NAMED_UNIT ( * ) SI_UNIT ( .MILLI., .METRE. ) );
#8665 = FILL_AREA_STYLE ('',( #2117 ) ) ;
#8666 = PRESENTATION_LAYER_ASSIGNMENT (  '', '', ( #11840 ) ) ;
#8667 = CARTESIAN_POINT ( 'NONE',  ( -0.3187550083364663611, -0.6260000000000000009, 0.6759710295390156665 ) ) ;
#8668 = CARTESIAN_POINT ( 'NONE',  ( -0.3200720350303528638, -0.6250000000000000000, 0.6913247881028975472 ) ) ;
#8669 = ORIENTED_EDGE ( 'NONE', *, *, #7110, .F. ) ;
#8670 = CARTESIAN_POINT ( 'NONE',  ( -0.3803260062811051334, -0.6250000000000000000, 0.7186357627051216390 ) ) ;
#8671 = CARTESIAN_POINT ( 'NONE',  ( -0.4666259133354898614, -0.6260000000000000009, 0.6910128607283587687 ) ) ;
#8672 = VERTEX_POINT ( 'NONE', #11414 ) ;
#8673 = FILL_AREA_STYLE ('',( #515 ) ) ;
#8674 = ORIENTED_EDGE ( 'NONE', *, *, #4645, .F. ) ;
#8675 = PRESENTATION_LAYER_ASSIGNMENT (  '', '', ( #2016 ) ) ;
#8676 = CARTESIAN_POINT ( 'NONE',  ( -0.3968928157478209817, -0.6250000000000000000, 0.7974840713589456120 ) ) ;
#8677 = FILL_AREA_STYLE ('',( #1309 ) ) ;
#8678 =( NAMED_UNIT ( * ) SI_UNIT ( $, .STERADIAN. ) SOLID_ANGLE_UNIT ( ) );
#8679 =( LENGTH_UNIT ( ) NAMED_UNIT ( * ) SI_UNIT ( .MILLI., .METRE. ) );
#8680 = PRESENTATION_STYLE_ASSIGNMENT (( #10613 ) ) ;
#8681 = EDGE_LOOP ( 'NONE', ( #1143, #10355, #1919, #9584 ) ) ;
#8682 = CARTESIAN_POINT ( 'NONE',  ( -0.3779172337749439059, -0.6250000000000000000, 0.7109762127215346617 ) ) ;
#8683 = CARTESIAN_POINT ( 'NONE',  ( -0.2383643921062167659, -0.6250000000000000000, 0.6832839935504295692 ) ) ;
#8684 = CARTESIAN_POINT ( 'NONE',  ( 0.0000000000000000000, -0.6260000000000000009, 0.0000000000000000000 ) ) ;
#8685 =( GEOMETRIC_REPRESENTATION_CONTEXT ( 3 ) GLOBAL_UNCERTAINTY_ASSIGNED_CONTEXT ( ( #5431 ) ) GLOBAL_UNIT_ASSIGNED_CONTEXT ( ( #1889, #874, #12080 ) ) REPRESENTATION_CONTEXT ( 'NONE', 'WORKASPACE' ) );
#8686 = VECTOR ( 'NONE', #4134, 1000.000000000000000 ) ;
#8687 =( NAMED_UNIT ( * ) SI_UNIT ( $, .STERADIAN. ) SOLID_ANGLE_UNIT ( ) );
#8688 = EDGE_LOOP ( 'NONE', ( #7411, #8361, #4047, #11103 ) ) ;
#8689 = COLOUR_RGB ( '',0.0000000000000000000, 0.0000000000000000000, 0.0000000000000000000 ) ;
#8690 = VERTEX_POINT ( 'NONE', #2925 ) ;
#8691 = CARTESIAN_POINT ( 'NONE',  ( -1.000000000000000000, -0.6250000000000000000, -0.01000000000000000021 ) ) ;
#8692 = ADVANCED_FACE ( 'NONE', ( #10494 ), #460, .F. ) ;
#8693 = MECHANICAL_DESIGN_GEOMETRIC_PRESENTATION_REPRESENTATION (  '', ( #5970 ), #1306 ) ;
#8694 = CARTESIAN_POINT ( 'NONE',  ( -0.1604518655769359148, -0.6260000000000000009, 0.7094858930413312503 ) ) ;
#8695 = EDGE_CURVE ( 'NONE', #11580, #1324, #6669, .T. ) ;
#8696 = CARTESIAN_POINT ( 'NONE',  ( -0.4368541783315783023, -0.6260000000000000009, 0.8343608187910123153 ) ) ;
#8697 = EDGE_CURVE ( 'NONE', #1047, #7857, #4270, .T. ) ;
#8698 = FILL_AREA_STYLE ('',( #8765 ) ) ;
#8699 = CARTESIAN_POINT ( 'NONE',  ( -0.1831705760484461654, -0.6250000000000000000, 0.7280975597434504731 ) ) ;
#8700 = CARTESIAN_POINT ( 'NONE',  ( -0.4270631246196632258, -0.6250000000000000000, 0.8497838945496974938 ) ) ;
#8701 = VERTEX_POINT ( 'NONE', #2505 ) ;
#8702 = VERTEX_POINT ( 'NONE', #6307 ) ;
#8703 =( NAMED_UNIT ( * ) SI_UNIT ( $, .STERADIAN. ) SOLID_ANGLE_UNIT ( ) );
#8704 = ORIENTED_EDGE ( 'NONE', *, *, #2072, .T. ) ;
#8705 = STYLED_ITEM ( 'NONE', ( #8813 ), #9619 ) ;
#8706 = MECHANICAL_DESIGN_GEOMETRIC_PRESENTATION_REPRESENTATION (  '', ( #5595 ), #11881 ) ;
#8707 =( NAMED_UNIT ( * ) SI_UNIT ( $, .STERADIAN. ) SOLID_ANGLE_UNIT ( ) );
#8708 = B_SPLINE_CURVE_WITH_KNOTS ( 'NONE', 3,
 ( #5507, #1547, #3588, #7279 ),
 .UNSPECIFIED., .F., .F.,
 ( 4, 4 ),
 ( 27.00000000000000000, 28.00000000000000000 ),
 .UNSPECIFIED. ) ;
#8709 = FILL_AREA_STYLE ('',( #4971 ) ) ;
#8710 =( GEOMETRIC_REPRESENTATION_CONTEXT ( 3 ) GLOBAL_UNCERTAINTY_ASSIGNED_CONTEXT ( ( #9235 ) ) GLOBAL_UNIT_ASSIGNED_CONTEXT ( ( #6050, #8859, #8985 ) ) REPRESENTATION_CONTEXT ( 'NONE', 'WORKASPACE' ) );
#8711 = PRESENTATION_LAYER_ASSIGNMENT (  '', '', ( #348 ) ) ;
#8712 = CARTESIAN_POINT ( 'NONE',  ( -0.7338179114785317037, -0.6250000000000000000, 0.6512371686718249064 ) ) ;
#8713 =( LENGTH_UNIT ( ) NAMED_UNIT ( * ) SI_UNIT ( .MILLI., .METRE. ) );
#8714 = CARTESIAN_POINT ( 'NONE',  ( -0.3715747104854764671, -0.6250000000000000000, 0.7193982518438081231 ) ) ;
#8715 = PRESENTATION_LAYER_ASSIGNMENT (  '', '', ( #5604 ) ) ;
#8716 = CARTESIAN_POINT ( 'NONE',  ( -0.3337621809286344110, -0.6250000000000000000, 0.7317020538534013685 ) ) ;
#8717 = DIRECTION ( 'NONE',  ( -1.000000000000000000, -0.0000000000000000000, -0.0000000000000000000 ) ) ;
#8718 = EDGE_CURVE ( 'NONE', #10093, #3534, #7160, .T. ) ;
#8719 = FILL_AREA_STYLE ('',( #11576 ) ) ;
#8720 = FACE_BOUND ( 'NONE', #8105, .T. ) ;
#8722 = VERTEX_POINT ( 'NONE', #4390 ) ;
#8721 = UNCERTAINTY_MEASURE_WITH_UNIT (LENGTH_MEASURE( 1.000000000000000082E-05 ), #10840, 'distance_accuracy_value', 'NONE');
#8723 = ORIENTED_EDGE ( 'NONE', *, *, #10609, .T. ) ;
#8724 = CARTESIAN_POINT ( 'NONE',  ( -0.3536215571303006344, -0.6250000000000000000, 0.7247356758141610955 ) ) ;
#8725 = VECTOR ( 'NONE', #6698, 1000.000000000000000 ) ;
#8726 = ADVANCED_FACE ( 'NONE', ( #2379 ), #3407, .F. ) ;
#8727 = CARTESIAN_POINT ( 'NONE',  ( -0.2967814577050550406, -0.6260000000000000009, 0.7317020538534013685 ) ) ;
#8728 = PRESENTATION_STYLE_ASSIGNMENT (( #10717 ) ) ;
#8729 = FACE_OUTER_BOUND ( 'NONE', #11029, .T. ) ;
#8730 = CARTESIAN_POINT ( 'NONE',  ( -0.3187550083364664721, -0.6250000000000000000, 0.6759710295390156665 ) ) ;
#8731 = CARTESIAN_POINT ( 'NONE',  ( 0.0000000000000000000, 0.0000000000000000000, 1.000000000000000000 ) ) ;
#8732 = CARTESIAN_POINT ( 'NONE',  ( -0.4666259133354898614, -0.6250000000000000000, 0.8586218368384853639 ) ) ;
#8733 = SURFACE_STYLE_FILL_AREA ( #448 ) ;
#8734 = AXIS2_PLACEMENT_3D ( 'NONE', #8395, #3742, #2831 ) ;
#8735 = EDGE_LOOP ( 'NONE', ( #672, #10125, #514, #5064 ) ) ;
#8736 = CARTESIAN_POINT ( 'NONE',  ( -0.5308977192294062064, -0.6260000000000000009, 0.7505282803632126187 ) ) ;
#8737 =( LENGTH_UNIT ( ) NAMED_UNIT ( * ) SI_UNIT ( .MILLI., .METRE. ) );
#8738 = UNCERTAINTY_MEASURE_WITH_UNIT (LENGTH_MEASURE( 1.000000000000000082E-05 ), #11130, 'distance_accuracy_value', 'NONE');
#8739 = ORIENTED_EDGE ( 'NONE', *, *, #325, .T. ) ;
#8740 = CARTESIAN_POINT ( 'NONE',  ( -0.4154351652553697205, -0.6260000000000000009, 0.6821402598423972341 ) ) ;
#8741 = ORIENTED_EDGE ( 'NONE', *, *, #8538, .T. ) ;
#8742 = CARTESIAN_POINT ( 'NONE',  ( -0.6210309048191222647, -0.6250000000000000000, 0.6830488790696001011 ) ) ;
#8743 = FILL_AREA_STYLE_COLOUR ( '', #7201 ) ;
#8744 = STYLED_ITEM ( 'NONE', ( #6413 ), #6440 ) ;
#8745 = VECTOR ( 'NONE', #10022, 1000.000000000000000 ) ;
#8746 = EDGE_CURVE ( 'NONE', #5742, #6746, #4854, .T. ) ;
#8747 =( NAMED_UNIT ( * ) SI_UNIT ( $, .STERADIAN. ) SOLID_ANGLE_UNIT ( ) );
#8748 = PRESENTATION_STYLE_ASSIGNMENT (( #5930 ) ) ;
#8749 = CARTESIAN_POINT ( 'NONE',  ( -0.3779172337749439059, -0.6260000000000000009, 0.7109762127215346617 ) ) ;
#8750 = VERTEX_POINT ( 'NONE', #1657 ) ;
#8751 = LINE ( 'NONE', #4082, #8649 ) ;
#8752 = EDGE_CURVE ( 'NONE', #10211, #5136, #3851, .T. ) ;
#8753 =( NAMED_UNIT ( * ) PLANE_ANGLE_UNIT ( ) SI_UNIT ( $, .RADIAN. ) );
#8754 =( NAMED_UNIT ( * ) SI_UNIT ( $, .STERADIAN. ) SOLID_ANGLE_UNIT ( ) );
#8755 = CARTESIAN_POINT ( 'NONE',  ( -0.4156951047343820371, -0.6260000000000000009, 0.7328111289642612602 ) ) ;
#8756 = APPLICATION_PROTOCOL_DEFINITION ( 'draft international standard', 'automotive_design', 1998, #4253 ) ;
#8757 = AXIS2_PLACEMENT_3D ( 'NONE', #10741, #6986, #6320 ) ;
#8758 = ORIENTED_EDGE ( 'NONE', *, *, #5166, .T. ) ;
#8759 = EDGE_LOOP ( 'NONE', ( #139, #7282, #2240, #6583 ) ) ;
#8760 = B_SPLINE_SURFACE_WITH_KNOTS ( 'NONE', 3, 1, ( 
 ( #3681, #5484 ),
 ( #8459, #5717 ),
 ( #123, #11199 ),
 ( #1877, #974 ) ),
 .UNSPECIFIED., .F., .F., .F.,
 ( 4, 4 ),
 ( 2, 2 ),
 ( 2.000000000000000000, 3.000000000000000000 ),
 ( 0.0000000000000000000, 1.000000000000000000 ),
 .UNSPECIFIED. ) ;
#8761 = SURFACE_STYLE_USAGE ( .BOTH. , #2936 ) ;
#8762 = EDGE_CURVE ( 'NONE', #3044, #2506, #2436, .T. ) ;
#8763 = DIRECTION ( 'NONE',  ( 1.000000000000000000, 0.0000000000000000000, 0.0000000000000000000 ) ) ;
#8764 = FILL_AREA_STYLE ('',( #5024 ) ) ;
#8765 = FILL_AREA_STYLE_COLOUR ( '', #5530 ) ;
#8766 = CARTESIAN_POINT ( 'NONE',  ( -0.1923724336084561837, -0.6260000000000000009, 0.7262606540915362840 ) ) ;
#8767 = CARTESIAN_POINT ( 'NONE',  ( -0.6350087881558875713, -0.6250000000000000000, 0.6979907391445477893 ) ) ;
#8768 = FILL_AREA_STYLE ('',( #6924 ) ) ;
#8769 = FILL_AREA_STYLE_COLOUR ( '', #9208 ) ;
#8770 = EDGE_LOOP ( 'NONE', ( #646, #7652, #2442, #5048, #2381, #5185 ) ) ;
#8771 = ORIENTED_EDGE ( 'NONE', *, *, #9367, .F. ) ;
#8772 = LINE ( 'NONE', #6999, #4581 ) ;
#8773 = VERTEX_POINT ( 'NONE', #9944 ) ;
#8774 = EDGE_CURVE ( 'NONE', #4475, #669, #1540, .T. ) ;
#8775 = LINE ( 'NONE', #8644, #3435 ) ;
#8776 = COLOUR_RGB ( '',0.0000000000000000000, 0.0000000000000000000, 0.0000000000000000000 ) ;
#8777 = SURFACE_STYLE_USAGE ( .BOTH. , #7671 ) ;
#8778 = CARTESIAN_POINT ( 'NONE',  ( -0.3577112716011067173, -0.6250000000000000000, 0.7259140681193632094 ) ) ;
#8779 =( NAMED_UNIT ( * ) PLANE_ANGLE_UNIT ( ) SI_UNIT ( $, .RADIAN. ) );
#8780 = FILL_AREA_STYLE_COLOUR ( '', #10115 ) ;
#8781 = DIRECTION ( 'NONE',  ( -1.000000000000000000, 0.0000000000000000000, 0.0000000000000000000 ) ) ;
#8782 = DIRECTION ( 'NONE',  ( 0.4630180653866934892, 0.0000000000000000000, -0.8863488427958620131 ) ) ;
#8783 = VERTEX_POINT ( 'NONE', #5253 ) ;
#8784 = PLANE ( 'NONE',  #11851 ) ;
#8785 = EDGE_CURVE ( 'NONE', #1051, #3994, #9819, .T. ) ;
#8786 = ORIENTED_EDGE ( 'NONE', *, *, #2064, .T. ) ;
#8787 = EDGE_LOOP ( 'NONE', ( #9541, #1200, #5775, #8086, #1702, #71, #4166, #10114, #9525, #6476, #7750, #8835, #1065, #6162, #7716, #9162, #4627, #9572, #10780, #6151, #7855 ) ) ;
#8788 = UNCERTAINTY_MEASURE_WITH_UNIT (LENGTH_MEASURE( 1.000000000000000082E-05 ), #4798, 'distance_accuracy_value', 'NONE');
#8789 = CARTESIAN_POINT ( 'NONE',  ( -0.3623035357315868010, -0.6260000000000000009, 0.7259140681193632094 ) ) ;
#8790 = MECHANICAL_DESIGN_GEOMETRIC_PRESENTATION_REPRESENTATION (  '', ( #9192 ), #10386 ) ;
#8791 = FILL_AREA_STYLE_COLOUR ( '', #278 ) ;
#8792 = MECHANICAL_DESIGN_GEOMETRIC_PRESENTATION_REPRESENTATION (  '', ( #11767 ), #2546 ) ;
#8793 = CARTESIAN_POINT ( 'NONE',  ( -0.4199234535941037683, -0.6250000000000000000, 0.7030740525572911626 ) ) ;
#8794 = SURFACE_SIDE_STYLE ('',( #9800 ) ) ;
#8795 = CARTESIAN_POINT ( 'NONE',  ( -0.6046430612512586622, -0.6260000000000000009, 0.8517473662148278279 ) ) ;
#8796 = FACE_OUTER_BOUND ( 'NONE', #10630, .T. ) ;
#8797 = LINE ( 'NONE', #11719, #10588 ) ;
#8798 = ORIENTED_EDGE ( 'NONE', *, *, #2802, .F. ) ;
#8799 =( NAMED_UNIT ( * ) SI_UNIT ( $, .STERADIAN. ) SOLID_ANGLE_UNIT ( ) );
#8800 = AXIS2_PLACEMENT_3D ( 'NONE', #5664, #3685, #7386 ) ;
#8801 = ORIENTED_EDGE ( 'NONE', *, *, #2983, .T. ) ;
#8802 = UNCERTAINTY_MEASURE_WITH_UNIT (LENGTH_MEASURE( 1.000000000000000082E-05 ), #4593, 'distance_accuracy_value', 'NONE');
#8803 = VERTEX_POINT ( 'NONE', #638 ) ;
#8804 = VECTOR ( 'NONE', #3852, 1000.000000000000000 ) ;
#8805 = EDGE_CURVE ( 'NONE', #9744, #4807, #7078, .T. ) ;
#8806 = CARTESIAN_POINT ( 'NONE',  ( -0.4307889238197114001, -0.6260000000000000009, 0.6962463089071945221 ) ) ;
#8807 = VECTOR ( 'NONE', #3469, 1000.000000000000227 ) ;
#8808 = CARTESIAN_POINT ( 'NONE',  ( -0.4000000000000004108, 0.2250000000000001166, -0.01000000000000000021 ) ) ;
#8809 = FILL_AREA_STYLE ('',( #6002 ) ) ;
#8810 = SURFACE_STYLE_USAGE ( .BOTH. , #11477 ) ;
#8811 = VERTEX_POINT ( 'NONE', #697 ) ;
#8812 =( NAMED_UNIT ( * ) PLANE_ANGLE_UNIT ( ) SI_UNIT ( $, .RADIAN. ) );
#8813 = PRESENTATION_STYLE_ASSIGNMENT (( #4083 ) ) ;
#8814 = CARTESIAN_POINT ( 'NONE',  ( -0.1486159546300752643, -0.6250000000000000000, 0.7401587515728443867 ) ) ;
#8815 = CARTESIAN_POINT ( 'NONE',  ( -0.5930751565320397933, -0.6260000000000000009, 0.8411434589185761146 ) ) ;
#8816 = FILL_AREA_STYLE ('',( #9386 ) ) ;
#8817 = PRODUCT_CONTEXT ( 'NONE', #9995, 'mechanical' ) ;
#8818 = VERTEX_POINT ( 'NONE', #1427 ) ;
#8819 = EDGE_LOOP ( 'NONE', ( #4305, #5681, #2450, #11343, #257, #11264, #12004 ) ) ;
#8820 = AXIS2_PLACEMENT_3D ( 'NONE', #7391, #6532, #5614 ) ;
#8821 = CARTESIAN_POINT ( 'NONE',  ( -0.7429758283868642676, -0.6250000000000000000, 0.8449994256261689207 ) ) ;
#8822 =( GEOMETRIC_REPRESENTATION_CONTEXT ( 3 ) GLOBAL_UNCERTAINTY_ASSIGNED_CONTEXT ( ( #7621 ) ) GLOBAL_UNIT_ASSIGNED_CONTEXT ( ( #9431, #1840, #11337 ) ) REPRESENTATION_CONTEXT ( 'NONE', 'WORKASPACE' ) );
#8823 = ADVANCED_FACE ( 'NONE', ( #4212 ), #3288, .T. ) ;
#8824 = EDGE_CURVE ( 'NONE', #2565, #7899, #7271, .T. ) ;
#8825 = FILL_AREA_STYLE ('',( #11363 ) ) ;
#8826 = FACE_OUTER_BOUND ( 'NONE', #8819, .T. ) ;
#8827 = DIRECTION ( 'NONE',  ( 0.0000000000000000000, 0.0000000000000000000, 1.000000000000000000 ) ) ;
#8828 = CARTESIAN_POINT ( 'NONE',  ( -0.7564717049682050387, -0.6260000000000000009, 0.8377694897730677548 ) ) ;
#8829 = FILL_AREA_STYLE_COLOUR ( '', #1178 ) ;
#8830 = CARTESIAN_POINT ( 'NONE',  ( -0.6287428474276486323, -0.6250000000000000000, 0.6835308674383441252 ) ) ;
#8831 = CARTESIAN_POINT ( 'NONE',  ( -0.3860966627165586806, -0.6260000000000000009, 0.8478430131062688613 ) ) ;
#8832 =( NAMED_UNIT ( * ) SI_UNIT ( $, .STERADIAN. ) SOLID_ANGLE_UNIT ( ) );
#8833 = ORIENTED_EDGE ( 'NONE', *, *, #6546, .T. ) ;
#8834 = FILL_AREA_STYLE_COLOUR ( '', #10488 ) ;
#8835 = ORIENTED_EDGE ( 'NONE', *, *, #2490, .T. ) ;
#8836 = PRESENTATION_LAYER_ASSIGNMENT (  '', '', ( #3345 ) ) ;
#8837 = DIRECTION ( 'NONE',  ( 0.0000000000000000000, 1.000000000000000000, 0.0000000000000000000 ) ) ;
#8838 = SURFACE_STYLE_USAGE ( .BOTH. , #4174 ) ;
#8839 = FILL_AREA_STYLE_COLOUR ( '', #7537 ) ;
#8840 = CARTESIAN_POINT ( 'NONE',  ( -0.3188069962322234718, -0.6250000000000000000, 0.6952412095878495180 ) ) ;
#8841 = SURFACE_STYLE_FILL_AREA ( #304 ) ;
#8842 = PLANE ( 'NONE',  #435 ) ;
#8843 = ORIENTED_EDGE ( 'NONE', *, *, #11577, .F. ) ;
#8844 = VECTOR ( 'NONE', #6724, 1000.000000000000000 ) ;
#8845 = FACE_OUTER_BOUND ( 'NONE', #11157, .T. ) ;
#8847 = EDGE_LOOP ( 'NONE', ( #3185, #1885, #4321, #3322 ) ) ;
#8846 = UNCERTAINTY_MEASURE_WITH_UNIT (LENGTH_MEASURE( 1.000000000000000082E-05 ), #1277, 'distance_accuracy_value', 'NONE');
#8848 = VERTEX_POINT ( 'NONE', #11022 ) ;
#8849 = PLANE ( 'NONE',  #995 ) ;
#8850 = VECTOR ( 'NONE', #6453, 1000.000000000000000 ) ;
#8851 = EDGE_CURVE ( 'NONE', #9954, #6811, #1834, .T. ) ;
#8852 = EDGE_CURVE ( 'NONE', #95, #5236, #815, .T. ) ;
#8853 = B_SPLINE_CURVE_WITH_KNOTS ( 'NONE', 3,
 ( #5751, #9497, #8560, #212 ),
 .UNSPECIFIED., .F., .F.,
 ( 4, 4 ),
 ( 2.000000000000000000, 3.000000000000000000 ),
 .UNSPECIFIED. ) ;
#8854 = FILL_AREA_STYLE ('',( #11526 ) ) ;
#8855 = EDGE_CURVE ( 'NONE', #9865, #60, #2782, .T. ) ;
#8856 = FILL_AREA_STYLE ('',( #8002 ) ) ;
#8857 =( NAMED_UNIT ( * ) PLANE_ANGLE_UNIT ( ) SI_UNIT ( $, .RADIAN. ) );
#8858 = CARTESIAN_POINT ( 'NONE',  ( -0.1947812061141550311, -0.6260000000000000009, 0.7027621251827497195 ) ) ;
#8859 =( NAMED_UNIT ( * ) PLANE_ANGLE_UNIT ( ) SI_UNIT ( $, .RADIAN. ) );
#8860 = B_SPLINE_SURFACE_WITH_KNOTS ( 'NONE', 3, 1, ( 
 ( #5234, #7375 ),
 ( #5473, #11136 ),
 ( #2710, #10151 ),
 ( #2259, #5004 ) ),
 .UNSPECIFIED., .F., .F., .F.,
 ( 4, 4 ),
 ( 2, 2 ),
 ( 18.00000000000000000, 19.00000000000000000 ),
 ( 0.0000000000000000000, 1.000000000000000000 ),
 .UNSPECIFIED. ) ;
#8861 = FILL_AREA_STYLE ('',( #3143 ) ) ;
#8862 = VERTEX_POINT ( 'NONE', #2619 ) ;
#8863 = DIRECTION ( 'NONE',  ( -0.0000000000000000000, 1.000000000000000000, -0.0000000000000000000 ) ) ;
#8864 = COLOUR_RGB ( '',0.0000000000000000000, 0.0000000000000000000, 0.0000000000000000000 ) ;
#8865 = UNCERTAINTY_MEASURE_WITH_UNIT (LENGTH_MEASURE( 1.000000000000000082E-05 ), #5089, 'distance_accuracy_value', 'NONE');
#8866 = STYLED_ITEM ( 'NONE', ( #9413 ), #201 ) ;
#8867 = VERTEX_POINT ( 'NONE', #9181 ) ;
#8868 = CARTESIAN_POINT ( 'NONE',  ( -0.5308977192294062064, -0.6250000000000000000, 0.7505282803632126187 ) ) ;
#8869 = VERTEX_POINT ( 'NONE', #6475 ) ;
#8870 =( NAMED_UNIT ( * ) SI_UNIT ( $, .STERADIAN. ) SOLID_ANGLE_UNIT ( ) );
#8871 = VECTOR ( 'NONE', #8482, 1000.000000000000000 ) ;
#8872 = COLOUR_RGB ( '',0.0000000000000000000, 0.0000000000000000000, 0.0000000000000000000 ) ;
#8873 = FACE_OUTER_BOUND ( 'NONE', #5793, .T. ) ;
#8874 = B_SPLINE_CURVE_WITH_KNOTS ( 'NONE', 3,
 ( #7613, #11384, #10346, #7743 ),
 .UNSPECIFIED., .F., .F.,
 ( 4, 4 ),
 ( 12.00000000000000000, 13.00000000000000000 ),
 .UNSPECIFIED. ) ;
#8875 =( NAMED_UNIT ( * ) PLANE_ANGLE_UNIT ( ) SI_UNIT ( $, .RADIAN. ) );
#8876 = CARTESIAN_POINT ( 'NONE',  ( -0.3697204755347439642, -0.6260000000000000009, 0.7148926342064860773 ) ) ;
#8877 = ORIENTED_EDGE ( 'NONE', *, *, #5117, .F. ) ;
#8878 = SURFACE_SIDE_STYLE ('',( #11606 ) ) ;
#8879 = CARTESIAN_POINT ( 'NONE',  ( 0.4000000000000000777, 0.6250000000000001110, 0.0000000000000000000 ) ) ;
#8880 = CARTESIAN_POINT ( 'NONE',  ( -0.1482693686574422520, -0.6260000000000000009, 0.7385991146982979760 ) ) ;
#8881 = CARTESIAN_POINT ( 'NONE',  ( -0.5839172304303675842, -0.6260000000000000009, 0.8281295753024189299 ) ) ;
#8882 = SURFACE_STYLE_FILL_AREA ( #8816 ) ;
#8883 = ADVANCED_FACE ( 'NONE', ( #4502 ), #9245, .T. ) ;
#8884 = DIRECTION ( 'NONE',  ( 0.0000000000000000000, 0.0000000000000000000, -1.000000000000000000 ) ) ;
#8885 = ORIENTED_EDGE ( 'NONE', *, *, #6274, .F. ) ;
#8886 = EDGE_CURVE ( 'NONE', #4272, #1632, #987, .T. ) ;
#8887 = VECTOR ( 'NONE', #2644, 1000.000000000000000 ) ;
#8888 = EDGE_LOOP ( 'NONE', ( #11638, #5059, #4445, #3495 ) ) ;
#8889 = AXIS2_PLACEMENT_3D ( 'NONE', #6792, #1119, #10557 ) ;
#8890 = SURFACE_STYLE_FILL_AREA ( #1440 ) ;
#8891 = CARTESIAN_POINT ( 'NONE',  ( -0.3664105795009806599, -0.6250000000000000000, 0.6890719792844680613 ) ) ;
#8892 = CARTESIAN_POINT ( 'NONE',  ( -0.6976682230208380853, -0.6250000000000000000, 0.7317304581778040218 ) ) ;
#8893 = DIRECTION ( 'NONE',  ( -0.0000000000000000000, 1.000000000000000000, -0.0000000000000000000 ) ) ;
#8894 = FILL_AREA_STYLE_COLOUR ( '', #10521 ) ;
#8895 = CARTESIAN_POINT ( 'NONE',  ( -0.3563942449072202701, -0.6250000000000000000, 0.6956224541571924824 ) ) ;
#8896 = DIRECTION ( 'NONE',  ( 0.0000000000000000000, -1.000000000000000000, 0.0000000000000000000 ) ) ;
#8897 = ORIENTED_EDGE ( 'NONE', *, *, #1472, .T. ) ;
#8898 = ORIENTED_EDGE ( 'NONE', *, *, #7065, .T. ) ;
#8899 = ORIENTED_EDGE ( 'NONE', *, *, #8785, .T. ) ;
#8900 = SURFACE_STYLE_FILL_AREA ( #2344 ) ;
#8901 =( GEOMETRIC_REPRESENTATION_CONTEXT ( 3 ) GLOBAL_UNCERTAINTY_ASSIGNED_CONTEXT ( ( #1300 ) ) GLOBAL_UNIT_ASSIGNED_CONTEXT ( ( #3850, #6671, #2740 ) ) REPRESENTATION_CONTEXT ( 'NONE', 'WORKASPACE' ) );
#8902 =( GEOMETRIC_REPRESENTATION_CONTEXT ( 3 ) GLOBAL_UNCERTAINTY_ASSIGNED_CONTEXT ( ( #8187 ) ) GLOBAL_UNIT_ASSIGNED_CONTEXT ( ( #941, #4808, #4567 ) ) REPRESENTATION_CONTEXT ( 'NONE', 'WORKASPACE' ) );
#8903 = VECTOR ( 'NONE', #11419, 1000.000000000000000 ) ;
#8904 = CARTESIAN_POINT ( 'NONE',  ( -0.3623035357315868010, -0.6260000000000000009, 0.7259140681193632094 ) ) ;
#8905 = CARTESIAN_POINT ( 'NONE',  ( -0.3918846484508255457, -0.6260000000000000009, 0.7144420724423385938 ) ) ;
#8906 = SURFACE_STYLE_USAGE ( .BOTH. , #5962 ) ;
#8907 = EDGE_CURVE ( 'NONE', #8701, #3800, #8412, .T. ) ;
#8908 = SURFACE_STYLE_USAGE ( .BOTH. , #7863 ) ;
#8909 =( NAMED_UNIT ( * ) PLANE_ANGLE_UNIT ( ) SI_UNIT ( $, .RADIAN. ) );
#8910 = ORIENTED_EDGE ( 'NONE', *, *, #11193, .T. ) ;
#8911 = SURFACE_SIDE_STYLE ('',( #6882 ) ) ;
#8912 = MECHANICAL_DESIGN_GEOMETRIC_PRESENTATION_REPRESENTATION (  '', ( #8705 ), #4396 ) ;
#8913 = STYLED_ITEM ( 'NONE', ( #6974 ), #5302 ) ;
#8914 =( NAMED_UNIT ( * ) SI_UNIT ( $, .STERADIAN. ) SOLID_ANGLE_UNIT ( ) );
#8915 = CARTESIAN_POINT ( 'NONE',  ( -0.2527130513516755439, -0.6260000000000000009, 0.7510762096942074084 ) ) ;
#8916 =( GEOMETRIC_REPRESENTATION_CONTEXT ( 3 ) GLOBAL_UNCERTAINTY_ASSIGNED_CONTEXT ( ( #7083 ) ) GLOBAL_UNIT_ASSIGNED_CONTEXT ( ( #5446, #2627, #12027 ) ) REPRESENTATION_CONTEXT ( 'NONE', 'WORKASPACE' ) );
#8917 = ORIENTED_EDGE ( 'NONE', *, *, #4565, .T. ) ;
#8918 = VECTOR ( 'NONE', #7261, 1000.000000000000000 ) ;
#8919 = ORIENTED_EDGE ( 'NONE', *, *, #7773, .F. ) ;
#8920 = UNCERTAINTY_MEASURE_WITH_UNIT (LENGTH_MEASURE( 1.000000000000000082E-05 ), #9358, 'distance_accuracy_value', 'NONE');
#8921 = STYLED_ITEM ( 'NONE', ( #4376 ), #9885 ) ;
#8922 = PRESENTATION_LAYER_ASSIGNMENT (  '', '', ( #4216 ) ) ;
#8923 = SURFACE_STYLE_USAGE ( .BOTH. , #9157 ) ;
#8924 =( NAMED_UNIT ( * ) PLANE_ANGLE_UNIT ( ) SI_UNIT ( $, .RADIAN. ) );
#8925 = CARTESIAN_POINT ( 'NONE',  ( -0.4307889238197114001, -0.6260000000000000009, 0.7052922027790106130 ) ) ;
#8926 = CARTESIAN_POINT ( 'NONE',  ( -0.4132343443324636434, -0.6260000000000000009, 0.6891066378816378402 ) ) ;
#8927 = CARTESIAN_POINT ( 'NONE',  ( -0.8008153060164910908, -0.6260000000000000009, 0.8295755633929275952 ) ) ;
#8928 = CARTESIAN_POINT ( 'NONE',  ( -0.5487315646773255340, -0.6260000000000000009, 0.7047386866284428564 ) ) ;
#8929 = CARTESIAN_POINT ( 'NONE',  ( -0.4214137732743094000, -0.6250000000000000000, 0.7016183914747199379 ) ) ;
#8930 = ORIENTED_EDGE ( 'NONE', *, *, #703, .F. ) ;
#8931 = STYLED_ITEM ( 'NONE', ( #2353 ), #5832 ) ;
#8932 = ORIENTED_EDGE ( 'NONE', *, *, #1088, .F. ) ;
#8933 = FILL_AREA_STYLE ('',( #5187 ) ) ;
#8934 = UNCERTAINTY_MEASURE_WITH_UNIT (LENGTH_MEASURE( 1.000000000000000082E-05 ), #2804, 'distance_accuracy_value', 'NONE');
#8935 = EDGE_LOOP ( 'NONE', ( #2185, #1866, #6313, #4394, #8128, #3962, #2190 ) ) ;
#8936 = COLOUR_RGB ( '',0.0000000000000000000, 0.0000000000000000000, 0.0000000000000000000 ) ;
#8937 = ADVANCED_FACE ( 'NONE', ( #8729 ), #9740, .F. ) ;
#8938 = CARTESIAN_POINT ( 'NONE',  ( -0.2089912309704675397, -0.6250000000000000000, 0.6832839935504295692 ) ) ;
#8939 = B_SPLINE_CURVE_WITH_KNOTS ( 'NONE', 3,
 ( #2018, #6804, #9634, #3860 ),
 .UNSPECIFIED., .F., .F.,
 ( 4, 4 ),
 ( 12.00000000000000000, 13.00000000000000000 ),
 .UNSPECIFIED. ) ;
#8940 = EDGE_CURVE ( 'NONE', #7730, #2478, #7758, .T. ) ;
#8941 =( GEOMETRIC_REPRESENTATION_CONTEXT ( 3 ) GLOBAL_UNCERTAINTY_ASSIGNED_CONTEXT ( ( #7200 ) ) GLOBAL_UNIT_ASSIGNED_CONTEXT ( ( #962, #8444, #1073 ) ) REPRESENTATION_CONTEXT ( 'NONE', 'WORKASPACE' ) );
#8942 = FILL_AREA_STYLE ('',( #6183 ) ) ;
#8943 =( LENGTH_UNIT ( ) NAMED_UNIT ( * ) SI_UNIT ( .MILLI., .METRE. ) );
#8944 = ORIENTED_EDGE ( 'NONE', *, *, #7813, .T. ) ;
#8945 = LINE ( 'NONE', #876, #11827 ) ;
#8946 = CARTESIAN_POINT ( 'NONE',  ( -0.1865844478739556167, -0.6260000000000000009, 0.6991229724756291564 ) ) ;
#8947 = LINE ( 'NONE', #4455, #7887 ) ;
#8948 = LINE ( 'NONE', #6980, #9918 ) ;
#8949 = LINE ( 'NONE', #3240, #10396 ) ;
#8950 = VERTEX_POINT ( 'NONE', #2116 ) ;
#8951 = EDGE_CURVE ( 'NONE', #9006, #8628, #1256, .T. ) ;
#8952 = VECTOR ( 'NONE', #5464, 1000.000000000000000 ) ;
#8953 = CARTESIAN_POINT ( 'NONE',  ( -0.1535894633296699674, -0.6250000000000000000, 0.7510762096942074084 ) ) ;
#8954 = CARTESIAN_POINT ( 'NONE',  ( -0.3395328373643193842, -0.6260000000000000009, 0.8291273706121738973 ) ) ;
#8955 =( LENGTH_UNIT ( ) NAMED_UNIT ( * ) SI_UNIT ( .MILLI., .METRE. ) );
#8956 = FILL_AREA_STYLE_COLOUR ( '', #367 ) ;
#8957 = CARTESIAN_POINT ( 'NONE',  ( -0.3232606259737883514, -0.6260000000000000009, 0.8586218368384853639 ) ) ;
#8958 = VECTOR ( 'NONE', #9585, 1000.000000000000000 ) ;
#8959 = CARTESIAN_POINT ( 'NONE',  ( -0.7810534841100098546, -0.6250000000000000000, 0.8377694897730677548 ) ) ;
#8960 = ORIENTED_EDGE ( 'NONE', *, *, #6293, .F. ) ;
#8961 =( LENGTH_UNIT ( ) NAMED_UNIT ( * ) SI_UNIT ( .MILLI., .METRE. ) );
#8962 = SURFACE_STYLE_USAGE ( .BOTH. , #5219 ) ;
#8963 = EDGE_LOOP ( 'NONE', ( #260, #6099, #2499, #1128 ) ) ;
#8964 = B_SPLINE_CURVE_WITH_KNOTS ( 'NONE', 3,
 ( #11892, #7205, #8513, #3004 ),
 .UNSPECIFIED., .F., .F.,
 ( 4, 4 ),
 ( 4.000000000000000000, 5.000000000000000000 ),
 .UNSPECIFIED. ) ;
#8965 = SURFACE_STYLE_USAGE ( .BOTH. , #3374 ) ;
#8966 = EDGE_CURVE ( 'NONE', #7608, #4853, #2057, .T. ) ;
#8967 = CARTESIAN_POINT ( 'NONE',  ( -0.4000000000000004108, 0.6250000000000000000, -0.01000000000000000021 ) ) ;
#8968 = CARTESIAN_POINT ( 'NONE',  ( -0.4003760047674415068, -0.6250000000000000000, 0.7219629880372387953 ) ) ;
#8969 = SURFACE_SIDE_STYLE ('',( #5227 ) ) ;
#8970 =( LENGTH_UNIT ( ) NAMED_UNIT ( * ) SI_UNIT ( .MILLI., .METRE. ) );
#8971 = VERTEX_POINT ( 'NONE', #6776 ) ;
#8972 = SURFACE_STYLE_USAGE ( .BOTH. , #3197 ) ;
#8973 = FILL_AREA_STYLE_COLOUR ( '', #1591 ) ;
#8975 = EDGE_LOOP ( 'NONE', ( #1516, #8885, #6851, #11391 ) ) ;
#8974 = UNCERTAINTY_MEASURE_WITH_UNIT (LENGTH_MEASURE( 1.000000000000000082E-05 ), #5889, 'distance_accuracy_value', 'NONE');
#8976 = VERTEX_POINT ( 'NONE', #5985 ) ;
#8977 = CARTESIAN_POINT ( 'NONE',  ( -0.3360323190458831544, -0.6250000000000000000, 0.6604786365855273012 ) ) ;
#8978 = EDGE_CURVE ( 'NONE', #2842, #4963, #11528, .T. ) ;
#8979 = FILL_AREA_STYLE ('',( #10036 ) ) ;
#8980 = PLANE ( 'NONE',  #9521 ) ;
#8981 = CARTESIAN_POINT ( 'NONE',  ( -0.3571220754485058824, -0.6260000000000000009, 0.6990189966836548585 ) ) ;
#8982 =( NAMED_UNIT ( * ) PLANE_ANGLE_UNIT ( ) SI_UNIT ( $, .RADIAN. ) );
#8983 = CARTESIAN_POINT ( 'NONE',  ( -0.3918846484508255457, -0.6260000000000000009, 0.7144420724423385938 ) ) ;
#8984 = VECTOR ( 'NONE', #8893, 1000.000000000000000 ) ;
#8985 =( NAMED_UNIT ( * ) SI_UNIT ( $, .STERADIAN. ) SOLID_ANGLE_UNIT ( ) );
#8986 = VERTEX_POINT ( 'NONE', #4799 ) ;
#8987 = CARTESIAN_POINT ( 'NONE',  ( -0.3725278219086046172, -0.6260000000000000009, 0.7908296206947073026 ) ) ;
#8988 = UNCERTAINTY_MEASURE_WITH_UNIT (LENGTH_MEASURE( 1.000000000000000082E-05 ), #541, 'distance_accuracy_value', 'NONE');
#8989 = VERTEX_POINT ( 'NONE', #4858 ) ;
#8990 = VERTEX_POINT ( 'NONE', #3034 ) ;
#8991 = DIRECTION ( 'NONE',  ( -0.0000000000000000000, 1.000000000000000000, -0.0000000000000000000 ) ) ;
#8992 = MECHANICAL_DESIGN_GEOMETRIC_PRESENTATION_REPRESENTATION (  '', ( #11565 ), #3103 ) ;
#8993 = CARTESIAN_POINT ( 'NONE',  ( -0.8075632626939560632, -0.6250000000000000000, 0.6955807605265391658 ) ) ;
#8994 = DIRECTION ( 'NONE',  ( 0.0000000000000000000, -0.0000000000000000000, -1.000000000000000000 ) ) ;
#8995 = DIRECTION ( 'NONE',  ( -1.000000000000000000, 0.0000000000000000000, 0.0000000000000000000 ) ) ;
#8996 =( LENGTH_UNIT ( ) NAMED_UNIT ( * ) SI_UNIT ( .MILLI., .METRE. ) );
#8997 = ORIENTED_EDGE ( 'NONE', *, *, #12100, .F. ) ;
#8998 = PRESENTATION_LAYER_ASSIGNMENT (  '', '', ( #221 ) ) ;
#8999 = CARTESIAN_POINT ( 'NONE',  ( -0.6330807979073170833, -0.6260000000000000009, 0.7654701588243789656 ) ) ;
#9000 = DIRECTION ( 'NONE',  ( -0.0000000000000000000, 0.0000000000000000000, 1.000000000000000000 ) ) ;
#9001 =( LENGTH_UNIT ( ) NAMED_UNIT ( * ) SI_UNIT ( .MILLI., .METRE. ) );
#9002 = ORIENTED_EDGE ( 'NONE', *, *, #8571, .F. ) ;
#9003 = PRESENTATION_STYLE_ASSIGNMENT (( #7229 ) ) ;
#9004 = STYLED_ITEM ( 'NONE', ( #10410 ), #11710 ) ;
#9005 = AXIS2_PLACEMENT_3D ( 'NONE', #6762, #7993, #10822 ) ;
#9006 = VERTEX_POINT ( 'NONE', #9670 ) ;
#9007 = EDGE_CURVE ( 'NONE', #11899, #9641, #5854, .T. ) ;
#9008 = LINE ( 'NONE', #7909, #10351 ) ;
#9009 = STYLED_ITEM ( 'NONE', ( #6101 ), #1113 ) ;
#9010 = MECHANICAL_DESIGN_GEOMETRIC_PRESENTATION_REPRESENTATION (  '', ( #3109 ), #2356 ) ;
#9011 = EDGE_CURVE ( 'NONE', #6692, #8773, #3088, .T. ) ;
#9012 = CARTESIAN_POINT ( 'NONE',  ( -0.7338179022851919475, -0.6260000000000000009, 0.7481183109390059371 ) ) ;
#9013 = MECHANICAL_DESIGN_GEOMETRIC_PRESENTATION_REPRESENTATION (  '', ( #11181 ), #442 ) ;
#9014 = SURFACE_STYLE_USAGE ( .BOTH. , #2456 ) ;
#9015 = PRESENTATION_STYLE_ASSIGNMENT (( #11858 ) ) ;
#9016 = PLANE ( 'NONE',  #3094 ) ;
#9017 = ADVANCED_FACE ( 'NONE', ( #9607 ), #8543, .F. ) ;
#9018 = CARTESIAN_POINT ( 'NONE',  ( -0.1831705760484461654, -0.6250000000000000000, 0.7180465665522892671 ) ) ;
#9019 = CARTESIAN_POINT ( 'NONE',  ( -0.1535894633296699674, -0.6260000000000000009, 0.7510762096942074084 ) ) ;
#9020 = SURFACE_SIDE_STYLE ('',( #8210 ) ) ;
#9021 =( NAMED_UNIT ( * ) PLANE_ANGLE_UNIT ( ) SI_UNIT ( $, .RADIAN. ) );
#9022 = EDGE_CURVE ( 'NONE', #1870, #8390, #680, .T. ) ;
#9023 = B_SPLINE_SURFACE_WITH_KNOTS ( 'NONE', 3, 1, ( 
 ( #3836, #11160 ),
 ( #6609, #10297 ),
 ( #5738, #1944 ),
 ( #198, #3890 ) ),
 .UNSPECIFIED., .F., .F., .F.,
 ( 4, 4 ),
 ( 2, 2 ),
 ( 27.00000000000000000, 28.00000000000000000 ),
 ( 0.0000000000000000000, 1.000000000000000000 ),
 .UNSPECIFIED. ) ;
#9024 = PRESENTATION_STYLE_ASSIGNMENT (( #721 ) ) ;
#9025 = VECTOR ( 'NONE', #6161, 1000.000000000000000 ) ;
#9026 = ORIENTED_EDGE ( 'NONE', *, *, #10828, .F. ) ;
#9027 = STYLED_ITEM ( 'NONE', ( #2308 ), #11541 ) ;
#9028 = CARTESIAN_POINT ( 'NONE',  ( -0.5313797075983812679, -0.6250000000000000000, 0.7794480053880162851 ) ) ;
#9029 = LINE ( 'NONE', #10024, #5021 ) ;
#9030 = FACE_OUTER_BOUND ( 'NONE', #11466, .T. ) ;
#9031 = SURFACE_STYLE_USAGE ( .BOTH. , #5281 ) ;
#9032 = CARTESIAN_POINT ( 'NONE',  ( -0.2782910960930354283, -0.6250000000000000000, 0.8496452601610127164 ) ) ;
#9033 = FILL_AREA_STYLE ('',( #11760 ) ) ;
#9034 =( NAMED_UNIT ( * ) SI_UNIT ( $, .STERADIAN. ) SOLID_ANGLE_UNIT ( ) );
#9035 = ORIENTED_EDGE ( 'NONE', *, *, #6680, .F. ) ;
#9036 = CARTESIAN_POINT ( 'NONE',  ( -0.3395328373643193842, -0.6250000000000000000, 0.8213638448370749190 ) ) ;
#9037 = EDGE_CURVE ( 'NONE', #6769, #8544, #91, .T. ) ;
#9038 = COLOUR_RGB ( '',0.0000000000000000000, 0.0000000000000000000, 0.0000000000000000000 ) ;
#9039 = ORIENTED_EDGE ( 'NONE', *, *, #3524, .F. ) ;
#9040 = ORIENTED_EDGE ( 'NONE', *, *, #4836, .T. ) ;
#9041 = UNCERTAINTY_MEASURE_WITH_UNIT (LENGTH_MEASURE( 1.000000000000000082E-05 ), #6411, 'distance_accuracy_value', 'NONE');
#9042 = ADVANCED_FACE ( 'NONE', ( #9860 ), #3210, .T. ) ;
#9043 = FACE_OUTER_BOUND ( 'NONE', #9733, .T. ) ;
#9044 = AXIS2_PLACEMENT_3D ( 'NONE', #1117, #2129, #263 ) ;
#9045 = CARTESIAN_POINT ( 'NONE',  ( -0.2002052765774352261, -0.6260000000000000009, 0.7480955703337986984 ) ) ;
#9046 = PLANE ( 'NONE',  #2981 ) ;
#9047 =( NAMED_UNIT ( * ) SI_UNIT ( $, .STERADIAN. ) SOLID_ANGLE_UNIT ( ) );
#9048 = SURFACE_STYLE_FILL_AREA ( #7264 ) ;
#9049 = FILL_AREA_STYLE_COLOUR ( '', #8130 ) ;
#9050 = CARTESIAN_POINT ( 'NONE',  ( -0.2225947303758217810, -0.6260000000000000009, 0.8170315201860705034 ) ) ;
#9051 = EDGE_LOOP ( 'NONE', ( #337, #6373, #9844, #9830 ) ) ;
#9052 = EDGE_LOOP ( 'NONE', ( #11964, #1364, #7034, #230 ) ) ;
#9053 = ORIENTED_EDGE ( 'NONE', *, *, #7144, .T. ) ;
#9054 = AXIS2_PLACEMENT_3D ( 'NONE', #1163, #8540, #7626 ) ;
#9055 = CARTESIAN_POINT ( 'NONE',  ( -0.6350087881558875713, -0.6250000000000000000, 0.8478914018058004709 ) ) ;
#9056 = B_SPLINE_CURVE_WITH_KNOTS ( 'NONE', 3,
 ( #589, #8197, #9187, #9950 ),
 .UNSPECIFIED., .F., .F.,
 ( 4, 4 ),
 ( 4.000000000000000000, 5.000000000000000000 ),
 .UNSPECIFIED. ) ;
#9057 =( GEOMETRIC_REPRESENTATION_CONTEXT ( 3 ) GLOBAL_UNCERTAINTY_ASSIGNED_CONTEXT ( ( #3009 ) ) GLOBAL_UNIT_ASSIGNED_CONTEXT ( ( #11669, #8812, #2382 ) ) REPRESENTATION_CONTEXT ( 'NONE', 'WORKASPACE' ) );
#9058 =( NAMED_UNIT ( * ) SI_UNIT ( $, .STERADIAN. ) SOLID_ANGLE_UNIT ( ) );
#9059 = CARTESIAN_POINT ( 'NONE',  ( -0.4205473083438770465, -0.6260000000000000009, 0.8443424947878321873 ) ) ;
#9060 = CARTESIAN_POINT ( 'NONE',  ( -0.2847029365770755716, -0.6260000000000000009, 0.8444464705793452985 ) ) ;
#9061 =( GEOMETRIC_REPRESENTATION_CONTEXT ( 3 ) GLOBAL_UNCERTAINTY_ASSIGNED_CONTEXT ( ( #6967 ) ) GLOBAL_UNIT_ASSIGNED_CONTEXT ( ( #7408, #1905, #5637 ) ) REPRESENTATION_CONTEXT ( 'NONE', 'WORKASPACE' ) );
#9062 = CARTESIAN_POINT ( 'NONE',  ( -0.3697204755347439642, -0.6250000000000000000, 0.7148926342064860773 ) ) ;
#9063 = ORIENTED_EDGE ( 'NONE', *, *, #5588, .F. ) ;
#9064 = FILL_AREA_STYLE_COLOUR ( '', #12018 ) ;
#9065 = FACE_OUTER_BOUND ( 'NONE', #4946, .T. ) ;
#9066 = CARTESIAN_POINT ( 'NONE',  ( -0.4666259133354898614, -0.6260000000000000009, 0.7215817434678952758 ) ) ;
#9067 = ORIENTED_EDGE ( 'NONE', *, *, #2930, .F. ) ;
#9068 = PLANE ( 'NONE',  #3418 ) ;
#9069 = CARTESIAN_POINT ( 'NONE',  ( -0.3232606259737883514, -0.6260000000000000009, 0.7908296206947073026 ) ) ;
#9070 = ORIENTED_EDGE ( 'NONE', *, *, #6121, .F. ) ;
#9071 = B_SPLINE_SURFACE_WITH_KNOTS ( 'NONE', 3, 1, ( 
 ( #5054, #385 ),
 ( #7689, #4065 ),
 ( #9606, #1222 ),
 ( #4922, #4002 ) ),
 .UNSPECIFIED., .F., .F., .F.,
 ( 4, 4 ),
 ( 2, 2 ),
 ( 19.00000000000000000, 20.00000000000000000 ),
 ( 0.0000000000000000000, 1.000000000000000000 ),
 .UNSPECIFIED. ) ;
#9072 = PRESENTATION_LAYER_ASSIGNMENT (  '', '', ( #6905 ) ) ;
#9073 = DIRECTION ( 'NONE',  ( 0.0000000000000000000, 0.0000000000000000000, -1.000000000000000000 ) ) ;
#9074 = PRESENTATION_LAYER_ASSIGNMENT (  '', '', ( #5156 ) ) ;
#9075 = PRESENTATION_STYLE_ASSIGNMENT (( #1551 ) ) ;
#9076 =( NAMED_UNIT ( * ) SI_UNIT ( $, .STERADIAN. ) SOLID_ANGLE_UNIT ( ) );
#9077 = SURFACE_STYLE_FILL_AREA ( #3487 ) ;
#9078 = DIRECTION ( 'NONE',  ( -0.0000000000000000000, 0.0000000000000000000, -1.000000000000000000 ) ) ;
#9079 = CARTESIAN_POINT ( 'NONE',  ( -0.4093872400420847657, -0.6250000000000000000, 0.7328111289642612602 ) ) ;
#9080 = CARTESIAN_POINT ( 'NONE',  ( -0.4003760047674415068, -0.6260000000000000009, 0.7029354181686063852 ) ) ;
#9081 = LINE ( 'NONE', #3429, #7720 ) ;
#9082 = MECHANICAL_DESIGN_GEOMETRIC_PRESENTATION_REPRESENTATION (  '', ( #7496 ), #8465 ) ;
#9083 = PLANE ( 'NONE',  #4193 ) ;
#9084 = VECTOR ( 'NONE', #8995, 1000.000000000000000 ) ;
#9085 = COLOUR_RGB ( '',0.0000000000000000000, 0.0000000000000000000, 0.0000000000000000000 ) ;
#9086 = EDGE_LOOP ( 'NONE', ( #2783, #11305, #914, #5300 ) ) ;
#9087 = CARTESIAN_POINT ( 'NONE',  ( 0.0000000000000000000, -0.6259999999999997788, 0.0000000000000000000 ) ) ;
#9088 = EDGE_CURVE ( 'NONE', #1228, #8986, #1685, .T. ) ;
#9089 = B_SPLINE_CURVE_WITH_KNOTS ( 'NONE', 3,
 ( #7244, #10075, #784, #4469 ),
 .UNSPECIFIED., .F., .F.,
 ( 4, 4 ),
 ( 6.000000000000000000, 7.000000000000000000 ),
 .UNSPECIFIED. ) ;
#9090 = EDGE_CURVE ( 'NONE', #3858, #11456, #3539, .T. ) ;
#9091 = MECHANICAL_DESIGN_GEOMETRIC_PRESENTATION_REPRESENTATION (  '', ( #10078 ), #6922 ) ;
#9092 = CARTESIAN_POINT ( 'NONE',  ( -0.6701944722960717638, -0.6260000000000000009, 0.8768111452172836495 ) ) ;
#9093 = LINE ( 'NONE', #4298, #2094 ) ;
#9094 = CARTESIAN_POINT ( 'NONE',  ( -0.2044336254373881057, -0.6250000000000000000, 0.6933696453383004776 ) ) ;
#9095 = AXIS2_PLACEMENT_3D ( 'NONE', #10580, #11374, #9401 ) ;
#9096 = SURFACE_SIDE_STYLE ('',( #10026 ) ) ;
#9097 = CARTESIAN_POINT ( 'NONE',  ( -0.3476776077087617156, -0.6260000000000000009, 0.6964542604902214107 ) ) ;
#9098 = ORIENTED_EDGE ( 'NONE', *, *, #2615, .F. ) ;
#9099 = LINE ( 'NONE', #9978, #9408 ) ;
#9100 = VERTEX_POINT ( 'NONE', #2303 ) ;
#9101 =( GEOMETRIC_REPRESENTATION_CONTEXT ( 3 ) GLOBAL_UNCERTAINTY_ASSIGNED_CONTEXT ( ( #11087 ) ) GLOBAL_UNIT_ASSIGNED_CONTEXT ( ( #6265, #4289, #6206 ) ) REPRESENTATION_CONTEXT ( 'NONE', 'WORKASPACE' ) );
#9102 = COLOUR_RGB ( '',0.0000000000000000000, 0.0000000000000000000, 0.0000000000000000000 ) ;
#9103 = VERTEX_POINT ( 'NONE', #6046 ) ;
#9104 =( GEOMETRIC_REPRESENTATION_CONTEXT ( 3 ) GLOBAL_UNCERTAINTY_ASSIGNED_CONTEXT ( ( #11769 ) ) GLOBAL_UNIT_ASSIGNED_CONTEXT ( ( #9630, #3959, #7968 ) ) REPRESENTATION_CONTEXT ( 'NONE', 'WORKASPACE' ) );
#9105 = SURFACE_STYLE_USAGE ( .BOTH. , #4365 ) ;
#9106 = VECTOR ( 'NONE', #7449, 1000.000000000000000 ) ;
#9107 = VECTOR ( 'NONE', #4284, 1000.000000000000000 ) ;
#9108 = FILL_AREA_STYLE ('',( #7318 ) ) ;
#9109 =( NAMED_UNIT ( * ) PLANE_ANGLE_UNIT ( ) SI_UNIT ( $, .RADIAN. ) );
#9110 = CARTESIAN_POINT ( 'NONE',  ( -0.7155020776620978351, -0.6260000000000000009, 0.6989547158820361705 ) ) ;
#9111 = STYLED_ITEM ( 'NONE', ( #10759 ), #8203 ) ;
#9112 = CARTESIAN_POINT ( 'NONE',  ( -0.3415083774051487775, -0.6260000000000000009, 0.6611718085298740055 ) ) ;
#9113 = CARTESIAN_POINT ( 'NONE',  ( -0.2481207872214242216, -0.6250000000000000000, 0.8093719702024847473 ) ) ;
#9114 = LINE ( 'NONE', #512, #10059 ) ;
#9115 = UNCERTAINTY_MEASURE_WITH_UNIT (LENGTH_MEASURE( 1.000000000000000082E-05 ), #3782, 'distance_accuracy_value', 'NONE');
#9116 = ORIENTED_EDGE ( 'NONE', *, *, #7645, .T. ) ;
#9117 = ORIENTED_EDGE ( 'NONE', *, *, #7549, .F. ) ;
#9118 = CARTESIAN_POINT ( 'NONE',  ( -0.4266298921543317801, -0.6250000000000000000, 0.6859527055353747960 ) ) ;
#9119 =( GEOMETRIC_REPRESENTATION_CONTEXT ( 3 ) GLOBAL_UNCERTAINTY_ASSIGNED_CONTEXT ( ( #3995 ) ) GLOBAL_UNIT_ASSIGNED_CONTEXT ( ( #10912, #6184, #1371 ) ) REPRESENTATION_CONTEXT ( 'NONE', 'WORKASPACE' ) );
#9120 = MECHANICAL_DESIGN_GEOMETRIC_PRESENTATION_REPRESENTATION (  '', ( #7538 ), #931 ) ;
#9121 = COLOUR_RGB ( '',0.0000000000000000000, 0.0000000000000000000, 0.0000000000000000000 ) ;
#9122 = CARTESIAN_POINT ( 'NONE',  ( -0.6171749610948783493, -0.6250000000000000000, 0.7124506108502888235 ) ) ;
#9123 = SURFACE_STYLE_FILL_AREA ( #4501 ) ;
#9124 = CARTESIAN_POINT ( 'NONE',  ( -0.4199234535941037683, -0.6260000000000000009, 0.7030740525572911626 ) ) ;
#9125 = FACE_OUTER_BOUND ( 'NONE', #2376, .T. ) ;
#9126 = ORIENTED_EDGE ( 'NONE', *, *, #2064, .F. ) ;
#9127 = COLOUR_RGB ( '',0.0000000000000000000, 0.0000000000000000000, 0.0000000000000000000 ) ;
#9128 = PRESENTATION_STYLE_ASSIGNMENT (( #10967 ) ) ;
#9129 = CARTESIAN_POINT ( 'NONE',  ( -0.3763229383032259401, -0.6250000000000000000, 0.7088620382917889540 ) ) ;
#9130 = EDGE_LOOP ( 'NONE', ( #8532, #5801, #7765, #7890 ) ) ;
#9131 = CARTESIAN_POINT ( 'NONE',  ( -0.3360669776432839151, -0.6260000000000000009, 0.7985584878726350588 ) ) ;
#9132 =( GEOMETRIC_REPRESENTATION_CONTEXT ( 3 ) GLOBAL_UNCERTAINTY_ASSIGNED_CONTEXT ( ( #11467 ) ) GLOBAL_UNIT_ASSIGNED_CONTEXT ( ( #10978, #3300, #4282 ) ) REPRESENTATION_CONTEXT ( 'NONE', 'WORKASPACE' ) );
#9133 = CARTESIAN_POINT ( 'NONE',  ( -0.4223495553988524942, -0.6250000000000000000, 0.7927705021385973438 ) ) ;
#9134 = UNCERTAINTY_MEASURE_WITH_UNIT (LENGTH_MEASURE( 1.000000000000000082E-05 ), #8227, 'distance_accuracy_value', 'NONE');
#9135 = CARTESIAN_POINT ( 'NONE',  ( -0.2225947303758217810, -0.6260000000000000009, 0.8170315201860705034 ) ) ;
#9136 = EDGE_LOOP ( 'NONE', ( #1973, #8297, #11373, #9479, #11341, #9117, #3637, #10532 ) ) ;
#9137 = EDGE_CURVE ( 'NONE', #6711, #2309, #4318, .T. ) ;
#9138 = CARTESIAN_POINT ( 'NONE',  ( -0.7530977312262576717, -0.6250000000000000000, 0.8372874968076522428 ) ) ;
#9139 = VECTOR ( 'NONE', #7478, 1000.000000000000000 ) ;
#9140 =( GEOMETRIC_REPRESENTATION_CONTEXT ( 3 ) GLOBAL_UNCERTAINTY_ASSIGNED_CONTEXT ( ( #11724 ) ) GLOBAL_UNIT_ASSIGNED_CONTEXT ( ( #1525, #11889, #5423 ) ) REPRESENTATION_CONTEXT ( 'NONE', 'WORKASPACE' ) );
#9141 = CARTESIAN_POINT ( 'NONE',  ( -0.4666259133354898614, -0.6250000000000000000, 0.7432780253219376521 ) ) ;
#9142 = EDGE_CURVE ( 'NONE', #4043, #10211, #10732, .T. ) ;
#9143 = LINE ( 'NONE', #4229, #7112 ) ;
#9144 = FILL_AREA_STYLE ('',( #5394 ) ) ;
#9145 = SURFACE_STYLE_FILL_AREA ( #10808 ) ;
#9146 = B_SPLINE_CURVE_WITH_KNOTS ( 'NONE', 3,
 ( #11654, #9807, #4009, #4864 ),
 .UNSPECIFIED., .F., .F.,
 ( 4, 4 ),
 ( 14.00000000000000000, 15.00000000000000000 ),
 .UNSPECIFIED. ) ;
#9147 = CARTESIAN_POINT ( 'NONE',  ( -0.3667744947717389015, -0.6250000000000000000, 0.7328111289642612602 ) ) ;
#9148 = PRESENTATION_LAYER_ASSIGNMENT (  '', '', ( #1136 ) ) ;
#9149 = VECTOR ( 'NONE', #7474, 1000.000000000000000 ) ;
#9150 = ORIENTED_EDGE ( 'NONE', *, *, #5039, .T. ) ;
#9151 = CARTESIAN_POINT ( 'NONE',  ( -0.3536215571303006344, -0.6260000000000000009, 0.7247356758141610955 ) ) ;
#9152 = EDGE_CURVE ( 'NONE', #346, #856, #10900, .T. ) ;
#9153 = FACE_OUTER_BOUND ( 'NONE', #1535, .T. ) ;
#9154 = CARTESIAN_POINT ( 'NONE',  ( -0.5511415432948721937, -0.6250000000000000000, 0.8049937842506608154 ) ) ;
#9155 = CARTESIAN_POINT ( 'NONE',  ( -0.4093872400420847657, -0.6250000000000000000, 0.7328111289642612602 ) ) ;
#9156 = CARTESIAN_POINT ( 'NONE',  ( -0.5998231040161655647, -0.6260000000000000009, 0.7876419363652877870 ) ) ;
#9157 = SURFACE_SIDE_STYLE ('',( #7249 ) ) ;
#9158 =( NAMED_UNIT ( * ) PLANE_ANGLE_UNIT ( ) SI_UNIT ( $, .RADIAN. ) );
#9159 = CARTESIAN_POINT ( 'NONE',  ( -0.3563942449072202701, -0.6260000000000000009, 0.6956224541571924824 ) ) ;
#9160 = CARTESIAN_POINT ( 'NONE',  ( -0.2527130513516755439, -0.6250000000000000000, 0.7432780253219376521 ) ) ;
#9161 =( NAMED_UNIT ( * ) PLANE_ANGLE_UNIT ( ) SI_UNIT ( $, .RADIAN. ) );
#9162 = ORIENTED_EDGE ( 'NONE', *, *, #6634, .T. ) ;
#9163 = SURFACE_SIDE_STYLE ('',( #8172 ) ) ;
#9164 = LINE ( 'NONE', #6346, #2735 ) ;
#9165 = ORIENTED_EDGE ( 'NONE', *, *, #10755, .T. ) ;
#9166 = VERTEX_POINT ( 'NONE', #5179 ) ;
#9167 = COLOUR_RGB ( '',0.0000000000000000000, 0.0000000000000000000, 0.0000000000000000000 ) ;
#9168 = DIRECTION ( 'NONE',  ( -0.0000000000000000000, 1.000000000000000000, -0.0000000000000000000 ) ) ;
#9169 = SURFACE_STYLE_USAGE ( .BOTH. , #6294 ) ;
#9170 = CARTESIAN_POINT ( 'NONE',  ( -0.5925931681630641767, -0.6250000000000000000, 0.6830488790695999901 ) ) ;
#9171 = SURFACE_SIDE_STYLE ('',( #8001 ) ) ;
#9172 =( LENGTH_UNIT ( ) NAMED_UNIT ( * ) SI_UNIT ( .MILLI., .METRE. ) );
#9173 = EDGE_CURVE ( 'NONE', #2110, #8375, #8964, .T. ) ;
#9174 = LINE ( 'NONE', #4488, #628 ) ;
#9175 = B_SPLINE_SURFACE_WITH_KNOTS ( 'NONE', 3, 1, ( 
 ( #7642, #2980 ),
 ( #5810, #9561 ),
 ( #4877, #8618 ),
 ( #5007, #6791 ) ),
 .UNSPECIFIED., .F., .F., .F.,
 ( 4, 4 ),
 ( 2, 2 ),
 ( 5.000000000000000000, 6.000000000000000000 ),
 ( 0.0000000000000000000, 1.000000000000000000 ),
 .UNSPECIFIED. ) ;
#9176 = PRESENTATION_STYLE_ASSIGNMENT (( #4377 ) ) ;
#9177 = PLANE ( 'NONE',  #6916 ) ;
#9178 = ORIENTED_EDGE ( 'NONE', *, *, #10530, .F. ) ;
#9179 = EDGE_LOOP ( 'NONE', ( #9677, #9949, #1586, #4993 ) ) ;
#9180 = EDGE_CURVE ( 'NONE', #6, #3561, #4372, .T. ) ;
#9181 = CARTESIAN_POINT ( 'NONE',  ( -0.6181389378325995443, -0.6260000000000000009, 0.7399243799617344353 ) ) ;
#9182 = ORIENTED_EDGE ( 'NONE', *, *, #8966, .F. ) ;
#9183 = FACE_OUTER_BOUND ( 'NONE', #3444, .T. ) ;
#9184 = CARTESIAN_POINT ( 'NONE',  ( 0.4000000000000000777, 0.6250000000000001110, -0.01000000000000000021 ) ) ;
#9185 = LINE ( 'NONE', #2564, #5293 ) ;
#9186 = ORIENTED_EDGE ( 'NONE', *, *, #11242, .F. ) ;
#9187 = CARTESIAN_POINT ( 'NONE',  ( -0.2797467571760686722, -0.6250000000000000000, 0.8401834631226829941 ) ) ;
#9188 = EDGE_CURVE ( 'NONE', #1265, #9865, #3516, .T. ) ;
#9189 = VERTEX_POINT ( 'NONE', #3569 ) ;
#9190 = CARTESIAN_POINT ( 'NONE',  ( -0.3667744947717389015, -0.6250000000000000000, 0.7328111289642612602 ) ) ;
#9191 = PRESENTATION_STYLE_ASSIGNMENT (( #9254 ) ) ;
#9192 = STYLED_ITEM ( 'NONE', ( #62 ), #1634 ) ;
#9193 = DIRECTION ( 'NONE',  ( -0.0000000000000000000, 0.0000000000000000000, -1.000000000000000000 ) ) ;
#9194 = PRESENTATION_STYLE_ASSIGNMENT (( #4515 ) ) ;
#9195 = CARTESIAN_POINT ( 'NONE',  ( -0.4048642931061782746, -0.6250000000000000000, 0.7896858869866756336 ) ) ;
#9196 = LINE ( 'NONE', #11114, #3297 ) ;
#9197 = PLANE ( 'NONE',  #5615 ) ;
#9198 = DIRECTION ( 'NONE',  ( -1.000000000000000000, 0.0000000000000000000, -0.0000000000000000000 ) ) ;
#9199 = SURFACE_SIDE_STYLE ('',( #1674 ) ) ;
#9200 =( LENGTH_UNIT ( ) NAMED_UNIT ( * ) SI_UNIT ( .MILLI., .METRE. ) );
#9201 = FILL_AREA_STYLE ('',( #6447 ) ) ;
#9202 = FILL_AREA_STYLE ('',( #1795 ) ) ;
#9203 = ORIENTED_EDGE ( 'NONE', *, *, #11583, .F. ) ;
#9204 = VECTOR ( 'NONE', #7870, 1000.000000000000000 ) ;
#9205 = EDGE_CURVE ( 'NONE', #1250, #7295, #2944, .T. ) ;
#9206 = EDGE_CURVE ( 'NONE', #3181, #9919, #1138, .T. ) ;
#9207 = STYLED_ITEM ( 'NONE', ( #4822 ), #11947 ) ;
#9208 = COLOUR_RGB ( '',0.0000000000000000000, 0.0000000000000000000, 0.0000000000000000000 ) ;
#9209 = CARTESIAN_POINT ( 'NONE',  ( -0.3535349106373711359, -0.6260000000000000009, 0.7321179570199144448 ) ) ;
#9210 = CARTESIAN_POINT ( 'NONE',  ( -0.3360669776432839151, -0.6260000000000000009, 0.7985584878726350588 ) ) ;
#9211 = LINE ( 'NONE', #4530, #3946 ) ;
#9212 =( NAMED_UNIT ( * ) PLANE_ANGLE_UNIT ( ) SI_UNIT ( $, .RADIAN. ) );
#9213 = VECTOR ( 'NONE', #1537, 1000.000000000000000 ) ;
#9214 = FACE_OUTER_BOUND ( 'NONE', #3906, .T. ) ;
#9215 = LINE ( 'NONE', #4533, #1466 ) ;
#9216 = CARTESIAN_POINT ( 'NONE',  ( -0.3476776077087617156, -0.6250000000000000000, 0.6920179600472416981 ) ) ;
#9217 = ORIENTED_EDGE ( 'NONE', *, *, #3081, .T. ) ;
#9218 = CARTESIAN_POINT ( 'NONE',  ( -0.1923724336084561837, -0.6250000000000000000, 0.7262606540915362840 ) ) ;
#9219 =( NAMED_UNIT ( * ) PLANE_ANGLE_UNIT ( ) SI_UNIT ( $, .RADIAN. ) );
#9220 = PRESENTATION_LAYER_ASSIGNMENT (  '', '', ( #9027 ) ) ;
#9221 = B_SPLINE_CURVE_WITH_KNOTS ( 'NONE', 3,
 ( #6845, #333, #8676, #4015 ),
 .UNSPECIFIED., .F., .F.,
 ( 4, 4 ),
 ( 12.00000000000000000, 13.00000000000000000 ),
 .UNSPECIFIED. ) ;
#9222 = CARTESIAN_POINT ( 'NONE',  ( -0.2527130513516755439, -0.6260000000000000009, 0.7432780253219376521 ) ) ;
#9223 = B_SPLINE_CURVE_WITH_KNOTS ( 'NONE', 3,
 ( #5410, #2476, #8049, #3321 ),
 .UNSPECIFIED., .F., .F.,
 ( 4, 4 ),
 ( 3.000000000000000000, 4.000000000000000000 ),
 .UNSPECIFIED. ) ;
#9224 = ORIENTED_EDGE ( 'NONE', *, *, #7066, .F. ) ;
#9225 = VERTEX_POINT ( 'NONE', #1019 ) ;
#9226 = B_SPLINE_SURFACE_WITH_KNOTS ( 'NONE', 3, 1, ( 
 ( #6672, #5202 ),
 ( #8880, #6068 ),
 ( #6912, #8814 ),
 ( #10616, #464 ) ),
 .UNSPECIFIED., .F., .F., .F.,
 ( 4, 4 ),
 ( 2, 2 ),
 ( 1.000000000000000000, 2.000000000000000000 ),
 ( 0.0000000000000000000, 1.000000000000000000 ),
 .UNSPECIFIED. ) ;
#9227 = FILL_AREA_STYLE ('',( #3676 ) ) ;
#9228 = STYLED_ITEM ( 'NONE', ( #10591 ), #11856 ) ;
#9229 =( NAMED_UNIT ( * ) PLANE_ANGLE_UNIT ( ) SI_UNIT ( $, .RADIAN. ) );
#9230 = LINE ( 'NONE', #5295, #9337 ) ;
#9231 = FILL_AREA_STYLE_COLOUR ( '', #8455 ) ;
#9232 = SURFACE_STYLE_FILL_AREA ( #804 ) ;
#9233 = CARTESIAN_POINT ( 'NONE',  ( -0.3381638227744444558, -0.6260000000000000009, 0.6604786365855273012 ) ) ;
#9234 = PRESENTATION_STYLE_ASSIGNMENT (( #8294 ) ) ;
#9235 = UNCERTAINTY_MEASURE_WITH_UNIT (LENGTH_MEASURE( 1.000000000000000082E-05 ), #6050, 'distance_accuracy_value', 'NONE');
#9236 = ORIENTED_EDGE ( 'NONE', *, *, #6014, .T. ) ;
#9237 = EDGE_LOOP ( 'NONE', ( #11561, #2482, #600, #9542 ) ) ;
#9238 = EDGE_CURVE ( 'NONE', #1228, #4247, #4771, .T. ) ;
#9239 = FACE_OUTER_BOUND ( 'NONE', #9403, .T. ) ;
#9240 = STYLED_ITEM ( 'NONE', ( #5210 ), #3174 ) ;
#9241 = ADVANCED_FACE ( 'NONE', ( #3799 ), #10892, .T. ) ;
#9242 = EDGE_CURVE ( 'NONE', #7825, #4250, #4436, .T. ) ;
#9243 = CARTESIAN_POINT ( 'NONE',  ( -0.4221762624127674002, -0.6250000000000000000, 0.6969394808510793737 ) ) ;
#9244 = FACE_OUTER_BOUND ( 'NONE', #5917, .T. ) ;
#9245 = PLANE ( 'NONE',  #8100 ) ;
#9246 = ORIENTED_EDGE ( 'NONE', *, *, #2311, .F. ) ;
#9247 =( NAMED_UNIT ( * ) PLANE_ANGLE_UNIT ( ) SI_UNIT ( $, .RADIAN. ) );
#9248 = DIRECTION ( 'NONE',  ( -0.0000000000000000000, -0.0000000000000000000, 1.000000000000000000 ) ) ;
#9249 = EDGE_LOOP ( 'NONE', ( #1890, #6115, #5974, #195, #4493, #9700, #463, #11915 ) ) ;
#9250 = CARTESIAN_POINT ( 'NONE',  ( -0.3585777365315390153, -0.6250000000000000000, 0.7002320475860265292 ) ) ;
#9251 = VERTEX_POINT ( 'NONE', #2820 ) ;
#9252 = DIRECTION ( 'NONE',  ( 0.0000000000000000000, 0.0000000000000000000, -1.000000000000000000 ) ) ;
#9253 = PRESENTATION_LAYER_ASSIGNMENT (  '', '', ( #11424 ) ) ;
#9254 = SURFACE_STYLE_USAGE ( .BOTH. , #11292 ) ;
#9255 = PRESENTATION_STYLE_ASSIGNMENT (( #4694 ) ) ;
#9256 = MECHANICAL_DESIGN_GEOMETRIC_PRESENTATION_REPRESENTATION (  '', ( #9451 ), #7104 ) ;
#9257 = FACE_OUTER_BOUND ( 'NONE', #3090, .T. ) ;
#9258 = CARTESIAN_POINT ( 'NONE',  ( -0.3860966627165586806, -0.6250000000000000000, 0.7936369670687982714 ) ) ;
#9259 = CARTESIAN_POINT ( 'NONE',  ( -0.3360323190458831544, -0.6250000000000000000, 0.6604786365855273012 ) ) ;
#9260 = EDGE_CURVE ( 'NONE', #8989, #7629, #10449, .T. ) ;
#9261 = DIRECTION ( 'NONE',  ( 1.000000000000000000, 0.0000000000000000000, -0.0000000000000000000 ) ) ;
#9262 = CARTESIAN_POINT ( 'NONE',  ( -0.3689926449932274255, -0.6250000000000000000, 0.7241118210641562802 ) ) ;
#9263 = SURFACE_STYLE_USAGE ( .BOTH. , #9020 ) ;
#9264 = LINE ( 'NONE', #3853, #7685 ) ;
#9265 =( LENGTH_UNIT ( ) NAMED_UNIT ( * ) SI_UNIT ( .MILLI., .METRE. ) );
#9266 = FACE_OUTER_BOUND ( 'NONE', #8759, .T. ) ;
#9267 =( GEOMETRIC_REPRESENTATION_CONTEXT ( 3 ) GLOBAL_UNCERTAINTY_ASSIGNED_CONTEXT ( ( #4265 ) ) GLOBAL_UNIT_ASSIGNED_CONTEXT ( ( #9629, #273, #8754 ) ) REPRESENTATION_CONTEXT ( 'NONE', 'WORKASPACE' ) );
#9268 = ORIENTED_EDGE ( 'NONE', *, *, #12062, .T. ) ;
#9269 = COLOUR_RGB ( '',0.0000000000000000000, 0.0000000000000000000, 0.0000000000000000000 ) ;
#9270 =( NAMED_UNIT ( * ) PLANE_ANGLE_UNIT ( ) SI_UNIT ( $, .RADIAN. ) );
#9271 = B_SPLINE_CURVE_WITH_KNOTS ( 'NONE', 3,
 ( #788, #3498, #9156, #4353 ),
 .UNSPECIFIED., .F., .F.,
 ( 4, 4 ),
 ( 22.00000000000000000, 23.00000000000000000 ),
 .UNSPECIFIED. ) ;
#9272 = CARTESIAN_POINT ( 'NONE',  ( -0.3614717293985583169, -0.6250000000000000000, 0.7328111289642612602 ) ) ;
#9273 = CARTESIAN_POINT ( 'NONE',  ( -0.6856183391259830229, -0.6260000000000000009, 0.7042566982596960568 ) ) ;
#9274 =( NAMED_UNIT ( * ) SI_UNIT ( $, .STERADIAN. ) SOLID_ANGLE_UNIT ( ) );
#9275 = MECHANICAL_DESIGN_GEOMETRIC_PRESENTATION_REPRESENTATION (  '', ( #6905 ), #10849 ) ;
#9276 = CARTESIAN_POINT ( 'NONE',  ( -0.7550257306683993974, -0.6260000000000000009, 0.6512371686718249064 ) ) ;
#9277 = CARTESIAN_POINT ( 'NONE',  ( -0.5607814577652890931, -0.6260000000000000009, 0.7302844471044068753 ) ) ;
#9278 = AXIS2_PLACEMENT_3D ( 'NONE', #7849, #1385, #8827 ) ;
#9279 = LINE ( 'NONE', #5873, #4751 ) ;
#9280 =( LENGTH_UNIT ( ) NAMED_UNIT ( * ) SI_UNIT ( .MILLI., .METRE. ) );
#9281 = ORIENTED_EDGE ( 'NONE', *, *, #8718, .T. ) ;
#9282 = DIRECTION ( 'NONE',  ( 1.000000000000000000, 0.0000000000000000000, 0.0000000000000000000 ) ) ;
#9283 = DIRECTION ( 'NONE',  ( 0.0000000000000000000, 0.0000000000000000000, 1.000000000000000000 ) ) ;
#9284 = EDGE_LOOP ( 'NONE', ( #7081, #2855, #5529, #6633 ) ) ;
#9285 = ORIENTED_EDGE ( 'NONE', *, *, #74, .T. ) ;
#9286 = UNCERTAINTY_MEASURE_WITH_UNIT (LENGTH_MEASURE( 1.000000000000000082E-05 ), #4447, 'distance_accuracy_value', 'NONE');
#9287 = CARTESIAN_POINT ( 'NONE',  ( -0.3198467541487413079, -0.6250000000000000000, 0.6913247881028975472 ) ) ;
#9288 = ADVANCED_FACE ( 'NONE', ( #10336 ), #9398, .F. ) ;
#9289 = ADVANCED_FACE ( 'NONE', ( #5827 ), #9639, .F. ) ;
#9290 = LINE ( 'NONE', #6357, #9723 ) ;
#9291 = LINE ( 'NONE', #2897, #6907 ) ;
#9292 = CARTESIAN_POINT ( 'NONE',  ( -0.3486307191321209031, -0.6250000000000000000, 0.7023115634190640888 ) ) ;
#9293 = STYLED_ITEM ( 'NONE', ( #5152 ), #9288 ) ;
#9294 = CARTESIAN_POINT ( 'NONE',  ( -0.4281548704317070797, -0.6260000000000000009, 0.7989397324419789115 ) ) ;
#9295 = CARTESIAN_POINT ( 'NONE',  ( -0.3637765261129762839, -0.6260000000000000009, 0.8213638448370749190 ) ) ;
#9296 = DIRECTION ( 'NONE',  ( -1.000000000000000000, 0.0000000000000000000, 0.0000000000000000000 ) ) ;
#9297 = VECTOR ( 'NONE', #2988, 1000.000000000000000 ) ;
#9298 = VERTEX_POINT ( 'NONE', #9840 ) ;
#9299 = UNCERTAINTY_MEASURE_WITH_UNIT (LENGTH_MEASURE( 1.000000000000000082E-05 ), #5804, 'distance_accuracy_value', 'NONE');
#9300 = ORIENTED_EDGE ( 'NONE', *, *, #951, .T. ) ;
#9301 = PLANE ( 'NONE',  #8820 ) ;
#9302 = VECTOR ( 'NONE', #1365, 1000.000000000000000 ) ;
#9303 =( GEOMETRIC_REPRESENTATION_CONTEXT ( 3 ) GLOBAL_UNCERTAINTY_ASSIGNED_CONTEXT ( ( #5478 ) ) GLOBAL_UNIT_ASSIGNED_CONTEXT ( ( #5694, #953, #5753 ) ) REPRESENTATION_CONTEXT ( 'NONE', 'WORKASPACE' ) );
#9304 = FILL_AREA_STYLE ('',( #3695 ) ) ;
#9305 = ORIENTED_EDGE ( 'NONE', *, *, #9459, .T. ) ;
#9306 = CARTESIAN_POINT ( 'NONE',  ( -0.1933948622259264172, -0.6260000000000000009, 0.7420996330167346500 ) ) ;
#9307 = FILL_AREA_STYLE ('',( #77 ) ) ;
#9308 = CARTESIAN_POINT ( 'NONE',  ( -0.5607814577652890931, -0.6250000000000000000, 0.7707720860419996489 ) ) ;
#9309 = VERTEX_POINT ( 'NONE', #8895 ) ;
#9310 = CARTESIAN_POINT ( 'NONE',  ( -1.000000000000000000, -0.2249999999999997835, -0.01000000000000000021 ) ) ;
#9311 = SURFACE_STYLE_FILL_AREA ( #1843 ) ;
#9312 = PRESENTATION_LAYER_ASSIGNMENT (  '', '', ( #8705 ) ) ;
#9313 = PRESENTATION_LAYER_ASSIGNMENT (  '', '', ( #8118 ) ) ;
#9314 = SURFACE_STYLE_FILL_AREA ( #83 ) ;
#9315 = ADVANCED_FACE ( 'NONE', ( #9772 ), #10575, .F. ) ;
#9316 = EDGE_LOOP ( 'NONE', ( #4838, #5104, #9285, #5203 ) ) ;
#9317 = VECTOR ( 'NONE', #9827, 1000.000000000000000 ) ;
#9318 = MECHANICAL_DESIGN_GEOMETRIC_PRESENTATION_REPRESENTATION (  '', ( #10500 ), #9719 ) ;
#9319 =( NAMED_UNIT ( * ) PLANE_ANGLE_UNIT ( ) SI_UNIT ( $, .RADIAN. ) );
#9320 = B_SPLINE_CURVE_WITH_KNOTS ( 'NONE', 3,
 ( #10447, #6627, #8382, #10333 ),
 .UNSPECIFIED., .F., .F.,
 ( 4, 4 ),
 ( 0.0000000000000000000, 1.000000000000000000 ),
 .UNSPECIFIED. ) ;
#9321 = VECTOR ( 'NONE', #10838, 1000.000000000000000 ) ;
#9322 = CYLINDRICAL_SURFACE ( 'NONE', #5208, 0.1573157410611863705 ) ;
#9323 = PRESENTATION_STYLE_ASSIGNMENT (( #10313 ) ) ;
#9324 = CARTESIAN_POINT ( 'NONE',  ( -0.8302170596310163297, -0.6250000000000000000, 0.8001738270155674959 ) ) ;
#9325 = CARTESIAN_POINT ( 'NONE',  ( -0.2546366034969794190, -0.6260000000000000009, 0.7215817434678952758 ) ) ;
#9326 = MECHANICAL_DESIGN_GEOMETRIC_PRESENTATION_REPRESENTATION (  '', ( #1701 ), #3236 ) ;
#9327 = FILL_AREA_STYLE ('',( #5571 ) ) ;
#9328 = DIRECTION ( 'NONE',  ( 0.9409537876827089864, 0.0000000000000000000, -0.3385350342956598979 ) ) ;
#9329 = SURFACE_SIDE_STYLE ('',( #2078 ) ) ;
#9330 = PRESENTATION_STYLE_ASSIGNMENT (( #159 ) ) ;
#9331 = B_SPLINE_SURFACE_WITH_KNOTS ( 'NONE', 3, 1, ( 
 ( #10348, #6100 ),
 ( #7012, #10886 ),
 ( #6160, #4055 ),
 ( #3261, #4112 ) ),
 .UNSPECIFIED., .F., .F., .F.,
 ( 4, 4 ),
 ( 2, 2 ),
 ( 3.000000000000000000, 4.000000000000000000 ),
 ( 0.0000000000000000000, 1.000000000000000000 ),
 .UNSPECIFIED. ) ;
#9332 = EDGE_CURVE ( 'NONE', #111, #8990, #7178, .T. ) ;
#9333 = DIRECTION ( 'NONE',  ( -0.0000000000000000000, 1.000000000000000000, -0.0000000000000000000 ) ) ;
#9334 = CARTESIAN_POINT ( 'NONE',  ( -0.4252955361618575569, -0.6260000000000000009, 0.8392823395948491028 ) ) ;
#9335 = DIRECTION ( 'NONE',  ( -0.0000000000000000000, 1.000000000000000000, -0.0000000000000000000 ) ) ;
#9336 = EDGE_LOOP ( 'NONE', ( #322, #6538, #1918, #7426 ) ) ;
#9337 = VECTOR ( 'NONE', #5542, 1000.000000000000000 ) ;
#9338 = VECTOR ( 'NONE', #711, 1000.000000000000000 ) ;
#9339 = DIRECTION ( 'NONE',  ( 1.000000000000000000, -0.0000000000000000000, -0.0000000000000000000 ) ) ;
#9340 = CARTESIAN_POINT ( 'NONE',  ( 1.000000000000000000, -0.6250000000000000000, 0.0000000000000000000 ) ) ;
#9341 = CARTESIAN_POINT ( 'NONE',  ( -0.4101843877779435266, -0.6260000000000000009, 0.7259140681193632094 ) ) ;
#9342 = VECTOR ( 'NONE', #418, 1000.000000000000000 ) ;
#9343 = DIRECTION ( 'NONE',  ( 1.000000000000000000, 0.0000000000000000000, 0.0000000000000000000 ) ) ;
#9344 = CARTESIAN_POINT ( 'NONE',  ( -0.4404586724415291421, -0.6250000000000000000, 0.7432780253219376521 ) ) ;
#9345 = VECTOR ( 'NONE', #8165, 1000.000000000000000 ) ;
#9346 = PRESENTATION_STYLE_ASSIGNMENT (( #3556 ) ) ;
#9347 = ORIENTED_EDGE ( 'NONE', *, *, #1177, .T. ) ;
#9348 = ORIENTED_EDGE ( 'NONE', *, *, #1630, .T. ) ;
#9349 = ORIENTED_EDGE ( 'NONE', *, *, #1887, .F. ) ;
#9350 = ADVANCED_FACE ( 'NONE', ( #8035 ), #11861, .F. ) ;
#9351 = AXIS2_PLACEMENT_3D ( 'NONE', #5297, #9803, #2491 ) ;
#9352 = FILL_AREA_STYLE_COLOUR ( '', #3451 ) ;
#9353 = B_SPLINE_CURVE_WITH_KNOTS ( 'NONE', 3,
 ( #830, #10128, #2634, #7286 ),
 .UNSPECIFIED., .F., .F.,
 ( 4, 4 ),
 ( 8.000000000000000000, 9.000000000000000000 ),
 .UNSPECIFIED. ) ;
#9354 = CARTESIAN_POINT ( 'NONE',  ( -0.2714806817410641560, -0.6260000000000000009, 0.8436493228434865932 ) ) ;
#9355 = CARTESIAN_POINT ( 'NONE',  ( -0.3962689609980504235, -0.6250000000000000000, 0.8518634103822715353 ) ) ;
#9356 = CARTESIAN_POINT ( 'NONE',  ( -0.3803260062811051334, -0.6260000000000000009, 0.7186357627051216390 ) ) ;
#9357 = LINE ( 'NONE', #5372, #10582 ) ;
#9358 =( LENGTH_UNIT ( ) NAMED_UNIT ( * ) SI_UNIT ( .MILLI., .METRE. ) );
#9359 = DIRECTION ( 'NONE',  ( -0.0000000000000000000, 0.0000000000000000000, -1.000000000000000000 ) ) ;
#9360 =( GEOMETRIC_REPRESENTATION_CONTEXT ( 3 ) GLOBAL_UNCERTAINTY_ASSIGNED_CONTEXT ( ( #5000 ) ) GLOBAL_UNIT_ASSIGNED_CONTEXT ( ( #7347, #1846, #3536 ) ) REPRESENTATION_CONTEXT ( 'NONE', 'WORKASPACE' ) );
#9361 = FACE_OUTER_BOUND ( 'NONE', #1999, .T. ) ;
#9362 = UNCERTAINTY_MEASURE_WITH_UNIT (LENGTH_MEASURE( 1.000000000000000082E-05 ), #3132, 'distance_accuracy_value', 'NONE');
#9363 = EDGE_LOOP ( 'NONE', ( #11522, #11003, #5188, #5471 ) ) ;
#9364 = ORIENTED_EDGE ( 'NONE', *, *, #7602, .F. ) ;
#9365 = LINE ( 'NONE', #983, #1970 ) ;
#9366 = EDGE_CURVE ( 'NONE', #1585, #5111, #10929, .T. ) ;
#9367 = EDGE_CURVE ( 'NONE', #968, #992, #9081, .T. ) ;
#9368 = B_SPLINE_CURVE_WITH_KNOTS ( 'NONE', 3,
 ( #8325, #2012, #93, #2696 ),
 .UNSPECIFIED., .F., .F.,
 ( 4, 4 ),
 ( 11.00000000000000000, 12.00000000000000000 ),
 .UNSPECIFIED. ) ;
#9369 = MECHANICAL_DESIGN_GEOMETRIC_PRESENTATION_REPRESENTATION (  '', ( #7786 ), #9970 ) ;
#9370 = PLANE ( 'NONE',  #6499 ) ;
#9371 = DIRECTION ( 'NONE',  ( 0.0000000000000000000, 0.0000000000000000000, -1.000000000000000000 ) ) ;
#9372 = ORIENTED_EDGE ( 'NONE', *, *, #11692, .F. ) ;
#9373 = CARTESIAN_POINT ( 'NONE',  ( -0.4307889238197114001, -0.6250000000000000000, 0.6962463089071945221 ) ) ;
#9374 = CARTESIAN_POINT ( 'NONE',  ( -0.4238572043776431264, -0.6250000000000000000, 0.6834226279391137915 ) ) ;
#9375 = VERTEX_POINT ( 'NONE', #6386 ) ;
#9376 = LINE ( 'NONE', #3769, #8871 ) ;
#9377 =( NAMED_UNIT ( * ) SI_UNIT ( $, .STERADIAN. ) SOLID_ANGLE_UNIT ( ) );
#9378 = DIRECTION ( 'NONE',  ( -1.000000000000000000, 0.0000000000000000000, -0.0000000000000000000 ) ) ;
#9379 = ORIENTED_EDGE ( 'NONE', *, *, #9831, .T. ) ;
#9380 = CARTESIAN_POINT ( 'NONE',  ( -0.3973433775115092215, -0.6250000000000000000, 0.7896858869866756336 ) ) ;
#9381 = CARTESIAN_POINT ( 'NONE',  ( -0.3689926449932274255, -0.6260000000000000009, 0.7241118210641562802 ) ) ;
#9382 = PLANE ( 'NONE',  #10879 ) ;
#9383 = SURFACE_SIDE_STYLE ('',( #3957 ) ) ;
#9384 = LINE ( 'NONE', #3720, #2776 ) ;
#9385 = ADVANCED_FACE ( 'NONE', ( #10132 ), #5395, .F. ) ;
#9386 = FILL_AREA_STYLE_COLOUR ( '', #8689 ) ;
#9387 = STYLED_ITEM ( 'NONE', ( #11435 ), #10158 ) ;
#9388 = LINE ( 'NONE', #7595, #5082 ) ;
#9389 = SURFACE_SIDE_STYLE ('',( #7596 ) ) ;
#9390 = VERTEX_POINT ( 'NONE', #8957 ) ;
#9391 = ADVANCED_FACE ( 'NONE', ( #4519 ), #9898, .F. ) ;
#9392 =( GEOMETRIC_REPRESENTATION_CONTEXT ( 3 ) GLOBAL_UNCERTAINTY_ASSIGNED_CONTEXT ( ( #2763 ) ) GLOBAL_UNIT_ASSIGNED_CONTEXT ( ( #4119, #7686, #7937 ) ) REPRESENTATION_CONTEXT ( 'NONE', 'WORKASPACE' ) );
#9393 = ADVANCED_FACE ( 'NONE', ( #7462 ), #9382, .T. ) ;
#9394 = DIRECTION ( 'NONE',  ( -1.000000000000000000, -0.0000000000000000000, -0.0000000000000000000 ) ) ;
#9395 = EDGE_CURVE ( 'NONE', #1599, #3857, #10317, .T. ) ;
#9396 = CARTESIAN_POINT ( 'NONE',  ( -0.3337621809286344110, -0.6260000000000000009, 0.7317020538534013685 ) ) ;
#9397 = DIRECTION ( 'NONE',  ( -0.0000000000000000000, 0.0000000000000000000, 1.000000000000000000 ) ) ;
#9398 = PLANE ( 'NONE',  #2630 ) ;
#9399 = CARTESIAN_POINT ( 'NONE',  ( 0.0000000000000000000, -0.6260000000000000009, 0.0000000000000000000 ) ) ;
#9400 = VERTEX_POINT ( 'NONE', #10245 ) ;
#9401 = DIRECTION ( 'NONE',  ( -0.0000000000000000000, 0.0000000000000000000, -1.000000000000000000 ) ) ;
#9402 = STYLED_ITEM ( 'NONE', ( #11015 ), #902 ) ;
#9403 = EDGE_LOOP ( 'NONE', ( #6677, #6610, #6969, #1753 ) ) ;
#9404 = AXIS2_PLACEMENT_3D ( 'NONE', #2590, #3443, #6402 ) ;
#9405 = ORIENTED_EDGE ( 'NONE', *, *, #4521, .T. ) ;
#9406 = UNCERTAINTY_MEASURE_WITH_UNIT (LENGTH_MEASURE( 1.000000000000000082E-05 ), #6761, 'distance_accuracy_value', 'NONE');
#9407 =( LENGTH_UNIT ( ) NAMED_UNIT ( * ) SI_UNIT ( .MILLI., .METRE. ) );
#9408 = VECTOR ( 'NONE', #5169, 1000.000000000000000 ) ;
#9409 = CARTESIAN_POINT ( 'NONE',  ( -0.3614717293985583169, -0.6260000000000000009, 0.7107336025408754754 ) ) ;
#9410 = FILL_AREA_STYLE ('',( #2832 ) ) ;
#9411 = EDGE_CURVE ( 'NONE', #7400, #4250, #1956, .T. ) ;
#9412 = FILL_AREA_STYLE_COLOUR ( '', #7172 ) ;
#9413 = PRESENTATION_STYLE_ASSIGNMENT (( #10276 ) ) ;
#9414 = CARTESIAN_POINT ( 'NONE',  ( -0.1831705760484461654, -0.6250000000000000000, 0.7280975597434504731 ) ) ;
#9415 = CARTESIAN_POINT ( 'NONE',  ( -0.3715747104854764671, -0.6250000000000000000, 0.7193982518438081231 ) ) ;
#9416 = CARTESIAN_POINT ( 'NONE',  ( -0.3614717293985583169, -0.6250000000000000000, 0.7107336025408754754 ) ) ;
#9417 = EDGE_CURVE ( 'NONE', #4745, #11897, #7939, .T. ) ;
#9418 = SURFACE_STYLE_USAGE ( .BOTH. , #5667 ) ;
#9419 = ORIENTED_EDGE ( 'NONE', *, *, #6018, .T. ) ;
#9420 = UNCERTAINTY_MEASURE_WITH_UNIT (LENGTH_MEASURE( 1.000000000000000082E-05 ), #8148, 'distance_accuracy_value', 'NONE');
#9421 = ORIENTED_EDGE ( 'NONE', *, *, #3280, .F. ) ;
#9422 = DIRECTION ( 'NONE',  ( -1.000000000000000000, 0.0000000000000000000, -0.0000000000000000000 ) ) ;
#9423 =( GEOMETRIC_REPRESENTATION_CONTEXT ( 3 ) GLOBAL_UNCERTAINTY_ASSIGNED_CONTEXT ( ( #1283 ) ) GLOBAL_UNIT_ASSIGNED_CONTEXT ( ( #4699, #8753, #2384 ) ) REPRESENTATION_CONTEXT ( 'NONE', 'WORKASPACE' ) );
#9424 = B_SPLINE_SURFACE_WITH_KNOTS ( 'NONE', 3, 1, ( 
 ( #38, #9195 ),
 ( #6552, #9380 ),
 ( #4516, #5516 ),
 ( #3848, #9258 ) ),
 .UNSPECIFIED., .F., .F., .F.,
 ( 4, 4 ),
 ( 2, 2 ),
 ( 0.0000000000000000000, 1.000000000000000000 ),
 ( 0.0000000000000000000, 1.000000000000000000 ),
 .UNSPECIFIED. ) ;
#9425 =( NAMED_UNIT ( * ) SI_UNIT ( $, .STERADIAN. ) SOLID_ANGLE_UNIT ( ) );
#9426 = LINE ( 'NONE', #5852, #6759 ) ;
#9427 = SURFACE_SIDE_STYLE ('',( #4623 ) ) ;
#9428 = ORIENTED_EDGE ( 'NONE', *, *, #9366, .T. ) ;
#9429 = CARTESIAN_POINT ( 'NONE',  ( -0.4389163648655687311, -0.6260000000000000009, 0.6910128607283587687 ) ) ;
#9430 = CARTESIAN_POINT ( 'NONE',  ( -0.4157817512275402416, -0.6250000000000000000, 0.8493679913831820860 ) ) ;
#9431 =( LENGTH_UNIT ( ) NAMED_UNIT ( * ) SI_UNIT ( .MILLI., .METRE. ) );
#9432 = ORIENTED_EDGE ( 'NONE', *, *, #387, .T. ) ;
#9433 = CARTESIAN_POINT ( 'NONE',  ( -0.8080452418693617744, -0.6250000000000000000, 0.7408883750859042161 ) ) ;
#9434 = DIRECTION ( 'NONE',  ( -0.0000000000000000000, 1.000000000000000000, -0.0000000000000000000 ) ) ;
#9435 =( NAMED_UNIT ( * ) SI_UNIT ( $, .STERADIAN. ) SOLID_ANGLE_UNIT ( ) );
#9436 = UNCERTAINTY_MEASURE_WITH_UNIT (LENGTH_MEASURE( 1.000000000000000082E-05 ), #9407, 'distance_accuracy_value', 'NONE');
#9437 = ORIENTED_EDGE ( 'NONE', *, *, #4237, .F. ) ;
#9438 = COLOUR_RGB ( '',1.000000000000000000, 0.5019607843137254832, 0.0000000000000000000 ) ;
#9439 = DIRECTION ( 'NONE',  ( 1.000000000000000000, 0.0000000000000000000, 0.0000000000000000000 ) ) ;
#9440 = DIRECTION ( 'NONE',  ( -0.0000000000000000000, 1.000000000000000000, -0.0000000000000000000 ) ) ;
#9441 = DIRECTION ( 'NONE',  ( -0.0000000000000000000, -0.0000000000000000000, 1.000000000000000000 ) ) ;
#9442 = CARTESIAN_POINT ( 'NONE',  ( -0.5607814577652890931, -0.6260000000000000009, 0.7500462736077881942 ) ) ;
#9443 = CARTESIAN_POINT ( 'NONE',  ( -0.2129769696497612330, -0.6260000000000000009, 0.7908296206947073026 ) ) ;
#9444 = PRESENTATION_STYLE_ASSIGNMENT (( #1903 ) ) ;
#9445 =( NAMED_UNIT ( * ) SI_UNIT ( $, .STERADIAN. ) SOLID_ANGLE_UNIT ( ) );
#9446 = FILL_AREA_STYLE_COLOUR ( '', #6137 ) ;
#9447 = B_SPLINE_CURVE_WITH_KNOTS ( 'NONE', 3,
 ( #1149, #3743, #9354, #971 ),
 .UNSPECIFIED., .F., .F.,
 ( 4, 4 ),
 ( 3.000000000000000000, 4.000000000000000000 ),
 .UNSPECIFIED. ) ;
#9448 = VERTEX_POINT ( 'NONE', #4636 ) ;
#9449 = ORIENTED_EDGE ( 'NONE', *, *, #8774, .T. ) ;
#9450 = DIRECTION ( 'NONE',  ( -0.0000000000000000000, 0.0000000000000000000, 1.000000000000000000 ) ) ;
#9451 = STYLED_ITEM ( 'NONE', ( #140 ), #802 ) ;
#9452 = CARTESIAN_POINT ( 'NONE',  ( -0.4368541783315783023, -0.6250000000000000000, 0.8234433606696495156 ) ) ;
#9453 = CARTESIAN_POINT ( 'NONE',  ( -0.3188069962322234718, -0.6260000000000000009, 0.6952412095878495180 ) ) ;
#9454 = CARTESIAN_POINT ( 'NONE',  ( -0.4389163648655687311, -0.6260000000000000009, 0.6832839935504295692 ) ) ;
#9455 = PRESENTATION_STYLE_ASSIGNMENT (( #10335 ) ) ;
#9456 = SURFACE_STYLE_FILL_AREA ( #2095 ) ;
#9457 = VERTEX_POINT ( 'NONE', #4698 ) ;
#9458 = COLOUR_RGB ( '',0.0000000000000000000, 0.0000000000000000000, 0.0000000000000000000 ) ;
#9459 = EDGE_CURVE ( 'NONE', #11285, #6063, #4818, .T. ) ;
#9460 = ORIENTED_EDGE ( 'NONE', *, *, #703, .T. ) ;
#9461 = VERTEX_POINT ( 'NONE', #8428 ) ;
#9462 = EDGE_CURVE ( 'NONE', #2297, #1078, #7352, .T. ) ;
#9463 = ADVANCED_FACE ( 'NONE', ( #11174 ), #2872, .F. ) ;
#9464 = CARTESIAN_POINT ( 'NONE',  ( -0.5607814577652890931, -0.6260000000000000009, 0.7500462736077881942 ) ) ;
#9465 = SURFACE_STYLE_FILL_AREA ( #5839 ) ;
#9466 = CARTESIAN_POINT ( 'NONE',  ( -0.5607814577652890931, -0.6250000000000000000, 0.7500462736077881942 ) ) ;
#9467 = CARTESIAN_POINT ( 'NONE',  ( -0.4039458402799911418, -0.6250000000000000000, 0.6850169234108318683 ) ) ;
#9468 = CARTESIAN_POINT ( 'NONE',  ( -0.3860966627165586806, -0.6260000000000000009, 0.8020243475939006217 ) ) ;
#9469 = FACE_BOUND ( 'NONE', #8770, .T. ) ;
#9470 = MECHANICAL_DESIGN_GEOMETRIC_PRESENTATION_REPRESENTATION (  '', ( #2016 ), #1070 ) ;
#9471 = EDGE_CURVE ( 'NONE', #10905, #3266, #5874, .T. ) ;
#9472 = ORIENTED_EDGE ( 'NONE', *, *, #3967, .F. ) ;
#9473 = ORIENTED_EDGE ( 'NONE', *, *, #10744, .T. ) ;
#9474 = B_SPLINE_CURVE_WITH_KNOTS ( 'NONE', 3,
 ( #5422, #11942, #2599, #4314 ),
 .UNSPECIFIED., .F., .F.,
 ( 4, 4 ),
 ( 34.00000000000000000, 35.00000000000000000 ),
 .UNSPECIFIED. ) ;
#9475 = CARTESIAN_POINT ( 'NONE',  ( -0.3279915244931836393, -0.6260000000000000009, 0.6745846856503245892 ) ) ;
#9476 = COLOUR_RGB ( '',0.0000000000000000000, 0.0000000000000000000, 0.0000000000000000000 ) ;
#9477 = CARTESIAN_POINT ( 'NONE',  ( -0.2772686674751027036, -0.6250000000000000000, 0.8168928857969240953 ) ) ;
#9478 = COLOUR_RGB ( '',0.0000000000000000000, 0.0000000000000000000, 0.0000000000000000000 ) ;
#9479 = ORIENTED_EDGE ( 'NONE', *, *, #4361, .F. ) ;
#9480 =( NAMED_UNIT ( * ) SI_UNIT ( $, .STERADIAN. ) SOLID_ANGLE_UNIT ( ) );
#9481 = CARTESIAN_POINT ( 'NONE',  ( -0.3748846065190087895, -0.6260000000000000009, 0.7289640246736514007 ) ) ;
#9482 = CARTESIAN_POINT ( 'NONE',  ( -0.5983771205227886858, -0.6250000000000000000, 0.7876419363652877870 ) ) ;
#9483 = EDGE_LOOP ( 'NONE', ( #8654, #5154, #8470, #7933 ) ) ;
#9484 = LINE ( 'NONE', #10233, #10644 ) ;
#9485 = EDGE_CURVE ( 'NONE', #10286, #111, #407, .T. ) ;
#9486 = DIRECTION ( 'NONE',  ( -1.000000000000000000, -0.0000000000000000000, -0.0000000000000000000 ) ) ;
#9487 = B_SPLINE_CURVE_WITH_KNOTS ( 'NONE', 3,
 ( #5398, #781, #8213, #6448 ),
 .UNSPECIFIED., .F., .F.,
 ( 4, 4 ),
 ( 3.000000000000000000, 4.000000000000000000 ),
 .UNSPECIFIED. ) ;
#9488 = VERTEX_POINT ( 'NONE', #6977 ) ;
#9489 = CARTESIAN_POINT ( 'NONE',  ( -0.3672770444314125693, -0.6260000000000000009, 0.7253248719665309485 ) ) ;
#9490 = ORIENTED_EDGE ( 'NONE', *, *, #7755, .T. ) ;
#9491 = PLANE ( 'NONE',  #400 ) ;
#9492 = COLOUR_RGB ( '',0.0000000000000000000, 0.0000000000000000000, 0.0000000000000000000 ) ;
#9493 = PRESENTATION_LAYER_ASSIGNMENT (  '', '', ( #7330 ) ) ;
#9494 = MECHANICAL_DESIGN_GEOMETRIC_PRESENTATION_REPRESENTATION (  '', ( #3211 ), #9303 ) ;
#9495 = FILL_AREA_STYLE ('',( #4812 ) ) ;
#9496 = CARTESIAN_POINT ( 'NONE',  ( -0.7000782108319556496, -0.6260000000000000009, 0.8478914018058004709 ) ) ;
#9497 = CARTESIAN_POINT ( 'NONE',  ( -0.3400007284265894603, -0.6250000000000000000, 0.6607212467661884858 ) ) ;
#9498 = AXIS2_PLACEMENT_3D ( 'NONE', #831, #2738, #11040 ) ;
#9499 = SURFACE_STYLE_USAGE ( .BOTH. , #896 ) ;
#9500 = MECHANICAL_DESIGN_GEOMETRIC_PRESENTATION_REPRESENTATION (  '', ( #7530 ), #137 ) ;
#9501 = DIRECTION ( 'NONE',  ( -0.0000000000000000000, 1.000000000000000000, -0.0000000000000000000 ) ) ;
#9502 = CARTESIAN_POINT ( 'NONE',  ( -0.4389163648655687311, -0.6260000000000000009, 0.6832839935504295692 ) ) ;
#9503 = CARTESIAN_POINT ( 'NONE',  ( -0.3366908323930571378, -0.6260000000000000009, 0.6677569419997686495 ) ) ;
#9504 = VERTEX_POINT ( 'NONE', #11546 ) ;
#9505 = ORIENTED_EDGE ( 'NONE', *, *, #10669, .F. ) ;
#9506 = LINE ( 'NONE', #5080, #5817 ) ;
#9507 = MECHANICAL_DESIGN_GEOMETRIC_PRESENTATION_REPRESENTATION (  '', ( #8505 ), #6963 ) ;
#9508 = PRESENTATION_LAYER_ASSIGNMENT (  '', '', ( #5388 ) ) ;
#9509 = EDGE_CURVE ( 'NONE', #3626, #4238, #7901, .T. ) ;
#9510 = AXIS2_PLACEMENT_3D ( 'NONE', #8967, #10991, #8164 ) ;
#9511 = DIRECTION ( 'NONE',  ( 1.000000000000000000, 0.0000000000000000000, 0.0000000000000000000 ) ) ;
#9512 = CARTESIAN_POINT ( 'NONE',  ( -0.3614717293985583169, -0.6260000000000000009, 0.7107336025408754754 ) ) ;
#9513 = SURFACE_SIDE_STYLE ('',( #5465 ) ) ;
#9514 = PRESENTATION_STYLE_ASSIGNMENT (( #1333 ) ) ;
#9515 = CARTESIAN_POINT ( 'NONE',  ( -0.4221762624127674002, -0.6260000000000000009, 0.6969394808510793737 ) ) ;
#9516 = CARTESIAN_POINT ( 'NONE',  ( -0.6181642414781315376, 0.0000000000000000000, 1.000000000000000000 ) ) ;
#9517 = SURFACE_SIDE_STYLE ('',( #109 ) ) ;
#9518 = PRESENTATION_STYLE_ASSIGNMENT (( #2887 ) ) ;
#9519 = EDGE_LOOP ( 'NONE', ( #10155, #10581, #7867, #8017 ) ) ;
#9520 = LINE ( 'NONE', #11502, #7918 ) ;
#9521 = AXIS2_PLACEMENT_3D ( 'NONE', #3394, #6232, #4064 ) ;
#9522 = EDGE_CURVE ( 'NONE', #2326, #1632, #1375, .T. ) ;
#9523 = VECTOR ( 'NONE', #2996, 1000.000000000000000 ) ;
#9524 = ORIENTED_EDGE ( 'NONE', *, *, #1746, .T. ) ;
#9525 = ORIENTED_EDGE ( 'NONE', *, *, #2848, .T. ) ;
#9526 = UNCERTAINTY_MEASURE_WITH_UNIT (LENGTH_MEASURE( 1.000000000000000082E-05 ), #9932, 'distance_accuracy_value', 'NONE');
#9527 = CARTESIAN_POINT ( 'NONE',  ( -0.4276696500706181348, -0.6260000000000000009, 0.8158531278808678344 ) ) ;
#9528 = DIRECTION ( 'NONE',  ( -0.0000000000000000000, -0.0000000000000000000, -1.000000000000000000 ) ) ;
#9529 =( NAMED_UNIT ( * ) SI_UNIT ( $, .STERADIAN. ) SOLID_ANGLE_UNIT ( ) );
#9530 = SURFACE_STYLE_FILL_AREA ( #3809 ) ;
#9531 = DIRECTION ( 'NONE',  ( -0.0000000000000000000, 1.000000000000000000, -0.0000000000000000000 ) ) ;
#9532 = CARTESIAN_POINT ( 'NONE',  ( -0.3795288585452459840, -0.6250000000000000000, 0.7130903871512798142 ) ) ;
#9533 =( NAMED_UNIT ( * ) PLANE_ANGLE_UNIT ( ) SI_UNIT ( $, .RADIAN. ) );
#9534 = SURFACE_STYLE_FILL_AREA ( #240 ) ;
#9535 = DIRECTION ( 'NONE',  ( -1.000000000000000000, -0.0000000000000000000, -0.0000000000000000000 ) ) ;
#9536 =( NAMED_UNIT ( * ) PLANE_ANGLE_UNIT ( ) SI_UNIT ( $, .RADIAN. ) );
#9537 = FACE_BOUND ( 'NONE', #6871, .T. ) ;
#9538 = EDGE_CURVE ( 'NONE', #673, #5939, #5814, .T. ) ;
#9539 = ORIENTED_EDGE ( 'NONE', *, *, #4115, .T. ) ;
#9540 = MECHANICAL_DESIGN_GEOMETRIC_PRESENTATION_REPRESENTATION (  '', ( #1528 ), #11717 ) ;
#9541 = ORIENTED_EDGE ( 'NONE', *, *, #6254, .T. ) ;
#9542 = ORIENTED_EDGE ( 'NONE', *, *, #3050, .T. ) ;
#9543 = LINE ( 'NONE', #7442, #4103 ) ;
#9544 = EDGE_CURVE ( 'NONE', #8076, #9789, #5072, .T. ) ;
#9545 = PRESENTATION_STYLE_ASSIGNMENT (( #3831 ) ) ;
#9546 = DIRECTION ( 'NONE',  ( 0.0000000000000000000, -0.0000000000000000000, 1.000000000000000000 ) ) ;
#9547 =( LENGTH_UNIT ( ) NAMED_UNIT ( * ) SI_UNIT ( .MILLI., .METRE. ) );
#9548 =( GEOMETRIC_REPRESENTATION_CONTEXT ( 3 ) GLOBAL_UNCERTAINTY_ASSIGNED_CONTEXT ( ( #9681 ) ) GLOBAL_UNIT_ASSIGNED_CONTEXT ( ( #8098, #4348, #10878 ) ) REPRESENTATION_CONTEXT ( 'NONE', 'WORKASPACE' ) );
#9549 = CARTESIAN_POINT ( 'NONE',  ( -0.3725278219086046172, -0.6260000000000000009, 0.8586218368384853639 ) ) ;
#9550 = CARTESIAN_POINT ( 'NONE',  ( -0.4307889238197114001, -0.6260000000000000009, 0.7052922027790106130 ) ) ;
#9551 = CARTESIAN_POINT ( 'NONE',  ( -0.2347945565939009716, -0.6250000000000000000, 0.8463180348288934507 ) ) ;
#9552 = CARTESIAN_POINT ( 'NONE',  ( -0.3748846065190087895, -0.6250000000000000000, 0.7289640246736514007 ) ) ;
#9553 = VERTEX_POINT ( 'NONE', #4024 ) ;
#9554 = DIRECTION ( 'NONE',  ( 0.0000000000000000000, 0.0000000000000000000, 1.000000000000000000 ) ) ;
#9555 = PRESENTATION_STYLE_ASSIGNMENT (( #450 ) ) ;
#9556 = ORIENTED_EDGE ( 'NONE', *, *, #6483, .F. ) ;
#9557 = UNCERTAINTY_MEASURE_WITH_UNIT (LENGTH_MEASURE( 1.000000000000000082E-05 ), #9857, 'distance_accuracy_value', 'NONE');
#9558 = ORIENTED_EDGE ( 'NONE', *, *, #2747, .T. ) ;
#9559 = COLOUR_RGB ( '',0.0000000000000000000, 0.0000000000000000000, 0.0000000000000000000 ) ;
#9560 = EDGE_CURVE ( 'NONE', #11024, #9887, #9565, .T. ) ;
#9561 = CARTESIAN_POINT ( 'NONE',  ( -0.3903250115762804673, -0.6250000000000000000, 0.8588297884219738831 ) ) ;
#9562 =( NAMED_UNIT ( * ) PLANE_ANGLE_UNIT ( ) SI_UNIT ( $, .RADIAN. ) );
#9563 =( NAMED_UNIT ( * ) PLANE_ANGLE_UNIT ( ) SI_UNIT ( $, .RADIAN. ) );
#9564 = EDGE_CURVE ( 'NONE', #3823, #1727, #3054, .T. ) ;
#9565 = LINE ( 'NONE', #2136, #2827 ) ;
#9566 = CARTESIAN_POINT ( 'NONE',  ( -0.4000000000000004108, 0.6250000000000000000, -0.01000000000000000021 ) ) ;
#9567 = SURFACE_STYLE_USAGE ( .BOTH. , #10734 ) ;
#9568 = DIRECTION ( 'NONE',  ( -1.000000000000000000, 0.0000000000000000000, 0.0000000000000000000 ) ) ;
#9569 = CARTESIAN_POINT ( 'NONE',  ( -0.4753772091311208592, -0.6260000000000000009, 0.8586218368384853639 ) ) ;
#9570 = CARTESIAN_POINT ( 'NONE',  ( -0.7492417691153342441, -0.6260000000000000009, 0.8368054992455673524 ) ) ;
#9571 = ORIENTED_EDGE ( 'NONE', *, *, #9142, .F. ) ;
#9572 = ORIENTED_EDGE ( 'NONE', *, *, #10636, .T. ) ;
#9573 = CARTESIAN_POINT ( 'NONE',  ( -0.6976682230208380853, -0.6250000000000000000, 0.7317304581778040218 ) ) ;
#9574 = B_SPLINE_CURVE_WITH_KNOTS ( 'NONE', 3,
 ( #8102, #11873, #6277, #7248 ),
 .UNSPECIFIED., .F., .F.,
 ( 4, 4 ),
 ( 21.00000000000000000, 22.00000000000000000 ),
 .UNSPECIFIED. ) ;
#9575 = CARTESIAN_POINT ( 'NONE',  ( -0.3672423858340090885, -0.6250000000000000000, 0.6821402598423972341 ) ) ;
#9576 = STYLED_ITEM ( 'NONE', ( #10573 ), #10306 ) ;
#9577 =( NAMED_UNIT ( * ) SI_UNIT ( $, .STERADIAN. ) SOLID_ANGLE_UNIT ( ) );
#9578 = CARTESIAN_POINT ( 'NONE',  ( -1.000000000000000000, -0.6250000000000000000, 1.000000000000000000 ) ) ;
#9579 = ORIENTED_EDGE ( 'NONE', *, *, #8043, .T. ) ;
#9580 = ORIENTED_EDGE ( 'NONE', *, *, #10803, .F. ) ;
#9581 = CARTESIAN_POINT ( 'NONE',  ( -0.7342999090408477425, -0.6250000000000000000, 0.7177525564541258341 ) ) ;
#9582 = EDGE_CURVE ( 'NONE', #5611, #3606, #6795, .T. ) ;
#9583 = ORIENTED_EDGE ( 'NONE', *, *, #5926, .T. ) ;
#9584 = ORIENTED_EDGE ( 'NONE', *, *, #3938, .T. ) ;
#9585 = DIRECTION ( 'NONE',  ( -0.0000000000000000000, 1.000000000000000000, -0.0000000000000000000 ) ) ;
#9586 = MECHANICAL_DESIGN_GEOMETRIC_PRESENTATION_REPRESENTATION (  '', ( #1938 ), #5066 ) ;
#9587 =( NAMED_UNIT ( * ) SI_UNIT ( $, .STERADIAN. ) SOLID_ANGLE_UNIT ( ) );
#9588 = MECHANICAL_DESIGN_GEOMETRIC_PRESENTATION_REPRESENTATION (  '', ( #446 ), #35 ) ;
#9589 = CARTESIAN_POINT ( 'NONE',  ( -0.4020742760306735830, -0.6250000000000000000, 0.8518634103822715353 ) ) ;
#9590 = SURFACE_SIDE_STYLE ('',( #10638 ) ) ;
#9591 = VECTOR ( 'NONE', #11148, 1000.000000000000000 ) ;
#9592 = LINE ( 'NONE', #8653, #1145 ) ;
#9593 = COLOUR_RGB ( '',0.0000000000000000000, 0.0000000000000000000, 0.0000000000000000000 ) ;
#9594 = CARTESIAN_POINT ( 'NONE',  ( -0.1998067027099670323, -0.6260000000000000009, 0.7369008434350673431 ) ) ;
#9595 = PRESENTATION_STYLE_ASSIGNMENT (( #6767 ) ) ;
#9596 = B_SPLINE_CURVE_WITH_KNOTS ( 'NONE', 3,
 ( #5329, #2695, #8261, #12098 ),
 .UNSPECIFIED., .F., .F.,
 ( 4, 4 ),
 ( 22.00000000000000000, 23.00000000000000000 ),
 .UNSPECIFIED. ) ;
#9598 = ORIENTED_EDGE ( 'NONE', *, *, #1374, .F. ) ;
#9597 = UNCERTAINTY_MEASURE_WITH_UNIT (LENGTH_MEASURE( 1.000000000000000082E-05 ), #8970, 'distance_accuracy_value', 'NONE');
#9599 = ORIENTED_EDGE ( 'NONE', *, *, #11366, .F. ) ;
#9600 = EDGE_LOOP ( 'NONE', ( #3203, #2120, #3008, #9580, #10360, #4929, #548, #3937, #7309, #10518, #3105, #4479, #9990, #2851, #661, #10148, #9702, #6119, #6428, #2949, #1366 ) ) ;
#9601 = PRESENTATION_STYLE_ASSIGNMENT (( #6827 ) ) ;
#9602 = MECHANICAL_DESIGN_GEOMETRIC_PRESENTATION_REPRESENTATION (  '', ( #9207 ), #46 ) ;
#9603 = AXIS2_PLACEMENT_3D ( 'NONE', #356, #8896, #6996 ) ;
#9604 = SURFACE_STYLE_FILL_AREA ( #5850 ) ;
#9605 = SURFACE_STYLE_FILL_AREA ( #7627 ) ;
#9606 = CARTESIAN_POINT ( 'NONE',  ( -0.7415298357001476326, -0.6260000000000000009, 0.8059577977619720723 ) ) ;
#9607 = FACE_OUTER_BOUND ( 'NONE', #2728, .T. ) ;
#9608 = PLANE ( 'NONE',  #6605 ) ;
#9609 = SURFACE_STYLE_FILL_AREA ( #3276 ) ;
#9610 = CARTESIAN_POINT ( 'NONE',  ( -0.4210151994063787151, -0.6250000000000000000, 0.8046237423845037373 ) ) ;
#9611 = ORIENTED_EDGE ( 'NONE', *, *, #4324, .F. ) ;
#9612 = SURFACE_STYLE_FILL_AREA ( #7822 ) ;
#9613 =( LENGTH_UNIT ( ) NAMED_UNIT ( * ) SI_UNIT ( .MILLI., .METRE. ) );
#9614 = UNCERTAINTY_MEASURE_WITH_UNIT (LENGTH_MEASURE( 1.000000000000000082E-05 ), #6550, 'distance_accuracy_value', 'NONE');
#9615 = PRESENTATION_LAYER_ASSIGNMENT (  '', '', ( #4107 ) ) ;
#9616 = EDGE_LOOP ( 'NONE', ( #7171, #199, #3839, #9432 ) ) ;
#9617 = LINE ( 'NONE', #7701, #9302 ) ;
#9618 = ORIENTED_EDGE ( 'NONE', *, *, #7278, .F. ) ;
#9619 = ADVANCED_FACE ( 'NONE', ( #10562 ), #339, .F. ) ;
#9620 = EDGE_CURVE ( 'NONE', #8544, #4568, #588, .T. ) ;
#9621 = CARTESIAN_POINT ( 'NONE',  ( -0.2197700547031451179, -0.6260000000000000009, 0.6910128607283587687 ) ) ;
#9622 = MECHANICAL_DESIGN_GEOMETRIC_PRESENTATION_REPRESENTATION (  '', ( #8022 ), #11987 ) ;
#9623 = FILL_AREA_STYLE_COLOUR ( '', #7733 ) ;
#9624 = CARTESIAN_POINT ( 'NONE',  ( -0.2788802922454052813, -0.6260000000000000009, 0.6910128607283587687 ) ) ;
#9625 = ORIENTED_EDGE ( 'NONE', *, *, #6860, .F. ) ;
#9626 = DIRECTION ( 'NONE',  ( -0.0000000000000000000, 1.000000000000000000, -0.0000000000000000000 ) ) ;
#9627 = DIRECTION ( 'NONE',  ( 1.000000000000000000, 0.0000000000000000000, -0.0000000000000000000 ) ) ;
#9628 = CARTESIAN_POINT ( 'NONE',  ( -0.4006012856492840446, -0.6260000000000000009, 0.6907702505476974730 ) ) ;
#9629 =( LENGTH_UNIT ( ) NAMED_UNIT ( * ) SI_UNIT ( .MILLI., .METRE. ) );
#9630 =( LENGTH_UNIT ( ) NAMED_UNIT ( * ) SI_UNIT ( .MILLI., .METRE. ) );
#9631 = CARTESIAN_POINT ( 'NONE',  ( -0.3476776077087617156, -0.6260000000000000009, 0.6964542604902214107 ) ) ;
#9632 = VERTEX_POINT ( 'NONE', #7965 ) ;
#9633 = EDGE_LOOP ( 'NONE', ( #2099, #8655, #10964, #10920 ) ) ;
#9634 = CARTESIAN_POINT ( 'NONE',  ( -0.4159897028107981676, -0.6260000000000000009, 0.7259140681193632094 ) ) ;
#9635 = PRESENTATION_LAYER_ASSIGNMENT (  '', '', ( #8426 ) ) ;
#9636 = PLANE ( 'NONE',  #10316 ) ;
#9637 = PRESENTATION_STYLE_ASSIGNMENT (( #6918 ) ) ;
#9638 = FACE_OUTER_BOUND ( 'NONE', #6041, .T. ) ;
#9639 = PLANE ( 'NONE',  #2044 ) ;
#9640 =( LENGTH_UNIT ( ) NAMED_UNIT ( * ) SI_UNIT ( .MILLI., .METRE. ) );
#9641 = VERTEX_POINT ( 'NONE', #8879 ) ;
#9642 = ORIENTED_EDGE ( 'NONE', *, *, #1603, .T. ) ;
#9643 = FILL_AREA_STYLE ('',( #8834 ) ) ;
#9644 = STYLED_ITEM ( 'NONE', ( #5911 ), #3545 ) ;
#9645 = ORIENTED_EDGE ( 'NONE', *, *, #10435, .F. ) ;
#9646 = EDGE_CURVE ( 'NONE', #8628, #3724, #130, .T. ) ;
#9647 = LINE ( 'NONE', #5776, #8958 ) ;
#9648 = FACE_OUTER_BOUND ( 'NONE', #3052, .T. ) ;
#9649 = CARTESIAN_POINT ( 'NONE',  ( -0.2193714808352166812, -0.6250000000000000000, 0.7432780253219376521 ) ) ;
#9650 = CARTESIAN_POINT ( 'NONE',  ( -0.1489971991989588740, -0.6260000000000000009, 0.7424115603912743167 ) ) ;
#9651 = PRESENTATION_LAYER_ASSIGNMENT (  '', '', ( #1835 ) ) ;
#9652 = CARTESIAN_POINT ( 'NONE',  ( -0.1632245533543178750, -0.6260000000000000009, 0.7018263430577441619 ) ) ;
#9653 = PRESENTATION_LAYER_ASSIGNMENT (  '', '', ( #1629 ) ) ;
#9654 = CARTESIAN_POINT ( 'NONE',  ( -0.4294025799312514158, -0.6260000000000000009, 0.6884827831316356894 ) ) ;
#9655 = B_SPLINE_CURVE_WITH_KNOTS ( 'NONE', 3,
 ( #8520, #5539, #120, #9409 ),
 .UNSPECIFIED., .F., .F.,
 ( 4, 4 ),
 ( 15.00000000000000000, 16.00000000000000000 ),
 .UNSPECIFIED. ) ;
#9656 = CARTESIAN_POINT ( 'NONE',  ( -0.1865844478739556167, -0.6260000000000000009, 0.7361036956992085267 ) ) ;
#9657 = CARTESIAN_POINT ( 'NONE',  ( -0.3055847413962120007, -0.6260000000000000009, 0.7317020538534013685 ) ) ;
#9658 = DIRECTION ( 'NONE',  ( -1.000000000000000000, 0.0000000000000000000, -0.0000000000000000000 ) ) ;
#9659 = ORIENTED_EDGE ( 'NONE', *, *, #3350, .T. ) ;
#9660 = ORIENTED_EDGE ( 'NONE', *, *, #2711, .T. ) ;
#9661 = UNCERTAINTY_MEASURE_WITH_UNIT (LENGTH_MEASURE( 1.000000000000000082E-05 ), #3747, 'distance_accuracy_value', 'NONE');
#9662 = VECTOR ( 'NONE', #143, 1000.000000000000000 ) ;
#9663 = EDGE_CURVE ( 'NONE', #10454, #2655, #4331, .T. ) ;
#9664 = CARTESIAN_POINT ( 'NONE',  ( -0.3577112716011067173, -0.6250000000000000000, 0.7259140681193632094 ) ) ;
#9665 = VECTOR ( 'NONE', #3781, 1000.000000000000000 ) ;
#9666 = EDGE_CURVE ( 'NONE', #4508, #9744, #11073, .T. ) ;
#9667 =( NAMED_UNIT ( * ) PLANE_ANGLE_UNIT ( ) SI_UNIT ( $, .RADIAN. ) );
#9668 = FILL_AREA_STYLE ('',( #2180 ) ) ;
#9669 = DIRECTION ( 'NONE',  ( -1.000000000000000000, -0.0000000000000000000, -0.0000000000000000000 ) ) ;
#9670 = CARTESIAN_POINT ( 'NONE',  ( -0.2197180668069256271, -0.6260000000000000009, 0.6832839935504295692 ) ) ;
#9671 = VECTOR ( 'NONE', #3325, 1000.000000000000000 ) ;
#9672 = FILL_AREA_STYLE ('',( #11530 ) ) ;
#9673 = MECHANICAL_DESIGN_GEOMETRIC_PRESENTATION_REPRESENTATION (  '', ( #6721 ), #4172 ) ;
#9674 =( NAMED_UNIT ( * ) SI_UNIT ( $, .STERADIAN. ) SOLID_ANGLE_UNIT ( ) );
#9675 =( GEOMETRIC_REPRESENTATION_CONTEXT ( 3 ) GLOBAL_UNCERTAINTY_ASSIGNED_CONTEXT ( ( #10269 ) ) GLOBAL_UNIT_ASSIGNED_CONTEXT ( ( #4357, #11875, #1624 ) ) REPRESENTATION_CONTEXT ( 'NONE', 'WORKASPACE' ) );
#9676 = CARTESIAN_POINT ( 'NONE',  ( -0.4000000000000004108, 0.6250000000000000000, -0.01000000000000000021 ) ) ;
#9677 = ORIENTED_EDGE ( 'NONE', *, *, #988, .T. ) ;
#9678 = CARTESIAN_POINT ( 'NONE',  ( -0.1503142258933073128, -0.6260000000000000009, 0.7376633325737549374 ) ) ;
#9679 = SURFACE_STYLE_USAGE ( .BOTH. , #1299 ) ;
#9680 = ORIENTED_EDGE ( 'NONE', *, *, #11815, .F. ) ;
#9681 = UNCERTAINTY_MEASURE_WITH_UNIT (LENGTH_MEASURE( 1.000000000000000082E-05 ), #8098, 'distance_accuracy_value', 'NONE');
#9682 = ADVANCED_FACE ( 'NONE', ( #9065 ), #2440, .F. ) ;
#9683 = ORIENTED_EDGE ( 'NONE', *, *, #6768, .T. ) ;
#9684 = CARTESIAN_POINT ( 'NONE',  ( -0.3187550083364663611, -0.6250000000000000000, 0.6759710295390155554 ) ) ;
#9685 = STYLED_ITEM ( 'NONE', ( #5296 ), #9042 ) ;
#9686 = STYLED_ITEM ( 'NONE', ( #7803 ), #6586 ) ;
#9687 = LINE ( 'NONE', #10433, #10623 ) ;
#9688 = CARTESIAN_POINT ( 'NONE',  ( -0.4396268661082691764, -0.6260000000000000009, 0.7908296206947073026 ) ) ;
#9689 = FILL_AREA_STYLE ('',( #404 ) ) ;
#9690 =( NAMED_UNIT ( * ) PLANE_ANGLE_UNIT ( ) SI_UNIT ( $, .RADIAN. ) );
#9691 = ORIENTED_EDGE ( 'NONE', *, *, #2087, .F. ) ;
#9692 =( NAMED_UNIT ( * ) PLANE_ANGLE_UNIT ( ) SI_UNIT ( $, .RADIAN. ) );
#9693 = DIRECTION ( 'NONE',  ( -0.0000000000000000000, 1.000000000000000000, -0.0000000000000000000 ) ) ;
#9694 = CARTESIAN_POINT ( 'NONE',  ( -0.7959953487811664008, -0.6250000000000000000, 0.7240185247626165221 ) ) ;
#9695 = EDGE_CURVE ( 'NONE', #6392, #11437, #3291, .T. ) ;
#9696 = CARTESIAN_POINT ( 'NONE',  ( -0.4093872400420847657, -0.6260000000000000009, 0.7328111289642612602 ) ) ;
#9697 = AXIS2_PLACEMENT_3D ( 'NONE', #8157, #9962, #8209 ) ;
#9698 = CARTESIAN_POINT ( 'NONE',  ( -0.3232606259737883514, -0.6250000000000000000, 0.8586218368384853639 ) ) ;
#9699 = DIRECTION ( 'NONE',  ( 0.9400931103999036198, 0.0000000000000000000, -0.3409177962187289190 ) ) ;
#9700 = ORIENTED_EDGE ( 'NONE', *, *, #8752, .T. ) ;
#9701 = COLOUR_RGB ( '',0.0000000000000000000, 0.0000000000000000000, 0.0000000000000000000 ) ;
#9702 = ORIENTED_EDGE ( 'NONE', *, *, #6462, .F. ) ;
#9703 = CARTESIAN_POINT ( 'NONE',  ( -0.3803779941768622441, -0.6250000000000000000, 0.6849822648136616454 ) ) ;
#9704 = PRESENTATION_LAYER_ASSIGNMENT (  '', '', ( #7931 ) ) ;
#9705 =( GEOMETRIC_REPRESENTATION_CONTEXT ( 3 ) GLOBAL_UNCERTAINTY_ASSIGNED_CONTEXT ( ( #12015 ) ) GLOBAL_UNIT_ASSIGNED_CONTEXT ( ( #2692, #10314, #1790 ) ) REPRESENTATION_CONTEXT ( 'NONE', 'WORKASPACE' ) );
#9706 = CARTESIAN_POINT ( 'NONE',  ( -0.3505196126800235179, -0.6260000000000000009, 0.7044603964459816847 ) ) ;
#9707 =( NAMED_UNIT ( * ) SI_UNIT ( $, .STERADIAN. ) SOLID_ANGLE_UNIT ( ) );
#9708 = COLOUR_RGB ( '',0.0000000000000000000, 0.0000000000000000000, 0.0000000000000000000 ) ;
#9709 = EDGE_CURVE ( 'NONE', #11437, #8989, #2383, .T. ) ;
#9710 = DIRECTION ( 'NONE',  ( 0.0000000000000000000, 0.0000000000000000000, 1.000000000000000000 ) ) ;
#9711 = SURFACE_STYLE_USAGE ( .BOTH. , #10513 ) ;
#9712 = SURFACE_STYLE_USAGE ( .BOTH. , #599 ) ;
#9713 = EDGE_LOOP ( 'NONE', ( #1574, #5952, #9372, #6058 ) ) ;
#9714 = CARTESIAN_POINT ( 'NONE',  ( -0.3499997337217647941, -0.6260000000000000009, 0.7306622959368812564 ) ) ;
#9715 = ORIENTED_EDGE ( 'NONE', *, *, #10526, .F. ) ;
#9716 = AXIS2_PLACEMENT_3D ( 'NONE', #624, #577, #3337 ) ;
#9717 = VECTOR ( 'NONE', #11182, 1000.000000000000000 ) ;
#9718 =( NAMED_UNIT ( * ) SI_UNIT ( $, .STERADIAN. ) SOLID_ANGLE_UNIT ( ) );
#9719 =( GEOMETRIC_REPRESENTATION_CONTEXT ( 3 ) GLOBAL_UNCERTAINTY_ASSIGNED_CONTEXT ( ( #9746 ) ) GLOBAL_UNIT_ASSIGNED_CONTEXT ( ( #862, #8289, #182 ) ) REPRESENTATION_CONTEXT ( 'NONE', 'WORKASPACE' ) );
#9720 = CARTESIAN_POINT ( 'NONE',  ( -0.2225947303758217810, -0.6260000000000000009, 0.8170315201860705034 ) ) ;
#9721 = CARTESIAN_POINT ( 'NONE',  ( -0.5954851535362660764, -0.6260000000000000009, 0.7124506108502888235 ) ) ;
#9722 = MECHANICAL_DESIGN_GEOMETRIC_PRESENTATION_REPRESENTATION (  '', ( #3245 ), #7547 ) ;
#9723 = VECTOR ( 'NONE', #11945, 1000.000000000000000 ) ;
#9724 = CARTESIAN_POINT ( 'NONE',  ( -0.7073081466848263332, -0.6250000000000000000, 0.6512371686718249064 ) ) ;
#9725 = FILL_AREA_STYLE_COLOUR ( '', #300 ) ;
#9726 = CARTESIAN_POINT ( 'NONE',  ( -0.6330807979073170833, -0.6260000000000000009, 0.7654701588243789656 ) ) ;
#9727 = EDGE_LOOP ( 'NONE', ( #1507, #1037, #10057, #4604 ) ) ;
#9728 =( GEOMETRIC_REPRESENTATION_CONTEXT ( 3 ) GLOBAL_UNCERTAINTY_ASSIGNED_CONTEXT ( ( #1171 ) ) GLOBAL_UNIT_ASSIGNED_CONTEXT ( ( #6865, #7784, #2214 ) ) REPRESENTATION_CONTEXT ( 'NONE', 'WORKASPACE' ) );
#9729 = DIRECTION ( 'NONE',  ( 0.0000000000000000000, -0.0000000000000000000, -1.000000000000000000 ) ) ;
#9730 = ADVANCED_FACE ( 'NONE', ( #3351 ), #766, .F. ) ;
#9731 = CARTESIAN_POINT ( 'NONE',  ( -0.4666259133354898614, -0.6260000000000000009, 0.7432780253219376521 ) ) ;
#9732 = ORIENTED_EDGE ( 'NONE', *, *, #1963, .F. ) ;
#9733 = EDGE_LOOP ( 'NONE', ( #1251, #2325, #11940, #9812 ) ) ;
#9734 = CARTESIAN_POINT ( 'NONE',  ( -0.1794101182516885662, -0.6260000000000000009, 0.6832839935504295692 ) ) ;
#9735 = VECTOR ( 'NONE', #8093, 1000.000000000000000 ) ;
#9736 = PRESENTATION_LAYER_ASSIGNMENT (  '', '', ( #2857 ) ) ;
#9737 = B_SPLINE_CURVE_WITH_KNOTS ( 'NONE', 3,
 ( #4261, #1644, #9864, #5246 ),
 .UNSPECIFIED., .F., .F.,
 ( 4, 4 ),
 ( 5.000000000000000000, 6.000000000000000000 ),
 .UNSPECIFIED. ) ;
#9738 = PRESENTATION_STYLE_ASSIGNMENT (( #7303 ) ) ;
#9739 = CARTESIAN_POINT ( 'NONE',  ( -0.5930751565320397933, -0.6250000000000000000, 0.8411434589185761146 ) ) ;
#9740 = PLANE ( 'NONE',  #10474 ) ;
#9741 = SURFACE_STYLE_USAGE ( .BOTH. , #3036 ) ;
#9742 = FACE_OUTER_BOUND ( 'NONE', #3802, .T. ) ;
#9743 = VECTOR ( 'NONE', #9394, 1000.000000000000000 ) ;
#9744 = VERTEX_POINT ( 'NONE', #11159 ) ;
#9745 = PRESENTATION_STYLE_ASSIGNMENT (( #4070 ) ) ;
#9746 = UNCERTAINTY_MEASURE_WITH_UNIT (LENGTH_MEASURE( 1.000000000000000082E-05 ), #862, 'distance_accuracy_value', 'NONE');
#9747 = EDGE_CURVE ( 'NONE', #3339, #4540, #1734, .T. ) ;
#9748 = ORIENTED_EDGE ( 'NONE', *, *, #4671, .F. ) ;
#9749 =( NAMED_UNIT ( * ) PLANE_ANGLE_UNIT ( ) SI_UNIT ( $, .RADIAN. ) );
#9750 = EDGE_CURVE ( 'NONE', #9225, #968, #141, .T. ) ;
#9751 = VERTEX_POINT ( 'NONE', #26 ) ;
#9752 = FILL_AREA_STYLE ('',( #9873 ) ) ;
#9753 = LINE ( 'NONE', #4525, #6228 ) ;
#9754 = DIRECTION ( 'NONE',  ( -1.000000000000000000, 0.0000000000000000000, 0.0000000000000000000 ) ) ;
#9755 = LINE ( 'NONE', #2378, #8131 ) ;
#9756 = SURFACE_SIDE_STYLE ('',( #7708 ) ) ;
#9757 = DIRECTION ( 'NONE',  ( 1.000000000000000000, 0.0000000000000000000, -0.0000000000000000000 ) ) ;
#9758 = EDGE_LOOP ( 'NONE', ( #12044, #10105, #2888, #11668 ) ) ;
#9759 = CARTESIAN_POINT ( 'NONE',  ( -0.7959953487811664008, -0.6260000000000000009, 0.7240185247626165221 ) ) ;
#9760 = CARTESIAN_POINT ( 'NONE',  ( -0.2680668099160172235, -0.6250000000000000000, 0.8255921936970281871 ) ) ;
#9761 = CARTESIAN_POINT ( 'NONE',  ( -0.3188069962322234718, -0.6260000000000000009, 0.6952412095878495180 ) ) ;
#9762 = AXIS2_PLACEMENT_3D ( 'NONE', #10309, #9252, #8202 ) ;
#9763 = ORIENTED_EDGE ( 'NONE', *, *, #801, .T. ) ;
#9764 = VERTEX_POINT ( 'NONE', #8415 ) ;
#9765 = CARTESIAN_POINT ( 'NONE',  ( -0.7338179022851919475, -0.6250000000000000000, 0.7481183109390059371 ) ) ;
#9766 =( NAMED_UNIT ( * ) SI_UNIT ( $, .STERADIAN. ) SOLID_ANGLE_UNIT ( ) );
#9767 = FACE_OUTER_BOUND ( 'NONE', #5317, .T. ) ;
#9768 =( LENGTH_UNIT ( ) NAMED_UNIT ( * ) SI_UNIT ( .MILLI., .METRE. ) );
#9769 = EDGE_CURVE ( 'NONE', #9006, #2224, #3585, .T. ) ;
#9770 = CARTESIAN_POINT ( 'NONE',  ( -0.3860966627165586806, -0.6260000000000000009, 0.8478430131062688613 ) ) ;
#9771 = SURFACE_STYLE_FILL_AREA ( #7727 ) ;
#9772 = FACE_OUTER_BOUND ( 'NONE', #5250, .T. ) ;
#9773 =( NAMED_UNIT ( * ) SI_UNIT ( $, .STERADIAN. ) SOLID_ANGLE_UNIT ( ) );
#9774 = ORIENTED_EDGE ( 'NONE', *, *, #8695, .T. ) ;
#9775 = DIRECTION ( 'NONE',  ( 0.0000000000000000000, 0.0000000000000000000, -1.000000000000000000 ) ) ;
#9776 = EDGE_CURVE ( 'NONE', #11899, #11580, #6539, .T. ) ;
#9777 = VERTEX_POINT ( 'NONE', #1725 ) ;
#9778 = CARTESIAN_POINT ( 'NONE',  ( -0.4666259133354898614, -0.6260000000000000009, 0.8586218368384853639 ) ) ;
#9779 = ADVANCED_FACE ( 'NONE', ( #4561 ), #6479, .F. ) ;
#9780 = ADVANCED_FACE ( 'NONE', ( #10175 ), #4701, .F. ) ;
#9781 = SURFACE_STYLE_USAGE ( .BOTH. , #7923 ) ;
#9782 =( GEOMETRIC_REPRESENTATION_CONTEXT ( 3 ) GLOBAL_UNCERTAINTY_ASSIGNED_CONTEXT ( ( #5061 ) ) GLOBAL_UNIT_ASSIGNED_CONTEXT ( ( #2024, #7417, #3916 ) ) REPRESENTATION_CONTEXT ( 'NONE', 'WORKASPACE' ) );
#9783 = DIRECTION ( 'NONE',  ( -0.0000000000000000000, 0.0000000000000000000, 1.000000000000000000 ) ) ;
#9784 = PRESENTATION_STYLE_ASSIGNMENT (( #3124 ) ) ;
#9785 = SURFACE_STYLE_USAGE ( .BOTH. , #5963 ) ;
#9786 = FACE_OUTER_BOUND ( 'NONE', #11605, .T. ) ;
#9787 = PLANE ( 'NONE',  #4168 ) ;
#9788 = FACE_OUTER_BOUND ( 'NONE', #3869, .T. ) ;
#9789 = VERTEX_POINT ( 'NONE', #7884 ) ;
#9790 = CARTESIAN_POINT ( 'NONE',  ( -0.2714806817410641560, -0.6250000000000000000, 0.8066685996199067787 ) ) ;
#9791 = LINE ( 'NONE', #12043, #507 ) ;
#9792 = VERTEX_POINT ( 'NONE', #5916 ) ;
#9793 = VECTOR ( 'NONE', #1087, 1000.000000000000000 ) ;
#9794 = EDGE_LOOP ( 'NONE', ( #3285, #9748, #4539, #10236 ) ) ;
#9795 = UNCERTAINTY_MEASURE_WITH_UNIT (LENGTH_MEASURE( 1.000000000000000082E-05 ), #4258, 'distance_accuracy_value', 'NONE');
#9796 = CARTESIAN_POINT ( 'NONE',  ( -0.3499997337217647941, -0.6250000000000000000, 0.7224135498009269796 ) ) ;
#9797 = MECHANICAL_DESIGN_GEOMETRIC_PRESENTATION_REPRESENTATION (  '', ( #2722 ), #9392 ) ;
#9798 = SURFACE_STYLE_USAGE ( .BOTH. , #9859 ) ;
#9799 = MECHANICAL_DESIGN_GEOMETRIC_PRESENTATION_REPRESENTATION (  '', ( #40 ), #5277 ) ;
#9800 = SURFACE_STYLE_FILL_AREA ( #8854 ) ;
#9801 = EDGE_CURVE ( 'NONE', #8386, #6531, #5988, .T. ) ;
#9802 = CARTESIAN_POINT ( 'NONE',  ( -0.4180865479419587083, -0.6250000000000000000, 0.6898344684231545454 ) ) ;
#9803 = DIRECTION ( 'NONE',  ( -1.000000000000000000, 0.0000000000000000000, -0.0000000000000000000 ) ) ;
#9804 =( NAMED_UNIT ( * ) PLANE_ANGLE_UNIT ( ) SI_UNIT ( $, .RADIAN. ) );
#9805 = ORIENTED_EDGE ( 'NONE', *, *, #8886, .F. ) ;
#9806 = CARTESIAN_POINT ( 'NONE',  ( -0.2772686674751027036, -0.6260000000000000009, 0.8253495835163686678 ) ) ;
#9807 = CARTESIAN_POINT ( 'NONE',  ( -0.3657347368554498823, -0.6260000000000000009, 0.7123972152069356634 ) ) ;
#9808 = VECTOR ( 'NONE', #10902, 1000.000000000000000 ) ;
#9809 = ORIENTED_EDGE ( 'NONE', *, *, #5749, .F. ) ;
#9810 = CARTESIAN_POINT ( 'NONE',  ( -0.5940391516564406116, -0.6260000000000000009, 0.6830488790696001011 ) ) ;
#9811 = UNCERTAINTY_MEASURE_WITH_UNIT (LENGTH_MEASURE( 1.000000000000000082E-05 ), #11154, 'distance_accuracy_value', 'NONE');
#9812 = ORIENTED_EDGE ( 'NONE', *, *, #3566, .T. ) ;
#9813 = VECTOR ( 'NONE', #4944, 1000.000000000000000 ) ;
#9814 = SURFACE_STYLE_FILL_AREA ( #9752 ) ;
#9815 = B_SPLINE_CURVE_WITH_KNOTS ( 'NONE', 3,
 ( #2217, #417, #7850, #6808 ),
 .UNSPECIFIED., .F., .F.,
 ( 4, 4 ),
 ( 26.00000000000000000, 27.00000000000000000 ),
 .UNSPECIFIED. ) ;
#9816 = AXIS2_PLACEMENT_3D ( 'NONE', #6180, #693, #9422 ) ;
#9817 =( NAMED_UNIT ( * ) PLANE_ANGLE_UNIT ( ) SI_UNIT ( $, .RADIAN. ) );
#9818 = CARTESIAN_POINT ( 'NONE',  ( -0.4666259133354898614, -0.6250000000000000000, 0.7138182176927964084 ) ) ;
#9819 = LINE ( 'NONE', #1485, #9084 ) ;
#9820 =( NAMED_UNIT ( * ) SI_UNIT ( $, .STERADIAN. ) SOLID_ANGLE_UNIT ( ) );
#9821 = VERTEX_POINT ( 'NONE', #8732 ) ;
#9822 = FILL_AREA_STYLE ('',( #406 ) ) ;
#9823 = MECHANICAL_DESIGN_GEOMETRIC_PRESENTATION_REPRESENTATION (  '', ( #10021 ), #642 ) ;
#9824 = SURFACE_STYLE_FILL_AREA ( #5013 ) ;
#9825 = LINE ( 'NONE', #9628, #3331 ) ;
#9826 = CARTESIAN_POINT ( 'NONE',  ( -0.3860966627165586806, -0.6250000000000000000, 0.8569928827695967311 ) ) ;
#9827 = DIRECTION ( 'NONE',  ( -1.000000000000000000, 0.0000000000000000000, 0.0000000000000000000 ) ) ;
#9828 = DIRECTION ( 'NONE',  ( -1.000000000000000000, -0.0000000000000000000, -0.0000000000000000000 ) ) ;
#9829 = ORIENTED_EDGE ( 'NONE', *, *, #2524, .F. ) ;
#9830 = ORIENTED_EDGE ( 'NONE', *, *, #604, .T. ) ;
#9831 = EDGE_CURVE ( 'NONE', #363, #25, #2146, .T. ) ;
#9832 = LINE ( 'NONE', #1604, #5038 ) ;
#9833 =( GEOMETRIC_REPRESENTATION_CONTEXT ( 3 ) GLOBAL_UNCERTAINTY_ASSIGNED_CONTEXT ( ( #4673 ) ) GLOBAL_UNIT_ASSIGNED_CONTEXT ( ( #4293, #9536, #3080 ) ) REPRESENTATION_CONTEXT ( 'NONE', 'WORKASPACE' ) );
#9834 = CARTESIAN_POINT ( 'NONE',  ( -0.5786152848262988702, -0.6250000000000000000, 0.8136697035971394154 ) ) ;
#9835 = CARTESIAN_POINT ( 'NONE',  ( -0.3664105795009806599, -0.6260000000000000009, 0.6890719792844680613 ) ) ;
#9836 = PRESENTATION_STYLE_ASSIGNMENT (( #8092 ) ) ;
#9837 = LINE ( 'NONE', #4230, #5919 ) ;
#9838 = SURFACE_SIDE_STYLE ('',( #2334 ) ) ;
#9839 =( LENGTH_UNIT ( ) NAMED_UNIT ( * ) SI_UNIT ( .MILLI., .METRE. ) );
#9840 = CARTESIAN_POINT ( 'NONE',  ( -0.1604518655769359148, -0.6260000000000000009, 0.7094858930413312503 ) ) ;
#9841 = SURFACE_SIDE_STYLE ('',( #5950 ) ) ;
#9842 = ORIENTED_EDGE ( 'NONE', *, *, #4517, .F. ) ;
#9843 = CARTESIAN_POINT ( 'NONE',  ( -0.2296130963108196088, -0.6250000000000000000, 0.7432780253219376521 ) ) ;
#9844 = ORIENTED_EDGE ( 'NONE', *, *, #1687, .F. ) ;
#9845 = VECTOR ( 'NONE', #3111, 1000.000000000000000 ) ;
#9846 = DIRECTION ( 'NONE',  ( -0.0000000000000000000, -0.0000000000000000000, 1.000000000000000000 ) ) ;
#9847 = CARTESIAN_POINT ( 'NONE',  ( -0.6350087881558875713, -0.6250000000000000000, 0.6979907391445477893 ) ) ;
#9848 = CARTESIAN_POINT ( 'NONE',  ( -0.1479401119843161971, -0.6260000000000000009, 0.7376633325737549374 ) ) ;
#9849 = ORIENTED_EDGE ( 'NONE', *, *, #8537, .F. ) ;
#9850 = MECHANICAL_DESIGN_GEOMETRIC_PRESENTATION_REPRESENTATION (  '', ( #4136 ), #7460 ) ;
#9851 = EDGE_CURVE ( 'NONE', #5236, #3893, #5511, .T. ) ;
#9852 = SURFACE_STYLE_USAGE ( .BOTH. , #8911 ) ;
#9853 = EDGE_CURVE ( 'NONE', #2733, #3025, #10047, .T. ) ;
#9854 = LINE ( 'NONE', #7294, #3970 ) ;
#9855 = ORIENTED_EDGE ( 'NONE', *, *, #3550, .T. ) ;
#9856 = ORIENTED_EDGE ( 'NONE', *, *, #2257, .T. ) ;
#9857 =( LENGTH_UNIT ( ) NAMED_UNIT ( * ) SI_UNIT ( .MILLI., .METRE. ) );
#9858 = VECTOR ( 'NONE', #10202, 1000.000000000000000 ) ;
#9859 = SURFACE_SIDE_STYLE ('',( #11772 ) ) ;
#9860 = FACE_OUTER_BOUND ( 'NONE', #1986, .T. ) ;
#9861 = ADVANCED_FACE ( 'NONE', ( #9742 ), #3329, .F. ) ;
#9862 = CARTESIAN_POINT ( 'NONE',  ( -0.2198913597932443675, -0.6250000000000000000, 0.8093719702024848583 ) ) ;
#9863 = B_SPLINE_SURFACE_WITH_KNOTS ( 'NONE', 3, 1, ( 
 ( #11770, #2542 ),
 ( #5239, #796 ),
 ( #3449, #1635 ),
 ( #11886, #10893 ) ),
 .UNSPECIFIED., .F., .F., .F.,
 ( 4, 4 ),
 ( 2, 2 ),
 ( 21.00000000000000000, 22.00000000000000000 ),
 ( 0.0000000000000000000, 1.000000000000000000 ),
 .UNSPECIFIED. ) ;
#9864 = CARTESIAN_POINT ( 'NONE',  ( -0.3956797648454490890, -0.6250000000000000000, 0.8597655705465168108 ) ) ;
#9865 = VERTEX_POINT ( 'NONE', #11464 ) ;
#9866 = PLANE ( 'NONE',  #502 ) ;
#9867 = AXIS2_PLACEMENT_3D ( 'NONE', #8684, #341, #4026 ) ;
#9868 = UNCERTAINTY_MEASURE_WITH_UNIT (LENGTH_MEASURE( 1.000000000000000082E-05 ), #2928, 'distance_accuracy_value', 'NONE');
#9869 = VECTOR ( 'NONE', #572, 1000.000000000000000 ) ;
#9870 = ORIENTED_EDGE ( 'NONE', *, *, #2311, .T. ) ;
#9871 = CARTESIAN_POINT ( 'NONE',  ( -0.5786152848262988702, -0.6260000000000000009, 0.8136697035971394154 ) ) ;
#9872 = ORIENTED_EDGE ( 'NONE', *, *, #10847, .T. ) ;
#9873 = FILL_AREA_STYLE_COLOUR ( '', #11382 ) ;
#9874 = VECTOR ( 'NONE', #6542, 1000.000000000000000 ) ;
#9875 = LINE ( 'NONE', #4621, #1812 ) ;
#9876 = SURFACE_SIDE_STYLE ('',( #6123 ) ) ;
#9877 = EDGE_CURVE ( 'NONE', #4116, #3401, #4991, .T. ) ;
#9878 = ORIENTED_EDGE ( 'NONE', *, *, #1784, .F. ) ;
#9879 = CARTESIAN_POINT ( 'NONE',  ( -0.3763229383032259401, -0.6250000000000000000, 0.7088620382917889540 ) ) ;
#9880 = CARTESIAN_POINT ( 'NONE',  ( -0.5607814577652890931, -0.6260000000000000009, 0.7500462736077881942 ) ) ;
#9881 = SURFACE_SIDE_STYLE ('',( #2206 ) ) ;
#9882 = CARTESIAN_POINT ( 'NONE',  ( -0.3910875007149667293, -0.6260000000000000009, 0.7910029136805626360 ) ) ;
#9883 = PRESENTATION_STYLE_ASSIGNMENT (( #4943 ) ) ;
#9884 = PRESENTATION_STYLE_ASSIGNMENT (( #2324 ) ) ;
#9885 = ADVANCED_FACE ( 'NONE', ( #5299 ), #2557, .F. ) ;
#9886 = FACE_OUTER_BOUND ( 'NONE', #1987, .T. ) ;
#9887 = VERTEX_POINT ( 'NONE', #7209 ) ;
#9888 = COLOUR_RGB ( '',0.0000000000000000000, 0.0000000000000000000, 0.0000000000000000000 ) ;
#9889 = PRESENTATION_LAYER_ASSIGNMENT (  '', '', ( #6721 ) ) ;
#9890 = DIRECTION ( 'NONE',  ( -0.0000000000000000000, -0.0000000000000000000, 1.000000000000000000 ) ) ;
#9891 = LINE ( 'NONE', #5147, #10910 ) ;
#9892 = FILL_AREA_STYLE ('',( #1441 ) ) ;
#9893 = LINE ( 'NONE', #7977, #3610 ) ;
#9894 = PLANE ( 'NONE',  #290 ) ;
#9895 = B_SPLINE_CURVE_WITH_KNOTS ( 'NONE', 3,
 ( #9594, #2046, #4978, #4057 ),
 .UNSPECIFIED., .F., .F.,
 ( 4, 4 ),
 ( 5.000000000000000000, 6.000000000000000000 ),
 .UNSPECIFIED. ) ;
#9896 = VECTOR ( 'NONE', #5732, 1000.000000000000000 ) ;
#9897 = SURFACE_STYLE_FILL_AREA ( #10807 ) ;
#9898 = PLANE ( 'NONE',  #5760 ) ;
#9899 = PRESENTATION_STYLE_ASSIGNMENT (( #9712 ) ) ;
#9900 = PLANE ( 'NONE',  #492 ) ;
#9901 = SURFACE_STYLE_USAGE ( .BOTH. , #7794 ) ;
#9902 = SURFACE_STYLE_FILL_AREA ( #6150 ) ;
#9903 = ORIENTED_EDGE ( 'NONE', *, *, #5027, .F. ) ;
#9904 = ADVANCED_FACE ( 'NONE', ( #9933 ), #10956, .F. ) ;
#9905 =( GEOMETRIC_REPRESENTATION_CONTEXT ( 3 ) GLOBAL_UNCERTAINTY_ASSIGNED_CONTEXT ( ( #9420 ) ) GLOBAL_UNIT_ASSIGNED_CONTEXT ( ( #8148, #1493, #1601 ) ) REPRESENTATION_CONTEXT ( 'NONE', 'WORKASPACE' ) );
#9906 = VECTOR ( 'NONE', #274, 1000.000000000000000 ) ;
#9907 = CARTESIAN_POINT ( 'NONE',  ( -0.3614717293985583169, -0.6250000000000000000, 0.7107336025408754754 ) ) ;
#9908 = CARTESIAN_POINT ( 'NONE',  ( -0.3712454538118883374, -0.6260000000000000009, 0.7315287608675445918 ) ) ;
#9909 = CARTESIAN_POINT ( 'NONE',  ( -0.4159203856164560564, -0.6260000000000000009, 0.6891066378816378402 ) ) ;
#9910 = CARTESIAN_POINT ( 'NONE',  ( -0.6976682230208381963, -0.6260000000000000009, 0.7317304581778040218 ) ) ;
#9911 = DIRECTION ( 'NONE',  ( 1.000000000000000000, 0.0000000000000000000, -0.0000000000000000000 ) ) ;
#9912 = PRESENTATION_STYLE_ASSIGNMENT (( #2409 ) ) ;
#9913 = ORIENTED_EDGE ( 'NONE', *, *, #432, .F. ) ;
#9914 =( NAMED_UNIT ( * ) SI_UNIT ( $, .STERADIAN. ) SOLID_ANGLE_UNIT ( ) );
#9915 = VECTOR ( 'NONE', #2911, 1000.000000000000000 ) ;
#9916 = COLOUR_RGB ( '',0.0000000000000000000, 0.0000000000000000000, 1.000000000000000000 ) ;
#9917 = CARTESIAN_POINT ( 'NONE',  ( -0.3672423858340090885, -0.6260000000000000009, 0.6821402598423972341 ) ) ;
#9918 = VECTOR ( 'NONE', #4027, 1000.000000000000000 ) ;
#9919 = VERTEX_POINT ( 'NONE', #8064 ) ;
#9920 = MECHANICAL_DESIGN_GEOMETRIC_PRESENTATION_REPRESENTATION (  '', ( #9111 ), #1881 ) ;
#9921 = ORIENTED_EDGE ( 'NONE', *, *, #884, .T. ) ;
#9922 = B_SPLINE_SURFACE_WITH_KNOTS ( 'NONE', 3, 1, ( 
 ( #5087, #5028 ),
 ( #8766, #10186 ),
 ( #11043, #7288 ),
 ( #2460, #11859 ) ),
 .UNSPECIFIED., .F., .F., .F.,
 ( 4, 4 ),
 ( 2, 2 ),
 ( 4.000000000000000000, 5.000000000000000000 ),
 ( 0.0000000000000000000, 1.000000000000000000 ),
 .UNSPECIFIED. ) ;
#9923 = CARTESIAN_POINT ( 'NONE',  ( -0.7155020776620978351, -0.6250000000000000000, 0.7095586254768568857 ) ) ;
#9924 =( GEOMETRIC_REPRESENTATION_CONTEXT ( 3 ) GLOBAL_UNCERTAINTY_ASSIGNED_CONTEXT ( ( #4550 ) ) GLOBAL_UNIT_ASSIGNED_CONTEXT ( ( #5837, #4967, #9587 ) ) REPRESENTATION_CONTEXT ( 'NONE', 'WORKASPACE' ) );
#9925 = AXIS2_PLACEMENT_3D ( 'NONE', #193, #2907, #9546 ) ;
#9926 = CARTESIAN_POINT ( 'NONE',  ( -0.3042677147027854634, -0.6260000000000000009, 0.8508236524662153855 ) ) ;
#9927 = CARTESIAN_POINT ( 'NONE',  ( -0.4221762624127674002, -0.6250000000000000000, 0.6946173548383072216 ) ) ;
#9928 = CARTESIAN_POINT ( 'NONE',  ( -0.4339601854645617207, -0.6260000000000000009, 0.8051089627453609232 ) ) ;
#9929 = CARTESIAN_POINT ( 'NONE',  ( -0.2961922615526851876, -0.6250000000000000000, 0.8508236524662153855 ) ) ;
#9930 = EDGE_CURVE ( 'NONE', #965, #6117, #10903, .T. ) ;
#9931 = FILL_AREA_STYLE ('',( #2424 ) ) ;
#9932 =( LENGTH_UNIT ( ) NAMED_UNIT ( * ) SI_UNIT ( .MILLI., .METRE. ) );
#9933 = FACE_OUTER_BOUND ( 'NONE', #6704, .T. ) ;
#9934 = ORIENTED_EDGE ( 'NONE', *, *, #6462, .T. ) ;
#9935 = VECTOR ( 'NONE', #747, 1000.000000000000000 ) ;
#9936 = ORIENTED_EDGE ( 'NONE', *, *, #8460, .F. ) ;
#9937 = ORIENTED_EDGE ( 'NONE', *, *, #1967, .T. ) ;
#9938 = COLOUR_RGB ( '',0.0000000000000000000, 0.0000000000000000000, 0.0000000000000000000 ) ;
#9939 = ADVANCED_FACE ( 'NONE', ( #6877 ), #3074, .F. ) ;
#9940 = EDGE_CURVE ( 'NONE', #11099, #3775, #4472, .T. ) ;
#9941 = FILL_AREA_STYLE_COLOUR ( '', #7665 ) ;
#9942 =( LENGTH_UNIT ( ) NAMED_UNIT ( * ) SI_UNIT ( .MILLI., .METRE. ) );
#9943 = COLOUR_RGB ( '',0.0000000000000000000, 0.0000000000000000000, 0.0000000000000000000 ) ;
#9944 = CARTESIAN_POINT ( 'NONE',  ( -0.3415083774051487775, -0.6250000000000000000, 0.6611718085298740055 ) ) ;
#9945 = CARTESIAN_POINT ( 'NONE',  ( -0.4205299790452924902, -0.6260000000000000009, 0.8564383452143975450 ) ) ;
#9946 = ORIENTED_EDGE ( 'NONE', *, *, #11505, .T. ) ;
#9947 = DIRECTION ( 'NONE',  ( -0.0000000000000000000, 1.000000000000000000, -0.0000000000000000000 ) ) ;
#9948 = SURFACE_SIDE_STYLE ('',( #1661 ) ) ;
#9949 = ORIENTED_EDGE ( 'NONE', *, *, #9509, .F. ) ;
#9950 = CARTESIAN_POINT ( 'NONE',  ( -0.2847029365770755716, -0.6250000000000000000, 0.8444464705793452985 ) ) ;
#9951 = CARTESIAN_POINT ( 'NONE',  ( -0.3232606259737883514, -0.6260000000000000009, 0.7908296206947073026 ) ) ;
#9952 = CARTESIAN_POINT ( 'NONE',  ( -0.4423822245866041447, -0.6260000000000000009, 0.7215817434678952758 ) ) ;
#9953 = SURFACE_STYLE_FILL_AREA ( #11849 ) ;
#9954 = VERTEX_POINT ( 'NONE', #11444 ) ;
#9955 = VECTOR ( 'NONE', #4411, 1000.000000000000000 ) ;
#9956 = DIRECTION ( 'NONE',  ( -1.000000000000000000, -0.0000000000000000000, -0.0000000000000000000 ) ) ;
#9957 = CARTESIAN_POINT ( 'NONE',  ( -0.3563942449072202701, -0.6250000000000000000, 0.6956224541571924824 ) ) ;
#9958 = EDGE_CURVE ( 'NONE', #6582, #6164, #8775, .T. ) ;
#9959 = CARTESIAN_POINT ( 'NONE',  ( -0.8384109871606698627, -0.6260000000000000009, 0.7804120005121859549 ) ) ;
#9960 = FILL_AREA_STYLE_COLOUR ( '', #4851 ) ;
#9961 = LINE ( 'NONE', #4288, #3459 ) ;
#9962 = DIRECTION ( 'NONE',  ( 0.0000000000000000000, 0.0000000000000000000, -1.000000000000000000 ) ) ;
#9963 = STYLED_ITEM ( 'NONE', ( #2734 ), #2270 ) ;
#9964 = SURFACE_STYLE_USAGE ( .BOTH. , #9199 ) ;
#9965 = EDGE_CURVE ( 'NONE', #233, #1362, #6755, .T. ) ;
#9966 = CARTESIAN_POINT ( 'NONE',  ( -0.7338179114785317037, -0.6260000000000000009, 0.6512371686718249064 ) ) ;
#9967 = CARTESIAN_POINT ( 'NONE',  ( -0.3585777365315390153, -0.6260000000000000009, 0.7002320475860265292 ) ) ;
#9968 = ORIENTED_EDGE ( 'NONE', *, *, #1092, .F. ) ;
#9969 = CARTESIAN_POINT ( 'NONE',  ( -0.4048642931061782746, -0.6250000000000000000, 0.7896858869866756336 ) ) ;
#9970 =( GEOMETRIC_REPRESENTATION_CONTEXT ( 3 ) GLOBAL_UNCERTAINTY_ASSIGNED_CONTEXT ( ( #11782 ) ) GLOBAL_UNIT_ASSIGNED_CONTEXT ( ( #3842, #7704, #11123 ) ) REPRESENTATION_CONTEXT ( 'NONE', 'WORKASPACE' ) );
#9971 = CARTESIAN_POINT ( 'NONE',  ( -0.7723775601670923585, -0.6250000000000000000, 0.7346224343578966476 ) ) ;
#9972 = SURFACE_STYLE_USAGE ( .BOTH. , #5340 ) ;
#9973 = SURFACE_STYLE_FILL_AREA ( #10940 ) ;
#9974 = CARTESIAN_POINT ( 'NONE',  ( -0.3637765261129762839, -0.6250000000000000000, 0.8213638448370749190 ) ) ;
#9975 = CARTESIAN_POINT ( 'NONE',  ( -0.8157571752843170154, -0.6260000000000000009, 0.8146336941246392627 ) ) ;
#9976 = DIRECTION ( 'NONE',  ( -0.8863488427958620131, 0.0000000000000000000, -0.4630180653866934892 ) ) ;
#9977 = EDGE_LOOP ( 'NONE', ( #8266, #10605, #3464, #1260 ) ) ;
#9978 = CARTESIAN_POINT ( 'NONE',  ( -0.3725278219086046172, -0.6260000000000000009, 0.7908296206947073026 ) ) ;
#9979 = ORIENTED_EDGE ( 'NONE', *, *, #11868, .T. ) ;
#9980 = ORIENTED_EDGE ( 'NONE', *, *, #2615, .T. ) ;
#9981 = LINE ( 'NONE', #5294, #3030 ) ;
#9982 = LINE ( 'NONE', #6170, #11291 ) ;
#9983 = SURFACE_SIDE_STYLE ('',( #3455 ) ) ;
#9984 = CARTESIAN_POINT ( 'NONE',  ( -0.3400007284265894603, -0.6260000000000000009, 0.6607212467661884858 ) ) ;
#9985 = CARTESIAN_POINT ( 'NONE',  ( -0.5487315646773255340, -0.6250000000000000000, 0.7047386866284428564 ) ) ;
#9986 =( NAMED_UNIT ( * ) SI_UNIT ( $, .STERADIAN. ) SOLID_ANGLE_UNIT ( ) );
#9987 = ORIENTED_EDGE ( 'NONE', *, *, #5938, .F. ) ;
#9988 = SURFACE_SIDE_STYLE ('',( #2428 ) ) ;
#9989 = UNCERTAINTY_MEASURE_WITH_UNIT (LENGTH_MEASURE( 1.000000000000000082E-05 ), #1943, 'distance_accuracy_value', 'NONE');
#9990 = ORIENTED_EDGE ( 'NONE', *, *, #7467, .F. ) ;
#9991 = ORIENTED_EDGE ( 'NONE', *, *, #9853, .T. ) ;
#9992 = FILL_AREA_STYLE_COLOUR ( '', #10019 ) ;
#9993 = STYLED_ITEM ( 'NONE', ( #10159 ), #1615 ) ;
#9994 = VECTOR ( 'NONE', #6004, 1000.000000000000000 ) ;
#9995 = APPLICATION_CONTEXT ( 'automotive_design' ) ;
#9996 = DIRECTION ( 'NONE',  ( -0.0000000000000000000, 0.0000000000000000000, -1.000000000000000000 ) ) ;
#9997 = PRESENTATION_STYLE_ASSIGNMENT (( #11790 ) ) ;
#9998 = PRESENTATION_STYLE_ASSIGNMENT (( #5254 ) ) ;
#9999 = ORIENTED_EDGE ( 'NONE', *, *, #7602, .T. ) ;
#10000 = AXIS2_PLACEMENT_3D ( 'NONE', #2174, #3131, #241 ) ;
#10001 = CARTESIAN_POINT ( 'NONE',  ( -0.7338179114785317037, -0.6250000000000000000, 0.6512371686718249064 ) ) ;
#10002 = CARTESIAN_POINT ( 'NONE',  ( -0.1831705760484461654, -0.6260000000000000009, 0.7075450115974405429 ) ) ;
#10003 = LINE ( 'NONE', #10481, #6291 ) ;
#10004 = ORIENTED_EDGE ( 'NONE', *, *, #2779, .T. ) ;
#10005 = VECTOR ( 'NONE', #3960, 1000.000000000000000 ) ;
#10006 = EDGE_CURVE ( 'NONE', #6458, #4745, #10522, .T. ) ;
#10007 = PRESENTATION_LAYER_ASSIGNMENT (  '', '', ( #40 ) ) ;
#10008 = FILL_AREA_STYLE ('',( #8199 ) ) ;
#10009 = EDGE_CURVE ( 'NONE', #3398, #1127, #5097, .T. ) ;
#10010 = VERTEX_POINT ( 'NONE', #5896 ) ;
#10011 = VECTOR ( 'NONE', #3262, 1000.000000000000000 ) ;
#10012 = CARTESIAN_POINT ( 'NONE',  ( -0.7155020776620978351, -0.6260000000000000009, 0.7095586254768568857 ) ) ;
#10013 = SURFACE_SIDE_STYLE ('',( #712 ) ) ;
#10014 = CARTESIAN_POINT ( 'NONE',  ( -0.7791254984578782627, -0.6250000000000000000, 0.7163065913478932067 ) ) ;
#10015 = FILL_AREA_STYLE ('',( #10868 ) ) ;
#10016 = DIRECTION ( 'NONE',  ( -0.0000000000000000000, 0.0000000000000000000, 1.000000000000000000 ) ) ;
#10017 = CARTESIAN_POINT ( 'NONE',  ( -0.3748846065190087895, -0.6260000000000000009, 0.7289640246736514007 ) ) ;
#10018 = B_SPLINE_SURFACE_WITH_KNOTS ( 'NONE', 3, 1, ( 
 ( #4566, #8310 ),
 ( #3838, #12088 ),
 ( #7398, #7577 ),
 ( #994, #200 ) ),
 .UNSPECIFIED., .F., .F., .F.,
 ( 4, 4 ),
 ( 2, 2 ),
 ( 3.000000000000000000, 4.000000000000000000 ),
 ( 0.0000000000000000000, 1.000000000000000000 ),
 .UNSPECIFIED. ) ;
#10019 = COLOUR_RGB ( '',0.0000000000000000000, 0.0000000000000000000, 0.0000000000000000000 ) ;
#10020 = ORIENTED_EDGE ( 'NONE', *, *, #8762, .T. ) ;
#10021 = STYLED_ITEM ( 'NONE', ( #3234 ), #11202 ) ;
#10022 = DIRECTION ( 'NONE',  ( -0.0000000000000000000, 1.000000000000000000, -0.0000000000000000000 ) ) ;
#10023 = FACE_OUTER_BOUND ( 'NONE', #4102, .T. ) ;
#10024 = CARTESIAN_POINT ( 'NONE',  ( -0.3046143006744966297, -0.6260000000000000009, 0.7908296206947073026 ) ) ;
#10025 = CARTESIAN_POINT ( 'NONE',  ( -0.5757233178400067430, -0.6250000000000000000, 0.7138965943436652584 ) ) ;
#10026 = SURFACE_STYLE_FILL_AREA ( #5468 ) ;
#10027 = SURFACE_STYLE_USAGE ( .BOTH. , #10085 ) ;
#10028 = ORIENTED_EDGE ( 'NONE', *, *, #614, .F. ) ;
#10029 =( NAMED_UNIT ( * ) SI_UNIT ( $, .STERADIAN. ) SOLID_ANGLE_UNIT ( ) );
#10030 = CARTESIAN_POINT ( 'NONE',  ( -0.1349951259261358005, -0.6260000000000000009, 0.7018263430577441619 ) ) ;
#10031 = ADVANCED_FACE ( 'NONE', ( #9648 ), #10756, .T. ) ;
#10032 = CARTESIAN_POINT ( 'NONE',  ( -0.3232606259737883514, -0.6250000000000000000, 0.7908296206947073026 ) ) ;
#10033 = VECTOR ( 'NONE', #4766, 1000.000000000000000 ) ;
#10034 = EDGE_LOOP ( 'NONE', ( #6614, #11074, #9946, #3296 ) ) ;
#10035 = EDGE_LOOP ( 'NONE', ( #1462, #916, #3218, #10861, #414, #7224, #9098, #9472, #3768, #1339, #631, #9842 ) ) ;
#10036 = FILL_AREA_STYLE_COLOUR ( '', #166 ) ;
#10037 = DIRECTION ( 'NONE',  ( 0.0000000000000000000, -0.0000000000000000000, -1.000000000000000000 ) ) ;
#10038 = CARTESIAN_POINT ( 'NONE',  ( -0.5954851535362660764, -0.6260000000000000009, 0.7124506108502888235 ) ) ;
#10039 = CARTESIAN_POINT ( 'NONE',  ( -0.7155020776620978351, -0.6260000000000000009, 0.7095586254768568857 ) ) ;
#10040 = SURFACE_SIDE_STYLE ('',( #9232 ) ) ;
#10041 = DIRECTION ( 'NONE',  ( -0.3416038306815501469, 0.0000000000000000000, 0.9398440417769805544 ) ) ;
#10042 = DIRECTION ( 'NONE',  ( 0.0000000000000000000, 0.0000000000000000000, 1.000000000000000000 ) ) ;
#10043 = EDGE_CURVE ( 'NONE', #5079, #11440, #4176, .T. ) ;
#10044 = VERTEX_POINT ( 'NONE', #3125 ) ;
#10045 = VERTEX_POINT ( 'NONE', #2351 ) ;
#10046 = ADVANCED_FACE ( 'NONE', ( #7070 ), #1793, .F. ) ;
#10047 = B_SPLINE_CURVE_WITH_KNOTS ( 'NONE', 3,
 ( #4067, #1995, #1103, #8667 ),
 .UNSPECIFIED., .F., .F.,
 ( 4, 4 ),
 ( 1.000000000000000000, 2.000000000000000000 ),
 .UNSPECIFIED. ) ;
#10048 = PRESENTATION_LAYER_ASSIGNMENT (  '', '', ( #8648 ) ) ;
#10049 = ORIENTED_EDGE ( 'NONE', *, *, #4115, .F. ) ;
#10050 = CARTESIAN_POINT ( 'NONE',  ( -0.6856183391259830229, -0.6250000000000000000, 0.6994367410241407734 ) ) ;
#10051 = SURFACE_SIDE_STYLE ('',( #7164 ) ) ;
#10052 = SURFACE_STYLE_FILL_AREA ( #6431 ) ;
#10053 = EDGE_CURVE ( 'NONE', #11216, #8406, #11086, .T. ) ;
#10054 = ORIENTED_EDGE ( 'NONE', *, *, #6014, .F. ) ;
#10055 = DIRECTION ( 'NONE',  ( 0.0000000000000000000, -0.0000000000000000000, 1.000000000000000000 ) ) ;
#10056 = LINE ( 'NONE', #1665, #6932 ) ;
#10057 = ORIENTED_EDGE ( 'NONE', *, *, #11553, .T. ) ;
#10058 = B_SPLINE_SURFACE_WITH_KNOTS ( 'NONE', 3, 1, ( 
 ( #10253, #7601 ),
 ( #3063, #10445 ),
 ( #8696, #6866 ),
 ( #1194, #1132 ) ),
 .UNSPECIFIED., .F., .F., .F.,
 ( 4, 4 ),
 ( 2, 2 ),
 ( 3.000000000000000000, 4.000000000000000000 ),
 ( 0.0000000000000000000, 1.000000000000000000 ),
 .UNSPECIFIED. ) ;
#10059 = VECTOR ( 'NONE', #8863, 1000.000000000000000 ) ;
#10060 = FACE_OUTER_BOUND ( 'NONE', #8280, .T. ) ;
#10061 = VECTOR ( 'NONE', #7475, 1000.000000000000114 ) ;
#10062 = MECHANICAL_DESIGN_GEOMETRIC_PRESENTATION_REPRESENTATION (  '', ( #10461 ), #9675 ) ;
#10063 =( LENGTH_UNIT ( ) NAMED_UNIT ( * ) SI_UNIT ( .MILLI., .METRE. ) );
#10064 = EDGE_CURVE ( 'NONE', #524, #911, #2170, .T. ) ;
#10065 = CARTESIAN_POINT ( 'NONE',  ( -0.8384109871606698627, -0.6250000000000000000, 0.7596861880784363530 ) ) ;
#10066 = CARTESIAN_POINT ( 'NONE',  ( -0.2033072210279435743, -0.6260000000000000009, 0.7908296206947073026 ) ) ;
#10067 = SURFACE_STYLE_FILL_AREA ( #3491 ) ;
#10068 =( NAMED_UNIT ( * ) SI_UNIT ( $, .STERADIAN. ) SOLID_ANGLE_UNIT ( ) );
#10069 = AXIS2_PLACEMENT_3D ( 'NONE', #1214, #1280, #9658 ) ;
#10070 = PRESENTATION_LAYER_ASSIGNMENT (  '', '', ( #11245 ) ) ;
#10071 =( GEOMETRIC_REPRESENTATION_CONTEXT ( 3 ) GLOBAL_UNCERTAINTY_ASSIGNED_CONTEXT ( ( #2893 ) ) GLOBAL_UNIT_ASSIGNED_CONTEXT ( ( #1315, #9692, #4022 ) ) REPRESENTATION_CONTEXT ( 'NONE', 'WORKASPACE' ) );
#10072 = LINE ( 'NONE', #12103, #6271 ) ;
#10073 = CARTESIAN_POINT ( 'NONE',  ( -0.2876315880412645409, -0.6250000000000000000, 0.6832839935504295692 ) ) ;
#10074 = ORIENTED_EDGE ( 'NONE', *, *, #11692, .T. ) ;
#10075 = CARTESIAN_POINT ( 'NONE',  ( -0.3785064299275447408, -0.6250000000000000000, 0.7263646298830482850 ) ) ;
#10076 = PRESENTATION_LAYER_ASSIGNMENT (  '', '', ( #3199 ) ) ;
#10077 = EDGE_CURVE ( 'NONE', #6582, #2285, #609, .T. ) ;
#10078 = STYLED_ITEM ( 'NONE', ( #4923 ), #9017 ) ;
#10079 =( LENGTH_UNIT ( ) NAMED_UNIT ( * ) SI_UNIT ( .MILLI., .METRE. ) );
#10080 = CARTESIAN_POINT ( 'NONE',  ( -0.3667744947717389015, -0.6260000000000000009, 0.7328111289642612602 ) ) ;
#10081 = CARTESIAN_POINT ( 'NONE',  ( -0.2111573932964320999, -0.6260000000000000009, 0.6910128607283587687 ) ) ;
#10082 =( LENGTH_UNIT ( ) NAMED_UNIT ( * ) SI_UNIT ( .MILLI., .METRE. ) );
#10083 = PRESENTATION_STYLE_ASSIGNMENT (( #11131 ) ) ;
#10084 = CARTESIAN_POINT ( 'NONE',  ( -0.4117093660553193257, -0.6260000000000000009, 0.7060546919176968750 ) ) ;
#10085 = SURFACE_SIDE_STYLE ('',( #2756 ) ) ;
#10086 = VERTEX_POINT ( 'NONE', #2231 ) ;
#10087 =( NAMED_UNIT ( * ) PLANE_ANGLE_UNIT ( ) SI_UNIT ( $, .RADIAN. ) );
#10088 = SURFACE_STYLE_USAGE ( .BOTH. , #1699 ) ;
#10089 = B_SPLINE_CURVE_WITH_KNOTS ( 'NONE', 3,
 ( #4585, #7997, #6331, #11985 ),
 .UNSPECIFIED., .F., .F.,
 ( 4, 4 ),
 ( 10.00000000000000000, 11.00000000000000000 ),
 .UNSPECIFIED. ) ;
#10090 = PRESENTATION_STYLE_ASSIGNMENT (( #4478 ) ) ;
#10091 = ORIENTED_EDGE ( 'NONE', *, *, #10387, .F. ) ;
#10092 = COLOUR_RGB ( '',0.0000000000000000000, 0.0000000000000000000, 0.0000000000000000000 ) ;
#10093 = VERTEX_POINT ( 'NONE', #1275 ) ;
#10094 =( NAMED_UNIT ( * ) SI_UNIT ( $, .STERADIAN. ) SOLID_ANGLE_UNIT ( ) );
#10095 = DIRECTION ( 'NONE',  ( 1.000000000000000000, 0.0000000000000000000, -0.0000000000000000000 ) ) ;
#10096 = B_SPLINE_CURVE_WITH_KNOTS ( 'NONE', 3,
 ( #7435, #8524, #184, #5606 ),
 .UNSPECIFIED., .F., .F.,
 ( 4, 4 ),
 ( 15.00000000000000000, 16.00000000000000000 ),
 .UNSPECIFIED. ) ;
#10097 = VECTOR ( 'NONE', #2077, 1000.000000000000000 ) ;
#10098 = ADVANCED_FACE ( 'NONE', ( #7991 ), #1504, .F. ) ;
#10099 = CARTESIAN_POINT ( 'NONE',  ( -0.5487315646773255340, -0.6250000000000000000, 0.7047386866284428564 ) ) ;
#10100 = CARTESIAN_POINT ( 'NONE',  ( -0.7236960086393693370, -0.6250000000000000000, 0.6801568753099487274 ) ) ;
#10101 = VECTOR ( 'NONE', #5260, 1000.000000000000000 ) ;
#10102 = MECHANICAL_DESIGN_GEOMETRIC_PRESENTATION_REPRESENTATION (  '', ( #7156 ), #6570 ) ;
#10103 = CARTESIAN_POINT ( 'NONE',  ( -0.4210151994063787151, -0.6260000000000000009, 0.8046237423845037373 ) ) ;
#10104 = UNCERTAINTY_MEASURE_WITH_UNIT (LENGTH_MEASURE( 1.000000000000000082E-05 ), #5452, 'distance_accuracy_value', 'NONE');
#10105 = ORIENTED_EDGE ( 'NONE', *, *, #3350, .F. ) ;
#10106 = ORIENTED_EDGE ( 'NONE', *, *, #8322, .T. ) ;
#10107 = VECTOR ( 'NONE', #3122, 1000.000000000000000 ) ;
#10108 = AXIS2_PLACEMENT_3D ( 'NONE', #3471, #5499, #7270 ) ;
#10109 = COLOUR_RGB ( '',0.0000000000000000000, 0.0000000000000000000, 0.0000000000000000000 ) ;
#10110 = MECHANICAL_DESIGN_GEOMETRIC_PRESENTATION_REPRESENTATION (  '', ( #908 ), #4185 ) ;
#10111 = B_SPLINE_SURFACE_WITH_KNOTS ( 'NONE', 3, 1, ( 
 ( #3364, #1552 ),
 ( #11857, #713 ),
 ( #3984, #7175 ),
 ( #4340, #10014 ) ),
 .UNSPECIFIED., .F., .F., .F.,
 ( 4, 4 ),
 ( 2, 2 ),
 ( 16.00000000000000000, 17.00000000000000000 ),
 ( 0.0000000000000000000, 1.000000000000000000 ),
 .UNSPECIFIED. ) ;
#10112 = CARTESIAN_POINT ( 'NONE',  ( -0.4221762624127674002, -0.6250000000000000000, 0.6995735342393142320 ) ) ;
#10113 = SURFACE_STYLE_FILL_AREA ( #2618 ) ;
#10114 = ORIENTED_EDGE ( 'NONE', *, *, #7380, .T. ) ;
#10115 = COLOUR_RGB ( '',0.0000000000000000000, 0.0000000000000000000, 0.0000000000000000000 ) ;
#10116 = LINE ( 'NONE', #8304, #2778 ) ;
#10117 = ADVANCED_FACE ( 'NONE', ( #8103 ), #4531, .F. ) ;
#10118 = EDGE_CURVE ( 'NONE', #5523, #10844, #733, .T. ) ;
#10119 = DIRECTION ( 'NONE',  ( 0.0000000000000000000, 0.0000000000000000000, -1.000000000000000000 ) ) ;
#10120 = EDGE_LOOP ( 'NONE', ( #2483, #6917, #10343, #163 ) ) ;
#10121 = CARTESIAN_POINT ( 'NONE',  ( -0.3860966627165586806, -0.6260000000000000009, 0.7936369670687982714 ) ) ;
#10122 = MECHANICAL_DESIGN_GEOMETRIC_PRESENTATION_REPRESENTATION (  '', ( #4226 ), #11105 ) ;
#10123 = FILL_AREA_STYLE_COLOUR ( '', #10092 ) ;
#10124 = B_SPLINE_CURVE_WITH_KNOTS ( 'NONE', 3,
 ( #2286, #3926, #9527, #7735 ),
 .UNSPECIFIED., .F., .F.,
 ( 4, 4 ),
 ( 10.00000000000000000, 11.00000000000000000 ),
 .UNSPECIFIED. ) ;
#10125 = ORIENTED_EDGE ( 'NONE', *, *, #3668, .F. ) ;
#10126 = CARTESIAN_POINT ( 'NONE',  ( -0.1349951259261358005, -0.6260000000000000009, 0.7018263430577441619 ) ) ;
#10127 = COLOUR_RGB ( '',0.0000000000000000000, 0.0000000000000000000, 0.0000000000000000000 ) ;
#10128 = CARTESIAN_POINT ( 'NONE',  ( -0.3535349106373711359, -0.6260000000000000009, 0.7321179570199144448 ) ) ;
#10129 = SURFACE_SIDE_STYLE ('',( #6383 ) ) ;
#10130 = CARTESIAN_POINT ( 'NONE',  ( -0.2546366034969794190, -0.6260000000000000009, 0.7215817434678952758 ) ) ;
#10131 = CARTESIAN_POINT ( 'NONE',  ( -0.4021609225238317875, -0.6260000000000000009, 0.8597655705465168108 ) ) ;
#10132 = FACE_OUTER_BOUND ( 'NONE', #8681, .T. ) ;
#10133 =( NAMED_UNIT ( * ) PLANE_ANGLE_UNIT ( ) SI_UNIT ( $, .RADIAN. ) );
#10134 = CARTESIAN_POINT ( 'NONE',  ( -0.3046143006744966297, -0.6260000000000000009, 0.7908296206947071916 ) ) ;
#10135 = DIRECTION ( 'NONE',  ( 0.3493954794973193057, 0.0000000000000000000, -0.9369753459439784660 ) ) ;
#10136 = DIRECTION ( 'NONE',  ( -0.3385350342956599534, 0.0000000000000000000, -0.9409537876827088754 ) ) ;
#10137 =( GEOMETRIC_REPRESENTATION_CONTEXT ( 3 ) GLOBAL_UNCERTAINTY_ASSIGNED_CONTEXT ( ( #11538 ) ) GLOBAL_UNIT_ASSIGNED_CONTEXT ( ( #4843, #5838, #8707 ) ) REPRESENTATION_CONTEXT ( 'NONE', 'WORKASPACE' ) );
#10138 = ORIENTED_EDGE ( 'NONE', *, *, #4918, .F. ) ;
#10139 = DIRECTION ( 'NONE',  ( -0.2524218971878411377, -0.0000000000000000000, 0.9676172723861904412 ) ) ;
#10140 = CARTESIAN_POINT ( 'NONE',  ( -0.4003760047674415068, -0.6260000000000000009, 0.7075796701950723966 ) ) ;
#10141 = STYLED_ITEM ( 'NONE', ( #3684 ), #6467 ) ;
#10142 =( NAMED_UNIT ( * ) SI_UNIT ( $, .STERADIAN. ) SOLID_ANGLE_UNIT ( ) );
#10143 = PRESENTATION_LAYER_ASSIGNMENT (  '', '', ( #4251 ) ) ;
#10144 = FILL_AREA_STYLE ('',( #11060 ) ) ;
#10145 = DIRECTION ( 'NONE',  ( -0.3559357243643076485, -0.0000000000000000000, -0.9345104387438674109 ) ) ;
#10146 = SURFACE_STYLE_USAGE ( .BOTH. , #8969 ) ;
#10147 = FILL_AREA_STYLE ('',( #2654 ) ) ;
#10148 = ORIENTED_EDGE ( 'NONE', *, *, #6650, .F. ) ;
#10149 = ADVANCED_FACE ( 'NONE', ( #12050 ), #7257, .F. ) ;
#10150 =( NAMED_UNIT ( * ) PLANE_ANGLE_UNIT ( ) SI_UNIT ( $, .RADIAN. ) );
#10151 = CARTESIAN_POINT ( 'NONE',  ( -0.7863554343107495015, -0.6250000000000000000, 0.8088497739416035115 ) ) ;
#10152 = PLANE ( 'NONE',  #6763 ) ;
#10153 = EDGE_CURVE ( 'NONE', #4333, #10890, #2587, .T. ) ;
#10154 = ORIENTED_EDGE ( 'NONE', *, *, #268, .F. ) ;
#10155 = ORIENTED_EDGE ( 'NONE', *, *, #6854, .F. ) ;
#10156 = UNCERTAINTY_MEASURE_WITH_UNIT (LENGTH_MEASURE( 1.000000000000000082E-05 ), #8961, 'distance_accuracy_value', 'NONE');
#10157 = AXIS2_PLACEMENT_3D ( 'NONE', #4281, #9073, #7233 ) ;
#10158 = ADVANCED_FACE ( 'NONE', ( #961 ), #4894, .F. ) ;
#10159 = PRESENTATION_STYLE_ASSIGNMENT (( #6406 ) ) ;
#10160 = CARTESIAN_POINT ( 'NONE',  ( -0.2344306413231426467, -0.6260000000000000009, 0.8479123303006109724 ) ) ;
#10161 =( NAMED_UNIT ( * ) PLANE_ANGLE_UNIT ( ) SI_UNIT ( $, .RADIAN. ) );
#10162 = FILL_AREA_STYLE ('',( #976 ) ) ;
#10163 = CARTESIAN_POINT ( 'NONE',  ( -0.3766348656782271820, -0.6260000000000000009, 0.6831107005641131602 ) ) ;
#10164 = CARTESIAN_POINT ( 'NONE',  ( -0.3476776077087617156, -0.6260000000000000009, 0.6964542604902214107 ) ) ;
#10165 = ORIENTED_EDGE ( 'NONE', *, *, #11008, .T. ) ;
#10166 = UNCERTAINTY_MEASURE_WITH_UNIT (LENGTH_MEASURE( 1.000000000000000082E-05 ), #7740, 'distance_accuracy_value', 'NONE');
#10167 = ORIENTED_EDGE ( 'NONE', *, *, #11272, .T. ) ;
#10168 = FACE_OUTER_BOUND ( 'NONE', #3477, .T. ) ;
#10169 = EDGE_CURVE ( 'NONE', #965, #5742, #9320, .T. ) ;
#10170 = CARTESIAN_POINT ( 'NONE',  ( -0.4276696500706181348, -0.6260000000000000009, 0.8324892545419263490 ) ) ;
#10171 = VECTOR ( 'NONE', #775, 1000.000000000000000 ) ;
#10172 = CARTESIAN_POINT ( 'NONE',  ( 0.4000000000000000222, -0.6250000000000000000, 0.0000000000000000000 ) ) ;
#10173 = EDGE_LOOP ( 'NONE', ( #10472, #4948, #12003, #5830 ) ) ;
#10174 = DIRECTION ( 'NONE',  ( 0.0000000000000000000, 0.0000000000000000000, 1.000000000000000000 ) ) ;
#10175 = FACE_OUTER_BOUND ( 'NONE', #6436, .T. ) ;
#10176 = ORIENTED_EDGE ( 'NONE', *, *, #5684, .F. ) ;
#10177 = LINE ( 'NONE', #993, #12031 ) ;
#10178 = LINE ( 'NONE', #1783, #4980 ) ;
#10179 = EDGE_LOOP ( 'NONE', ( #11599, #3467, #12024, #5275 ) ) ;
#10180 = COLOUR_RGB ( '',0.0000000000000000000, 0.0000000000000000000, 0.0000000000000000000 ) ;
#10181 = STYLED_ITEM ( 'NONE', ( #10948 ), #1576 ) ;
#10182 = SURFACE_SIDE_STYLE ('',( #5514 ) ) ;
#10183 = FILL_AREA_STYLE ('',( #8319 ) ) ;
#10184 = FILL_AREA_STYLE_COLOUR ( '', #4936 ) ;
#10186 = CARTESIAN_POINT ( 'NONE',  ( -0.1923724336084561837, -0.6250000000000000000, 0.7262606540915362840 ) ) ;
#10185 = MECHANICAL_DESIGN_GEOMETRIC_PRESENTATION_REPRESENTATION (  '', ( #11393 ), #6095 ) ;
#10187 = COLOUR_RGB ( '',0.0000000000000000000, 0.0000000000000000000, 0.0000000000000000000 ) ;
#10188 = CARTESIAN_POINT ( 'NONE',  ( -0.3860966627165586806, -0.6260000000000000009, 0.8569928827695967311 ) ) ;
#10189 = DIRECTION ( 'NONE',  ( -0.3385350342956599534, 0.0000000000000000000, -0.9409537876827088754 ) ) ;
#10190 = CARTESIAN_POINT ( 'NONE',  ( -0.4396268661082691764, -0.6260000000000000009, 0.7985584878726350588 ) ) ;
#10191 = DIRECTION ( 'NONE',  ( -0.0000000000000000000, -0.0000000000000000000, 1.000000000000000000 ) ) ;
#10192 = CARTESIAN_POINT ( 'NONE',  ( -0.3242657252929049827, -0.6260000000000000009, 0.6833879693419441237 ) ) ;
#10193 = PRESENTATION_STYLE_ASSIGNMENT (( #1616 ) ) ;
#10194 =( NAMED_UNIT ( * ) SI_UNIT ( $, .STERADIAN. ) SOLID_ANGLE_UNIT ( ) );
#10195 = EDGE_CURVE ( 'NONE', #8862, #5262, #8633, .T. ) ;
#10196 = VERTEX_POINT ( 'NONE', #4651 ) ;
#10197 = PRESENTATION_LAYER_ASSIGNMENT (  '', '', ( #9402 ) ) ;
#10198 = LINE ( 'NONE', #7584, #5220 ) ;
#10199 = EDGE_CURVE ( 'NONE', #6746, #3166, #11184, .T. ) ;
#10200 = DIRECTION ( 'NONE',  ( -1.000000000000000000, 0.0000000000000000000, 0.0000000000000000000 ) ) ;
#10201 =( LENGTH_UNIT ( ) NAMED_UNIT ( * ) SI_UNIT ( .MILLI., .METRE. ) );
#10202 = DIRECTION ( 'NONE',  ( -0.0000000000000000000, 1.000000000000000000, -0.0000000000000000000 ) ) ;
#10203 = AXIS2_PLACEMENT_3D ( 'NONE', #10030, #4360, #2537 ) ;
#10204 =( NAMED_UNIT ( * ) SI_UNIT ( $, .STERADIAN. ) SOLID_ANGLE_UNIT ( ) );
#10205 = CARTESIAN_POINT ( 'NONE',  ( -0.4000000000000004108, -0.6250000000000000000, -0.01000000000000000021 ) ) ;
#10206 =( NAMED_UNIT ( * ) SI_UNIT ( $, .STERADIAN. ) SOLID_ANGLE_UNIT ( ) );
#10207 = ORIENTED_EDGE ( 'NONE', *, *, #10006, .T. ) ;
#10208 = DIRECTION ( 'NONE',  ( -0.0000000000000000000, 0.0000000000000000000, 1.000000000000000000 ) ) ;
#10209 = CARTESIAN_POINT ( 'NONE',  ( -0.6181642414781315376, 0.0000000000000000000, 1.000000000000000000 ) ) ;
#10210 = ORIENTED_EDGE ( 'NONE', *, *, #7395, .F. ) ;
#10211 = VERTEX_POINT ( 'NONE', #1863 ) ;
#10212 = B_SPLINE_SURFACE_WITH_KNOTS ( 'NONE', 3, 1, ( 
 ( #6508, #2534 ),
 ( #10942, #4474 ),
 ( #3503, #9216 ),
 ( #9097, #4534 ) ),
 .UNSPECIFIED., .F., .F., .F.,
 ( 4, 4 ),
 ( 2, 2 ),
 ( 17.00000000000000000, 18.00000000000000000 ),
 ( 0.0000000000000000000, 1.000000000000000000 ),
 .UNSPECIFIED. ) ;
#10213 = CARTESIAN_POINT ( 'NONE',  ( -0.4048642931061782746, -0.6250000000000000000, 0.7896858869866756336 ) ) ;
#10214 = VECTOR ( 'NONE', #1296, 1000.000000000000000 ) ;
#10215 = LINE ( 'NONE', #1030, #6985 ) ;
#10216 = B_SPLINE_CURVE_WITH_KNOTS ( 'NONE', 3,
 ( #5327, #6385, #3543, #5269 ),
 .UNSPECIFIED., .F., .F.,
 ( 4, 4 ),
 ( 0.0000000000000000000, 1.000000000000000000 ),
 .UNSPECIFIED. ) ;
#10217 = CARTESIAN_POINT ( 'NONE',  ( -0.3672423858340090885, -0.6260000000000000009, 0.6821402598423972341 ) ) ;
#10218 = CARTESIAN_POINT ( 'NONE',  ( -0.5607814577652890931, -0.6260000000000000009, 0.7707720860419996489 ) ) ;
#10219 = SURFACE_SIDE_STYLE ('',( #4668 ) ) ;
#10220 = CARTESIAN_POINT ( 'NONE',  ( -0.6171749610948783493, -0.6260000000000000009, 0.7124506108502888235 ) ) ;
#10221 = SURFACE_STYLE_FILL_AREA ( #2841 ) ;
#10222 = UNCERTAINTY_MEASURE_WITH_UNIT (LENGTH_MEASURE( 1.000000000000000082E-05 ), #7925, 'distance_accuracy_value', 'NONE');
#10223 = ORIENTED_EDGE ( 'NONE', *, *, #6018, .F. ) ;
#10224 = ORIENTED_EDGE ( 'NONE', *, *, #1967, .F. ) ;
#10225 = SURFACE_STYLE_USAGE ( .BOTH. , #72 ) ;
#10226 = EDGE_CURVE ( 'NONE', #5385, #1052, #5648, .T. ) ;
#10227 =( NAMED_UNIT ( * ) PLANE_ANGLE_UNIT ( ) SI_UNIT ( $, .RADIAN. ) );
#10228 = ORIENTED_EDGE ( 'NONE', *, *, #2035, .T. ) ;
#10229 = LINE ( 'NONE', #196, #2596 ) ;
#10230 =( LENGTH_UNIT ( ) NAMED_UNIT ( * ) SI_UNIT ( .MILLI., .METRE. ) );
#10231 = SURFACE_STYLE_FILL_AREA ( #1996 ) ;
#10232 = ORIENTED_EDGE ( 'NONE', *, *, #1611, .T. ) ;
#10233 = CARTESIAN_POINT ( 'NONE',  ( -0.3376092852190133442, -0.6260000000000000009, 0.8586218368384853639 ) ) ;
#10234 =( GEOMETRIC_REPRESENTATION_CONTEXT ( 3 ) GLOBAL_UNCERTAINTY_ASSIGNED_CONTEXT ( ( #259 ) ) GLOBAL_UNIT_ASSIGNED_CONTEXT ( ( #3553, #7542, #2753 ) ) REPRESENTATION_CONTEXT ( 'NONE', 'WORKASPACE' ) );
#10235 = FACE_OUTER_BOUND ( 'NONE', #6577, .T. ) ;
#10236 = ORIENTED_EDGE ( 'NONE', *, *, #645, .T. ) ;
#10237 = CARTESIAN_POINT ( 'NONE',  ( -0.3748846065190087895, -0.6250000000000000000, 0.7289640246736514007 ) ) ;
#10238 = COLOUR_RGB ( '',0.0000000000000000000, 0.0000000000000000000, 0.0000000000000000000 ) ;
#10239 = SURFACE_STYLE_FILL_AREA ( #5513 ) ;
#10240 = MECHANICAL_DESIGN_GEOMETRIC_PRESENTATION_REPRESENTATION (  '', ( #11231 ), #9057 ) ;
#10241 = CARTESIAN_POINT ( 'NONE',  ( -0.1184109871608345216, -0.6260000000000000009, 0.6832839935504295692 ) ) ;
#10242 = CARTESIAN_POINT ( 'NONE',  ( -0.6701944722960717638, -0.6260000000000000009, 0.8768111452172836495 ) ) ;
#10243 = DIRECTION ( 'NONE',  ( -0.0000000000000000000, 1.000000000000000000, -0.0000000000000000000 ) ) ;
#10244 = EDGE_CURVE ( 'NONE', #3025, #6344, #11369, .T. ) ;
#10245 = CARTESIAN_POINT ( 'NONE',  ( -0.1442316420823905043, -0.6250000000000000000, 0.7510762096942074084 ) ) ;
#10246 = PRESENTATION_STYLE_ASSIGNMENT (( #9499 ) ) ;
#10247 = LINE ( 'NONE', #8563, #9906 ) ;
#10248 =( NAMED_UNIT ( * ) PLANE_ANGLE_UNIT ( ) SI_UNIT ( $, .RADIAN. ) );
#10249 = PRESENTATION_LAYER_ASSIGNMENT (  '', '', ( #11832 ) ) ;
#10250 = VERTEX_POINT ( 'NONE', #1017 ) ;
#10251 = CARTESIAN_POINT ( 'NONE',  ( -0.3188069962322234718, -0.6250000000000000000, 0.6952412095878495180 ) ) ;
#10252 = CARTESIAN_POINT ( 'NONE',  ( -0.3535349106373711359, -0.6250000000000000000, 0.7321179570199144448 ) ) ;
#10253 = CARTESIAN_POINT ( 'NONE',  ( -0.4270631246196632258, -0.6260000000000000009, 0.8497838945496974938 ) ) ;
#10254 = CARTESIAN_POINT ( 'NONE',  ( -0.4223495553988524942, -0.6260000000000000009, 0.7927705021385973438 ) ) ;
#10255 = PRESENTATION_LAYER_ASSIGNMENT (  '', '', ( #5733 ) ) ;
#10256 = CARTESIAN_POINT ( 'NONE',  ( -0.7733415644850640813, -0.6250000000000000000, 0.6647330452529338629 ) ) ;
#10257 = PRESENTATION_STYLE_ASSIGNMENT (( #10512 ) ) ;
#10258 = STYLED_ITEM ( 'NONE', ( #3761 ), #8823 ) ;
#10259 =( GEOMETRIC_REPRESENTATION_CONTEXT ( 3 ) GLOBAL_UNCERTAINTY_ASSIGNED_CONTEXT ( ( #235 ) ) GLOBAL_UNIT_ASSIGNED_CONTEXT ( ( #8713, #5902, #3193 ) ) REPRESENTATION_CONTEXT ( 'NONE', 'WORKASPACE' ) );
#10260 = LINE ( 'NONE', #11371, #6210 ) ;
#10261 = CARTESIAN_POINT ( 'NONE',  ( -0.3672423858340090885, -0.6250000000000000000, 0.6821402598423972341 ) ) ;
#10262 = FILL_AREA_STYLE_COLOUR ( '', #10389 ) ;
#10263 = EDGE_LOOP ( 'NONE', ( #615, #8307, #2355, #5347 ) ) ;
#10264 = FACE_OUTER_BOUND ( 'NONE', #9713, .T. ) ;
#10265 = ADVANCED_FACE ( 'NONE', ( #4710 ), #2941, .F. ) ;
#10266 = EDGE_CURVE ( 'NONE', #2033, #6420, #4956, .T. ) ;
#10267 = VERTEX_POINT ( 'NONE', #2278 ) ;
#10268 = ORIENTED_EDGE ( 'NONE', *, *, #1472, .F. ) ;
#10269 = UNCERTAINTY_MEASURE_WITH_UNIT (LENGTH_MEASURE( 1.000000000000000082E-05 ), #4357, 'distance_accuracy_value', 'NONE');
#10270 = MECHANICAL_DESIGN_GEOMETRIC_PRESENTATION_REPRESENTATION (  '', ( #6719 ), #10469 ) ;
#10271 = CARTESIAN_POINT ( 'NONE',  ( -0.4223495553988524942, -0.6260000000000000009, 0.7927705021385973438 ) ) ;
#10272 = PRESENTATION_LAYER_ASSIGNMENT (  '', '', ( #1285 ) ) ;
#10273 = LINE ( 'NONE', #1924, #5612 ) ;
#10274 =( NAMED_UNIT ( * ) PLANE_ANGLE_UNIT ( ) SI_UNIT ( $, .RADIAN. ) );
#10275 = CARTESIAN_POINT ( 'NONE',  ( -0.3962689609980504235, -0.6260000000000000009, 0.8518634103822715353 ) ) ;
#10276 = SURFACE_STYLE_USAGE ( .BOTH. , #865 ) ;
#10277 = DIRECTION ( 'NONE',  ( -0.0000000000000000000, 1.000000000000000000, -0.0000000000000000000 ) ) ;
#10278 = DIRECTION ( 'NONE',  ( -0.0000000000000000000, 1.000000000000000000, -0.0000000000000000000 ) ) ;
#10279 = MECHANICAL_DESIGN_GEOMETRIC_PRESENTATION_REPRESENTATION (  '', ( #4974 ), #1097 ) ;
#10280 = MECHANICAL_DESIGN_GEOMETRIC_PRESENTATION_REPRESENTATION (  '', ( #1858 ), #10675 ) ;
#10281 = LINE ( 'NONE', #9468, #3108 ) ;
#10282 = CARTESIAN_POINT ( 'NONE',  ( -0.6200669280814015139, -0.6260000000000000009, 0.7129325992190329586 ) ) ;
#10283 = FILL_AREA_STYLE_COLOUR ( '', #9888 ) ;
#10284 = VECTOR ( 'NONE', #10752, 1000.000000000000000 ) ;
#10285 = VERTEX_POINT ( 'NONE', #3175 ) ;
#10286 = VERTEX_POINT ( 'NONE', #7979 ) ;
#10287 = CARTESIAN_POINT ( 'NONE',  ( -0.7342998998475077643, -0.6260000000000000009, 0.8016198380885017905 ) ) ;
#10288 = MECHANICAL_DESIGN_GEOMETRIC_PRESENTATION_REPRESENTATION (  '', ( #7329 ), #8901 ) ;
#10289 = COLOUR_RGB ( '',0.7529411764705882248, 0.7529411764705882248, 0.7529411764705882248 ) ;
#10290 = VECTOR ( 'NONE', #7340, 1000.000000000000000 ) ;
#10291 = EDGE_CURVE ( 'NONE', #7552, #2811, #10806, .T. ) ;
#10292 = CARTESIAN_POINT ( 'NONE',  ( -0.3366908323930571378, -0.6260000000000000009, 0.6677569419997686495 ) ) ;
#10293 = DIRECTION ( 'NONE',  ( -1.000000000000000000, 0.0000000000000000000, -0.0000000000000000000 ) ) ;
#10294 = EDGE_LOOP ( 'NONE', ( #7266, #8580, #11901, #10917 ) ) ;
#10295 = DIRECTION ( 'NONE',  ( -0.0000000000000000000, 1.000000000000000000, -0.0000000000000000000 ) ) ;
#10296 = SURFACE_STYLE_USAGE ( .BOTH. , #2854 ) ;
#10297 = CARTESIAN_POINT ( 'NONE',  ( -0.6282608590586724606, -0.6250000000000000000, 0.7129325992190329586 ) ) ;
#10298 = ORIENTED_EDGE ( 'NONE', *, *, #6873, .T. ) ;
#10299 = CARTESIAN_POINT ( 'NONE',  ( -0.4000000000000004108, 0.2250000000000001166, 0.0000000000000000000 ) ) ;
#10300 = PRESENTATION_STYLE_ASSIGNMENT (( #882 ) ) ;
#10301 = EDGE_CURVE ( 'NONE', #6302, #1744, #2879, .T. ) ;
#10302 = VECTOR ( 'NONE', #270, 1000.000000000000000 ) ;
#10303 = COLOUR_RGB ( '',0.0000000000000000000, 0.0000000000000000000, 0.0000000000000000000 ) ;
#10304 = CARTESIAN_POINT ( 'NONE',  ( -0.3623035357315868010, -0.6250000000000000000, 0.7259140681193632094 ) ) ;
#10305 = VERTEX_POINT ( 'NONE', #3251 ) ;
#10306 = ADVANCED_FACE ( 'NONE', ( #5887 ), #11745, .F. ) ;
#10307 = VECTOR ( 'NONE', #7862, 1000.000000000000000 ) ;
#10308 = EDGE_CURVE ( 'NONE', #2285, #8803, #1501, .T. ) ;
#10309 = CARTESIAN_POINT ( 'NONE',  ( -0.2384856971967789230, -0.6260000000000000009, 0.8586218368384853639 ) ) ;
#10310 = STYLED_ITEM ( 'NONE', ( #6936 ), #10046 ) ;
#10311 = VECTOR ( 'NONE', #444, 1000.000000000000000 ) ;
#10312 = CARTESIAN_POINT ( 'NONE',  ( -0.3664105795009806599, -0.6260000000000000009, 0.6890719792844680613 ) ) ;
#10313 = SURFACE_STYLE_USAGE ( .BOTH. , #6551 ) ;
#10314 =( NAMED_UNIT ( * ) PLANE_ANGLE_UNIT ( ) SI_UNIT ( $, .RADIAN. ) );
#10315 = PLANE ( 'NONE',  #11454 ) ;
#10316 = AXIS2_PLACEMENT_3D ( 'NONE', #5945, #5023, #8763 ) ;
#10317 = LINE ( 'NONE', #1121, #6368 ) ;
#10318 = PLANE ( 'NONE',  #8218 ) ;
#10319 = FILL_AREA_STYLE ('',( #9446 ) ) ;
#10320 = PLANE ( 'NONE',  #5369 ) ;
#10321 = DIRECTION ( 'NONE',  ( -0.0000000000000000000, -0.0000000000000000000, 1.000000000000000000 ) ) ;
#10322 =( NAMED_UNIT ( * ) SI_UNIT ( $, .STERADIAN. ) SOLID_ANGLE_UNIT ( ) );
#10323 = ORIENTED_EDGE ( 'NONE', *, *, #6407, .F. ) ;
#10324 = PRESENTATION_LAYER_ASSIGNMENT (  '', '', ( #8931 ) ) ;
#10325 = AXIS2_PLACEMENT_3D ( 'NONE', #2601, #7383, #11144 ) ;
#10326 = SURFACE_STYLE_FILL_AREA ( #5525 ) ;
#10327 = ADVANCED_FACE ( 'NONE', ( #4096 ), #9922, .T. ) ;
#10328 = CARTESIAN_POINT ( 'NONE',  ( -0.3499997337217647941, -0.6250000000000000000, 0.7306622959368811454 ) ) ;
#10329 = SURFACE_STYLE_USAGE ( .BOTH. , #8379 ) ;
#10330 = EDGE_CURVE ( 'NONE', #11281, #8390, #6325, .T. ) ;
#10331 = CARTESIAN_POINT ( 'NONE',  ( -0.3198467541487413079, -0.6250000000000000000, 0.6913247881028975472 ) ) ;
#10332 = CARTESIAN_POINT ( 'NONE',  ( -0.3415083774051487775, -0.6250000000000000000, 0.6687273827219466504 ) ) ;
#10333 = CARTESIAN_POINT ( 'NONE',  ( -0.4199234535941037683, -0.6260000000000000009, 0.7030740525572911626 ) ) ;
#10334 = AXIS2_PLACEMENT_3D ( 'NONE', #5826, #1197, #4 ) ;
#10335 = SURFACE_STYLE_USAGE ( .BOTH. , #3670 ) ;
#10336 = FACE_OUTER_BOUND ( 'NONE', #8975, .T. ) ;
#10337 =( NAMED_UNIT ( * ) SI_UNIT ( $, .STERADIAN. ) SOLID_ANGLE_UNIT ( ) );
#10338 = PRESENTATION_LAYER_ASSIGNMENT (  '', '', ( #2288 ) ) ;
#10339 = SURFACE_STYLE_FILL_AREA ( #6629 ) ;
#10340 = ORIENTED_EDGE ( 'NONE', *, *, #4817, .T. ) ;
#10341 = PRESENTATION_STYLE_ASSIGNMENT (( #3006 ) ) ;
#10342 = EDGE_LOOP ( 'NONE', ( #8481, #9618, #3386, #395 ) ) ;
#10343 = ORIENTED_EDGE ( 'NONE', *, *, #7806, .T. ) ;
#10344 = COLOUR_RGB ( '',0.0000000000000000000, 0.0000000000000000000, 0.0000000000000000000 ) ;
#10345 = LINE ( 'NONE', #11195, #1722 ) ;
#10346 = CARTESIAN_POINT ( 'NONE',  ( -0.3707082455550446132, -0.6260000000000000009, 0.7229334287589547214 ) ) ;
#10347 = LINE ( 'NONE', #1979, #8089 ) ;
#10348 = CARTESIAN_POINT ( 'NONE',  ( -0.2680668099160172235, -0.6260000000000000009, 0.8255921936970281871 ) ) ;
#10349 =( NAMED_UNIT ( * ) PLANE_ANGLE_UNIT ( ) SI_UNIT ( $, .RADIAN. ) );
#10350 = CARTESIAN_POINT ( 'NONE',  ( -0.7342998998475077643, -0.6250000000000000000, 0.8016198380885017905 ) ) ;
#10351 = VECTOR ( 'NONE', #4338, 1000.000000000000000 ) ;
#10352 = CARTESIAN_POINT ( 'NONE',  ( -0.5954851535362660764, -0.6260000000000000009, 0.7124506108502888235 ) ) ;
#10353 = UNCERTAINTY_MEASURE_WITH_UNIT (LENGTH_MEASURE( 1.000000000000000082E-05 ), #5076, 'distance_accuracy_value', 'NONE');
#10354 = EDGE_LOOP ( 'NONE', ( #1625, #4169, #7827, #7513 ) ) ;
#10355 = ORIENTED_EDGE ( 'NONE', *, *, #2973, .F. ) ;
#10356 = FILL_AREA_STYLE ('',( #1160 ) ) ;
#10357 = FACE_OUTER_BOUND ( 'NONE', #4143, .T. ) ;
#10358 = SURFACE_SIDE_STYLE ('',( #9605 ) ) ;
#10359 = SURFACE_STYLE_FILL_AREA ( #9304 ) ;
#10360 = ORIENTED_EDGE ( 'NONE', *, *, #11319, .F. ) ;
#10361 =( NAMED_UNIT ( * ) PLANE_ANGLE_UNIT ( ) SI_UNIT ( $, .RADIAN. ) );
#10362 = DIRECTION ( 'NONE',  ( -1.000000000000000000, 0.0000000000000000000, -0.0000000000000000000 ) ) ;
#10363 = LINE ( 'NONE', #1046, #1209 ) ;
#10364 = ORIENTED_EDGE ( 'NONE', *, *, #6274, .T. ) ;
#10365 = LINE ( 'NONE', #10299, #7895 ) ;
#10366 = LINE ( 'NONE', #8362, #11486 ) ;
#10367 = LINE ( 'NONE', #2975, #1290 ) ;
#10368 = EDGE_LOOP ( 'NONE', ( #8581, #10812, #6607, #10228 ) ) ;
#10369 = CARTESIAN_POINT ( 'NONE',  ( -0.7603276670791284664, -0.6250000000000000000, 0.8377694897730677548 ) ) ;
#10370 =( NAMED_UNIT ( * ) PLANE_ANGLE_UNIT ( ) SI_UNIT ( $, .RADIAN. ) );
#10371 = B_SPLINE_CURVE_WITH_KNOTS ( 'NONE', 3,
 ( #4868, #7891, #11726, #2125 ),
 .UNSPECIFIED., .F., .F.,
 ( 4, 4 ),
 ( 12.00000000000000000, 13.00000000000000000 ),
 .UNSPECIFIED. ) ;
#10372 = CARTESIAN_POINT ( 'NONE',  ( -0.3803260062811051334, -0.6260000000000000009, 0.7186357627051216390 ) ) ;
#10373 = DIRECTION ( 'NONE',  ( -0.0000000000000000000, -0.0000000000000000000, 1.000000000000000000 ) ) ;
#10374 = PRESENTATION_STYLE_ASSIGNMENT (( #5631 ) ) ;
#10375 = ADVANCED_FACE ( 'NONE', ( #4341 ), #4313, .F. ) ;
#10376 = B_SPLINE_SURFACE_WITH_KNOTS ( 'NONE', 3, 1, ( 
 ( #10379, #8498 ),
 ( #11175, #952 ),
 ( #2742, #3662 ),
 ( #6673, #4700 ) ),
 .UNSPECIFIED., .F., .F., .F.,
 ( 4, 4 ),
 ( 2, 2 ),
 ( 5.000000000000000000, 6.000000000000000000 ),
 ( 0.0000000000000000000, 1.000000000000000000 ),
 .UNSPECIFIED. ) ;
#10377 = DIRECTION ( 'NONE',  ( 1.000000000000000000, 0.0000000000000000000, -0.0000000000000000000 ) ) ;
#10378 = EDGE_CURVE ( 'NONE', #6348, #11423, #9196, .T. ) ;
#10379 = CARTESIAN_POINT ( 'NONE',  ( -0.1998067027099670323, -0.6260000000000000009, 0.7369008434350673431 ) ) ;
#10380 = STYLED_ITEM ( 'NONE', ( #4666 ), #10742 ) ;
#10381 = CARTESIAN_POINT ( 'NONE',  ( -0.3395328373643193842, -0.6250000000000000000, 0.8213638448370749190 ) ) ;
#10382 = EDGE_LOOP ( 'NONE', ( #734, #7018, #8843, #5492 ) ) ;
#10383 = ORIENTED_EDGE ( 'NONE', *, *, #6993, .T. ) ;
#10384 = B_SPLINE_CURVE_WITH_KNOTS ( 'NONE', 3,
 ( #8292, #1929, #4788, #9415 ),
 .UNSPECIFIED., .F., .F.,
 ( 4, 4 ),
 ( 13.00000000000000000, 14.00000000000000000 ),
 .UNSPECIFIED. ) ;
#10385 = DIRECTION ( 'NONE',  ( -0.0000000000000000000, 1.000000000000000000, -0.0000000000000000000 ) ) ;
#10386 =( GEOMETRIC_REPRESENTATION_CONTEXT ( 3 ) GLOBAL_UNCERTAINTY_ASSIGNED_CONTEXT ( ( #5127 ) ) GLOBAL_UNIT_ASSIGNED_CONTEXT ( ( #6463, #11317, #6694 ) ) REPRESENTATION_CONTEXT ( 'NONE', 'WORKASPACE' ) );
#10387 = EDGE_CURVE ( 'NONE', #4508, #7396, #11806, .T. ) ;
#10388 =( LENGTH_UNIT ( ) NAMED_UNIT ( * ) SI_UNIT ( .MILLI., .METRE. ) );
#10389 = COLOUR_RGB ( '',0.0000000000000000000, 0.0000000000000000000, 0.0000000000000000000 ) ;
#10390 = CARTESIAN_POINT ( 'NONE',  ( -0.4753772091311208592, -0.6250000000000000000, 0.6832839935504295692 ) ) ;
#10391 = CARTESIAN_POINT ( 'NONE',  ( -0.4048642931061782746, -0.6260000000000000009, 0.7896858869866756336 ) ) ;
#10392 = FACE_OUTER_BOUND ( 'NONE', #10935, .T. ) ;
#10393 = CARTESIAN_POINT ( 'NONE',  ( -0.7342999090408477425, -0.6260000000000000009, 0.6801568753099487274 ) ) ;
#10394 = ORIENTED_EDGE ( 'NONE', *, *, #11044, .F. ) ;
#10395 = FILL_AREA_STYLE_COLOUR ( '', #9121 ) ;
#10396 = VECTOR ( 'NONE', #8884, 1000.000000000000000 ) ;
#10397 = ORIENTED_EDGE ( 'NONE', *, *, #11242, .T. ) ;
#10398 =( GEOMETRIC_REPRESENTATION_CONTEXT ( 3 ) GLOBAL_UNCERTAINTY_ASSIGNED_CONTEXT ( ( #3200 ) ) GLOBAL_UNIT_ASSIGNED_CONTEXT ( ( #9640, #545, #7121 ) ) REPRESENTATION_CONTEXT ( 'NONE', 'WORKASPACE' ) );
#10399 = B_SPLINE_CURVE_WITH_KNOTS ( 'NONE', 3,
 ( #3065, #10572, #8828, #475 ),
 .UNSPECIFIED., .F., .F.,
 ( 4, 4 ),
 ( 4.000000000000000000, 5.000000000000000000 ),
 .UNSPECIFIED. ) ;
#10400 = ORIENTED_EDGE ( 'NONE', *, *, #2824, .T. ) ;
#10401 = UNCERTAINTY_MEASURE_WITH_UNIT (LENGTH_MEASURE( 1.000000000000000082E-05 ), #7250, 'distance_accuracy_value', 'NONE');
#10402 =( GEOMETRIC_REPRESENTATION_CONTEXT ( 3 ) GLOBAL_UNCERTAINTY_ASSIGNED_CONTEXT ( ( #1080 ) ) GLOBAL_UNIT_ASSIGNED_CONTEXT ( ( #4847, #307, #8914 ) ) REPRESENTATION_CONTEXT ( 'NONE', 'WORKASPACE' ) );
#10403 = CARTESIAN_POINT ( 'NONE',  ( -0.4666259133354898614, -0.6250000000000000000, 0.7985584878726350588 ) ) ;
#10404 = FILL_AREA_STYLE_COLOUR ( '', #7737 ) ;
#10405 = ADVANCED_FACE ( 'NONE', ( #8208 ), #9016, .F. ) ;
#10406 = COLOUR_RGB ( '',0.0000000000000000000, 0.0000000000000000000, 0.0000000000000000000 ) ;
#10407 = CARTESIAN_POINT ( 'NONE',  ( -0.2383643921062167659, -0.6250000000000000000, 0.7510762096942074084 ) ) ;
#10408 = DIRECTION ( 'NONE',  ( -0.3283461648125114429, -0.0000000000000000000, 0.9445574604294409982 ) ) ;
#10409 = CARTESIAN_POINT ( 'NONE',  ( -0.3145093301779258166, -0.6260000000000000009, 0.8508236524662153855 ) ) ;
#10410 = PRESENTATION_STYLE_ASSIGNMENT (( #11327 ) ) ;
#10411 = FACE_BOUND ( 'NONE', #1898, .T. ) ;
#10412 = ORIENTED_EDGE ( 'NONE', *, *, #9137, .F. ) ;
#10413 = UNCERTAINTY_MEASURE_WITH_UNIT (LENGTH_MEASURE( 1.000000000000000082E-05 ), #2860, 'distance_accuracy_value', 'NONE');
#10414 = EDGE_LOOP ( 'NONE', ( #3923, #5144, #9809, #7126, #10628, #9599, #1723 ) ) ;
#10415 = CARTESIAN_POINT ( 'NONE',  ( -0.4036512422038037173, -0.6260000000000000009, 0.7259140681193632094 ) ) ;
#10416 = MECHANICAL_DESIGN_GEOMETRIC_PRESENTATION_REPRESENTATION (  '', ( #3126 ), #9423 ) ;
#10417 = SURFACE_STYLE_FILL_AREA ( #2179 ) ;
#10418 = DIRECTION ( 'NONE',  ( -0.0000000000000000000, 1.000000000000000000, -0.0000000000000000000 ) ) ;
#10419 = DIRECTION ( 'NONE',  ( -1.000000000000000000, -0.0000000000000000000, -0.0000000000000000000 ) ) ;
#10420 = ORIENTED_EDGE ( 'NONE', *, *, #3453, .T. ) ;
#10421 = CARTESIAN_POINT ( 'NONE',  ( -0.4307889238197114001, -0.6250000000000000000, 0.7052922027790106130 ) ) ;
#10422 = CARTESIAN_POINT ( 'NONE',  ( -0.3337621809286344110, -0.6260000000000000009, 0.7317020538534013685 ) ) ;
#10423 = ORIENTED_EDGE ( 'NONE', *, *, #5181, .F. ) ;
#10424 = PLANE ( 'NONE',  #7691 ) ;
#10425 = EDGE_CURVE ( 'NONE', #456, #7921, #2739, .T. ) ;
#10426 = ORIENTED_EDGE ( 'NONE', *, *, #11740, .T. ) ;
#10427 = CARTESIAN_POINT ( 'NONE',  ( -0.3725278219086046727, -0.6250000000000000000, 0.8586218368384853639 ) ) ;
#10428 = UNCERTAINTY_MEASURE_WITH_UNIT (LENGTH_MEASURE( 1.000000000000000082E-05 ), #8287, 'distance_accuracy_value', 'NONE');
#10429 = ORIENTED_EDGE ( 'NONE', *, *, #5567, .F. ) ;
#10430 = PRESENTATION_LAYER_ASSIGNMENT (  '', '', ( #5309 ) ) ;
#10431 = CARTESIAN_POINT ( 'NONE',  ( -0.3577112716011067173, -0.6260000000000000009, 0.7259140681193632094 ) ) ;
#10432 = SURFACE_SIDE_STYLE ('',( #3846 ) ) ;
#10433 = CARTESIAN_POINT ( 'NONE',  ( -0.6181389378325995443, -0.6260000000000000009, 0.7399243799617344353 ) ) ;
#10434 = CARTESIAN_POINT ( 'NONE',  ( -0.7342998998475077643, -0.6260000000000000009, 0.8016198380885017905 ) ) ;
#10435 = EDGE_CURVE ( 'NONE', #791, #11453, #157, .T. ) ;
#10436 = DIRECTION ( 'NONE',  ( 1.000000000000000000, 0.0000000000000000000, -0.0000000000000000000 ) ) ;
#10437 = SURFACE_STYLE_USAGE ( .BOTH. , #6556 ) ;
#10438 = SURFACE_STYLE_USAGE ( .BOTH. , #9329 ) ;
#10439 = LINE ( 'NONE', #12099, #3378 ) ;
#10440 = CARTESIAN_POINT ( 'NONE',  ( -0.3614717293985583169, -0.6250000000000000000, 0.7328111289642612602 ) ) ;
#10441 = CARTESIAN_POINT ( 'NONE',  ( -0.2876315880412645409, -0.6250000000000000000, 0.7510762096942074084 ) ) ;
#10442 = CARTESIAN_POINT ( 'NONE',  ( -0.7362278900963092898, -0.6250000000000000000, 0.8522293614788092331 ) ) ;
#10443 = EDGE_LOOP ( 'NONE', ( #11911, #7361, #3763, #10426 ) ) ;
#10444 = ORIENTED_EDGE ( 'NONE', *, *, #4279, .T. ) ;
#10445 = CARTESIAN_POINT ( 'NONE',  ( -0.4335962701938034236, -0.6250000000000000000, 0.8431294438854585183 ) ) ;
#10446 = CARTESIAN_POINT ( 'NONE',  ( -0.5607814577652890931, -0.6250000000000000000, 0.7302844471044068753 ) ) ;
#10447 = CARTESIAN_POINT ( 'NONE',  ( -0.4117093660553193257, -0.6260000000000000009, 0.7060546919176969860 ) ) ;
#10448 = CARTESIAN_POINT ( 'NONE',  ( -0.2546366034969794190, -0.6260000000000000009, 0.7908296206947073026 ) ) ;
#10449 = LINE ( 'NONE', #5768, #11664 ) ;
#10450 = PRESENTATION_STYLE_ASSIGNMENT (( #7662 ) ) ;
#10451 = ORIENTED_EDGE ( 'NONE', *, *, #1630, .F. ) ;
#10452 = AXIS2_PLACEMENT_3D ( 'NONE', #282, #4095, #3971 ) ;
#10453 =( GEOMETRIC_REPRESENTATION_CONTEXT ( 3 ) GLOBAL_UNCERTAINTY_ASSIGNED_CONTEXT ( ( #969 ) ) GLOBAL_UNIT_ASSIGNED_CONTEXT ( ( #5217, #9021, #658 ) ) REPRESENTATION_CONTEXT ( 'NONE', 'WORKASPACE' ) );
#10454 = VERTEX_POINT ( 'NONE', #11415 ) ;
#10455 = VERTEX_POINT ( 'NONE', #11296 ) ;
#10456 = CARTESIAN_POINT ( 'NONE',  ( -0.3715747104854764671, -0.6260000000000000009, 0.7213391332872367556 ) ) ;
#10457 = EDGE_CURVE ( 'NONE', #11456, #5734, #1719, .T. ) ;
#10458 = PRESENTATION_LAYER_ASSIGNMENT (  '', '', ( #11640 ) ) ;
#10459 =( GEOMETRIC_REPRESENTATION_CONTEXT ( 3 ) GLOBAL_UNCERTAINTY_ASSIGNED_CONTEXT ( ( #2609 ) ) GLOBAL_UNIT_ASSIGNED_CONTEXT ( ( #352, #2152, #11556 ) ) REPRESENTATION_CONTEXT ( 'NONE', 'WORKASPACE' ) );
#10460 = LINE ( 'NONE', #3187, #4032 ) ;
#10461 = STYLED_ITEM ( 'NONE', ( #7194 ), #328 ) ;
#10462 = CARTESIAN_POINT ( 'NONE',  ( -0.3614717293985583169, -0.6250000000000000000, 0.7107336025408754754 ) ) ;
#10463 = PRESENTATION_STYLE_ASSIGNMENT (( #5841 ) ) ;
#10464 = DIRECTION ( 'NONE',  ( -0.0000000000000000000, 1.000000000000000000, -0.0000000000000000000 ) ) ;
#10465 = LINE ( 'NONE', #2899, #10965 ) ;
#10466 = CARTESIAN_POINT ( 'NONE',  ( -0.3722678824295896360, -0.6250000000000000000, 0.6821402598423972341 ) ) ;
#10467 = EDGE_CURVE ( 'NONE', #10668, #8450, #7523, .T. ) ;
#10468 = CARTESIAN_POINT ( 'NONE',  ( -0.4212578095868090289, -0.6250000000000000000, 0.7313208092840556285 ) ) ;
#10469 =( GEOMETRIC_REPRESENTATION_CONTEXT ( 3 ) GLOBAL_UNCERTAINTY_ASSIGNED_CONTEXT ( ( #3756 ) ) GLOBAL_UNIT_ASSIGNED_CONTEXT ( ( #3635, #8239, #4490 ) ) REPRESENTATION_CONTEXT ( 'NONE', 'WORKASPACE' ) );
#10470 = UNCERTAINTY_MEASURE_WITH_UNIT (LENGTH_MEASURE( 1.000000000000000082E-05 ), #3462, 'distance_accuracy_value', 'NONE');
#10471 = ORIENTED_EDGE ( 'NONE', *, *, #28, .T. ) ;
#10472 = ORIENTED_EDGE ( 'NONE', *, *, #2368, .T. ) ;
#10473 = EDGE_CURVE ( 'NONE', #9103, #3944, #8321, .T. ) ;
#10474 = AXIS2_PLACEMENT_3D ( 'NONE', #3832, #388, #4737 ) ;
#10475 = SURFACE_SIDE_STYLE ('',( #3939 ) ) ;
#10476 = STYLED_ITEM ( 'NONE', ( #11188 ), #6682 ) ;
#10477 = VERTEX_POINT ( 'NONE', #10495 ) ;
#10478 = LINE ( 'NONE', #6893, #3640 ) ;
#10479 =( LENGTH_UNIT ( ) NAMED_UNIT ( * ) SI_UNIT ( .MILLI., .METRE. ) );
#10480 = CARTESIAN_POINT ( 'NONE',  ( -0.1933948622259264172, -0.6250000000000000000, 0.7420996330167346500 ) ) ;
#10481 = CARTESIAN_POINT ( 'NONE',  ( -0.4003760047674415068, -0.6250000000000000000, 0.7029354181686063852 ) ) ;
#10482 = VERTEX_POINT ( 'NONE', #7644 ) ;
#10483 = CARTESIAN_POINT ( 'NONE',  ( -0.1794101182516885662, -0.6260000000000000009, 0.6832839935504295692 ) ) ;
#10484 = ORIENTED_EDGE ( 'NONE', *, *, #8824, .T. ) ;
#10485 = SURFACE_STYLE_USAGE ( .BOTH. , #7953 ) ;
#10486 = VERTEX_POINT ( 'NONE', #2870 ) ;
#10487 = LINE ( 'NONE', #2701, #4637 ) ;
#10488 = COLOUR_RGB ( '',0.0000000000000000000, 0.0000000000000000000, 0.0000000000000000000 ) ;
#10489 = CARTESIAN_POINT ( 'NONE',  ( -0.4260580253005465945, -0.6260000000000000009, 0.7283055113269394365 ) ) ;
#10490 = CARTESIAN_POINT ( 'NONE',  ( -0.2197180668069256271, -0.6250000000000000000, 0.6832839935504295692 ) ) ;
#10491 = SURFACE_STYLE_FILL_AREA ( #5746 ) ;
#10492 = DIRECTION ( 'NONE',  ( -0.0000000000000000000, -0.0000000000000000000, 1.000000000000000000 ) ) ;
#10493 = ADVANCED_FACE ( 'NONE', ( #6553 ), #7591, .F. ) ;
#10494 = FACE_OUTER_BOUND ( 'NONE', #8888, .T. ) ;
#10495 = CARTESIAN_POINT ( 'NONE',  ( -0.2383643921062167659, -0.6260000000000000009, 0.6832839935504295692 ) ) ;
#10496 = MECHANICAL_DESIGN_GEOMETRIC_PRESENTATION_REPRESENTATION (  '', ( #5773 ), #2260 ) ;
#10497 = PRESENTATION_LAYER_ASSIGNMENT (  '', '', ( #8913 ) ) ;
#10498 = PRESENTATION_STYLE_ASSIGNMENT (( #9567 ) ) ;
#10499 = FACE_OUTER_BOUND ( 'NONE', #9483, .T. ) ;
#10500 = STYLED_ITEM ( 'NONE', ( #1762 ), #8106 ) ;
#10501 = CARTESIAN_POINT ( 'NONE',  ( -0.3803779941768622441, -0.6250000000000000000, 0.6937508899076439972 ) ) ;
#10502 = CARTESIAN_POINT ( 'NONE',  ( -0.7429758283868642676, -0.6260000000000000009, 0.8449994256261689207 ) ) ;
#10503 = ORIENTED_EDGE ( 'NONE', *, *, #7854, .F. ) ;
#10504 = ORIENTED_EDGE ( 'NONE', *, *, #3644, .T. ) ;
#10505 = B_SPLINE_CURVE_WITH_KNOTS ( 'NONE', 3,
 ( #7193, #1566, #1751, #5283 ),
 .UNSPECIFIED., .F., .F.,
 ( 4, 4 ),
 ( 1.000000000000000000, 2.000000000000000000 ),
 .UNSPECIFIED. ) ;
#10506 = CARTESIAN_POINT ( 'NONE',  ( -0.3860966627165586806, -0.6260000000000000009, 0.8478430131062688613 ) ) ;
#10507 = MECHANICAL_DESIGN_GEOMETRIC_PRESENTATION_REPRESENTATION (  '', ( #3811 ), #8317 ) ;
#10508 = PRESENTATION_LAYER_ASSIGNMENT (  '', '', ( #2070 ) ) ;
#10509 = DIRECTION ( 'NONE',  ( -0.0000000000000000000, 1.000000000000000000, -0.0000000000000000000 ) ) ;
#10510 = SURFACE_STYLE_FILL_AREA ( #6740 ) ;
#10511 = CARTESIAN_POINT ( 'NONE',  ( -0.4212751388853936962, -0.6260000000000000009, 0.7239385280783022791 ) ) ;
#10512 = SURFACE_STYLE_USAGE ( .BOTH. , #6743 ) ;
#10513 = SURFACE_SIDE_STYLE ('',( #2337 ) ) ;
#10514 = ORIENTED_EDGE ( 'NONE', *, *, #6292, .F. ) ;
#10515 = ORIENTED_EDGE ( 'NONE', *, *, #1606, .T. ) ;
#10516 = VECTOR ( 'NONE', #4121, 1000.000000000000000 ) ;
#10517 = ORIENTED_EDGE ( 'NONE', *, *, #272, .T. ) ;
#10518 = ORIENTED_EDGE ( 'NONE', *, *, #10473, .F. ) ;
#10519 = UNCERTAINTY_MEASURE_WITH_UNIT (LENGTH_MEASURE( 1.000000000000000082E-05 ), #4452, 'distance_accuracy_value', 'NONE');
#10520 = CARTESIAN_POINT ( 'NONE',  ( -0.7945493744813603154, -0.6260000000000000009, 0.6878688363051529420 ) ) ;
#10521 = COLOUR_RGB ( '',0.0000000000000000000, 0.0000000000000000000, 0.0000000000000000000 ) ;
#10522 = LINE ( 'NONE', #1206, #8316 ) ;
#10523 = CARTESIAN_POINT ( 'NONE',  ( -0.3198467541487413079, -0.6260000000000000009, 0.6913247881028975472 ) ) ;
#10524 = LINE ( 'NONE', #5101, #2845 ) ;
#10525 = CARTESIAN_POINT ( 'NONE',  ( -0.3803260062811051334, -0.6260000000000000009, 0.7156551233447130400 ) ) ;
#10526 = EDGE_CURVE ( 'NONE', #8242, #7582, #718, .T. ) ;
#10527 = CARTESIAN_POINT ( 'NONE',  ( -0.4003760047674415068, -0.6260000000000000009, 0.6907702505476974730 ) ) ;
#10528 = FILL_AREA_STYLE_COLOUR ( '', #3697 ) ;
#10529 = DIRECTION ( 'NONE',  ( -1.000000000000000000, -0.0000000000000000000, -0.0000000000000000000 ) ) ;
#10530 = EDGE_CURVE ( 'NONE', #8773, #1602, #8853, .T. ) ;
#10531 =( NAMED_UNIT ( * ) PLANE_ANGLE_UNIT ( ) SI_UNIT ( $, .RADIAN. ) );
#10532 = ORIENTED_EDGE ( 'NONE', *, *, #1538, .F. ) ;
#10533 = VECTOR ( 'NONE', #8034, 1000.000000000000000 ) ;
#10534 = VERTEX_POINT ( 'NONE', #2984 ) ;
#10535 = UNCERTAINTY_MEASURE_WITH_UNIT (LENGTH_MEASURE( 1.000000000000000082E-05 ), #7589, 'distance_accuracy_value', 'NONE');
#10536 =( GEOMETRIC_REPRESENTATION_CONTEXT ( 3 ) GLOBAL_UNCERTAINTY_ASSIGNED_CONTEXT ( ( #5861 ) ) GLOBAL_UNIT_ASSIGNED_CONTEXT ( ( #3046, #3679, #1761 ) ) REPRESENTATION_CONTEXT ( 'NONE', 'WORKASPACE' ) );
#10537 = ORIENTED_EDGE ( 'NONE', *, *, #10770, .F. ) ;
#10538 = LINE ( 'NONE', #7811, #4662 ) ;
#10539 = B_SPLINE_CURVE_WITH_KNOTS ( 'NONE', 3,
 ( #9464, #4780, #6878, #9721 ),
 .UNSPECIFIED., .F., .F.,
 ( 4, 4 ),
 ( 24.00000000000000000, 25.00000000000000000 ),
 .UNSPECIFIED. ) ;
#10540 = B_SPLINE_CURVE_WITH_KNOTS ( 'NONE', 3,
 ( #8223, #3555, #12052, #8334 ),
 .UNSPECIFIED., .F., .F.,
 ( 4, 4 ),
 ( 3.000000000000000000, 4.000000000000000000 ),
 .UNSPECIFIED. ) ;
#10541 = SURFACE_STYLE_FILL_AREA ( #3273 ) ;
#10542 = MECHANICAL_DESIGN_GEOMETRIC_PRESENTATION_REPRESENTATION (  '', ( #381 ), #8345 ) ;
#10543 = SURFACE_SIDE_STYLE ('',( #1223 ) ) ;
#10544 = CARTESIAN_POINT ( 'NONE',  ( -0.4307889238197114001, -0.6250000000000000000, 0.7052922027790106130 ) ) ;
#10545 = CARTESIAN_POINT ( 'NONE',  ( -0.2087486207902680690, -0.6260000000000000009, 0.7510762096942072974 ) ) ;
#10546 = ORIENTED_EDGE ( 'NONE', *, *, #6172, .T. ) ;
#10547 = CARTESIAN_POINT ( 'NONE',  ( -0.3785064299275447408, -0.6250000000000000000, 0.7263646298830482850 ) ) ;
#10548 = DIRECTION ( 'NONE',  ( -1.000000000000000000, -0.0000000000000000000, -0.0000000000000000000 ) ) ;
#10549 = ORIENTED_EDGE ( 'NONE', *, *, #383, .F. ) ;
#10550 = UNCERTAINTY_MEASURE_WITH_UNIT (LENGTH_MEASURE( 1.000000000000000082E-05 ), #7401, 'distance_accuracy_value', 'NONE');
#10551 = VERTEX_POINT ( 'NONE', #1008 ) ;
#10552 = CARTESIAN_POINT ( 'NONE',  ( -0.3228447228072724995, -0.6260000000000000009, 0.6656427675700233859 ) ) ;
#10553 =( GEOMETRIC_REPRESENTATION_CONTEXT ( 3 ) GLOBAL_UNCERTAINTY_ASSIGNED_CONTEXT ( ( #7702 ) ) GLOBAL_UNIT_ASSIGNED_CONTEXT ( ( #5808, #1176, #262 ) ) REPRESENTATION_CONTEXT ( 'NONE', 'WORKASPACE' ) );
#10554 =( NAMED_UNIT ( * ) SI_UNIT ( $, .STERADIAN. ) SOLID_ANGLE_UNIT ( ) );
#10555 = DIRECTION ( 'NONE',  ( -0.0000000000000000000, 1.000000000000000000, -0.0000000000000000000 ) ) ;
#10556 = FACE_OUTER_BOUND ( 'NONE', #11579, .T. ) ;
#10557 = DIRECTION ( 'NONE',  ( -0.0000000000000000000, 0.0000000000000000000, 1.000000000000000000 ) ) ;
#10558 = DIRECTION ( 'NONE',  ( 0.0000000000000000000, 0.0000000000000000000, -1.000000000000000000 ) ) ;
#10559 = EDGE_LOOP ( 'NONE', ( #11534, #7378, #9405, #11837 ) ) ;
#10560 = EDGE_CURVE ( 'NONE', #1602, #6344, #8259, .T. ) ;
#10561 = CARTESIAN_POINT ( 'NONE',  ( -0.2876315880412645409, -0.6260000000000000009, 0.7510762096942074084 ) ) ;
#10562 = FACE_OUTER_BOUND ( 'NONE', #6241, .T. ) ;
#10563 = CARTESIAN_POINT ( 'NONE',  ( -0.8080452418693617744, -0.6250000000000000000, 0.7408883750859042161 ) ) ;
#10564 = PLANE ( 'NONE',  #9867 ) ;
#10565 = CARTESIAN_POINT ( 'NONE',  ( -0.7791254984578782627, -0.6260000000000000009, 0.7163065913478932067 ) ) ;
#10566 = CARTESIAN_POINT ( 'NONE',  ( -0.3476776077087617156, -0.6250000000000000000, 0.6996428514336568982 ) ) ;
#10567 = VERTEX_POINT ( 'NONE', #3899 ) ;
#10568 = ORIENTED_EDGE ( 'NONE', *, *, #12026, .T. ) ;
#10569 = CARTESIAN_POINT ( 'NONE',  ( -0.3046662885702537404, -0.6260000000000000009, 0.7985584878726350588 ) ) ;
#10570 = CARTESIAN_POINT ( 'NONE',  ( -0.3381638227744444558, -0.6260000000000000009, 0.6604786365855273012 ) ) ;
#10571 = FILL_AREA_STYLE ('',( #3173 ) ) ;
#10572 = CARTESIAN_POINT ( 'NONE',  ( -0.7530977312262576717, -0.6260000000000000009, 0.8372874968076522428 ) ) ;
#10573 = PRESENTATION_STYLE_ASSIGNMENT (( #3303 ) ) ;
#10574 =( LENGTH_UNIT ( ) NAMED_UNIT ( * ) SI_UNIT ( .MILLI., .METRE. ) );
#10575 = PLANE ( 'NONE',  #6931 ) ;
#10576 = CARTESIAN_POINT ( 'NONE',  ( -0.8384109871606698627, -0.6250000000000000000, 0.7596861880784363530 ) ) ;
#10577 = ORIENTED_EDGE ( 'NONE', *, *, #11193, .F. ) ;
#10578 = ADVANCED_FACE ( 'NONE', ( #3658 ), #1851, .F. ) ;
#10579 = ORIENTED_EDGE ( 'NONE', *, *, #9646, .F. ) ;
#10580 = CARTESIAN_POINT ( 'NONE',  ( -0.4753772091311208592, -0.6260000000000000009, 0.7908296206947073026 ) ) ;
#10581 = ORIENTED_EDGE ( 'NONE', *, *, #10677, .F. ) ;
#10582 = VECTOR ( 'NONE', #7436, 1000.000000000000000 ) ;
#10583 = DIRECTION ( 'NONE',  ( 0.0000000000000000000, -0.0000000000000000000, 1.000000000000000000 ) ) ;
#10584 = DIRECTION ( 'NONE',  ( -0.3559357243698743622, 0.0000000000000000000, 0.9345104387417472180 ) ) ;
#10585 = CARTESIAN_POINT ( 'NONE',  ( -0.3198467541487413079, -0.6250000000000000000, 0.6913247881028975472 ) ) ;
#10586 = SURFACE_STYLE_USAGE ( .BOTH. , #494 ) ;
#10587 = EDGE_CURVE ( 'NONE', #9448, #9390, #5010, .T. ) ;
#10588 = VECTOR ( 'NONE', #7820, 1000.000000000000000 ) ;
#10589 =( NAMED_UNIT ( * ) SI_UNIT ( $, .STERADIAN. ) SOLID_ANGLE_UNIT ( ) );
#10590 =( GEOMETRIC_REPRESENTATION_CONTEXT ( 3 ) GLOBAL_UNCERTAINTY_ASSIGNED_CONTEXT ( ( #8466 ) ) GLOBAL_UNIT_ASSIGNED_CONTEXT ( ( #9280, #9161, #10206 ) ) REPRESENTATION_CONTEXT ( 'NONE', 'WORKASPACE' ) );
#10591 = PRESENTATION_STYLE_ASSIGNMENT (( #8962 ) ) ;
#10592 = EDGE_LOOP ( 'NONE', ( #5893, #6662, #10340, #11054 ) ) ;
#10593 = EDGE_LOOP ( 'NONE', ( #2341, #883, #7609, #1666 ) ) ;
#10594 = MECHANICAL_DESIGN_GEOMETRIC_PRESENTATION_REPRESENTATION (  '', ( #11780 ), #5868 ) ;
#10595 = PRESENTATION_LAYER_ASSIGNMENT (  '', '', ( #5083 ) ) ;
#10596 = EDGE_CURVE ( 'NONE', #11500, #8690, #6909, .T. ) ;
#10597 = CARTESIAN_POINT ( 'NONE',  ( -0.4184158046155468380, -0.6250000000000000000, 0.7045297136403215754 ) ) ;
#10598 = DIRECTION ( 'NONE',  ( -0.0000000000000000000, 0.0000000000000000000, -1.000000000000000000 ) ) ;
#10599 = CARTESIAN_POINT ( 'NONE',  ( -0.1933948622259264172, -0.6260000000000000009, 0.6927804491859308467 ) ) ;
#10600 = PRESENTATION_STYLE_ASSIGNMENT (( #389 ) ) ;
#10601 = EDGE_LOOP ( 'NONE', ( #11455, #7075, #8611, #9490 ) ) ;
#10602 = CARTESIAN_POINT ( 'NONE',  ( -0.8080452418693617744, -0.6260000000000000009, 0.7606502015892858681 ) ) ;
#10603 = UNCERTAINTY_MEASURE_WITH_UNIT (LENGTH_MEASURE( 1.000000000000000082E-05 ), #5161, 'distance_accuracy_value', 'NONE');
#10604 = VECTOR ( 'NONE', #3700, 1000.000000000000000 ) ;
#10605 = ORIENTED_EDGE ( 'NONE', *, *, #8824, .F. ) ;
#10606 = LINE ( 'NONE', #1422, #3017 ) ;
#10607 = ORIENTED_EDGE ( 'NONE', *, *, #2504, .F. ) ;
#10608 = PRESENTATION_STYLE_ASSIGNMENT (( #1114 ) ) ;
#10609 = EDGE_CURVE ( 'NONE', #10482, #568, #3955, .T. ) ;
#10610 = CARTESIAN_POINT ( 'NONE',  ( -0.4132343443324636434, -0.6260000000000000009, 0.6891066378816378402 ) ) ;
#10611 = DIRECTION ( 'NONE',  ( 0.0000000000000000000, 1.000000000000000000, 0.0000000000000000000 ) ) ;
#10612 = CARTESIAN_POINT ( 'NONE',  ( -0.2481207872214242216, -0.6260000000000000009, 0.8093719702024847473 ) ) ;
#10613 = SURFACE_STYLE_USAGE ( .BOTH. , #336 ) ;
#10614 = ORIENTED_EDGE ( 'NONE', *, *, #4619, .F. ) ;
#10615 = DIRECTION ( 'NONE',  ( -0.0000000000000000000, 1.000000000000000000, -0.0000000000000000000 ) ) ;
#10616 = CARTESIAN_POINT ( 'NONE',  ( -0.1489971991989588740, -0.6260000000000000009, 0.7424115603912743167 ) ) ;
#10617 = CARTESIAN_POINT ( 'NONE',  ( -0.4156951047343820371, -0.6260000000000000009, 0.7328111289642612602 ) ) ;
#10618 =( GEOMETRIC_REPRESENTATION_CONTEXT ( 3 ) GLOBAL_UNCERTAINTY_ASSIGNED_CONTEXT ( ( #8551 ) ) GLOBAL_UNIT_ASSIGNED_CONTEXT ( ( #7350, #11111, #6439 ) ) REPRESENTATION_CONTEXT ( 'NONE', 'WORKASPACE' ) );
#10619 = SURFACE_STYLE_FILL_AREA ( #6132 ) ;
#10620 = LINE ( 'NONE', #10799, #2236 ) ;
#10621 = VERTEX_POINT ( 'NONE', #4142 ) ;
#10622 = EDGE_LOOP ( 'NONE', ( #11702, #2050, #928, #10642 ) ) ;
#10623 = VECTOR ( 'NONE', #6668, 1000.000000000000000 ) ;
#10624 = CARTESIAN_POINT ( 'NONE',  ( -0.4281548704317070797, -0.6260000000000000009, 0.7989397324419789115 ) ) ;
#10625 = EDGE_CURVE ( 'NONE', #3858, #6793, #2266, .T. ) ;
#10626 = CARTESIAN_POINT ( 'NONE',  ( -0.3614717293985583169, -0.6260000000000000009, 0.6821402598423972341 ) ) ;
#10627 = CARTESIAN_POINT ( 'NONE',  ( -0.3211117929468702004, -0.6260000000000000009, 0.6953105267821917401 ) ) ;
#10628 = ORIENTED_EDGE ( 'NONE', *, *, #10301, .F. ) ;
#10629 = SURFACE_STYLE_FILL_AREA ( #9643 ) ;
#10630 = EDGE_LOOP ( 'NONE', ( #7313, #2273, #1013, #4249 ) ) ;
#10631 = CARTESIAN_POINT ( 'NONE',  ( -0.8075632626939560632, -0.6250000000000000000, 0.6955807605265391658 ) ) ;
#10632 = FILL_AREA_STYLE_COLOUR ( '', #12075 ) ;
#10633 =( NAMED_UNIT ( * ) PLANE_ANGLE_UNIT ( ) SI_UNIT ( $, .RADIAN. ) );
#10634 = FACE_OUTER_BOUND ( 'NONE', #4624, .T. ) ;
#10635 = CARTESIAN_POINT ( 'NONE',  ( -0.3779172337749439059, -0.6260000000000000009, 0.7109762127215346617 ) ) ;
#10636 = EDGE_CURVE ( 'NONE', #524, #3907, #6083, .T. ) ;
#10637 =( LENGTH_UNIT ( ) NAMED_UNIT ( * ) SI_UNIT ( .MILLI., .METRE. ) );
#10638 = SURFACE_STYLE_FILL_AREA ( #4053 ) ;
#10639 = ADVANCED_FACE ( 'NONE', ( #1240 ), #7835, .F. ) ;
#10640 = CARTESIAN_POINT ( 'NONE',  ( -0.3722678824295896360, -0.6260000000000000009, 0.6821402598423972341 ) ) ;
#10641 = SURFACE_STYLE_USAGE ( .BOTH. , #4056 ) ;
#10642 = ORIENTED_EDGE ( 'NONE', *, *, #7217, .T. ) ;
#10643 = EDGE_LOOP ( 'NONE', ( #11330, #11406, #5845, #8739 ) ) ;
#10644 = VECTOR ( 'NONE', #8308, 1000.000000000000000 ) ;
#10645 = FILL_AREA_STYLE ('',( #11581 ) ) ;
#10646 = VECTOR ( 'NONE', #8495, 1000.000000000000000 ) ;
#10647 = B_SPLINE_CURVE_WITH_KNOTS ( 'NONE', 3,
 ( #8840, #4177, #4302, #10585 ),
 .UNSPECIFIED., .F., .F.,
 ( 4, 4 ),
 ( 12.00000000000000000, 13.00000000000000000 ),
 .UNSPECIFIED. ) ;
#10648 = CARTESIAN_POINT ( 'NONE',  ( -0.3614717293985583169, -0.6250000000000000000, 0.7328111289642612602 ) ) ;
#10649 = CARTESIAN_POINT ( 'NONE',  ( -0.3637765261129762284, -0.6250000000000000000, 0.8213638448370749190 ) ) ;
#10650 = DIRECTION ( 'NONE',  ( -0.0000000000000000000, -0.0000000000000000000, 1.000000000000000000 ) ) ;
#10651 = COLOUR_RGB ( '',0.0000000000000000000, 0.0000000000000000000, 0.0000000000000000000 ) ;
#10652 = COLOUR_RGB ( '',0.0000000000000000000, 0.0000000000000000000, 0.0000000000000000000 ) ;
#10653 = FILL_AREA_STYLE ('',( #7759 ) ) ;
#10654 = AXIS2_PLACEMENT_3D ( 'NONE', #7927, #10821, #9911 ) ;
#10655 = CARTESIAN_POINT ( 'NONE',  ( -0.3614717293985583169, -0.6250000000000000000, 0.6821402598423972341 ) ) ;
#10656 = FILL_AREA_STYLE_COLOUR ( '', #11975 ) ;
#10657 = ORIENTED_EDGE ( 'NONE', *, *, #10596, .F. ) ;
#10658 =( NAMED_UNIT ( * ) PLANE_ANGLE_UNIT ( ) SI_UNIT ( $, .RADIAN. ) );
#10659 = ORIENTED_EDGE ( 'NONE', *, *, #7467, .T. ) ;
#10660 = UNCERTAINTY_MEASURE_WITH_UNIT (LENGTH_MEASURE( 1.000000000000000082E-05 ), #2317, 'distance_accuracy_value', 'NONE');
#10661 = EDGE_LOOP ( 'NONE', ( #10568, #1481, #3833, #7762 ) ) ;
#10662 = CARTESIAN_POINT ( 'NONE',  ( -0.7791254984578782627, -0.6260000000000000009, 0.7163065913478932067 ) ) ;
#10663 = ADVANCED_FACE ( 'NONE', ( #8620 ), #3721, .F. ) ;
#10664 = PRESENTATION_LAYER_ASSIGNMENT (  '', '', ( #5754 ) ) ;
#10665 = COLOUR_RGB ( '',0.0000000000000000000, 0.0000000000000000000, 0.0000000000000000000 ) ;
#10666 = SURFACE_STYLE_USAGE ( .BOTH. , #9876 ) ;
#10667 = FILL_AREA_STYLE_COLOUR ( '', #5851 ) ;
#10668 = VERTEX_POINT ( 'NONE', #4391 ) ;
#10669 = EDGE_CURVE ( 'NONE', #3590, #10250, #1124, .T. ) ;
#10670 = DIRECTION ( 'NONE',  ( -0.0000000000000000000, -0.0000000000000000000, -1.000000000000000000 ) ) ;
#10671 = LINE ( 'NONE', #11736, #4495 ) ;
#10672 = CARTESIAN_POINT ( 'NONE',  ( -0.3674676667158520149, -0.6260000000000000009, 0.7045643722374940188 ) ) ;
#10673 = EDGE_CURVE ( 'NONE', #3724, #6302, #763, .T. ) ;
#10674 = DIRECTION ( 'NONE',  ( -1.000000000000000000, 0.0000000000000000000, 0.0000000000000000000 ) ) ;
#10675 =( GEOMETRIC_REPRESENTATION_CONTEXT ( 3 ) GLOBAL_UNCERTAINTY_ASSIGNED_CONTEXT ( ( #10413 ) ) GLOBAL_UNIT_ASSIGNED_CONTEXT ( ( #2860, #203, #9435 ) ) REPRESENTATION_CONTEXT ( 'NONE', 'WORKASPACE' ) );
#10676 = LINE ( 'NONE', #9952, #9813 ) ;
#10677 = EDGE_CURVE ( 'NONE', #4007, #6028, #9357, .T. ) ;
#10678 = ORIENTED_EDGE ( 'NONE', *, *, #861, .F. ) ;
#10679 = AXIS2_PLACEMENT_3D ( 'NONE', #6798, #5141, #3164 ) ;
#10680 = EDGE_LOOP ( 'NONE', ( #4266, #3327, #4088, #8342 ) ) ;
#10681 =( LENGTH_UNIT ( ) NAMED_UNIT ( * ) SI_UNIT ( .MILLI., .METRE. ) );
#10682 =( GEOMETRIC_REPRESENTATION_CONTEXT ( 3 ) GLOBAL_UNCERTAINTY_ASSIGNED_CONTEXT ( ( #12071 ) ) GLOBAL_UNIT_ASSIGNED_CONTEXT ( ( #1891, #6430, #990 ) ) REPRESENTATION_CONTEXT ( 'NONE', 'WORKASPACE' ) );
#10683 = SURFACE_SIDE_STYLE ('',( #1196 ) ) ;
#10684 = CARTESIAN_POINT ( 'NONE',  ( -0.1865844478739556167, -0.6250000000000000000, 0.7361036956992085267 ) ) ;
#10685 = COLOUR_RGB ( '',0.0000000000000000000, 0.0000000000000000000, 0.0000000000000000000 ) ;
#10686 = LINE ( 'NONE', #10627, #9342 ) ;
#10687 = FILL_AREA_STYLE ('',( #3179 ) ) ;
#10688 = ORIENTED_EDGE ( 'NONE', *, *, #8463, .F. ) ;
#10689 = CARTESIAN_POINT ( 'NONE',  ( -0.4276696500706181348, -0.6250000000000000000, 0.8239632396281396653 ) ) ;
#10690 = ORIENTED_EDGE ( 'NONE', *, *, #2711, .F. ) ;
#10691 = COLOUR_RGB ( '',0.7529411764705882248, 0.7529411764705882248, 0.7529411764705882248 ) ;
#10692 = COLOUR_RGB ( '',0.7529411764705882248, 0.7529411764705882248, 0.7529411764705882248 ) ;
#10693 = DIRECTION ( 'NONE',  ( -0.0000000000000000000, 0.0000000000000000000, 1.000000000000000000 ) ) ;
#10694 = VECTOR ( 'NONE', #5531, 1000.000000000000000 ) ;
#10695 = EDGE_CURVE ( 'NONE', #11897, #11278, #3438, .T. ) ;
#10696 = EDGE_CURVE ( 'NONE', #8391, #8241, #5607, .T. ) ;
#10697 = FILL_AREA_STYLE ('',( #10632 ) ) ;
#10698 = SURFACE_STYLE_FILL_AREA ( #4050 ) ;
#10699 = CARTESIAN_POINT ( 'NONE',  ( -0.4294025799312514158, -0.6260000000000000009, 0.6884827831316356894 ) ) ;
#10700 =( GEOMETRIC_REPRESENTATION_CONTEXT ( 3 ) GLOBAL_UNCERTAINTY_ASSIGNED_CONTEXT ( ( #8738 ) ) GLOBAL_UNIT_ASSIGNED_CONTEXT ( ( #11130, #9158, #1806 ) ) REPRESENTATION_CONTEXT ( 'NONE', 'WORKASPACE' ) );
#10701 =( GEOMETRIC_REPRESENTATION_CONTEXT ( 3 ) GLOBAL_UNCERTAINTY_ASSIGNED_CONTEXT ( ( #1464 ) ) GLOBAL_UNIT_ASSIGNED_CONTEXT ( ( #3208, #10775, #10897 ) ) REPRESENTATION_CONTEXT ( 'NONE', 'WORKASPACE' ) );
#10702 = LINE ( 'NONE', #2407, #1513 ) ;
#10703 = FACE_OUTER_BOUND ( 'NONE', #8040, .T. ) ;
#10704 = LINE ( 'NONE', #6282, #3691 ) ;
#10705 = ORIENTED_EDGE ( 'NONE', *, *, #10950, .F. ) ;
#10706 = VECTOR ( 'NONE', #9956, 1000.000000000000000 ) ;
#10707 = CARTESIAN_POINT ( 'NONE',  ( -0.2788802922454052813, -0.6260000000000000009, 0.7138182176927964084 ) ) ;
#10708 = B_SPLINE_CURVE_WITH_KNOTS ( 'NONE', 3,
 ( #1450, #2527, #7064, #7987 ),
 .UNSPECIFIED., .F., .F.,
 ( 4, 4 ),
 ( 6.000000000000000000, 7.000000000000000000 ),
 .UNSPECIFIED. ) ;
#10709 = CARTESIAN_POINT ( 'NONE',  ( -0.5371636599578752946, -0.6250000000000000000, 0.7172705680853816990 ) ) ;
#10711 = EDGE_LOOP ( 'NONE', ( #3624, #2109, #11478, #10517 ) ) ;
#10710 = PRODUCT_DEFINITION_CONTEXT ( 'detailed design', #4253, 'design' ) ;
#10712 = ORIENTED_EDGE ( 'NONE', *, *, #9958, .T. ) ;
#10713 =( NAMED_UNIT ( * ) SI_UNIT ( $, .STERADIAN. ) SOLID_ANGLE_UNIT ( ) );
#10714 = COLOUR_RGB ( '',0.0000000000000000000, 0.0000000000000000000, 0.0000000000000000000 ) ;
#10715 = FILL_AREA_STYLE_COLOUR ( '', #1517 ) ;
#10716 = FACE_OUTER_BOUND ( 'NONE', #4630, .T. ) ;
#10717 = SURFACE_STYLE_USAGE ( .BOTH. , #7023 ) ;
#10718 =( NAMED_UNIT ( * ) PLANE_ANGLE_UNIT ( ) SI_UNIT ( $, .RADIAN. ) );
#10719 = SURFACE_STYLE_USAGE ( .BOTH. , #10901 ) ;
#10720 = DIRECTION ( 'NONE',  ( -0.5048830486499229497, 0.0000000000000000000, 0.8631877589412164653 ) ) ;
#10721 = ORIENTED_EDGE ( 'NONE', *, *, #6680, .T. ) ;
#10722 = CARTESIAN_POINT ( 'NONE',  ( -0.1492051507824478651, -0.6260000000000000009, 0.7424115603912743167 ) ) ;
#10723 = CARTESIAN_POINT ( 'NONE',  ( -0.2876315880412645409, -0.6260000000000000009, 0.7510762096942074084 ) ) ;
#10724 = UNCERTAINTY_MEASURE_WITH_UNIT (LENGTH_MEASURE( 1.000000000000000082E-05 ), #598, 'distance_accuracy_value', 'NONE');
#10725 = ORIENTED_EDGE ( 'NONE', *, *, #9417, .T. ) ;
#10726 = ORIENTED_EDGE ( 'NONE', *, *, #3649, .F. ) ;
#10727 = CARTESIAN_POINT ( 'NONE',  ( -0.3360323190458831544, -0.6260000000000000009, 0.6604786365855273012 ) ) ;
#10728 =( GEOMETRIC_REPRESENTATION_CONTEXT ( 3 ) GLOBAL_UNCERTAINTY_ASSIGNED_CONTEXT ( ( #8920 ) ) GLOBAL_UNIT_ASSIGNED_CONTEXT ( ( #9358, #1641, #5361 ) ) REPRESENTATION_CONTEXT ( 'NONE', 'WORKASPACE' ) );
#10729 = CARTESIAN_POINT ( 'NONE',  ( -0.4213617853783209188, -0.6260000000000000009, 0.6927457905887581813 ) ) ;
#10730 = CARTESIAN_POINT ( 'NONE',  ( -0.4095085451324154691, -0.6250000000000000000, 0.6891066378816378402 ) ) ;
#10731 = ORIENTED_EDGE ( 'NONE', *, *, #6201, .T. ) ;
#10732 = B_SPLINE_CURVE_WITH_KNOTS ( 'NONE', 3,
 ( #2369, #9802, #1415, #3457 ),
 .UNSPECIFIED., .F., .F.,
 ( 4, 4 ),
 ( 3.000000000000000000, 4.000000000000000000 ),
 .UNSPECIFIED. ) ;
#10733 = CARTESIAN_POINT ( 'NONE',  ( -0.7791254984578782627, -0.6260000000000000009, 0.7163065913478932067 ) ) ;
#10734 = SURFACE_SIDE_STYLE ('',( #11547 ) ) ;
#10735 =( NAMED_UNIT ( * ) PLANE_ANGLE_UNIT ( ) SI_UNIT ( $, .RADIAN. ) );
#10736 = SURFACE_SIDE_STYLE ('',( #4028 ) ) ;
#10737 = COLOUR_RGB ( '',0.0000000000000000000, 0.0000000000000000000, 0.0000000000000000000 ) ;
#10738 = ORIENTED_EDGE ( 'NONE', *, *, #11584, .F. ) ;
#10739 = ORIENTED_EDGE ( 'NONE', *, *, #5903, .T. ) ;
#10740 = B_SPLINE_SURFACE_WITH_KNOTS ( 'NONE', 3, 1, ( 
 ( #9356, #5840 ),
 ( #10525, #2103 ),
 ( #7744, #9532 ),
 ( #6880, #4908 ) ),
 .UNSPECIFIED., .F., .F., .F.,
 ( 4, 4 ),
 ( 2, 2 ),
 ( 5.000000000000000000, 6.000000000000000000 ),
 ( 0.0000000000000000000, 1.000000000000000000 ),
 .UNSPECIFIED. ) ;
#10741 = CARTESIAN_POINT ( 'NONE',  ( -0.3725278219086046172, -0.6260000000000000009, 0.7908296206947073026 ) ) ;
#10742 = ADVANCED_FACE ( 'NONE', ( #9125 ), #8037, .F. ) ;
#10743 = LINE ( 'NONE', #652, #1888 ) ;
#10744 = EDGE_CURVE ( 'NONE', #1813, #8701, #6699, .T. ) ;
#10745 = EDGE_CURVE ( 'NONE', #6711, #9448, #4016, .T. ) ;
#10746 = CARTESIAN_POINT ( 'NONE',  ( 1.000000000000000000, 0.6250000000000000000, 0.0000000000000000000 ) ) ;
#10747 =( NAMED_UNIT ( * ) PLANE_ANGLE_UNIT ( ) SI_UNIT ( $, .RADIAN. ) );
#10748 = DIRECTION ( 'NONE',  ( -0.0000000000000000000, 0.0000000000000000000, 1.000000000000000000 ) ) ;
#10749 = SURFACE_STYLE_FILL_AREA ( #5153 ) ;
#10750 = VERTEX_POINT ( 'NONE', #8714 ) ;
#10751 = ORIENTED_EDGE ( 'NONE', *, *, #2144, .T. ) ;
#10752 = DIRECTION ( 'NONE',  ( -0.0000000000000000000, 1.000000000000000000, -0.0000000000000000000 ) ) ;
#10753 = EDGE_LOOP ( 'NONE', ( #6192, #8303, #8312, #6734, #1716, #6432, #1941, #3522, #4834, #1353, #5433, #2760 ) ) ;
#10754 = FILL_AREA_STYLE_COLOUR ( '', #2496 ) ;
#10755 = EDGE_CURVE ( 'NONE', #9751, #7400, #5718, .T. ) ;
#10756 = PLANE ( 'NONE',  #2656 ) ;
#10757 = PRESENTATION_LAYER_ASSIGNMENT (  '', '', ( #9387 ) ) ;
#10758 = CARTESIAN_POINT ( 'NONE',  ( -0.3803260062811051334, -0.6260000000000000009, 0.7156551233447130400 ) ) ;
#10759 = PRESENTATION_STYLE_ASSIGNMENT (( #8906 ) ) ;
#10760 = CARTESIAN_POINT ( 'NONE',  ( -0.4307889238197114001, -0.6260000000000000009, 0.6962463089071945221 ) ) ;
#10761 = CARTESIAN_POINT ( 'NONE',  ( -0.3803779941768622441, -0.6250000000000000000, 0.6937508899076439972 ) ) ;
#10762 =( NAMED_UNIT ( * ) SI_UNIT ( $, .STERADIAN. ) SOLID_ANGLE_UNIT ( ) );
#10763 = CARTESIAN_POINT ( 'NONE',  ( -0.3803779941768622441, -0.6250000000000000000, 0.6849822648136615344 ) ) ;
#10764 = ORIENTED_EDGE ( 'NONE', *, *, #1964, .F. ) ;
#10765 = PLANE ( 'NONE',  #10203 ) ;
#10766 = CARTESIAN_POINT ( 'NONE',  ( -0.4003760047674415623, -0.6250000000000000000, 0.7140608278734577041 ) ) ;
#10767 = ORIENTED_EDGE ( 'NONE', *, *, #10587, .F. ) ;
#10768 = EDGE_LOOP ( 'NONE', ( #2613, #8229, #5366, #3229 ) ) ;
#10769 = CARTESIAN_POINT ( 'NONE',  ( -0.4221762624127674002, -0.6260000000000000009, 0.6946173548383072216 ) ) ;
#10770 = EDGE_CURVE ( 'NONE', #10286, #3935, #8591, .T. ) ;
#10771 = CARTESIAN_POINT ( 'NONE',  ( -0.2089912309704675397, -0.6250000000000000000, 0.6832839935504295692 ) ) ;
#10772 = VECTOR ( 'NONE', #10529, 1000.000000000000000 ) ;
#10773 = AXIS2_PLACEMENT_3D ( 'NONE', #2156, #286, #3974 ) ;
#10774 = ADVANCED_FACE ( 'NONE', ( #4973 ), #7443, .F. ) ;
#10775 =( NAMED_UNIT ( * ) PLANE_ANGLE_UNIT ( ) SI_UNIT ( $, .RADIAN. ) );
#10776 =( LENGTH_UNIT ( ) NAMED_UNIT ( * ) SI_UNIT ( .MILLI., .METRE. ) );
#10777 = FACE_OUTER_BOUND ( 'NONE', #6530, .T. ) ;
#10778 = ORIENTED_EDGE ( 'NONE', *, *, #4497, .T. ) ;
#10779 = STYLED_ITEM ( 'NONE', ( #6941 ), #1084 ) ;
#10780 = ORIENTED_EDGE ( 'NONE', *, *, #3241, .T. ) ;
#10781 = CARTESIAN_POINT ( 'NONE',  ( -0.5511415432948721937, -0.6260000000000000009, 0.8049937842506608154 ) ) ;
#10782 = UNCERTAINTY_MEASURE_WITH_UNIT (LENGTH_MEASURE( 1.000000000000000082E-05 ), #2091, 'distance_accuracy_value', 'NONE');
#10783 = ORIENTED_EDGE ( 'NONE', *, *, #10291, .T. ) ;
#10784 = CARTESIAN_POINT ( 'NONE',  ( -0.3228447228072724995, -0.6250000000000000000, 0.6656427675700233859 ) ) ;
#10785 = PRESENTATION_LAYER_ASSIGNMENT (  '', '', ( #4307 ) ) ;
#10786 = STYLED_ITEM ( 'NONE', ( #8173 ), #1210 ) ;
#10787 = PRESENTATION_STYLE_ASSIGNMENT (( #6060 ) ) ;
#10788 = CARTESIAN_POINT ( 'NONE',  ( 0.0000000000000000000, 0.0000000000000000000, 0.0000000000000000000 ) ) ;
#10789 = FILL_AREA_STYLE_COLOUR ( '', #4750 ) ;
#10790 = DIRECTION ( 'NONE',  ( 1.000000000000000000, -0.0000000000000000000, -0.0000000000000000000 ) ) ;
#10791 = EDGE_LOOP ( 'NONE', ( #9116, #4901, #7451, #326 ) ) ;
#10792 = FILL_AREA_STYLE_COLOUR ( '', #1072 ) ;
#10793 = ADVANCED_FACE ( 'NONE', ( #11448 ), #2954, .F. ) ;
#10794 = FILL_AREA_STYLE_COLOUR ( '', #4777 ) ;
#10795 =( NAMED_UNIT ( * ) SI_UNIT ( $, .STERADIAN. ) SOLID_ANGLE_UNIT ( ) );
#10796 = FACE_OUTER_BOUND ( 'NONE', #12030, .T. ) ;
#10797 = SURFACE_SIDE_STYLE ('',( #8882 ) ) ;
#10798 = CARTESIAN_POINT ( 'NONE',  ( -0.2788802922454052813, -0.6260000000000000009, 0.7138182176927964084 ) ) ;
#10799 = CARTESIAN_POINT ( 'NONE',  ( -0.1535894633296699674, -0.6260000000000000009, 0.7510762096942074084 ) ) ;
#10800 = ORIENTED_EDGE ( 'NONE', *, *, #10473, .T. ) ;
#10801 = SURFACE_STYLE_FILL_AREA ( #5206 ) ;
#10802 = VECTOR ( 'NONE', #780, 1000.000000000000000 ) ;
#10803 = EDGE_CURVE ( 'NONE', #5128, #4247, #5790, .T. ) ;
#10804 = CARTESIAN_POINT ( 'NONE',  ( -0.7342999090408477425, -0.6260000000000000009, 0.7177525564541258341 ) ) ;
#10805 = CARTESIAN_POINT ( 'NONE',  ( -0.4015890556698156200, -0.6250000000000000000, 0.6956571127543625943 ) ) ;
#10806 = LINE ( 'NONE', #6992, #8984 ) ;
#10807 = FILL_AREA_STYLE ('',( #6923 ) ) ;
#10808 = FILL_AREA_STYLE ('',( #10984 ) ) ;
#10809 = FILL_AREA_STYLE_COLOUR ( '', #294 ) ;
#10810 = DIRECTION ( 'NONE',  ( -0.0000000000000000000, 1.000000000000000000, -0.0000000000000000000 ) ) ;
#10811 =( NAMED_UNIT ( * ) SI_UNIT ( $, .STERADIAN. ) SOLID_ANGLE_UNIT ( ) );
#10812 = ORIENTED_EDGE ( 'NONE', *, *, #3299, .F. ) ;
#10813 = STYLED_ITEM ( 'NONE', ( #5645 ), #3078 ) ;
#10814 = FILL_AREA_STYLE ('',( #5222 ) ) ;
#10815 = ADVANCED_FACE ( 'NONE', ( #9788 ), #8842, .F. ) ;
#10816 = PRESENTATION_STYLE_ASSIGNMENT (( #2402 ) ) ;
#10817 = DIRECTION ( 'NONE',  ( 1.000000000000000000, -0.0000000000000000000, -0.0000000000000000000 ) ) ;
#10818 =( NAMED_UNIT ( * ) SI_UNIT ( $, .STERADIAN. ) SOLID_ANGLE_UNIT ( ) );
#10819 = DIRECTION ( 'NONE',  ( 0.3315284183576487909, -0.0000000000000000000, 0.9434452330799470987 ) ) ;
#10820 = CARTESIAN_POINT ( 'NONE',  ( -0.4307889238197114001, -0.6260000000000000009, 0.6919139842557298081 ) ) ;
#10821 = DIRECTION ( 'NONE',  ( 0.0000000000000000000, 0.0000000000000000000, 1.000000000000000000 ) ) ;
#10822 = DIRECTION ( 'NONE',  ( -0.0000000000000000000, 0.0000000000000000000, 1.000000000000000000 ) ) ;
#10823 = ORIENTED_EDGE ( 'NONE', *, *, #365, .T. ) ;
#10824 = PRESENTATION_LAYER_ASSIGNMENT (  '', '', ( #3355 ) ) ;
#10825 = SURFACE_STYLE_FILL_AREA ( #7869 ) ;
#10826 = B_SPLINE_CURVE_WITH_KNOTS ( 'NONE', 3,
 ( #11731, #8993, #2264, #10911 ),
 .UNSPECIFIED., .F., .F.,
 ( 4, 4 ),
 ( 8.000000000000000000, 9.000000000000000000 ),
 .UNSPECIFIED. ) ;
#10827 =( LENGTH_UNIT ( ) NAMED_UNIT ( * ) SI_UNIT ( .MILLI., .METRE. ) );
#10828 = EDGE_CURVE ( 'NONE', #5627, #2950, #560, .T. ) ;
#10830 = ORIENTED_EDGE ( 'NONE', *, *, #4126, .F. ) ;
#10829 = UNCERTAINTY_MEASURE_WITH_UNIT (LENGTH_MEASURE( 1.000000000000000082E-05 ), #8943, 'distance_accuracy_value', 'NONE');
#10831 = EDGE_LOOP ( 'NONE', ( #4761, #11781, #11069, #6318, #470, #9870, #3085, #8758 ) ) ;
#10832 = DIRECTION ( 'NONE',  ( -0.0000000000000000000, 0.0000000000000000000, -1.000000000000000000 ) ) ;
#10833 = COLOUR_RGB ( '',0.0000000000000000000, 0.0000000000000000000, 0.0000000000000000000 ) ;
#10834 = LINE ( 'NONE', #7940, #10516 ) ;
#10835 =( NAMED_UNIT ( * ) SI_UNIT ( $, .STERADIAN. ) SOLID_ANGLE_UNIT ( ) );
#10836 = ADVANCED_FACE ( 'NONE', ( #7801 ), #4607, .F. ) ;
#10837 = CARTESIAN_POINT ( 'NONE',  ( 0.0000000000000000000, 0.0000000000000000000, -0.01000000000000000021 ) ) ;
#10838 = DIRECTION ( 'NONE',  ( -0.0000000000000000000, -0.0000000000000000000, 1.000000000000000000 ) ) ;
#10839 = B_SPLINE_SURFACE_WITH_KNOTS ( 'NONE', 3, 1, ( 
 ( #11494, #9957 ),
 ( #6989, #2394 ),
 ( #3424, #10926 ),
 ( #9835, #8891 ) ),
 .UNSPECIFIED., .F., .F., .F.,
 ( 4, 4 ),
 ( 2, 2 ),
 ( 1.000000000000000000, 2.000000000000000000 ),
 ( 0.0000000000000000000, 1.000000000000000000 ),
 .UNSPECIFIED. ) ;
#10840 =( LENGTH_UNIT ( ) NAMED_UNIT ( * ) SI_UNIT ( .MILLI., .METRE. ) );
#10841 = ORIENTED_EDGE ( 'NONE', *, *, #10199, .T. ) ;
#10842 = DIRECTION ( 'NONE',  ( -1.000000000000000000, 0.0000000000000000000, -0.0000000000000000000 ) ) ;
#10843 = UNCERTAINTY_MEASURE_WITH_UNIT (LENGTH_MEASURE( 1.000000000000000082E-05 ), #7961, 'distance_accuracy_value', 'NONE');
#10844 = VERTEX_POINT ( 'NONE', #5044 ) ;
#10845 = ORIENTED_EDGE ( 'NONE', *, *, #7185, .F. ) ;
#10846 = CARTESIAN_POINT ( 'NONE',  ( -0.6022330826337125576, -0.6250000000000000000, 0.7876419363652877870 ) ) ;
#10847 = EDGE_CURVE ( 'NONE', #3025, #9751, #6036, .T. ) ;
#10848 = EDGE_CURVE ( 'NONE', #1265, #4917, #10704, .T. ) ;
#10849 =( GEOMETRIC_REPRESENTATION_CONTEXT ( 3 ) GLOBAL_UNCERTAINTY_ASSIGNED_CONTEXT ( ( #10908 ) ) GLOBAL_UNIT_ASSIGNED_CONTEXT ( ( #5856, #4863, #7886 ) ) REPRESENTATION_CONTEXT ( 'NONE', 'WORKASPACE' ) );
#10850 = CARTESIAN_POINT ( 'NONE',  ( -0.4666259133354898614, -0.6250000000000000000, 0.7215817434678952758 ) ) ;
#10851 =( GEOMETRIC_REPRESENTATION_CONTEXT ( 3 ) GLOBAL_UNCERTAINTY_ASSIGNED_CONTEXT ( ( #7668 ) ) GLOBAL_UNIT_ASSIGNED_CONTEXT ( ( #963, #11247, #10337 ) ) REPRESENTATION_CONTEXT ( 'NONE', 'WORKASPACE' ) );
#10852 = SURFACE_STYLE_FILL_AREA ( #8809 ) ;
#10853 = CARTESIAN_POINT ( 'NONE',  ( -1.000000000000000000, -0.6250000000000000000, 1.000000000000000000 ) ) ;
#10854 = CARTESIAN_POINT ( 'NONE',  ( -0.4122292450133492325, -0.6260000000000000009, 0.8597655705465168108 ) ) ;
#10855 = ORIENTED_EDGE ( 'NONE', *, *, #7110, .T. ) ;
#10856 = CARTESIAN_POINT ( 'NONE',  ( -0.8384109871606698627, -0.6260000000000000009, 0.7596861880784363530 ) ) ;
#10857 = VERTEX_POINT ( 'NONE', #5 ) ;
#10858 = FILL_AREA_STYLE_COLOUR ( '', #288 ) ;
#10859 = DIRECTION ( 'NONE',  ( 1.000000000000000000, -0.0000000000000000000, -0.0000000000000000000 ) ) ;
#10860 = LINE ( 'NONE', #9698, #1007 ) ;
#10861 = ORIENTED_EDGE ( 'NONE', *, *, #5565, .F. ) ;
#10862 = VECTOR ( 'NONE', #1743, 1000.000000000000000 ) ;
#10863 =( GEOMETRIC_REPRESENTATION_CONTEXT ( 3 ) GLOBAL_UNCERTAINTY_ASSIGNED_CONTEXT ( ( #8240 ) ) GLOBAL_UNIT_ASSIGNED_CONTEXT ( ( #11277, #8357, #3582 ) ) REPRESENTATION_CONTEXT ( 'NONE', 'WORKASPACE' ) );
#10864 = LINE ( 'NONE', #4156, #2503 ) ;
#10865 = ADVANCED_FACE ( 'NONE', ( #5528 ), #8336, .F. ) ;
#10866 = LINE ( 'NONE', #4158, #1328 ) ;
#10867 = PRESENTATION_STYLE_ASSIGNMENT (( #2457 ) ) ;
#10868 = FILL_AREA_STYLE_COLOUR ( '', #8872 ) ;
#10869 = VECTOR ( 'NONE', #10419, 1000.000000000000000 ) ;
#10870 = PLANE ( 'NONE',  #8344 ) ;
#10871 = FILL_AREA_STYLE ('',( #11808 ) ) ;
#10872 = CARTESIAN_POINT ( 'NONE',  ( -0.3962689609980504235, -0.6260000000000000009, 0.8518634103822715353 ) ) ;
#10873 = VERTEX_POINT ( 'NONE', #5346 ) ;
#10874 = VECTOR ( 'NONE', #9501, 1000.000000000000000 ) ;
#10875 = FILL_AREA_STYLE ('',( #2643 ) ) ;
#10876 = SURFACE_STYLE_FILL_AREA ( #8719 ) ;
#10877 = ORIENTED_EDGE ( 'NONE', *, *, #11913, .F. ) ;
#10878 =( NAMED_UNIT ( * ) SI_UNIT ( $, .STERADIAN. ) SOLID_ANGLE_UNIT ( ) );
#10879 = AXIS2_PLACEMENT_3D ( 'NONE', #12038, #9328, #7527 ) ;
#10880 = COLOUR_RGB ( '',0.0000000000000000000, 0.0000000000000000000, 0.0000000000000000000 ) ;
#10881 = CARTESIAN_POINT ( 'NONE',  ( -0.1280807357821902026, -0.6260000000000000009, 0.6832839935504295692 ) ) ;
#10882 = CARTESIAN_POINT ( 'NONE',  ( -0.4180865479419587083, -0.6260000000000000009, 0.6898344684231545454 ) ) ;
#10883 = DIRECTION ( 'NONE',  ( 0.0000000000000000000, 0.0000000000000000000, -1.000000000000000000 ) ) ;
#10884 = CARTESIAN_POINT ( 'NONE',  ( -0.3571220754485058824, -0.6260000000000000009, 0.6990189966836548585 ) ) ;
#10885 = ORIENTED_EDGE ( 'NONE', *, *, #5747, .F. ) ;
#10886 = CARTESIAN_POINT ( 'NONE',  ( -0.2680668099160172235, -0.6250000000000000000, 0.8356431868877280955 ) ) ;
#10887 = VECTOR ( 'NONE', #10615, 1000.000000000000000 ) ;
#10888 = VECTOR ( 'NONE', #7897, 1000.000000000000000 ) ;
#10889 = STYLED_ITEM ( 'NONE', ( #822 ), #7240 ) ;
#10890 = VERTEX_POINT ( 'NONE', #6343 ) ;
#10891 = ORIENTED_EDGE ( 'NONE', *, *, #6805, .T. ) ;
#10892 = B_SPLINE_SURFACE_WITH_KNOTS ( 'NONE', 3, 1, ( 
 ( #10393, #3866 ),
 ( #8182, #10100 ),
 ( #6628, #3918 ),
 ( #9110, #1640 ),
 ( #10039, #1711 ),
 ( #5425, #748 ),
 ( #7479, #4486 ) ),
 .UNSPECIFIED., .F., .F., .F.,
 ( 4, 3, 4 ),
 ( 2, 2 ),
 ( 0.0000000000000000000, 1.000000000000000000, 2.000000000000000000 ),
 ( 0.0000000000000000000, 1.000000000000000000 ),
 .UNSPECIFIED. ) ;
#10893 = CARTESIAN_POINT ( 'NONE',  ( -0.6022330826337125576, -0.6250000000000000000, 0.7876419363652877870 ) ) ;
#10894 = AXIS2_PLACEMENT_3D ( 'NONE', #5731, #8605, #7688 ) ;
#10895 = PRESENTATION_STYLE_ASSIGNMENT (( #745 ) ) ;
#10896 = ADVANCED_FACE ( 'NONE', ( #3617 ), #10212, .F. ) ;
#10897 =( NAMED_UNIT ( * ) SI_UNIT ( $, .STERADIAN. ) SOLID_ANGLE_UNIT ( ) );
#10898 = CARTESIAN_POINT ( 'NONE',  ( -0.4254341705505423343, -0.6260000000000000009, 0.7105603095550214743 ) ) ;
#10899 = EDGE_CURVE ( 'NONE', #398, #3468, #8170, .T. ) ;
#10900 = LINE ( 'NONE', #6235, #7915 ) ;
#10901 = SURFACE_SIDE_STYLE ('',( #575 ) ) ;
#10902 = DIRECTION ( 'NONE',  ( -0.0000000000000000000, 1.000000000000000000, -0.0000000000000000000 ) ) ;
#10903 = LINE ( 'NONE', #11566, #10107 ) ;
#10904 = SURFACE_STYLE_USAGE ( .BOTH. , #6362 ) ;
#10905 = VERTEX_POINT ( 'NONE', #850 ) ;
#10906 = SURFACE_SIDE_STYLE ('',( #5301 ) ) ;
#10907 = VERTEX_POINT ( 'NONE', #7308 ) ;
#10908 = UNCERTAINTY_MEASURE_WITH_UNIT (LENGTH_MEASURE( 1.000000000000000082E-05 ), #5856, 'distance_accuracy_value', 'NONE');
#10909 = ORIENTED_EDGE ( 'NONE', *, *, #5955, .F. ) ;
#10910 = VECTOR ( 'NONE', #5322, 1000.000000000000000 ) ;
#10911 = CARTESIAN_POINT ( 'NONE',  ( -0.7796075098102038803, -0.6250000000000000000, 0.6840128741942300694 ) ) ;
#10912 =( LENGTH_UNIT ( ) NAMED_UNIT ( * ) SI_UNIT ( .MILLI., .METRE. ) );
#10913 = PRESENTATION_LAYER_ASSIGNMENT (  '', '', ( #7382 ) ) ;
#10914 = SURFACE_SIDE_STYLE ('',( #7222 ) ) ;
#10915 = SURFACE_STYLE_USAGE ( .BOTH. , #3683 ) ;
#10916 = ORIENTED_EDGE ( 'NONE', *, *, #7674, .F. ) ;
#10917 = ORIENTED_EDGE ( 'NONE', *, *, #205, .T. ) ;
#10918 = DIRECTION ( 'NONE',  ( 0.0000000000000000000, 0.0000000000000000000, -1.000000000000000000 ) ) ;
#10919 = CARTESIAN_POINT ( 'NONE',  ( -0.2847029365770755716, -0.6260000000000000009, 0.8444464705793452985 ) ) ;
#10920 = ORIENTED_EDGE ( 'NONE', *, *, #2423, .F. ) ;
#10921 = VECTOR ( 'NONE', #5182, 1000.000000000000000 ) ;
#10922 = VECTOR ( 'NONE', #7536, 1000.000000000000000 ) ;
#10923 = SURFACE_SIDE_STYLE ('',( #10801 ) ) ;
#10924 = CARTESIAN_POINT ( 'NONE',  ( -0.3860966627165586806, -0.6250000000000000000, 0.8478430131062688613 ) ) ;
#10925 = ADVANCED_FACE ( 'NONE', ( #8224 ), #11065, .F. ) ;
#10926 = CARTESIAN_POINT ( 'NONE',  ( -0.3597387995379250358, -0.6250000000000000000, 0.6890719792844680613 ) ) ;
#10927 = CARTESIAN_POINT ( 'NONE',  ( -0.7530977404195974279, -0.6250000000000000000, 0.7095586254768568857 ) ) ;
#10928 = CARTESIAN_POINT ( 'NONE',  ( -0.3918846484508255457, -0.6260000000000000009, 0.7144420724423385938 ) ) ;
#10929 = LINE ( 'NONE', #9019, #1490 ) ;
#10930 =( GEOMETRIC_REPRESENTATION_CONTEXT ( 3 ) GLOBAL_UNCERTAINTY_ASSIGNED_CONTEXT ( ( #8419 ) ) GLOBAL_UNIT_ASSIGNED_CONTEXT ( ( #10681, #1383, #2572 ) ) REPRESENTATION_CONTEXT ( 'NONE', 'WORKASPACE' ) );
#10931 = CARTESIAN_POINT ( 'NONE',  ( -0.3614717293985583169, -0.6250000000000000000, 0.7328111289642612602 ) ) ;
#10932 = CARTESIAN_POINT ( 'NONE',  ( -0.2936448546573771634, -0.6250000000000000000, 0.8586218368384853639 ) ) ;
#10933 = CARTESIAN_POINT ( 'NONE',  ( -0.4003760047674415068, -0.6250000000000000000, 0.6907702505476974730 ) ) ;
#10934 = B_SPLINE_CURVE_WITH_KNOTS ( 'NONE', 3,
 ( #7292, #2579, #6209, #9966 ),
 .UNSPECIFIED., .F., .F.,
 ( 4, 4 ),
 ( 9.000000000000000000, 10.00000000000000000 ),
 .UNSPECIFIED. ) ;
#10935 = EDGE_LOOP ( 'NONE', ( #471, #10657, #3708, #10420 ) ) ;
#10936 =( LENGTH_UNIT ( ) NAMED_UNIT ( * ) SI_UNIT ( .MILLI., .METRE. ) );
#10937 = CARTESIAN_POINT ( 'NONE',  ( -0.1503142258933072573, -0.6260000000000000009, 0.7376633325737550484 ) ) ;
#10938 = LINE ( 'NONE', #4419, #6600 ) ;
#10939 = ADVANCED_FACE ( 'NONE', ( #6744 ), #1021, .F. ) ;
#10940 = FILL_AREA_STYLE ('',( #8332 ) ) ;
#10941 = CARTESIAN_POINT ( 'NONE',  ( -0.2851015104450040916, -0.6250000000000000000, 0.8556411974785388397 ) ) ;
#10942 = CARTESIAN_POINT ( 'NONE',  ( -0.3494971840623221637, -0.6260000000000000009, 0.6885174417292678761 ) ) ;
#10943 = ORIENTED_EDGE ( 'NONE', *, *, #7310, .F. ) ;
#10944 = CARTESIAN_POINT ( 'NONE',  ( -0.6210309048191222647, -0.6260000000000000009, 0.6830488790696001011 ) ) ;
#10945 = EDGE_CURVE ( 'NONE', #2414, #9457, #7728, .T. ) ;
#10946 = ORIENTED_EDGE ( 'NONE', *, *, #8180, .T. ) ;
#10947 = ORIENTED_EDGE ( 'NONE', *, *, #102, .T. ) ;
#10948 = PRESENTATION_STYLE_ASSIGNMENT (( #9105 ) ) ;
#10949 =( GEOMETRIC_REPRESENTATION_CONTEXT ( 3 ) GLOBAL_UNCERTAINTY_ASSIGNED_CONTEXT ( ( #7888 ) ) GLOBAL_UNIT_ASSIGNED_CONTEXT ( ( #8443, #2886, #4769 ) ) REPRESENTATION_CONTEXT ( 'NONE', 'WORKASPACE' ) );
#10950 = EDGE_CURVE ( 'NONE', #5221, #10857, #859, .T. ) ;
#10951 = FACE_OUTER_BOUND ( 'NONE', #3412, .T. ) ;
#10952 = CARTESIAN_POINT ( 'NONE',  ( -0.3585777365315390153, -0.6260000000000000009, 0.7002320475860265292 ) ) ;
#10953 = FILL_AREA_STYLE_COLOUR ( '', #3265 ) ;
#10954 = CARTESIAN_POINT ( 'NONE',  ( -0.4396268661082691764, -0.6260000000000000009, 0.7985584878726350588 ) ) ;
#10955 = PRESENTATION_LAYER_ASSIGNMENT (  '', '', ( #4077 ) ) ;
#10956 = PLANE ( 'NONE',  #9716 ) ;
#10957 = CARTESIAN_POINT ( 'NONE',  ( -0.2797467571760686722, -0.6260000000000000009, 0.8401834631226829941 ) ) ;
#10958 = UNCERTAINTY_MEASURE_WITH_UNIT (LENGTH_MEASURE( 1.000000000000000082E-05 ), #5933, 'distance_accuracy_value', 'NONE');
#10959 = ORIENTED_EDGE ( 'NONE', *, *, #948, .F. ) ;
#10960 = EDGE_LOOP ( 'NONE', ( #12061, #244, #625, #7579 ) ) ;
#10961 = ADVANCED_FACE ( 'NONE', ( #2945 ), #3734, .F. ) ;
#10962 = CARTESIAN_POINT ( 'NONE',  ( -0.4276696500706181348, -0.6260000000000000009, 0.8239632396281396653 ) ) ;
#10963 =( NAMED_UNIT ( * ) SI_UNIT ( $, .STERADIAN. ) SOLID_ANGLE_UNIT ( ) );
#10964 = ORIENTED_EDGE ( 'NONE', *, *, #7280, .F. ) ;
#10965 = VECTOR ( 'NONE', #4729, 1000.000000000000000 ) ;
#10966 = CARTESIAN_POINT ( 'NONE',  ( -0.4307889238197114001, -0.6250000000000000000, 0.6962463089071945221 ) ) ;
#10967 = SURFACE_STYLE_USAGE ( .BOTH. , #10051 ) ;
#10968 = CARTESIAN_POINT ( 'NONE',  ( -0.1831705760484461654, -0.6250000000000000000, 0.7180465665522892671 ) ) ;
#10969 = ORIENTED_EDGE ( 'NONE', *, *, #8615, .F. ) ;
#10970 = CARTESIAN_POINT ( 'NONE',  ( 0.0000000000000000000, -0.6260000000000000009, 0.0000000000000000000 ) ) ;
#10971 = MECHANICAL_DESIGN_GEOMETRIC_PRESENTATION_REPRESENTATION (  '', ( #11376 ), #11572 ) ;
#10972 = CARTESIAN_POINT ( 'NONE',  ( -0.4003760047674415068, -0.6260000000000000009, 0.7075796701950723966 ) ) ;
#10973 =( GEOMETRIC_REPRESENTATION_CONTEXT ( 3 ) GLOBAL_UNCERTAINTY_ASSIGNED_CONTEXT ( ( #8974 ) ) GLOBAL_UNIT_ASSIGNED_CONTEXT ( ( #5889, #11499, #6689 ) ) REPRESENTATION_CONTEXT ( 'NONE', 'WORKASPACE' ) );
#10974 =( NAMED_UNIT ( * ) PLANE_ANGLE_UNIT ( ) SI_UNIT ( $, .RADIAN. ) );
#10975 = ORIENTED_EDGE ( 'NONE', *, *, #5643, .T. ) ;
#10976 = ADVANCED_FACE ( 'NONE', ( #7058 ), #3178, .F. ) ;
#10977 = LINE ( 'NONE', #534, #5628 ) ;
#10978 =( LENGTH_UNIT ( ) NAMED_UNIT ( * ) SI_UNIT ( .MILLI., .METRE. ) );
#10979 = PLANE ( 'NONE',  #4326 ) ;
#10980 = B_SPLINE_CURVE_WITH_KNOTS ( 'NONE', 3,
 ( #7654, #8568, #4826, #11361 ),
 .UNSPECIFIED., .F., .F.,
 ( 4, 4 ),
 ( 11.00000000000000000, 12.00000000000000000 ),
 .UNSPECIFIED. ) ;
#10981 = SURFACE_SIDE_STYLE ('',( #10510 ) ) ;
#10982 = SURFACE_STYLE_USAGE ( .BOTH. , #833 ) ;
#10983 = CARTESIAN_POINT ( 'NONE',  ( -0.3715747104854764671, -0.6260000000000000009, 0.7193982518438081231 ) ) ;
#10984 = FILL_AREA_STYLE_COLOUR ( '', #4965 ) ;
#10985 =( NAMED_UNIT ( * ) SI_UNIT ( $, .STERADIAN. ) SOLID_ANGLE_UNIT ( ) );
#10986 = LINE ( 'NONE', #94, #11263 ) ;
#10987 = VECTOR ( 'NONE', #11266, 1000.000000000000000 ) ;
#10988 = ORIENTED_EDGE ( 'NONE', *, *, #6590, .F. ) ;
#10989 = CARTESIAN_POINT ( 'NONE',  ( -0.3973433775115092215, -0.6250000000000000000, 0.7896858869866756336 ) ) ;
#10990 = EDGE_CURVE ( 'NONE', #8375, #11018, #5486, .T. ) ;
#10991 = DIRECTION ( 'NONE',  ( 0.0000000000000000000, -1.000000000000000000, -0.0000000000000000000 ) ) ;
#10992 = CARTESIAN_POINT ( 'NONE',  ( -0.4147246640126687756, -0.6250000000000000000, 0.7120506292352243305 ) ) ;
#10993 =( LENGTH_UNIT ( ) NAMED_UNIT ( * ) SI_UNIT ( .MILLI., .METRE. ) );
#10994 = SURFACE_STYLE_FILL_AREA ( #2301 ) ;
#10995 = DIRECTION ( 'NONE',  ( 0.0000000000000000000, 0.0000000000000000000, 1.000000000000000000 ) ) ;
#10996 = CARTESIAN_POINT ( 'NONE',  ( -0.6856183391259830229, -0.6260000000000000009, 0.6729269762302051427 ) ) ;
#10997 = CARTESIAN_POINT ( 'NONE',  ( -0.4184158046155468380, -0.6250000000000000000, 0.7045297136403215754 ) ) ;
#10998 = DIRECTION ( 'NONE',  ( -1.000000000000000000, -0.0000000000000000000, -0.0000000000000000000 ) ) ;
#10999 = ORIENTED_EDGE ( 'NONE', *, *, #7384, .F. ) ;
#11000 = FILL_AREA_STYLE_COLOUR ( '', #7540 ) ;
#11001 =( NAMED_UNIT ( * ) PLANE_ANGLE_UNIT ( ) SI_UNIT ( $, .RADIAN. ) );
#11002 = COLOUR_RGB ( '',0.0000000000000000000, 0.0000000000000000000, 0.0000000000000000000 ) ;
#11003 = ORIENTED_EDGE ( 'NONE', *, *, #3644, .F. ) ;
#11004 = VERTEX_POINT ( 'NONE', #8036 ) ;
#11005 = UNCERTAINTY_MEASURE_WITH_UNIT (LENGTH_MEASURE( 1.000000000000000082E-05 ), #2670, 'distance_accuracy_value', 'NONE');
#11006 = CARTESIAN_POINT ( 'NONE',  ( -0.7155020776620978351, -0.6250000000000000000, 0.6888328130426435436 ) ) ;
#11007 = EDGE_CURVE ( 'NONE', #3577, #2033, #3872, .T. ) ;
#11008 = EDGE_CURVE ( 'NONE', #2811, #5461, #1855, .T. ) ;
#11009 = CARTESIAN_POINT ( 'NONE',  ( -0.2328363458514246531, -0.6260000000000000009, 0.8452089597180334479 ) ) ;
#11010 = VECTOR ( 'NONE', #4558, 1000.000000000000000 ) ;
#11011 = CARTESIAN_POINT ( 'NONE',  ( -0.4182880010382755143, -0.6260000000000000009, 0.7316890568795189065 ) ) ;
#11012 = CARTESIAN_POINT ( 'NONE',  ( -0.4666259133354898614, -0.6260000000000000009, 0.7985584878726350588 ) ) ;
#11013 = FILL_AREA_STYLE ('',( #803 ) ) ;
#11014 =( NAMED_UNIT ( * ) SI_UNIT ( $, .STERADIAN. ) SOLID_ANGLE_UNIT ( ) );
#11015 = PRESENTATION_STYLE_ASSIGNMENT (( #7321 ) ) ;
#11016 = FILL_AREA_STYLE_COLOUR ( '', #3311 ) ;
#11017 = ORIENTED_EDGE ( 'NONE', *, *, #1437, .T. ) ;
#11018 = VERTEX_POINT ( 'NONE', #7791 ) ;
#11019 = MECHANICAL_DESIGN_GEOMETRIC_PRESENTATION_REPRESENTATION (  '', ( #7100 ), #482 ) ;
#11020 = CARTESIAN_POINT ( 'NONE',  ( -0.4154351652553697205, -0.6260000000000000009, 0.6821402598423972341 ) ) ;
#11021 = COLOUR_RGB ( '',0.0000000000000000000, 0.0000000000000000000, 0.0000000000000000000 ) ;
#11022 = CARTESIAN_POINT ( 'NONE',  ( -0.4404586724415291421, -0.6260000000000000009, 0.7432780253219376521 ) ) ;
#11023 = COLOUR_RGB ( '',0.0000000000000000000, 0.0000000000000000000, 0.0000000000000000000 ) ;
#11024 = VERTEX_POINT ( 'NONE', #3115 ) ;
#11025 = CARTESIAN_POINT ( 'NONE',  ( -0.3376092852190133442, -0.6250000000000000000, 0.8508236524662153855 ) ) ;
#11026 = PRESENTATION_LAYER_ASSIGNMENT (  '', '', ( #7489 ) ) ;
#11027 = SURFACE_STYLE_USAGE ( .BOTH. , #9948 ) ;
#11028 = LINE ( 'NONE', #9066, #452 ) ;
#11029 = EDGE_LOOP ( 'NONE', ( #5708, #8486, #2675, #4311 ) ) ;
#11030 = DIRECTION ( 'NONE',  ( 0.0000000000000000000, 0.0000000000000000000, 1.000000000000000000 ) ) ;
#11031 = SURFACE_SIDE_STYLE ('',( #8023 ) ) ;
#11032 = CARTESIAN_POINT ( 'NONE',  ( -1.000000000000000000, -0.6250000000000000000, 1.000000000000000000 ) ) ;
#11033 = ORIENTED_EDGE ( 'NONE', *, *, #4149, .F. ) ;
#11034 = B_SPLINE_SURFACE_WITH_KNOTS ( 'NONE', 3, 1, ( 
 ( #9706, #351 ),
 ( #6016, #4893 ),
 ( #4953, #2089 ),
 ( #9512, #11618 ) ),
 .UNSPECIFIED., .F., .F., .F.,
 ( 4, 4 ),
 ( 2, 2 ),
 ( 15.00000000000000000, 16.00000000000000000 ),
 ( 0.0000000000000000000, 1.000000000000000000 ),
 .UNSPECIFIED. ) ;
#11035 =( GEOMETRIC_REPRESENTATION_CONTEXT ( 3 ) GLOBAL_UNCERTAINTY_ASSIGNED_CONTEXT ( ( #11596 ) ) GLOBAL_UNIT_ASSIGNED_CONTEXT ( ( #4954, #1133, #9707 ) ) REPRESENTATION_CONTEXT ( 'NONE', 'WORKASPACE' ) );
#11036 = PRESENTATION_LAYER_ASSIGNMENT (  '', '', ( #5157 ) ) ;
#11037 = ADVANCED_FACE ( 'NONE', ( #6869 ), #1388, .F. ) ;
#11038 = SURFACE_STYLE_FILL_AREA ( #6438 ) ;
#11039 = LINE ( 'NONE', #3714, #7859 ) ;
#11040 = DIRECTION ( 'NONE',  ( -1.000000000000000000, 0.0000000000000000000, 0.0000000000000000000 ) ) ;
#11041 = CLOSED_SHELL ( 'NONE', ( #9017, #9904, #7550, #3388, #9042, #6467 ) ) ;
#11042 = CARTESIAN_POINT ( 'NONE',  ( -0.7530977404195974279, -0.6250000000000000000, 0.6883508062872206734 ) ) ;
#11043 = CARTESIAN_POINT ( 'NONE',  ( -0.1948505233089596611, -0.6260000000000000009, 0.7326378359779448513 ) ) ;
#11044 = EDGE_CURVE ( 'NONE', #8971, #6706, #9596, .T. ) ;
#11045 = LINE ( 'NONE', #5454, #12102 ) ;
#11046 = SURFACE_STYLE_USAGE ( .BOTH. , #7290 ) ;
#11047 =( NAMED_UNIT ( * ) PLANE_ANGLE_UNIT ( ) SI_UNIT ( $, .RADIAN. ) );
#11048 = EDGE_CURVE ( 'NONE', #9189, #4475, #6207, .T. ) ;
#11049 = COLOUR_RGB ( '',0.0000000000000000000, 0.0000000000000000000, 1.000000000000000000 ) ;
#11050 = DIRECTION ( 'NONE',  ( 1.000000000000000000, -0.0000000000000000000, -0.0000000000000000000 ) ) ;
#11051 = MECHANICAL_DESIGN_GEOMETRIC_PRESENTATION_REPRESENTATION (  '', ( #10258 ), #10863 ) ;
#11052 = CARTESIAN_POINT ( 'NONE',  ( -0.4276696500706181348, -0.6250000000000000000, 0.8324892545419263490 ) ) ;
#11053 = CARTESIAN_POINT ( 'NONE',  ( -0.3242657252929049827, -0.6260000000000000009, 0.6833879693419441237 ) ) ;
#11054 = ORIENTED_EDGE ( 'NONE', *, *, #2347, .T. ) ;
#11055 = CARTESIAN_POINT ( 'NONE',  ( -0.4210151994063787151, -0.6260000000000000009, 0.8046237423845037373 ) ) ;
#11056 = B_SPLINE_CURVE_WITH_KNOTS ( 'NONE', 3,
 ( #3055, #6131, #6008, #7840 ),
 .UNSPECIFIED., .F., .F.,
 ( 4, 4 ),
 ( 1.000000000000000000, 2.000000000000000000 ),
 .UNSPECIFIED. ) ;
#11057 = VECTOR ( 'NONE', #3139, 1000.000000000000227 ) ;
#11058 = DIRECTION ( 'NONE',  ( -0.0000000000000000000, 1.000000000000000000, -0.0000000000000000000 ) ) ;
#11059 =( NAMED_UNIT ( * ) PLANE_ANGLE_UNIT ( ) SI_UNIT ( $, .RADIAN. ) );
#11060 = FILL_AREA_STYLE_COLOUR ( '', #5982 ) ;
#11061 =( LENGTH_UNIT ( ) NAMED_UNIT ( * ) SI_UNIT ( .MILLI., .METRE. ) );
#11062 = CARTESIAN_POINT ( 'NONE',  ( -0.4165788989633990025, -0.6260000000000000009, 0.7998755145665219501 ) ) ;
#11063 = CARTESIAN_POINT ( 'NONE',  ( -0.3563942449072202701, -0.6250000000000000000, 0.6974940184067414117 ) ) ;
#11064 = CARTESIAN_POINT ( 'NONE',  ( -0.4260580253005465945, -0.6260000000000000009, 0.7200567651905200872 ) ) ;
#11065 = PLANE ( 'NONE',  #11958 ) ;
#11066 = VERTEX_POINT ( 'NONE', #894 ) ;
#11067 =( LENGTH_UNIT ( ) NAMED_UNIT ( * ) SI_UNIT ( .MILLI., .METRE. ) );
#11068 = LINE ( 'NONE', #10032, #5391 ) ;
#11069 = ORIENTED_EDGE ( 'NONE', *, *, #2862, .T. ) ;
#11070 = PRESENTATION_LAYER_ASSIGNMENT (  '', '', ( #8488 ) ) ;
#11071 = PRESENTATION_LAYER_ASSIGNMENT (  '', '', ( #315 ) ) ;
#11072 = ADVANCED_FACE ( 'NONE', ( #11117 ), #5456, .F. ) ;
#11073 = B_SPLINE_CURVE_WITH_KNOTS ( 'NONE', 3,
 ( #4274, #5314, #8143, #2622 ),
 .UNSPECIFIED., .F., .F.,
 ( 4, 4 ),
 ( 3.000000000000000000, 4.000000000000000000 ),
 .UNSPECIFIED. ) ;
#11074 = ORIENTED_EDGE ( 'NONE', *, *, #10330, .F. ) ;
#11075 = ADVANCED_FACE ( 'NONE', ( #2578 ), #2464, .F. ) ;
#11076 =( GEOMETRIC_REPRESENTATION_CONTEXT ( 3 ) GLOBAL_UNCERTAINTY_ASSIGNED_CONTEXT ( ( #4983 ) ) GLOBAL_UNIT_ASSIGNED_CONTEXT ( ( #9200, #659, #3546 ) ) REPRESENTATION_CONTEXT ( 'NONE', 'WORKASPACE' ) );
#11077 = SURFACE_STYLE_FILL_AREA ( #7315 ) ;
#11078 = CARTESIAN_POINT ( 'NONE',  ( -0.2044336254373881057, -0.6260000000000000009, 0.6933696453383004776 ) ) ;
#11079 = VECTOR ( 'NONE', #11416, 1000.000000000000000 ) ;
#11080 = PRESENTATION_LAYER_ASSIGNMENT (  '', '', ( #5970 ) ) ;
#11081 = PLANE ( 'NONE',  #11888 ) ;
#11082 = CARTESIAN_POINT ( 'NONE',  ( -0.2341013846495562656, -0.6260000000000000009, 0.8499571875360144579 ) ) ;
#11083 = PLANE ( 'NONE',  #1732 ) ;
#11084 = LINE ( 'NONE', #10954, #9808 ) ;
#11085 = SURFACE_SIDE_STYLE ('',( #10221 ) ) ;
#11086 = B_SPLINE_CURVE_WITH_KNOTS ( 'NONE', 3,
 ( #2290, #7798, #6033, #7132 ),
 .UNSPECIFIED., .F., .F.,
 ( 4, 4 ),
 ( 20.00000000000000000, 21.00000000000000000 ),
 .UNSPECIFIED. ) ;
#11087 = UNCERTAINTY_MEASURE_WITH_UNIT (LENGTH_MEASURE( 1.000000000000000082E-05 ), #6265, 'distance_accuracy_value', 'NONE');
#11088 = EDGE_LOOP ( 'NONE', ( #5705, #4704, #8674, #8250 ) ) ;
#11089 = B_SPLINE_CURVE_WITH_KNOTS ( 'NONE', 3,
 ( #1456, #4972, #2291, #493 ),
 .UNSPECIFIED., .F., .F.,
 ( 4, 4 ),
 ( 2.000000000000000000, 3.000000000000000000 ),
 .UNSPECIFIED. ) ;
#11090 = ORIENTED_EDGE ( 'NONE', *, *, #2714, .T. ) ;
#11091 = SURFACE_SIDE_STYLE ('',( #12017 ) ) ;
#11092 =( GEOMETRIC_REPRESENTATION_CONTEXT ( 3 ) GLOBAL_UNCERTAINTY_ASSIGNED_CONTEXT ( ( #1354 ) ) GLOBAL_UNIT_ASSIGNED_CONTEXT ( ( #6653, #1164, #1990 ) ) REPRESENTATION_CONTEXT ( 'NONE', 'WORKASPACE' ) );
#11093 = PRESENTATION_LAYER_ASSIGNMENT (  '', '', ( #7941 ) ) ;
#11094 = B_SPLINE_SURFACE_WITH_KNOTS ( 'NONE', 3, 1, ( 
 ( #10312, #7285 ),
 ( #3654, #4513 ),
 ( #3712, #1950 ),
 ( #1003, #3779 ) ),
 .UNSPECIFIED., .F., .F., .F.,
 ( 4, 4 ),
 ( 2, 2 ),
 ( 0.0000000000000000000, 1.000000000000000000 ),
 ( 0.0000000000000000000, 1.000000000000000000 ),
 .UNSPECIFIED. ) ;
#11095 = CARTESIAN_POINT ( 'NONE',  ( -0.4199234535941037683, -0.6250000000000000000, 0.7030740525572911626 ) ) ;
#11096 = CARTESIAN_POINT ( 'NONE',  ( -0.4157817512275402416, -0.6260000000000000009, 0.8493679913831820860 ) ) ;
#11097 = CARTESIAN_POINT ( 'NONE',  ( -0.3945316988127706148, -0.6260000000000000009, 0.7906736570071485337 ) ) ;
#11098 = EDGE_CURVE ( 'NONE', #133, #5501, #1614, .T. ) ;
#11099 = VERTEX_POINT ( 'NONE', #5635 ) ;
#11100 = CARTESIAN_POINT ( 'NONE',  ( -0.2546366034969794190, -0.6250000000000000000, 0.7215817434678952758 ) ) ;
#11101 = PRESENTATION_STYLE_ASSIGNMENT (( #10296 ) ) ;
#11102 = CARTESIAN_POINT ( 'NONE',  ( -0.3042677147027854634, -0.6260000000000000009, 0.8508236524662153855 ) ) ;
#11103 = ORIENTED_EDGE ( 'NONE', *, *, #627, .T. ) ;
#11104 = CARTESIAN_POINT ( 'NONE',  ( -0.7603276670791284664, -0.6260000000000000009, 0.8377694897730677548 ) ) ;
#11105 =( GEOMETRIC_REPRESENTATION_CONTEXT ( 3 ) GLOBAL_UNCERTAINTY_ASSIGNED_CONTEXT ( ( #9614 ) ) GLOBAL_UNIT_ASSIGNED_CONTEXT ( ( #6550, #8422, #6488 ) ) REPRESENTATION_CONTEXT ( 'NONE', 'WORKASPACE' ) );
#11106 = CARTESIAN_POINT ( 'NONE',  ( -0.3664105795009806599, -0.6250000000000000000, 0.6890719792844680613 ) ) ;
#11107 = CARTESIAN_POINT ( 'NONE',  ( -0.7733415644850640813, -0.6250000000000000000, 0.6647330452529338629 ) ) ;
#11108 = ORIENTED_EDGE ( 'NONE', *, *, #4324, .T. ) ;
#11109 = FILL_AREA_STYLE_COLOUR ( '', #9559 ) ;
#11110 = CARTESIAN_POINT ( 'NONE',  ( -0.2481207872214241106, -0.6250000000000000000, 0.8093719702024847473 ) ) ;
#11111 =( NAMED_UNIT ( * ) PLANE_ANGLE_UNIT ( ) SI_UNIT ( $, .RADIAN. ) );
#11112 = LINE ( 'NONE', #3780, #3804 ) ;
#11113 = SURFACE_STYLE_FILL_AREA ( #3717 ) ;
#11114 = CARTESIAN_POINT ( 'NONE',  ( -0.2546366034969794190, -0.6250000000000000000, 0.7908296206947073026 ) ) ;
#11115 = LINE ( 'NONE', #2693, #9735 ) ;
#11116 = CARTESIAN_POINT ( 'NONE',  ( -0.2044336254373881057, -0.6250000000000000000, 0.6933696453383004776 ) ) ;
#11117 = FACE_OUTER_BOUND ( 'NONE', #8161, .T. ) ;
#11118 = LINE ( 'NONE', #1676, #8301 ) ;
#11119 =( GEOMETRIC_REPRESENTATION_CONTEXT ( 3 ) GLOBAL_UNCERTAINTY_ASSIGNED_CONTEXT ( ( #5977 ) ) GLOBAL_UNIT_ASSIGNED_CONTEXT ( ( #12096, #4319, #9047 ) ) REPRESENTATION_CONTEXT ( 'NONE', 'WORKASPACE' ) );
#11120 = SURFACE_STYLE_FILL_AREA ( #9201 ) ;
#11121 = CARTESIAN_POINT ( 'NONE',  ( -0.4132343443324636434, -0.6260000000000000009, 0.6891066378816378402 ) ) ;
#11122 = ORIENTED_EDGE ( 'NONE', *, *, #2570, .F. ) ;
#11123 =( NAMED_UNIT ( * ) SI_UNIT ( $, .STERADIAN. ) SOLID_ANGLE_UNIT ( ) );
#11124 = DIRECTION ( 'NONE',  ( -0.3409177962187288635, -0.0000000000000000000, -0.9400931103999035088 ) ) ;
#11125 = ADVANCED_FACE ( 'NONE', ( #2803 ), #10318, .F. ) ;
#11126 = ADVANCED_FACE ( 'NONE', ( #4753 ), #5815, .F. ) ;
#11127 = CARTESIAN_POINT ( 'NONE',  ( -0.1349951259261358005, -0.6260000000000000009, 0.7018263430577441619 ) ) ;
#11128 = STYLED_ITEM ( 'NONE', ( #7413 ), #1957 ) ;
#11129 = LINE ( 'NONE', #1749, #7673 ) ;
#11130 =( LENGTH_UNIT ( ) NAMED_UNIT ( * ) SI_UNIT ( .MILLI., .METRE. ) );
#11131 = SURFACE_STYLE_USAGE ( .BOTH. , #9096 ) ;
#11132 = LINE ( 'NONE', #6454, #8096 ) ;
#11133 =( NAMED_UNIT ( * ) PLANE_ANGLE_UNIT ( ) SI_UNIT ( $, .RADIAN. ) );
#11134 = VERTEX_POINT ( 'NONE', #3901 ) ;
#11135 = CARTESIAN_POINT ( 'NONE',  ( -0.2845123142921717752, -0.6260000000000000009, 0.8056288417033885541 ) ) ;
#11136 = CARTESIAN_POINT ( 'NONE',  ( -0.8080452418693617744, -0.6250000000000000000, 0.7871599663832222760 ) ) ;
#11137 = CARTESIAN_POINT ( 'NONE',  ( -0.3707082455550446132, -0.6250000000000000000, 0.7229334287589547214 ) ) ;
#11138 = ORIENTED_EDGE ( 'NONE', *, *, #61, .F. ) ;
#11139 = ORIENTED_EDGE ( 'NONE', *, *, #8394, .F. ) ;
#11140 = UNCERTAINTY_MEASURE_WITH_UNIT (LENGTH_MEASURE( 1.000000000000000082E-05 ), #10637, 'distance_accuracy_value', 'NONE');
#11141 =( GEOMETRIC_REPRESENTATION_CONTEXT ( 3 ) GLOBAL_UNCERTAINTY_ASSIGNED_CONTEXT ( ( #10550 ) ) GLOBAL_UNIT_ASSIGNED_CONTEXT ( ( #7401, #9319, #85 ) ) REPRESENTATION_CONTEXT ( 'NONE', 'WORKASPACE' ) );
#11142 = EDGE_CURVE ( 'NONE', #11066, #7730, #11353, .T. ) ;
#11143 = PLANE ( 'NONE',  #2679 ) ;
#11144 = DIRECTION ( 'NONE',  ( -1.000000000000000000, 0.0000000000000000000, -0.0000000000000000000 ) ) ;
#11145 = CARTESIAN_POINT ( 'NONE',  ( -0.3531363367694426714, -0.6260000000000000009, 0.6859873641325445748 ) ) ;
#11146 = SURFACE_SIDE_STYLE ('',( #2605 ) ) ;
#11147 = FILL_AREA_STYLE ('',( #11386 ) ) ;
#11148 = DIRECTION ( 'NONE',  ( -0.0000000000000000000, -0.0000000000000000000, 1.000000000000000000 ) ) ;
#11149 = SURFACE_STYLE_USAGE ( .BOTH. , #6597 ) ;
#11150 = ORIENTED_EDGE ( 'NONE', *, *, #10226, .F. ) ;
#11151 = EDGE_LOOP ( 'NONE', ( #9571, #11821, #6449, #9659 ) ) ;
#11152 = FILL_AREA_STYLE_COLOUR ( '', #4491 ) ;
#11153 = ADVANCED_FACE ( 'NONE', ( #11417 ), #9226, .T. ) ;
#11154 =( LENGTH_UNIT ( ) NAMED_UNIT ( * ) SI_UNIT ( .MILLI., .METRE. ) );
#11155 = VECTOR ( 'NONE', #1969, 1000.000000000000000 ) ;
#11156 = DIRECTION ( 'NONE',  ( -0.0000000000000000000, 1.000000000000000000, -0.0000000000000000000 ) ) ;
#11157 = EDGE_LOOP ( 'NONE', ( #4825, #1105, #8704, #4099 ) ) ;
#11158 = SURFACE_STYLE_FILL_AREA ( #2621 ) ;
#11159 = CARTESIAN_POINT ( 'NONE',  ( -0.2772686674751027036, -0.6260000000000000009, 0.8253495835163686678 ) ) ;
#11160 = CARTESIAN_POINT ( 'NONE',  ( -0.6200669280814015139, -0.6250000000000000000, 0.7129325992190329586 ) ) ;
#11161 = ORIENTED_EDGE ( 'NONE', *, *, #9564, .F. ) ;
#11162 = LINE ( 'NONE', #3702, #9874 ) ;
#11163 = CARTESIAN_POINT ( 'NONE',  ( -0.3432586365643671145, -0.6260000000000000009, 0.7317020538534013685 ) ) ;
#11164 = CARTESIAN_POINT ( 'NONE',  ( -0.3689926449932274255, -0.6260000000000000009, 0.7241118210641562802 ) ) ;
#11165 = ORIENTED_EDGE ( 'NONE', *, *, #11957, .T. ) ;
#11166 = PRESENTATION_LAYER_ASSIGNMENT (  '', '', ( #2335 ) ) ;
#11167 = LINE ( 'NONE', #10126, #1155 ) ;
#11168 = MECHANICAL_DESIGN_GEOMETRIC_PRESENTATION_REPRESENTATION (  '', ( #10181 ), #7422 ) ;
#11169 = EDGE_CURVE ( 'NONE', #2629, #6392, #10671, .T. ) ;
#11170 = DIRECTION ( 'NONE',  ( -0.0000000000000000000, 1.000000000000000000, -0.0000000000000000000 ) ) ;
#11171 = DIRECTION ( 'NONE',  ( -0.0000000000000000000, -0.0000000000000000000, -1.000000000000000000 ) ) ;
#11173 = DIRECTION ( 'NONE',  ( -0.0000000000000000000, 0.0000000000000000000, -1.000000000000000000 ) ) ;
#11172 = PRESENTATION_LAYER_ASSIGNMENT (  '', '', ( #5474 ) ) ;
#11174 = FACE_OUTER_BOUND ( 'NONE', #7011, .T. ) ;
#11175 = CARTESIAN_POINT ( 'NONE',  ( -0.2047628821109766240, -0.6260000000000000009, 0.7411638508917295365 ) ) ;
#11176 = CARTESIAN_POINT ( 'NONE',  ( -0.3674676667158520149, -0.6260000000000000009, 0.7045643722374940188 ) ) ;
#11177 = SURFACE_SIDE_STYLE ('',( #1742 ) ) ;
#11178 = CARTESIAN_POINT ( 'NONE',  ( -0.3328090695052753345, -0.6260000000000000009, 0.6677569419997686495 ) ) ;
#11179 = ORIENTED_EDGE ( 'NONE', *, *, #801, .F. ) ;
#11180 =( GEOMETRIC_REPRESENTATION_CONTEXT ( 3 ) GLOBAL_UNCERTAINTY_ASSIGNED_CONTEXT ( ( #4060 ) ) GLOBAL_UNIT_ASSIGNED_CONTEXT ( ( #1187, #3058, #161 ) ) REPRESENTATION_CONTEXT ( 'NONE', 'WORKASPACE' ) );
#11181 = STYLED_ITEM ( 'NONE', ( #5653 ), #10961 ) ;
#11182 = DIRECTION ( 'NONE',  ( -0.0000000000000000000, 1.000000000000000000, -0.0000000000000000000 ) ) ;
#11183 = CARTESIAN_POINT ( 'NONE',  ( -0.6022330826337125576, -0.6260000000000000009, 0.7876419363652877870 ) ) ;
#11184 = LINE ( 'NONE', #9515, #11155 ) ;
#11185 = LINE ( 'NONE', #2754, #7370 ) ;
#11186 = SURFACE_STYLE_FILL_AREA ( #3671 ) ;
#11187 = ORIENTED_EDGE ( 'NONE', *, *, #8851, .T. ) ;
#11188 = PRESENTATION_STYLE_ASSIGNMENT (( #792 ) ) ;
#11189 = PRESENTATION_LAYER_ASSIGNMENT (  '', '', ( #1024 ) ) ;
#11190 = ORIENTED_EDGE ( 'NONE', *, *, #6768, .F. ) ;
#11191 = ORIENTED_EDGE ( 'NONE', *, *, #7066, .T. ) ;
#11192 = B_SPLINE_SURFACE_WITH_KNOTS ( 'NONE', 3, 1, ( 
 ( #11340, #5857 ),
 ( #11595, #324 ),
 ( #7031, #5802 ),
 ( #6962, #4995 ) ),
 .UNSPECIFIED., .F., .F., .F.,
 ( 4, 4 ),
 ( 2, 2 ),
 ( 4.000000000000000000, 5.000000000000000000 ),
 ( 0.0000000000000000000, 1.000000000000000000 ),
 .UNSPECIFIED. ) ;
#11193 = EDGE_CURVE ( 'NONE', #6793, #3133, #11056, .T. ) ;
#11194 = SURFACE_STYLE_USAGE ( .BOTH. , #7431 ) ;
#11195 = CARTESIAN_POINT ( 'NONE',  ( -0.4199234535941037683, -0.6260000000000000009, 0.7030740525572911626 ) ) ;
#11196 = CARTESIAN_POINT ( 'NONE',  ( -0.2338934330665299044, -0.6260000000000000009, 0.8499571875360144579 ) ) ;
#11197 = EDGE_CURVE ( 'NONE', #2084, #855, #9825, .T. ) ;
#11198 = CARTESIAN_POINT ( 'NONE',  ( -0.2352104597604162683, -0.6260000000000000009, 0.8452089597180335589 ) ) ;
#11199 = CARTESIAN_POINT ( 'NONE',  ( -0.4339601854645617207, -0.6250000000000000000, 0.8051089627453609232 ) ) ;
#11200 = CARTESIAN_POINT ( 'NONE',  ( -0.3709508557357031333, -0.6250000000000000000, 0.7159670507197140044 ) ) ;
#11201 = COLOUR_RGB ( '',0.0000000000000000000, 0.0000000000000000000, 0.0000000000000000000 ) ;
#11202 = ADVANCED_FACE ( 'NONE', ( #340 ), #5496, .F. ) ;
#11203 = CARTESIAN_POINT ( 'NONE',  ( -0.4040151574745620144, -0.6250000000000000000, 0.6930577179637618102 ) ) ;
#11204 = CARTESIAN_POINT ( 'NONE',  ( -0.4117093660553193257, -0.6260000000000000009, 0.7060546919176969860 ) ) ;
#11205 = CARTESIAN_POINT ( 'NONE',  ( -0.7415298357001476326, -0.6250000000000000000, 0.8059577977619720723 ) ) ;
#11206 = EDGE_CURVE ( 'NONE', #9632, #346, #2137, .T. ) ;
#11207 = SURFACE_STYLE_FILL_AREA ( #868 ) ;
#11208 = VERTEX_POINT ( 'NONE', #6978 ) ;
#11209 = ORIENTED_EDGE ( 'NONE', *, *, #3599, .T. ) ;
#11210 = CARTESIAN_POINT ( 'NONE',  ( -0.7506877526084801966, -0.6260000000000000009, 0.8088497739416035115 ) ) ;
#11211 = MECHANICAL_DESIGN_GEOMETRIC_PRESENTATION_REPRESENTATION (  '', ( #7868 ), #2582 ) ;
#11212 = B_SPLINE_CURVE_WITH_KNOTS ( 'NONE', 3,
 ( #6372, #819, #3529, #5443 ),
 .UNSPECIFIED., .F., .F.,
 ( 4, 4 ),
 ( 33.00000000000000000, 34.00000000000000000 ),
 .UNSPECIFIED. ) ;
#11213 = CARTESIAN_POINT ( 'NONE',  ( -0.2782910960930354283, -0.6250000000000000000, 0.8003260763302079139 ) ) ;
#11214 = CARTESIAN_POINT ( 'NONE',  ( -0.2796774399812640421, -0.6260000000000000009, 0.8103077523270277860 ) ) ;
#11215 = DIRECTION ( 'NONE',  ( -0.0000000000000000000, 1.000000000000000000, -0.0000000000000000000 ) ) ;
#11216 = VERTEX_POINT ( 'NONE', #1245 ) ;
#11217 =( NAMED_UNIT ( * ) SI_UNIT ( $, .STERADIAN. ) SOLID_ANGLE_UNIT ( ) );
#11218 = LINE ( 'NONE', #5680, #11383 ) ;
#11219 = ORIENTED_EDGE ( 'NONE', *, *, #7215, .T. ) ;
#11220 = SURFACE_SIDE_STYLE ('',( #6433 ) ) ;
#11221 =( GEOMETRIC_REPRESENTATION_CONTEXT ( 3 ) GLOBAL_UNCERTAINTY_ASSIGNED_CONTEXT ( ( #516 ) ) GLOBAL_UNIT_ASSIGNED_CONTEXT ( ( #192, #9667, #8475 ) ) REPRESENTATION_CONTEXT ( 'NONE', 'WORKASPACE' ) );
#11222 = FILL_AREA_STYLE ('',( #4687 ) ) ;
#11223 = UNCERTAINTY_MEASURE_WITH_UNIT (LENGTH_MEASURE( 1.000000000000000082E-05 ), #2657, 'distance_accuracy_value', 'NONE');
#11224 = EDGE_CURVE ( 'NONE', #9100, #7396, #1282, .T. ) ;
#11225 = DIRECTION ( 'NONE',  ( 1.000000000000000000, -0.0000000000000000000, -0.0000000000000000000 ) ) ;
#11226 = ORIENTED_EDGE ( 'NONE', *, *, #11552, .F. ) ;
#11227 = EDGE_CURVE ( 'NONE', #9919, #10482, #4025, .T. ) ;
#11228 = PRESENTATION_STYLE_ASSIGNMENT (( #12091 ) ) ;
#11229 = FILL_AREA_STYLE_COLOUR ( '', #2846 ) ;
#11230 = CARTESIAN_POINT ( 'NONE',  ( -0.3910528421177970060, -0.6260000000000000009, 0.7990090496363210226 ) ) ;
#11231 = STYLED_ITEM ( 'NONE', ( #11545 ), #537 ) ;
#11232 =( NAMED_UNIT ( * ) PLANE_ANGLE_UNIT ( ) SI_UNIT ( $, .RADIAN. ) );
#11233 = DIRECTION ( 'NONE',  ( 0.3315284183576487909, -0.0000000000000000000, 0.9434452330799470987 ) ) ;
#11234 = CARTESIAN_POINT ( 'NONE',  ( -0.7280339591190378989, -0.6260000000000000009, 0.8580133115399676269 ) ) ;
#11235 = FILL_AREA_STYLE ('',( #1061 ) ) ;
#11236 = SURFACE_STYLE_FILL_AREA ( #11354 ) ;
#11237 = CARTESIAN_POINT ( 'NONE',  ( -0.1479401119843161971, -0.6260000000000000009, 0.7376633325737549374 ) ) ;
#11238 = CARTESIAN_POINT ( 'NONE',  ( -0.4003760047674415068, -0.6260000000000000009, 0.6832839935504295692 ) ) ;
#11239 =( LENGTH_UNIT ( ) NAMED_UNIT ( * ) SI_UNIT ( .MILLI., .METRE. ) );
#11240 = ORIENTED_EDGE ( 'NONE', *, *, #4252, .F. ) ;
#11241 = PRESENTATION_LAYER_ASSIGNMENT (  '', '', ( #8866 ) ) ;
#11242 = EDGE_CURVE ( 'NONE', #3398, #5847, #1662, .T. ) ;
#11243 = CARTESIAN_POINT ( 'NONE',  ( -0.1479401119843161971, -0.6250000000000000000, 0.7376633325737549374 ) ) ;
#11244 = SURFACE_STYLE_FILL_AREA ( #4528 ) ;
#11245 = STYLED_ITEM ( 'NONE', ( #12019 ), #8883 ) ;
#11246 = CARTESIAN_POINT ( 'NONE',  ( -0.3055847413962120007, -0.6260000000000000009, 0.7317020538534013685 ) ) ;
#11247 =( NAMED_UNIT ( * ) PLANE_ANGLE_UNIT ( ) SI_UNIT ( $, .RADIAN. ) );
#11248 = ORIENTED_EDGE ( 'NONE', *, *, #11321, .T. ) ;
#11249 = CARTESIAN_POINT ( 'NONE',  ( -0.5983771205227886858, -0.6250000000000000000, 0.7876419363652877870 ) ) ;
#11250 = ORIENTED_EDGE ( 'NONE', *, *, #11613, .F. ) ;
#11251 = ORIENTED_EDGE ( 'NONE', *, *, #8368, .T. ) ;
#11252 = UNCERTAINTY_MEASURE_WITH_UNIT (LENGTH_MEASURE( 1.000000000000000082E-05 ), #9547, 'distance_accuracy_value', 'NONE');
#11253 = MECHANICAL_DESIGN_GEOMETRIC_PRESENTATION_REPRESENTATION (  '', ( #7502 ), #117 ) ;
#11254 = SURFACE_STYLE_USAGE ( .BOTH. , #1081 ) ;
#11255 = PRESENTATION_LAYER_ASSIGNMENT (  '', '', ( #9685 ) ) ;
#11256 = CARTESIAN_POINT ( 'NONE',  ( -0.3657347368554498823, -0.6250000000000000000, 0.7123972152069356634 ) ) ;
#11257 = LINE ( 'NONE', #5716, #4609 ) ;
#11258 = DIRECTION ( 'NONE',  ( -0.5048830486499229497, 0.0000000000000000000, 0.8631877589412164653 ) ) ;
#11259 = FACE_OUTER_BOUND ( 'NONE', #3996, .T. ) ;
#11260 = VECTOR ( 'NONE', #11225, 1000.000000000000000 ) ;
#11261 = LINE ( 'NONE', #6523, #11965 ) ;
#11262 = DIRECTION ( 'NONE',  ( 1.000000000000000000, 0.0000000000000000000, 0.0000000000000000000 ) ) ;
#11263 = VECTOR ( 'NONE', #2873, 1000.000000000000000 ) ;
#11264 = ORIENTED_EDGE ( 'NONE', *, *, #10587, .T. ) ;
#11265 = ORIENTED_EDGE ( 'NONE', *, *, #5935, .T. ) ;
#11266 = DIRECTION ( 'NONE',  ( -0.0000000000000000000, -0.0000000000000000000, 1.000000000000000000 ) ) ;
#11267 = B_SPLINE_CURVE_WITH_KNOTS ( 'NONE', 3,
 ( #554, #10080, #9908, #3258 ),
 .UNSPECIFIED., .F., .F.,
 ( 4, 4 ),
 ( 7.000000000000000000, 8.000000000000000000 ),
 .UNSPECIFIED. ) ;
#11268 = B_SPLINE_CURVE_WITH_KNOTS ( 'NONE', 3,
 ( #3395, #679, #9928, #2488 ),
 .UNSPECIFIED., .F., .F.,
 ( 4, 4 ),
 ( 2.000000000000000000, 3.000000000000000000 ),
 .UNSPECIFIED. ) ;
#11269 = EDGE_CURVE ( 'NONE', #1845, #10534, #5315, .T. ) ;
#11270 = VECTOR ( 'NONE', #11909, 1000.000000000000000 ) ;
#11271 = AXIS2_PLACEMENT_3D ( 'NONE', #3538, #5515, #4573 ) ;
#11272 = EDGE_CURVE ( 'NONE', #772, #7326, #11028, .T. ) ;
#11273 = PRESENTATION_LAYER_ASSIGNMENT (  '', '', ( #4588 ) ) ;
#11274 = STYLED_ITEM ( 'NONE', ( #8272 ), #8341 ) ;
#11275 = LINE ( 'NONE', #5796, #7875 ) ;
#11276 = CARTESIAN_POINT ( 'NONE',  ( -0.4000000000000004108, -0.2250000000000001166, -0.01000000000000000021 ) ) ;
#11277 =( LENGTH_UNIT ( ) NAMED_UNIT ( * ) SI_UNIT ( .MILLI., .METRE. ) );
#11278 = VERTEX_POINT ( 'NONE', #1726 ) ;
#11279 =( NAMED_UNIT ( * ) SI_UNIT ( $, .STERADIAN. ) SOLID_ANGLE_UNIT ( ) );
#11280 = DIRECTION ( 'NONE',  ( -1.000000000000000000, 0.0000000000000000000, 0.0000000000000000000 ) ) ;
#11281 = VERTEX_POINT ( 'NONE', #11102 ) ;
#11282 = DIRECTION ( 'NONE',  ( -0.0000000000000000000, -1.000000000000000000, -0.0000000000000000000 ) ) ;
#11283 = COLOUR_RGB ( '',0.0000000000000000000, 0.0000000000000000000, 0.0000000000000000000 ) ;
#11284 = UNCERTAINTY_MEASURE_WITH_UNIT (LENGTH_MEASURE( 1.000000000000000082E-05 ), #5445, 'distance_accuracy_value', 'NONE');
#11285 = VERTEX_POINT ( 'NONE', #7105 ) ;
#11286 = EDGE_CURVE ( 'NONE', #11004, #8145, #11212, .T. ) ;
#11287 = VECTOR ( 'NONE', #8270, 1000.000000000000000 ) ;
#11288 =( GEOMETRIC_REPRESENTATION_CONTEXT ( 3 ) GLOBAL_UNCERTAINTY_ASSIGNED_CONTEXT ( ( #11951 ) ) GLOBAL_UNIT_ASSIGNED_CONTEXT ( ( #8521, #10274, #8396 ) ) REPRESENTATION_CONTEXT ( 'NONE', 'WORKASPACE' ) );
#11289 = CARTESIAN_POINT ( 'NONE',  ( -0.7564717049682050387, -0.6250000000000000000, 0.8377694897730677548 ) ) ;
#11290 = VECTOR ( 'NONE', #5766, 1000.000000000000000 ) ;
#11291 = VECTOR ( 'NONE', #6955, 1000.000000000000000 ) ;
#11292 = SURFACE_SIDE_STYLE ('',( #11974 ) ) ;
#11293 = FILL_AREA_STYLE ('',( #5569 ) ) ;
#11294 = SURFACE_SIDE_STYLE ('',( #89 ) ) ;
#11295 =( GEOMETRIC_REPRESENTATION_CONTEXT ( 3 ) GLOBAL_UNCERTAINTY_ASSIGNED_CONTEXT ( ( #8610 ) ) GLOBAL_UNIT_ASSIGNED_CONTEXT ( ( #3172, #4952, #9766 ) ) REPRESENTATION_CONTEXT ( 'NONE', 'WORKASPACE' ) );
#11296 = CARTESIAN_POINT ( 'NONE',  ( -0.4404586724415291421, -0.6250000000000000000, 0.7510762096942074084 ) ) ;
#11297 = CARTESIAN_POINT ( 'NONE',  ( -0.1503142258933072295, -0.6250000000000000000, 0.7376633325737549374 ) ) ;
#11298 = FILL_AREA_STYLE_COLOUR ( '', #7838 ) ;
#11299 = DIRECTION ( 'NONE',  ( 1.000000000000000000, -0.0000000000000000000, -0.0000000000000000000 ) ) ;
#11300 = B_SPLINE_SURFACE_WITH_KNOTS ( 'NONE', 3, 1, ( 
 ( #11009, #8585 ),
 ( #1817, #6464 ),
 ( #5780, #4610 ),
 ( #11196, #5541 ) ),
 .UNSPECIFIED., .F., .F., .F.,
 ( 4, 4 ),
 ( 2, 2 ),
 ( 1.000000000000000000, 2.000000000000000000 ),
 ( 0.0000000000000000000, 1.000000000000000000 ),
 .UNSPECIFIED. ) ;
#11301 = CARTESIAN_POINT ( 'NONE',  ( -0.4093872400420847657, -0.6250000000000000000, 0.7328111289642612602 ) ) ;
#11302 = DIRECTION ( 'NONE',  ( -1.000000000000000000, -0.0000000000000000000, -0.0000000000000000000 ) ) ;
#11303 = CARTESIAN_POINT ( 'NONE',  ( -0.4039458402799911418, -0.6260000000000000009, 0.6850169234108318683 ) ) ;
#11304 = ORIENTED_EDGE ( 'NONE', *, *, #1964, .T. ) ;
#11305 = ORIENTED_EDGE ( 'NONE', *, *, #5413, .F. ) ;
#11306 =( GEOMETRIC_REPRESENTATION_CONTEXT ( 3 ) GLOBAL_UNCERTAINTY_ASSIGNED_CONTEXT ( ( #6055 ) ) GLOBAL_UNIT_ASSIGNED_CONTEXT ( ( #8557, #6723, #11643 ) ) REPRESENTATION_CONTEXT ( 'NONE', 'WORKASPACE' ) );
#11307 = SURFACE_STYLE_USAGE ( .BOTH. , #1962 ) ;
#11308 = CARTESIAN_POINT ( 'NONE',  ( -0.3725278219086046172, -0.6260000000000000009, 0.8586218368384853639 ) ) ;
#11309 = LINE ( 'NONE', #12048, #2866 ) ;
#11310 = LINE ( 'NONE', #4592, #10061 ) ;
#11311 = CARTESIAN_POINT ( 'NONE',  ( -0.7733415644850640813, -0.6260000000000000009, 0.6647330452529338629 ) ) ;
#11312 = DIRECTION ( 'NONE',  ( -0.0000000000000000000, 1.000000000000000000, -0.0000000000000000000 ) ) ;
#11313 = EDGE_LOOP ( 'NONE', ( #10515, #1731, #11399, #6378 ) ) ;
#11314 = ORIENTED_EDGE ( 'NONE', *, *, #268, .T. ) ;
#11315 = B_SPLINE_SURFACE_WITH_KNOTS ( 'NONE', 3, 1, ( 
 ( #7170, #3358 ),
 ( #7108, #6196 ),
 ( #2449, #2569 ),
 ( #7343, #5319 ) ),
 .UNSPECIFIED., .F., .F., .F.,
 ( 4, 4 ),
 ( 2, 2 ),
 ( 11.00000000000000000, 12.00000000000000000 ),
 ( 0.0000000000000000000, 1.000000000000000000 ),
 .UNSPECIFIED. ) ;
#11316 = ORIENTED_EDGE ( 'NONE', *, *, #124, .T. ) ;
#11317 =( NAMED_UNIT ( * ) PLANE_ANGLE_UNIT ( ) SI_UNIT ( $, .RADIAN. ) );
#11318 = MECHANICAL_DESIGN_GEOMETRIC_PRESENTATION_REPRESENTATION (  '', ( #4251 ), #6995 ) ;
#11319 = EDGE_CURVE ( 'NONE', #911, #5128, #2580, .T. ) ;
#11320 = FACE_OUTER_BOUND ( 'NONE', #4717, .T. ) ;
#11321 = EDGE_CURVE ( 'NONE', #8478, #5908, #11370, .T. ) ;
#11322 = CARTESIAN_POINT ( 'NONE',  ( -0.4205473083438770465, -0.6260000000000000009, 0.8443424947878321873 ) ) ;
#11323 = CARTESIAN_POINT ( 'NONE',  ( -0.2788802922454052813, -0.6260000000000000009, 0.7138182176927964084 ) ) ;
#11324 =( LENGTH_UNIT ( ) NAMED_UNIT ( * ) SI_UNIT ( .MILLI., .METRE. ) );
#11325 =( LENGTH_UNIT ( ) NAMED_UNIT ( * ) SI_UNIT ( .MILLI., .METRE. ) );
#11326 = SURFACE_STYLE_USAGE ( .BOTH. , #10219 ) ;
#11327 = SURFACE_STYLE_USAGE ( .BOTH. , #131 ) ;
#11328 = VECTOR ( 'NONE', #3843, 1000.000000000000000 ) ;
#11329 = UNCERTAINTY_MEASURE_WITH_UNIT (LENGTH_MEASURE( 1.000000000000000082E-05 ), #9001, 'distance_accuracy_value', 'NONE');
#11330 = ORIENTED_EDGE ( 'NONE', *, *, #1784, .T. ) ;
#11331 = ORIENTED_EDGE ( 'NONE', *, *, #366, .T. ) ;
#11332 = EDGE_CURVE ( 'NONE', #3069, #6246, #119, .T. ) ;
#11333 =( NAMED_UNIT ( * ) PLANE_ANGLE_UNIT ( ) SI_UNIT ( $, .RADIAN. ) );
#11334 = SURFACE_STYLE_USAGE ( .BOTH. , #8476 ) ;
#11335 = FILL_AREA_STYLE ('',( #4066 ) ) ;
#11336 = ORIENTED_EDGE ( 'NONE', *, *, #7773, .T. ) ;
#11337 =( NAMED_UNIT ( * ) SI_UNIT ( $, .STERADIAN. ) SOLID_ANGLE_UNIT ( ) );
#11338 = ORIENTED_EDGE ( 'NONE', *, *, #2931, .T. ) ;
#11339 =( LENGTH_UNIT ( ) NAMED_UNIT ( * ) SI_UNIT ( .MILLI., .METRE. ) );
#11340 = CARTESIAN_POINT ( 'NONE',  ( -0.1933948622259264172, -0.6260000000000000009, 0.6927804491859308467 ) ) ;
#11341 = ORIENTED_EDGE ( 'NONE', *, *, #6110, .F. ) ;
#11342 = EDGE_CURVE ( 'NONE', #8811, #9103, #9185, .T. ) ;
#11343 = ORIENTED_EDGE ( 'NONE', *, *, #8114, .T. ) ;
#11344 = B_SPLINE_CURVE_WITH_KNOTS ( 'NONE', 3,
 ( #2900, #10163, #7438, #6596 ),
 .UNSPECIFIED., .F., .F.,
 ( 4, 4 ),
 ( 19.00000000000000000, 20.00000000000000000 ),
 .UNSPECIFIED. ) ;
#11345 = SURFACE_STYLE_FILL_AREA ( #7639 ) ;
#11346 = MECHANICAL_DESIGN_GEOMETRIC_PRESENTATION_REPRESENTATION (  '', ( #4077 ), #10949 ) ;
#11347 = CARTESIAN_POINT ( 'NONE',  ( -0.1933948622259264172, -0.6250000000000000000, 0.6927804491859308467 ) ) ;
#11348 =( LENGTH_UNIT ( ) NAMED_UNIT ( * ) SI_UNIT ( .MILLI., .METRE. ) );
#11349 = PRESENTATION_STYLE_ASSIGNMENT (( #6848 ) ) ;
#11350 = CARTESIAN_POINT ( 'NONE',  ( -0.3748846065190087895, -0.6260000000000000009, 0.7289640246736514007 ) ) ;
#11351 = B_SPLINE_SURFACE_WITH_KNOTS ( 'NONE', 3, 1, ( 
 ( #9806, #3279 ),
 ( #626, #3465 ),
 ( #10957, #2550 ),
 ( #6299, #7030 ) ),
 .UNSPECIFIED., .F., .F., .F.,
 ( 4, 4 ),
 ( 2, 2 ),
 ( 4.000000000000000000, 5.000000000000000000 ),
 ( 0.0000000000000000000, 1.000000000000000000 ),
 .UNSPECIFIED. ) ;
#11352 = PRESENTATION_STYLE_ASSIGNMENT (( #10437 ) ) ;
#11353 = LINE ( 'NONE', #9566, #11597 ) ;
#11354 = FILL_AREA_STYLE ('',( #4638 ) ) ;
#11355 = ADVANCED_FACE ( 'NONE', ( #5505 ), #3628, .T. ) ;
#11356 = DIRECTION ( 'NONE',  ( 0.0000000000000000000, 0.0000000000000000000, 1.000000000000000000 ) ) ;
#11357 = MECHANICAL_DESIGN_GEOMETRIC_PRESENTATION_REPRESENTATION (  '', ( #4470 ), #4856 ) ;
#11358 = CARTESIAN_POINT ( 'NONE',  ( -0.1923724336084561837, -0.6260000000000000009, 0.7093472586526470280 ) ) ;
#11359 = ORIENTED_EDGE ( 'NONE', *, *, #2087, .T. ) ;
#11360 = ORIENTED_EDGE ( 'NONE', *, *, #9940, .F. ) ;
#11361 = CARTESIAN_POINT ( 'NONE',  ( -0.6856183391259830229, -0.6260000000000000009, 0.7042566982596960568 ) ) ;
#11362 = COLOUR_RGB ( '',0.0000000000000000000, 0.0000000000000000000, 0.0000000000000000000 ) ;
#11363 = FILL_AREA_STYLE_COLOUR ( '', #10109 ) ;
#11364 = STYLED_ITEM ( 'NONE', ( #9346 ), #10896 ) ;
#11365 = SURFACE_STYLE_USAGE ( .BOTH. , #1255 ) ;
#11366 = EDGE_CURVE ( 'NONE', #10305, #6302, #11663, .T. ) ;
#11367 = CARTESIAN_POINT ( 'NONE',  ( -0.3193268751902511582, -0.6260000000000000009, 0.6935429383246171087 ) ) ;
#11368 = LINE ( 'NONE', #3797, #9858 ) ;
#11369 = LINE ( 'NONE', #226, #8373 ) ;
#11370 = B_SPLINE_CURVE_WITH_KNOTS ( 'NONE', 3,
 ( #10856, #2623, #8020, #1780 ),
 .UNSPECIFIED., .F., .F.,
 ( 4, 4 ),
 ( 7.000000000000000000, 8.000000000000000000 ),
 .UNSPECIFIED. ) ;
#11371 = CARTESIAN_POINT ( 'NONE',  ( -0.3046143006744966297, -0.6250000000000000000, 0.7908296206947073026 ) ) ;
#11372 = DIRECTION ( 'NONE',  ( -0.0000000000000000000, -0.0000000000000000000, -1.000000000000000000 ) ) ;
#11373 = ORIENTED_EDGE ( 'NONE', *, *, #1906, .F. ) ;
#11374 = DIRECTION ( 'NONE',  ( 1.000000000000000000, 0.0000000000000000000, -0.0000000000000000000 ) ) ;
#11375 = AXIS2_PLACEMENT_3D ( 'NONE', #4547, #3336, #7088 ) ;
#11376 = STYLED_ITEM ( 'NONE', ( #9884 ), #7377 ) ;
#11377 = ORIENTED_EDGE ( 'NONE', *, *, #4123, .F. ) ;
#11378 = PRESENTATION_LAYER_ASSIGNMENT (  '', '', ( #7253 ) ) ;
#11379 = ORIENTED_EDGE ( 'NONE', *, *, #1921, .F. ) ;
#11380 = EDGE_CURVE ( 'NONE', #1770, #705, #10003, .T. ) ;
#11381 = UNCERTAINTY_MEASURE_WITH_UNIT (LENGTH_MEASURE( 1.000000000000000082E-05 ), #800, 'distance_accuracy_value', 'NONE');
#11382 = COLOUR_RGB ( '',0.0000000000000000000, 0.0000000000000000000, 0.0000000000000000000 ) ;
#11383 = VECTOR ( 'NONE', #78, 1000.000000000000000 ) ;
#11384 = CARTESIAN_POINT ( 'NONE',  ( -0.3715747104854764671, -0.6260000000000000009, 0.7213391332872367556 ) ) ;
#11385 = SURFACE_SIDE_STYLE ('',( #9534 ) ) ;
#11386 = FILL_AREA_STYLE_COLOUR ( '', #4301 ) ;
#11387 =( NAMED_UNIT ( * ) SI_UNIT ( $, .STERADIAN. ) SOLID_ANGLE_UNIT ( ) );
#11388 = FACE_OUTER_BOUND ( 'NONE', #593, .T. ) ;
#11389 = ORIENTED_EDGE ( 'NONE', *, *, #2883, .F. ) ;
#11390 = UNCERTAINTY_MEASURE_WITH_UNIT (LENGTH_MEASURE( 1.000000000000000082E-05 ), #8501, 'distance_accuracy_value', 'NONE');
#11391 = ORIENTED_EDGE ( 'NONE', *, *, #3020, .T. ) ;
#11392 = SURFACE_STYLE_FILL_AREA ( #10356 ) ;
#11393 = STYLED_ITEM ( 'NONE', ( #7322 ), #11607 ) ;
#11394 = B_SPLINE_CURVE_WITH_KNOTS ( 'NONE', 3,
 ( #5682, #1048, #9433, #7452 ),
 .UNSPECIFIED., .F., .F.,
 ( 4, 4 ),
 ( 17.00000000000000000, 18.00000000000000000 ),
 .UNSPECIFIED. ) ;
#11395 = EDGE_CURVE ( 'NONE', #8690, #8773, #8306, .T. ) ;
#11396 = EDGE_CURVE ( 'NONE', #2506, #3993, #991, .T. ) ;
#11397 = DIRECTION ( 'NONE',  ( 4.336808689942018352E-17, 1.000000000000000000, 0.0000000000000000000 ) ) ;
#11398 = CARTESIAN_POINT ( 'NONE',  ( -0.2788802922454052813, -0.6260000000000000009, 0.6910128607283587687 ) ) ;
#11399 = ORIENTED_EDGE ( 'NONE', *, *, #4312, .F. ) ;
#11400 = DIRECTION ( 'NONE',  ( -1.000000000000000000, 0.0000000000000000000, 0.0000000000000000000 ) ) ;
#11401 = CARTESIAN_POINT ( 'NONE',  ( -0.7603276670791284664, -0.6260000000000000009, 0.8377694897730677548 ) ) ;
#11402 =( NAMED_UNIT ( * ) SI_UNIT ( $, .STERADIAN. ) SOLID_ANGLE_UNIT ( ) );
#11403 = SURFACE_STYLE_USAGE ( .BOTH. , #1104 ) ;
#11404 = ORIENTED_EDGE ( 'NONE', *, *, #2161, .F. ) ;
#11405 = CARTESIAN_POINT ( 'NONE',  ( -0.3748846065190087895, -0.6250000000000000000, 0.7289640246736514007 ) ) ;
#11406 = ORIENTED_EDGE ( 'NONE', *, *, #3599, .F. ) ;
#11407 = LINE ( 'NONE', #3650, #5566 ) ;
#11408 = UNCERTAINTY_MEASURE_WITH_UNIT (LENGTH_MEASURE( 1.000000000000000082E-05 ), #3760, 'distance_accuracy_value', 'NONE');
#11409 = EDGE_LOOP ( 'NONE', ( #29, #1447, #2959, #6226 ) ) ;
#11410 = COLOUR_RGB ( '',0.0000000000000000000, 0.0000000000000000000, 0.0000000000000000000 ) ;
#11411 = CARTESIAN_POINT ( 'NONE',  ( -0.1503142258933073128, -0.6260000000000000009, 0.7376633325737549374 ) ) ;
#11412 = FILL_AREA_STYLE_COLOUR ( '', #6589 ) ;
#11413 = FILL_AREA_STYLE ('',( #9623 ) ) ;
#11414 = CARTESIAN_POINT ( 'NONE',  ( -0.2338934330665299044, -0.6250000000000000000, 0.8499571875360144579 ) ) ;
#11415 = CARTESIAN_POINT ( 'NONE',  ( -0.4003760047674415068, -0.6260000000000000009, 0.7140608278734577041 ) ) ;
#11416 = DIRECTION ( 'NONE',  ( -0.0000000000000000000, 1.000000000000000000, -0.0000000000000000000 ) ) ;
#11417 = FACE_OUTER_BOUND ( 'NONE', #5367, .T. ) ;
#11418 = LINE ( 'NONE', #11485, #6896 ) ;
#11419 = DIRECTION ( 'NONE',  ( -1.000000000000000000, 0.0000000000000000000, 0.0000000000000000000 ) ) ;
#11420 = CARTESIAN_POINT ( 'NONE',  ( -0.3760456695256259030, -0.6250000000000000000, 0.6906316161590131397 ) ) ;
#11421 = CARTESIAN_POINT ( 'NONE',  ( -0.3279915244931836393, -0.6260000000000000009, 0.6745846856503245892 ) ) ;
#11422 = EDGE_LOOP ( 'NONE', ( #8549, #1142, #10767, #5597 ) ) ;
#11423 = VERTEX_POINT ( 'NONE', #6540 ) ;
#11424 = STYLED_ITEM ( 'NONE', ( #9738 ), #3565 ) ;
#11425 = SURFACE_STYLE_FILL_AREA ( #5944 ) ;
#11426 = EDGE_CURVE ( 'NONE', #6706, #4568, #1985, .T. ) ;
#11427 = VECTOR ( 'NONE', #3527, 1000.000000000000000 ) ;
#11428 = B_SPLINE_CURVE_WITH_KNOTS ( 'NONE', 3,
 ( #7005, #1511, #8968, #2652 ),
 .UNSPECIFIED., .F., .F.,
 ( 4, 4 ),
 ( 11.00000000000000000, 12.00000000000000000 ),
 .UNSPECIFIED. ) ;
#11429 = EDGE_CURVE ( 'NONE', #5931, #3158, #11218, .T. ) ;
#11430 = CARTESIAN_POINT ( 'NONE',  ( -0.3715747104854764671, -0.6260000000000000009, 0.7193982518438081231 ) ) ;
#11431 = FACE_OUTER_BOUND ( 'NONE', #10601, .T. ) ;
#11432 = ADVANCED_FACE ( 'NONE', ( #2968 ), #9023, .F. ) ;
#11433 = FACE_OUTER_BOUND ( 'NONE', #6471, .T. ) ;
#11434 = SURFACE_SIDE_STYLE ('',( #5026 ) ) ;
#11435 = PRESENTATION_STYLE_ASSIGNMENT (( #52 ) ) ;
#11436 = SURFACE_STYLE_FILL_AREA ( #12053 ) ;
#11437 = VERTEX_POINT ( 'NONE', #7633 ) ;
#11438 =( GEOMETRIC_REPRESENTATION_CONTEXT ( 3 ) GLOBAL_UNCERTAINTY_ASSIGNED_CONTEXT ( ( #10782 ) ) GLOBAL_UNIT_ASSIGNED_CONTEXT ( ( #2091, #3112, #6920 ) ) REPRESENTATION_CONTEXT ( 'NONE', 'WORKASPACE' ) );
#11439 = ORIENTED_EDGE ( 'NONE', *, *, #3830, .F. ) ;
#11440 = VERTEX_POINT ( 'NONE', #2788 ) ;
#11441 = DIRECTION ( 'NONE',  ( 1.000000000000000000, -0.0000000000000000000, -0.0000000000000000000 ) ) ;
#11442 = COLOUR_RGB ( '',0.0000000000000000000, 0.0000000000000000000, 0.0000000000000000000 ) ;
#11443 = VECTOR ( 'NONE', #5325, 1000.000000000000000 ) ;
#11444 = CARTESIAN_POINT ( 'NONE',  ( -0.6856183391259830229, -0.6260000000000000009, 0.7042566982596960568 ) ) ;
#11445 = FILL_AREA_STYLE_COLOUR ( '', #8335 ) ;
#11446 = DIRECTION ( 'NONE',  ( -0.9345104387417472180, 0.0000000000000000000, -0.3559357243698743622 ) ) ;
#11447 = CARTESIAN_POINT ( 'NONE',  ( -0.3200720350303527528, -0.6250000000000000000, 0.6913247881028975472 ) ) ;
#11448 = FACE_OUTER_BOUND ( 'NONE', #4235, .T. ) ;
#11449 = FILL_AREA_STYLE_COLOUR ( '', #5282 ) ;
#11450 = CARTESIAN_POINT ( 'NONE',  ( -0.2383643921062167659, -0.6260000000000000009, 0.6832839935504295692 ) ) ;
#11451 = COLOUR_RGB ( '',0.0000000000000000000, 0.0000000000000000000, 0.0000000000000000000 ) ;
#11453 = VERTEX_POINT ( 'NONE', #9552 ) ;
#11452 = UNCERTAINTY_MEASURE_WITH_UNIT (LENGTH_MEASURE( 1.000000000000000082E-05 ), #4584, 'distance_accuracy_value', 'NONE');
#11454 = AXIS2_PLACEMENT_3D ( 'NONE', #7643, #6908, #1312 ) ;
#11455 = ORIENTED_EDGE ( 'NONE', *, *, #7235, .T. ) ;
#11456 = VERTEX_POINT ( 'NONE', #4562 ) ;
#11457 = B_SPLINE_SURFACE_WITH_KNOTS ( 'NONE', 3, 1, ( 
 ( #6445, #6797 ),
 ( #465, #4219 ),
 ( #4942, #4883 ),
 ( #2987, #9760 ) ),
 .UNSPECIFIED., .F., .F., .F.,
 ( 4, 4 ),
 ( 2, 2 ),
 ( 4.000000000000000000, 5.000000000000000000 ),
 ( 0.0000000000000000000, 1.000000000000000000 ),
 .UNSPECIFIED. ) ;
#11458 = VECTOR ( 'NONE', #24, 1000.000000000000000 ) ;
#11459 = PLANE ( 'NONE',  #9054 ) ;
#11460 = CARTESIAN_POINT ( 'NONE',  ( -0.4156777754357973698, -0.6250000000000000000, 0.7055001543620371685 ) ) ;
#11461 = CARTESIAN_POINT ( 'NONE',  ( -0.2197180668069256271, -0.6260000000000000009, 0.6832839935504295692 ) ) ;
#11462 = MECHANICAL_DESIGN_GEOMETRIC_PRESENTATION_REPRESENTATION (  '', ( #9686 ), #6537 ) ;
#11463 = FACE_OUTER_BOUND ( 'NONE', #7696, .T. ) ;
#11464 = CARTESIAN_POINT ( 'NONE',  ( 1.000000000000000000, -0.6250000000000000000, 0.0000000000000000000 ) ) ;
#11465 = CARTESIAN_POINT ( 'NONE',  ( 1.000000000000000000, 0.6250000000000000000, -0.01000000000000000021 ) ) ;
#11466 = EDGE_LOOP ( 'NONE', ( #11614, #7312, #1336, #6178 ) ) ;
#11467 = UNCERTAINTY_MEASURE_WITH_UNIT (LENGTH_MEASURE( 1.000000000000000082E-05 ), #10978, 'distance_accuracy_value', 'NONE');
#11468 = VERTEX_POINT ( 'NONE', #6713 ) ;
#11469 = SURFACE_SIDE_STYLE ('',( #6966 ) ) ;
#11470 = VERTEX_POINT ( 'NONE', #2727 ) ;
#11471 = CARTESIAN_POINT ( 'NONE',  ( -0.3432586365643671700, -0.6250000000000000000, 0.7317020538534014795 ) ) ;
#11472 = COLOUR_RGB ( '',0.0000000000000000000, 0.0000000000000000000, 1.000000000000000000 ) ;
#11473 = AXIS2_PLACEMENT_3D ( 'NONE', #4413, #8158, #3492 ) ;
#11474 = EDGE_CURVE ( 'NONE', #3353, #6939, #1434, .T. ) ;
#11475 = DIRECTION ( 'NONE',  ( 0.3315284183504039750, -0.0000000000000000000, 0.9434452330824930621 ) ) ;
#11476 = B_SPLINE_SURFACE_WITH_KNOTS ( 'NONE', 3, 1, ( 
 ( #3148, #8868 ),
 ( #4264, #6118 ),
 ( #10781, #2375 ),
 ( #9871, #7035 ) ),
 .UNSPECIFIED., .F., .F., .F.,
 ( 4, 4 ),
 ( 2, 2 ),
 ( 35.00000000000000000, 36.00000000000000000 ),
 ( 0.0000000000000000000, 1.000000000000000000 ),
 .UNSPECIFIED. ) ;
#11477 = SURFACE_SIDE_STYLE ('',( #4635 ) ) ;
#11478 = ORIENTED_EDGE ( 'NONE', *, *, #4437, .F. ) ;
#11479 = EDGE_CURVE ( 'NONE', #4807, #1870, #5560, .T. ) ;
#11480 = STYLED_ITEM ( 'NONE', ( #3766 ), #9780 ) ;
#11481 = PRESENTATION_LAYER_ASSIGNMENT (  '', '', ( #1098 ) ) ;
#11482 = CARTESIAN_POINT ( 'NONE',  ( -0.2782910960930354283, -0.6260000000000000009, 0.8003260763302079139 ) ) ;
#11483 = DIRECTION ( 'NONE',  ( 1.000000000000000000, 0.0000000000000000000, 0.0000000000000000000 ) ) ;
#11484 = CARTESIAN_POINT ( 'NONE',  ( -0.7791254984578782627, -0.6250000000000000000, 0.7163065913478932067 ) ) ;
#11485 = CARTESIAN_POINT ( 'NONE',  ( -0.2788802922454052813, -0.6250000000000000000, 0.7215817434678952758 ) ) ;
#11486 = VECTOR ( 'NONE', #9434, 1000.000000000000000 ) ;
#11487 = CARTESIAN_POINT ( 'NONE',  ( -0.3803260062811051334, -0.6250000000000000000, 0.7156551233447130400 ) ) ;
#11488 = CARTESIAN_POINT ( 'NONE',  ( -0.4666259133354898614, -0.6250000000000000000, 0.7432780253219376521 ) ) ;
#11489 = ORIENTED_EDGE ( 'NONE', *, *, #1092, .T. ) ;
#11490 = ORIENTED_EDGE ( 'NONE', *, *, #7380, .F. ) ;
#11491 = DIRECTION ( 'NONE',  ( 1.000000000000000000, 0.0000000000000000000, 0.0000000000000000000 ) ) ;
#11492 = PRESENTATION_LAYER_ASSIGNMENT (  '', '', ( #5595 ) ) ;
#11493 = CARTESIAN_POINT ( 'NONE',  ( -0.3415083774051487775, -0.6260000000000000009, 0.6611718085298740055 ) ) ;
#11494 = CARTESIAN_POINT ( 'NONE',  ( -0.3563942449072202701, -0.6260000000000000009, 0.6956224541571924824 ) ) ;
#11495 = SURFACE_STYLE_FILL_AREA ( #2997 ) ;
#11496 = DIRECTION ( 'NONE',  ( -0.3409177962187288635, -0.0000000000000000000, -0.9400931103999035088 ) ) ;
#11497 =( NAMED_UNIT ( * ) SI_UNIT ( $, .STERADIAN. ) SOLID_ANGLE_UNIT ( ) );
#11498 = LINE ( 'NONE', #4232, #570 ) ;
#11499 =( NAMED_UNIT ( * ) PLANE_ANGLE_UNIT ( ) SI_UNIT ( $, .RADIAN. ) );
#11500 = VERTEX_POINT ( 'NONE', #4683 ) ;
#11501 = ORIENTED_EDGE ( 'NONE', *, *, #12062, .F. ) ;
#11502 = CARTESIAN_POINT ( 'NONE',  ( -0.7342999090408477425, -0.6260000000000000009, 0.6801568753099487274 ) ) ;
#11503 = VECTOR ( 'NONE', #3985, 1000.000000000000000 ) ;
#11504 = ORIENTED_EDGE ( 'NONE', *, *, #6634, .F. ) ;
#11505 = EDGE_CURVE ( 'NONE', #11281, #1022, #3767, .T. ) ;
#11506 = SURFACE_STYLE_FILL_AREA ( #7796 ) ;
#11507 = STYLED_ITEM ( 'NONE', ( #3972 ), #6140 ) ;
#11508 = CARTESIAN_POINT ( 'NONE',  ( -0.2328363458514246809, -0.6250000000000000000, 0.8452089597180335589 ) ) ;
#11509 = STYLED_ITEM ( 'NONE', ( #2977 ), #2567 ) ;
#11510 = SURFACE_STYLE_USAGE ( .BOTH. , #5897 ) ;
#11511 = CARTESIAN_POINT ( 'NONE',  ( -0.4389163648655687311, -0.6250000000000000000, 0.6832839935504295692 ) ) ;
#11512 = DIRECTION ( 'NONE',  ( -0.0000000000000000000, 1.000000000000000000, -0.0000000000000000000 ) ) ;
#11513 = PRESENTATION_STYLE_ASSIGNMENT (( #10586 ) ) ;
#11514 = SURFACE_STYLE_USAGE ( .BOTH. , #1928 ) ;
#11515 = CARTESIAN_POINT ( 'NONE',  ( -0.3672423858340090885, -0.6250000000000000000, 0.6821402598423972341 ) ) ;
#11516 =( LENGTH_UNIT ( ) NAMED_UNIT ( * ) SI_UNIT ( .MILLI., .METRE. ) );
#11517 = EDGE_CURVE ( 'NONE', #2674, #3381, #10363, .T. ) ;
#11518 = ORIENTED_EDGE ( 'NONE', *, *, #436, .T. ) ;
#11519 = STYLED_ITEM ( 'NONE', ( #4990 ), #6351 ) ;
#11520 = ORIENTED_EDGE ( 'NONE', *, *, #4023, .T. ) ;
#11521 = PRESENTATION_LAYER_ASSIGNMENT (  '', '', ( #381 ) ) ;
#11522 = ORIENTED_EDGE ( 'NONE', *, *, #2927, .T. ) ;
#11523 = LINE ( 'NONE', #5051, #2538 ) ;
#11524 = SURFACE_SIDE_STYLE ('',( #9604 ) ) ;
#11525 = CARTESIAN_POINT ( 'NONE',  ( -0.2772686674751027036, -0.6260000000000000009, 0.8253495835163686678 ) ) ;
#11526 = FILL_AREA_STYLE_COLOUR ( '', #9269 ) ;
#11527 = AXIS2_PLACEMENT_3D ( 'NONE', #5744, #5005, #4076 ) ;
#11528 = LINE ( 'NONE', #11398, #10869 ) ;
#11529 = MANIFOLD_SOLID_BREP ( '͹̨-����2[1]', #1759 ) ;
#11530 = FILL_AREA_STYLE_COLOUR ( '', #758 ) ;
#11531 =( NAMED_UNIT ( * ) SI_UNIT ( $, .STERADIAN. ) SOLID_ANGLE_UNIT ( ) );
#11532 = CARTESIAN_POINT ( 'NONE',  ( -0.3046143006744966297, -0.6250000000000000000, 0.7908296206947071916 ) ) ;
#11533 = CARTESIAN_POINT ( 'NONE',  ( -0.6191029513436797638, -0.6250000000000000000, 0.7129325992190329586 ) ) ;
#11534 = ORIENTED_EDGE ( 'NONE', *, *, #9459, .F. ) ;
#11535 = CARTESIAN_POINT ( 'NONE',  ( -0.4404586724415291421, -0.6260000000000000009, 0.7432780253219376521 ) ) ;
#11536 = VERTEX_POINT ( 'NONE', #2253 ) ;
#11537 =( LENGTH_UNIT ( ) NAMED_UNIT ( * ) SI_UNIT ( .MILLI., .METRE. ) );
#11538 = UNCERTAINTY_MEASURE_WITH_UNIT (LENGTH_MEASURE( 1.000000000000000082E-05 ), #4843, 'distance_accuracy_value', 'NONE');
#11539 = EDGE_LOOP ( 'NONE', ( #8552, #10049, #4867, #12072 ) ) ;
#11540 = FILL_AREA_STYLE ('',( #7957 ) ) ;
#11541 = ADVANCED_FACE ( 'NONE', ( #10777 ), #5599, .F. ) ;
#11542 = VECTOR ( 'NONE', #11989, 1000.000000000000000 ) ;
#11543 = SURFACE_SIDE_STYLE ('',( #7768 ) ) ;
#11544 = ORIENTED_EDGE ( 'NONE', *, *, #3129, .T. ) ;
#11545 = PRESENTATION_STYLE_ASSIGNMENT (( #3159 ) ) ;
#11546 = CARTESIAN_POINT ( 'NONE',  ( -1.000000000000000000, -0.6250000000000000000, 0.0000000000000000000 ) ) ;
#11547 = SURFACE_STYLE_FILL_AREA ( #2271 ) ;
#11548 = VERTEX_POINT ( 'NONE', #9610 ) ;
#11549 = EDGE_LOOP ( 'NONE', ( #7393, #2965, #2892, #8669, #114, #11250 ) ) ;
#11550 = VERTEX_POINT ( 'NONE', #6114 ) ;
#11551 = CARTESIAN_POINT ( 'NONE',  ( -0.7444218210733498653, -0.6260000000000000009, 0.6801568753099487274 ) ) ;
#11552 = EDGE_CURVE ( 'NONE', #8082, #11423, #3943, .T. ) ;
#11553 = EDGE_CURVE ( 'NONE', #6040, #5373, #1227, .T. ) ;
#11554 = CARTESIAN_POINT ( 'NONE',  ( -0.3909488663260510810, -0.6250000000000000000, 0.8505463836883847550 ) ) ;
#11555 = SURFACE_STYLE_FILL_AREA ( #10571 ) ;
#11556 =( NAMED_UNIT ( * ) SI_UNIT ( $, .STERADIAN. ) SOLID_ANGLE_UNIT ( ) );
#11557 = FILL_AREA_STYLE ('',( #8829 ) ) ;
#11558 = VECTOR ( 'NONE', #6727, 1000.000000000000000 ) ;
#11559 = DIRECTION ( 'NONE',  ( -0.0000000000000000000, -0.0000000000000000000, 1.000000000000000000 ) ) ;
#11560 = ORIENTED_EDGE ( 'NONE', *, *, #7097, .F. ) ;
#11561 = ORIENTED_EDGE ( 'NONE', *, *, #11044, .T. ) ;
#11562 = PRESENTATION_STYLE_ASSIGNMENT (( #9901 ) ) ;
#11563 = ORIENTED_EDGE ( 'NONE', *, *, #6823, .F. ) ;
#11564 = COLOUR_RGB ( '',0.0000000000000000000, 0.0000000000000000000, 0.0000000000000000000 ) ;
#11565 = STYLED_ITEM ( 'NONE', ( #3095 ), #10578 ) ;
#11566 = CARTESIAN_POINT ( 'NONE',  ( -0.4117093660553193257, -0.6260000000000000009, 0.7060546919176969860 ) ) ;
#11567 = SURFACE_SIDE_STYLE ('',( #10698 ) ) ;
#11568 = SURFACE_STYLE_FILL_AREA ( #8709 ) ;
#11569 = CARTESIAN_POINT ( 'NONE',  ( -0.7754799825393179358, 1.926562187460757182E-17, 0.9899999999999999911 ) ) ;
#11570 =( NAMED_UNIT ( * ) SI_UNIT ( $, .STERADIAN. ) SOLID_ANGLE_UNIT ( ) );
#11571 =( NAMED_UNIT ( * ) PLANE_ANGLE_UNIT ( ) SI_UNIT ( $, .RADIAN. ) );
#11572 =( GEOMETRIC_REPRESENTATION_CONTEXT ( 3 ) GLOBAL_UNCERTAINTY_ASSIGNED_CONTEXT ( ( #10353 ) ) GLOBAL_UNIT_ASSIGNED_CONTEXT ( ( #5076, #11797, #11610 ) ) REPRESENTATION_CONTEXT ( 'NONE', 'WORKASPACE' ) );
#11573 =( NAMED_UNIT ( * ) PLANE_ANGLE_UNIT ( ) SI_UNIT ( $, .RADIAN. ) );
#11574 = FACE_OUTER_BOUND ( 'NONE', #2976, .T. ) ;
#11575 = VECTOR ( 'NONE', #11997, 1000.000000000000000 ) ;
#11576 = FILL_AREA_STYLE_COLOUR ( '', #812 ) ;
#11577 = EDGE_CURVE ( 'NONE', #1297, #772, #8797, .T. ) ;
#11579 = EDGE_LOOP ( 'NONE', ( #6982, #1036, #9505, #9583 ) ) ;
#11578 = UNCERTAINTY_MEASURE_WITH_UNIT (LENGTH_MEASURE( 1.000000000000000082E-05 ), #6576, 'distance_accuracy_value', 'NONE');
#11580 = VERTEX_POINT ( 'NONE', #11465 ) ;
#11581 = FILL_AREA_STYLE_COLOUR ( '', #11564 ) ;
#11582 = PRESENTATION_LAYER_ASSIGNMENT (  '', '', ( #237 ) ) ;
#11583 = EDGE_CURVE ( 'NONE', #1633, #5641, #4928, .T. ) ;
#11584 = EDGE_CURVE ( 'NONE', #7730, #11751, #11592, .T. ) ;
#11585 = CARTESIAN_POINT ( 'NONE',  ( -0.6282608590586724606, -0.6250000000000000000, 0.7129325992190329586 ) ) ;
#11586 = CARTESIAN_POINT ( 'NONE',  ( -0.3145093301779258166, -0.6260000000000000009, 0.7985584878726350588 ) ) ;
#11587 = EDGE_CURVE ( 'NONE', #629, #3166, #410, .T. ) ;
#11588 =( NAMED_UNIT ( * ) PLANE_ANGLE_UNIT ( ) SI_UNIT ( $, .RADIAN. ) );
#11589 = STYLED_ITEM ( 'NONE', ( #6844 ), #1242 ) ;
#11590 = CARTESIAN_POINT ( 'NONE',  ( -0.1923724336084561837, -0.6260000000000000009, 0.7178039563720904903 ) ) ;
#11591 = DIRECTION ( 'NONE',  ( -0.0000000000000000000, 1.000000000000000000, -0.0000000000000000000 ) ) ;
#11592 = LINE ( 'NONE', #9676, #10214 ) ;
#11593 = ORIENTED_EDGE ( 'NONE', *, *, #9152, .T. ) ;
#11594 = FILL_AREA_STYLE_COLOUR ( '', #8452 ) ;
#11595 = CARTESIAN_POINT ( 'NONE',  ( -0.1865844478739556167, -0.6260000000000000009, 0.6991229724756291564 ) ) ;
#11596 = UNCERTAINTY_MEASURE_WITH_UNIT (LENGTH_MEASURE( 1.000000000000000082E-05 ), #4954, 'distance_accuracy_value', 'NONE');
#11597 = VECTOR ( 'NONE', #7463, 1000.000000000000000 ) ;
#11598 = EDGE_LOOP ( 'NONE', ( #10885, #10054, #11969, #12014 ) ) ;
#11599 = ORIENTED_EDGE ( 'NONE', *, *, #11395, .T. ) ;
#11600 =( NAMED_UNIT ( * ) PLANE_ANGLE_UNIT ( ) SI_UNIT ( $, .RADIAN. ) );
#11601 = DIRECTION ( 'NONE',  ( -0.0000000000000000000, 1.000000000000000000, -0.0000000000000000000 ) ) ;
#11602 =( LENGTH_UNIT ( ) NAMED_UNIT ( * ) SI_UNIT ( .MILLI., .METRE. ) );
#11603 =( LENGTH_UNIT ( ) NAMED_UNIT ( * ) SI_UNIT ( .MILLI., .METRE. ) );
#11604 = SURFACE_STYLE_FILL_AREA ( #4020 ) ;
#11605 = EDGE_LOOP ( 'NONE', ( #4072, #1569, #8599, #2062 ) ) ;
#11606 = SURFACE_STYLE_FILL_AREA ( #6006 ) ;
#11607 = ADVANCED_FACE ( 'NONE', ( #4992 ), #8326, .F. ) ;
#11608 = MECHANICAL_DESIGN_GEOMETRIC_PRESENTATION_REPRESENTATION (  '', ( #249 ), #5904 ) ;
#11609 = CARTESIAN_POINT ( 'NONE',  ( -0.8080452418693617744, -0.6260000000000000009, 0.7606502015892858681 ) ) ;
#11610 =( NAMED_UNIT ( * ) SI_UNIT ( $, .STERADIAN. ) SOLID_ANGLE_UNIT ( ) );
#11611 = CARTESIAN_POINT ( 'NONE',  ( -0.3211117929468702004, -0.6260000000000000009, 0.6953105267821917401 ) ) ;
#11612 = ORIENTED_EDGE ( 'NONE', *, *, #74, .F. ) ;
#11613 = EDGE_CURVE ( 'NONE', #4852, #5872, #8185, .T. ) ;
#11614 = ORIENTED_EDGE ( 'NONE', *, *, #175, .T. ) ;
#11615 = LINE ( 'NONE', #7783, #6790 ) ;
#11616 =( GEOMETRIC_REPRESENTATION_CONTEXT ( 3 ) GLOBAL_UNCERTAINTY_ASSIGNED_CONTEXT ( ( #9811 ) ) GLOBAL_UNIT_ASSIGNED_CONTEXT ( ( #11154, #10227, #3693 ) ) REPRESENTATION_CONTEXT ( 'NONE', 'WORKASPACE' ) );
#11617 = SURFACE_STYLE_USAGE ( .BOTH. , #1131 ) ;
#11618 = CARTESIAN_POINT ( 'NONE',  ( -0.3614717293985583169, -0.6250000000000000000, 0.7107336025408754754 ) ) ;
#11619 = DIRECTION ( 'NONE',  ( 0.0000000000000000000, 0.0000000000000000000, 1.000000000000000000 ) ) ;
#11620 = SURFACE_SIDE_STYLE ('',( #9897 ) ) ;
#11621 =( LENGTH_UNIT ( ) NAMED_UNIT ( * ) SI_UNIT ( .MILLI., .METRE. ) );
#11622 = FACE_OUTER_BOUND ( 'NONE', #2400, .T. ) ;
#11623 = ORIENTED_EDGE ( 'NONE', *, *, #2624, .F. ) ;
#11624 = CARTESIAN_POINT ( 'NONE',  ( -0.2527130513516755439, -0.6260000000000000009, 0.7432780253219376521 ) ) ;
#11625 = MECHANICAL_DESIGN_GEOMETRIC_PRESENTATION_REPRESENTATION (  '', ( #472 ), #11221 ) ;
#11626 = ORIENTED_EDGE ( 'NONE', *, *, #5027, .T. ) ;
#11627 = STYLED_ITEM ( 'NONE', ( #576 ), #813 ) ;
#11628 = FILL_AREA_STYLE_COLOUR ( '', #9943 ) ;
#11629 =( GEOMETRIC_REPRESENTATION_CONTEXT ( 3 ) GLOBAL_UNCERTAINTY_ASSIGNED_CONTEXT ( ( #3284 ) ) GLOBAL_UNIT_ASSIGNED_CONTEXT ( ( #9768, #2023, #4160 ) ) REPRESENTATION_CONTEXT ( 'NONE', 'WORKASPACE' ) );
#11630 = SURFACE_STYLE_USAGE ( .BOTH. , #555 ) ;
#11631 = COLOUR_RGB ( '',0.0000000000000000000, 0.0000000000000000000, 0.0000000000000000000 ) ;
#11632 = SURFACE_STYLE_FILL_AREA ( #6938 ) ;
#11633 = ORIENTED_EDGE ( 'NONE', *, *, #10457, .F. ) ;
#11634 =( NAMED_UNIT ( * ) SI_UNIT ( $, .STERADIAN. ) SOLID_ANGLE_UNIT ( ) );
#11635 = CARTESIAN_POINT ( 'NONE',  ( -0.3918846484508255457, -0.6260000000000000009, 0.6832839935504295692 ) ) ;
#11636 = CARTESIAN_POINT ( 'NONE',  ( -0.4210151994063787151, -0.6260000000000000009, 0.8046237423845037373 ) ) ;
#11637 = ORIENTED_EDGE ( 'NONE', *, *, #12007, .F. ) ;
#11638 = ORIENTED_EDGE ( 'NONE', *, *, #11661, .T. ) ;
#11639 = UNCERTAINTY_MEASURE_WITH_UNIT (LENGTH_MEASURE( 1.000000000000000082E-05 ), #23, 'distance_accuracy_value', 'NONE');
#11640 = STYLED_ITEM ( 'NONE', ( #4199 ), #4400 ) ;
#11641 = STYLED_ITEM ( 'NONE', ( #9015 ), #8457 ) ;
#11642 = MECHANICAL_DESIGN_GEOMETRIC_PRESENTATION_REPRESENTATION (  '', ( #5943 ), #1649 ) ;
#11643 =( NAMED_UNIT ( * ) SI_UNIT ( $, .STERADIAN. ) SOLID_ANGLE_UNIT ( ) );
#11644 = DIRECTION ( 'NONE',  ( -0.0000000000000000000, 1.000000000000000000, -0.0000000000000000000 ) ) ;
#11645 = SURFACE_STYLE_FILL_AREA ( #620 ) ;
#11646 = CARTESIAN_POINT ( 'NONE',  ( -0.2328363458514246809, -0.6260000000000000009, 0.8452089597180335589 ) ) ;
#11647 = PRESENTATION_LAYER_ASSIGNMENT (  '', '', ( #4748 ) ) ;
#11648 =( GEOMETRIC_REPRESENTATION_CONTEXT ( 3 ) GLOBAL_UNCERTAINTY_ASSIGNED_CONTEXT ( ( #580 ) ) GLOBAL_UNIT_ASSIGNED_CONTEXT ( ( #8679, #4816, #3898 ) ) REPRESENTATION_CONTEXT ( 'NONE', 'WORKASPACE' ) );
#11649 =( NAMED_UNIT ( * ) PLANE_ANGLE_UNIT ( ) SI_UNIT ( $, .RADIAN. ) );
#11650 = VECTOR ( 'NONE', #3290, 1000.000000000000000 ) ;
#11651 = SURFACE_STYLE_USAGE ( .BOTH. , #3038 ) ;
#11652 = ORIENTED_EDGE ( 'NONE', *, *, #7065, .F. ) ;
#11653 =( NAMED_UNIT ( * ) PLANE_ANGLE_UNIT ( ) SI_UNIT ( $, .RADIAN. ) );
#11654 = CARTESIAN_POINT ( 'NONE',  ( -0.3614717293985583169, -0.6260000000000000009, 0.7107336025408754754 ) ) ;
#11655 = ORIENTED_EDGE ( 'NONE', *, *, #5699, .T. ) ;
#11656 = FILL_AREA_STYLE_COLOUR ( '', #4188 ) ;
#11657 = UNCERTAINTY_MEASURE_WITH_UNIT (LENGTH_MEASURE( 1.000000000000000082E-05 ), #1912, 'distance_accuracy_value', 'NONE');
#11658 = ORIENTED_EDGE ( 'NONE', *, *, #6090, .T. ) ;
#11659 = EDGE_CURVE ( 'NONE', #8986, #8869, #6787, .T. ) ;
#11660 = EDGE_CURVE ( 'NONE', #3976, #2811, #9737, .T. ) ;
#11661 = EDGE_CURVE ( 'NONE', #11423, #7921, #11896, .T. ) ;
#11662 = CARTESIAN_POINT ( 'NONE',  ( -0.3366908323930571378, -0.6260000000000000009, 0.6677569419997686495 ) ) ;
#11663 = B_SPLINE_CURVE_WITH_KNOTS ( 'NONE', 3,
 ( #11910, #3476, #7227, #10968 ),
 .UNSPECIFIED., .F., .F.,
 ( 4, 4 ),
 ( 4.000000000000000000, 5.000000000000000000 ),
 .UNSPECIFIED. ) ;
#11664 = VECTOR ( 'NONE', #11372, 1000.000000000000000 ) ;
#11665 =( GEOMETRIC_REPRESENTATION_CONTEXT ( 3 ) GLOBAL_UNCERTAINTY_ASSIGNED_CONTEXT ( ( #7936 ) ) GLOBAL_UNIT_ASSIGNED_CONTEXT ( ( #11067, #10150, #5472 ) ) REPRESENTATION_CONTEXT ( 'NONE', 'WORKASPACE' ) );
#11666 = LINE ( 'NONE', #10850, #863 ) ;
#11667 = DIRECTION ( 'NONE',  ( -1.000000000000000000, 0.0000000000000000000, 0.0000000000000000000 ) ) ;
#11668 = ORIENTED_EDGE ( 'NONE', *, *, #2345, .T. ) ;
#11669 =( LENGTH_UNIT ( ) NAMED_UNIT ( * ) SI_UNIT ( .MILLI., .METRE. ) );
#11670 = CARTESIAN_POINT ( 'NONE',  ( -0.3499997337217647941, -0.6250000000000000000, 0.7306622959368811454 ) ) ;
#11671 = CARTESIAN_POINT ( 'NONE',  ( -0.4156951047343820371, -0.6250000000000000000, 0.7328111289642612602 ) ) ;
#11672 =( GEOMETRIC_REPRESENTATION_CONTEXT ( 3 ) GLOBAL_UNCERTAINTY_ASSIGNED_CONTEXT ( ( #3574 ) ) GLOBAL_UNIT_ASSIGNED_CONTEXT ( ( #419, #4163, #3114 ) ) REPRESENTATION_CONTEXT ( 'NONE', 'WORKASPACE' ) );
#11673 = CARTESIAN_POINT ( 'NONE',  ( -0.7492417691153342441, -0.6250000000000000000, 0.8368054992455673524 ) ) ;
#11674 = VERTEX_POINT ( 'NONE', #1476 ) ;
#11675 = AXIS2_PLACEMENT_3D ( 'NONE', #8038, #9775, #547 ) ;
#11676 = ADVANCED_FACE ( 'NONE', ( #3518 ), #7356, .F. ) ;
#11677 = ORIENTED_EDGE ( 'NONE', *, *, #10244, .T. ) ;
#11678 = VECTOR ( 'NONE', #8622, 1000.000000000000000 ) ;
#11679 = CARTESIAN_POINT ( 'NONE',  ( -0.6701944722960717638, -0.6250000000000000000, 0.8768111452172836495 ) ) ;
#11680 = CARTESIAN_POINT ( 'NONE',  ( -0.3637765261129762839, -0.6260000000000000009, 0.8291273706121738973 ) ) ;
#11681 = FILL_AREA_STYLE ('',( #2216 ) ) ;
#11682 = STYLED_ITEM ( 'NONE', ( #4629 ), #7365 ) ;
#11683 = CARTESIAN_POINT ( 'NONE',  ( -0.4159897028107981676, -0.6250000000000000000, 0.7259140681193632094 ) ) ;
#11684 = STYLED_ITEM ( 'NONE', ( #121 ), #8135 ) ;
#11685 = SURFACE_STYLE_USAGE ( .BOTH. , #11620 ) ;
#11686 = FILL_AREA_STYLE_COLOUR ( '', #5957 ) ;
#11687 = PRESENTATION_STYLE_ASSIGNMENT (( #5031 ) ) ;
#11688 = ORIENTED_EDGE ( 'NONE', *, *, #6902, .F. ) ;
#11689 = VERTEX_POINT ( 'NONE', #4730 ) ;
#11690 = CARTESIAN_POINT ( 'NONE',  ( -0.2782910960930354283, -0.6260000000000000009, 0.8496452601610127164 ) ) ;
#11691 = B_SPLINE_CURVE_WITH_KNOTS ( 'NONE', 3,
 ( #4924, #4003, #10544, #1993 ),
 .UNSPECIFIED., .F., .F.,
 ( 4, 4 ),
 ( 9.000000000000000000, 10.00000000000000000 ),
 .UNSPECIFIED. ) ;
#11692 = EDGE_CURVE ( 'NONE', #5079, #9777, #3752, .T. ) ;
#11693 = ORIENTED_EDGE ( 'NONE', *, *, #2035, .F. ) ;
#11694 = PRESENTATION_LAYER_ASSIGNMENT (  '', '', ( #8505 ) ) ;
#11695 = VECTOR ( 'NONE', #9846, 1000.000000000000000 ) ;
#11696 = SURFACE_STYLE_FILL_AREA ( #7922 ) ;
#11697 = CARTESIAN_POINT ( 'NONE',  ( -1.000000000000000000, -0.6250000000000000000, 1.000000000000000000 ) ) ;
#11698 = DIRECTION ( 'NONE',  ( -0.3897582650654642378, -0.0000000000000000000, -0.9209172030172740886 ) ) ;
#11699 = LINE ( 'NONE', #6818, #10307 ) ;
#11700 = DIRECTION ( 'NONE',  ( -0.0000000000000000000, -0.0000000000000000000, 1.000000000000000000 ) ) ;
#11701 = LINE ( 'NONE', #3259, #3184 ) ;
#11702 = ORIENTED_EDGE ( 'NONE', *, *, #6017, .T. ) ;
#11703 = PRESENTATION_LAYER_ASSIGNMENT (  '', '', ( #361 ) ) ;
#11704 = FILL_AREA_STYLE_COLOUR ( '', #5757 ) ;
#11705 = PLANE ( 'NONE',  #10000 ) ;
#11706 = ORIENTED_EDGE ( 'NONE', *, *, #11814, .T. ) ;
#11707 = ORIENTED_EDGE ( 'NONE', *, *, #9747, .F. ) ;
#11708 = SURFACE_STYLE_USAGE ( .BOTH. , #4186 ) ;
#11709 = VECTOR ( 'NONE', #6401, 1000.000000000000000 ) ;
#11710 = ADVANCED_FACE ( 'NONE', ( #7494 ), #867, .F. ) ;
#11711 = PRESENTATION_STYLE_ASSIGNMENT (( #9798 ) ) ;
#11712 = LINE ( 'NONE', #1410, #5910 ) ;
#11713 = CARTESIAN_POINT ( 'NONE',  ( -0.6046430612512586622, -0.6250000000000000000, 0.8517473662148278279 ) ) ;
#11714 = CARTESIAN_POINT ( 'NONE',  ( -0.4753772091311208592, -0.6260000000000000009, 0.6832839935504295692 ) ) ;
#11715 = DIRECTION ( 'NONE',  ( 0.0000000000000000000, 0.0000000000000000000, -1.000000000000000000 ) ) ;
#11717 =( GEOMETRIC_REPRESENTATION_CONTEXT ( 3 ) GLOBAL_UNCERTAINTY_ASSIGNED_CONTEXT ( ( #6350 ) ) GLOBAL_UNIT_ASSIGNED_CONTEXT ( ( #6836, #4859, #7405 ) ) REPRESENTATION_CONTEXT ( 'NONE', 'WORKASPACE' ) );
#11716 = CARTESIAN_POINT ( 'NONE',  ( -0.5511415432948721937, -0.6260000000000000009, 0.8049937842506608154 ) ) ;
#11718 = PLANE ( 'NONE',  #2203 ) ;
#11719 = CARTESIAN_POINT ( 'NONE',  ( -0.4666259133354898614, -0.6260000000000000009, 0.7215817434678952758 ) ) ;
#11720 = VECTOR ( 'NONE', #666, 1000.000000000000227 ) ;
#11721 = ORIENTED_EDGE ( 'NONE', *, *, #6701, .T. ) ;
#11722 =( LENGTH_UNIT ( ) NAMED_UNIT ( * ) SI_UNIT ( .MILLI., .METRE. ) );
#11723 = CARTESIAN_POINT ( 'NONE',  ( -0.2845123142921717752, -0.6250000000000000000, 0.8056288417033885541 ) ) ;
#11724 = UNCERTAINTY_MEASURE_WITH_UNIT (LENGTH_MEASURE( 1.000000000000000082E-05 ), #1525, 'distance_accuracy_value', 'NONE');
#11725 = EDGE_LOOP ( 'NONE', ( #499, #2561, #1594, #880 ) ) ;
#11726 = CARTESIAN_POINT ( 'NONE',  ( -0.3196734611628845868, -0.6260000000000000009, 0.6922259116307305504 ) ) ;
#11727 = EDGE_CURVE ( 'NONE', #7575, #10907, #7518, .T. ) ;
#11728 = ORIENTED_EDGE ( 'NONE', *, *, #11982, .F. ) ;
#11729 = CARTESIAN_POINT ( 'NONE',  ( -0.3585777365315390153, -0.6260000000000000009, 0.7002320475860265292 ) ) ;
#11730 = AXIS2_PLACEMENT_3D ( 'NONE', #9087, #2471, #724 ) ;
#11731 = CARTESIAN_POINT ( 'NONE',  ( -0.8181671676918732539, -0.6250000000000000000, 0.7071486652459895161 ) ) ;
#11732 = PRESENTATION_STYLE_ASSIGNMENT (( #7959 ) ) ;
#11733 = CARTESIAN_POINT ( 'NONE',  ( -0.4214137732743094000, -0.6260000000000000009, 0.7016183914747199379 ) ) ;
#11734 = ORIENTED_EDGE ( 'NONE', *, *, #5159, .F. ) ;
#11735 = CARTESIAN_POINT ( 'NONE',  ( -0.3674676667158520149, -0.6260000000000000009, 0.7045643722374940188 ) ) ;
#11736 = CARTESIAN_POINT ( 'NONE',  ( -1.000000000000000000, 0.6250000000000000000, 1.000000000000000000 ) ) ;
#11737 =( LENGTH_UNIT ( ) NAMED_UNIT ( * ) SI_UNIT ( .MILLI., .METRE. ) );
#11738 = STYLED_ITEM ( 'NONE', ( #11228 ), #2314 ) ;
#11739 = ORIENTED_EDGE ( 'NONE', *, *, #5211, .T. ) ;
#11740 = EDGE_CURVE ( 'NONE', #2842, #9457, #3687, .T. ) ;
#11741 = B_SPLINE_SURFACE_WITH_KNOTS ( 'NONE', 3, 1, ( 
 ( #8789, #2300 ),
 ( #6042, #9664 ),
 ( #1288, #8724 ),
 ( #5114, #9796 ) ),
 .UNSPECIFIED., .F., .F., .F.,
 ( 4, 4 ),
 ( 2, 2 ),
 ( 10.00000000000000000, 11.00000000000000000 ),
 ( 0.0000000000000000000, 1.000000000000000000 ),
 .UNSPECIFIED. ) ;
#11742 = CARTESIAN_POINT ( 'NONE',  ( -0.2197180668069256271, -0.6250000000000000000, 0.6832839935504295692 ) ) ;
#11743 = CARTESIAN_POINT ( 'NONE',  ( -0.7280339591190378989, -0.6250000000000000000, 0.8580133115399676269 ) ) ;
#11744 = DIRECTION ( 'NONE',  ( 0.0000000000000000000, -1.000000000000000000, 0.0000000000000000000 ) ) ;
#11745 = PLANE ( 'NONE',  #5649 ) ;
#11746 = EDGE_CURVE ( 'NONE', #1127, #1201, #11344, .T. ) ;
#11747 = CARTESIAN_POINT ( 'NONE',  ( -0.4003760047674415068, -0.6260000000000000009, 0.6989496794893121923 ) ) ;
#11748 = FILL_AREA_STYLE_COLOUR ( '', #6080 ) ;
#11749 = CARTESIAN_POINT ( 'NONE',  ( -0.2851015104450040916, -0.6260000000000000009, 0.8556411974785388397 ) ) ;
#11750 = ORIENTED_EDGE ( 'NONE', *, *, #9965, .T. ) ;
#11751 = VERTEX_POINT ( 'NONE', #8529 ) ;
#11752 = DIRECTION ( 'NONE',  ( -0.0000000000000000000, 0.0000000000000000000, 1.000000000000000000 ) ) ;
#11753 = EDGE_CURVE ( 'NONE', #9298, #6063, #8350, .T. ) ;
#11754 = FACE_OUTER_BOUND ( 'NONE', #1650, .T. ) ;
#11755 = STYLED_ITEM ( 'NONE', ( #3366 ), #10405 ) ;
#11756 = CARTESIAN_POINT ( 'NONE',  ( -0.3715747104854764671, -0.6260000000000000009, 0.7193982518438081231 ) ) ;
#11757 = FACE_OUTER_BOUND ( 'NONE', #7962, .T. ) ;
#11758 = CARTESIAN_POINT ( 'NONE',  ( -0.3637765261129762839, -0.6260000000000000009, 0.7985584878726350588 ) ) ;
#11759 = LINE ( 'NONE', #3320, #6773 ) ;
#11760 = FILL_AREA_STYLE_COLOUR ( '', #3965 ) ;
#11761 = ORIENTED_EDGE ( 'NONE', *, *, #2392, .T. ) ;
#11762 = CARTESIAN_POINT ( 'NONE',  ( -0.2960536271635385019, -0.6260000000000000009, 0.7985584878726350588 ) ) ;
#11763 = CARTESIAN_POINT ( 'NONE',  ( -0.3803779941768622441, -0.6260000000000000009, 0.6849822648136616454 ) ) ;
#11764 = EDGE_CURVE ( 'NONE', #5432, #11216, #8526, .T. ) ;
#11765 = LINE ( 'NONE', #10073, #9671 ) ;
#11766 = ORIENTED_EDGE ( 'NONE', *, *, #387, .F. ) ;
#11767 = STYLED_ITEM ( 'NONE', ( #3877 ), #10793 ) ;
#11768 = VERTEX_POINT ( 'NONE', #979 ) ;
#11769 = UNCERTAINTY_MEASURE_WITH_UNIT (LENGTH_MEASURE( 1.000000000000000082E-05 ), #9630, 'distance_accuracy_value', 'NONE');
#11770 = CARTESIAN_POINT ( 'NONE',  ( -0.6697124839270957031, -0.6260000000000000009, 0.8478914018058004709 ) ) ;
#11771 = CIRCLE ( 'NONE', #4866, 0.1573157410611863705 ) ;
#11772 = SURFACE_STYLE_FILL_AREA ( #210 ) ;
#11773 =( GEOMETRIC_REPRESENTATION_CONTEXT ( 3 ) GLOBAL_UNCERTAINTY_ASSIGNED_CONTEXT ( ( #8721 ) ) GLOBAL_UNIT_ASSIGNED_CONTEXT ( ( #10840, #1530, #8065 ) ) REPRESENTATION_CONTEXT ( 'NONE', 'WORKASPACE' ) );
#11774 = FILL_AREA_STYLE_COLOUR ( '', #5594 ) ;
#11775 = CARTESIAN_POINT ( 'NONE',  ( -1.000000000000000000, 0.6250000000000000000, 1.000000000000000000 ) ) ;
#11776 = FILL_AREA_STYLE ('',( #6297 ) ) ;
#11777 = FILL_AREA_STYLE ('',( #3572 ) ) ;
#11778 = ORIENTED_EDGE ( 'NONE', *, *, #1873, .F. ) ;
#11779 = CARTESIAN_POINT ( 'NONE',  ( -0.4003760047674415068, -0.6260000000000000009, 0.7029354181686063852 ) ) ;
#11780 = STYLED_ITEM ( 'NONE', ( #8063 ), #895 ) ;
#11781 = ORIENTED_EDGE ( 'NONE', *, *, #4720, .T. ) ;
#11782 = UNCERTAINTY_MEASURE_WITH_UNIT (LENGTH_MEASURE( 1.000000000000000082E-05 ), #3842, 'distance_accuracy_value', 'NONE');
#11783 = EDGE_CURVE ( 'NONE', #5232, #6010, #187, .T. ) ;
#11784 = ORIENTED_EDGE ( 'NONE', *, *, #11553, .F. ) ;
#11785 = AXIS2_PLACEMENT_3D ( 'NONE', #6330, #6389, #10135 ) ;
#11786 = CARTESIAN_POINT ( 'NONE',  ( -0.2296130963108196088, -0.6260000000000000009, 0.7432780253219376521 ) ) ;
#11787 =( GEOMETRIC_REPRESENTATION_CONTEXT ( 3 ) GLOBAL_UNCERTAINTY_ASSIGNED_CONTEXT ( ( #7016 ) ) GLOBAL_UNIT_ASSIGNED_CONTEXT ( ( #7712, #1011, #9445 ) ) REPRESENTATION_CONTEXT ( 'NONE', 'WORKASPACE' ) );
#11788 = B_SPLINE_SURFACE_WITH_KNOTS ( 'NONE', 3, 1, ( 
 ( #6306, #3694 ),
 ( #11214, #5912 ),
 ( #4736, #9477 ),
 ( #11525, #1221 ) ),
 .UNSPECIFIED., .F., .F., .F.,
 ( 4, 4 ),
 ( 2, 2 ),
 ( 3.000000000000000000, 4.000000000000000000 ),
 ( 0.0000000000000000000, 1.000000000000000000 ),
 .UNSPECIFIED. ) ;
#11789 = STYLED_ITEM ( 'NONE', ( #8471 ), #1384 ) ;
#11790 = SURFACE_STYLE_USAGE ( .BOTH. , #10914 ) ;
#11791 =( NAMED_UNIT ( * ) PLANE_ANGLE_UNIT ( ) SI_UNIT ( $, .RADIAN. ) );
#11792 = ORIENTED_EDGE ( 'NONE', *, *, #4543, .T. ) ;
#11793 = CARTESIAN_POINT ( 'NONE',  ( -0.3376092852190133442, -0.6260000000000000009, 0.8508236524662153855 ) ) ;
#11794 = CARTESIAN_POINT ( 'NONE',  ( -1.000000000000000000, 0.6250000000000000000, 1.000000000000000000 ) ) ;
#11795 = ORIENTED_EDGE ( 'NONE', *, *, #884, .F. ) ;
#11796 =( NAMED_UNIT ( * ) SI_UNIT ( $, .STERADIAN. ) SOLID_ANGLE_UNIT ( ) );
#11797 =( NAMED_UNIT ( * ) PLANE_ANGLE_UNIT ( ) SI_UNIT ( $, .RADIAN. ) );
#11798 = B_SPLINE_CURVE_WITH_KNOTS ( 'NONE', 3,
 ( #5570, #3597, #1952, #4696 ),
 .UNSPECIFIED., .F., .F.,
 ( 4, 4 ),
 ( 5.000000000000000000, 6.000000000000000000 ),
 .UNSPECIFIED. ) ;
#11799 = VERTEX_POINT ( 'NONE', #2717 ) ;
#11800 = CARTESIAN_POINT ( 'NONE',  ( -0.4270631246196632258, -0.6260000000000000009, 0.8497838945496974938 ) ) ;
#11801 = VECTOR ( 'NONE', #7695, 1000.000000000000227 ) ;
#11802 = CARTESIAN_POINT ( 'NONE',  ( -0.3055847413962120007, -0.6260000000000000009, 0.7317020538534013685 ) ) ;
#11803 =( NAMED_UNIT ( * ) PLANE_ANGLE_UNIT ( ) SI_UNIT ( $, .RADIAN. ) );
#11804 = CARTESIAN_POINT ( 'NONE',  ( -0.4003760047674415068, -0.6260000000000000009, 0.7029354181686063852 ) ) ;
#11805 = LINE ( 'NONE', #3365, #1837 ) ;
#11806 = LINE ( 'NONE', #4286, #10171 ) ;
#11807 = CARTESIAN_POINT ( 'NONE',  ( -0.4753772091311208592, -0.6250000000000000000, 0.8586218368384853639 ) ) ;
#11808 = FILL_AREA_STYLE_COLOUR ( '', #1671 ) ;
#11809 = CARTESIAN_POINT ( 'NONE',  ( -0.4021609225238317875, -0.6250000000000000000, 0.8597655705465168108 ) ) ;
#11810 =( NAMED_UNIT ( * ) PLANE_ANGLE_UNIT ( ) SI_UNIT ( $, .RADIAN. ) );
#11811 = ORIENTED_EDGE ( 'NONE', *, *, #362, .T. ) ;
#11812 = VECTOR ( 'NONE', #8190, 1000.000000000000000 ) ;
#11813 = PLANE ( 'NONE',  #11730 ) ;
#11814 = EDGE_CURVE ( 'NONE', #500, #3822, #2114, .T. ) ;
#11815 = EDGE_CURVE ( 'NONE', #4007, #8484, #9895, .T. ) ;
#11816 = CARTESIAN_POINT ( 'NONE',  ( -0.3360669776432839151, -0.6250000000000000000, 0.7908296206947073026 ) ) ;
#11817 = SURFACE_STYLE_FILL_AREA ( #6217 ) ;
#11818 = CARTESIAN_POINT ( 'NONE',  ( -0.4307889238197114001, -0.6250000000000000000, 0.6919139842557298081 ) ) ;
#11819 = CARTESIAN_POINT ( 'NONE',  ( -0.6856183391259830229, -0.6260000000000000009, 0.6729269762302051427 ) ) ;
#11820 = SURFACE_STYLE_USAGE ( .BOTH. , #2408 ) ;
#11821 = ORIENTED_EDGE ( 'NONE', *, *, #7963, .F. ) ;
#11822 = FILL_AREA_STYLE ('',( #2480 ) ) ;
#11823 = CARTESIAN_POINT ( 'NONE',  ( -0.8384109871606698627, -0.6260000000000000009, 0.7404063591371397024 ) ) ;
#11824 = VERTEX_POINT ( 'NONE', #6470 ) ;
#11825 = ORIENTED_EDGE ( 'NONE', *, *, #1798, .T. ) ;
#11826 = MECHANICAL_DESIGN_GEOMETRIC_PRESENTATION_REPRESENTATION (  '', ( #8648 ), #11438 ) ;
#11827 = VECTOR ( 'NONE', #11908, 1000.000000000000000 ) ;
#11828 = SURFACE_STYLE_FILL_AREA ( #6356 ) ;
#11829 = PRESENTATION_STYLE_ASSIGNMENT (( #5242 ) ) ;
#11830 =( NAMED_UNIT ( * ) PLANE_ANGLE_UNIT ( ) SI_UNIT ( $, .RADIAN. ) );
#11831 = EDGE_LOOP ( 'NONE', ( #9855, #3672, #480, #6052 ) ) ;
#11832 = STYLED_ITEM ( 'NONE', ( #4686 ), #4287 ) ;
#11833 = UNCERTAINTY_MEASURE_WITH_UNIT (LENGTH_MEASURE( 1.000000000000000082E-05 ), #447, 'distance_accuracy_value', 'NONE');
#11834 = STYLED_ITEM ( 'NONE', ( #1738 ), #8588 ) ;
#11835 = PRESENTATION_LAYER_ASSIGNMENT (  '', '', ( #2007 ) ) ;
#11836 = ORIENTED_EDGE ( 'NONE', *, *, #11927, .T. ) ;
#11837 = ORIENTED_EDGE ( 'NONE', *, *, #11753, .T. ) ;
#11838 =( NAMED_UNIT ( * ) SI_UNIT ( $, .STERADIAN. ) SOLID_ANGLE_UNIT ( ) );
#11839 = EDGE_CURVE ( 'NONE', #256, #363, #6500, .T. ) ;
#11840 = STYLED_ITEM ( 'NONE', ( #9997 ), #8726 ) ;
#11841 = CARTESIAN_POINT ( 'NONE',  ( -0.4064239299807260730, -0.6250000000000000000, 0.6904236645755241764 ) ) ;
#11842 = FILL_AREA_STYLE_COLOUR ( '', #10180 ) ;
#11843 = ORIENTED_EDGE ( 'NONE', *, *, #677, .T. ) ;
#11844 = LINE ( 'NONE', #700, #3373 ) ;
#11845 = CARTESIAN_POINT ( 'NONE',  ( -0.4147246640126687756, -0.6260000000000000009, 0.7120506292352244415 ) ) ;
#11846 = CARTESIAN_POINT ( 'NONE',  ( -0.2347945565939009716, -0.6250000000000000000, 0.8463180348288934507 ) ) ;
#11847 = EDGE_LOOP ( 'NONE', ( #4732, #3219, #56, #7653 ) ) ;
#11848 = CARTESIAN_POINT ( 'NONE',  ( -0.3563942449072202701, -0.6250000000000000000, 0.6912554709085554361 ) ) ;
#11849 = FILL_AREA_STYLE ('',( #10123 ) ) ;
#11850 = VERTEX_POINT ( 'NONE', #7805 ) ;
#11851 = AXIS2_PLACEMENT_3D ( 'NONE', #6703, #437, #4114 ) ;
#11852 = VECTOR ( 'NONE', #3275, 1000.000000000000000 ) ;
#11853 = ADVANCED_FACE ( 'NONE', ( #375 ), #3019, .F. ) ;
#11854 = LINE ( 'NONE', #8953, #4829 ) ;
#11855 = CARTESIAN_POINT ( 'NONE',  ( -0.7155020776620978351, -0.6260000000000000009, 0.6989547158820361705 ) ) ;
#11856 = ADVANCED_FACE ( 'NONE', ( #3991 ), #7157, .F. ) ;
#11857 = CARTESIAN_POINT ( 'NONE',  ( -0.7545437239127433804, -0.6260000000000000009, 0.7481183109390059371 ) ) ;
#11858 = SURFACE_STYLE_USAGE ( .BOTH. , #10981 ) ;
#11859 = CARTESIAN_POINT ( 'NONE',  ( -0.1998067027099670323, -0.6250000000000000000, 0.7369008434350673431 ) ) ;
#11860 = SURFACE_SIDE_STYLE ('',( #2577 ) ) ;
#11861 = PLANE ( 'NONE',  #9697 ) ;
#11862 = CARTESIAN_POINT ( 'NONE',  ( -0.2546366034969794190, -0.6250000000000000000, 0.7138182176927964084 ) ) ;
#11863 = CARTESIAN_POINT ( 'NONE',  ( -0.3039211287301524234, -0.6250000000000000000, 0.8586218368384853639 ) ) ;
#11864 = FILL_AREA_STYLE_COLOUR ( '', #917 ) ;
#11865 = CARTESIAN_POINT ( 'NONE',  ( -0.4205473083438770465, -0.6260000000000000009, 0.8443424947878321873 ) ) ;
#11866 = ORIENTED_EDGE ( 'NONE', *, *, #906, .F. ) ;
#11867 = B_SPLINE_CURVE_WITH_KNOTS ( 'NONE', 3,
 ( #11508, #6695, #3983, #3075 ),
 .UNSPECIFIED., .F., .F.,
 ( 4, 4 ),
 ( 1.000000000000000000, 2.000000000000000000 ),
 .UNSPECIFIED. ) ;
#11868 = EDGE_CURVE ( 'NONE', #9751, #7825, #1154, .T. ) ;
#11869 = STYLED_ITEM ( 'NONE', ( #11349 ), #5204 ) ;
#11870 =( GEOMETRIC_REPRESENTATION_CONTEXT ( 3 ) GLOBAL_UNCERTAINTY_ASSIGNED_CONTEXT ( ( #5237 ) ) GLOBAL_UNIT_ASSIGNED_CONTEXT ( ( #770, #1729, #6543 ) ) REPRESENTATION_CONTEXT ( 'NONE', 'WORKASPACE' ) );
#11871 = SURFACE_STYLE_FILL_AREA ( #6154 ) ;
#11872 = CARTESIAN_POINT ( 'NONE',  ( -0.3795288585452459840, -0.6260000000000000009, 0.7130903871512798142 ) ) ;
#11873 = CARTESIAN_POINT ( 'NONE',  ( -0.6350087881558875713, -0.6260000000000000009, 0.8478914018058004709 ) ) ;
#11874 =( LENGTH_UNIT ( ) NAMED_UNIT ( * ) SI_UNIT ( .MILLI., .METRE. ) );
#11875 =( NAMED_UNIT ( * ) PLANE_ANGLE_UNIT ( ) SI_UNIT ( $, .RADIAN. ) );
#11876 = ORIENTED_EDGE ( 'NONE', *, *, #10064, .F. ) ;
#11877 = CARTESIAN_POINT ( 'NONE',  ( -0.7280339591190378989, -0.6250000000000000000, 0.8580133115399676269 ) ) ;
#11878 = VECTOR ( 'NONE', #10670, 1000.000000000000000 ) ;
#11879 =( GEOMETRIC_REPRESENTATION_CONTEXT ( 3 ) GLOBAL_UNCERTAINTY_ASSIGNED_CONTEXT ( ( #6947 ) ) GLOBAL_UNIT_ASSIGNED_CONTEXT ( ( #4559, #7392, #5555 ) ) REPRESENTATION_CONTEXT ( 'NONE', 'WORKASPACE' ) );
#11880 = CARTESIAN_POINT ( 'NONE',  ( -0.8181671676918732539, -0.6250000000000000000, 0.7071486652459895161 ) ) ;
#11881 =( GEOMETRIC_REPRESENTATION_CONTEXT ( 3 ) GLOBAL_UNCERTAINTY_ASSIGNED_CONTEXT ( ( #3948 ) ) GLOBAL_UNIT_ASSIGNED_CONTEXT ( ( #9613, #4200, #7950 ) ) REPRESENTATION_CONTEXT ( 'NONE', 'WORKASPACE' ) );
#11882 = ORIENTED_EDGE ( 'NONE', *, *, #2862, .F. ) ;
#11883 = ORIENTED_EDGE ( 'NONE', *, *, #7062, .T. ) ;
#11884 = UNCERTAINTY_MEASURE_WITH_UNIT (LENGTH_MEASURE( 1.000000000000000082E-05 ), #9942, 'distance_accuracy_value', 'NONE');
#11885 = B_SPLINE_SURFACE_WITH_KNOTS ( 'NONE', 3, 1, ( 
 ( #10434, #4815 ),
 ( #2008, #1951 ),
 ( #9496, #6617 ),
 ( #6725, #1058 ) ),
 .UNSPECIFIED., .F., .F., .F.,
 ( 4, 4 ),
 ( 2, 2 ),
 ( 20.00000000000000000, 21.00000000000000000 ),
 ( 0.0000000000000000000, 1.000000000000000000 ),
 .UNSPECIFIED. ) ;
#11886 = CARTESIAN_POINT ( 'NONE',  ( -0.6022330826337125576, -0.6260000000000000009, 0.7876419363652877870 ) ) ;
#11887 = PRESENTATION_LAYER_ASSIGNMENT (  '', '', ( #2268 ) ) ;
#11888 = AXIS2_PLACEMENT_3D ( 'NONE', #11011, #3680, #10037 ) ;
#11889 =( NAMED_UNIT ( * ) PLANE_ANGLE_UNIT ( ) SI_UNIT ( $, .RADIAN. ) );
#11890 = CARTESIAN_POINT ( 'NONE',  ( -0.2383643921062167659, -0.6250000000000000000, 0.7510762096942074084 ) ) ;
#11891 = FACE_OUTER_BOUND ( 'NONE', #6250, .T. ) ;
#11892 = CARTESIAN_POINT ( 'NONE',  ( -0.7492417691153342441, -0.6250000000000000000, 0.8368054992455673524 ) ) ;
#11893 = ADVANCED_FACE ( 'NONE', ( #2106 ), #8136, .F. ) ;
#11894 = CARTESIAN_POINT ( 'NONE',  ( -0.5313797075983812679, -0.6260000000000000009, 0.7794480053880162851 ) ) ;
#11895 = CARTESIAN_POINT ( 'NONE',  ( -0.5757233178400067430, -0.6260000000000000009, 0.6844948625629764249 ) ) ;
#11896 = LINE ( 'NONE', #9113, #4900 ) ;
#11897 = VERTEX_POINT ( 'NONE', #3433 ) ;
#11898 = PRESENTATION_LAYER_ASSIGNMENT (  '', '', ( #11903 ) ) ;
#11899 = VERTEX_POINT ( 'NONE', #4522 ) ;
#11900 = UNCERTAINTY_MEASURE_WITH_UNIT (LENGTH_MEASURE( 1.000000000000000082E-05 ), #2387, 'distance_accuracy_value', 'NONE');
#11901 = ORIENTED_EDGE ( 'NONE', *, *, #113, .F. ) ;
#11902 = VECTOR ( 'NONE', #5809, 1000.000000000000000 ) ;
#11903 = STYLED_ITEM ( 'NONE', ( #6205 ), #6218 ) ;
#11904 = FILL_AREA_STYLE ('',( #3641 ) ) ;
#11905 = VECTOR ( 'NONE', #4352, 1000.000000000000341 ) ;
#11906 = CARTESIAN_POINT ( 'NONE',  ( 1.000000000000000000, 0.6250000000000000000, -0.01000000000000000021 ) ) ;
#11907 = VERTEX_POINT ( 'NONE', #7183 ) ;
#11908 = DIRECTION ( 'NONE',  ( -0.0000000000000000000, 1.000000000000000000, -0.0000000000000000000 ) ) ;
#11909 = DIRECTION ( 'NONE',  ( 0.0000000000000000000, -1.000000000000000000, 0.0000000000000000000 ) ) ;
#11910 = CARTESIAN_POINT ( 'NONE',  ( -0.1933948622259264172, -0.6250000000000000000, 0.6927804491859308467 ) ) ;
#11911 = ORIENTED_EDGE ( 'NONE', *, *, #4517, .T. ) ;
#11912 = FACE_OUTER_BOUND ( 'NONE', #8127, .T. ) ;
#11913 = EDGE_CURVE ( 'NONE', #855, #6901, #2698, .T. ) ;
#11914 = CARTESIAN_POINT ( 'NONE',  ( -0.3328090695052753345, -0.6250000000000000000, 0.6677569419997686495 ) ) ;
#11915 = ORIENTED_EDGE ( 'NONE', *, *, #11380, .T. ) ;
#11916 = MECHANICAL_DESIGN_GEOMETRIC_PRESENTATION_REPRESENTATION (  '', ( #11903 ), #6984 ) ;
#11917 = MECHANICAL_DESIGN_GEOMETRIC_PRESENTATION_REPRESENTATION (  '', ( #11128 ), #6416 ) ;
#11918 = SURFACE_STYLE_USAGE ( .BOTH. , #10923 ) ;
#11919 = CARTESIAN_POINT ( 'NONE',  ( -0.7241779970081148043, -0.6260000000000000009, 0.7177525564541258341 ) ) ;
#11920 = CARTESIAN_POINT ( 'NONE',  ( -0.4040151574745620144, -0.6250000000000000000, 0.6930577179637618102 ) ) ;
#11921 = CARTESIAN_POINT ( 'NONE',  ( -0.8302170596310163297, -0.6250000000000000000, 0.8001738270155674959 ) ) ;
#11922 = FILL_AREA_STYLE ('',( #9960 ) ) ;
#11923 = CARTESIAN_POINT ( 'NONE',  ( -0.4753772091311208592, -0.6260000000000000009, 0.6832839935504295692 ) ) ;
#11924 = DIRECTION ( 'NONE',  ( 0.0000000000000000000, -1.000000000000000000, 0.0000000000000000000 ) ) ;
#11925 = ORIENTED_EDGE ( 'NONE', *, *, #1983, .T. ) ;
#11926 = ADVANCED_FACE ( 'NONE', ( #899 ), #8212, .F. ) ;
#11927 = EDGE_CURVE ( 'NONE', #11500, #6692, #10072, .T. ) ;
#11928 = CARTESIAN_POINT ( 'NONE',  ( -0.4003760047674415068, -0.6250000000000000000, 0.7029354181686063852 ) ) ;
#11929 = CARTESIAN_POINT ( 'NONE',  ( -0.4021609225238317875, -0.6250000000000000000, 0.8597655705465168108 ) ) ;
#11930 = B_SPLINE_SURFACE_WITH_KNOTS ( 'NONE', 3, 1, ( 
 ( #5537, #8393 ),
 ( #10456, #4608 ),
 ( #6514, #8343 ),
 ( #2894, #7610 ) ),
 .UNSPECIFIED., .F., .F., .F.,
 ( 4, 4 ),
 ( 2, 2 ),
 ( 12.00000000000000000, 13.00000000000000000 ),
 ( 0.0000000000000000000, 1.000000000000000000 ),
 .UNSPECIFIED. ) ;
#11931 = CARTESIAN_POINT ( 'NONE',  ( -0.2111573932964320999, -0.6250000000000000000, 0.6910128607283587687 ) ) ;
#11932 = CARTESIAN_POINT ( 'NONE',  ( -0.2384856971967789230, -0.6260000000000000009, 0.8586218368384853639 ) ) ;
#11933 = SURFACE_SIDE_STYLE ('',( #2531 ) ) ;
#11934 =( NAMED_UNIT ( * ) PLANE_ANGLE_UNIT ( ) SI_UNIT ( $, .RADIAN. ) );
#11935 = CARTESIAN_POINT ( 'NONE',  ( -0.4156777754357973698, -0.6250000000000000000, 0.7055001543620371685 ) ) ;
#11936 = CARTESIAN_POINT ( 'NONE',  ( -0.2782910960930354283, -0.6260000000000000009, 0.8003260763302079139 ) ) ;
#11937 = EDGE_LOOP ( 'NONE', ( #11336, #5125, #2399, #6781 ) ) ;
#11938 = CARTESIAN_POINT ( 'NONE',  ( -0.1923724336084561837, -0.6250000000000000000, 0.7178039563720904903 ) ) ;
#11939 = SURFACE_STYLE_USAGE ( .BOTH. , #3622 ) ;
#11940 = ORIENTED_EDGE ( 'NONE', *, *, #7425, .F. ) ;
#11941 = ORIENTED_EDGE ( 'NONE', *, *, #664, .T. ) ;
#11942 = CARTESIAN_POINT ( 'NONE',  ( -0.5371636599578752946, -0.6250000000000000000, 0.7172705680853816990 ) ) ;
#11943 = AXIS2_PLACEMENT_3D ( 'NONE', #7658, #11619, #4161 ) ;
#11944 = CARTESIAN_POINT ( 'NONE',  ( -0.2352104597604163794, -0.6259999999999997788, 0.8452089597180334479 ) ) ;
#11945 = DIRECTION ( 'NONE',  ( -0.0000000000000000000, 1.000000000000000000, -0.0000000000000000000 ) ) ;
#11946 = DIRECTION ( 'NONE',  ( -0.0000000000000000000, 1.000000000000000000, -0.0000000000000000000 ) ) ;
#11947 = ADVANCED_FACE ( 'NONE', ( #5397 ), #3664, .F. ) ;
#11948 = FACE_OUTER_BOUND ( 'NONE', #9633, .T. ) ;
#11949 = MECHANICAL_DESIGN_GEOMETRIC_PRESENTATION_REPRESENTATION (  '', ( #2335 ), #7611 ) ;
#11950 = CARTESIAN_POINT ( 'NONE',  ( -0.4210151994063787151, -0.6250000000000000000, 0.8046237423845037373 ) ) ;
#11951 = UNCERTAINTY_MEASURE_WITH_UNIT (LENGTH_MEASURE( 1.000000000000000082E-05 ), #8521, 'distance_accuracy_value', 'NONE');
#11952 = VERTEX_POINT ( 'NONE', #3904 ) ;
#11953 = ORIENTED_EDGE ( 'NONE', *, *, #6498, .F. ) ;
#11954 = ADVANCED_FACE ( 'NONE', ( #5639 ), #7466, .F. ) ;
#11955 =( LENGTH_UNIT ( ) NAMED_UNIT ( * ) SI_UNIT ( .MILLI., .METRE. ) );
#11956 = MECHANICAL_DESIGN_GEOMETRIC_PRESENTATION_REPRESENTATION (  '', ( #5276 ), #8388 ) ;
#11957 = EDGE_CURVE ( 'NONE', #5803, #5847, #6367, .T. ) ;
#11958 = AXIS2_PLACEMENT_3D ( 'NONE', #9578, #2028, #5769 ) ;
#11959 = EDGE_CURVE ( 'NONE', #5111, #8750, #9388, .T. ) ;
#11960 = FILL_AREA_STYLE ('',( #3470 ) ) ;
#11961 = PRESENTATION_STYLE_ASSIGNMENT (( #2678 ) ) ;
#11962 = B_SPLINE_CURVE_WITH_KNOTS ( 'NONE', 3,
 ( #409, #5936, #3102, #5074 ),
 .UNSPECIFIED., .F., .F.,
 ( 4, 4 ),
 ( 4.000000000000000000, 5.000000000000000000 ),
 .UNSPECIFIED. ) ;
#11963 = CARTESIAN_POINT ( 'NONE',  ( -0.3709508557357031333, -0.6260000000000000009, 0.7159670507197140044 ) ) ;
#11964 = ORIENTED_EDGE ( 'NONE', *, *, #4091, .F. ) ;
#11965 = VECTOR ( 'NONE', #7618, 1000.000000000000000 ) ;
#11966 = CARTESIAN_POINT ( 'NONE',  ( -0.4389163648655687311, -0.6260000000000000009, 0.6832839935504295692 ) ) ;
#11967 = DIRECTION ( 'NONE',  ( -1.000000000000000000, 0.0000000000000000000, -0.0000000000000000000 ) ) ;
#11968 = CARTESIAN_POINT ( 'NONE',  ( -0.2347945565939009716, -0.6260000000000000009, 0.8463180348288934507 ) ) ;
#11969 = ORIENTED_EDGE ( 'NONE', *, *, #1906, .T. ) ;
#11970 = CARTESIAN_POINT ( 'NONE',  ( -0.4048642931061782746, -0.6260000000000000009, 0.7896858869866756336 ) ) ;
#11971 = ORIENTED_EDGE ( 'NONE', *, *, #951, .F. ) ;
#11972 = DIRECTION ( 'NONE',  ( 1.000000000000000000, -0.0000000000000000000, -0.0000000000000000000 ) ) ;
#11973 = VECTOR ( 'NONE', #1304, 1000.000000000000000 ) ;
#11974 = SURFACE_STYLE_FILL_AREA ( #2633 ) ;
#11975 = COLOUR_RGB ( '',1.000000000000000000, 0.5019607843137254832, 0.0000000000000000000 ) ;
#11976 = CARTESIAN_POINT ( 'NONE',  ( -0.3415083774051487220, -0.6260000000000000009, 0.6611718085298741165 ) ) ;
#11977 =( NAMED_UNIT ( * ) SI_UNIT ( $, .STERADIAN. ) SOLID_ANGLE_UNIT ( ) );
#11978 =( NAMED_UNIT ( * ) PLANE_ANGLE_UNIT ( ) SI_UNIT ( $, .RADIAN. ) );
#11979 =( LENGTH_UNIT ( ) NAMED_UNIT ( * ) SI_UNIT ( .MILLI., .METRE. ) );
#11980 = DIRECTION ( 'NONE',  ( 1.000000000000000000, -0.0000000000000000000, -0.0000000000000000000 ) ) ;
#11981 = DIRECTION ( 'NONE',  ( 1.000000000000000000, 0.0000000000000000000, -0.0000000000000000000 ) ) ;
#11982 = EDGE_CURVE ( 'NONE', #1617, #8391, #8626, .T. ) ;
#11983 = B_SPLINE_SURFACE_WITH_KNOTS ( 'NONE', 3, 1, ( 
 ( #6145, #8767 ),
 ( #3113, #1444 ),
 ( #5088, #8830 ),
 ( #7916, #543 ) ),
 .UNSPECIFIED., .F., .F., .F.,
 ( 4, 4 ),
 ( 2, 2 ),
 ( 28.00000000000000000, 29.00000000000000000 ),
 ( 0.0000000000000000000, 1.000000000000000000 ),
 .UNSPECIFIED. ) ;
#11984 = FILL_AREA_STYLE_COLOUR ( '', #6078 ) ;
#11985 = CARTESIAN_POINT ( 'NONE',  ( -0.4276696500706181348, -0.6250000000000000000, 0.8239632396281396653 ) ) ;
#11986 = ORIENTED_EDGE ( 'NONE', *, *, #10899, .T. ) ;
#11987 =( GEOMETRIC_REPRESENTATION_CONTEXT ( 3 ) GLOBAL_UNCERTAINTY_ASSIGNED_CONTEXT ( ( #9362 ) ) GLOBAL_UNIT_ASSIGNED_CONTEXT ( ( #3132, #602, #10811 ) ) REPRESENTATION_CONTEXT ( 'NONE', 'WORKASPACE' ) );
#11989 = DIRECTION ( 'NONE',  ( -0.0000000000000000000, 1.000000000000000000, -0.0000000000000000000 ) ) ;
#11988 = B_SPLINE_CURVE_WITH_KNOTS ( 'NONE', 3,
 ( #3648, #1894, #4564, #12025 ),
 .UNSPECIFIED., .F., .F.,
 ( 4, 4 ),
 ( 4.000000000000000000, 5.000000000000000000 ),
 .UNSPECIFIED. ) ;
#11990 =( NAMED_UNIT ( * ) SI_UNIT ( $, .STERADIAN. ) SOLID_ANGLE_UNIT ( ) );
#11991 = CARTESIAN_POINT ( 'NONE',  ( -0.6701944722960717638, -0.6250000000000000000, 0.8768111452172836495 ) ) ;
#11992 = DIRECTION ( 'NONE',  ( -0.4673073067545559511, 0.0000000000000000000, 0.8840949502478810951 ) ) ;
#11993 = SURFACE_SIDE_STYLE ('',( #10994 ) ) ;
#11994 = CARTESIAN_POINT ( 'NONE',  ( -0.4035992543080488826, -0.6250000000000000000, 0.7974840713589456120 ) ) ;
#11995 = CARTESIAN_POINT ( 'NONE',  ( -0.5308977192294062064, -0.6260000000000000009, 0.7505282803632126187 ) ) ;
#11996 = FACE_OUTER_BOUND ( 'NONE', #8578, .T. ) ;
#11997 = DIRECTION ( 'NONE',  ( -0.0000000000000000000, 1.000000000000000000, -0.0000000000000000000 ) ) ;
#11998 = ORIENTED_EDGE ( 'NONE', *, *, #4543, .F. ) ;
#11999 = CARTESIAN_POINT ( 'NONE',  ( -0.3524258355265112441, -0.6250000000000000000, 0.7066092294728970602 ) ) ;
#12000 = CARTESIAN_POINT ( 'NONE',  ( -0.8157571752843170154, -0.6260000000000000009, 0.8146336941246392627 ) ) ;
#12001 =( NAMED_UNIT ( * ) PLANE_ANGLE_UNIT ( ) SI_UNIT ( $, .RADIAN. ) );
#12002 = VECTOR ( 'NONE', #2020, 1000.000000000000000 ) ;
#12003 = ORIENTED_EDGE ( 'NONE', *, *, #3194, .F. ) ;
#12004 = ORIENTED_EDGE ( 'NONE', *, *, #6407, .T. ) ;
#12005 = UNCERTAINTY_MEASURE_WITH_UNIT (LENGTH_MEASURE( 1.000000000000000082E-05 ), #11874, 'distance_accuracy_value', 'NONE');
#12006 = CARTESIAN_POINT ( 'NONE',  ( -0.2383643921062167659, -0.6260000000000000009, 0.6832839935504295692 ) ) ;
#12007 = EDGE_CURVE ( 'NONE', #8818, #3894, #4728, .T. ) ;
#12008 = CARTESIAN_POINT ( 'NONE',  ( -0.2111573932964320999, -0.6260000000000000009, 0.6910128607283587687 ) ) ;
#12009 = AXIS2_PLACEMENT_3D ( 'NONE', #12036, #6489, #5568 ) ;
#12010 = CARTESIAN_POINT ( 'NONE',  ( -0.3188069962322234718, -0.6260000000000000009, 0.6952412095878495180 ) ) ;
#12011 = FILL_AREA_STYLE ('',( #3333 ) ) ;
#12012 = PRESENTATION_STYLE_ASSIGNMENT (( #170 ) ) ;
#12013 = CARTESIAN_POINT ( 'NONE',  ( -0.3860966627165586806, -0.6260000000000000009, 0.8020243475939007327 ) ) ;
#12014 = ORIENTED_EDGE ( 'NONE', *, *, #9930, .T. ) ;
#12015 = UNCERTAINTY_MEASURE_WITH_UNIT (LENGTH_MEASURE( 1.000000000000000082E-05 ), #2692, 'distance_accuracy_value', 'NONE');
#12016 = ORIENTED_EDGE ( 'NONE', *, *, #4467, .T. ) ;
#12017 = SURFACE_STYLE_FILL_AREA ( #6242 ) ;
#12018 = COLOUR_RGB ( '',0.0000000000000000000, 0.0000000000000000000, 0.0000000000000000000 ) ;
#12019 = PRESENTATION_STYLE_ASSIGNMENT (( #5619 ) ) ;
#12020 = MECHANICAL_DESIGN_GEOMETRIC_PRESENTATION_REPRESENTATION (  '', ( #4542 ), #9267 ) ;
#12021 = VERTEX_POINT ( 'NONE', #10441 ) ;
#12022 = CARTESIAN_POINT ( 'NONE',  ( -0.4212751388853936962, -0.6250000000000000000, 0.7239385280783022791 ) ) ;
#12023 = PRESENTATION_STYLE_ASSIGNMENT (( #767 ) ) ;
#12024 = ORIENTED_EDGE ( 'NONE', *, *, #11927, .F. ) ;
#12025 = CARTESIAN_POINT ( 'NONE',  ( -0.3415083774051487220, -0.6250000000000000000, 0.6687273827219466504 ) ) ;
#12026 = EDGE_CURVE ( 'NONE', #5506, #6623, #3788, .T. ) ;
#12027 =( NAMED_UNIT ( * ) SI_UNIT ( $, .STERADIAN. ) SOLID_ANGLE_UNIT ( ) );
#12028 = DIRECTION ( 'NONE',  ( 1.000000000000000000, 0.0000000000000000000, 0.0000000000000000000 ) ) ;
#12029 = EDGE_CURVE ( 'NONE', #3696, #2903, #6622, .T. ) ;
#12030 = EDGE_LOOP ( 'NONE', ( #2111, #740 ) ) ;
#12031 = VECTOR ( 'NONE', #8251, 1000.000000000000000 ) ;
#12032 = FACE_OUTER_BOUND ( 'NONE', #8281, .T. ) ;
#12033 = PRESENTATION_LAYER_ASSIGNMENT (  '', '', ( #3764 ) ) ;
#12034 = VECTOR ( 'NONE', #2706, 1000.000000000000000 ) ;
#12035 = CARTESIAN_POINT ( 'NONE',  ( -0.2643063521183349751, -0.6260000000000000009, 0.7908296206947073026 ) ) ;
#12036 = CARTESIAN_POINT ( 'NONE',  ( -0.5446345945919331966, -0.6260000000000000009, 0.7896904191095478476 ) ) ;
#12037 = PLANE ( 'NONE',  #9498 ) ;
#12038 = CARTESIAN_POINT ( 'NONE',  ( -0.1503142258933072295, -0.6260000000000000009, 0.7376633325737549374 ) ) ;
#12039 = FILL_AREA_STYLE ('',( #1792 ) ) ;
#12040 = EDGE_CURVE ( 'NONE', #8702, #911, #3709, .T. ) ;
#12041 = SURFACE_STYLE_FILL_AREA ( #10875 ) ;
#12042 = COLOUR_RGB ( '',0.0000000000000000000, 0.0000000000000000000, 0.0000000000000000000 ) ;
#12043 = CARTESIAN_POINT ( 'NONE',  ( -0.1503142258933072295, -0.6260000000000000009, 0.7376633325737549374 ) ) ;
#12044 = ORIENTED_EDGE ( 'NONE', *, *, #8752, .F. ) ;
#12045 = CARTESIAN_POINT ( 'NONE',  ( -0.2198913597932442843, -0.6260000000000000009, 0.8093719702024847473 ) ) ;
#12046 = VECTOR ( 'NONE', #2182, 1000.000000000000000 ) ;
#12047 = LINE ( 'NONE', #4646, #11287 ) ;
#12048 = CARTESIAN_POINT ( 'NONE',  ( -0.2383643921062167659, -0.6260000000000000009, 0.7510762096942074084 ) ) ;
#12049 = FILL_AREA_STYLE ('',( #3795 ) ) ;
#12050 = FACE_OUTER_BOUND ( 'NONE', #982, .T. ) ;
#12051 = CARTESIAN_POINT ( 'NONE',  ( -0.7338179114785317037, -0.6260000000000000009, 0.6512371686718249064 ) ) ;
#12052 = CARTESIAN_POINT ( 'NONE',  ( -0.1865844478739556167, -0.6260000000000000009, 0.7361036956992085267 ) ) ;
#12053 = FILL_AREA_STYLE ('',( #8279 ) ) ;
#12054 = VERTEX_POINT ( 'NONE', #7714 ) ;
#12055 = EDGE_CURVE ( 'NONE', #4961, #8722, #10860, .T. ) ;
#12056 = CARTESIAN_POINT ( 'NONE',  ( -0.2845123142921717752, -0.6250000000000000000, 0.8056288417033885541 ) ) ;
#12057 = FILL_AREA_STYLE_COLOUR ( '', #551 ) ;
#12058 = ORIENTED_EDGE ( 'NONE', *, *, #10378, .T. ) ;
#12059 = PRESENTATION_LAYER_ASSIGNMENT (  '', '', ( #4183 ) ) ;
#12060 = COLOUR_RGB ( '',0.0000000000000000000, 0.0000000000000000000, 0.0000000000000000000 ) ;
#12061 = ORIENTED_EDGE ( 'NONE', *, *, #5749, .T. ) ;
#12062 = EDGE_CURVE ( 'NONE', #483, #1297, #10676, .T. ) ;
#12063 = VECTOR ( 'NONE', #11050, 1000.000000000000000 ) ;
#12064 = DIRECTION ( 'NONE',  ( 0.3667976789509241886, -0.0000000000000000000, 0.9303007377811837175 ) ) ;
#12065 = CARTESIAN_POINT ( 'NONE',  ( -0.8080452418693617744, -0.6260000000000000009, 0.7606502015892858681 ) ) ;
#12066 =( NAMED_UNIT ( * ) SI_UNIT ( $, .STERADIAN. ) SOLID_ANGLE_UNIT ( ) );
#12067 = VECTOR ( 'NONE', #5318, 1000.000000000000000 ) ;
#12068 = DIRECTION ( 'NONE',  ( -1.000000000000000000, 0.0000000000000000000, 0.0000000000000000000 ) ) ;
#12069 = FILL_AREA_STYLE_COLOUR ( '', #817 ) ;
#12070 = CARTESIAN_POINT ( 'NONE',  ( -0.7598456695170435760, -0.6250000000000000000, 0.8088497739416035115 ) ) ;
#12071 = UNCERTAINTY_MEASURE_WITH_UNIT (LENGTH_MEASURE( 1.000000000000000082E-05 ), #1891, 'distance_accuracy_value', 'NONE');
#12072 = ORIENTED_EDGE ( 'NONE', *, *, #9769, .T. ) ;
#12073 = EDGE_LOOP ( 'NONE', ( #1796, #1477, #5669, #7256 ) ) ;
#12074 = CARTESIAN_POINT ( 'NONE',  ( -0.1280807357821902026, -0.6250000000000000000, 0.6832839935504295692 ) ) ;
#12075 = COLOUR_RGB ( '',0.0000000000000000000, 0.0000000000000000000, 1.000000000000000000 ) ;
#12076 = VECTOR ( 'NONE', #5310, 1000.000000000000000 ) ;
#12077 = EDGE_CURVE ( 'NONE', #11768, #6910, #5142, .T. ) ;
#12078 = B_SPLINE_SURFACE_WITH_KNOTS ( 'NONE', 3, 1, ( 
 ( #9059, #5371 ),
 ( #11096, #814 ),
 ( #3525, #3642 ),
 ( #986, #1775 ) ),
 .UNSPECIFIED., .F., .F., .F.,
 ( 4, 4 ),
 ( 2, 2 ),
 ( 8.000000000000000000, 9.000000000000000000 ),
 ( 0.0000000000000000000, 1.000000000000000000 ),
 .UNSPECIFIED. ) ;
#12079 = FACE_OUTER_BOUND ( 'NONE', #2201, .T. ) ;
#12080 =( NAMED_UNIT ( * ) SI_UNIT ( $, .STERADIAN. ) SOLID_ANGLE_UNIT ( ) );
#12081 = ORIENTED_EDGE ( 'NONE', *, *, #10457, .T. ) ;
#12082 = STYLED_ITEM ( 'NONE', ( #8728 ), #5497 ) ;
#12083 = DIRECTION ( 'NONE',  ( -0.0000000000000000000, -0.0000000000000000000, 1.000000000000000000 ) ) ;
#12084 = CARTESIAN_POINT ( 'NONE',  ( -0.3415083774051487220, -0.6250000000000000000, 0.6611718085298741165 ) ) ;
#12085 = ORIENTED_EDGE ( 'NONE', *, *, #10803, .T. ) ;
#12086 = CARTESIAN_POINT ( 'NONE',  ( -0.4753772091311208592, -0.6250000000000000000, 0.7510762096942074084 ) ) ;
#12087 = STYLED_ITEM ( 'NONE', ( #1254 ), #7736 ) ;
#12088 = CARTESIAN_POINT ( 'NONE',  ( -0.1495344074560336911, -0.6250000000000000000, 0.7403667031558708311 ) ) ;
#12089 = EDGE_LOOP ( 'NONE', ( #5257, #8614, #2017, #6056 ) ) ;
#12090 = B_SPLINE_CURVE_WITH_KNOTS ( 'NONE', 3,
 ( #2814, #6569, #1015, #2088 ),
 .UNSPECIFIED., .F., .F.,
 ( 4, 4 ),
 ( 4.000000000000000000, 5.000000000000000000 ),
 .UNSPECIFIED. ) ;
#12091 = SURFACE_STYLE_USAGE ( .BOTH. , #3711 ) ;
#12092 =( GEOMETRIC_REPRESENTATION_CONTEXT ( 3 ) GLOBAL_UNCERTAINTY_ASSIGNED_CONTEXT ( ( #380 ) ) GLOBAL_UNIT_ASSIGNED_CONTEXT ( ( #10574, #2336, #1258 ) ) REPRESENTATION_CONTEXT ( 'NONE', 'WORKASPACE' ) );
#12093 = SURFACE_STYLE_USAGE ( .BOTH. , #8204 ) ;
#12094 = FACE_OUTER_BOUND ( 'NONE', #10643, .T. ) ;
#12095 = CARTESIAN_POINT ( 'NONE',  ( -0.3187550083364664721, -0.6250000000000000000, 0.6759710295390156665 ) ) ;
#12096 =( LENGTH_UNIT ( ) NAMED_UNIT ( * ) SI_UNIT ( .MILLI., .METRE. ) );
#12097 = CARTESIAN_POINT ( 'NONE',  ( -0.3672770444314125693, -0.6250000000000000000, 0.7253248719665309485 ) ) ;
#12098 = CARTESIAN_POINT ( 'NONE',  ( -0.5983771205227886858, -0.6250000000000000000, 0.7876419363652877870 ) ) ;
#12099 = CARTESIAN_POINT ( 'NONE',  ( -0.3725278219086046172, -0.6250000000000000000, 0.7908296206947073026 ) ) ;
#12100 = EDGE_CURVE ( 'NONE', #1022, #11550, #8949, .T. ) ;
#12101 = DIRECTION ( 'NONE',  ( 0.9306703226357524450, 0.0000000000000000000, 0.3658589216693567403 ) ) ;
#12102 = VECTOR ( 'NONE', #4518, 1000.000000000000000 ) ;
#12103 = CARTESIAN_POINT ( 'NONE',  ( -0.3415083774051487220, -0.6260000000000000009, 0.6611718085298741165 ) ) ;
#12104 = LINE ( 'NONE', #2875, #4955 ) ;
#12105 = VERTEX_POINT ( 'NONE', #3357 ) ;
#12106 = LINE ( 'NONE', #4526, #3463 ) ;
#12107 = EDGE_CURVE ( 'NONE', #4963, #1043, #7969, .T. ) ;
#12108 = CARTESIAN_POINT ( 'NONE',  ( -0.4000000000000004108, 0.6250000000000000000, 0.0000000000000000000 ) ) ;
#12109 =( NAMED_UNIT ( * ) PLANE_ANGLE_UNIT ( ) SI_UNIT ( $, .RADIAN. ) );
ENDSEC;
END-ISO-10303-21;
