#VRML V2.0 utf8

Shape {
  appearance Appearance {
    material Material {
      diffuseColor 1.0000 1.0000 1.0000
      specularColor 0.5020 0.5020 0.5020
      ambientIntensity 0.2
      transparency 0.0000
      shininess 0.5
    }
  }
  geometry IndexedFaceSet {
    ccw TRUE
    solid FALSE
    coord DEF co Coordinate {
      point [
        2.244094 0.787402 -0.885827,
        5.118110 0.787402 -0.885827,
        5.118110 0.787402 -0.927554,
        -0.250448 0.787402 -1.099596,
        -0.245759 0.787402 -1.100130,
        -0.278733 0.787402 -1.100130,
        -0.674868 0.787402 -0.965556,
        -0.725696 0.787402 -1.099005,
        -0.795919 0.787402 -1.100130,
        0.691362 0.787402 -0.939556,
        0.689222 0.787402 -0.927554,
        0.778884 0.787402 -0.927554,
        0.273773 0.787402 -0.738931,
        0.253256 0.787402 -0.752726,
        0.031640 0.787402 -0.752726,
        0.231454 0.787402 -0.767384,
        0.199994 0.787402 -0.803803,
        0.093866 0.787402 -0.927554,
        0.031640 0.787402 -0.927554,
        0.102263 0.787402 -0.906609,
        0.121644 0.787402 -0.879628,
        0.147393 0.787402 -0.857874,
        0.180218 0.787402 -0.842340,
        0.175635 0.787402 -0.843879,
        0.321387 0.787402 -0.722154,
        0.031640 0.787402 -0.506661,
        0.470598 0.787402 -0.752726,
        0.451175 0.787402 -0.740694,
        0.778884 0.787402 -0.506661,
        0.407424 0.787402 -0.723826,
        0.360492 0.787402 -0.718046,
        0.685003 0.787402 -0.903895,
        0.669872 0.787402 -0.869730,
        0.778884 0.787402 -0.752726,
        0.647033 0.787402 -0.840442,
        0.575327 0.787402 -0.799524,
        0.537919 0.787402 -0.794899,
        0.474349 0.787402 -0.755049,
        0.496646 0.787402 -0.774144,
        0.527008 0.787402 -0.795492,
        0.516097 0.787402 -0.796797,
        0.640648 0.787402 -0.834398,
        0.610472 0.787402 -0.813177,
        0.575872 0.787402 -1.097570,
        0.587915 0.787402 -1.093965,
        0.778884 0.787402 -1.100130,
        0.622200 0.787402 -1.077253,
        0.651777 0.787402 -1.052027,
        0.673412 0.787402 -1.021152,
        0.687020 0.787402 -0.985832,
        0.691627 0.787402 -0.948607,
        0.511719 0.787402 -1.158549,
        0.524972 0.787402 -1.152993,
        0.778884 0.787402 -1.152993,
        0.533619 0.787402 -1.149369,
        0.552191 0.787402 -1.135394,
        0.566318 0.787402 -1.117991,
        0.574674 0.787402 -1.100130,
        0.031640 0.787402 -1.515748,
        0.462709 0.787402 -1.159245,
        0.778884 0.787402 -1.515748,
        0.485735 0.787402 -1.162089,
        0.489313 0.787402 -1.162024,
        0.396854 0.787402 -1.100130,
        0.396986 0.787402 -1.100682,
        0.031640 0.787402 -1.152993,
        0.408250 0.787402 -1.121801,
        0.422662 0.787402 -1.137939,
        0.441552 0.787402 -1.151103,
        0.446463 0.787402 -1.152993,
        0.275679 0.787402 -1.044157,
        0.269168 0.787402 -1.041585,
        0.258020 0.787402 -0.987508,
        0.121392 0.787402 -1.056771,
        0.147179 0.787402 -1.078606,
        0.031640 0.787402 -1.100130,
        0.414574 0.787402 -1.003637,
        0.287433 0.787402 -0.937221,
        0.431200 0.787402 -0.988508,
        0.451343 0.787402 -0.977728,
        0.281513 0.787402 -1.048292,
        0.102531 0.787402 -1.030484,
        0.145666 0.787402 -0.958506,
        0.150312 0.787402 -0.940333,
        0.157375 0.787402 -0.927554,
        0.629486 0.787402 -0.927554,
        0.090646 0.787402 -0.935582,
        0.086286 0.787402 -0.966634,
        0.090624 0.787402 -1.000440,
        0.261816 0.787402 -1.040641,
        0.260892 0.787402 -1.040708,
        0.258046 0.787402 -1.041339,
        0.623842 0.787402 -0.984715,
        0.612646 0.787402 -1.003741,
        0.564476 0.787402 -1.013661,
        0.595644 0.787402 -1.021228,
        0.574923 0.787402 -1.034000,
        0.529411 0.787402 -0.982220,
        0.548802 0.787402 -0.995713,
        0.631852 0.787402 -0.946709,
        0.630689 0.787402 -0.961513,
        0.508458 0.787402 -0.974187,
        0.485735 0.787402 -0.971378,
        0.474251 0.787402 -0.972056,
        0.291229 0.787402 -1.070054,
        0.290988 0.787402 -1.066310,
        0.390854 0.787402 -1.057720,
        0.289082 0.787402 -1.059088,
        0.285434 0.787402 -1.052615,
        0.164401 0.787402 -1.017801,
        0.153952 0.787402 -1.003009,
        0.147402 0.787402 -0.986103,
        0.145112 0.787402 -0.967583,
        0.269058 0.787402 -1.098606,
        0.275335 0.787402 -1.096135,
        0.281488 0.787402 -1.091761,
        0.283694 0.787402 -1.089516,
        0.287829 0.787402 -1.083556,
        0.290328 0.787402 -1.077121,
        0.391388 0.787402 -1.077272,
        0.390854 0.787402 -1.067208,
        0.176126 0.787402 -1.092780,
        0.207733 0.787402 -1.099467,
        0.263713 0.787402 -1.099467,
        0.256123 0.787402 -1.041590,
        0.213426 0.787402 -1.041590,
        0.196263 0.787402 -1.038285,
        0.179537 0.787402 -1.030498,
        0.165531 0.787402 -1.019016,
        0.247272 0.787402 -0.836406,
        0.268711 0.787402 -0.810873,
        0.486684 0.787402 -0.866060,
        0.270909 0.787402 -0.808873,
        0.297559 0.787402 -0.790359,
        0.472165 0.787402 -0.836010,
        0.493234 0.787402 -0.862468,
        0.514501 0.787402 -0.854639,
        0.203764 0.787402 -0.895178,
        0.219119 0.787402 -0.893576,
        0.226710 0.787402 -0.893576,
        0.232584 0.787402 -0.866953,
        0.159324 0.787402 -0.924029,
        0.171946 0.787402 -0.910605,
        0.186991 0.787402 -0.900923,
        0.570445 0.787402 -0.857960,
        0.591564 0.787402 -0.869224,
        0.547035 0.787402 -0.852362,
        0.607701 0.787402 -0.883636,
        0.620866 0.787402 -0.902526,
        0.450876 0.787402 -0.810594,
        0.327307 0.787402 -0.778945,
        0.425509 0.787402 -0.792059,
        0.359543 0.787402 -0.774974,
        0.394520 0.787402 -0.779486,
        0.536971 0.787402 -0.851828,
        0.629008 0.787402 -0.923683,
        -0.578397 0.787402 -0.927554,
        -0.549861 0.787402 -0.968267,
        -0.565721 0.787402 -0.974538,
        -0.576780 0.787402 -1.081500,
        -0.563910 0.787402 -1.090433,
        -0.578397 0.787402 -1.100130,
        -0.548641 0.787402 -1.096323,
        -0.526273 0.787402 -1.099005,
        -0.476963 0.787402 -1.100130,
        -0.489567 0.787402 -1.099005,
        -0.476963 0.787402 -0.927554,
        -0.489567 0.787402 -0.965556,
        -0.527637 0.787402 -0.965556,
        -0.587476 0.787402 -1.069317,
        -0.578397 0.787402 -1.079951,
        -0.578090 0.787402 -1.080311,
        -0.693050 0.787402 -1.062504,
        -0.637480 0.787402 -1.062504,
        -0.706661 0.787402 -1.099005,
        -0.624654 0.787402 -1.099005,
        -0.795919 0.787402 -0.927554,
        -0.656447 0.787402 -0.965556,
        -0.578090 0.787402 -0.983226,
        -0.578397 0.787402 -0.983536,
        -0.605619 0.787402 -1.099005,
        -0.584085 0.787402 -0.989281,
        -0.592014 0.787402 -1.001343,
        -0.596548 0.787402 -1.014494,
        -0.598217 0.787402 -1.030574,
        -0.597700 0.787402 -1.040187,
        -0.594263 0.787402 -1.055637,
        -0.461322 0.787402 -0.965556,
        -0.434799 0.787402 -0.965556,
        -0.434799 0.787402 -0.927554,
        -0.392585 0.787402 -0.965556,
        -0.434799 0.787402 -1.023615,
        -0.457535 0.787402 -1.023615,
        -0.461322 0.787402 -0.980906,
        -0.464358 0.787402 -1.083790,
        -0.457535 0.787402 -1.038898,
        -0.434799 0.787402 -1.083790,
        -0.434799 0.787402 -1.038898,
        -0.409811 0.787402 -1.038898,
        -0.409811 0.787402 -1.083790,
        -0.434799 0.787402 -0.980906,
        -0.409811 0.787402 -0.980906,
        -0.409811 0.787402 -1.023615,
        -0.464358 0.787402 -1.099005,
        -0.434799 0.787402 -1.100130,
        -0.434799 0.787402 -1.099005,
        -0.392585 0.787402 -1.099005,
        -0.326679 0.787402 -1.075330,
        -0.328726 0.787402 -1.083176,
        -0.329169 0.787402 -1.083176,
        -0.374573 0.787402 -1.003693,
        -0.309844 0.787402 -0.927554,
        -0.357244 0.787402 -1.003693,
        -0.309844 0.787402 -1.026902,
        -0.331216 0.787402 -1.075467,
        -0.329937 0.787402 -1.079910,
        -0.269813 0.787402 -1.005740,
        -0.269813 0.787402 -1.021978,
        -0.221973 0.787402 -1.099835,
        -0.210013 0.787402 -1.095661,
        -0.204384 0.787402 -1.100130,
        -0.210013 0.787402 -1.078400,
        -0.257081 0.787402 -1.002233,
        -0.278733 0.787402 -0.927554,
        -0.210115 0.787402 -1.029415,
        -0.210775 0.787402 -1.023438,
        -0.204384 0.787402 -0.927554,
        -0.212765 0.787402 -1.018056,
        -0.215871 0.787402 -1.013538,
        -0.273589 0.787402 -1.079795,
        -0.271536 0.787402 -1.085092,
        -0.268420 0.787402 -1.089501,
        -0.212677 0.787402 -1.041009,
        -0.210834 0.787402 -1.035904,
        -0.233702 0.787402 -1.003155,
        -0.247230 0.787402 -1.001510,
        -0.268789 0.787402 -1.057319,
        -0.271909 0.787402 -1.061923,
        -0.273693 0.787402 -1.066852,
        -0.274384 0.787402 -1.073079,
        -0.220827 0.787402 -1.009083,
        -0.224782 0.787402 -1.006641,
        -0.263638 0.787402 -1.093683,
        -0.259365 0.787402 -1.096276,
        -0.214857 0.787402 -1.044493,
        -0.227028 0.787402 -1.086386,
        -0.235427 0.787402 -1.057114,
        -0.216548 0.787402 -1.082442,
        -0.225464 0.787402 -1.052547,
        -0.217592 0.787402 -1.047352,
        -0.245593 0.787402 -1.015087,
        -0.240644 0.787402 -1.015458,
        -0.227342 0.787402 -1.027913,
        -0.236173 0.787402 -1.016642,
        -0.232425 0.787402 -1.018635,
        -0.227494 0.787402 -1.030137,
        -0.228158 0.787402 -1.032733,
        -0.229362 0.787402 -1.034989,
        -0.230992 0.787402 -1.036783,
        -0.236885 0.787402 -1.040467,
        -0.256582 0.787402 -1.016337,
        -0.247230 0.787402 -1.044970,
        -0.266009 0.787402 -1.019797,
        -0.253702 0.787402 -1.047589,
        -0.264804 0.787402 -1.053763,
        -0.237508 0.787402 -1.087611,
        -0.238246 0.787402 -1.087606,
        -0.246403 0.787402 -1.061711,
        -0.246815 0.787402 -1.086646,
        -0.257225 0.787402 -1.074716,
        -0.257061 0.787402 -1.072637,
        -0.229903 0.787402 -1.020864,
        -0.228470 0.787402 -1.022991,
        -0.227645 0.787402 -1.025248,
        -0.251128 0.787402 -1.085067,
        -0.252652 0.787402 -1.084143,
        -0.254570 0.787402 -1.082440,
        -0.256029 0.787402 -1.080282,
        -0.256879 0.787402 -1.077905,
        -0.256302 0.787402 -1.070027,
        -0.255010 0.787402 -1.067811,
        -0.252927 0.787402 -1.065642,
        -0.204384 0.787402 -1.152993,
        -0.235870 0.787402 -1.101256,
        -0.224857 0.787402 -1.100130,
        -0.278733 0.787402 -1.152993,
        -0.476963 0.787402 -0.786318,
        -0.489328 0.787402 -0.753851,
        -0.476963 0.787402 -0.752726,
        -0.507749 0.787402 -0.753851,
        -0.578397 0.787402 -0.752726,
        -0.558578 0.787402 -0.887301,
        -0.438500 0.787402 -0.887301,
        -0.457535 0.787402 -0.887301,
        -0.470362 0.787402 -0.850800,
        -0.476963 0.787402 -0.850800,
        -0.309844 0.787402 -0.752726,
        -0.278733 0.787402 -0.752726,
        -0.294203 0.787402 -0.753851,
        -0.278733 0.787402 -0.753851,
        -0.278733 0.787402 -0.811911,
        -0.290417 0.787402 -0.811911,
        -0.294203 0.787402 -0.769202,
        -0.297239 0.787402 -0.872086,
        -0.290417 0.787402 -0.827194,
        -0.278733 0.787402 -0.872086,
        -0.278733 0.787402 -0.827194,
        -0.242693 0.787402 -0.827194,
        -0.242693 0.787402 -0.872086,
        -0.278733 0.787402 -0.769202,
        -0.242693 0.787402 -0.769202,
        -0.242693 0.787402 -0.811911,
        -0.297239 0.787402 -0.887301,
        -0.278733 0.787402 -0.887301,
        -0.225466 0.787402 -0.887301,
        -0.225466 0.787402 -0.753851,
        -0.204384 0.787402 -0.752726,
        2.244094 0.787402 -0.752726,
        2.244094 0.787402 -0.506661,
        0.866142 0.787402 0.429134,
        0.866142 0.787402 -0.295276,
        1.496063 0.787402 -0.295276,
        2.244094 0.787402 0.807087,
        1.496063 0.787402 0.429134,
        0.778884 0.787402 0.807087,
        -2.244094 0.787402 -0.885827,
        -3.307087 0.787402 -0.927554,
        -3.307087 0.787402 -0.885827,
        -5.118110 0.787402 -0.927554,
        -5.118110 0.787402 -0.885827,
        -0.193059 0.787402 -0.884030,
        -0.193059 0.787402 -0.927554,
        -0.196479 0.787402 -0.882909,
        -0.198756 0.787402 -0.881774,
        -0.198756 0.787402 -0.865264,
        -0.118591 0.787402 -0.805912,
        -0.193059 0.787402 -0.867859,
        -0.122742 0.787402 -0.793879,
        -0.128885 0.787402 -0.784296,
        -0.116919 0.787402 -0.822077,
        -0.116928 0.787402 -0.823323,
        -0.186232 0.787402 -0.870969,
        -0.171253 0.787402 -0.873911,
        -0.198756 0.787402 -0.775070,
        -0.196195 0.787402 -0.773719,
        -0.193059 0.787402 -0.772597,
        -0.182526 0.787402 -0.768827,
        -0.167304 0.787402 -0.767156,
        -0.161397 0.787402 -0.767427,
        -0.149890 0.787402 -0.769804,
        -0.132591 0.787402 -0.862694,
        -0.141295 0.787402 -0.868871,
        -0.139469 0.787402 -0.774816,
        -0.130939 0.787402 -0.781960,
        -0.130019 0.787402 -0.860147,
        -0.119026 0.787402 -0.839706,
        -0.123226 0.787402 -0.850579,
        -0.150791 0.787402 -0.872561,
        -0.164302 0.787402 -0.874201,
        -0.180769 0.787402 -0.752726,
        -0.185764 0.787402 -0.753182,
        -0.193059 0.787402 -0.752726,
        -0.193059 0.787402 -0.755358,
        -0.198756 0.787402 -0.757058,
        -0.193059 0.787402 -0.506661,
        -0.168535 0.787402 -0.751607,
        -0.139021 0.787402 -0.886104,
        -0.126464 0.787402 -0.880105,
        -0.096809 0.787402 -0.927554,
        -0.102491 0.787402 -0.797425,
        -0.109095 0.787402 -0.782788,
        -0.096809 0.787402 -0.752726,
        -0.156050 0.787402 -0.752726,
        -0.150681 0.787402 -0.753271,
        -0.136283 0.787402 -0.758150,
        -0.115964 0.787402 -0.871336,
        -0.114687 0.787402 -0.869936,
        -0.106772 0.787402 -0.858501,
        -0.182151 0.787402 -0.887607,
        -0.161811 0.787402 -0.889552,
        -0.153428 0.787402 -0.889139,
        -0.118113 0.787402 -0.771249,
        -0.122924 0.787402 -0.766791,
        -0.101388 0.787402 -0.844508,
        -0.098839 0.787402 -0.823100,
        -0.099197 0.787402 -0.814550,
        -0.094780 0.787402 -1.083790,
        -0.094780 0.787402 -1.099005,
        -0.096809 0.787402 -1.100130,
        -0.023007 0.787402 -1.099005,
        -0.094081 0.787402 -1.100130,
        -0.094081 0.787402 -1.099005,
        -0.023007 0.787402 -0.965556,
        -0.094081 0.787402 -0.927554,
        -0.091744 0.787402 -0.965556,
        -0.091744 0.787402 -0.980906,
        -0.040233 0.787402 -0.980906,
        -0.040233 0.787402 -1.023615,
        -0.040233 0.787402 -1.038898,
        -0.040233 0.787402 -1.083790,
        -0.087957 0.787402 -1.038898,
        -0.094081 0.787402 -1.083790,
        -0.087957 0.787402 -1.023615,
        -0.131004 0.787402 -1.100095,
        -0.124595 0.787402 -1.097679,
        -0.120092 0.787402 -1.010380,
        -0.120092 0.787402 -1.026617,
        -0.193059 0.787402 -1.100130,
        -0.187362 0.787402 -1.099005,
        -0.170647 0.787402 -1.099005,
        -0.162320 0.787402 -1.093916,
        -0.156399 0.787402 -1.097853,
        -0.150097 0.787402 -1.100130,
        -0.113623 0.787402 -1.086720,
        -0.111602 0.787402 -1.081065,
        -0.157002 0.787402 -1.015680,
        -0.151339 0.787402 -1.015087,
        -0.142401 0.787402 -1.042378,
        -0.185704 0.787402 -1.023530,
        -0.187362 0.787402 -1.037670,
        -0.118966 0.787402 -1.093751,
        -0.117096 0.787402 -1.091856,
        -0.116975 0.787402 -1.054213,
        -0.121848 0.787402 -1.049691,
        -0.128544 0.787402 -1.045981,
        -0.131662 0.787402 -1.019351,
        -0.142133 0.787402 -1.015969,
        -0.110779 0.787402 -1.073488,
        -0.111531 0.787402 -1.065782,
        -0.113541 0.787402 -1.059648,
        -0.170647 0.787402 -1.084268,
        -0.170203 0.787402 -1.084268,
        -0.167599 0.787402 -1.088231,
        -0.170647 0.787402 -1.038420,
        -0.170065 0.787402 -1.031029,
        -0.168337 0.787402 -1.025078,
        -0.166373 0.787402 -1.021635,
        -0.152976 0.787402 -1.001510,
        -0.164709 0.787402 -1.002801,
        -0.171343 0.787402 -1.005163,
        -0.176617 0.787402 -1.008549,
        -0.124876 0.787402 -1.007694,
        -0.137556 0.787402 -1.003178,
        -0.152908 0.787402 -1.001510,
        -0.179401 0.787402 -1.011249,
        -0.182944 0.787402 -1.016396,
        -0.163846 0.787402 -1.018947,
        -0.160879 0.787402 -1.017035,
        -0.149621 0.787402 -1.100302,
        -0.193059 0.787402 -1.152993,
        -0.096809 0.787402 -1.152993,
        -0.141003 0.787402 -1.101256,
        -0.131309 0.787402 -1.100130,
        -0.309844 0.787402 -1.071769,
        -0.283083 0.787402 -1.003693,
        -0.301776 0.787402 -1.003693,
        -0.319907 0.787402 -1.100130,
        -0.320470 0.787402 -1.098800,
        -0.309844 0.787402 -1.122154,
        -0.309866 0.787402 -1.122129,
        -0.309844 0.787402 -1.100130,
        -0.313136 0.787402 -1.116129,
        -0.286528 0.787402 -1.127659,
        -0.286528 0.787402 -1.142533,
        -0.289948 0.787402 -1.128780,
        -0.296011 0.787402 -1.129570,
        -0.300025 0.787402 -1.129120,
        -0.309844 0.787402 -1.140917,
        -0.304061 0.787402 -1.143120,
        -0.309844 0.787402 -1.152993,
        -0.297307 0.787402 -1.143897,
        -0.293618 0.787402 -1.143765,
        -0.303685 0.787402 -1.127747,
        -0.306753 0.787402 -1.125617,
        -0.331318 0.787402 -1.113400,
        -0.323751 0.787402 -1.128137,
        -0.434799 0.787402 -1.152993,
        -0.336550 0.787402 -1.100130,
        -0.317634 0.787402 -1.135483,
        -0.316494 0.787402 -1.136528,
        -0.310657 0.787402 -1.140608,
        -5.118110 0.787402 -1.515748,
        -5.118110 0.787402 -1.152993,
        -3.937008 0.787402 -1.515748,
        -3.307087 0.787402 -1.152993,
        -3.307087 0.787402 -1.515748,
        -3.149606 0.787402 -1.515748,
        -0.795919 0.787402 -1.152993,
        -0.795919 0.787402 -1.515748,
        -1.574803 0.787402 -1.515748,
        -2.362205 0.787402 -1.515748,
        -3.307087 0.787402 -1.100130,
        -5.118110 0.787402 -1.100130,
        -0.525931 0.787402 -0.850800,
        -0.539543 0.787402 -0.887301,
        -0.795919 0.787402 -0.752726,
        -2.244094 0.787402 -0.752726,
        -0.476963 0.787402 -1.152993,
        -0.578397 0.787402 -1.152993,
        -0.427145 0.787402 -0.843933,
        -0.420358 0.787402 -0.857613,
        -0.396792 0.787402 -0.878729,
        -0.381523 0.787402 -0.884619,
        -0.360519 0.787402 -0.753851,
        -0.434799 0.787402 -0.752726,
        -0.382743 0.787402 -0.756562,
        -0.398603 0.787402 -0.762834,
        -0.431098 0.787402 -0.818870,
        -0.429430 0.787402 -0.802790,
        -0.424895 0.787402 -0.789639,
        -0.430581 0.787402 -0.828483,
        -0.359154 0.787402 -0.887301,
        -0.322449 0.787402 -0.887301,
        -0.322449 0.787402 -0.753851,
        -0.410971 0.787402 -0.771522,
        -0.416967 0.787402 -0.777578,
        -0.410971 0.787402 -0.868607,
        -0.409662 0.787402 -0.869796,
        -0.204384 0.787402 -0.506661,
        -0.278733 0.787402 -0.506661,
        -0.309844 0.787402 -0.506661,
        -0.434799 0.787402 -0.506661,
        -0.476963 0.787402 -0.506661,
        -0.578397 0.787402 -0.506661,
        -0.795919 0.787402 -0.506661,
        -2.244094 0.787402 -0.506661,
        -0.787402 0.787402 -1.515748,
        -0.578397 0.787402 -1.515748,
        -0.476963 0.787402 -1.515748,
        -0.434799 0.787402 -1.515748,
        -0.309844 0.787402 -1.515748,
        -0.278733 0.787402 -1.515748,
        -0.204384 0.787402 -1.515748,
        -0.193059 0.787402 -1.515748,
        -0.096809 0.787402 -1.515748,
        -0.094081 0.787402 -1.152993,
        -0.094081 0.787402 -1.515748,
        -0.094081 0.787402 -0.752726,
        -0.000000 0.787402 -1.515748,
        -0.040233 0.787402 -0.872086,
        -0.093381 0.787402 -0.872086,
        -0.040233 0.787402 -0.753851,
        -0.023007 0.787402 -0.753851,
        -0.023007 0.787402 -0.887301,
        -0.093381 0.787402 -0.887301,
        -0.094081 0.787402 -0.506661,
        -0.096809 0.787402 -0.506661,
        -0.167133 0.787402 -0.751600,
        0.031640 0.787402 0.807087,
        -0.094081 0.787402 0.807087,
        -0.096809 0.787402 0.807087,
        -0.193059 0.787402 0.807087,
        -0.204384 0.787402 0.807087,
        -0.278733 0.787402 0.807087,
        -0.309844 0.787402 0.807087,
        -0.434799 0.787402 0.807087,
        -0.476963 0.787402 0.807087,
        -0.578397 0.787402 0.807087,
        -0.795919 0.787402 0.807087,
        -0.866142 0.787402 0.429134,
        -2.244094 0.787402 0.807087,
        -1.496063 0.787402 0.429134,
        -1.496063 0.787402 -0.295276,
        -0.866142 0.787402 -0.295276,
        5.118110 0.787402 -1.515748,
        4.773622 0.787402 -1.515748,
        5.118110 0.787402 -1.152993,
        3.937008 0.787402 -1.515748,
        3.149606 0.787402 -1.515748,
        2.362205 0.787402 -1.515748,
        1.574803 0.787402 -1.515748,
        5.118110 0.787402 -1.100130,
        4.803150 0.305118 -0.767717,
        4.803150 0.511811 -0.767717,
        4.616142 0.511811 -0.767717,
        4.616142 0.305118 -0.767717,
        4.803150 -0.551181 -0.767717,
        4.616142 -0.551181 -0.767717,
        4.232283 0.098425 -0.767717,
        3.937008 0.305118 -0.767717,
        4.232283 -0.098425 -0.767717,
        3.937008 -0.551181 -0.767717,
        4.429134 -0.098425 -0.767717,
        4.429134 0.098425 -0.767717,
        3.444882 0.098425 -0.767717,
        3.149606 0.305118 -0.767717,
        3.444882 -0.098425 -0.767717,
        3.149606 -0.551181 -0.767717,
        3.641732 -0.098425 -0.767717,
        3.641732 0.098425 -0.767717,
        2.657480 0.098425 -0.767717,
        2.362205 0.305118 -0.767717,
        2.657480 -0.098425 -0.767717,
        2.362205 -0.551181 -0.767717,
        2.854331 -0.098425 -0.767717,
        2.854331 0.098425 -0.767717,
        1.870079 0.098425 -0.767717,
        1.574803 0.305118 -0.767717,
        1.870079 -0.098425 -0.767717,
        1.574803 -0.551181 -0.767717,
        2.066929 -0.098425 -0.767717,
        2.066929 0.098425 -0.767717,
        0.492126 -0.098425 -0.767717,
        0.295276 -0.098425 -0.767717,
        0.000000 -0.551181 -0.767717,
        0.492126 0.098425 -0.767717,
        -0.000000 0.305118 -0.767717,
        0.295276 0.098425 -0.767717,
        1.082677 -0.098425 -0.767717,
        1.082677 0.098425 -0.767717,
        1.279528 0.098425 -0.767717,
        1.279528 -0.098425 -0.767717,
        -0.492126 0.098425 -0.767717,
        -0.787402 0.305118 -0.767717,
        -0.492126 -0.098425 -0.767717,
        -0.787402 -0.551181 -0.767717,
        -0.295276 -0.098425 -0.767717,
        -0.295276 0.098425 -0.767717,
        -1.279528 0.098425 -0.767717,
        -1.574803 0.305118 -0.767717,
        -1.279528 -0.098425 -0.767717,
        -1.574803 -0.551181 -0.767717,
        -1.082677 -0.098425 -0.767717,
        -1.082677 0.098425 -0.767717,
        -1.870079 0.098425 -0.767717,
        -2.066929 0.098425 -0.767717,
        -2.362205 0.305118 -0.767717,
        -2.066929 -0.098425 -0.767717,
        -2.362205 -0.551181 -0.767717,
        -1.870079 -0.098425 -0.767717,
        -2.854331 0.098425 -0.767717,
        -3.149606 0.305118 -0.767717,
        -2.854331 -0.098425 -0.767717,
        -3.149606 -0.551181 -0.767717,
        -2.657480 -0.098425 -0.767717,
        -2.657480 0.098425 -0.767717,
        -3.641732 0.098425 -0.767717,
        -3.937008 0.305118 -0.767717,
        -3.641732 -0.098425 -0.767717,
        -3.937008 -0.551181 -0.767717,
        -3.444882 -0.098425 -0.767717,
        -3.444882 0.098425 -0.767717,
        -4.429134 0.098425 -0.767717,
        -4.803150 0.305118 -0.767717,
        -4.429134 -0.098425 -0.767717,
        -4.803150 -0.551181 -0.767717,
        -4.232283 -0.098425 -0.767717,
        -4.232283 0.098425 -0.767717,
        3.937008 0.511811 -0.767717,
        3.149606 0.511811 -0.767717,
        2.362205 0.511811 -0.767717,
        1.574803 0.511811 -0.767717,
        -0.000000 0.511811 -0.767717,
        -0.787402 0.511811 -0.767717,
        -1.574803 0.511811 -0.767717,
        -2.362205 0.511811 -0.767717,
        -3.149606 0.511811 -0.767717,
        -3.937008 0.511811 -0.767717,
        -4.803150 0.511811 -0.767717,
        4.429134 -0.098425 -1.515748,
        4.429134 0.098425 -1.515748,
        4.773622 0.442913 -1.515748,
        -3.937008 0.442913 -1.515748,
        -5.118110 0.442913 -1.515748,
        -3.149606 0.442913 -1.515748,
        -2.362205 0.442913 -1.515748,
        -1.574803 0.442913 -1.515748,
        -0.787402 0.442913 -1.515748,
        -0.000000 0.442913 -1.515748,
        5.118110 0.442913 -1.515748,
        3.937008 0.442913 -1.515748,
        3.149606 0.442913 -1.515748,
        2.362205 0.442913 -1.515748,
        1.574803 0.442913 -1.515748,
        -4.429134 -0.098425 -1.515748,
        -5.118110 -0.866142 -1.515748,
        -4.429134 0.098425 -1.515748,
        -4.232283 0.098425 -1.515748,
        -4.232283 -0.098425 -1.515748,
        -3.937008 -0.866142 -1.515748,
        -3.444882 -0.098425 -1.515748,
        -3.149606 -0.866142 -1.515748,
        -3.641732 -0.098425 -1.515748,
        -3.641732 0.098425 -1.515748,
        -3.444882 0.098425 -1.515748,
        -2.854331 -0.098425 -1.515748,
        -2.854331 0.098425 -1.515748,
        -2.657480 0.098425 -1.515748,
        -2.657480 -0.098425 -1.515748,
        -2.362205 -0.866142 -1.515748,
        -2.066929 -0.098425 -1.515748,
        -2.066929 0.098425 -1.515748,
        -1.870079 0.098425 -1.515748,
        -1.870079 -0.098425 -1.515748,
        -1.574803 -0.866142 -1.515748,
        -1.279528 -0.098425 -1.515748,
        -1.279528 0.098425 -1.515748,
        -1.082677 0.098425 -1.515748,
        -1.082677 -0.098425 -1.515748,
        -0.787402 -0.866142 -1.515748,
        -0.492126 -0.098425 -1.515748,
        -0.492126 0.098425 -1.515748,
        -0.295276 0.098425 -1.515748,
        -0.295276 -0.098425 -1.515748,
        0.000000 -0.866142 -1.515748,
        0.492126 0.098425 -1.515748,
        0.295276 0.098425 -1.515748,
        1.082677 -0.098425 -1.515748,
        1.279528 -0.098425 -1.515748,
        1.574803 -0.866142 -1.515748,
        0.295276 -0.098425 -1.515748,
        0.492126 -0.098425 -1.515748,
        1.279528 0.098425 -1.515748,
        1.082677 0.098425 -1.515748,
        1.870079 -0.098425 -1.515748,
        1.870079 0.098425 -1.515748,
        2.066929 0.098425 -1.515748,
        2.066929 -0.098425 -1.515748,
        2.362205 -0.866142 -1.515748,
        2.657480 -0.098425 -1.515748,
        2.657480 0.098425 -1.515748,
        2.854331 0.098425 -1.515748,
        2.854331 -0.098425 -1.515748,
        3.149606 -0.866142 -1.515748,
        3.444882 -0.098425 -1.515748,
        3.444882 0.098425 -1.515748,
        3.641732 0.098425 -1.515748,
        3.641732 -0.098425 -1.515748,
        3.937008 -0.866142 -1.515748,
        4.232283 0.098425 -1.515748,
        4.232283 -0.098425 -1.515748,
        4.773622 -0.866142 -1.515748,
        5.118110 -0.866142 -1.515748,
        5.118110 1.220472 -0.885827,
        5.118110 1.220472 0.807087,
        5.118110 -0.137795 0.807087,
        5.118110 -0.866142 1.515748,
        5.118110 -0.137795 1.397638,
        5.118110 -0.255906 1.515748,
        -5.118110 1.220472 0.807087,
        -5.118110 1.220472 -0.885827,
        -5.118110 -0.137795 0.807087,
        -5.118110 -0.255906 1.515748,
        -5.118110 -0.137795 1.397638,
        -5.118110 -0.866142 1.515748,
        4.448819 -0.866142 1.515748,
        4.330709 -0.866142 1.397638,
        4.330709 -0.866142 1.003937,
        -4.330709 -0.866142 1.397638,
        -4.448819 -0.866142 1.515748,
        -4.330709 -0.866142 1.003937,
        3.110236 0.905512 0.807087,
        3.110236 1.220472 0.807087,
        2.244094 1.220472 0.807087,
        -2.244094 1.220472 0.807087,
        -3.110236 1.220472 0.807087,
        4.921260 -0.137795 0.807087,
        4.921260 0.629921 0.807087,
        4.271654 1.220472 0.807087,
        -3.110236 0.905512 0.807087,
        -4.271654 0.905512 0.807087,
        -4.921260 0.629921 0.807087,
        4.271654 0.905512 0.807087,
        -4.271654 1.220472 0.807087,
        -4.921260 -0.137795 0.807087,
        4.803150 -0.137795 1.397638,
        4.803150 -0.137795 0.688976,
        4.448819 -0.669291 1.515748,
        4.921260 -0.669291 1.515748,
        4.921260 -0.255906 1.515748,
        4.271654 1.220472 -0.885827,
        4.271654 0.905512 -0.885827,
        3.110236 0.905512 -0.885827,
        3.110236 1.220472 -0.885827,
        2.244094 1.220472 -0.885827,
        -4.921260 -0.255906 1.515748,
        -4.921260 -0.669291 1.515748,
        -4.448819 -0.669291 1.515748,
        -3.110236 0.905512 -0.885827,
        -3.110236 1.220472 -0.885827,
        -2.244094 1.220472 -0.885827,
        -4.271654 0.905512 -0.885827,
        -4.271654 1.220472 -0.885827,
        -4.803150 -0.137795 1.397638,
        -4.803150 -0.137795 0.688976,
        0.866142 0.864510 0.429134,
        0.866142 1.023622 0.153543,
        0.866142 1.023622 -0.295276,
        -1.496063 0.864510 0.429134,
        -1.496063 1.023622 0.153543,
        -1.496063 1.023622 -0.295276,
        -0.866142 1.023622 -0.295276,
        1.496063 0.864510 0.429134,
        1.496063 1.023622 0.153543,
        1.496063 1.023622 -0.295276,
        -0.866142 0.864510 0.429134,
        -0.866142 1.023622 0.153543,
        4.330709 -0.669291 1.003937,
        4.330709 -0.551181 1.397638,
        4.330709 -0.551181 0.885827,
        -4.330709 -0.669291 1.003937,
        -4.330709 -0.551181 1.397638,
        -4.330709 -0.551181 0.885827,
        4.803150 -0.551181 1.397638,
        4.803150 0.511811 0.688976,
        -4.803150 0.511811 0.688976,
        -4.803150 -0.551181 1.397638,
      ]
    }
    coordIndex [
      0, 1, 2, -1,
      3, 4, 5, -1,
      6, 7, 8, -1,
      9, 10, 11, -1,
      12, 13, 14, -1,
      14, 13, 15, -1,
      14, 15, 16, -1,
      17, 18, 19, -1,
      19, 18, 14, -1,
      19, 14, 20, -1,
      20, 14, 21, -1,
      16, 22, 14, -1,
      14, 22, 23, -1,
      14, 23, 21, -1,
      24, 12, 25, -1,
      26, 27, 28, -1,
      28, 27, 29, -1,
      28, 29, 25, -1,
      25, 29, 30, -1,
      25, 30, 24, -1,
      31, 32, 33, -1,
      33, 32, 34, -1,
      35, 36, 33, -1,
      33, 36, 37, -1,
      37, 36, 38, -1,
      38, 36, 39, -1,
      38, 39, 40, -1,
      34, 41, 33, -1,
      33, 41, 42, -1,
      33, 42, 35, -1,
      43, 44, 45, -1,
      45, 44, 46, -1,
      45, 46, 47, -1,
      47, 48, 45, -1,
      45, 48, 49, -1,
      45, 49, 11, -1,
      11, 49, 50, -1,
      11, 50, 9, -1,
      51, 52, 53, -1,
      53, 52, 54, -1,
      54, 55, 53, -1,
      53, 55, 56, -1,
      53, 56, 45, -1,
      45, 56, 57, -1,
      45, 57, 43, -1,
      58, 59, 60, -1,
      60, 59, 61, -1,
      60, 61, 62, -1,
      63, 64, 65, -1,
      65, 64, 66, -1,
      66, 67, 65, -1,
      65, 67, 68, -1,
      65, 68, 69, -1,
      70, 71, 72, -1,
      73, 74, 75, -1,
      76, 77, 78, -1,
      78, 77, 79, -1,
      70, 72, 80, -1,
      73, 75, 81, -1,
      82, 83, 77, -1,
      77, 83, 84, -1,
      77, 84, 85, -1,
      17, 86, 18, -1,
      18, 86, 87, -1,
      18, 87, 75, -1,
      75, 87, 88, -1,
      75, 88, 81, -1,
      71, 89, 72, -1,
      72, 89, 90, -1,
      72, 90, 91, -1,
      92, 93, 94, -1,
      94, 93, 95, -1,
      94, 95, 96, -1,
      97, 85, 98, -1,
      98, 85, 99, -1,
      98, 99, 94, -1,
      94, 99, 100, -1,
      94, 100, 92, -1,
      97, 101, 85, -1,
      85, 101, 102, -1,
      85, 102, 77, -1,
      77, 102, 103, -1,
      77, 103, 79, -1,
      104, 105, 106, -1,
      106, 105, 107, -1,
      106, 107, 72, -1,
      72, 107, 108, -1,
      72, 108, 80, -1,
      109, 110, 72, -1,
      72, 110, 111, -1,
      72, 111, 77, -1,
      77, 111, 112, -1,
      77, 112, 82, -1,
      113, 114, 63, -1,
      63, 114, 115, -1,
      63, 115, 116, -1,
      116, 117, 63, -1,
      63, 117, 118, -1,
      63, 118, 119, -1,
      119, 118, 104, -1,
      119, 104, 120, -1,
      120, 104, 106, -1,
      74, 121, 75, -1,
      75, 121, 122, -1,
      75, 122, 63, -1,
      63, 122, 123, -1,
      63, 123, 113, -1,
      91, 124, 72, -1,
      72, 124, 125, -1,
      72, 125, 126, -1,
      126, 127, 72, -1,
      72, 127, 128, -1,
      72, 128, 109, -1,
      129, 130, 131, -1,
      130, 132, 131, -1,
      131, 132, 133, -1,
      131, 133, 134, -1,
      84, 131, 85, -1,
      85, 131, 135, -1,
      85, 135, 136, -1,
      137, 138, 84, -1,
      84, 138, 139, -1,
      84, 139, 131, -1,
      131, 139, 140, -1,
      131, 140, 129, -1,
      141, 142, 84, -1,
      84, 142, 143, -1,
      84, 143, 137, -1,
      144, 145, 146, -1,
      146, 145, 147, -1,
      146, 147, 148, -1,
      134, 133, 149, -1,
      149, 133, 150, -1,
      149, 150, 151, -1,
      151, 150, 152, -1,
      151, 152, 153, -1,
      136, 154, 85, -1,
      85, 154, 146, -1,
      85, 146, 155, -1,
      155, 146, 148, -1,
      156, 157, 158, -1,
      159, 160, 161, -1,
      160, 162, 161, -1,
      161, 162, 163, -1,
      161, 163, 164, -1,
      164, 163, 165, -1,
      164, 165, 166, -1,
      166, 165, 167, -1,
      166, 167, 156, -1,
      156, 167, 168, -1,
      156, 168, 157, -1,
      169, 170, 161, -1,
      161, 170, 171, -1,
      161, 171, 159, -1,
      172, 173, 174, -1,
      174, 173, 175, -1,
      176, 156, 6, -1,
      6, 156, 177, -1,
      158, 178, 156, -1,
      156, 178, 179, -1,
      156, 179, 177, -1,
      7, 174, 8, -1,
      8, 174, 175, -1,
      8, 175, 161, -1,
      161, 175, 180, -1,
      161, 180, 169, -1,
      179, 181, 177, -1,
      177, 181, 182, -1,
      177, 182, 183, -1,
      183, 184, 177, -1,
      177, 184, 185, -1,
      177, 185, 180, -1,
      180, 185, 186, -1,
      180, 186, 169, -1,
      187, 166, 188, -1,
      188, 166, 189, -1,
      188, 189, 190, -1,
      191, 192, 193, -1,
      193, 192, 194, -1,
      194, 192, 195, -1,
      194, 195, 196, -1,
      195, 197, 196, -1,
      196, 197, 198, -1,
      196, 198, 199, -1,
      193, 200, 191, -1,
      191, 200, 201, -1,
      191, 201, 202, -1,
      187, 193, 166, -1,
      166, 193, 194, -1,
      166, 194, 164, -1,
      164, 194, 203, -1,
      164, 203, 204, -1,
      204, 203, 205, -1,
      204, 205, 206, -1,
      207, 208, 209, -1,
      210, 211, 212, -1,
      212, 211, 213, -1,
      212, 213, 214, -1,
      214, 213, 207, -1,
      214, 207, 215, -1,
      215, 207, 209, -1,
      216, 217, 5, -1,
      218, 219, 220, -1,
      220, 219, 221, -1,
      222, 216, 223, -1,
      224, 225, 226, -1,
      226, 225, 227, -1,
      226, 227, 228, -1,
      229, 230, 5, -1,
      5, 230, 231, -1,
      232, 233, 221, -1,
      226, 234, 223, -1,
      223, 234, 235, -1,
      223, 235, 222, -1,
      236, 237, 217, -1,
      217, 237, 238, -1,
      217, 238, 5, -1,
      5, 238, 239, -1,
      5, 239, 229, -1,
      228, 240, 226, -1,
      226, 240, 241, -1,
      226, 241, 234, -1,
      231, 242, 5, -1,
      5, 242, 243, -1,
      5, 243, 3, -1,
      232, 221, 244, -1,
      245, 246, 247, -1,
      247, 246, 248, -1,
      247, 248, 221, -1,
      221, 248, 249, -1,
      221, 249, 244, -1,
      250, 251, 252, -1,
      252, 251, 253, -1,
      252, 253, 254, -1,
      252, 255, 250, -1,
      250, 255, 256, -1,
      250, 256, 257, -1,
      257, 258, 250, -1,
      250, 258, 259, -1,
      250, 259, 260, -1,
      260, 259, 261, -1,
      260, 261, 262, -1,
      262, 261, 263, -1,
      262, 263, 217, -1,
      217, 263, 264, -1,
      217, 264, 236, -1,
      245, 265, 246, -1,
      246, 265, 266, -1,
      246, 266, 267, -1,
      267, 266, 268, -1,
      267, 269, 270, -1,
      271, 272, 254, -1,
      254, 272, 273, -1,
      254, 273, 252, -1,
      268, 274, 267, -1,
      267, 274, 275, -1,
      267, 275, 276, -1,
      276, 277, 267, -1,
      267, 277, 278, -1,
      267, 278, 269, -1,
      270, 279, 267, -1,
      267, 279, 280, -1,
      267, 280, 281, -1,
      282, 283, 284, -1,
      283, 282, 4, -1,
      4, 282, 285, -1,
      4, 285, 5, -1,
      286, 287, 288, -1,
      288, 287, 289, -1,
      288, 289, 290, -1,
      290, 289, 291, -1,
      292, 189, 293, -1,
      293, 189, 166, -1,
      293, 166, 294, -1,
      294, 166, 295, -1,
      296, 297, 298, -1,
      298, 297, 299, -1,
      300, 301, 302, -1,
      302, 301, 303, -1,
      303, 301, 304, -1,
      303, 304, 305, -1,
      304, 306, 305, -1,
      305, 306, 307, -1,
      305, 307, 308, -1,
      302, 309, 300, -1,
      300, 309, 310, -1,
      300, 310, 311, -1,
      298, 302, 296, -1,
      296, 302, 303, -1,
      296, 303, 211, -1,
      211, 303, 312, -1,
      211, 312, 223, -1,
      223, 312, 313, -1,
      223, 313, 226, -1,
      226, 313, 314, -1,
      299, 297, 315, -1,
      315, 297, 316, -1,
      315, 316, 314, -1,
      10, 31, 11, -1,
      11, 31, 33, -1,
      11, 33, 317, -1,
      317, 33, 318, -1,
      319, 320, 28, -1,
      28, 320, 321, -1,
      37, 26, 33, -1,
      33, 26, 28, -1,
      33, 28, 318, -1,
      318, 28, 321, -1,
      318, 321, 322, -1,
      322, 321, 323, -1,
      322, 323, 324, -1,
      324, 323, 319, -1,
      325, 176, 326, -1,
      325, 326, 327, -1,
      327, 326, 328, -1,
      327, 328, 329, -1,
      330, 331, 332, -1,
      332, 331, 226, -1,
      332, 226, 333, -1,
      333, 226, 334, -1,
      335, 336, 337, -1,
      337, 336, 338, -1,
      335, 339, 336, -1,
      336, 339, 340, -1,
      336, 340, 341, -1,
      341, 340, 342, -1,
      314, 316, 226, -1,
      226, 316, 343, -1,
      226, 343, 334, -1,
      334, 343, 344, -1,
      334, 344, 336, -1,
      336, 344, 345, -1,
      336, 345, 346, -1,
      346, 347, 336, -1,
      336, 347, 348, -1,
      336, 348, 349, -1,
      340, 350, 351, -1,
      349, 352, 336, -1,
      336, 352, 353, -1,
      336, 353, 338, -1,
      350, 340, 354, -1,
      354, 340, 355, -1,
      354, 355, 356, -1,
      351, 357, 340, -1,
      340, 357, 358, -1,
      340, 358, 342, -1,
      359, 360, 361, -1,
      361, 360, 362, -1,
      361, 362, 316, -1,
      316, 362, 363, -1,
      316, 363, 343, -1,
      364, 365, 359, -1,
      366, 367, 368, -1,
      369, 370, 371, -1,
      372, 371, 373, -1,
      373, 371, 374, -1,
      367, 375, 368, -1,
      368, 375, 376, -1,
      368, 376, 377, -1,
      330, 378, 331, -1,
      331, 378, 379, -1,
      331, 379, 368, -1,
      368, 379, 380, -1,
      368, 380, 366, -1,
      370, 381, 371, -1,
      371, 381, 382, -1,
      371, 382, 374, -1,
      377, 383, 368, -1,
      368, 383, 384, -1,
      368, 384, 371, -1,
      371, 384, 385, -1,
      371, 385, 369, -1,
      386, 387, 388, -1,
      389, 75, 390, -1,
      388, 387, 390, -1,
      390, 387, 391, -1,
      390, 391, 389, -1,
      75, 389, 18, -1,
      18, 389, 392, -1,
      18, 392, 393, -1,
      393, 392, 394, -1,
      393, 394, 395, -1,
      395, 396, 397, -1,
      398, 399, 400, -1,
      400, 399, 401, -1,
      400, 401, 402, -1,
      403, 404, 388, -1,
      401, 386, 368, -1,
      368, 386, 388, -1,
      368, 388, 405, -1,
      405, 388, 406, -1,
      407, 408, 409, -1,
      410, 411, 409, -1,
      409, 411, 412, -1,
      409, 412, 407, -1,
      388, 413, 414, -1,
      415, 416, 417, -1,
      331, 418, 419, -1,
      404, 420, 388, -1,
      388, 420, 421, -1,
      388, 421, 413, -1,
      422, 423, 406, -1,
      406, 423, 424, -1,
      406, 424, 425, -1,
      425, 424, 417, -1,
      425, 417, 426, -1,
      426, 417, 416, -1,
      414, 427, 388, -1,
      388, 427, 428, -1,
      388, 428, 406, -1,
      406, 428, 429, -1,
      406, 429, 422, -1,
      430, 431, 409, -1,
      409, 431, 432, -1,
      409, 432, 410, -1,
      433, 434, 417, -1,
      417, 434, 435, -1,
      417, 435, 436, -1,
      437, 438, 331, -1,
      331, 438, 439, -1,
      331, 439, 440, -1,
      405, 441, 368, -1,
      368, 441, 442, -1,
      368, 442, 331, -1,
      331, 442, 443, -1,
      331, 443, 437, -1,
      440, 444, 331, -1,
      331, 444, 445, -1,
      331, 445, 418, -1,
      436, 446, 417, -1,
      417, 446, 447, -1,
      417, 447, 415, -1,
      412, 448, 449, -1,
      449, 448, 450, -1,
      450, 448, 451, -1,
      450, 451, 452, -1,
      453, 454, 5, -1,
      216, 5, 223, -1,
      223, 5, 454, -1,
      223, 454, 211, -1,
      211, 454, 455, -1,
      211, 455, 213, -1,
      456, 457, 453, -1,
      458, 459, 460, -1,
      460, 459, 461, -1,
      460, 461, 456, -1,
      456, 453, 460, -1,
      460, 453, 5, -1,
      460, 5, 462, -1,
      462, 5, 285, -1,
      462, 285, 463, -1,
      462, 464, 460, -1,
      460, 464, 465, -1,
      460, 465, 466, -1,
      467, 468, 469, -1,
      469, 468, 470, -1,
      469, 470, 285, -1,
      285, 470, 471, -1,
      285, 471, 463, -1,
      466, 472, 460, -1,
      460, 472, 473, -1,
      460, 473, 458, -1,
      474, 475, 476, -1,
      474, 476, 477, -1,
      475, 478, 476, -1,
      476, 478, 479, -1,
      476, 479, 469, -1,
      469, 479, 480, -1,
      469, 480, 467, -1,
      481, 482, 483, -1,
      483, 482, 484, -1,
      483, 484, 485, -1,
      485, 484, 486, -1,
      487, 488, 489, -1,
      487, 489, 484, -1,
      484, 489, 490, -1,
      484, 490, 486, -1,
      6, 8, 176, -1,
      176, 8, 491, -1,
      176, 491, 326, -1,
      326, 491, 492, -1,
      326, 492, 328, -1,
      493, 295, 494, -1,
      494, 295, 166, -1,
      494, 166, 291, -1,
      291, 166, 156, -1,
      291, 156, 290, -1,
      290, 156, 176, -1,
      290, 176, 495, -1,
      495, 176, 325, -1,
      495, 325, 496, -1,
      204, 497, 164, -1,
      164, 497, 498, -1,
      164, 498, 161, -1,
      161, 498, 487, -1,
      161, 487, 8, -1,
      8, 487, 484, -1,
      8, 484, 491, -1,
      491, 484, 482, -1,
      491, 482, 492, -1,
      499, 500, 189, -1,
      501, 502, 189, -1,
      189, 502, 211, -1,
      189, 211, 190, -1,
      190, 211, 210, -1,
      190, 210, 206, -1,
      206, 210, 477, -1,
      206, 477, 204, -1,
      204, 477, 476, -1,
      204, 476, 497, -1,
      296, 503, 504, -1,
      504, 503, 505, -1,
      504, 505, 506, -1,
      507, 504, 508, -1,
      508, 504, 509, -1,
      499, 189, 510, -1,
      502, 511, 211, -1,
      211, 511, 512, -1,
      211, 512, 296, -1,
      296, 512, 513, -1,
      296, 513, 503, -1,
      506, 514, 504, -1,
      504, 514, 515, -1,
      504, 515, 509, -1,
      286, 288, 292, -1,
      292, 288, 504, -1,
      292, 504, 189, -1,
      189, 504, 507, -1,
      189, 507, 510, -1,
      500, 516, 189, -1,
      189, 516, 517, -1,
      189, 517, 501, -1,
      412, 449, 407, -1,
      407, 449, 282, -1,
      407, 282, 220, -1,
      220, 282, 284, -1,
      220, 284, 218, -1,
      233, 224, 221, -1,
      221, 224, 226, -1,
      221, 226, 220, -1,
      220, 226, 331, -1,
      220, 331, 407, -1,
      407, 331, 419, -1,
      407, 419, 408, -1,
      359, 361, 364, -1,
      364, 361, 316, -1,
      364, 316, 518, -1,
      518, 316, 297, -1,
      518, 297, 519, -1,
      519, 297, 296, -1,
      519, 296, 520, -1,
      520, 296, 504, -1,
      520, 504, 521, -1,
      521, 504, 288, -1,
      521, 288, 522, -1,
      522, 288, 290, -1,
      522, 290, 523, -1,
      523, 290, 495, -1,
      523, 495, 524, -1,
      524, 495, 496, -1,
      524, 496, 525, -1,
      488, 487, 526, -1,
      526, 487, 498, -1,
      526, 498, 527, -1,
      527, 498, 497, -1,
      527, 497, 528, -1,
      528, 497, 476, -1,
      528, 476, 529, -1,
      529, 476, 469, -1,
      529, 469, 530, -1,
      530, 469, 285, -1,
      530, 285, 531, -1,
      531, 285, 282, -1,
      531, 282, 532, -1,
      532, 282, 449, -1,
      532, 449, 533, -1,
      533, 449, 450, -1,
      533, 450, 534, -1,
      534, 450, 535, -1,
      534, 535, 536, -1,
      371, 537, 368, -1,
      368, 537, 393, -1,
      368, 393, 401, -1,
      401, 393, 395, -1,
      401, 395, 402, -1,
      402, 395, 397, -1,
      536, 535, 538, -1,
      538, 535, 65, -1,
      538, 65, 58, -1,
      58, 65, 69, -1,
      58, 69, 59, -1,
      63, 65, 75, -1,
      75, 65, 535, -1,
      75, 535, 390, -1,
      390, 535, 450, -1,
      390, 450, 388, -1,
      388, 450, 452, -1,
      388, 452, 403, -1,
      539, 540, 541, -1,
      541, 540, 537, -1,
      541, 537, 542, -1,
      542, 537, 14, -1,
      542, 14, 543, -1,
      543, 14, 18, -1,
      543, 18, 544, -1,
      544, 18, 393, -1,
      544, 393, 540, -1,
      540, 393, 537, -1,
      12, 14, 25, -1,
      25, 14, 537, -1,
      25, 537, 545, -1,
      545, 537, 371, -1,
      545, 371, 546, -1,
      546, 371, 372, -1,
      546, 372, 364, -1,
      364, 372, 547, -1,
      364, 547, 365, -1,
      319, 28, 324, -1,
      324, 28, 25, -1,
      324, 25, 548, -1,
      548, 25, 545, -1,
      548, 545, 549, -1,
      549, 545, 546, -1,
      549, 546, 550, -1,
      550, 546, 364, -1,
      550, 364, 551, -1,
      551, 364, 518, -1,
      551, 518, 552, -1,
      552, 518, 519, -1,
      552, 519, 553, -1,
      553, 519, 520, -1,
      553, 520, 554, -1,
      554, 520, 521, -1,
      554, 521, 555, -1,
      555, 521, 522, -1,
      555, 522, 556, -1,
      556, 522, 523, -1,
      556, 523, 557, -1,
      557, 523, 524, -1,
      557, 524, 558, -1,
      558, 524, 559, -1,
      558, 559, 560, -1,
      560, 559, 561, -1,
      560, 561, 525, -1,
      525, 561, 562, -1,
      525, 562, 524, -1,
      524, 562, 563, -1,
      524, 563, 559, -1,
      564, 565, 566, -1,
      566, 565, 567, -1,
      568, 569, 53, -1,
      62, 51, 60, -1,
      60, 51, 53, -1,
      60, 53, 570, -1,
      570, 53, 569, -1,
      317, 0, 11, -1,
      11, 0, 2, -1,
      11, 2, 45, -1,
      45, 2, 571, -1,
      45, 571, 53, -1,
      53, 571, 566, -1,
      53, 566, 568, -1,
      568, 566, 567, -1,
      572, 573, 574, -1,
      572, 575, 576, -1,
      576, 575, 577, -1,
      578, 579, 580, -1,
      580, 579, 581, -1,
      580, 581, 582, -1,
      582, 581, 577, -1,
      582, 577, 583, -1,
      583, 577, 575, -1,
      583, 575, 578, -1,
      578, 575, 579, -1,
      584, 585, 586, -1,
      586, 585, 587, -1,
      586, 587, 588, -1,
      588, 587, 581, -1,
      588, 581, 589, -1,
      589, 581, 579, -1,
      589, 579, 584, -1,
      584, 579, 585, -1,
      590, 591, 592, -1,
      592, 591, 593, -1,
      592, 593, 594, -1,
      594, 593, 587, -1,
      594, 587, 595, -1,
      595, 587, 585, -1,
      595, 585, 590, -1,
      590, 585, 591, -1,
      596, 597, 598, -1,
      598, 597, 599, -1,
      598, 599, 600, -1,
      600, 599, 593, -1,
      600, 593, 601, -1,
      601, 593, 591, -1,
      601, 591, 596, -1,
      596, 591, 597, -1,
      602, 603, 604, -1,
      605, 597, 606, -1,
      604, 603, 606, -1,
      606, 603, 607, -1,
      606, 607, 605, -1,
      604, 599, 602, -1,
      602, 599, 608, -1,
      602, 608, 605, -1,
      605, 608, 609, -1,
      605, 609, 597, -1,
      597, 609, 610, -1,
      597, 610, 599, -1,
      599, 610, 611, -1,
      599, 611, 608, -1,
      612, 613, 614, -1,
      614, 613, 615, -1,
      614, 615, 616, -1,
      616, 615, 604, -1,
      616, 604, 617, -1,
      617, 604, 606, -1,
      617, 606, 612, -1,
      612, 606, 613, -1,
      618, 619, 620, -1,
      620, 619, 621, -1,
      620, 621, 622, -1,
      622, 621, 615, -1,
      622, 615, 623, -1,
      623, 615, 613, -1,
      623, 613, 618, -1,
      618, 613, 619, -1,
      624, 619, 625, -1,
      625, 619, 626, -1,
      625, 626, 627, -1,
      627, 626, 628, -1,
      627, 628, 629, -1,
      629, 628, 621, -1,
      629, 621, 624, -1,
      624, 621, 619, -1,
      630, 631, 632, -1,
      632, 631, 633, -1,
      632, 633, 634, -1,
      634, 633, 628, -1,
      634, 628, 635, -1,
      635, 628, 626, -1,
      635, 626, 630, -1,
      630, 626, 631, -1,
      636, 637, 638, -1,
      638, 637, 639, -1,
      638, 639, 640, -1,
      640, 639, 633, -1,
      640, 633, 641, -1,
      641, 633, 631, -1,
      641, 631, 636, -1,
      636, 631, 637, -1,
      642, 643, 644, -1,
      644, 643, 645, -1,
      644, 645, 646, -1,
      646, 645, 639, -1,
      646, 639, 647, -1,
      647, 639, 637, -1,
      647, 637, 642, -1,
      642, 637, 643, -1,
      572, 574, 575, -1,
      575, 574, 648, -1,
      575, 648, 579, -1,
      579, 648, 649, -1,
      579, 649, 585, -1,
      585, 649, 650, -1,
      585, 650, 591, -1,
      591, 650, 651, -1,
      591, 651, 597, -1,
      597, 651, 652, -1,
      597, 652, 606, -1,
      606, 652, 653, -1,
      606, 653, 613, -1,
      613, 653, 654, -1,
      613, 654, 619, -1,
      619, 654, 655, -1,
      619, 655, 626, -1,
      626, 655, 656, -1,
      626, 656, 631, -1,
      631, 656, 657, -1,
      631, 657, 637, -1,
      637, 657, 658, -1,
      637, 658, 643, -1,
      659, 660, 661, -1,
      662, 663, 481, -1,
      481, 483, 662, -1,
      662, 483, 485, -1,
      662, 485, 664, -1,
      664, 485, 486, -1,
      664, 486, 665, -1,
      665, 486, 490, -1,
      665, 490, 666, -1,
      490, 489, 666, -1,
      666, 489, 488, -1,
      666, 488, 667, -1,
      667, 488, 526, -1,
      667, 526, 527, -1,
      531, 532, 668, -1,
      668, 532, 533, -1,
      668, 533, 534, -1,
      527, 528, 667, -1,
      667, 528, 529, -1,
      667, 529, 668, -1,
      668, 529, 530, -1,
      668, 530, 531, -1,
      534, 536, 668, -1,
      668, 536, 538, -1,
      668, 538, 58, -1,
      564, 669, 565, -1,
      565, 669, 661, -1,
      565, 661, 567, -1,
      567, 661, 670, -1,
      567, 670, 568, -1,
      568, 670, 671, -1,
      568, 671, 569, -1,
      569, 671, 672, -1,
      569, 672, 570, -1,
      570, 672, 673, -1,
      570, 673, 60, -1,
      674, 675, 676, -1,
      676, 675, 663, -1,
      676, 663, 677, -1,
      677, 663, 662, -1,
      677, 662, 678, -1,
      678, 662, 679, -1,
      678, 679, 674, -1,
      674, 679, 675, -1,
      680, 681, 682, -1,
      682, 681, 679, -1,
      682, 679, 683, -1,
      683, 679, 662, -1,
      683, 662, 684, -1,
      684, 662, 664, -1,
      684, 664, 680, -1,
      680, 664, 681, -1,
      685, 681, 686, -1,
      686, 681, 664, -1,
      686, 664, 687, -1,
      687, 664, 665, -1,
      687, 665, 688, -1,
      688, 665, 689, -1,
      688, 689, 685, -1,
      685, 689, 681, -1,
      690, 689, 691, -1,
      691, 689, 665, -1,
      691, 665, 692, -1,
      692, 665, 666, -1,
      692, 666, 693, -1,
      693, 666, 694, -1,
      693, 694, 690, -1,
      690, 694, 689, -1,
      695, 694, 696, -1,
      696, 694, 666, -1,
      696, 666, 697, -1,
      697, 666, 667, -1,
      697, 667, 698, -1,
      698, 667, 699, -1,
      698, 699, 695, -1,
      695, 699, 694, -1,
      700, 699, 701, -1,
      701, 699, 667, -1,
      701, 667, 702, -1,
      702, 667, 668, -1,
      702, 668, 703, -1,
      703, 668, 704, -1,
      703, 704, 700, -1,
      700, 704, 699, -1,
      705, 706, 668, -1,
      707, 708, 709, -1,
      668, 706, 704, -1,
      704, 706, 710, -1,
      704, 710, 711, -1,
      709, 708, 673, -1,
      673, 708, 712, -1,
      673, 712, 713, -1,
      709, 704, 707, -1,
      707, 704, 711, -1,
      707, 711, 713, -1,
      713, 711, 705, -1,
      713, 705, 673, -1,
      673, 705, 668, -1,
      673, 668, 60, -1,
      60, 668, 58, -1,
      714, 709, 715, -1,
      715, 709, 673, -1,
      715, 673, 716, -1,
      716, 673, 672, -1,
      716, 672, 717, -1,
      717, 672, 718, -1,
      717, 718, 714, -1,
      714, 718, 709, -1,
      719, 718, 720, -1,
      720, 718, 672, -1,
      720, 672, 721, -1,
      721, 672, 671, -1,
      721, 671, 722, -1,
      722, 671, 723, -1,
      722, 723, 719, -1,
      719, 723, 718, -1,
      724, 723, 725, -1,
      725, 723, 671, -1,
      725, 671, 726, -1,
      726, 671, 670, -1,
      726, 670, 727, -1,
      727, 670, 728, -1,
      727, 728, 724, -1,
      724, 728, 723, -1,
      661, 660, 670, -1,
      670, 660, 729, -1,
      670, 729, 728, -1,
      728, 729, 730, -1,
      728, 730, 731, -1,
      669, 732, 661, -1,
      661, 732, 731, -1,
      661, 731, 659, -1,
      659, 731, 730, -1,
      564, 566, 669, -1,
      669, 566, 732, -1,
      733, 734, 1, -1,
      1, 734, 735, -1,
      566, 571, 732, -1,
      732, 571, 2, -1,
      732, 2, 736, -1,
      737, 738, 735, -1,
      735, 738, 736, -1,
      735, 736, 1, -1,
      1, 736, 2, -1,
      739, 740, 741, -1,
      741, 740, 329, -1,
      742, 743, 744, -1,
      744, 743, 741, -1,
      744, 741, 675, -1,
      675, 741, 329, -1,
      675, 329, 328, -1,
      328, 492, 675, -1,
      675, 492, 482, -1,
      675, 482, 663, -1,
      663, 482, 481, -1,
      745, 746, 736, -1,
      736, 746, 747, -1,
      748, 749, 750, -1,
      750, 749, 744, -1,
      750, 744, 675, -1,
      675, 679, 750, -1,
      750, 679, 681, -1,
      750, 681, 689, -1,
      689, 694, 750, -1,
      750, 694, 699, -1,
      750, 699, 747, -1,
      747, 699, 704, -1,
      747, 704, 709, -1,
      709, 718, 747, -1,
      747, 718, 723, -1,
      747, 723, 728, -1,
      728, 731, 747, -1,
      747, 731, 732, -1,
      747, 732, 736, -1,
      751, 752, 753, -1,
      560, 754, 755, -1,
      756, 735, 757, -1,
      757, 735, 734, -1,
      757, 734, 758, -1,
      759, 760, 761, -1,
      758, 762, 757, -1,
      757, 762, 751, -1,
      757, 751, 322, -1,
      322, 751, 753, -1,
      760, 763, 761, -1,
      761, 763, 739, -1,
      761, 739, 764, -1,
      764, 739, 741, -1,
      550, 551, 761, -1,
      761, 551, 552, -1,
      761, 552, 553, -1,
      761, 556, 557, -1,
      322, 324, 757, -1,
      757, 324, 548, -1,
      757, 548, 761, -1,
      761, 548, 549, -1,
      761, 549, 550, -1,
      553, 554, 761, -1,
      761, 554, 555, -1,
      761, 555, 556, -1,
      755, 759, 560, -1,
      560, 759, 761, -1,
      560, 761, 558, -1,
      558, 761, 557, -1,
      737, 735, 765, -1,
      765, 735, 756, -1,
      765, 756, 766, -1,
      767, 745, 768, -1,
      768, 745, 736, -1,
      768, 736, 769, -1,
      769, 736, 738, -1,
      770, 733, 771, -1,
      771, 733, 1, -1,
      771, 1, 772, -1,
      772, 1, 0, -1,
      772, 0, 773, -1,
      773, 0, 774, -1,
      758, 734, 770, -1,
      770, 734, 733, -1,
      775, 742, 776, -1,
      776, 742, 744, -1,
      776, 744, 777, -1,
      777, 744, 749, -1,
      778, 779, 780, -1,
      780, 325, 778, -1,
      778, 325, 327, -1,
      778, 327, 781, -1,
      781, 327, 329, -1,
      781, 329, 782, -1,
      782, 329, 740, -1,
      782, 740, 763, -1,
      763, 740, 739, -1,
      741, 743, 764, -1,
      764, 743, 783, -1,
      764, 783, 784, -1,
      319, 785, 320, -1,
      320, 785, 786, -1,
      320, 786, 787, -1,
      561, 788, 562, -1,
      562, 788, 789, -1,
      562, 789, 790, -1,
      562, 790, 563, -1,
      563, 790, 791, -1,
      496, 325, 780, -1,
      754, 560, 780, -1,
      780, 560, 525, -1,
      780, 525, 496, -1,
      792, 323, 793, -1,
      793, 323, 321, -1,
      793, 321, 794, -1,
      788, 561, 795, -1,
      795, 561, 559, -1,
      322, 753, 318, -1,
      318, 753, 774, -1,
      318, 774, 317, -1,
      317, 774, 0, -1,
      795, 559, 796, -1,
      796, 559, 563, -1,
      796, 563, 791, -1,
      785, 319, 792, -1,
      792, 319, 323, -1,
      794, 321, 787, -1,
      787, 321, 320, -1,
      747, 746, 797, -1,
      797, 746, 798, -1,
      797, 798, 799, -1,
      800, 750, 797, -1,
      797, 750, 747, -1,
      748, 750, 801, -1,
      801, 750, 800, -1,
      801, 800, 802, -1,
      576, 803, 766, -1,
      766, 803, 765, -1,
      576, 766, 572, -1,
      572, 766, 804, -1,
      572, 804, 573, -1,
      755, 779, 759, -1,
      759, 779, 778, -1,
      751, 772, 752, -1,
      752, 772, 773, -1,
      759, 778, 760, -1,
      760, 778, 781, -1,
      758, 770, 762, -1,
      762, 770, 771, -1,
      755, 754, 779, -1,
      779, 754, 780, -1,
      805, 658, 657, -1,
      657, 656, 805, -1,
      805, 656, 655, -1,
      805, 655, 654, -1,
      654, 653, 805, -1,
      805, 653, 652, -1,
      805, 652, 804, -1,
      652, 651, 804, -1,
      804, 651, 650, -1,
      804, 650, 649, -1,
      649, 648, 804, -1,
      804, 648, 574, -1,
      804, 574, 573, -1,
      762, 771, 751, -1,
      751, 771, 772, -1,
      784, 783, 806, -1,
      658, 805, 643, -1,
      643, 805, 784, -1,
      643, 784, 645, -1,
      645, 784, 806, -1,
      760, 781, 763, -1,
      763, 781, 782, -1,
      773, 774, 752, -1,
      752, 774, 753, -1,
      806, 801, 802, -1,
      798, 803, 799, -1,
      799, 803, 576, -1,
      799, 576, 577, -1,
      577, 581, 799, -1,
      799, 581, 587, -1,
      799, 587, 593, -1,
      593, 599, 799, -1,
      799, 599, 604, -1,
      799, 604, 802, -1,
      802, 604, 615, -1,
      615, 621, 802, -1,
      802, 621, 628, -1,
      802, 628, 633, -1,
      633, 639, 802, -1,
      802, 639, 645, -1,
      802, 645, 806, -1,
      793, 794, 786, -1,
      786, 794, 787, -1,
      796, 791, 789, -1,
      789, 791, 790, -1,
    ]
  }
}

Shape {
  appearance Appearance {
    material Material {
      diffuseColor 0.7529 0.7529 0.7529
      specularColor 0.7529 0.7529 0.7529
      ambientIntensity 0.2
      transparency 0.0000
      shininess 0.5
    }
  }
  geometry IndexedFaceSet {
    ccw TRUE
    solid FALSE
    coord DEF co Coordinate {
      point [
        4.232283 0.098425 -0.767717,
        4.232283 -0.098425 -0.767717,
        4.429134 -0.098425 -0.767717,
        4.429134 0.098425 -0.767717,
        3.444882 0.098425 -0.767717,
        3.444882 -0.098425 -0.767717,
        3.641732 -0.098425 -0.767717,
        3.641732 0.098425 -0.767717,
        2.657480 0.098425 -0.767717,
        2.657480 -0.098425 -0.767717,
        2.854331 -0.098425 -0.767717,
        2.854331 0.098425 -0.767717,
        1.870079 0.098425 -0.767717,
        1.870079 -0.098425 -0.767717,
        2.066929 -0.098425 -0.767717,
        2.066929 0.098425 -0.767717,
        0.492126 -0.098425 -0.767717,
        0.295276 -0.098425 -0.767717,
        0.492126 0.098425 -0.767717,
        0.295276 0.098425 -0.767717,
        1.082677 -0.098425 -0.767717,
        1.082677 0.098425 -0.767717,
        1.279528 0.098425 -0.767717,
        1.279528 -0.098425 -0.767717,
        -0.492126 0.098425 -0.767717,
        -0.492126 -0.098425 -0.767717,
        -0.295276 -0.098425 -0.767717,
        -0.295276 0.098425 -0.767717,
        -1.279528 0.098425 -0.767717,
        -1.279528 -0.098425 -0.767717,
        -1.082677 -0.098425 -0.767717,
        -1.082677 0.098425 -0.767717,
        -1.870079 0.098425 -0.767717,
        -2.066929 0.098425 -0.767717,
        -2.066929 -0.098425 -0.767717,
        -1.870079 -0.098425 -0.767717,
        -2.854331 0.098425 -0.767717,
        -2.854331 -0.098425 -0.767717,
        -2.657480 -0.098425 -0.767717,
        -2.657480 0.098425 -0.767717,
        -3.641732 0.098425 -0.767717,
        -3.641732 -0.098425 -0.767717,
        -3.444882 -0.098425 -0.767717,
        -3.444882 0.098425 -0.767717,
        -4.429134 0.098425 -0.767717,
        -4.429134 -0.098425 -0.767717,
        -4.232283 -0.098425 -0.767717,
        -4.232283 0.098425 -0.767717,
        4.429134 -0.098425 -1.515748,
        4.429134 0.098425 -1.515748,
        -4.429134 -0.098425 -1.515748,
        -4.429134 0.098425 -1.515748,
        -4.232283 0.098425 -1.515748,
        -4.232283 -0.098425 -1.515748,
        -3.444882 -0.098425 -1.515748,
        -3.641732 -0.098425 -1.515748,
        -3.641732 0.098425 -1.515748,
        -3.444882 0.098425 -1.515748,
        -2.854331 -0.098425 -1.515748,
        -2.854331 0.098425 -1.515748,
        -2.657480 0.098425 -1.515748,
        -2.657480 -0.098425 -1.515748,
        -2.066929 -0.098425 -1.515748,
        -2.066929 0.098425 -1.515748,
        -1.870079 0.098425 -1.515748,
        -1.870079 -0.098425 -1.515748,
        -1.279528 -0.098425 -1.515748,
        -1.279528 0.098425 -1.515748,
        -1.082677 0.098425 -1.515748,
        -1.082677 -0.098425 -1.515748,
        -0.492126 -0.098425 -1.515748,
        -0.492126 0.098425 -1.515748,
        -0.295276 0.098425 -1.515748,
        -0.295276 -0.098425 -1.515748,
        0.492126 0.098425 -1.515748,
        0.295276 0.098425 -1.515748,
        1.082677 -0.098425 -1.515748,
        1.279528 -0.098425 -1.515748,
        0.295276 -0.098425 -1.515748,
        0.492126 -0.098425 -1.515748,
        1.279528 0.098425 -1.515748,
        1.082677 0.098425 -1.515748,
        1.870079 -0.098425 -1.515748,
        1.870079 0.098425 -1.515748,
        2.066929 0.098425 -1.515748,
        2.066929 -0.098425 -1.515748,
        2.657480 -0.098425 -1.515748,
        2.657480 0.098425 -1.515748,
        2.854331 0.098425 -1.515748,
        2.854331 -0.098425 -1.515748,
        3.444882 -0.098425 -1.515748,
        3.444882 0.098425 -1.515748,
        3.641732 0.098425 -1.515748,
        3.641732 -0.098425 -1.515748,
        4.232283 0.098425 -1.515748,
        4.232283 -0.098425 -1.515748,
        -4.392212 -0.061503 -2.696850,
        -4.392212 0.061503 -2.696850,
        -4.269205 -0.061503 -2.696850,
        -4.269205 0.061503 -2.696850,
        -4.429134 0.098425 -2.559055,
        -4.232283 0.098425 -2.559055,
        -4.232283 -0.098425 -2.559055,
        -4.429134 -0.098425 -2.559055,
        -4.392212 0.061503 0.492126,
        -4.392212 -0.061503 0.492126,
        -4.269205 0.061503 0.492126,
        -4.269205 -0.061503 0.492126,
        -4.429134 -0.098425 0.354331,
        -4.232283 -0.098425 0.354331,
        -4.232283 0.098425 0.354331,
        -4.429134 0.098425 0.354331,
        -3.604810 -0.061503 -2.696850,
        -3.604810 0.061503 -2.696850,
        -3.481804 -0.061503 -2.696850,
        -3.481804 0.061503 -2.696850,
        -3.641732 0.098425 -2.559055,
        -3.444882 0.098425 -2.559055,
        -3.444882 -0.098425 -2.559055,
        -3.641732 -0.098425 -2.559055,
        -3.604810 0.061503 0.492126,
        -3.604810 -0.061503 0.492126,
        -3.481804 0.061503 0.492126,
        -3.481804 -0.061503 0.492126,
        -3.641732 -0.098425 0.354331,
        -3.444882 -0.098425 0.354331,
        -3.444882 0.098425 0.354331,
        -3.641732 0.098425 0.354331,
        -2.817409 -0.061503 -2.696850,
        -2.817409 0.061503 -2.696850,
        -2.694402 -0.061503 -2.696850,
        -2.694402 0.061503 -2.696850,
        -2.854331 0.098425 -2.559055,
        -2.657480 0.098425 -2.559055,
        -2.657480 -0.098425 -2.559055,
        -2.854331 -0.098425 -2.559055,
        -2.817409 0.061503 0.492126,
        -2.817409 -0.061503 0.492126,
        -2.694402 0.061503 0.492126,
        -2.694402 -0.061503 0.492126,
        -2.854331 -0.098425 0.354331,
        -2.657480 -0.098425 0.354331,
        -2.657480 0.098425 0.354331,
        -2.854331 0.098425 0.354331,
        -2.030007 -0.061503 -2.696850,
        -2.030007 0.061503 -2.696850,
        -1.907001 -0.061503 -2.696850,
        -1.907001 0.061503 -2.696850,
        -2.066929 0.098425 -2.559055,
        -1.870079 0.098425 -2.559055,
        -1.870079 -0.098425 -2.559055,
        -2.066929 -0.098425 -2.559055,
        -2.030007 0.061503 0.492126,
        -2.030007 -0.061503 0.492126,
        -1.907001 0.061503 0.492126,
        -1.907001 -0.061503 0.492126,
        -2.066929 -0.098425 0.354331,
        -1.870079 -0.098425 0.354331,
        -1.870079 0.098425 0.354331,
        -2.066929 0.098425 0.354331,
        -1.242606 -0.061503 -2.696850,
        -1.242606 0.061503 -2.696850,
        -1.119599 -0.061503 -2.696850,
        -1.119599 0.061503 -2.696850,
        -1.279528 0.098425 -2.559055,
        -1.082677 0.098425 -2.559055,
        -1.082677 -0.098425 -2.559055,
        -1.279528 -0.098425 -2.559055,
        -1.242606 0.061503 0.492126,
        -1.242606 -0.061503 0.492126,
        -1.119599 0.061503 0.492126,
        -1.119599 -0.061503 0.492126,
        -1.279528 -0.098425 0.354331,
        -1.082677 -0.098425 0.354331,
        -1.082677 0.098425 0.354331,
        -1.279528 0.098425 0.354331,
        -0.455204 -0.061503 -2.696850,
        -0.455204 0.061503 -2.696850,
        -0.332198 -0.061503 -2.696850,
        -0.332198 0.061503 -2.696850,
        -0.492126 0.098425 -2.559055,
        -0.295276 0.098425 -2.559055,
        -0.295276 -0.098425 -2.559055,
        -0.492126 -0.098425 -2.559055,
        -0.455204 0.061503 0.492126,
        -0.455204 -0.061503 0.492126,
        -0.332198 0.061503 0.492126,
        -0.332198 -0.061503 0.492126,
        -0.492126 -0.098425 0.354331,
        -0.295276 -0.098425 0.354331,
        -0.295276 0.098425 0.354331,
        -0.492126 0.098425 0.354331,
        0.332198 -0.061503 -2.696850,
        0.332198 0.061503 -2.696850,
        0.455204 -0.061503 -2.696850,
        0.455204 0.061503 -2.696850,
        0.295276 0.098425 -2.559055,
        0.492126 0.098425 -2.559055,
        0.492126 -0.098425 -2.559055,
        0.295276 -0.098425 -2.559055,
        0.332198 0.061503 0.492126,
        0.332198 -0.061503 0.492126,
        0.455204 0.061503 0.492126,
        0.455204 -0.061503 0.492126,
        0.295276 -0.098425 0.354331,
        0.492126 -0.098425 0.354331,
        0.492126 0.098425 0.354331,
        0.295276 0.098425 0.354331,
        1.119599 -0.061503 -2.696850,
        1.119599 0.061503 -2.696850,
        1.242606 -0.061503 -2.696850,
        1.242606 0.061503 -2.696850,
        1.082677 0.098425 -2.559055,
        1.279528 0.098425 -2.559055,
        1.279528 -0.098425 -2.559055,
        1.082677 -0.098425 -2.559055,
        1.119599 0.061503 0.492126,
        1.119599 -0.061503 0.492126,
        1.242606 0.061503 0.492126,
        1.242606 -0.061503 0.492126,
        1.082677 -0.098425 0.354331,
        1.279528 -0.098425 0.354331,
        1.279528 0.098425 0.354331,
        1.082677 0.098425 0.354331,
        1.907001 -0.061503 -2.696850,
        1.907001 0.061503 -2.696850,
        2.030007 -0.061503 -2.696850,
        2.030007 0.061503 -2.696850,
        1.870079 0.098425 -2.559055,
        2.066929 0.098425 -2.559055,
        2.066929 -0.098425 -2.559055,
        1.870079 -0.098425 -2.559055,
        1.907001 0.061503 0.492126,
        1.907001 -0.061503 0.492126,
        2.030007 0.061503 0.492126,
        2.030007 -0.061503 0.492126,
        1.870079 -0.098425 0.354331,
        2.066929 -0.098425 0.354331,
        2.066929 0.098425 0.354331,
        1.870079 0.098425 0.354331,
        2.694402 -0.061503 -2.696850,
        2.694402 0.061503 -2.696850,
        2.817409 -0.061503 -2.696850,
        2.817409 0.061503 -2.696850,
        2.657480 0.098425 -2.559055,
        2.854331 0.098425 -2.559055,
        2.854331 -0.098425 -2.559055,
        2.657480 -0.098425 -2.559055,
        2.694402 0.061503 0.492126,
        2.694402 -0.061503 0.492126,
        2.817409 0.061503 0.492126,
        2.817409 -0.061503 0.492126,
        2.657480 -0.098425 0.354331,
        2.854331 -0.098425 0.354331,
        2.854331 0.098425 0.354331,
        2.657480 0.098425 0.354331,
        3.481804 -0.061503 -2.696850,
        3.481804 0.061503 -2.696850,
        3.604810 -0.061503 -2.696850,
        3.604810 0.061503 -2.696850,
        3.444882 0.098425 -2.559055,
        3.641732 0.098425 -2.559055,
        3.641732 -0.098425 -2.559055,
        3.444882 -0.098425 -2.559055,
        3.481804 0.061503 0.492126,
        3.481804 -0.061503 0.492126,
        3.604810 0.061503 0.492126,
        3.604810 -0.061503 0.492126,
        3.444882 -0.098425 0.354331,
        3.641732 -0.098425 0.354331,
        3.641732 0.098425 0.354331,
        3.444882 0.098425 0.354331,
        4.269205 -0.061503 -2.696850,
        4.269205 0.061503 -2.696850,
        4.392212 -0.061503 -2.696850,
        4.392212 0.061503 -2.696850,
        4.232283 0.098425 -2.559055,
        4.429134 0.098425 -2.559055,
        4.429134 -0.098425 -2.559055,
        4.232283 -0.098425 -2.559055,
        4.269205 0.061503 0.492126,
        4.269205 -0.061503 0.492126,
        4.392212 0.061503 0.492126,
        4.392212 -0.061503 0.492126,
        4.232283 -0.098425 0.354331,
        4.429134 -0.098425 0.354331,
        4.429134 0.098425 0.354331,
        4.232283 0.098425 0.354331,
      ]
    }
    coordIndex [
      96, 97, 98, -1,
      98, 97, 99, -1,
      100, 51, 101, -1,
      101, 51, 52, -1,
      102, 53, 103, -1,
      103, 53, 50, -1,
      101, 52, 102, -1,
      102, 52, 53, -1,
      103, 50, 100, -1,
      100, 50, 51, -1,
      104, 105, 106, -1,
      106, 105, 107, -1,
      108, 45, 109, -1,
      109, 45, 46, -1,
      110, 47, 111, -1,
      111, 47, 44, -1,
      109, 46, 110, -1,
      110, 46, 47, -1,
      111, 44, 108, -1,
      108, 44, 45, -1,
      101, 99, 100, -1,
      100, 99, 97, -1,
      102, 98, 101, -1,
      101, 98, 99, -1,
      96, 103, 97, -1,
      97, 103, 100, -1,
      103, 96, 102, -1,
      102, 96, 98, -1,
      109, 107, 108, -1,
      108, 107, 105, -1,
      110, 106, 109, -1,
      109, 106, 107, -1,
      104, 111, 105, -1,
      105, 111, 108, -1,
      111, 104, 110, -1,
      110, 104, 106, -1,
      112, 113, 114, -1,
      114, 113, 115, -1,
      116, 56, 117, -1,
      117, 56, 57, -1,
      118, 54, 119, -1,
      119, 54, 55, -1,
      117, 57, 118, -1,
      118, 57, 54, -1,
      119, 55, 116, -1,
      116, 55, 56, -1,
      120, 121, 122, -1,
      122, 121, 123, -1,
      124, 41, 125, -1,
      125, 41, 42, -1,
      126, 43, 127, -1,
      127, 43, 40, -1,
      125, 42, 126, -1,
      126, 42, 43, -1,
      127, 40, 124, -1,
      124, 40, 41, -1,
      128, 129, 130, -1,
      130, 129, 131, -1,
      132, 59, 133, -1,
      133, 59, 60, -1,
      134, 61, 135, -1,
      135, 61, 58, -1,
      133, 60, 134, -1,
      134, 60, 61, -1,
      135, 58, 132, -1,
      132, 58, 59, -1,
      136, 137, 138, -1,
      138, 137, 139, -1,
      140, 37, 141, -1,
      141, 37, 38, -1,
      142, 39, 143, -1,
      143, 39, 36, -1,
      141, 38, 142, -1,
      142, 38, 39, -1,
      143, 36, 140, -1,
      140, 36, 37, -1,
      144, 145, 146, -1,
      146, 145, 147, -1,
      148, 63, 149, -1,
      149, 63, 64, -1,
      150, 65, 151, -1,
      151, 65, 62, -1,
      149, 64, 150, -1,
      150, 64, 65, -1,
      151, 62, 148, -1,
      148, 62, 63, -1,
      152, 153, 154, -1,
      154, 153, 155, -1,
      156, 34, 157, -1,
      157, 34, 35, -1,
      158, 32, 159, -1,
      159, 32, 33, -1,
      157, 35, 158, -1,
      158, 35, 32, -1,
      159, 33, 156, -1,
      156, 33, 34, -1,
      160, 161, 162, -1,
      162, 161, 163, -1,
      164, 67, 165, -1,
      165, 67, 68, -1,
      166, 69, 167, -1,
      167, 69, 66, -1,
      165, 68, 166, -1,
      166, 68, 69, -1,
      167, 66, 164, -1,
      164, 66, 67, -1,
      168, 169, 170, -1,
      170, 169, 171, -1,
      172, 29, 173, -1,
      173, 29, 30, -1,
      174, 31, 175, -1,
      175, 31, 28, -1,
      173, 30, 174, -1,
      174, 30, 31, -1,
      175, 28, 172, -1,
      172, 28, 29, -1,
      176, 177, 178, -1,
      178, 177, 179, -1,
      180, 71, 181, -1,
      181, 71, 72, -1,
      182, 73, 183, -1,
      183, 73, 70, -1,
      181, 72, 182, -1,
      182, 72, 73, -1,
      183, 70, 180, -1,
      180, 70, 71, -1,
      184, 185, 186, -1,
      186, 185, 187, -1,
      188, 25, 189, -1,
      189, 25, 26, -1,
      190, 27, 191, -1,
      191, 27, 24, -1,
      189, 26, 190, -1,
      190, 26, 27, -1,
      191, 24, 188, -1,
      188, 24, 25, -1,
      192, 193, 194, -1,
      194, 193, 195, -1,
      196, 75, 197, -1,
      197, 75, 74, -1,
      198, 79, 199, -1,
      199, 79, 78, -1,
      197, 74, 198, -1,
      198, 74, 79, -1,
      199, 78, 196, -1,
      196, 78, 75, -1,
      200, 201, 202, -1,
      202, 201, 203, -1,
      204, 17, 205, -1,
      205, 17, 16, -1,
      206, 18, 207, -1,
      207, 18, 19, -1,
      205, 16, 206, -1,
      206, 16, 18, -1,
      207, 19, 204, -1,
      204, 19, 17, -1,
      208, 209, 210, -1,
      210, 209, 211, -1,
      212, 81, 213, -1,
      213, 81, 80, -1,
      214, 77, 215, -1,
      215, 77, 76, -1,
      213, 80, 214, -1,
      214, 80, 77, -1,
      215, 76, 212, -1,
      212, 76, 81, -1,
      216, 217, 218, -1,
      218, 217, 219, -1,
      220, 20, 221, -1,
      221, 20, 23, -1,
      222, 22, 223, -1,
      223, 22, 21, -1,
      221, 23, 222, -1,
      222, 23, 22, -1,
      223, 21, 220, -1,
      220, 21, 20, -1,
      224, 225, 226, -1,
      226, 225, 227, -1,
      228, 83, 229, -1,
      229, 83, 84, -1,
      230, 85, 231, -1,
      231, 85, 82, -1,
      229, 84, 230, -1,
      230, 84, 85, -1,
      231, 82, 228, -1,
      228, 82, 83, -1,
      232, 233, 234, -1,
      234, 233, 235, -1,
      236, 13, 237, -1,
      237, 13, 14, -1,
      238, 15, 239, -1,
      239, 15, 12, -1,
      237, 14, 238, -1,
      238, 14, 15, -1,
      239, 12, 236, -1,
      236, 12, 13, -1,
      240, 241, 242, -1,
      242, 241, 243, -1,
      244, 87, 245, -1,
      245, 87, 88, -1,
      246, 89, 247, -1,
      247, 89, 86, -1,
      245, 88, 246, -1,
      246, 88, 89, -1,
      247, 86, 244, -1,
      244, 86, 87, -1,
      248, 249, 250, -1,
      250, 249, 251, -1,
      252, 9, 253, -1,
      253, 9, 10, -1,
      254, 11, 255, -1,
      255, 11, 8, -1,
      253, 10, 254, -1,
      254, 10, 11, -1,
      255, 8, 252, -1,
      252, 8, 9, -1,
      256, 257, 258, -1,
      258, 257, 259, -1,
      260, 91, 261, -1,
      261, 91, 92, -1,
      262, 93, 263, -1,
      263, 93, 90, -1,
      261, 92, 262, -1,
      262, 92, 93, -1,
      263, 90, 260, -1,
      260, 90, 91, -1,
      264, 265, 266, -1,
      266, 265, 267, -1,
      268, 5, 269, -1,
      269, 5, 6, -1,
      270, 7, 271, -1,
      271, 7, 4, -1,
      269, 6, 270, -1,
      270, 6, 7, -1,
      271, 4, 268, -1,
      268, 4, 5, -1,
      272, 273, 274, -1,
      274, 273, 275, -1,
      276, 94, 277, -1,
      277, 94, 49, -1,
      278, 48, 279, -1,
      279, 48, 95, -1,
      277, 49, 278, -1,
      278, 49, 48, -1,
      279, 95, 276, -1,
      276, 95, 94, -1,
      280, 281, 282, -1,
      282, 281, 283, -1,
      284, 1, 285, -1,
      285, 1, 2, -1,
      286, 3, 287, -1,
      287, 3, 0, -1,
      285, 2, 286, -1,
      286, 2, 3, -1,
      287, 0, 284, -1,
      284, 0, 1, -1,
      117, 115, 116, -1,
      116, 115, 113, -1,
      118, 114, 117, -1,
      117, 114, 115, -1,
      112, 119, 113, -1,
      113, 119, 116, -1,
      119, 112, 118, -1,
      118, 112, 114, -1,
      125, 123, 124, -1,
      124, 123, 121, -1,
      126, 122, 125, -1,
      125, 122, 123, -1,
      120, 127, 121, -1,
      121, 127, 124, -1,
      127, 120, 126, -1,
      126, 120, 122, -1,
      133, 131, 132, -1,
      132, 131, 129, -1,
      134, 130, 133, -1,
      133, 130, 131, -1,
      128, 135, 129, -1,
      129, 135, 132, -1,
      135, 128, 134, -1,
      134, 128, 130, -1,
      141, 139, 140, -1,
      140, 139, 137, -1,
      142, 138, 141, -1,
      141, 138, 139, -1,
      136, 143, 137, -1,
      137, 143, 140, -1,
      143, 136, 142, -1,
      142, 136, 138, -1,
      149, 147, 148, -1,
      148, 147, 145, -1,
      150, 146, 149, -1,
      149, 146, 147, -1,
      144, 151, 145, -1,
      145, 151, 148, -1,
      151, 144, 150, -1,
      150, 144, 146, -1,
      157, 155, 156, -1,
      156, 155, 153, -1,
      158, 154, 157, -1,
      157, 154, 155, -1,
      152, 159, 153, -1,
      153, 159, 156, -1,
      159, 152, 158, -1,
      158, 152, 154, -1,
      165, 163, 164, -1,
      164, 163, 161, -1,
      166, 162, 165, -1,
      165, 162, 163, -1,
      160, 167, 161, -1,
      161, 167, 164, -1,
      167, 160, 166, -1,
      166, 160, 162, -1,
      173, 171, 172, -1,
      172, 171, 169, -1,
      174, 170, 173, -1,
      173, 170, 171, -1,
      168, 175, 169, -1,
      169, 175, 172, -1,
      175, 168, 174, -1,
      174, 168, 170, -1,
      181, 179, 180, -1,
      180, 179, 177, -1,
      182, 178, 181, -1,
      181, 178, 179, -1,
      176, 183, 177, -1,
      177, 183, 180, -1,
      183, 176, 182, -1,
      182, 176, 178, -1,
      189, 187, 188, -1,
      188, 187, 185, -1,
      190, 186, 189, -1,
      189, 186, 187, -1,
      184, 191, 185, -1,
      185, 191, 188, -1,
      191, 184, 190, -1,
      190, 184, 186, -1,
      197, 195, 196, -1,
      196, 195, 193, -1,
      198, 194, 197, -1,
      197, 194, 195, -1,
      192, 199, 193, -1,
      193, 199, 196, -1,
      199, 192, 198, -1,
      198, 192, 194, -1,
      205, 203, 204, -1,
      204, 203, 201, -1,
      206, 202, 205, -1,
      205, 202, 203, -1,
      200, 207, 201, -1,
      201, 207, 204, -1,
      207, 200, 206, -1,
      206, 200, 202, -1,
      213, 211, 212, -1,
      212, 211, 209, -1,
      214, 210, 213, -1,
      213, 210, 211, -1,
      208, 215, 209, -1,
      209, 215, 212, -1,
      215, 208, 214, -1,
      214, 208, 210, -1,
      221, 219, 220, -1,
      220, 219, 217, -1,
      222, 218, 221, -1,
      221, 218, 219, -1,
      216, 223, 217, -1,
      217, 223, 220, -1,
      223, 216, 222, -1,
      222, 216, 218, -1,
      229, 227, 228, -1,
      228, 227, 225, -1,
      230, 226, 229, -1,
      229, 226, 227, -1,
      224, 231, 225, -1,
      225, 231, 228, -1,
      231, 224, 230, -1,
      230, 224, 226, -1,
      237, 235, 236, -1,
      236, 235, 233, -1,
      238, 234, 237, -1,
      237, 234, 235, -1,
      232, 239, 233, -1,
      233, 239, 236, -1,
      239, 232, 238, -1,
      238, 232, 234, -1,
      245, 243, 244, -1,
      244, 243, 241, -1,
      246, 242, 245, -1,
      245, 242, 243, -1,
      240, 247, 241, -1,
      241, 247, 244, -1,
      247, 240, 246, -1,
      246, 240, 242, -1,
      253, 251, 252, -1,
      252, 251, 249, -1,
      254, 250, 253, -1,
      253, 250, 251, -1,
      248, 255, 249, -1,
      249, 255, 252, -1,
      255, 248, 254, -1,
      254, 248, 250, -1,
      261, 259, 260, -1,
      260, 259, 257, -1,
      262, 258, 261, -1,
      261, 258, 259, -1,
      256, 263, 257, -1,
      257, 263, 260, -1,
      263, 256, 262, -1,
      262, 256, 258, -1,
      269, 267, 268, -1,
      268, 267, 265, -1,
      270, 266, 269, -1,
      269, 266, 267, -1,
      264, 271, 265, -1,
      265, 271, 268, -1,
      271, 264, 270, -1,
      270, 264, 266, -1,
      277, 275, 276, -1,
      276, 275, 273, -1,
      278, 274, 277, -1,
      277, 274, 275, -1,
      272, 279, 273, -1,
      273, 279, 276, -1,
      279, 272, 278, -1,
      278, 272, 274, -1,
      285, 283, 284, -1,
      284, 283, 281, -1,
      286, 282, 285, -1,
      285, 282, 283, -1,
      280, 287, 281, -1,
      281, 287, 284, -1,
      287, 280, 286, -1,
      286, 280, 282, -1,
    ]
  }
}

Shape {
  appearance Appearance {
    material Material {
      diffuseColor 1.0000 1.0000 1.0000
      specularColor 0.5020 0.5020 0.5020
      ambientIntensity 0.2
      transparency 0.0000
      shininess 0.5
    }
  }
  geometry IndexedFaceSet {
    ccw TRUE
    solid FALSE
    coord DEF co Coordinate {
      point [
        5.118110 -0.137795 1.397638,
        5.118110 -0.255906 1.515748,
        -5.118110 -0.255906 1.515748,
        -5.118110 -0.137795 1.397638,
        4.448819 -0.866142 1.515748,
        4.330709 -0.866142 1.397638,
        -4.330709 -0.866142 1.397638,
        -4.448819 -0.866142 1.515748,
        4.921260 -0.137795 0.807087,
        4.921260 0.629921 0.807087,
        -4.921260 0.629921 0.807087,
        -4.921260 -0.137795 0.807087,
        4.803150 -0.137795 1.397638,
        4.803150 -0.137795 0.688976,
        4.448819 -0.669291 1.515748,
        4.921260 -0.669291 1.515748,
        4.921260 -0.255906 1.515748,
        -4.921260 -0.255906 1.515748,
        -4.921260 -0.669291 1.515748,
        -4.448819 -0.669291 1.515748,
        -4.803150 -0.137795 1.397638,
        -4.803150 -0.137795 0.688976,
        0.866142 0.864510 0.429134,
        0.866142 1.023622 0.153543,
        -1.496063 0.864510 0.429134,
        -1.496063 1.023622 0.153543,
        1.496063 0.864510 0.429134,
        1.496063 1.023622 0.153543,
        -0.866142 0.864510 0.429134,
        -0.866142 1.023622 0.153543,
        4.330709 -0.669291 1.003937,
        4.330709 -0.551181 1.397638,
        4.330709 -0.551181 0.885827,
        -4.330709 -0.669291 1.003937,
        -4.330709 -0.551181 1.397638,
        -4.330709 -0.551181 0.885827,
        4.803150 -0.551181 1.397638,
        4.803150 0.511811 0.688976,
        -4.803150 0.511811 0.688976,
        -4.803150 -0.551181 1.397638,
      ]
    }
    coordIndex [
      9, 37, 8, -1,
      8, 37, 13, -1,
      10, 38, 9, -1,
      9, 38, 37, -1,
      38, 10, 21, -1,
      21, 10, 11, -1,
      35, 33, 32, -1,
      32, 33, 30, -1,
      34, 19, 6, -1,
      6, 19, 7, -1,
      39, 18, 34, -1,
      34, 18, 19, -1,
      20, 17, 39, -1,
      39, 17, 18, -1,
      17, 20, 2, -1,
      2, 20, 3, -1,
      12, 16, 0, -1,
      0, 16, 1, -1,
      36, 15, 12, -1,
      12, 15, 16, -1,
      31, 14, 36, -1,
      36, 14, 15, -1,
      14, 31, 4, -1,
      4, 31, 5, -1,
      23, 22, 27, -1,
      27, 22, 26, -1,
      28, 29, 24, -1,
      24, 29, 25, -1,
    ]
  }
}

Shape {
  appearance Appearance {
    material Material {
      diffuseColor 0.0000 0.0000 0.0000
      specularColor 0.0000 0.0000 0.0000
      ambientIntensity 0.2
      transparency 0.0000
      shininess 0.5
    }
  }
  geometry IndexedFaceSet {
    ccw TRUE
    solid FALSE
    coord DEF co Coordinate {
      point [
        -0.294203 0.787402 -0.753851,
        -0.278733 0.787402 -0.753851,
        -0.278733 0.787402 -0.811911,
        -0.290417 0.787402 -0.811911,
        -0.294203 0.787402 -0.769202,
        -0.297239 0.787402 -0.872086,
        -0.290417 0.787402 -0.827194,
        -0.278733 0.787402 -0.872086,
        -0.278733 0.787402 -0.827194,
        -0.242693 0.787402 -0.827194,
        -0.242693 0.787402 -0.872086,
        -0.278733 0.787402 -0.769202,
        -0.242693 0.787402 -0.769202,
        -0.242693 0.787402 -0.811911,
        -0.297239 0.787402 -0.887301,
        -0.278733 0.787402 -0.887301,
        -0.225466 0.787402 -0.887301,
        -0.225466 0.787402 -0.753851,
        -0.193059 0.787402 -0.884030,
        -0.196479 0.787402 -0.882909,
        -0.198756 0.787402 -0.881774,
        -0.198756 0.787402 -0.865264,
        -0.118591 0.787402 -0.805912,
        -0.193059 0.787402 -0.867859,
        -0.122742 0.787402 -0.793879,
        -0.128885 0.787402 -0.784296,
        -0.116919 0.787402 -0.822077,
        -0.116928 0.787402 -0.823323,
        -0.186232 0.787402 -0.870969,
        -0.171253 0.787402 -0.873911,
        -0.198756 0.787402 -0.775070,
        -0.196195 0.787402 -0.773719,
        -0.193059 0.787402 -0.772597,
        -0.182526 0.787402 -0.768827,
        -0.167304 0.787402 -0.767156,
        -0.161397 0.787402 -0.767427,
        -0.149890 0.787402 -0.769804,
        -0.132591 0.787402 -0.862694,
        -0.141295 0.787402 -0.868871,
        -0.139469 0.787402 -0.774816,
        -0.130939 0.787402 -0.781960,
        -0.130019 0.787402 -0.860147,
        -0.119026 0.787402 -0.839706,
        -0.123226 0.787402 -0.850579,
        -0.150791 0.787402 -0.872561,
        -0.164302 0.787402 -0.874201,
        -0.180769 0.787402 -0.752726,
        -0.185764 0.787402 -0.753182,
        -0.193059 0.787402 -0.755358,
        -0.198756 0.787402 -0.757058,
        -0.168535 0.787402 -0.751607,
        -0.139021 0.787402 -0.886104,
        -0.126464 0.787402 -0.880105,
        -0.102491 0.787402 -0.797425,
        -0.109095 0.787402 -0.782788,
        -0.156050 0.787402 -0.752726,
        -0.150681 0.787402 -0.753271,
        -0.136283 0.787402 -0.758150,
        -0.115964 0.787402 -0.871336,
        -0.114687 0.787402 -0.869936,
        -0.106772 0.787402 -0.858501,
        -0.182151 0.787402 -0.887607,
        -0.161811 0.787402 -0.889552,
        -0.153428 0.787402 -0.889139,
        -0.118113 0.787402 -0.771249,
        -0.122924 0.787402 -0.766791,
        -0.101388 0.787402 -0.844508,
        -0.098839 0.787402 -0.823100,
        -0.099197 0.787402 -0.814550,
        -0.427145 0.787402 -0.843933,
        -0.420358 0.787402 -0.857613,
        -0.396792 0.787402 -0.878729,
        -0.381523 0.787402 -0.884619,
        -0.360519 0.787402 -0.753851,
        -0.382743 0.787402 -0.756562,
        -0.398603 0.787402 -0.762834,
        -0.431098 0.787402 -0.818870,
        -0.429430 0.787402 -0.802790,
        -0.424895 0.787402 -0.789639,
        -0.430581 0.787402 -0.828483,
        -0.359154 0.787402 -0.887301,
        -0.322449 0.787402 -0.887301,
        -0.322449 0.787402 -0.753851,
        -0.410971 0.787402 -0.771522,
        -0.416967 0.787402 -0.777578,
        -0.410971 0.787402 -0.868607,
        -0.409662 0.787402 -0.869796,
        -0.040233 0.787402 -0.872086,
        -0.093381 0.787402 -0.872086,
        -0.040233 0.787402 -0.753851,
        -0.023007 0.787402 -0.753851,
        -0.023007 0.787402 -0.887301,
        -0.093381 0.787402 -0.887301,
        -0.167133 0.787402 -0.751600,
        -0.093381 0.791339 -0.872086,
        -0.093381 0.791339 -0.887301,
        -0.040233 0.791339 -0.872086,
        -0.040233 0.791339 -0.753851,
        -0.023007 0.791339 -0.753851,
        -0.023007 0.791339 -0.887301,
        -0.161811 0.791339 -0.889552,
        -0.196479 0.791339 -0.882909,
        -0.182151 0.791339 -0.887607,
        -0.198756 0.791339 -0.881774,
        -0.198756 0.791339 -0.865264,
        -0.186232 0.791339 -0.870969,
        -0.171253 0.791339 -0.873911,
        -0.164302 0.791339 -0.874201,
        -0.150791 0.791339 -0.872561,
        -0.141295 0.791339 -0.868871,
        -0.132591 0.791339 -0.862694,
        -0.130019 0.791339 -0.860147,
        -0.123226 0.791339 -0.850579,
        -0.119026 0.791339 -0.839706,
        -0.116928 0.791339 -0.823323,
        -0.116919 0.791339 -0.822077,
        -0.118591 0.791339 -0.805912,
        -0.122742 0.791339 -0.793879,
        -0.128885 0.791339 -0.784296,
        -0.130939 0.791339 -0.781960,
        -0.139469 0.791339 -0.774816,
        -0.149890 0.791339 -0.769804,
        -0.161397 0.791339 -0.767427,
        -0.167304 0.791339 -0.767156,
        -0.196195 0.791339 -0.773719,
        -0.182526 0.791339 -0.768827,
        -0.198756 0.791339 -0.775070,
        -0.198756 0.791339 -0.757058,
        -0.167133 0.791339 -0.751600,
        -0.168535 0.791339 -0.751607,
        -0.185764 0.791339 -0.753182,
        -0.150681 0.791339 -0.753271,
        -0.136283 0.791339 -0.758150,
        -0.122924 0.791339 -0.766791,
        -0.118113 0.791339 -0.771249,
        -0.109095 0.791339 -0.782788,
        -0.102491 0.791339 -0.797425,
        -0.099197 0.791339 -0.814550,
        -0.098839 0.791339 -0.823100,
        -0.101388 0.791339 -0.844508,
        -0.106772 0.791339 -0.858501,
        -0.114687 0.791339 -0.869936,
        -0.115964 0.791339 -0.871336,
        -0.126464 0.791339 -0.880105,
        -0.139021 0.791339 -0.886104,
        -0.153428 0.791339 -0.889139,
        -0.297239 0.791339 -0.872086,
        -0.297239 0.791339 -0.887301,
        -0.242693 0.791339 -0.872086,
        -0.242693 0.791339 -0.827194,
        -0.290417 0.791339 -0.827194,
        -0.290417 0.791339 -0.811911,
        -0.242693 0.791339 -0.811911,
        -0.242693 0.791339 -0.769202,
        -0.294203 0.791339 -0.769202,
        -0.294203 0.791339 -0.753851,
        -0.225466 0.791339 -0.753851,
        -0.225466 0.791339 -0.887301,
        -0.359052 0.791339 -0.872086,
        -0.359154 0.791339 -0.887301,
        -0.375345 0.791339 -0.870413,
        -0.381523 0.791339 -0.884619,
        -0.386934 0.791339 -0.866430,
        -0.396792 0.791339 -0.878729,
        -0.395875 0.791339 -0.860724,
        -0.409662 0.791339 -0.869796,
        -0.398725 0.791339 -0.858168,
        -0.410971 0.791339 -0.868607,
        -0.405696 0.791339 -0.849387,
        -0.420358 0.791339 -0.857613,
        -0.410170 0.791339 -0.839359,
        -0.427145 0.791339 -0.843933,
        -0.412631 0.791339 -0.826935,
        -0.430581 0.791339 -0.828483,
        -0.412984 0.791339 -0.819348,
        -0.431098 0.791339 -0.818870,
        -0.411317 0.791339 -0.803893,
        -0.429430 0.791339 -0.802790,
        -0.407712 0.791339 -0.793812,
        -0.424895 0.791339 -0.789639,
        -0.402693 0.791339 -0.786144,
        -0.416967 0.791339 -0.777578,
        -0.398350 0.791339 -0.781756,
        -0.410971 0.791339 -0.771522,
        -0.388090 0.791339 -0.775025,
        -0.398603 0.791339 -0.762834,
        -0.376407 0.791339 -0.770955,
        -0.382743 0.791339 -0.756562,
        -0.359836 0.791339 -0.769202,
        -0.360519 0.791339 -0.753851,
        -0.339676 0.791339 -0.769202,
        -0.322449 0.791339 -0.753851,
        -0.339676 0.791339 -0.872086,
        -0.322449 0.791339 -0.887301,
        -0.359836 0.787402 -0.769202,
        -0.339676 0.787402 -0.769202,
        -0.339676 0.787402 -0.872086,
        -0.359052 0.787402 -0.872086,
        -0.398725 0.787402 -0.858168,
        -0.395875 0.787402 -0.860724,
        -0.386934 0.787402 -0.866430,
        -0.375345 0.787402 -0.870413,
        -0.412984 0.787402 -0.819348,
        -0.412631 0.787402 -0.826935,
        -0.410170 0.787402 -0.839359,
        -0.405696 0.787402 -0.849387,
        -0.398350 0.787402 -0.781756,
        -0.402693 0.787402 -0.786144,
        -0.407712 0.787402 -0.793812,
        -0.411317 0.787402 -0.803893,
        -0.376407 0.787402 -0.770955,
        -0.388090 0.787402 -0.775025,
      ]
    }
    coordIndex [
      94, 95, 88, -1,
      88, 95, 92, -1,
      96, 94, 87, -1,
      87, 94, 88, -1,
      97, 96, 89, -1,
      89, 96, 87, -1,
      98, 97, 90, -1,
      90, 97, 89, -1,
      99, 98, 91, -1,
      91, 98, 90, -1,
      95, 99, 92, -1,
      92, 99, 91, -1,
      97, 98, 96, -1,
      96, 98, 99, -1,
      96, 99, 94, -1,
      94, 99, 95, -1,
      100, 62, 61, -1,
      18, 101, 61, -1,
      61, 101, 102, -1,
      61, 102, 100, -1,
      18, 19, 101, -1,
      101, 19, 20, -1,
      101, 20, 103, -1,
      104, 103, 21, -1,
      21, 103, 20, -1,
      104, 21, 23, -1,
      104, 23, 105, -1,
      23, 28, 105, -1,
      105, 28, 29, -1,
      105, 29, 106, -1,
      106, 29, 45, -1,
      106, 45, 107, -1,
      107, 45, 44, -1,
      107, 44, 108, -1,
      108, 44, 38, -1,
      108, 38, 109, -1,
      109, 38, 37, -1,
      109, 37, 110, -1,
      110, 37, 41, -1,
      110, 41, 111, -1,
      111, 41, 43, -1,
      111, 43, 112, -1,
      112, 43, 42, -1,
      112, 42, 113, -1,
      113, 42, 27, -1,
      113, 27, 114, -1,
      114, 27, 26, -1,
      114, 26, 115, -1,
      115, 26, 22, -1,
      115, 22, 116, -1,
      116, 22, 24, -1,
      116, 24, 117, -1,
      117, 24, 25, -1,
      117, 25, 118, -1,
      118, 25, 40, -1,
      118, 40, 119, -1,
      119, 40, 39, -1,
      119, 39, 120, -1,
      120, 39, 36, -1,
      120, 36, 121, -1,
      121, 36, 35, -1,
      121, 35, 122, -1,
      122, 35, 34, -1,
      122, 34, 123, -1,
      123, 34, 33, -1,
      32, 124, 33, -1,
      33, 124, 125, -1,
      33, 125, 123, -1,
      32, 31, 124, -1,
      124, 31, 30, -1,
      124, 30, 126, -1,
      127, 126, 49, -1,
      49, 126, 30, -1,
      93, 128, 129, -1,
      127, 49, 48, -1,
      127, 48, 130, -1,
      48, 47, 130, -1,
      130, 47, 46, -1,
      130, 46, 129, -1,
      129, 46, 50, -1,
      129, 50, 93, -1,
      128, 93, 131, -1,
      131, 93, 55, -1,
      55, 56, 131, -1,
      131, 56, 57, -1,
      131, 57, 132, -1,
      132, 57, 65, -1,
      132, 65, 133, -1,
      133, 65, 64, -1,
      133, 64, 134, -1,
      134, 64, 54, -1,
      134, 54, 135, -1,
      135, 54, 53, -1,
      135, 53, 136, -1,
      136, 53, 68, -1,
      136, 68, 137, -1,
      137, 68, 67, -1,
      137, 67, 138, -1,
      138, 67, 66, -1,
      138, 66, 139, -1,
      139, 66, 60, -1,
      139, 60, 140, -1,
      140, 60, 59, -1,
      140, 59, 141, -1,
      141, 59, 58, -1,
      141, 58, 142, -1,
      142, 58, 52, -1,
      142, 52, 143, -1,
      143, 52, 51, -1,
      143, 51, 144, -1,
      144, 51, 63, -1,
      144, 63, 145, -1,
      145, 63, 62, -1,
      145, 62, 100, -1,
      124, 126, 127, -1,
      120, 121, 131, -1,
      116, 117, 135, -1,
      131, 121, 128, -1,
      124, 127, 125, -1,
      103, 104, 101, -1,
      101, 104, 105, -1,
      101, 105, 102, -1,
      102, 105, 106, -1,
      102, 106, 100, -1,
      100, 106, 107, -1,
      100, 107, 145, -1,
      145, 107, 108, -1,
      145, 108, 144, -1,
      144, 108, 109, -1,
      144, 109, 143, -1,
      143, 109, 110, -1,
      143, 110, 142, -1,
      142, 110, 111, -1,
      142, 111, 141, -1,
      141, 111, 112, -1,
      141, 112, 140, -1,
      140, 112, 139, -1,
      139, 112, 113, -1,
      139, 113, 138, -1,
      135, 117, 134, -1,
      121, 122, 128, -1,
      128, 122, 123, -1,
      128, 123, 129, -1,
      129, 123, 125, -1,
      129, 125, 130, -1,
      130, 125, 127, -1,
      131, 132, 120, -1,
      120, 132, 133, -1,
      120, 133, 119, -1,
      119, 133, 134, -1,
      119, 134, 118, -1,
      118, 134, 117, -1,
      113, 114, 138, -1,
      138, 114, 115, -1,
      138, 115, 137, -1,
      137, 115, 116, -1,
      137, 116, 136, -1,
      136, 116, 135, -1,
      146, 147, 5, -1,
      5, 147, 14, -1,
      10, 148, 7, -1,
      7, 148, 146, -1,
      7, 146, 5, -1,
      149, 148, 9, -1,
      9, 148, 10, -1,
      149, 9, 150, -1,
      150, 9, 8, -1,
      150, 8, 6, -1,
      151, 150, 3, -1,
      3, 150, 6, -1,
      13, 152, 2, -1,
      2, 152, 151, -1,
      2, 151, 3, -1,
      153, 152, 12, -1,
      12, 152, 13, -1,
      4, 154, 11, -1,
      11, 154, 153, -1,
      11, 153, 12, -1,
      155, 154, 0, -1,
      0, 154, 4, -1,
      17, 156, 1, -1,
      1, 156, 155, -1,
      1, 155, 0, -1,
      157, 156, 16, -1,
      16, 156, 17, -1,
      14, 147, 15, -1,
      15, 147, 157, -1,
      15, 157, 16, -1,
      157, 147, 146, -1,
      146, 148, 157, -1,
      157, 148, 149, -1,
      157, 149, 156, -1,
      154, 155, 153, -1,
      153, 155, 156, -1,
      153, 156, 152, -1,
      152, 156, 149, -1,
      152, 149, 151, -1,
      151, 149, 150, -1,
      158, 159, 160, -1,
      160, 159, 161, -1,
      160, 161, 162, -1,
      162, 161, 163, -1,
      162, 163, 164, -1,
      164, 163, 165, -1,
      164, 165, 166, -1,
      166, 165, 167, -1,
      166, 167, 168, -1,
      168, 167, 169, -1,
      168, 169, 170, -1,
      170, 169, 171, -1,
      170, 171, 172, -1,
      172, 171, 173, -1,
      172, 173, 174, -1,
      174, 173, 175, -1,
      174, 175, 176, -1,
      176, 175, 177, -1,
      176, 177, 178, -1,
      178, 177, 179, -1,
      178, 179, 180, -1,
      180, 179, 181, -1,
      180, 181, 182, -1,
      182, 181, 183, -1,
      182, 183, 184, -1,
      184, 183, 185, -1,
      184, 185, 186, -1,
      186, 185, 187, -1,
      186, 187, 188, -1,
      188, 187, 189, -1,
      188, 189, 190, -1,
      190, 189, 191, -1,
      190, 191, 192, -1,
      192, 191, 193, -1,
      192, 193, 158, -1,
      158, 193, 159, -1,
      159, 193, 80, -1,
      80, 193, 81, -1,
      159, 80, 72, -1,
      159, 72, 161, -1,
      161, 72, 71, -1,
      161, 71, 163, -1,
      163, 71, 86, -1,
      163, 86, 165, -1,
      165, 86, 85, -1,
      165, 85, 167, -1,
      167, 85, 70, -1,
      167, 70, 169, -1,
      169, 70, 69, -1,
      169, 69, 171, -1,
      171, 69, 79, -1,
      171, 79, 173, -1,
      173, 79, 76, -1,
      173, 76, 175, -1,
      175, 76, 77, -1,
      175, 77, 177, -1,
      177, 77, 78, -1,
      177, 78, 179, -1,
      179, 78, 84, -1,
      179, 84, 181, -1,
      181, 84, 83, -1,
      181, 83, 183, -1,
      183, 83, 75, -1,
      183, 75, 185, -1,
      185, 75, 74, -1,
      185, 74, 187, -1,
      187, 74, 73, -1,
      187, 73, 189, -1,
      191, 189, 82, -1,
      82, 189, 73, -1,
      193, 191, 81, -1,
      81, 191, 82, -1,
      188, 190, 194, -1,
      194, 190, 195, -1,
      190, 192, 195, -1,
      195, 192, 196, -1,
      192, 158, 196, -1,
      196, 158, 197, -1,
      166, 198, 199, -1,
      166, 199, 164, -1,
      164, 199, 200, -1,
      164, 200, 162, -1,
      162, 200, 201, -1,
      162, 201, 160, -1,
      160, 201, 197, -1,
      160, 197, 158, -1,
      174, 202, 203, -1,
      174, 203, 172, -1,
      172, 203, 204, -1,
      172, 204, 170, -1,
      170, 204, 205, -1,
      170, 205, 168, -1,
      168, 205, 198, -1,
      168, 198, 166, -1,
      182, 206, 207, -1,
      182, 207, 180, -1,
      180, 207, 208, -1,
      180, 208, 178, -1,
      178, 208, 209, -1,
      178, 209, 176, -1,
      176, 209, 202, -1,
      176, 202, 174, -1,
      188, 194, 210, -1,
      188, 210, 186, -1,
      186, 210, 211, -1,
      186, 211, 184, -1,
      184, 211, 206, -1,
      184, 206, 182, -1,
    ]
  }
}

Shape {
  appearance Appearance {
    material Material {
      diffuseColor 1.0000 1.0000 1.0000
      specularColor 0.5020 0.5020 0.5020
      ambientIntensity 0.2
      transparency 0.0000
      shininess 0.5
    }
  }
  geometry IndexedFaceSet {
    ccw TRUE
    solid FALSE
    coord DEF co Coordinate {
      point [
        -0.359836 0.787402 -0.769202,
        -0.339676 0.787402 -0.769202,
        -0.339676 0.787402 -0.872086,
        -0.359052 0.787402 -0.872086,
        -0.398725 0.787402 -0.858168,
        -0.395875 0.787402 -0.860724,
        -0.386934 0.787402 -0.866430,
        -0.375345 0.787402 -0.870413,
        -0.412984 0.787402 -0.819348,
        -0.412631 0.787402 -0.826935,
        -0.410170 0.787402 -0.839359,
        -0.405696 0.787402 -0.849387,
        -0.398350 0.787402 -0.781756,
        -0.402693 0.787402 -0.786144,
        -0.407712 0.787402 -0.793812,
        -0.411317 0.787402 -0.803893,
        -0.376407 0.787402 -0.770955,
        -0.388090 0.787402 -0.775025,
      ]
    }
    coordIndex [
      1, 2, 0, -1,
      0, 2, 3, -1,
      0, 3, 7, -1,
      7, 6, 0, -1,
      0, 6, 5, -1,
      0, 5, 4, -1,
      4, 11, 0, -1,
      0, 11, 10, -1,
      0, 10, 9, -1,
      9, 8, 0, -1,
      0, 8, 15, -1,
      0, 15, 14, -1,
      14, 13, 0, -1,
      0, 13, 12, -1,
      0, 12, 16, -1,
      16, 12, 17, -1,
    ]
  }
}

Shape {
  appearance Appearance {
    material Material {
      diffuseColor 0.0000 0.0000 0.0000
      specularColor 0.0000 0.0000 0.0000
      ambientIntensity 0.2
      transparency 0.0000
      shininess 0.5
    }
  }
  geometry IndexedFaceSet {
    ccw TRUE
    solid FALSE
    coord DEF co Coordinate {
      point [
        -0.476963 0.787402 -0.786318,
        -0.489328 0.787402 -0.753851,
        -0.507749 0.787402 -0.753851,
        -0.558578 0.787402 -0.887301,
        -0.438500 0.787402 -0.887301,
        -0.457535 0.787402 -0.887301,
        -0.470362 0.787402 -0.850800,
        -0.476963 0.787402 -0.850800,
        -0.525931 0.787402 -0.850800,
        -0.539543 0.787402 -0.887301,
        -0.475820 0.791339 -0.835722,
        -0.470362 0.791339 -0.850800,
        -0.520610 0.791339 -0.835722,
        -0.525931 0.791339 -0.850800,
        -0.495776 0.791339 -0.780255,
        -0.489328 0.791339 -0.753851,
        -0.438500 0.791339 -0.887301,
        -0.457535 0.791339 -0.887301,
        -0.496931 0.791339 -0.776272,
        -0.497959 0.791339 -0.770908,
        -0.507749 0.791339 -0.753851,
        -0.498369 0.791339 -0.770908,
        -0.499447 0.791339 -0.776554,
        -0.500449 0.791339 -0.780255,
        -0.558578 0.791339 -0.887301,
        -0.539543 0.791339 -0.887301,
        -0.475820 0.787402 -0.835722,
        -0.520610 0.787402 -0.835722,
        -0.500449 0.787402 -0.780255,
        -0.498369 0.787402 -0.770908,
        -0.499447 0.787402 -0.776554,
        -0.497959 0.787402 -0.770908,
        -0.495776 0.787402 -0.780255,
        -0.496931 0.787402 -0.776272,
      ]
    }
    coordIndex [
      10, 11, 12, -1,
      12, 11, 13, -1,
      14, 15, 10, -1,
      10, 15, 16, -1,
      10, 16, 11, -1,
      11, 16, 17, -1,
      14, 18, 15, -1,
      15, 18, 19, -1,
      15, 19, 20, -1,
      20, 19, 21, -1,
      20, 21, 22, -1,
      22, 23, 20, -1,
      20, 23, 12, -1,
      20, 12, 24, -1,
      24, 12, 13, -1,
      24, 13, 25, -1,
      20, 24, 2, -1,
      2, 24, 3, -1,
      15, 20, 1, -1,
      1, 20, 2, -1,
      4, 16, 0, -1,
      0, 16, 15, -1,
      0, 15, 1, -1,
      17, 16, 5, -1,
      5, 16, 4, -1,
      11, 17, 6, -1,
      6, 17, 5, -1,
      8, 13, 7, -1,
      7, 13, 11, -1,
      7, 11, 6, -1,
      25, 13, 9, -1,
      9, 13, 8, -1,
      24, 25, 3, -1,
      3, 25, 9, -1,
      10, 12, 26, -1,
      26, 12, 27, -1,
      12, 23, 27, -1,
      27, 23, 28, -1,
      21, 29, 30, -1,
      21, 30, 22, -1,
      22, 30, 28, -1,
      22, 28, 23, -1,
      21, 19, 29, -1,
      29, 19, 31, -1,
      14, 32, 33, -1,
      14, 33, 18, -1,
      18, 33, 31, -1,
      18, 31, 19, -1,
      14, 10, 32, -1,
      32, 10, 26, -1,
    ]
  }
}

Shape {
  appearance Appearance {
    material Material {
      diffuseColor 1.0000 1.0000 1.0000
      specularColor 0.5020 0.5020 0.5020
      ambientIntensity 0.2
      transparency 0.0000
      shininess 0.5
    }
  }
  geometry IndexedFaceSet {
    ccw TRUE
    solid FALSE
    coord DEF co Coordinate {
      point [
        -0.475820 0.787402 -0.835722,
        -0.520610 0.787402 -0.835722,
        -0.500449 0.787402 -0.780255,
        -0.498369 0.787402 -0.770908,
        -0.499447 0.787402 -0.776554,
        -0.497959 0.787402 -0.770908,
        -0.495776 0.787402 -0.780255,
        -0.496931 0.787402 -0.776272,
      ]
    }
    coordIndex [
      3, 5, 4, -1,
      4, 5, 7, -1,
      4, 7, 2, -1,
      2, 7, 6, -1,
      2, 6, 1, -1,
      1, 6, 0, -1,
    ]
  }
}

Shape {
  appearance Appearance {
    material Material {
      diffuseColor 0.0000 0.0000 0.0000
      specularColor 0.0000 0.0000 0.0000
      ambientIntensity 0.2
      transparency 0.0000
      shininess 0.5
    }
  }
  geometry IndexedFaceSet {
    ccw TRUE
    solid FALSE
    coord DEF co Coordinate {
      point [
        -0.094780 0.787402 -1.083790,
        -0.094780 0.787402 -1.099005,
        -0.023007 0.787402 -1.099005,
        -0.094081 0.787402 -1.099005,
        -0.023007 0.787402 -0.965556,
        -0.091744 0.787402 -0.965556,
        -0.091744 0.787402 -0.980906,
        -0.040233 0.787402 -0.980906,
        -0.040233 0.787402 -1.023615,
        -0.040233 0.787402 -1.038898,
        -0.040233 0.787402 -1.083790,
        -0.087957 0.787402 -1.038898,
        -0.094081 0.787402 -1.083790,
        -0.087957 0.787402 -1.023615,
        -0.131004 0.787402 -1.100095,
        -0.124595 0.787402 -1.097679,
        -0.120092 0.787402 -1.010380,
        -0.120092 0.787402 -1.026617,
        -0.187362 0.787402 -1.099005,
        -0.170647 0.787402 -1.099005,
        -0.162320 0.787402 -1.093916,
        -0.156399 0.787402 -1.097853,
        -0.150097 0.787402 -1.100130,
        -0.113623 0.787402 -1.086720,
        -0.111602 0.787402 -1.081065,
        -0.157002 0.787402 -1.015680,
        -0.151339 0.787402 -1.015087,
        -0.142401 0.787402 -1.042378,
        -0.185704 0.787402 -1.023530,
        -0.187362 0.787402 -1.037670,
        -0.118966 0.787402 -1.093751,
        -0.117096 0.787402 -1.091856,
        -0.116975 0.787402 -1.054213,
        -0.121848 0.787402 -1.049691,
        -0.128544 0.787402 -1.045981,
        -0.131662 0.787402 -1.019351,
        -0.142133 0.787402 -1.015969,
        -0.110779 0.787402 -1.073488,
        -0.111531 0.787402 -1.065782,
        -0.113541 0.787402 -1.059648,
        -0.170647 0.787402 -1.084268,
        -0.170203 0.787402 -1.084268,
        -0.167599 0.787402 -1.088231,
        -0.170647 0.787402 -1.038420,
        -0.170065 0.787402 -1.031029,
        -0.168337 0.787402 -1.025078,
        -0.166373 0.787402 -1.021635,
        -0.152976 0.787402 -1.001510,
        -0.164709 0.787402 -1.002801,
        -0.171343 0.787402 -1.005163,
        -0.176617 0.787402 -1.008549,
        -0.124876 0.787402 -1.007694,
        -0.137556 0.787402 -1.003178,
        -0.152908 0.787402 -1.001510,
        -0.179401 0.787402 -1.011249,
        -0.182944 0.787402 -1.016396,
        -0.163846 0.787402 -1.018947,
        -0.160879 0.787402 -1.017035,
        -0.149621 0.787402 -1.100302,
        -0.141003 0.787402 -1.101256,
        -0.131309 0.787402 -1.100130,
        -0.094780 0.791339 -1.083790,
        -0.094780 0.791339 -1.099005,
        -0.040233 0.791339 -1.083790,
        -0.040233 0.791339 -1.038898,
        -0.087957 0.791339 -1.038898,
        -0.087957 0.791339 -1.023615,
        -0.040233 0.791339 -1.023615,
        -0.040233 0.791339 -0.980906,
        -0.091744 0.791339 -0.980906,
        -0.091744 0.791339 -0.965556,
        -0.023007 0.791339 -0.965556,
        -0.023007 0.791339 -1.099005,
        -0.170647 0.791339 -1.099005,
        -0.187362 0.791339 -1.099005,
        -0.170647 0.791339 -1.084268,
        -0.187362 0.791339 -1.037670,
        -0.170647 0.791339 -1.038420,
        -0.134537 0.791339 -1.058258,
        -0.138628 0.791339 -1.056380,
        -0.148337 0.791339 -1.054180,
        -0.170647 0.791339 -1.051178,
        -0.170647 0.791339 -1.060321,
        -0.170065 0.791339 -1.031029,
        -0.185704 0.791339 -1.023530,
        -0.168337 0.791339 -1.025078,
        -0.182944 0.791339 -1.016396,
        -0.166373 0.791339 -1.021635,
        -0.179401 0.791339 -1.011249,
        -0.163846 0.791339 -1.018947,
        -0.120092 0.791339 -1.010380,
        -0.120092 0.791339 -1.026617,
        -0.124876 0.791339 -1.007694,
        -0.131662 0.791339 -1.019351,
        -0.137556 0.791339 -1.003178,
        -0.142133 0.791339 -1.015969,
        -0.152908 0.791339 -1.001510,
        -0.151339 0.791339 -1.015087,
        -0.152976 0.791339 -1.001510,
        -0.157002 0.791339 -1.015680,
        -0.164709 0.791339 -1.002801,
        -0.160879 0.791339 -1.017035,
        -0.171343 0.791339 -1.005163,
        -0.176617 0.791339 -1.008549,
        -0.170631 0.791339 -1.061430,
        -0.169554 0.791339 -1.068888,
        -0.167102 0.791339 -1.074852,
        -0.170203 0.791339 -1.084268,
        -0.163483 0.791339 -1.079765,
        -0.167599 0.791339 -1.088231,
        -0.161387 0.791339 -1.081813,
        -0.162320 0.791339 -1.093916,
        -0.156663 0.791339 -1.085001,
        -0.156399 0.791339 -1.097853,
        -0.151592 0.791339 -1.086843,
        -0.149621 0.791339 -1.100302,
        -0.145335 0.791339 -1.087543,
        -0.141003 0.791339 -1.101256,
        -0.139689 0.791339 -1.086907,
        -0.131004 0.791339 -1.100095,
        -0.135908 0.791339 -1.085519,
        -0.124595 0.791339 -1.097679,
        -0.132577 0.791339 -1.083244,
        -0.118966 0.791339 -1.093751,
        -0.131156 0.791339 -1.081816,
        -0.142401 0.791339 -1.042378,
        -0.128544 0.791339 -1.045981,
        -0.132168 0.791339 -1.060048,
        -0.121848 0.791339 -1.049691,
        -0.130167 0.791339 -1.062525,
        -0.116975 0.791339 -1.054213,
        -0.128700 0.791339 -1.065643,
        -0.113541 0.791339 -1.059648,
        -0.127874 0.791339 -1.069471,
        -0.111531 0.791339 -1.065782,
        -0.127733 0.791339 -1.072124,
        -0.110779 0.791339 -1.073488,
        -0.128157 0.791339 -1.075961,
        -0.111602 0.791339 -1.081065,
        -0.129256 0.791339 -1.078998,
        -0.113623 0.791339 -1.086720,
        -0.117096 0.791339 -1.091856,
        -0.132168 0.787402 -1.060048,
        -0.134537 0.787402 -1.058258,
        -0.138628 0.787402 -1.056380,
        -0.148337 0.787402 -1.054180,
        -0.127733 0.787402 -1.072124,
        -0.127874 0.787402 -1.069471,
        -0.128700 0.787402 -1.065643,
        -0.130167 0.787402 -1.062525,
        -0.132577 0.787402 -1.083244,
        -0.131156 0.787402 -1.081816,
        -0.129256 0.787402 -1.078998,
        -0.128157 0.787402 -1.075961,
        -0.145335 0.787402 -1.087543,
        -0.139689 0.787402 -1.086907,
        -0.135908 0.787402 -1.085519,
        -0.163483 0.787402 -1.079765,
        -0.161387 0.787402 -1.081813,
        -0.156663 0.787402 -1.085001,
        -0.151592 0.787402 -1.086843,
        -0.170647 0.787402 -1.060321,
        -0.170631 0.787402 -1.061430,
        -0.169554 0.787402 -1.068888,
        -0.167102 0.787402 -1.074852,
        -0.170647 0.787402 -1.051178,
      ]
    }
    coordIndex [
      61, 62, 0, -1,
      0, 62, 1, -1,
      10, 63, 12, -1,
      12, 63, 61, -1,
      12, 61, 0, -1,
      64, 63, 9, -1,
      9, 63, 10, -1,
      65, 64, 11, -1,
      11, 64, 9, -1,
      66, 65, 13, -1,
      13, 65, 11, -1,
      67, 66, 8, -1,
      8, 66, 13, -1,
      68, 67, 7, -1,
      7, 67, 8, -1,
      69, 68, 6, -1,
      6, 68, 7, -1,
      70, 69, 5, -1,
      5, 69, 6, -1,
      71, 70, 4, -1,
      4, 70, 5, -1,
      72, 71, 2, -1,
      2, 71, 4, -1,
      1, 62, 3, -1,
      3, 62, 72, -1,
      3, 72, 2, -1,
      72, 62, 61, -1,
      61, 63, 72, -1,
      72, 63, 64, -1,
      72, 64, 71, -1,
      69, 70, 68, -1,
      68, 70, 71, -1,
      68, 71, 67, -1,
      67, 71, 64, -1,
      67, 64, 66, -1,
      66, 64, 65, -1,
      73, 74, 75, -1,
      75, 74, 76, -1,
      77, 78, 79, -1,
      80, 81, 76, -1,
      76, 81, 82, -1,
      79, 80, 77, -1,
      77, 80, 76, -1,
      77, 76, 83, -1,
      83, 76, 84, -1,
      83, 84, 85, -1,
      85, 84, 86, -1,
      85, 86, 87, -1,
      87, 86, 88, -1,
      87, 88, 89, -1,
      90, 91, 92, -1,
      92, 91, 93, -1,
      92, 93, 94, -1,
      94, 93, 95, -1,
      94, 95, 96, -1,
      96, 95, 97, -1,
      96, 97, 98, -1,
      98, 97, 99, -1,
      98, 99, 100, -1,
      100, 99, 101, -1,
      100, 101, 102, -1,
      102, 101, 89, -1,
      102, 89, 103, -1,
      103, 89, 88, -1,
      82, 104, 76, -1,
      76, 104, 105, -1,
      76, 105, 75, -1,
      75, 105, 106, -1,
      75, 106, 107, -1,
      107, 106, 108, -1,
      107, 108, 109, -1,
      109, 108, 110, -1,
      109, 110, 111, -1,
      111, 110, 112, -1,
      111, 112, 113, -1,
      113, 112, 114, -1,
      113, 114, 115, -1,
      115, 114, 116, -1,
      115, 116, 117, -1,
      117, 116, 118, -1,
      117, 118, 119, -1,
      119, 118, 120, -1,
      119, 120, 121, -1,
      121, 120, 122, -1,
      121, 122, 123, -1,
      123, 122, 124, -1,
      77, 125, 78, -1,
      78, 125, 126, -1,
      78, 126, 127, -1,
      127, 126, 128, -1,
      127, 128, 129, -1,
      129, 128, 130, -1,
      129, 130, 131, -1,
      131, 130, 132, -1,
      131, 132, 133, -1,
      133, 132, 134, -1,
      133, 134, 135, -1,
      135, 134, 136, -1,
      135, 136, 137, -1,
      137, 136, 138, -1,
      137, 138, 139, -1,
      139, 138, 140, -1,
      139, 140, 124, -1,
      124, 140, 141, -1,
      124, 141, 123, -1,
      96, 53, 52, -1,
      96, 52, 94, -1,
      94, 52, 51, -1,
      94, 51, 92, -1,
      92, 51, 16, -1,
      92, 16, 90, -1,
      91, 90, 17, -1,
      17, 90, 16, -1,
      91, 17, 35, -1,
      91, 35, 93, -1,
      93, 35, 36, -1,
      93, 36, 95, -1,
      95, 36, 26, -1,
      95, 26, 97, -1,
      97, 26, 25, -1,
      97, 25, 99, -1,
      99, 25, 57, -1,
      99, 57, 101, -1,
      101, 57, 56, -1,
      101, 56, 89, -1,
      89, 56, 46, -1,
      89, 46, 87, -1,
      87, 46, 45, -1,
      87, 45, 85, -1,
      85, 45, 44, -1,
      85, 44, 83, -1,
      83, 44, 43, -1,
      83, 43, 77, -1,
      125, 77, 27, -1,
      27, 77, 43, -1,
      125, 27, 34, -1,
      125, 34, 126, -1,
      126, 34, 33, -1,
      126, 33, 128, -1,
      128, 33, 32, -1,
      128, 32, 130, -1,
      130, 32, 39, -1,
      130, 39, 132, -1,
      132, 39, 38, -1,
      132, 38, 134, -1,
      134, 38, 37, -1,
      134, 37, 136, -1,
      136, 37, 24, -1,
      136, 24, 138, -1,
      138, 24, 23, -1,
      138, 23, 140, -1,
      140, 23, 31, -1,
      140, 31, 141, -1,
      141, 31, 30, -1,
      141, 30, 123, -1,
      59, 117, 60, -1,
      60, 117, 119, -1,
      60, 119, 14, -1,
      14, 119, 121, -1,
      14, 121, 15, -1,
      15, 121, 123, -1,
      15, 123, 30, -1,
      117, 59, 58, -1,
      117, 58, 115, -1,
      115, 58, 22, -1,
      115, 22, 113, -1,
      22, 21, 113, -1,
      113, 21, 20, -1,
      113, 20, 111, -1,
      111, 20, 42, -1,
      111, 42, 109, -1,
      109, 42, 41, -1,
      109, 41, 107, -1,
      75, 107, 40, -1,
      40, 107, 41, -1,
      73, 75, 19, -1,
      19, 75, 40, -1,
      74, 73, 18, -1,
      18, 73, 19, -1,
      76, 74, 29, -1,
      29, 74, 18, -1,
      76, 29, 28, -1,
      76, 28, 84, -1,
      84, 28, 55, -1,
      84, 55, 86, -1,
      86, 55, 54, -1,
      86, 54, 88, -1,
      88, 54, 50, -1,
      88, 50, 103, -1,
      103, 50, 49, -1,
      103, 49, 102, -1,
      102, 49, 48, -1,
      102, 48, 100, -1,
      100, 48, 47, -1,
      100, 47, 98, -1,
      98, 47, 53, -1,
      98, 53, 96, -1,
      127, 142, 143, -1,
      127, 143, 78, -1,
      78, 143, 144, -1,
      78, 144, 79, -1,
      79, 144, 145, -1,
      79, 145, 80, -1,
      135, 146, 147, -1,
      135, 147, 133, -1,
      133, 147, 148, -1,
      133, 148, 131, -1,
      131, 148, 149, -1,
      131, 149, 129, -1,
      129, 149, 142, -1,
      129, 142, 127, -1,
      122, 150, 151, -1,
      122, 151, 124, -1,
      124, 151, 152, -1,
      124, 152, 139, -1,
      139, 152, 153, -1,
      139, 153, 137, -1,
      137, 153, 146, -1,
      137, 146, 135, -1,
      116, 154, 155, -1,
      116, 155, 118, -1,
      118, 155, 156, -1,
      118, 156, 120, -1,
      120, 156, 150, -1,
      120, 150, 122, -1,
      108, 157, 158, -1,
      108, 158, 110, -1,
      110, 158, 159, -1,
      110, 159, 112, -1,
      112, 159, 160, -1,
      112, 160, 114, -1,
      114, 160, 154, -1,
      114, 154, 116, -1,
      82, 161, 162, -1,
      82, 162, 104, -1,
      104, 162, 163, -1,
      104, 163, 105, -1,
      105, 163, 164, -1,
      105, 164, 106, -1,
      106, 164, 157, -1,
      106, 157, 108, -1,
      82, 81, 161, -1,
      161, 81, 165, -1,
      81, 80, 165, -1,
      165, 80, 145, -1,
    ]
  }
}

Shape {
  appearance Appearance {
    material Material {
      diffuseColor 1.0000 1.0000 1.0000
      specularColor 0.5020 0.5020 0.5020
      ambientIntensity 0.2
      transparency 0.0000
      shininess 0.5
    }
  }
  geometry IndexedFaceSet {
    ccw TRUE
    solid FALSE
    coord DEF co Coordinate {
      point [
        -0.132168 0.787402 -1.060048,
        -0.134537 0.787402 -1.058258,
        -0.138628 0.787402 -1.056380,
        -0.148337 0.787402 -1.054180,
        -0.127733 0.787402 -1.072124,
        -0.127874 0.787402 -1.069471,
        -0.128700 0.787402 -1.065643,
        -0.130167 0.787402 -1.062525,
        -0.132577 0.787402 -1.083244,
        -0.131156 0.787402 -1.081816,
        -0.129256 0.787402 -1.078998,
        -0.128157 0.787402 -1.075961,
        -0.145335 0.787402 -1.087543,
        -0.139689 0.787402 -1.086907,
        -0.135908 0.787402 -1.085519,
        -0.163483 0.787402 -1.079765,
        -0.161387 0.787402 -1.081813,
        -0.156663 0.787402 -1.085001,
        -0.151592 0.787402 -1.086843,
        -0.170647 0.787402 -1.060321,
        -0.170631 0.787402 -1.061430,
        -0.169554 0.787402 -1.068888,
        -0.167102 0.787402 -1.074852,
        -0.170647 0.787402 -1.051178,
      ]
    }
    coordIndex [
      23, 3, 19, -1,
      19, 3, 2, -1,
      2, 1, 19, -1,
      19, 1, 0, -1,
      19, 0, 20, -1,
      20, 0, 21, -1,
      21, 0, 7, -1,
      21, 7, 22, -1,
      9, 8, 16, -1,
      9, 16, 10, -1,
      17, 16, 18, -1,
      18, 16, 12, -1,
      7, 6, 22, -1,
      22, 6, 5, -1,
      22, 5, 15, -1,
      15, 5, 4, -1,
      15, 4, 16, -1,
      16, 4, 11, -1,
      16, 11, 10, -1,
      8, 14, 16, -1,
      16, 14, 13, -1,
      16, 13, 12, -1,
    ]
  }
}

Shape {
  appearance Appearance {
    material Material {
      diffuseColor 0.0000 0.0000 0.0000
      specularColor 0.0000 0.0000 0.0000
      ambientIntensity 0.2
      transparency 0.0000
      shininess 0.5
    }
  }
  geometry IndexedFaceSet {
    ccw TRUE
    solid FALSE
    coord DEF co Coordinate {
      point [
        -0.250448 0.787402 -1.099596,
        -0.245759 0.787402 -1.100130,
        -0.549861 0.787402 -0.968267,
        -0.565721 0.787402 -0.974538,
        -0.576780 0.787402 -1.081500,
        -0.563910 0.787402 -1.090433,
        -0.548641 0.787402 -1.096323,
        -0.526273 0.787402 -1.099005,
        -0.489567 0.787402 -1.099005,
        -0.489567 0.787402 -0.965556,
        -0.527637 0.787402 -0.965556,
        -0.587476 0.787402 -1.069317,
        -0.578397 0.787402 -1.079951,
        -0.578090 0.787402 -1.080311,
        -0.578090 0.787402 -0.983226,
        -0.578397 0.787402 -0.983536,
        -0.584085 0.787402 -0.989281,
        -0.592014 0.787402 -1.001343,
        -0.596548 0.787402 -1.014494,
        -0.598217 0.787402 -1.030574,
        -0.597700 0.787402 -1.040187,
        -0.594263 0.787402 -1.055637,
        -0.461322 0.787402 -0.965556,
        -0.434799 0.787402 -0.965556,
        -0.392585 0.787402 -0.965556,
        -0.434799 0.787402 -1.023615,
        -0.457535 0.787402 -1.023615,
        -0.461322 0.787402 -0.980906,
        -0.464358 0.787402 -1.083790,
        -0.457535 0.787402 -1.038898,
        -0.434799 0.787402 -1.083790,
        -0.434799 0.787402 -1.038898,
        -0.409811 0.787402 -1.038898,
        -0.409811 0.787402 -1.083790,
        -0.434799 0.787402 -0.980906,
        -0.409811 0.787402 -0.980906,
        -0.409811 0.787402 -1.023615,
        -0.464358 0.787402 -1.099005,
        -0.434799 0.787402 -1.099005,
        -0.392585 0.787402 -1.099005,
        -0.326679 0.787402 -1.075330,
        -0.328726 0.787402 -1.083176,
        -0.329169 0.787402 -1.083176,
        -0.374573 0.787402 -1.003693,
        -0.357244 0.787402 -1.003693,
        -0.309844 0.787402 -1.026902,
        -0.331216 0.787402 -1.075467,
        -0.329937 0.787402 -1.079910,
        -0.269813 0.787402 -1.005740,
        -0.269813 0.787402 -1.021978,
        -0.221973 0.787402 -1.099835,
        -0.210013 0.787402 -1.095661,
        -0.210013 0.787402 -1.078400,
        -0.257081 0.787402 -1.002233,
        -0.210115 0.787402 -1.029415,
        -0.210775 0.787402 -1.023438,
        -0.212765 0.787402 -1.018056,
        -0.215871 0.787402 -1.013538,
        -0.273589 0.787402 -1.079795,
        -0.271536 0.787402 -1.085092,
        -0.268420 0.787402 -1.089501,
        -0.212677 0.787402 -1.041009,
        -0.210834 0.787402 -1.035904,
        -0.233702 0.787402 -1.003155,
        -0.247230 0.787402 -1.001510,
        -0.268789 0.787402 -1.057319,
        -0.271909 0.787402 -1.061923,
        -0.273693 0.787402 -1.066852,
        -0.274384 0.787402 -1.073079,
        -0.220827 0.787402 -1.009083,
        -0.224782 0.787402 -1.006641,
        -0.263638 0.787402 -1.093683,
        -0.259365 0.787402 -1.096276,
        -0.214857 0.787402 -1.044493,
        -0.227028 0.787402 -1.086386,
        -0.235427 0.787402 -1.057114,
        -0.216548 0.787402 -1.082442,
        -0.225464 0.787402 -1.052547,
        -0.217592 0.787402 -1.047352,
        -0.245593 0.787402 -1.015087,
        -0.240644 0.787402 -1.015458,
        -0.227342 0.787402 -1.027913,
        -0.236173 0.787402 -1.016642,
        -0.232425 0.787402 -1.018635,
        -0.227494 0.787402 -1.030137,
        -0.228158 0.787402 -1.032733,
        -0.229362 0.787402 -1.034989,
        -0.230992 0.787402 -1.036783,
        -0.236885 0.787402 -1.040467,
        -0.256582 0.787402 -1.016337,
        -0.247230 0.787402 -1.044970,
        -0.266009 0.787402 -1.019797,
        -0.253702 0.787402 -1.047589,
        -0.264804 0.787402 -1.053763,
        -0.237508 0.787402 -1.087611,
        -0.238246 0.787402 -1.087606,
        -0.246403 0.787402 -1.061711,
        -0.246815 0.787402 -1.086646,
        -0.257225 0.787402 -1.074716,
        -0.257061 0.787402 -1.072637,
        -0.229903 0.787402 -1.020864,
        -0.228470 0.787402 -1.022991,
        -0.227645 0.787402 -1.025248,
        -0.251128 0.787402 -1.085067,
        -0.252652 0.787402 -1.084143,
        -0.254570 0.787402 -1.082440,
        -0.256029 0.787402 -1.080282,
        -0.256879 0.787402 -1.077905,
        -0.256302 0.787402 -1.070027,
        -0.255010 0.787402 -1.067811,
        -0.252927 0.787402 -1.065642,
        -0.235870 0.787402 -1.101256,
        -0.224857 0.787402 -1.100130,
        -0.309844 0.787402 -1.071769,
        -0.283083 0.787402 -1.003693,
        -0.301776 0.787402 -1.003693,
        -0.319907 0.787402 -1.100130,
        -0.320470 0.787402 -1.098800,
        -0.309844 0.787402 -1.122154,
        -0.309866 0.787402 -1.122129,
        -0.313136 0.787402 -1.116129,
        -0.286528 0.787402 -1.127659,
        -0.286528 0.787402 -1.142533,
        -0.289948 0.787402 -1.128780,
        -0.296011 0.787402 -1.129570,
        -0.300025 0.787402 -1.129120,
        -0.309844 0.787402 -1.140917,
        -0.304061 0.787402 -1.143120,
        -0.297307 0.787402 -1.143897,
        -0.293618 0.787402 -1.143765,
        -0.303685 0.787402 -1.127747,
        -0.306753 0.787402 -1.125617,
        -0.331318 0.787402 -1.113400,
        -0.323751 0.787402 -1.128137,
        -0.336550 0.787402 -1.100130,
        -0.317634 0.787402 -1.135483,
        -0.316494 0.787402 -1.136528,
        -0.310657 0.787402 -1.140608,
        -0.237508 0.791339 -1.087611,
        -0.227028 0.791339 -1.086386,
        -0.216548 0.791339 -1.082442,
        -0.210013 0.791339 -1.078400,
        -0.210013 0.791339 -1.095661,
        -0.235870 0.791339 -1.101256,
        -0.221973 0.791339 -1.099835,
        -0.250448 0.791339 -1.099596,
        -0.259365 0.791339 -1.096276,
        -0.263638 0.791339 -1.093683,
        -0.268420 0.791339 -1.089501,
        -0.271536 0.791339 -1.085092,
        -0.273589 0.791339 -1.079795,
        -0.274384 0.791339 -1.073079,
        -0.273693 0.791339 -1.066852,
        -0.271909 0.791339 -1.061923,
        -0.268789 0.791339 -1.057319,
        -0.264804 0.791339 -1.053763,
        -0.253702 0.791339 -1.047589,
        -0.247230 0.791339 -1.044970,
        -0.236885 0.791339 -1.040467,
        -0.230992 0.791339 -1.036783,
        -0.229362 0.791339 -1.034989,
        -0.228158 0.791339 -1.032733,
        -0.227494 0.791339 -1.030137,
        -0.227342 0.791339 -1.027913,
        -0.227645 0.791339 -1.025248,
        -0.228470 0.791339 -1.022991,
        -0.229903 0.791339 -1.020864,
        -0.232425 0.791339 -1.018635,
        -0.236173 0.791339 -1.016642,
        -0.240644 0.791339 -1.015458,
        -0.245593 0.791339 -1.015087,
        -0.256582 0.791339 -1.016337,
        -0.266009 0.791339 -1.019797,
        -0.269813 0.791339 -1.021978,
        -0.269813 0.791339 -1.005740,
        -0.257081 0.791339 -1.002233,
        -0.247230 0.791339 -1.001510,
        -0.233702 0.791339 -1.003155,
        -0.224782 0.791339 -1.006641,
        -0.220827 0.791339 -1.009083,
        -0.215871 0.791339 -1.013538,
        -0.212765 0.791339 -1.018056,
        -0.210775 0.791339 -1.023438,
        -0.210115 0.791339 -1.029415,
        -0.210834 0.791339 -1.035904,
        -0.212677 0.791339 -1.041009,
        -0.214857 0.791339 -1.044493,
        -0.217592 0.791339 -1.047352,
        -0.225464 0.791339 -1.052547,
        -0.235427 0.791339 -1.057114,
        -0.246403 0.791339 -1.061711,
        -0.252927 0.791339 -1.065642,
        -0.255010 0.791339 -1.067811,
        -0.256302 0.791339 -1.070027,
        -0.257061 0.791339 -1.072637,
        -0.257225 0.791339 -1.074716,
        -0.256879 0.791339 -1.077905,
        -0.256029 0.791339 -1.080282,
        -0.254570 0.791339 -1.082440,
        -0.252652 0.791339 -1.084143,
        -0.251128 0.791339 -1.085067,
        -0.246815 0.791339 -1.086646,
        -0.238246 0.791339 -1.087606,
        -0.357244 0.791339 -1.003693,
        -0.374573 0.791339 -1.003693,
        -0.331216 0.791339 -1.075467,
        -0.329937 0.791339 -1.079910,
        -0.329169 0.791339 -1.083176,
        -0.328726 0.791339 -1.083176,
        -0.326679 0.791339 -1.075330,
        -0.301776 0.791339 -1.003693,
        -0.283083 0.791339 -1.003693,
        -0.320470 0.791339 -1.098800,
        -0.313136 0.791339 -1.116129,
        -0.309866 0.791339 -1.122129,
        -0.306753 0.791339 -1.125617,
        -0.303685 0.791339 -1.127747,
        -0.300025 0.791339 -1.129120,
        -0.296011 0.791339 -1.129570,
        -0.289948 0.791339 -1.128780,
        -0.286528 0.791339 -1.127659,
        -0.286528 0.791339 -1.142533,
        -0.293618 0.791339 -1.143765,
        -0.297307 0.791339 -1.143897,
        -0.304061 0.791339 -1.143120,
        -0.310657 0.791339 -1.140608,
        -0.316494 0.791339 -1.136528,
        -0.317634 0.791339 -1.135483,
        -0.323751 0.791339 -1.128137,
        -0.331318 0.791339 -1.113400,
        -0.464358 0.791339 -1.083790,
        -0.464358 0.791339 -1.099005,
        -0.409811 0.791339 -1.083790,
        -0.409811 0.791339 -1.038898,
        -0.457535 0.791339 -1.038898,
        -0.457535 0.791339 -1.023615,
        -0.409811 0.791339 -1.023615,
        -0.409811 0.791339 -0.980906,
        -0.461322 0.791339 -0.980906,
        -0.461322 0.791339 -0.965556,
        -0.392585 0.791339 -0.965556,
        -0.392585 0.791339 -1.099005,
        -0.526170 0.791339 -1.083790,
        -0.526273 0.791339 -1.099005,
        -0.542463 0.791339 -1.082117,
        -0.548641 0.791339 -1.096323,
        -0.554053 0.791339 -1.078134,
        -0.563910 0.791339 -1.090433,
        -0.562994 0.791339 -1.072428,
        -0.576780 0.791339 -1.081500,
        -0.565843 0.791339 -1.069872,
        -0.578090 0.791339 -1.080311,
        -0.572814 0.791339 -1.061091,
        -0.587476 0.791339 -1.069317,
        -0.577289 0.791339 -1.051063,
        -0.594263 0.791339 -1.055637,
        -0.579750 0.791339 -1.038639,
        -0.597700 0.791339 -1.040187,
        -0.580103 0.791339 -1.031052,
        -0.598217 0.791339 -1.030574,
        -0.578435 0.791339 -1.015596,
        -0.596548 0.791339 -1.014494,
        -0.574831 0.791339 -1.005516,
        -0.592014 0.791339 -1.001343,
        -0.569811 0.791339 -0.997848,
        -0.584085 0.791339 -0.989281,
        -0.565468 0.791339 -0.993459,
        -0.578090 0.791339 -0.983226,
        -0.555209 0.791339 -0.986729,
        -0.565721 0.791339 -0.974538,
        -0.543525 0.791339 -0.982659,
        -0.549861 0.791339 -0.968267,
        -0.526955 0.791339 -0.980906,
        -0.527637 0.791339 -0.965556,
        -0.506794 0.791339 -0.980906,
        -0.489567 0.791339 -0.965556,
        -0.506794 0.791339 -1.083790,
        -0.489567 0.791339 -1.099005,
        -0.526955 0.787402 -0.980906,
        -0.506794 0.787402 -0.980906,
        -0.506794 0.787402 -1.083790,
        -0.526170 0.787402 -1.083790,
        -0.565843 0.787402 -1.069872,
        -0.562994 0.787402 -1.072428,
        -0.554053 0.787402 -1.078134,
        -0.542463 0.787402 -1.082117,
        -0.580103 0.787402 -1.031052,
        -0.579750 0.787402 -1.038639,
        -0.577289 0.787402 -1.051063,
        -0.572814 0.787402 -1.061091,
        -0.565468 0.787402 -0.993459,
        -0.569811 0.787402 -0.997848,
        -0.574831 0.787402 -1.005516,
        -0.578435 0.787402 -1.015596,
        -0.543525 0.787402 -0.982659,
        -0.555209 0.787402 -0.986729,
      ]
    }
    coordIndex [
      138, 94, 74, -1,
      138, 74, 139, -1,
      139, 74, 76, -1,
      139, 76, 140, -1,
      140, 76, 52, -1,
      140, 52, 141, -1,
      142, 141, 51, -1,
      51, 141, 52, -1,
      111, 143, 112, -1,
      112, 143, 144, -1,
      112, 144, 50, -1,
      50, 144, 142, -1,
      50, 142, 51, -1,
      143, 111, 145, -1,
      145, 111, 1, -1,
      1, 0, 145, -1,
      145, 0, 72, -1,
      145, 72, 146, -1,
      146, 72, 71, -1,
      146, 71, 147, -1,
      147, 71, 60, -1,
      147, 60, 148, -1,
      148, 60, 59, -1,
      148, 59, 149, -1,
      149, 59, 58, -1,
      149, 58, 150, -1,
      150, 58, 68, -1,
      150, 68, 151, -1,
      151, 68, 67, -1,
      151, 67, 152, -1,
      152, 67, 66, -1,
      152, 66, 153, -1,
      153, 66, 65, -1,
      153, 65, 154, -1,
      154, 65, 93, -1,
      154, 93, 155, -1,
      155, 93, 92, -1,
      155, 92, 156, -1,
      156, 92, 90, -1,
      156, 90, 157, -1,
      157, 90, 88, -1,
      157, 88, 158, -1,
      158, 88, 87, -1,
      158, 87, 159, -1,
      159, 87, 86, -1,
      159, 86, 160, -1,
      160, 86, 85, -1,
      160, 85, 161, -1,
      161, 85, 84, -1,
      161, 84, 162, -1,
      162, 84, 81, -1,
      162, 81, 163, -1,
      163, 81, 102, -1,
      163, 102, 164, -1,
      164, 102, 101, -1,
      164, 101, 165, -1,
      165, 101, 100, -1,
      165, 100, 166, -1,
      166, 100, 83, -1,
      166, 83, 167, -1,
      167, 83, 82, -1,
      167, 82, 168, -1,
      168, 82, 80, -1,
      168, 80, 169, -1,
      169, 80, 79, -1,
      169, 79, 170, -1,
      170, 79, 89, -1,
      170, 89, 171, -1,
      171, 89, 91, -1,
      171, 91, 172, -1,
      172, 91, 49, -1,
      172, 49, 173, -1,
      174, 173, 48, -1,
      48, 173, 49, -1,
      174, 48, 53, -1,
      174, 53, 175, -1,
      175, 53, 64, -1,
      175, 64, 176, -1,
      176, 64, 63, -1,
      176, 63, 177, -1,
      177, 63, 70, -1,
      177, 70, 178, -1,
      178, 70, 69, -1,
      178, 69, 179, -1,
      179, 69, 57, -1,
      179, 57, 180, -1,
      180, 57, 56, -1,
      180, 56, 181, -1,
      181, 56, 55, -1,
      181, 55, 182, -1,
      182, 55, 54, -1,
      182, 54, 183, -1,
      183, 54, 62, -1,
      183, 62, 184, -1,
      184, 62, 61, -1,
      184, 61, 185, -1,
      185, 61, 73, -1,
      185, 73, 186, -1,
      186, 73, 78, -1,
      186, 78, 187, -1,
      187, 78, 77, -1,
      187, 77, 188, -1,
      188, 77, 75, -1,
      188, 75, 189, -1,
      189, 75, 96, -1,
      189, 96, 190, -1,
      190, 96, 110, -1,
      190, 110, 191, -1,
      191, 110, 109, -1,
      191, 109, 192, -1,
      192, 109, 108, -1,
      192, 108, 193, -1,
      193, 108, 99, -1,
      193, 99, 194, -1,
      194, 99, 98, -1,
      194, 98, 195, -1,
      195, 98, 107, -1,
      195, 107, 196, -1,
      196, 107, 106, -1,
      196, 106, 197, -1,
      197, 106, 105, -1,
      197, 105, 198, -1,
      198, 105, 104, -1,
      198, 104, 199, -1,
      199, 104, 103, -1,
      199, 103, 200, -1,
      200, 103, 97, -1,
      200, 97, 201, -1,
      201, 97, 95, -1,
      201, 95, 202, -1,
      202, 95, 94, -1,
      202, 94, 138, -1,
      166, 167, 178, -1,
      178, 167, 177, -1,
      190, 157, 189, -1,
      189, 157, 158, -1,
      146, 147, 198, -1,
      198, 147, 148, -1,
      198, 148, 197, -1,
      197, 148, 149, -1,
      197, 149, 196, -1,
      196, 149, 150, -1,
      196, 150, 195, -1,
      195, 150, 151, -1,
      195, 151, 194, -1,
      194, 151, 152, -1,
      194, 152, 193, -1,
      193, 152, 153, -1,
      193, 153, 192, -1,
      192, 153, 154, -1,
      192, 154, 191, -1,
      191, 154, 155, -1,
      191, 155, 190, -1,
      190, 155, 156, -1,
      190, 156, 157, -1,
      143, 138, 144, -1,
      144, 138, 139, -1,
      144, 139, 142, -1,
      142, 139, 140, -1,
      142, 140, 141, -1,
      167, 168, 177, -1,
      177, 168, 169, -1,
      177, 169, 176, -1,
      176, 169, 170, -1,
      176, 170, 175, -1,
      175, 170, 171, -1,
      175, 171, 174, -1,
      174, 171, 172, -1,
      174, 172, 173, -1,
      198, 199, 146, -1,
      146, 199, 200, -1,
      146, 200, 145, -1,
      145, 200, 201, -1,
      145, 201, 143, -1,
      143, 201, 202, -1,
      143, 202, 138, -1,
      178, 179, 166, -1,
      166, 179, 180, -1,
      166, 180, 165, -1,
      165, 180, 181, -1,
      165, 181, 164, -1,
      164, 181, 182, -1,
      164, 182, 163, -1,
      163, 182, 183, -1,
      163, 183, 162, -1,
      162, 183, 184, -1,
      162, 184, 161, -1,
      161, 184, 185, -1,
      161, 185, 160, -1,
      160, 185, 186, -1,
      160, 186, 159, -1,
      159, 186, 187, -1,
      159, 187, 158, -1,
      158, 187, 188, -1,
      158, 188, 189, -1,
      203, 204, 44, -1,
      44, 204, 43, -1,
      205, 203, 46, -1,
      46, 203, 44, -1,
      205, 46, 47, -1,
      205, 47, 206, -1,
      206, 47, 42, -1,
      206, 42, 207, -1,
      208, 207, 41, -1,
      41, 207, 42, -1,
      209, 208, 40, -1,
      40, 208, 41, -1,
      115, 210, 45, -1,
      45, 210, 209, -1,
      45, 209, 40, -1,
      211, 210, 114, -1,
      114, 210, 115, -1,
      117, 212, 113, -1,
      113, 212, 211, -1,
      113, 211, 114, -1,
      120, 213, 116, -1,
      116, 213, 212, -1,
      116, 212, 117, -1,
      213, 120, 119, -1,
      213, 119, 214, -1,
      214, 119, 118, -1,
      214, 118, 215, -1,
      118, 131, 215, -1,
      215, 131, 130, -1,
      215, 130, 216, -1,
      216, 130, 125, -1,
      216, 125, 217, -1,
      217, 125, 124, -1,
      217, 124, 218, -1,
      218, 124, 123, -1,
      218, 123, 219, -1,
      219, 123, 121, -1,
      219, 121, 220, -1,
      221, 220, 122, -1,
      122, 220, 121, -1,
      221, 122, 129, -1,
      221, 129, 222, -1,
      222, 129, 128, -1,
      222, 128, 223, -1,
      223, 128, 127, -1,
      223, 127, 224, -1,
      224, 127, 126, -1,
      224, 126, 225, -1,
      126, 137, 225, -1,
      225, 137, 136, -1,
      225, 136, 226, -1,
      226, 136, 135, -1,
      226, 135, 227, -1,
      227, 135, 133, -1,
      227, 133, 228, -1,
      228, 133, 132, -1,
      228, 132, 229, -1,
      43, 204, 134, -1,
      134, 204, 229, -1,
      134, 229, 132, -1,
      206, 207, 229, -1,
      204, 203, 229, -1,
      229, 203, 205, -1,
      229, 205, 206, -1,
      210, 211, 209, -1,
      209, 211, 212, -1,
      209, 212, 208, -1,
      228, 214, 227, -1,
      227, 214, 215, -1,
      220, 221, 219, -1,
      219, 221, 222, -1,
      219, 222, 218, -1,
      218, 222, 223, -1,
      218, 223, 217, -1,
      217, 223, 224, -1,
      217, 224, 216, -1,
      216, 224, 225, -1,
      216, 225, 215, -1,
      215, 225, 226, -1,
      215, 226, 227, -1,
      207, 208, 229, -1,
      229, 208, 212, -1,
      229, 212, 228, -1,
      228, 212, 213, -1,
      228, 213, 214, -1,
      230, 231, 28, -1,
      28, 231, 37, -1,
      33, 232, 30, -1,
      30, 232, 230, -1,
      30, 230, 28, -1,
      233, 232, 32, -1,
      32, 232, 33, -1,
      29, 234, 31, -1,
      31, 234, 233, -1,
      31, 233, 32, -1,
      235, 234, 26, -1,
      26, 234, 29, -1,
      36, 236, 25, -1,
      25, 236, 235, -1,
      25, 235, 26, -1,
      237, 236, 35, -1,
      35, 236, 36, -1,
      27, 238, 34, -1,
      34, 238, 237, -1,
      34, 237, 35, -1,
      239, 238, 22, -1,
      22, 238, 27, -1,
      24, 240, 23, -1,
      23, 240, 239, -1,
      23, 239, 22, -1,
      241, 240, 39, -1,
      39, 240, 24, -1,
      37, 231, 38, -1,
      38, 231, 241, -1,
      38, 241, 39, -1,
      241, 231, 230, -1,
      230, 232, 241, -1,
      241, 232, 233, -1,
      241, 233, 240, -1,
      238, 239, 237, -1,
      237, 239, 240, -1,
      237, 240, 236, -1,
      236, 240, 233, -1,
      236, 233, 235, -1,
      235, 233, 234, -1,
      242, 243, 244, -1,
      244, 243, 245, -1,
      244, 245, 246, -1,
      246, 245, 247, -1,
      246, 247, 248, -1,
      248, 247, 249, -1,
      248, 249, 250, -1,
      250, 249, 251, -1,
      250, 251, 252, -1,
      252, 251, 253, -1,
      252, 253, 254, -1,
      254, 253, 255, -1,
      254, 255, 256, -1,
      256, 255, 257, -1,
      256, 257, 258, -1,
      258, 257, 259, -1,
      258, 259, 260, -1,
      260, 259, 261, -1,
      260, 261, 262, -1,
      262, 261, 263, -1,
      262, 263, 264, -1,
      264, 263, 265, -1,
      264, 265, 266, -1,
      266, 265, 267, -1,
      266, 267, 268, -1,
      268, 267, 269, -1,
      268, 269, 270, -1,
      270, 269, 271, -1,
      270, 271, 272, -1,
      272, 271, 273, -1,
      272, 273, 274, -1,
      274, 273, 275, -1,
      274, 275, 276, -1,
      276, 275, 277, -1,
      276, 277, 242, -1,
      242, 277, 243, -1,
      243, 277, 7, -1,
      7, 277, 8, -1,
      243, 7, 6, -1,
      243, 6, 245, -1,
      245, 6, 5, -1,
      245, 5, 247, -1,
      247, 5, 4, -1,
      247, 4, 249, -1,
      249, 4, 13, -1,
      249, 13, 251, -1,
      251, 13, 12, -1,
      251, 12, 253, -1,
      12, 11, 253, -1,
      253, 11, 21, -1,
      253, 21, 255, -1,
      255, 21, 20, -1,
      255, 20, 257, -1,
      257, 20, 19, -1,
      257, 19, 259, -1,
      14, 267, 15, -1,
      15, 267, 265, -1,
      15, 265, 16, -1,
      16, 265, 263, -1,
      16, 263, 17, -1,
      17, 263, 261, -1,
      17, 261, 18, -1,
      18, 261, 259, -1,
      18, 259, 19, -1,
      267, 14, 3, -1,
      267, 3, 269, -1,
      269, 3, 2, -1,
      269, 2, 271, -1,
      271, 2, 10, -1,
      271, 10, 273, -1,
      275, 273, 9, -1,
      9, 273, 10, -1,
      277, 275, 8, -1,
      8, 275, 9, -1,
      272, 274, 278, -1,
      278, 274, 279, -1,
      274, 276, 279, -1,
      279, 276, 280, -1,
      276, 242, 280, -1,
      280, 242, 281, -1,
      250, 282, 283, -1,
      250, 283, 248, -1,
      248, 283, 284, -1,
      248, 284, 246, -1,
      246, 284, 285, -1,
      246, 285, 244, -1,
      244, 285, 281, -1,
      244, 281, 242, -1,
      258, 286, 287, -1,
      258, 287, 256, -1,
      256, 287, 288, -1,
      256, 288, 254, -1,
      254, 288, 289, -1,
      254, 289, 252, -1,
      252, 289, 282, -1,
      252, 282, 250, -1,
      266, 290, 291, -1,
      266, 291, 264, -1,
      264, 291, 292, -1,
      264, 292, 262, -1,
      262, 292, 293, -1,
      262, 293, 260, -1,
      260, 293, 286, -1,
      260, 286, 258, -1,
      272, 278, 294, -1,
      272, 294, 270, -1,
      270, 294, 295, -1,
      270, 295, 268, -1,
      268, 295, 290, -1,
      268, 290, 266, -1,
    ]
  }
}

Shape {
  appearance Appearance {
    material Material {
      diffuseColor 1.0000 1.0000 1.0000
      specularColor 0.5020 0.5020 0.5020
      ambientIntensity 0.2
      transparency 0.0000
      shininess 0.5
    }
  }
  geometry IndexedFaceSet {
    ccw TRUE
    solid FALSE
    coord DEF co Coordinate {
      point [
        -0.526955 0.787402 -0.980906,
        -0.506794 0.787402 -0.980906,
        -0.506794 0.787402 -1.083790,
        -0.526170 0.787402 -1.083790,
        -0.565843 0.787402 -1.069872,
        -0.562994 0.787402 -1.072428,
        -0.554053 0.787402 -1.078134,
        -0.542463 0.787402 -1.082117,
        -0.580103 0.787402 -1.031052,
        -0.579750 0.787402 -1.038639,
        -0.577289 0.787402 -1.051063,
        -0.572814 0.787402 -1.061091,
        -0.565468 0.787402 -0.993459,
        -0.569811 0.787402 -0.997848,
        -0.574831 0.787402 -1.005516,
        -0.578435 0.787402 -1.015596,
        -0.543525 0.787402 -0.982659,
        -0.555209 0.787402 -0.986729,
      ]
    }
    coordIndex [
      1, 2, 0, -1,
      0, 2, 3, -1,
      0, 3, 7, -1,
      7, 6, 0, -1,
      0, 6, 5, -1,
      0, 5, 4, -1,
      4, 11, 0, -1,
      0, 11, 10, -1,
      0, 10, 9, -1,
      9, 8, 0, -1,
      0, 8, 15, -1,
      0, 15, 14, -1,
      14, 13, 0, -1,
      0, 13, 12, -1,
      0, 12, 16, -1,
      16, 12, 17, -1,
    ]
  }
}

Shape {
  appearance Appearance {
    material Material {
      diffuseColor 0.0000 0.0000 0.0000
      specularColor 0.0000 0.0000 0.0000
      ambientIntensity 0.2
      transparency 0.0000
      shininess 0.5
    }
  }
  geometry IndexedFaceSet {
    ccw TRUE
    solid FALSE
    coord DEF co Coordinate {
      point [
        -0.674868 0.787402 -0.965556,
        -0.725696 0.787402 -1.099005,
        -0.693050 0.787402 -1.062504,
        -0.637480 0.787402 -1.062504,
        -0.706661 0.787402 -1.099005,
        -0.624654 0.787402 -1.099005,
        -0.656447 0.787402 -0.965556,
        -0.605619 0.787402 -1.099005,
        -0.642939 0.791339 -1.047426,
        -0.637480 0.791339 -1.062504,
        -0.687728 0.791339 -1.047426,
        -0.693050 0.791339 -1.062504,
        -0.662894 0.791339 -0.991959,
        -0.656447 0.791339 -0.965556,
        -0.605619 0.791339 -1.099005,
        -0.624654 0.791339 -1.099005,
        -0.664050 0.791339 -0.987976,
        -0.665078 0.791339 -0.982612,
        -0.674868 0.791339 -0.965556,
        -0.665487 0.791339 -0.982612,
        -0.666566 0.791339 -0.988257,
        -0.667568 0.791339 -0.991959,
        -0.725696 0.791339 -1.099005,
        -0.706661 0.791339 -1.099005,
        -0.642939 0.787402 -1.047426,
        -0.687728 0.787402 -1.047426,
        -0.667568 0.787402 -0.991959,
        -0.665487 0.787402 -0.982612,
        -0.666566 0.787402 -0.988257,
        -0.665078 0.787402 -0.982612,
        -0.662894 0.787402 -0.991959,
        -0.664050 0.787402 -0.987976,
      ]
    }
    coordIndex [
      8, 9, 10, -1,
      10, 9, 11, -1,
      12, 13, 8, -1,
      8, 13, 14, -1,
      8, 14, 9, -1,
      9, 14, 15, -1,
      12, 16, 13, -1,
      13, 16, 17, -1,
      13, 17, 18, -1,
      18, 17, 19, -1,
      18, 19, 20, -1,
      20, 21, 18, -1,
      18, 21, 10, -1,
      18, 10, 22, -1,
      22, 10, 11, -1,
      22, 11, 23, -1,
      18, 22, 0, -1,
      0, 22, 1, -1,
      13, 18, 6, -1,
      6, 18, 0, -1,
      14, 13, 7, -1,
      7, 13, 6, -1,
      15, 14, 5, -1,
      5, 14, 7, -1,
      9, 15, 3, -1,
      3, 15, 5, -1,
      11, 9, 2, -1,
      2, 9, 3, -1,
      23, 11, 4, -1,
      4, 11, 2, -1,
      22, 23, 1, -1,
      1, 23, 4, -1,
      8, 10, 24, -1,
      24, 10, 25, -1,
      10, 21, 25, -1,
      25, 21, 26, -1,
      19, 27, 28, -1,
      19, 28, 20, -1,
      20, 28, 26, -1,
      20, 26, 21, -1,
      19, 17, 27, -1,
      27, 17, 29, -1,
      12, 30, 31, -1,
      12, 31, 16, -1,
      16, 31, 29, -1,
      16, 29, 17, -1,
      12, 8, 30, -1,
      30, 8, 24, -1,
    ]
  }
}

Shape {
  appearance Appearance {
    material Material {
      diffuseColor 1.0000 1.0000 1.0000
      specularColor 0.5020 0.5020 0.5020
      ambientIntensity 0.2
      transparency 0.0000
      shininess 0.5
    }
  }
  geometry IndexedFaceSet {
    ccw TRUE
    solid FALSE
    coord DEF co Coordinate {
      point [
        -0.642939 0.787402 -1.047426,
        -0.687728 0.787402 -1.047426,
        -0.667568 0.787402 -0.991959,
        -0.665487 0.787402 -0.982612,
        -0.666566 0.787402 -0.988257,
        -0.665078 0.787402 -0.982612,
        -0.662894 0.787402 -0.991959,
        -0.664050 0.787402 -0.987976,
      ]
    }
    coordIndex [
      3, 5, 4, -1,
      4, 5, 7, -1,
      4, 7, 2, -1,
      2, 7, 6, -1,
      2, 6, 1, -1,
      1, 6, 0, -1,
    ]
  }
}

Shape {
  appearance Appearance {
    material Material {
      diffuseColor 0.0000 0.0000 0.0000
      specularColor 0.0000 0.0000 0.0000
      ambientIntensity 0.2
      transparency 0.0000
      shininess 0.5
    }
  }
  geometry IndexedFaceSet {
    ccw TRUE
    solid FALSE
    coord DEF co Coordinate {
      point [
        0.691362 0.787402 -0.939556,
        0.689222 0.787402 -0.927554,
        0.273773 0.787402 -0.738931,
        0.253256 0.787402 -0.752726,
        0.231454 0.787402 -0.767384,
        0.199994 0.787402 -0.803803,
        0.093866 0.787402 -0.927554,
        0.102263 0.787402 -0.906609,
        0.121644 0.787402 -0.879628,
        0.147393 0.787402 -0.857874,
        0.180218 0.787402 -0.842340,
        0.175635 0.787402 -0.843879,
        0.321387 0.787402 -0.722154,
        0.470598 0.787402 -0.752726,
        0.451175 0.787402 -0.740694,
        0.407424 0.787402 -0.723826,
        0.360492 0.787402 -0.718046,
        0.685003 0.787402 -0.903895,
        0.669872 0.787402 -0.869730,
        0.647033 0.787402 -0.840442,
        0.575327 0.787402 -0.799524,
        0.537919 0.787402 -0.794899,
        0.474349 0.787402 -0.755049,
        0.496646 0.787402 -0.774144,
        0.527008 0.787402 -0.795492,
        0.516097 0.787402 -0.796797,
        0.640648 0.787402 -0.834398,
        0.610472 0.787402 -0.813177,
        0.575872 0.787402 -1.097570,
        0.587915 0.787402 -1.093965,
        0.622200 0.787402 -1.077253,
        0.651777 0.787402 -1.052027,
        0.673412 0.787402 -1.021152,
        0.687020 0.787402 -0.985832,
        0.691627 0.787402 -0.948607,
        0.511719 0.787402 -1.158549,
        0.524972 0.787402 -1.152993,
        0.533619 0.787402 -1.149369,
        0.552191 0.787402 -1.135394,
        0.566318 0.787402 -1.117991,
        0.574674 0.787402 -1.100130,
        0.462709 0.787402 -1.159245,
        0.485735 0.787402 -1.162089,
        0.489313 0.787402 -1.162024,
        0.396854 0.787402 -1.100130,
        0.396986 0.787402 -1.100682,
        0.408250 0.787402 -1.121801,
        0.422662 0.787402 -1.137939,
        0.441552 0.787402 -1.151103,
        0.446463 0.787402 -1.152993,
        0.275679 0.787402 -1.044157,
        0.269168 0.787402 -1.041585,
        0.258020 0.787402 -0.987508,
        0.121392 0.787402 -1.056771,
        0.147179 0.787402 -1.078606,
        0.414574 0.787402 -1.003637,
        0.287433 0.787402 -0.937221,
        0.431200 0.787402 -0.988508,
        0.451343 0.787402 -0.977728,
        0.281513 0.787402 -1.048292,
        0.102531 0.787402 -1.030484,
        0.145666 0.787402 -0.958506,
        0.150312 0.787402 -0.940333,
        0.157375 0.787402 -0.927554,
        0.629486 0.787402 -0.927554,
        0.090646 0.787402 -0.935582,
        0.086286 0.787402 -0.966634,
        0.090624 0.787402 -1.000440,
        0.261816 0.787402 -1.040641,
        0.260892 0.787402 -1.040708,
        0.258046 0.787402 -1.041339,
        0.623842 0.787402 -0.984715,
        0.612646 0.787402 -1.003741,
        0.564476 0.787402 -1.013661,
        0.595644 0.787402 -1.021228,
        0.574923 0.787402 -1.034000,
        0.529411 0.787402 -0.982220,
        0.548802 0.787402 -0.995713,
        0.631852 0.787402 -0.946709,
        0.630689 0.787402 -0.961513,
        0.508458 0.787402 -0.974187,
        0.485735 0.787402 -0.971378,
        0.474251 0.787402 -0.972056,
        0.291229 0.787402 -1.070054,
        0.290988 0.787402 -1.066310,
        0.390854 0.787402 -1.057720,
        0.289082 0.787402 -1.059088,
        0.285434 0.787402 -1.052615,
        0.164401 0.787402 -1.017801,
        0.153952 0.787402 -1.003009,
        0.147402 0.787402 -0.986103,
        0.145112 0.787402 -0.967583,
        0.269058 0.787402 -1.098606,
        0.275335 0.787402 -1.096135,
        0.281488 0.787402 -1.091761,
        0.283694 0.787402 -1.089516,
        0.287829 0.787402 -1.083556,
        0.290328 0.787402 -1.077121,
        0.391388 0.787402 -1.077272,
        0.390854 0.787402 -1.067208,
        0.176126 0.787402 -1.092780,
        0.207733 0.787402 -1.099467,
        0.263713 0.787402 -1.099467,
        0.256123 0.787402 -1.041590,
        0.213426 0.787402 -1.041590,
        0.196263 0.787402 -1.038285,
        0.179537 0.787402 -1.030498,
        0.165531 0.787402 -1.019016,
        0.247272 0.787402 -0.836406,
        0.268711 0.787402 -0.810873,
        0.486684 0.787402 -0.866060,
        0.270909 0.787402 -0.808873,
        0.297559 0.787402 -0.790359,
        0.472165 0.787402 -0.836010,
        0.493234 0.787402 -0.862468,
        0.514501 0.787402 -0.854639,
        0.203764 0.787402 -0.895178,
        0.219119 0.787402 -0.893576,
        0.226710 0.787402 -0.893576,
        0.232584 0.787402 -0.866953,
        0.159324 0.787402 -0.924029,
        0.171946 0.787402 -0.910605,
        0.186991 0.787402 -0.900923,
        0.570445 0.787402 -0.857960,
        0.591564 0.787402 -0.869224,
        0.547035 0.787402 -0.852362,
        0.607701 0.787402 -0.883636,
        0.620866 0.787402 -0.902526,
        0.450876 0.787402 -0.810594,
        0.327307 0.787402 -0.778945,
        0.425509 0.787402 -0.792059,
        0.359543 0.787402 -0.774974,
        0.394520 0.787402 -0.779486,
        0.536971 0.787402 -0.851828,
        0.629008 0.787402 -0.923683,
        0.566318 0.791339 -1.117991,
        0.552191 0.791339 -1.135394,
        0.574923 0.791339 -1.034000,
        0.591564 0.791339 -0.869224,
        0.570445 0.791339 -0.857960,
        0.575327 0.791339 -0.799524,
        0.516097 0.791339 -0.796797,
        0.486684 0.791339 -0.866060,
        0.472165 0.791339 -0.836010,
        0.595644 0.791339 -1.021228,
        0.587915 0.791339 -1.093965,
        0.575872 0.791339 -1.097570,
        0.537919 0.791339 -0.794899,
        0.478785 0.791339 -1.032011,
        0.469974 0.791339 -1.035165,
        0.390854 0.791339 -1.057720,
        0.462341 0.791339 -1.040318,
        0.456228 0.791339 -1.047141,
        0.258020 0.791339 -0.987508,
        0.287433 0.791339 -0.937221,
        0.414574 0.791339 -1.003637,
        0.486684 0.791339 -1.031153,
        0.495963 0.791339 -1.032343,
        0.508458 0.791339 -0.974187,
        0.504249 0.791339 -1.035614,
        0.529411 0.791339 -0.982220,
        0.511667 0.791339 -1.040889,
        0.548802 0.791339 -0.995713,
        0.515418 0.791339 -1.044855,
        0.564476 0.791339 -1.013661,
        0.520322 0.791339 -1.052703,
        0.523118 0.791339 -1.061633,
        0.523590 0.791339 -1.070880,
        0.451343 0.791339 -0.977728,
        0.474251 0.791339 -0.972056,
        0.485735 0.791339 -0.971378,
        0.452107 0.791339 -1.054930,
        0.449940 0.791339 -1.063728,
        0.390854 0.791339 -1.067208,
        0.449926 0.791339 -1.072409,
        0.391388 0.791339 -1.077272,
        0.496646 0.791339 -0.774144,
        0.450876 0.791339 -0.810594,
        0.474349 0.791339 -0.755049,
        0.425509 0.791339 -0.792059,
        0.451175 0.791339 -0.740694,
        0.547035 0.791339 -0.852362,
        0.536971 0.791339 -0.851828,
        0.527008 0.791339 -0.795492,
        0.514501 0.791339 -0.854639,
        0.493234 0.791339 -0.862468,
        0.431200 0.791339 -0.988508,
        0.121392 0.791339 -1.056771,
        0.165531 0.791339 -1.019016,
        0.147179 0.791339 -1.078606,
        0.179537 0.791339 -1.030498,
        0.176126 0.791339 -1.092780,
        0.196263 0.791339 -1.038285,
        0.207733 0.791339 -1.099467,
        0.213426 0.791339 -1.041590,
        0.263713 0.791339 -1.099467,
        0.256123 0.791339 -1.041590,
        0.269058 0.791339 -1.098606,
        0.521833 0.791339 -1.079778,
        0.518077 0.791339 -1.087754,
        0.226710 0.791339 -0.893576,
        0.219119 0.791339 -0.893576,
        0.180218 0.791339 -0.842340,
        0.203764 0.791339 -0.895178,
        0.175635 0.791339 -0.843879,
        0.186991 0.791339 -0.900923,
        0.147393 0.791339 -0.857874,
        0.171946 0.791339 -0.910605,
        0.121644 0.791339 -0.879628,
        0.159324 0.791339 -0.924029,
        0.102263 0.791339 -0.906609,
        0.150312 0.791339 -0.940333,
        0.090646 0.791339 -0.935582,
        0.145666 0.791339 -0.958506,
        0.086286 0.791339 -0.966634,
        0.145112 0.791339 -0.967583,
        0.090624 0.791339 -1.000440,
        0.147402 0.791339 -0.986103,
        0.102531 0.791339 -1.030484,
        0.153952 0.791339 -1.003009,
        0.164401 0.791339 -1.017801,
        0.231454 0.791339 -0.767384,
        0.268711 0.791339 -0.810873,
        0.199994 0.791339 -0.803803,
        0.247272 0.791339 -0.836406,
        0.232584 0.791339 -0.866953,
        0.629008 0.791339 -0.923683,
        0.691362 0.791339 -0.939556,
        0.631852 0.791339 -0.946709,
        0.691627 0.791339 -0.948607,
        0.630689 0.791339 -0.961513,
        0.687020 0.791339 -0.985832,
        0.623842 0.791339 -0.984715,
        0.673412 0.791339 -1.021152,
        0.612646 0.791339 -1.003741,
        0.651777 0.791339 -1.052027,
        0.622200 0.791339 -1.077253,
        0.396986 0.791339 -1.100682,
        0.452192 0.791339 -1.081515,
        0.408250 0.791339 -1.121801,
        0.456604 0.791339 -1.089665,
        0.422662 0.791339 -1.137939,
        0.461755 0.791339 -1.095483,
        0.441552 0.791339 -1.151103,
        0.468962 0.791339 -1.100652,
        0.462709 0.791339 -1.159245,
        0.477180 0.791339 -1.103935,
        0.485735 0.791339 -1.162089,
        0.486684 0.791339 -1.105160,
        0.489313 0.791339 -1.162024,
        0.488300 0.791339 -1.105125,
        0.511719 0.791339 -1.158549,
        0.496818 0.791339 -1.103736,
        0.533619 0.791339 -1.149369,
        0.505395 0.791339 -1.100053,
        0.512657 0.791339 -1.094486,
        0.407424 0.791339 -0.723826,
        0.394520 0.791339 -0.779486,
        0.360492 0.791339 -0.718046,
        0.359543 0.791339 -0.774974,
        0.321387 0.791339 -0.722154,
        0.327307 0.791339 -0.778945,
        0.273773 0.791339 -0.738931,
        0.297559 0.791339 -0.790359,
        0.270909 0.791339 -0.808873,
        0.610472 0.791339 -0.813177,
        0.640648 0.791339 -0.834398,
        0.607701 0.791339 -0.883636,
        0.647033 0.791339 -0.840442,
        0.620866 0.791339 -0.902526,
        0.669872 0.791339 -0.869730,
        0.685003 0.791339 -0.903895,
        0.260892 0.791339 -1.040708,
        0.283694 0.791339 -1.089516,
        0.281488 0.791339 -1.091761,
        0.258046 0.791339 -1.041339,
        0.275335 0.791339 -1.096135,
        0.291229 0.791339 -1.070054,
        0.290328 0.791339 -1.077121,
        0.287829 0.791339 -1.083556,
        0.269168 0.791339 -1.041585,
        0.275679 0.791339 -1.044157,
        0.290988 0.791339 -1.066310,
        0.281513 0.791339 -1.048292,
        0.285434 0.791339 -1.052615,
        0.289082 0.791339 -1.059088,
        0.261816 0.791339 -1.040641,
        0.486684 0.787402 -1.031153,
        0.478785 0.787402 -1.032011,
        0.469974 0.787402 -1.035165,
        0.462341 0.787402 -1.040318,
        0.456228 0.787402 -1.047141,
        0.452107 0.787402 -1.054930,
        0.449940 0.787402 -1.063728,
        0.449926 0.787402 -1.072409,
        0.452192 0.787402 -1.081515,
        0.456604 0.787402 -1.089665,
        0.461755 0.787402 -1.095483,
        0.468962 0.787402 -1.100652,
        0.477180 0.787402 -1.103935,
        0.486684 0.787402 -1.105160,
        0.488300 0.787402 -1.105125,
        0.496818 0.787402 -1.103736,
        0.505395 0.787402 -1.100053,
        0.512657 0.787402 -1.094486,
        0.518077 0.787402 -1.087754,
        0.521833 0.787402 -1.079778,
        0.523590 0.787402 -1.070880,
        0.523118 0.787402 -1.061633,
        0.520322 0.787402 -1.052703,
        0.515418 0.787402 -1.044855,
        0.511667 0.787402 -1.040889,
        0.504249 0.787402 -1.035614,
        0.495963 0.787402 -1.032343,
      ]
    }
    coordIndex [
      135, 136, 137, -1,
      138, 139, 140, -1,
      141, 142, 143, -1,
      144, 145, 137, -1,
      137, 145, 146, -1,
      137, 146, 135, -1,
      140, 139, 147, -1,
      148, 149, 150, -1,
      150, 149, 151, -1,
      150, 151, 152, -1,
      153, 154, 150, -1,
      150, 154, 155, -1,
      150, 155, 148, -1,
      148, 155, 156, -1,
      157, 158, 159, -1,
      159, 158, 160, -1,
      159, 160, 161, -1,
      161, 160, 162, -1,
      161, 162, 163, -1,
      163, 162, 164, -1,
      163, 164, 165, -1,
      165, 164, 137, -1,
      165, 137, 166, -1,
      166, 137, 167, -1,
      168, 169, 157, -1,
      157, 169, 170, -1,
      157, 170, 158, -1,
      152, 171, 150, -1,
      150, 171, 172, -1,
      150, 172, 173, -1,
      173, 172, 174, -1,
      173, 174, 175, -1,
      141, 143, 176, -1,
      176, 143, 177, -1,
      176, 177, 178, -1,
      178, 177, 179, -1,
      178, 179, 180, -1,
      139, 181, 147, -1,
      147, 181, 182, -1,
      147, 182, 183, -1,
      183, 182, 184, -1,
      183, 184, 141, -1,
      141, 184, 185, -1,
      141, 185, 142, -1,
      156, 155, 157, -1,
      157, 155, 186, -1,
      157, 186, 168, -1,
      187, 188, 189, -1,
      189, 188, 190, -1,
      189, 190, 191, -1,
      191, 190, 192, -1,
      191, 192, 193, -1,
      193, 192, 194, -1,
      193, 194, 195, -1,
      195, 194, 196, -1,
      195, 196, 197, -1,
      167, 137, 198, -1,
      198, 137, 136, -1,
      198, 136, 199, -1,
      200, 201, 202, -1,
      202, 201, 203, -1,
      202, 203, 204, -1,
      204, 203, 205, -1,
      204, 205, 206, -1,
      206, 205, 207, -1,
      206, 207, 208, -1,
      208, 207, 209, -1,
      208, 209, 210, -1,
      210, 209, 211, -1,
      210, 211, 212, -1,
      212, 211, 213, -1,
      212, 213, 214, -1,
      214, 213, 215, -1,
      214, 215, 216, -1,
      216, 215, 217, -1,
      216, 217, 218, -1,
      218, 217, 219, -1,
      218, 219, 187, -1,
      187, 219, 220, -1,
      187, 220, 188, -1,
      221, 222, 223, -1,
      223, 222, 224, -1,
      223, 224, 202, -1,
      202, 224, 225, -1,
      202, 225, 200, -1,
      226, 227, 228, -1,
      228, 227, 229, -1,
      228, 229, 230, -1,
      230, 229, 231, -1,
      230, 231, 232, -1,
      232, 231, 233, -1,
      232, 233, 234, -1,
      234, 233, 235, -1,
      234, 235, 144, -1,
      144, 235, 236, -1,
      144, 236, 145, -1,
      175, 174, 237, -1,
      237, 174, 238, -1,
      237, 238, 239, -1,
      239, 238, 240, -1,
      239, 240, 241, -1,
      241, 240, 242, -1,
      241, 242, 243, -1,
      243, 242, 244, -1,
      243, 244, 245, -1,
      245, 244, 246, -1,
      245, 246, 247, -1,
      247, 246, 248, -1,
      247, 248, 249, -1,
      249, 248, 250, -1,
      249, 250, 251, -1,
      251, 250, 252, -1,
      251, 252, 253, -1,
      253, 252, 254, -1,
      253, 254, 136, -1,
      136, 254, 255, -1,
      136, 255, 199, -1,
      180, 179, 256, -1,
      256, 179, 257, -1,
      256, 257, 258, -1,
      258, 257, 259, -1,
      258, 259, 260, -1,
      260, 259, 261, -1,
      260, 261, 262, -1,
      262, 261, 263, -1,
      262, 263, 221, -1,
      221, 263, 264, -1,
      221, 264, 222, -1,
      140, 265, 138, -1,
      138, 265, 266, -1,
      138, 266, 267, -1,
      267, 266, 268, -1,
      267, 268, 269, -1,
      269, 268, 270, -1,
      269, 270, 226, -1,
      226, 270, 271, -1,
      226, 271, 227, -1,
      272, 273, 274, -1,
      196, 275, 197, -1,
      197, 275, 272, -1,
      197, 272, 276, -1,
      276, 272, 274, -1,
      277, 278, 272, -1,
      272, 278, 279, -1,
      272, 279, 273, -1,
      280, 281, 282, -1,
      281, 283, 282, -1,
      282, 283, 284, -1,
      282, 284, 285, -1,
      277, 272, 282, -1,
      282, 272, 286, -1,
      282, 286, 280, -1,
      214, 66, 65, -1,
      214, 65, 212, -1,
      212, 65, 6, -1,
      212, 6, 210, -1,
      6, 7, 210, -1,
      210, 7, 8, -1,
      210, 8, 208, -1,
      208, 8, 9, -1,
      208, 9, 206, -1,
      206, 9, 11, -1,
      206, 11, 204, -1,
      204, 11, 10, -1,
      204, 10, 202, -1,
      202, 10, 5, -1,
      202, 5, 223, -1,
      223, 5, 4, -1,
      223, 4, 221, -1,
      262, 221, 3, -1,
      3, 221, 4, -1,
      3, 2, 262, -1,
      262, 2, 12, -1,
      262, 12, 260, -1,
      260, 12, 16, -1,
      260, 16, 258, -1,
      258, 16, 15, -1,
      258, 15, 256, -1,
      256, 15, 14, -1,
      256, 14, 180, -1,
      180, 14, 178, -1,
      178, 14, 13, -1,
      178, 13, 22, -1,
      178, 22, 23, -1,
      178, 23, 176, -1,
      176, 23, 25, -1,
      176, 25, 141, -1,
      141, 25, 24, -1,
      141, 24, 183, -1,
      183, 24, 21, -1,
      183, 21, 147, -1,
      147, 21, 20, -1,
      147, 20, 140, -1,
      140, 20, 27, -1,
      140, 27, 265, -1,
      265, 27, 26, -1,
      265, 26, 266, -1,
      266, 26, 19, -1,
      266, 19, 268, -1,
      34, 229, 227, -1,
      268, 19, 18, -1,
      268, 18, 270, -1,
      270, 18, 17, -1,
      270, 17, 271, -1,
      271, 17, 1, -1,
      271, 1, 227, -1,
      227, 1, 0, -1,
      227, 0, 34, -1,
      229, 34, 33, -1,
      229, 33, 231, -1,
      231, 33, 32, -1,
      231, 32, 233, -1,
      233, 32, 31, -1,
      233, 31, 235, -1,
      235, 31, 30, -1,
      235, 30, 236, -1,
      236, 30, 29, -1,
      236, 29, 145, -1,
      145, 29, 28, -1,
      145, 28, 146, -1,
      146, 28, 40, -1,
      146, 40, 135, -1,
      40, 39, 135, -1,
      135, 39, 38, -1,
      135, 38, 136, -1,
      136, 38, 37, -1,
      136, 37, 253, -1,
      253, 37, 36, -1,
      253, 36, 251, -1,
      36, 35, 251, -1,
      251, 35, 43, -1,
      251, 43, 249, -1,
      249, 43, 42, -1,
      249, 42, 247, -1,
      99, 173, 175, -1,
      247, 42, 41, -1,
      49, 243, 41, -1,
      41, 243, 245, -1,
      41, 245, 247, -1,
      49, 48, 243, -1,
      243, 48, 47, -1,
      243, 47, 241, -1,
      241, 47, 46, -1,
      241, 46, 239, -1,
      239, 46, 45, -1,
      239, 45, 237, -1,
      237, 45, 44, -1,
      237, 44, 175, -1,
      175, 44, 98, -1,
      175, 98, 99, -1,
      150, 173, 85, -1,
      85, 173, 99, -1,
      153, 150, 52, -1,
      52, 150, 85, -1,
      154, 153, 56, -1,
      56, 153, 52, -1,
      155, 154, 55, -1,
      55, 154, 56, -1,
      155, 55, 57, -1,
      155, 57, 186, -1,
      186, 57, 58, -1,
      186, 58, 168, -1,
      168, 58, 82, -1,
      168, 82, 169, -1,
      169, 82, 81, -1,
      169, 81, 170, -1,
      170, 81, 80, -1,
      170, 80, 158, -1,
      158, 80, 76, -1,
      158, 76, 160, -1,
      160, 76, 77, -1,
      160, 77, 162, -1,
      162, 77, 73, -1,
      162, 73, 164, -1,
      164, 73, 75, -1,
      164, 75, 137, -1,
      137, 75, 74, -1,
      137, 74, 144, -1,
      144, 74, 72, -1,
      144, 72, 234, -1,
      234, 72, 71, -1,
      234, 71, 232, -1,
      232, 71, 79, -1,
      232, 79, 230, -1,
      230, 79, 78, -1,
      230, 78, 228, -1,
      228, 78, 226, -1,
      226, 78, 64, -1,
      64, 134, 226, -1,
      226, 134, 127, -1,
      226, 127, 269, -1,
      269, 127, 126, -1,
      269, 126, 267, -1,
      267, 126, 124, -1,
      267, 124, 138, -1,
      138, 124, 123, -1,
      138, 123, 139, -1,
      139, 123, 125, -1,
      139, 125, 181, -1,
      181, 125, 133, -1,
      181, 133, 182, -1,
      182, 133, 115, -1,
      182, 115, 184, -1,
      184, 115, 114, -1,
      184, 114, 185, -1,
      185, 114, 110, -1,
      185, 110, 142, -1,
      142, 110, 113, -1,
      142, 113, 143, -1,
      143, 113, 128, -1,
      143, 128, 177, -1,
      177, 128, 130, -1,
      177, 130, 179, -1,
      179, 130, 132, -1,
      179, 132, 257, -1,
      257, 132, 131, -1,
      257, 131, 259, -1,
      259, 131, 129, -1,
      259, 129, 261, -1,
      261, 129, 112, -1,
      261, 112, 263, -1,
      263, 112, 111, -1,
      263, 111, 264, -1,
      264, 111, 109, -1,
      264, 109, 222, -1,
      222, 109, 108, -1,
      222, 108, 224, -1,
      224, 108, 119, -1,
      224, 119, 225, -1,
      225, 119, 118, -1,
      225, 118, 200, -1,
      201, 200, 117, -1,
      117, 200, 118, -1,
      201, 117, 116, -1,
      201, 116, 203, -1,
      203, 116, 122, -1,
      203, 122, 205, -1,
      205, 122, 121, -1,
      205, 121, 207, -1,
      207, 121, 120, -1,
      207, 120, 209, -1,
      209, 120, 63, -1,
      209, 63, 211, -1,
      63, 62, 211, -1,
      211, 62, 61, -1,
      211, 61, 213, -1,
      213, 61, 91, -1,
      213, 91, 215, -1,
      215, 91, 90, -1,
      215, 90, 217, -1,
      217, 90, 89, -1,
      217, 89, 219, -1,
      219, 89, 88, -1,
      219, 88, 220, -1,
      220, 88, 107, -1,
      220, 107, 188, -1,
      188, 107, 106, -1,
      188, 106, 190, -1,
      190, 106, 105, -1,
      190, 105, 192, -1,
      192, 105, 104, -1,
      192, 104, 194, -1,
      196, 194, 103, -1,
      103, 194, 104, -1,
      196, 103, 70, -1,
      196, 70, 275, -1,
      275, 70, 69, -1,
      275, 69, 272, -1,
      272, 69, 68, -1,
      272, 68, 286, -1,
      286, 68, 51, -1,
      286, 51, 280, -1,
      280, 51, 50, -1,
      280, 50, 281, -1,
      281, 50, 59, -1,
      281, 59, 283, -1,
      283, 59, 87, -1,
      283, 87, 284, -1,
      284, 87, 86, -1,
      284, 86, 285, -1,
      285, 86, 84, -1,
      285, 84, 282, -1,
      282, 84, 83, -1,
      282, 83, 277, -1,
      277, 83, 97, -1,
      277, 97, 278, -1,
      278, 97, 96, -1,
      278, 96, 279, -1,
      279, 96, 95, -1,
      279, 95, 273, -1,
      273, 95, 94, -1,
      273, 94, 274, -1,
      274, 94, 93, -1,
      274, 93, 276, -1,
      276, 93, 92, -1,
      276, 92, 197, -1,
      197, 92, 102, -1,
      197, 102, 195, -1,
      193, 195, 101, -1,
      101, 195, 102, -1,
      193, 101, 100, -1,
      193, 100, 191, -1,
      191, 100, 54, -1,
      191, 54, 189, -1,
      189, 54, 53, -1,
      189, 53, 187, -1,
      187, 53, 60, -1,
      187, 60, 218, -1,
      218, 60, 67, -1,
      218, 67, 216, -1,
      216, 67, 66, -1,
      216, 66, 214, -1,
      156, 287, 288, -1,
      156, 288, 148, -1,
      148, 288, 289, -1,
      148, 289, 149, -1,
      149, 289, 290, -1,
      149, 290, 151, -1,
      151, 290, 291, -1,
      151, 291, 152, -1,
      152, 291, 292, -1,
      152, 292, 171, -1,
      171, 292, 293, -1,
      171, 293, 172, -1,
      172, 293, 294, -1,
      172, 294, 174, -1,
      174, 294, 295, -1,
      174, 295, 238, -1,
      238, 295, 296, -1,
      238, 296, 240, -1,
      240, 296, 297, -1,
      240, 297, 242, -1,
      242, 297, 298, -1,
      242, 298, 244, -1,
      244, 298, 299, -1,
      244, 299, 246, -1,
      246, 299, 300, -1,
      246, 300, 248, -1,
      248, 300, 301, -1,
      248, 301, 250, -1,
      250, 301, 302, -1,
      250, 302, 252, -1,
      252, 302, 303, -1,
      252, 303, 254, -1,
      254, 303, 304, -1,
      254, 304, 255, -1,
      255, 304, 305, -1,
      255, 305, 199, -1,
      199, 305, 306, -1,
      199, 306, 198, -1,
      198, 306, 307, -1,
      198, 307, 167, -1,
      167, 307, 308, -1,
      167, 308, 166, -1,
      166, 308, 309, -1,
      166, 309, 165, -1,
      165, 309, 310, -1,
      165, 310, 163, -1,
      163, 310, 311, -1,
      163, 311, 161, -1,
      161, 311, 312, -1,
      161, 312, 159, -1,
      159, 312, 313, -1,
      159, 313, 157, -1,
      157, 313, 287, -1,
      157, 287, 156, -1,
    ]
  }
}

Shape {
  appearance Appearance {
    material Material {
      diffuseColor 1.0000 1.0000 1.0000
      specularColor 0.5020 0.5020 0.5020
      ambientIntensity 0.2
      transparency 0.0000
      shininess 0.5
    }
  }
  geometry IndexedFaceSet {
    ccw TRUE
    solid FALSE
    coord DEF co Coordinate {
      point [
        0.486684 0.787402 -1.031153,
        0.478785 0.787402 -1.032011,
        0.469974 0.787402 -1.035165,
        0.462341 0.787402 -1.040318,
        0.456228 0.787402 -1.047141,
        0.452107 0.787402 -1.054930,
        0.449940 0.787402 -1.063728,
        0.449926 0.787402 -1.072409,
        0.452192 0.787402 -1.081515,
        0.456604 0.787402 -1.089665,
        0.461755 0.787402 -1.095483,
        0.468962 0.787402 -1.100652,
        0.477180 0.787402 -1.103935,
        0.486684 0.787402 -1.105160,
        0.488300 0.787402 -1.105125,
        0.496818 0.787402 -1.103736,
        0.505395 0.787402 -1.100053,
        0.512657 0.787402 -1.094486,
        0.518077 0.787402 -1.087754,
        0.521833 0.787402 -1.079778,
        0.523590 0.787402 -1.070880,
        0.523118 0.787402 -1.061633,
        0.520322 0.787402 -1.052703,
        0.515418 0.787402 -1.044855,
        0.511667 0.787402 -1.040889,
        0.504249 0.787402 -1.035614,
        0.495963 0.787402 -1.032343,
      ]
    }
    coordIndex [
      14, 24, 23, -1,
      12, 11, 1, -1,
      0, 26, 14, -1,
      14, 26, 25, -1,
      14, 25, 24, -1,
      19, 18, 23, -1,
      23, 18, 17, -1,
      0, 14, 1, -1,
      1, 14, 13, -1,
      1, 13, 12, -1,
      22, 21, 23, -1,
      23, 21, 20, -1,
      23, 20, 19, -1,
      17, 16, 23, -1,
      23, 16, 15, -1,
      23, 15, 14, -1,
      11, 10, 1, -1,
      1, 10, 9, -1,
      1, 9, 8, -1,
      8, 7, 1, -1,
      1, 7, 6, -1,
      1, 6, 5, -1,
      5, 4, 1, -1,
      1, 4, 3, -1,
      1, 3, 2, -1,
    ]
  }
}
