ISO-10303-21;
HEADER;
FILE_DESCRIPTION (( 'STEP AP214' ),
    '1' );
FILE_NAME ('BM12B-PASS.STEP',
    '2014-02-28T07:40:51',
    ( 'JSTOEC' ),
    ( '' ),
    'SwSTEP 2.0',
    'SolidWorks 2005235',
    '' );
FILE_SCHEMA (( 'AUTOMOTIVE_DESIGN' ));
ENDSEC;

DATA;
#1 = EDGE_CURVE ( 'NONE', #124, #203, #2668, .T. ) ;
#2 = ORIENTED_EDGE ( 'NONE', *, *, #123, .T. ) ;
#3 = ORIENTED_EDGE ( 'NONE', *, *, #1, .F. ) ;
#4 = VERTEX_POINT ( 'NONE', #2664 ) ;
#5 = ORIENTED_EDGE ( 'NONE', *, *, #178, .F. ) ;
#6 = ORIENTED_EDGE ( 'NONE', *, *, #81, .F. ) ;
#7 = ORIENTED_EDGE ( 'NONE', *, *, #2688, .F. ) ;
#8 = ADVANCED_FACE ( 'NONE', ( #2663 ), #2662, .T. ) ;
#9 = EDGE_LOOP ( 'NONE', ( #10, #14, #17, #154 ) ) ;
#10 = ORIENTED_EDGE ( 'NONE', *, *, #11, .F. ) ;
#11 = EDGE_CURVE ( 'NONE', #12, #13, #2657, .T. ) ;
#12 = VERTEX_POINT ( 'NONE', #2724 ) ;
#13 = VERTEX_POINT ( 'NONE', #2723 ) ;
#14 = ORIENTED_EDGE ( 'NONE', *, *, #15, .F. ) ;
#15 = EDGE_CURVE ( 'NONE', #16, #12, #2722, .T. ) ;
#16 = VERTEX_POINT ( 'NONE', #2718 ) ;
#17 = ORIENTED_EDGE ( 'NONE', *, *, #18, .T. ) ;
#18 = EDGE_CURVE ( 'NONE', #16, #153, #2717, .T. ) ;
#19 = ORIENTED_EDGE ( 'NONE', *, *, #2035, .F. ) ;
#20 = ADVANCED_FACE ( 'NONE', ( #2713 ), #2712, .F. ) ;
#21 = EDGE_LOOP ( 'NONE', ( #22, #23, #25, #26 ) ) ;
#22 = ORIENTED_EDGE ( 'NONE', *, *, #2295, .T. ) ;
#23 = ORIENTED_EDGE ( 'NONE', *, *, #24, .T. ) ;
#24 = EDGE_CURVE ( 'NONE', #2293, #39, #2707, .T. ) ;
#25 = ORIENTED_EDGE ( 'NONE', *, *, #38, .F. ) ;
#26 = ORIENTED_EDGE ( 'NONE', *, *, #2032, .F. ) ;
#27 = ADVANCED_FACE ( 'NONE', ( #2703 ), #2702, .F. ) ;
#28 = EDGE_LOOP ( 'NONE', ( #29, #30, #166, #167, #168 ) ) ;
#29 = ORIENTED_EDGE ( 'NONE', *, *, #2261, .T. ) ;
#30 = ORIENTED_EDGE ( 'NONE', *, *, #2404, .T. ) ;
#31 = ORIENTED_EDGE ( 'NONE', *, *, #1904, .T. ) ;
#32 = ORIENTED_EDGE ( 'NONE', *, *, #2229, .T. ) ;
#33 = ORIENTED_EDGE ( 'NONE', *, *, #47, .T. ) ;
#34 = ORIENTED_EDGE ( 'NONE', *, *, #1712, .T. ) ;
#35 = ADVANCED_FACE ( 'NONE', ( #2697 ), #2696, .F. ) ;
#36 = EDGE_LOOP ( 'NONE', ( #37, #40, #42, #19 ) ) ;
#37 = ORIENTED_EDGE ( 'NONE', *, *, #38, .T. ) ;
#38 = EDGE_CURVE ( 'NONE', #2033, #39, #2757, .T. ) ;
#39 = VERTEX_POINT ( 'NONE', #2753 ) ;
#40 = ORIENTED_EDGE ( 'NONE', *, *, #41, .T. ) ;
#41 = EDGE_CURVE ( 'NONE', #39, #2080, #2752, .T. ) ;
#42 = ORIENTED_EDGE ( 'NONE', *, *, #2079, .F. ) ;
#43 = ORIENTED_EDGE ( 'NONE', *, *, #44, .T. ) ;
#44 = EDGE_CURVE ( 'NONE', #107, #1660, #2748, .T. ) ;
#45 = ORIENTED_EDGE ( 'NONE', *, *, #1651, .F. ) ;
#46 = ORIENTED_EDGE ( 'NONE', *, *, #47, .F. ) ;
#47 = EDGE_CURVE ( 'NONE', #2227, #1661, #2744, .T. ) ;
#48 = EDGE_CURVE ( 'NONE', #128, #49, #2740, .T. ) ;
#49 = VERTEX_POINT ( 'NONE', #2736 ) ;
#50 = ORIENTED_EDGE ( 'NONE', *, *, #51, .T. ) ;
#51 = EDGE_CURVE ( 'NONE', #49, #125, #2735, .T. ) ;
#52 = EDGE_LOOP ( 'NONE', ( #53, #110, #113, #116 ) ) ;
#53 = ORIENTED_EDGE ( 'NONE', *, *, #108, .F. ) ;
#54 = VERTEX_POINT ( 'NONE', #2731 ) ;
#55 = ORIENTED_EDGE ( 'NONE', *, *, #1939, .F. ) ;
#56 = ORIENTED_EDGE ( 'NONE', *, *, #2091, .T. ) ;
#57 = ORIENTED_EDGE ( 'NONE', *, *, #2364, .F. ) ;
#58 = ADVANCED_FACE ( 'NONE', ( #2730 ), #2729, .F. ) ;
#59 = EDGE_LOOP ( 'NONE', ( #60, #61, #62, #64 ) ) ;
#60 = ORIENTED_EDGE ( 'NONE', *, *, #2238, .F. ) ;
#61 = ORIENTED_EDGE ( 'NONE', *, *, #1945, .F. ) ;
#62 = ORIENTED_EDGE ( 'NONE', *, *, #63, .T. ) ;
#63 = EDGE_CURVE ( 'NONE', #1943, #2387, #2791, .T. ) ;
#64 = ORIENTED_EDGE ( 'NONE', *, *, #2386, .F. ) ;
#65 = ADVANCED_FACE ( 'NONE', ( #2787, #2786, #2785 ), #2784, .F. ) ;
#66 = EDGE_LOOP ( 'NONE', ( #122, #126, #129, #50 ) ) ;
#67 = ORIENTED_EDGE ( 'NONE', *, *, #2421, .T. ) ;
#68 = ORIENTED_EDGE ( 'NONE', *, *, #2516, .F. ) ;
#69 = ORIENTED_EDGE ( 'NONE', *, *, #2507, .F. ) ;
#70 = ORIENTED_EDGE ( 'NONE', *, *, #2504, .F. ) ;
#71 = ORIENTED_EDGE ( 'NONE', *, *, #2419, .F. ) ;
#72 = ORIENTED_EDGE ( 'NONE', *, *, #2497, .F. ) ;
#73 = ORIENTED_EDGE ( 'NONE', *, *, #2445, .F. ) ;
#74 = ORIENTED_EDGE ( 'NONE', *, *, #2462, .F. ) ;
#75 = ADVANCED_FACE ( 'NONE', ( #2779 ), #2778, .F. ) ;
#76 = EDGE_LOOP ( 'NONE', ( #77, #55, #56, #57 ) ) ;
#77 = ORIENTED_EDGE ( 'NONE', *, *, #78, .F. ) ;
#78 = EDGE_CURVE ( 'NONE', #1940, #2390, #2773, .T. ) ;
#79 = ORIENTED_EDGE ( 'NONE', *, *, #2682, .F. ) ;
#80 = ORIENTED_EDGE ( 'NONE', *, *, #81, .T. ) ;
#81 = EDGE_CURVE ( 'NONE', #2687, #2373, #2769, .T. ) ;
#82 = ORIENTED_EDGE ( 'NONE', *, *, #2372, .T. ) ;
#83 = ORIENTED_EDGE ( 'NONE', *, *, #2441, .F. ) ;
#84 = ADVANCED_FACE ( 'NONE', ( #2765 ), #2764, .F. ) ;
#85 = EDGE_LOOP ( 'NONE', ( #86, #6, #7, #87, #67, #68, #69, #70, #71, #72, #73, #74 ) ) ;
#86 = ORIENTED_EDGE ( 'NONE', *, *, #2375, .T. ) ;
#87 = ORIENTED_EDGE ( 'NONE', *, *, #2487, .T. ) ;
#88 = ORIENTED_EDGE ( 'NONE', *, *, #2226, .T. ) ;
#89 = ORIENTED_EDGE ( 'NONE', *, *, #2399, .F. ) ;
#90 = ORIENTED_EDGE ( 'NONE', *, *, #2454, .F. ) ;
#91 = ORIENTED_EDGE ( 'NONE', *, *, #92, .F. ) ;
#92 = EDGE_CURVE ( 'NONE', #106, #2477, #2827, .T. ) ;
#93 = ADVANCED_FACE ( 'NONE', ( #2823 ), #2822, .F. ) ;
#94 = EDGE_LOOP ( 'NONE', ( #31, #32, #33, #34 ) ) ;
#95 = ORIENTED_EDGE ( 'NONE', *, *, #2389, .F. ) ;
#96 = ADVANCED_FACE ( 'NONE', ( #2817 ), #2816, .F. ) ;
#97 = EDGE_LOOP ( 'NONE', ( #98, #99, #100, #101 ) ) ;
#98 = ORIENTED_EDGE ( 'NONE', *, *, #2469, .T. ) ;
#99 = ORIENTED_EDGE ( 'NONE', *, *, #1794, .T. ) ;
#100 = ORIENTED_EDGE ( 'NONE', *, *, #2171, .T. ) ;
#101 = ORIENTED_EDGE ( 'NONE', *, *, #2156, .T. ) ;
#102 = ADVANCED_FACE ( 'NONE', ( #2811 ), #2810, .F. ) ;
#103 = EDGE_LOOP ( 'NONE', ( #104, #43, #45, #46, #88, #89, #90, #91 ) ) ;
#104 = ORIENTED_EDGE ( 'NONE', *, *, #105, .T. ) ;
#105 = EDGE_CURVE ( 'NONE', #106, #107, #2805, .T. ) ;
#106 = VERTEX_POINT ( 'NONE', #2801 ) ;
#107 = VERTEX_POINT ( 'NONE', #2800 ) ;
#108 = EDGE_CURVE ( 'NONE', #54, #109, #2799, .T. ) ;
#109 = VERTEX_POINT ( 'NONE', #2795 ) ;
#110 = ORIENTED_EDGE ( 'NONE', *, *, #111, .T. ) ;
#111 = EDGE_CURVE ( 'NONE', #54, #112, #2860, .T. ) ;
#112 = VERTEX_POINT ( 'NONE', #2856 ) ;
#113 = ORIENTED_EDGE ( 'NONE', *, *, #114, .T. ) ;
#114 = EDGE_CURVE ( 'NONE', #112, #115, #2855, .T. ) ;
#115 = VERTEX_POINT ( 'NONE', #2851 ) ;
#116 = ORIENTED_EDGE ( 'NONE', *, *, #117, .F. ) ;
#117 = EDGE_CURVE ( 'NONE', #109, #115, #2850, .T. ) ;
#118 = EDGE_LOOP ( 'NONE', ( #119, #120, #121, #95 ) ) ;
#119 = ORIENTED_EDGE ( 'NONE', *, *, #63, .F. ) ;
#120 = ORIENTED_EDGE ( 'NONE', *, *, #1942, .F. ) ;
#121 = ORIENTED_EDGE ( 'NONE', *, *, #78, .T. ) ;
#122 = ORIENTED_EDGE ( 'NONE', *, *, #123, .F. ) ;
#123 = EDGE_CURVE ( 'NONE', #124, #125, #2846, .T. ) ;
#124 = VERTEX_POINT ( 'NONE', #2842 ) ;
#125 = VERTEX_POINT ( 'NONE', #2841 ) ;
#126 = ORIENTED_EDGE ( 'NONE', *, *, #127, .F. ) ;
#127 = EDGE_CURVE ( 'NONE', #128, #124, #2840, .T. ) ;
#128 = VERTEX_POINT ( 'NONE', #2836 ) ;
#129 = ORIENTED_EDGE ( 'NONE', *, *, #48, .T. ) ;
#130 = ADVANCED_FACE ( 'NONE', ( #2835 ), #2834, .F. ) ;
#131 = ORIENTED_EDGE ( 'NONE', *, *, #11, .T. ) ;
#132 = ORIENTED_EDGE ( 'NONE', *, *, #142, .T. ) ;
#133 = ORIENTED_EDGE ( 'NONE', *, *, #117, .T. ) ;
#134 = ORIENTED_EDGE ( 'NONE', *, *, #159, .T. ) ;
#135 = ADVANCED_FACE ( 'NONE', ( #2833 ), #2828, .T. ) ;
#136 = EDGE_LOOP ( 'NONE', ( #137, #139, #140, #190, #191 ) ) ;
#137 = ORIENTED_EDGE ( 'NONE', *, *, #138, .T. ) ;
#138 = EDGE_CURVE ( 'NONE', #1723, #2235, #2889, .T. ) ;
#139 = ORIENTED_EDGE ( 'NONE', *, *, #2234, .T. ) ;
#140 = ORIENTED_EDGE ( 'NONE', *, *, #2026, .T. ) ;
#141 = ORIENTED_EDGE ( 'NONE', *, *, #142, .F. ) ;
#142 = EDGE_CURVE ( 'NONE', #13, #109, #2885, .T. ) ;
#143 = ORIENTED_EDGE ( 'NONE', *, *, #155, .F. ) ;
#144 = ORIENTED_EDGE ( 'NONE', *, *, #145, .T. ) ;
#145 = EDGE_CURVE ( 'NONE', #153, #54, #2881, .T. ) ;
#146 = ORIENTED_EDGE ( 'NONE', *, *, #108, .T. ) ;
#147 = ADVANCED_FACE ( 'NONE', ( #2877 ), #2876, .T. ) ;
#148 = EDGE_LOOP ( 'NONE', ( #149, #150, #151, #206 ) ) ;
#149 = ORIENTED_EDGE ( 'NONE', *, *, #18, .F. ) ;
#150 = ORIENTED_EDGE ( 'NONE', *, *, #162, .F. ) ;
#151 = ORIENTED_EDGE ( 'NONE', *, *, #111, .F. ) ;
#152 = EDGE_LOOP ( 'NONE', ( #131, #132, #133, #134 ) ) ;
#153 = VERTEX_POINT ( 'NONE', #2871 ) ;
#154 = ORIENTED_EDGE ( 'NONE', *, *, #155, .T. ) ;
#155 = EDGE_CURVE ( 'NONE', #153, #13, #2870, .T. ) ;
#156 = ADVANCED_FACE ( 'NONE', ( #2866 ), #2865, .T. ) ;
#157 = EDGE_LOOP ( 'NONE', ( #158, #160, #161, #163 ) ) ;
#158 = ORIENTED_EDGE ( 'NONE', *, *, #159, .F. ) ;
#159 = EDGE_CURVE ( 'NONE', #115, #12, #2929, .T. ) ;
#160 = ORIENTED_EDGE ( 'NONE', *, *, #114, .F. ) ;
#161 = ORIENTED_EDGE ( 'NONE', *, *, #162, .T. ) ;
#162 = EDGE_CURVE ( 'NONE', #112, #16, #2925, .T. ) ;
#163 = ORIENTED_EDGE ( 'NONE', *, *, #15, .T. ) ;
#164 = ADVANCED_FACE ( 'NONE', ( #2921 ), #2920, .T. ) ;
#165 = EDGE_LOOP ( 'NONE', ( #141, #143, #144, #146 ) ) ;
#166 = ORIENTED_EDGE ( 'NONE', *, *, #2283, .F. ) ;
#167 = ORIENTED_EDGE ( 'NONE', *, *, #2224, .F. ) ;
#168 = ORIENTED_EDGE ( 'NONE', *, *, #169, .F. ) ;
#169 = EDGE_CURVE ( 'NONE', #2200, #2222, #2915, .T. ) ;
#170 = ADVANCED_FACE ( 'NONE', ( #2911 ), #2910, .T. ) ;
#171 = EDGE_LOOP ( 'NONE', ( #172, #173, #174, #175 ) ) ;
#172 = ORIENTED_EDGE ( 'NONE', *, *, #202, .T. ) ;
#173 = ORIENTED_EDGE ( 'NONE', *, *, #184, .T. ) ;
#174 = ORIENTED_EDGE ( 'NONE', *, *, #127, .T. ) ;
#175 = ORIENTED_EDGE ( 'NONE', *, *, #1, .T. ) ;
#176 = ADVANCED_FACE ( 'NONE', ( #2905 ), #2904, .F. ) ;
#177 = EDGE_LOOP ( 'NONE', ( #9390, #9387, #9389, #9388 ) ) ;
#178 = EDGE_CURVE ( 'NONE', #203, #196, #2898, .T. ) ;
#179 = ADVANCED_FACE ( 'NONE', ( #2894 ), #2899, .F. ) ;
#180 = ORIENTED_EDGE ( 'NONE', *, *, #181, .T. ) ;
#181 = EDGE_CURVE ( 'NONE', #197, #49, #2956, .T. ) ;
#182 = ORIENTED_EDGE ( 'NONE', *, *, #48, .F. ) ;
#183 = ORIENTED_EDGE ( 'NONE', *, *, #184, .F. ) ;
#184 = EDGE_CURVE ( 'NONE', #200, #128, #2952, .T. ) ;
#185 = ORIENTED_EDGE ( 'NONE', *, *, #199, .T. ) ;
#186 = ADVANCED_FACE ( 'NONE', ( #2948 ), #2947, .F. ) ;
#187 = EDGE_LOOP ( 'NONE', ( #188, #5, #3, #2 ) ) ;
#188 = ORIENTED_EDGE ( 'NONE', *, *, #189, .T. ) ;
#189 = EDGE_CURVE ( 'NONE', #125, #196, #2942, .T. ) ;
#190 = ORIENTED_EDGE ( 'NONE', *, *, #2246, .F. ) ;
#191 = ORIENTED_EDGE ( 'NONE', *, *, #1725, .F. ) ;
#192 = ADVANCED_FACE ( 'NONE', ( #2938 ), #2937, .F. ) ;
#193 = EDGE_LOOP ( 'NONE', ( #194, #198, #201, #204 ) ) ;
#194 = ORIENTED_EDGE ( 'NONE', *, *, #195, .T. ) ;
#195 = EDGE_CURVE ( 'NONE', #196, #197, #2932, .T. ) ;
#196 = VERTEX_POINT ( 'NONE', #2987 ) ;
#197 = VERTEX_POINT ( 'NONE', #2986 ) ;
#198 = ORIENTED_EDGE ( 'NONE', *, *, #199, .F. ) ;
#199 = EDGE_CURVE ( 'NONE', #200, #197, #2985, .T. ) ;
#200 = VERTEX_POINT ( 'NONE', #2981 ) ;
#201 = ORIENTED_EDGE ( 'NONE', *, *, #202, .F. ) ;
#202 = EDGE_CURVE ( 'NONE', #203, #200, #2980, .T. ) ;
#203 = VERTEX_POINT ( 'NONE', #2976 ) ;
#204 = ORIENTED_EDGE ( 'NONE', *, *, #178, .T. ) ;
#205 = EDGE_LOOP ( 'NONE', ( #180, #182, #183, #185 ) ) ;
#206 = ORIENTED_EDGE ( 'NONE', *, *, #145, .F. ) ;
#207 = EDGE_LOOP ( 'NONE', ( #208, #209, #210, #211 ) ) ;
#208 = ORIENTED_EDGE ( 'NONE', *, *, #228, .T. ) ;
#209 = ORIENTED_EDGE ( 'NONE', *, *, #2591, .T. ) ;
#210 = ORIENTED_EDGE ( 'NONE', *, *, #236, .F. ) ;
#211 = ORIENTED_EDGE ( 'NONE', *, *, #248, .T. ) ;
#212 = ADVANCED_FACE ( 'NONE', ( #2975 ), #3018, .F. ) ;
#213 = EDGE_LOOP ( 'NONE', ( #214, #218, #276, #277, #278, #279 ) ) ;
#214 = ORIENTED_EDGE ( 'NONE', *, *, #215, .F. ) ;
#215 = EDGE_CURVE ( 'NONE', #216, #217, #3013, .T. ) ;
#216 = VERTEX_POINT ( 'NONE', #3009 ) ;
#217 = VERTEX_POINT ( 'NONE', #3008 ) ;
#218 = ORIENTED_EDGE ( 'NONE', *, *, #275, .F. ) ;
#219 = EDGE_CURVE ( 'NONE', #2594, #245, #3006, .T. ) ;
#220 = ORIENTED_EDGE ( 'NONE', *, *, #9503, .F. ) ;
#221 = ORIENTED_EDGE ( 'NONE', *, *, #233, .F. ) ;
#222 = ORIENTED_EDGE ( 'NONE', *, *, #2221, .F. ) ;
#223 = ORIENTED_EDGE ( 'NONE', *, *, #2208, .T. ) ;
#224 = ADVANCED_FACE ( 'NONE', ( #3002 ), #3049, .T. ) ;
#225 = EDGE_LOOP ( 'NONE', ( #226, #227, #229, #230 ) ) ;
#226 = ORIENTED_EDGE ( 'NONE', *, *, #2593, .F. ) ;
#227 = ORIENTED_EDGE ( 'NONE', *, *, #228, .F. ) ;
#228 = EDGE_CURVE ( 'NONE', #246, #2592, #3044, .T. ) ;
#229 = ORIENTED_EDGE ( 'NONE', *, *, #244, .F. ) ;
#230 = ORIENTED_EDGE ( 'NONE', *, *, #219, .F. ) ;
#231 = ORIENTED_EDGE ( 'NONE', *, *, #169, .T. ) ;
#232 = ORIENTED_EDGE ( 'NONE', *, *, #233, .T. ) ;
#233 = EDGE_CURVE ( 'NONE', #2222, #9505, #3040, .T. ) ;
#234 = ORIENTED_EDGE ( 'NONE', *, *, #9506, .T. ) ;
#235 = ORIENTED_EDGE ( 'NONE', *, *, #236, .T. ) ;
#236 = EDGE_CURVE ( 'NONE', #9508, #2600, #3035, .T. ) ;
#237 = ORIENTED_EDGE ( 'NONE', *, *, #2248, .T. ) ;
#238 = ORIENTED_EDGE ( 'NONE', *, *, #2183, .T. ) ;
#239 = ADVANCED_FACE ( 'NONE', ( #3031 ), #3078, .F. ) ;
#240 = EDGE_LOOP ( 'NONE', ( #241, #242, #220, #221, #222, #223 ) ) ;
#241 = ORIENTED_EDGE ( 'NONE', *, *, #2218, .T. ) ;
#242 = ORIENTED_EDGE ( 'NONE', *, *, #219, .T. ) ;
#243 = ORIENTED_EDGE ( 'NONE', *, *, #244, .T. ) ;
#244 = EDGE_CURVE ( 'NONE', #245, #246, #3073, .T. ) ;
#245 = VERTEX_POINT ( 'NONE', #3069 ) ;
#246 = VERTEX_POINT ( 'NONE', #3068 ) ;
#247 = ORIENTED_EDGE ( 'NONE', *, *, #248, .F. ) ;
#248 = EDGE_CURVE ( 'NONE', #9508, #246, #3067, .T. ) ;
#249 = VERTEX_POINT ( 'NONE', #3063 ) ;
#250 = ORIENTED_EDGE ( 'NONE', *, *, #280, .F. ) ;
#251 = ADVANCED_FACE ( 'NONE', ( #3062 ), #3103, .F. ) ;
#252 = EDGE_LOOP ( 'NONE', ( #253, #254, #255, #257 ) ) ;
#253 = ORIENTED_EDGE ( 'NONE', *, *, #274, .T. ) ;
#254 = ORIENTED_EDGE ( 'NONE', *, *, #268, .F. ) ;
#255 = ORIENTED_EDGE ( 'NONE', *, *, #256, .F. ) ;
#256 = EDGE_CURVE ( 'NONE', #216, #266, #3097, .T. ) ;
#257 = ORIENTED_EDGE ( 'NONE', *, *, #215, .T. ) ;
#258 = ADVANCED_FACE ( 'NONE', ( #3093 ), #3134, .F. ) ;
#259 = EDGE_LOOP ( 'NONE', ( #260, #261, #314, #315 ) ) ;
#260 = ORIENTED_EDGE ( 'NONE', *, *, #256, .T. ) ;
#261 = ORIENTED_EDGE ( 'NONE', *, *, #265, .T. ) ;
#262 = ORIENTED_EDGE ( 'NONE', *, *, #2121, .T. ) ;
#263 = ORIENTED_EDGE ( 'NONE', *, *, #2176, .F. ) ;
#264 = ORIENTED_EDGE ( 'NONE', *, *, #265, .F. ) ;
#265 = EDGE_CURVE ( 'NONE', #266, #2177, #3129, .T. ) ;
#266 = VERTEX_POINT ( 'NONE', #3125 ) ;
#267 = ORIENTED_EDGE ( 'NONE', *, *, #268, .T. ) ;
#268 = EDGE_CURVE ( 'NONE', #266, #285, #3123, .T. ) ;
#269 = ADVANCED_FACE ( 'NONE', ( #3119 ), #3165, .T. ) ;
#270 = EDGE_LOOP ( 'NONE', ( #271, #272, #273, #250 ) ) ;
#271 = ORIENTED_EDGE ( 'NONE', *, *, #1785, .T. ) ;
#272 = ORIENTED_EDGE ( 'NONE', *, *, #284, .F. ) ;
#273 = ORIENTED_EDGE ( 'NONE', *, *, #274, .F. ) ;
#274 = EDGE_CURVE ( 'NONE', #217, #285, #3160, .T. ) ;
#275 = EDGE_CURVE ( 'NONE', #2160, #216, #3156, .T. ) ;
#276 = ORIENTED_EDGE ( 'NONE', *, *, #2159, .T. ) ;
#277 = ORIENTED_EDGE ( 'NONE', *, *, #2110, .T. ) ;
#278 = ORIENTED_EDGE ( 'NONE', *, *, #1788, .T. ) ;
#279 = ORIENTED_EDGE ( 'NONE', *, *, #280, .T. ) ;
#280 = EDGE_CURVE ( 'NONE', #1786, #217, #3151, .T. ) ;
#281 = ADVANCED_FACE ( 'NONE', ( #3147 ), #3190, .F. ) ;
#282 = EDGE_LOOP ( 'NONE', ( #283, #286, #262, #263, #264, #267 ) ) ;
#283 = ORIENTED_EDGE ( 'NONE', *, *, #284, .T. ) ;
#284 = EDGE_CURVE ( 'NONE', #285, #1783, #3185, .T. ) ;
#285 = VERTEX_POINT ( 'NONE', #3181 ) ;
#286 = ORIENTED_EDGE ( 'NONE', *, *, #1782, .T. ) ;
#287 = ADVANCED_FACE ( 'NONE', ( #3180 ), #3215, .F. ) ;
#288 = ADVANCED_FACE ( 'NONE', ( #3209 ), #3244, .T. ) ;
#289 = EDGE_LOOP ( 'NONE', ( #346, #347, #348, #349, #352, #355 ) ) ;
#290 = ADVANCED_FACE ( 'NONE', ( #3238 ), #3223, .T. ) ;
#291 = EDGE_LOOP ( 'NONE', ( #292, #293, #294, #295, #296, #297 ) ) ;
#292 = ORIENTED_EDGE ( 'NONE', *, *, #41, .F. ) ;
#293 = ORIENTED_EDGE ( 'NONE', *, *, #24, .F. ) ;
#294 = ORIENTED_EDGE ( 'NONE', *, *, #2292, .T. ) ;
#295 = ORIENTED_EDGE ( 'NONE', *, *, #312, .T. ) ;
#296 = ORIENTED_EDGE ( 'NONE', *, *, #323, .T. ) ;
#297 = ORIENTED_EDGE ( 'NONE', *, *, #298, .F. ) ;
#298 = EDGE_CURVE ( 'NONE', #2080, #320, #3269, .T. ) ;
#299 = ADVANCED_FACE ( 'NONE', ( #3265 ), #3250, .T. ) ;
#300 = EDGE_LOOP ( 'NONE', ( #301, #359, #360, #361 ) ) ;
#301 = ORIENTED_EDGE ( 'NONE', *, *, #2069, .F. ) ;
#302 = EDGE_CURVE ( 'NONE', #249, #321, #3299, .T. ) ;
#303 = ADVANCED_FACE ( 'NONE', ( #3295 ), #3280, .F. ) ;
#304 = EDGE_LOOP ( 'NONE', ( #305, #306, #307, #308, #310, #311, #313 ) ) ;
#305 = ORIENTED_EDGE ( 'NONE', *, *, #1722, .F. ) ;
#306 = ORIENTED_EDGE ( 'NONE', *, *, #2114, .F. ) ;
#307 = ORIENTED_EDGE ( 'NONE', *, *, #2132, .F. ) ;
#308 = ORIENTED_EDGE ( 'NONE', *, *, #309, .F. ) ;
#309 = EDGE_CURVE ( 'NONE', #249, #2066, #3275, .T. ) ;
#310 = ORIENTED_EDGE ( 'NONE', *, *, #326, .F. ) ;
#311 = ORIENTED_EDGE ( 'NONE', *, *, #312, .F. ) ;
#312 = EDGE_CURVE ( 'NONE', #2235, #324, #3326, .T. ) ;
#313 = ORIENTED_EDGE ( 'NONE', *, *, #138, .F. ) ;
#314 = ORIENTED_EDGE ( 'NONE', *, *, #2162, .T. ) ;
#315 = ORIENTED_EDGE ( 'NONE', *, *, #275, .T. ) ;
#316 = ADVANCED_FACE ( 'NONE', ( #3322 ), #3307, .T. ) ;
#317 = EDGE_LOOP ( 'NONE', ( #318, #322, #325, #1706 ) ) ;
#318 = ORIENTED_EDGE ( 'NONE', *, *, #319, .F. ) ;
#319 = EDGE_CURVE ( 'NONE', #320, #321, #3302, .T. ) ;
#320 = VERTEX_POINT ( 'NONE', #3359 ) ;
#321 = VERTEX_POINT ( 'NONE', #3358 ) ;
#322 = ORIENTED_EDGE ( 'NONE', *, *, #323, .F. ) ;
#323 = EDGE_CURVE ( 'NONE', #324, #320, #3357, .T. ) ;
#324 = VERTEX_POINT ( 'NONE', #3353 ) ;
#325 = ORIENTED_EDGE ( 'NONE', *, *, #326, .T. ) ;
#326 = EDGE_CURVE ( 'NONE', #324, #249, #3352, .T. ) ;
#327 = ORIENTED_EDGE ( 'NONE', *, *, #353, .F. ) ;
#328 = ORIENTED_EDGE ( 'NONE', *, *, #329, .T. ) ;
#329 = EDGE_CURVE ( 'NONE', #351, #338, #3348, .T. ) ;
#330 = ORIENTED_EDGE ( 'NONE', *, *, #337, .T. ) ;
#331 = EDGE_LOOP ( 'NONE', ( #388, #389, #390, #391 ) ) ;
#332 = ORIENTED_EDGE ( 'NONE', *, *, #1797, .T. ) ;
#333 = ORIENTED_EDGE ( 'NONE', *, *, #334, .F. ) ;
#334 = EDGE_CURVE ( 'NONE', #335, #1911, #3344, .T. ) ;
#335 = VERTEX_POINT ( 'NONE', #3340 ) ;
#336 = ORIENTED_EDGE ( 'NONE', *, *, #337, .F. ) ;
#337 = EDGE_CURVE ( 'NONE', #338, #335, #3339, .T. ) ;
#338 = VERTEX_POINT ( 'NONE', #3335 ) ;
#339 = ORIENTED_EDGE ( 'NONE', *, *, #340, .T. ) ;
#340 = EDGE_CURVE ( 'NONE', #338, #106, #3333, .T. ) ;
#341 = ORIENTED_EDGE ( 'NONE', *, *, #92, .T. ) ;
#342 = ORIENTED_EDGE ( 'NONE', *, *, #2476, .F. ) ;
#343 = ADVANCED_FACE ( 'NONE', ( #3329 ), #3375, .T. ) ;
#344 = EDGE_LOOP ( 'NONE', ( #345, #401, #402, #404 ) ) ;
#345 = ORIENTED_EDGE ( 'NONE', *, *, #1833, .T. ) ;
#346 = ORIENTED_EDGE ( 'NONE', *, *, #1830, .F. ) ;
#347 = ORIENTED_EDGE ( 'NONE', *, *, #1710, .F. ) ;
#348 = ORIENTED_EDGE ( 'NONE', *, *, #44, .F. ) ;
#349 = ORIENTED_EDGE ( 'NONE', *, *, #350, .T. ) ;
#350 = EDGE_CURVE ( 'NONE', #107, #351, #3370, .T. ) ;
#351 = VERTEX_POINT ( 'NONE', #3366 ) ;
#352 = ORIENTED_EDGE ( 'NONE', *, *, #353, .T. ) ;
#353 = EDGE_CURVE ( 'NONE', #351, #354, #3365, .T. ) ;
#354 = VERTEX_POINT ( 'NONE', #3417 ) ;
#355 = ORIENTED_EDGE ( 'NONE', *, *, #356, .F. ) ;
#356 = EDGE_CURVE ( 'NONE', #1831, #354, #3415, .T. ) ;
#357 = ADVANCED_FACE ( 'NONE', ( #3411 ), #3396, .T. ) ;
#358 = EDGE_LOOP ( 'NONE', ( #332, #333, #336, #339, #341, #342 ) ) ;
#359 = ORIENTED_EDGE ( 'NONE', *, *, #298, .T. ) ;
#360 = ORIENTED_EDGE ( 'NONE', *, *, #319, .T. ) ;
#361 = ORIENTED_EDGE ( 'NONE', *, *, #362, .T. ) ;
#362 = EDGE_CURVE ( 'NONE', #321, #2063, #3390, .T. ) ;
#363 = ADVANCED_FACE ( 'NONE', ( #3448 ), #3433, .T. ) ;
#364 = EDGE_LOOP ( 'NONE', ( #365, #366, #367, #368 ) ) ;
#365 = ORIENTED_EDGE ( 'NONE', *, *, #2065, .F. ) ;
#366 = ORIENTED_EDGE ( 'NONE', *, *, #362, .F. ) ;
#367 = ORIENTED_EDGE ( 'NONE', *, *, #302, .F. ) ;
#368 = ORIENTED_EDGE ( 'NONE', *, *, #309, .T. ) ;
#369 = EDGE_CURVE ( 'NONE', #400, #1628, #3427, .T. ) ;
#370 = ADVANCED_FACE ( 'NONE', ( #3423 ), #3467, .F. ) ;
#371 = EDGE_LOOP ( 'NONE', ( #372, #373, #429, #430 ) ) ;
#372 = ORIENTED_EDGE ( 'NONE', *, *, #1634, .F. ) ;
#373 = ORIENTED_EDGE ( 'NONE', *, *, #369, .F. ) ;
#374 = ORIENTED_EDGE ( 'NONE', *, *, #375, .F. ) ;
#375 = EDGE_CURVE ( 'NONE', #376, #400, #3462, .T. ) ;
#376 = VERTEX_POINT ( 'NONE', #3458 ) ;
#377 = ORIENTED_EDGE ( 'NONE', *, *, #378, .T. ) ;
#378 = EDGE_CURVE ( 'NONE', #376, #396, #3456, .T. ) ;
#379 = ADVANCED_FACE ( 'NONE', ( #3452 ), #3492, .T. ) ;
#380 = EDGE_LOOP ( 'NONE', ( #381, #383, #384, #386 ) ) ;
#381 = ORIENTED_EDGE ( 'NONE', *, *, #382, .F. ) ;
#382 = EDGE_CURVE ( 'NONE', #1560, #396, #3487, .T. ) ;
#383 = ORIENTED_EDGE ( 'NONE', *, *, #1630, .T. ) ;
#384 = ORIENTED_EDGE ( 'NONE', *, *, #385, .F. ) ;
#385 = EDGE_CURVE ( 'NONE', #397, #1626, #3482, .T. ) ;
#386 = ORIENTED_EDGE ( 'NONE', *, *, #395, .F. ) ;
#387 = ADVANCED_FACE ( 'NONE', ( #3478 ), #3522, .F. ) ;
#388 = ORIENTED_EDGE ( 'NONE', *, *, #329, .F. ) ;
#389 = ORIENTED_EDGE ( 'NONE', *, *, #350, .F. ) ;
#390 = ORIENTED_EDGE ( 'NONE', *, *, #105, .F. ) ;
#391 = ORIENTED_EDGE ( 'NONE', *, *, #340, .F. ) ;
#392 = ADVANCED_FACE ( 'NONE', ( #3516 ), #3560, .F. ) ;
#393 = EDGE_LOOP ( 'NONE', ( #394, #398, #374, #377 ) ) ;
#394 = ORIENTED_EDGE ( 'NONE', *, *, #395, .T. ) ;
#395 = EDGE_CURVE ( 'NONE', #396, #397, #3555, .T. ) ;
#396 = VERTEX_POINT ( 'NONE', #3551 ) ;
#397 = VERTEX_POINT ( 'NONE', #3550 ) ;
#398 = ORIENTED_EDGE ( 'NONE', *, *, #399, .F. ) ;
#399 = EDGE_CURVE ( 'NONE', #400, #397, #3549, .T. ) ;
#400 = VERTEX_POINT ( 'NONE', #3545 ) ;
#401 = ORIENTED_EDGE ( 'NONE', *, *, #356, .T. ) ;
#402 = ORIENTED_EDGE ( 'NONE', *, *, #403, .T. ) ;
#403 = EDGE_CURVE ( 'NONE', #354, #335, #3543, .T. ) ;
#404 = ORIENTED_EDGE ( 'NONE', *, *, #334, .T. ) ;
#405 = ADVANCED_FACE ( 'NONE', ( #3539 ), #3576, .T. ) ;
#406 = EDGE_LOOP ( 'NONE', ( #407, #327, #328, #330 ) ) ;
#407 = ORIENTED_EDGE ( 'NONE', *, *, #403, .F. ) ;
#408 = ORIENTED_EDGE ( 'NONE', *, *, #1819, .F. ) ;
#409 = ORIENTED_EDGE ( 'NONE', *, *, #410, .F. ) ;
#410 = EDGE_CURVE ( 'NONE', #411, #1817, #3571, .T. ) ;
#411 = VERTEX_POINT ( 'NONE', #3567 ) ;
#412 = ORIENTED_EDGE ( 'NONE', *, *, #413, .F. ) ;
#413 = EDGE_CURVE ( 'NONE', #414, #411, #3566, .T. ) ;
#414 = VERTEX_POINT ( 'NONE', #3614 ) ;
#415 = ORIENTED_EDGE ( 'NONE', *, *, #2547, .T. ) ;
#416 = ORIENTED_EDGE ( 'NONE', *, *, #417, .T. ) ;
#417 = EDGE_CURVE ( 'NONE', #2531, #418, #3613, .T. ) ;
#418 = VERTEX_POINT ( 'NONE', #3609 ) ;
#419 = ORIENTED_EDGE ( 'NONE', *, *, #420, .F. ) ;
#420 = EDGE_CURVE ( 'NONE', #441, #418, #3607, .T. ) ;
#421 = ADVANCED_FACE ( 'NONE', ( #3603 ), #3588, .F. ) ;
#422 = EDGE_LOOP ( 'NONE', ( #423, #426, #427, #428, #480, #483 ) ) ;
#423 = ORIENTED_EDGE ( 'NONE', *, *, #424, .T. ) ;
#424 = EDGE_CURVE ( 'NONE', #425, #1814, #3642, .T. ) ;
#425 = VERTEX_POINT ( 'NONE', #3638 ) ;
#426 = ORIENTED_EDGE ( 'NONE', *, *, #1813, .T. ) ;
#427 = ORIENTED_EDGE ( 'NONE', *, *, #2538, .T. ) ;
#428 = ORIENTED_EDGE ( 'NONE', *, *, #440, .T. ) ;
#429 = ORIENTED_EDGE ( 'NONE', *, *, #399, .T. ) ;
#430 = ORIENTED_EDGE ( 'NONE', *, *, #385, .T. ) ;
#431 = ADVANCED_FACE ( 'NONE', ( #3637 ), #3621, .F. ) ;
#432 = EDGE_LOOP ( 'NONE', ( #433, #434, #435, #436 ) ) ;
#433 = ORIENTED_EDGE ( 'NONE', *, *, #1557, .F. ) ;
#434 = ORIENTED_EDGE ( 'NONE', *, *, #382, .T. ) ;
#435 = ORIENTED_EDGE ( 'NONE', *, *, #378, .F. ) ;
#436 = ORIENTED_EDGE ( 'NONE', *, *, #446, .F. ) ;
#437 = ADVANCED_FACE ( 'NONE', ( #3677 ), #3662, .F. ) ;
#438 = EDGE_LOOP ( 'NONE', ( #439, #415, #416, #419 ) ) ;
#439 = ORIENTED_EDGE ( 'NONE', *, *, #440, .F. ) ;
#440 = EDGE_CURVE ( 'NONE', #2548, #441, #3657, .T. ) ;
#441 = VERTEX_POINT ( 'NONE', #3653 ) ;
#442 = ADVANCED_FACE ( 'NONE', ( #3652 ), #3691, .F. ) ;
#443 = EDGE_LOOP ( 'NONE', ( #444, #445, #447, #448 ) ) ;
#444 = ORIENTED_EDGE ( 'NONE', *, *, #1627, .F. ) ;
#445 = ORIENTED_EDGE ( 'NONE', *, *, #446, .T. ) ;
#446 = EDGE_CURVE ( 'NONE', #1559, #376, #3686, .T. ) ;
#447 = ORIENTED_EDGE ( 'NONE', *, *, #375, .T. ) ;
#448 = ORIENTED_EDGE ( 'NONE', *, *, #369, .T. ) ;
#449 = ORIENTED_EDGE ( 'NONE', *, *, #450, .F. ) ;
#450 = EDGE_CURVE ( 'NONE', #451, #525, #3682, .T. ) ;
#451 = VERTEX_POINT ( 'NONE', #3678 ) ;
#452 = ORIENTED_EDGE ( 'NONE', *, *, #453, .T. ) ;
#453 = EDGE_CURVE ( 'NONE', #451, #521, #3730, .T. ) ;
#454 = ADVANCED_FACE ( 'NONE', ( #3726 ), #3711, .T. ) ;
#455 = EDGE_LOOP ( 'NONE', ( #505, #507, #508, #510 ) ) ;
#456 = EDGE_LOOP ( 'NONE', ( #457, #458, #460, #461 ) ) ;
#457 = ORIENTED_EDGE ( 'NONE', *, *, #413, .T. ) ;
#458 = ORIENTED_EDGE ( 'NONE', *, *, #459, .F. ) ;
#459 = EDGE_CURVE ( 'NONE', #425, #411, #3705, .T. ) ;
#460 = ORIENTED_EDGE ( 'NONE', *, *, #484, .F. ) ;
#461 = ORIENTED_EDGE ( 'NONE', *, *, #476, .T. ) ;
#462 = ADVANCED_FACE ( 'NONE', ( #3764 ), #3749, .F. ) ;
#463 = EDGE_LOOP ( 'NONE', ( #464, #465, #466, #467 ) ) ;
#464 = ORIENTED_EDGE ( 'NONE', *, *, #410, .T. ) ;
#465 = ORIENTED_EDGE ( 'NONE', *, *, #1816, .F. ) ;
#466 = ORIENTED_EDGE ( 'NONE', *, *, #424, .F. ) ;
#467 = ORIENTED_EDGE ( 'NONE', *, *, #459, .T. ) ;
#468 = ORIENTED_EDGE ( 'NONE', *, *, #469, .F. ) ;
#469 = EDGE_CURVE ( 'NONE', #418, #414, #3743, .T. ) ;
#470 = ORIENTED_EDGE ( 'NONE', *, *, #417, .F. ) ;
#471 = ORIENTED_EDGE ( 'NONE', *, *, #2530, .F. ) ;
#472 = ADVANCED_FACE ( 'NONE', ( #3739 ), #3785, .F. ) ;
#473 = EDGE_LOOP ( 'NONE', ( #474, #475, #477, #478 ) ) ;
#474 = ORIENTED_EDGE ( 'NONE', *, *, #469, .T. ) ;
#475 = ORIENTED_EDGE ( 'NONE', *, *, #476, .F. ) ;
#476 = EDGE_CURVE ( 'NONE', #482, #414, #3779, .T. ) ;
#477 = ORIENTED_EDGE ( 'NONE', *, *, #481, .F. ) ;
#478 = ORIENTED_EDGE ( 'NONE', *, *, #420, .T. ) ;
#479 = ADVANCED_FACE ( 'NONE', ( #3775 ), #3817, .F. ) ;
#480 = ORIENTED_EDGE ( 'NONE', *, *, #481, .T. ) ;
#481 = EDGE_CURVE ( 'NONE', #441, #482, #3812, .T. ) ;
#482 = VERTEX_POINT ( 'NONE', #3808 ) ;
#483 = ORIENTED_EDGE ( 'NONE', *, *, #484, .T. ) ;
#484 = EDGE_CURVE ( 'NONE', #482, #425, #3806, .T. ) ;
#485 = ADVANCED_FACE ( 'NONE', ( #3802 ), #3843, .T. ) ;
#486 = EDGE_LOOP ( 'NONE', ( #408, #409, #412, #468, #470, #471 ) ) ;
#487 = ORIENTED_EDGE ( 'NONE', *, *, #806, .T. ) ;
#488 = VERTEX_POINT ( 'NONE', #3838 ) ;
#489 = ORIENTED_EDGE ( 'NONE', *, *, #490, .F. ) ;
#490 = EDGE_CURVE ( 'NONE', #564, #488, #3836, .T. ) ;
#491 = ADVANCED_FACE ( 'NONE', ( #3832 ), #3870, .F. ) ;
#492 = EDGE_LOOP ( 'NONE', ( #545, #548, #549, #550, #551, #554 ) ) ;
#493 = ORIENTED_EDGE ( 'NONE', *, *, #494, .T. ) ;
#494 = EDGE_CURVE ( 'NONE', #525, #2586, #3864, .T. ) ;
#495 = ADVANCED_FACE ( 'NONE', ( #3860 ), #3895, .F. ) ;
#496 = EDGE_LOOP ( 'NONE', ( #497, #498, #499, #500 ) ) ;
#497 = ORIENTED_EDGE ( 'NONE', *, *, #2631, .F. ) ;
#498 = ORIENTED_EDGE ( 'NONE', *, *, #494, .F. ) ;
#499 = ORIENTED_EDGE ( 'NONE', *, *, #524, .T. ) ;
#500 = ORIENTED_EDGE ( 'NONE', *, *, #509, .T. ) ;
#501 = ADVANCED_FACE ( 'NONE', ( #3889 ), #3926, .F. ) ;
#502 = EDGE_LOOP ( 'NONE', ( #503, #504, #558, #559 ) ) ;
#503 = ORIENTED_EDGE ( 'NONE', *, *, #2584, .F. ) ;
#504 = ORIENTED_EDGE ( 'NONE', *, *, #506, .T. ) ;
#505 = ORIENTED_EDGE ( 'NONE', *, *, #506, .F. ) ;
#506 = EDGE_CURVE ( 'NONE', #2628, #521, #3921, .T. ) ;
#507 = ORIENTED_EDGE ( 'NONE', *, *, #2578, .T. ) ;
#508 = ORIENTED_EDGE ( 'NONE', *, *, #509, .F. ) ;
#509 = EDGE_CURVE ( 'NONE', #522, #2618, #3916, .T. ) ;
#510 = ORIENTED_EDGE ( 'NONE', *, *, #520, .F. ) ;
#511 = ADVANCED_FACE ( 'NONE', ( #3912 ), #3952, .F. ) ;
#512 = EDGE_LOOP ( 'NONE', ( #513, #514, #516, #493 ) ) ;
#513 = ORIENTED_EDGE ( 'NONE', *, *, #2616, .F. ) ;
#514 = ORIENTED_EDGE ( 'NONE', *, *, #515, .T. ) ;
#515 = EDGE_CURVE ( 'NONE', #2585, #451, #3946, .T. ) ;
#516 = ORIENTED_EDGE ( 'NONE', *, *, #450, .T. ) ;
#517 = ADVANCED_FACE ( 'NONE', ( #3942 ), #3927, .F. ) ;
#518 = EDGE_LOOP ( 'NONE', ( #519, #523, #449, #452 ) ) ;
#519 = ORIENTED_EDGE ( 'NONE', *, *, #520, .T. ) ;
#520 = EDGE_CURVE ( 'NONE', #521, #522, #3981, .T. ) ;
#521 = VERTEX_POINT ( 'NONE', #3977 ) ;
#522 = VERTEX_POINT ( 'NONE', #3976 ) ;
#523 = ORIENTED_EDGE ( 'NONE', *, *, #524, .F. ) ;
#524 = EDGE_CURVE ( 'NONE', #525, #522, #3975, .T. ) ;
#525 = VERTEX_POINT ( 'NONE', #3971 ) ;
#526 = ORIENTED_EDGE ( 'NONE', *, *, #527, .F. ) ;
#527 = EDGE_CURVE ( 'NONE', #547, #534, #3970, .T. ) ;
#528 = ORIENTED_EDGE ( 'NONE', *, *, #555, .F. ) ;
#529 = ORIENTED_EDGE ( 'NONE', *, *, #601, .T. ) ;
#530 = EDGE_LOOP ( 'NONE', ( #589, #590, #591, #592 ) ) ;
#531 = ORIENTED_EDGE ( 'NONE', *, *, #1845, .F. ) ;
#532 = ORIENTED_EDGE ( 'NONE', *, *, #533, .F. ) ;
#533 = EDGE_CURVE ( 'NONE', #534, #1843, #3966, .T. ) ;
#534 = VERTEX_POINT ( 'NONE', #3962 ) ;
#535 = ORIENTED_EDGE ( 'NONE', *, *, #536, .F. ) ;
#536 = EDGE_CURVE ( 'NONE', #537, #534, #3961, .T. ) ;
#537 = VERTEX_POINT ( 'NONE', #3957 ) ;
#538 = ORIENTED_EDGE ( 'NONE', *, *, #539, .F. ) ;
#539 = EDGE_CURVE ( 'NONE', #488, #537, #3956, .T. ) ;
#540 = ORIENTED_EDGE ( 'NONE', *, *, #567, .F. ) ;
#541 = ORIENTED_EDGE ( 'NONE', *, *, #2554, .F. ) ;
#542 = ADVANCED_FACE ( 'NONE', ( #4011 ), #3995, .F. ) ;
#543 = EDGE_LOOP ( 'NONE', ( #544, #600, #602, #603 ) ) ;
#544 = ORIENTED_EDGE ( 'NONE', *, *, #539, .T. ) ;
#545 = ORIENTED_EDGE ( 'NONE', *, *, #546, .T. ) ;
#546 = EDGE_CURVE ( 'NONE', #547, #1840, #3990, .T. ) ;
#547 = VERTEX_POINT ( 'NONE', #3986 ) ;
#548 = ORIENTED_EDGE ( 'NONE', *, *, #1839, .T. ) ;
#549 = ORIENTED_EDGE ( 'NONE', *, *, #2544, .T. ) ;
#550 = ORIENTED_EDGE ( 'NONE', *, *, #563, .T. ) ;
#551 = ORIENTED_EDGE ( 'NONE', *, *, #552, .T. ) ;
#552 = EDGE_CURVE ( 'NONE', #564, #553, #4041, .T. ) ;
#553 = VERTEX_POINT ( 'NONE', #4037 ) ;
#554 = ORIENTED_EDGE ( 'NONE', *, *, #555, .T. ) ;
#555 = EDGE_CURVE ( 'NONE', #553, #547, #4035, .T. ) ;
#556 = ADVANCED_FACE ( 'NONE', ( #4031 ), #4016, .T. ) ;
#557 = EDGE_LOOP ( 'NONE', ( #531, #532, #535, #538, #540, #541 ) ) ;
#558 = ORIENTED_EDGE ( 'NONE', *, *, #453, .F. ) ;
#559 = ORIENTED_EDGE ( 'NONE', *, *, #515, .F. ) ;
#560 = ADVANCED_FACE ( 'NONE', ( #4068 ), #4053, .F. ) ;
#561 = EDGE_LOOP ( 'NONE', ( #562, #565, #566, #489 ) ) ;
#562 = ORIENTED_EDGE ( 'NONE', *, *, #563, .F. ) ;
#563 = EDGE_CURVE ( 'NONE', #2542, #564, #4048, .T. ) ;
#564 = VERTEX_POINT ( 'NONE', #4044 ) ;
#565 = ORIENTED_EDGE ( 'NONE', *, *, #2556, .T. ) ;
#566 = ORIENTED_EDGE ( 'NONE', *, *, #567, .T. ) ;
#567 = EDGE_CURVE ( 'NONE', #2549, #488, #4042, .T. ) ;
#568 = ADVANCED_FACE ( 'NONE', ( #4095 ), #4080, .F. ) ;
#569 = EDGE_LOOP ( 'NONE', ( #570, #571, #627, #628 ) ) ;
#570 = ORIENTED_EDGE ( 'NONE', *, *, #1623, .F. ) ;
#571 = ORIENTED_EDGE ( 'NONE', *, *, #647, .F. ) ;
#572 = VERTEX_POINT ( 'NONE', #4075 ) ;
#573 = EDGE_CURVE ( 'NONE', #574, #598, #4074, .T. ) ;
#574 = VERTEX_POINT ( 'NONE', #4070 ) ;
#575 = ORIENTED_EDGE ( 'NONE', *, *, #576, .F. ) ;
#576 = EDGE_CURVE ( 'NONE', #577, #574, #4126, .T. ) ;
#577 = VERTEX_POINT ( 'NONE', #4122 ) ;
#578 = ORIENTED_EDGE ( 'NONE', *, *, #579, .T. ) ;
#579 = EDGE_CURVE ( 'NONE', #577, #597, #4120, .T. ) ;
#580 = ADVANCED_FACE ( 'NONE', ( #4116 ), #4101, .T. ) ;
#581 = EDGE_LOOP ( 'NONE', ( #582, #584, #585, #587 ) ) ;
#582 = ORIENTED_EDGE ( 'NONE', *, *, #583, .F. ) ;
#583 = EDGE_CURVE ( 'NONE', #1632, #597, #4152, .T. ) ;
#584 = ORIENTED_EDGE ( 'NONE', *, *, #1615, .T. ) ;
#585 = ORIENTED_EDGE ( 'NONE', *, *, #586, .F. ) ;
#586 = EDGE_CURVE ( 'NONE', #598, #1612, #4147, .T. ) ;
#587 = ORIENTED_EDGE ( 'NONE', *, *, #596, .F. ) ;
#588 = ADVANCED_FACE ( 'NONE', ( #4143 ), #4127, .F. ) ;
#589 = ORIENTED_EDGE ( 'NONE', *, *, #533, .T. ) ;
#590 = ORIENTED_EDGE ( 'NONE', *, *, #1842, .F. ) ;
#591 = ORIENTED_EDGE ( 'NONE', *, *, #546, .F. ) ;
#592 = ORIENTED_EDGE ( 'NONE', *, *, #527, .T. ) ;
#593 = ADVANCED_FACE ( 'NONE', ( #4179 ), #4164, .F. ) ;
#594 = EDGE_LOOP ( 'NONE', ( #595, #599, #575, #578 ) ) ;
#595 = ORIENTED_EDGE ( 'NONE', *, *, #596, .T. ) ;
#596 = EDGE_CURVE ( 'NONE', #597, #598, #4159, .T. ) ;
#597 = VERTEX_POINT ( 'NONE', #4155 ) ;
#598 = VERTEX_POINT ( 'NONE', #4210 ) ;
#599 = ORIENTED_EDGE ( 'NONE', *, *, #573, .F. ) ;
#600 = ORIENTED_EDGE ( 'NONE', *, *, #601, .F. ) ;
#601 = EDGE_CURVE ( 'NONE', #553, #537, #4208, .T. ) ;
#602 = ORIENTED_EDGE ( 'NONE', *, *, #552, .F. ) ;
#603 = ORIENTED_EDGE ( 'NONE', *, *, #490, .T. ) ;
#604 = ADVANCED_FACE ( 'NONE', ( #4204 ), #4189, .F. ) ;
#605 = EDGE_LOOP ( 'NONE', ( #606, #526, #528, #529 ) ) ;
#606 = ORIENTED_EDGE ( 'NONE', *, *, #536, .T. ) ;
#607 = ORIENTED_EDGE ( 'NONE', *, *, #608, .F. ) ;
#608 = EDGE_CURVE ( 'NONE', #609, #1955, #4184, .T. ) ;
#609 = VERTEX_POINT ( 'NONE', #4240 ) ;
#610 = ORIENTED_EDGE ( 'NONE', *, *, #611, .F. ) ;
#611 = EDGE_CURVE ( 'NONE', #612, #609, #4239, .T. ) ;
#612 = VERTEX_POINT ( 'NONE', #4235 ) ;
#613 = ORIENTED_EDGE ( 'NONE', *, *, #2669, .T. ) ;
#614 = ORIENTED_EDGE ( 'NONE', *, *, #615, .T. ) ;
#615 = EDGE_CURVE ( 'NONE', #1704, #616, #4234, .T. ) ;
#616 = VERTEX_POINT ( 'NONE', #4230 ) ;
#617 = ORIENTED_EDGE ( 'NONE', *, *, #618, .F. ) ;
#618 = EDGE_CURVE ( 'NONE', #639, #616, #4228, .T. ) ;
#619 = ADVANCED_FACE ( 'NONE', ( #4224 ), #4268, .F. ) ;
#620 = EDGE_LOOP ( 'NONE', ( #621, #624, #625, #626, #679, #682 ) ) ;
#621 = ORIENTED_EDGE ( 'NONE', *, *, #622, .T. ) ;
#622 = EDGE_CURVE ( 'NONE', #623, #1982, #4263, .T. ) ;
#623 = VERTEX_POINT ( 'NONE', #4259 ) ;
#624 = ORIENTED_EDGE ( 'NONE', *, *, #1983, .T. ) ;
#625 = ORIENTED_EDGE ( 'NONE', *, *, #2557, .T. ) ;
#626 = ORIENTED_EDGE ( 'NONE', *, *, #638, .T. ) ;
#627 = ORIENTED_EDGE ( 'NONE', *, *, #573, .T. ) ;
#628 = ORIENTED_EDGE ( 'NONE', *, *, #586, .T. ) ;
#629 = ADVANCED_FACE ( 'NONE', ( #4258 ), #4295, .F. ) ;
#630 = EDGE_LOOP ( 'NONE', ( #631, #632, #633, #634 ) ) ;
#631 = ORIENTED_EDGE ( 'NONE', *, *, #1636, .F. ) ;
#632 = ORIENTED_EDGE ( 'NONE', *, *, #583, .T. ) ;
#633 = ORIENTED_EDGE ( 'NONE', *, *, #579, .F. ) ;
#634 = ORIENTED_EDGE ( 'NONE', *, *, #644, .F. ) ;
#635 = ADVANCED_FACE ( 'NONE', ( #4289 ), #4274, .F. ) ;
#636 = EDGE_LOOP ( 'NONE', ( #637, #613, #614, #617 ) ) ;
#637 = ORIENTED_EDGE ( 'NONE', *, *, #638, .F. ) ;
#638 = EDGE_CURVE ( 'NONE', #2670, #639, #4326, .T. ) ;
#639 = VERTEX_POINT ( 'NONE', #4322 ) ;
#640 = ADVANCED_FACE ( 'NONE', ( #4321 ), #4305, .F. ) ;
#641 = EDGE_LOOP ( 'NONE', ( #642, #643, #645, #646 ) ) ;
#642 = ORIENTED_EDGE ( 'NONE', *, *, #1620, .F. ) ;
#643 = ORIENTED_EDGE ( 'NONE', *, *, #644, .T. ) ;
#644 = EDGE_CURVE ( 'NONE', #1631, #577, #4299, .T. ) ;
#645 = ORIENTED_EDGE ( 'NONE', *, *, #576, .T. ) ;
#646 = ORIENTED_EDGE ( 'NONE', *, *, #647, .T. ) ;
#647 = EDGE_CURVE ( 'NONE', #574, #1621, #4300, .T. ) ;
#648 = VERTEX_POINT ( 'NONE', #4352 ) ;
#649 = ORIENTED_EDGE ( 'NONE', *, *, #650, .F. ) ;
#650 = EDGE_CURVE ( 'NONE', #651, #648, #4351, .T. ) ;
#651 = VERTEX_POINT ( 'NONE', #4347 ) ;
#652 = ORIENTED_EDGE ( 'NONE', *, *, #653, .T. ) ;
#653 = EDGE_CURVE ( 'NONE', #651, #723, #4345, .T. ) ;
#654 = EDGE_LOOP ( 'NONE', ( #707, #709, #710, #712 ) ) ;
#655 = ADVANCED_FACE ( 'NONE', ( #4341 ), #4380, .F. ) ;
#656 = EDGE_LOOP ( 'NONE', ( #657, #658, #660, #661 ) ) ;
#657 = ORIENTED_EDGE ( 'NONE', *, *, #611, .T. ) ;
#658 = ORIENTED_EDGE ( 'NONE', *, *, #659, .F. ) ;
#659 = EDGE_CURVE ( 'NONE', #623, #609, #4374, .T. ) ;
#660 = ORIENTED_EDGE ( 'NONE', *, *, #683, .F. ) ;
#661 = ORIENTED_EDGE ( 'NONE', *, *, #676, .T. ) ;
#662 = ADVANCED_FACE ( 'NONE', ( #4370 ), #4410, .F. ) ;
#663 = EDGE_LOOP ( 'NONE', ( #664, #665, #666, #667 ) ) ;
#664 = ORIENTED_EDGE ( 'NONE', *, *, #608, .T. ) ;
#665 = ORIENTED_EDGE ( 'NONE', *, *, #1954, .F. ) ;
#666 = ORIENTED_EDGE ( 'NONE', *, *, #622, .F. ) ;
#667 = ORIENTED_EDGE ( 'NONE', *, *, #659, .T. ) ;
#668 = ORIENTED_EDGE ( 'NONE', *, *, #669, .F. ) ;
#669 = EDGE_CURVE ( 'NONE', #616, #612, #4404, .T. ) ;
#670 = ORIENTED_EDGE ( 'NONE', *, *, #615, .F. ) ;
#671 = ORIENTED_EDGE ( 'NONE', *, *, #1702, .F. ) ;
#672 = ADVANCED_FACE ( 'NONE', ( #4400 ), #4385, .F. ) ;
#673 = EDGE_LOOP ( 'NONE', ( #674, #675, #677, #678 ) ) ;
#674 = ORIENTED_EDGE ( 'NONE', *, *, #669, .T. ) ;
#675 = ORIENTED_EDGE ( 'NONE', *, *, #676, .F. ) ;
#676 = EDGE_CURVE ( 'NONE', #681, #612, #4439, .T. ) ;
#677 = ORIENTED_EDGE ( 'NONE', *, *, #680, .F. ) ;
#678 = ORIENTED_EDGE ( 'NONE', *, *, #618, .T. ) ;
#679 = ORIENTED_EDGE ( 'NONE', *, *, #680, .T. ) ;
#680 = EDGE_CURVE ( 'NONE', #639, #681, #4435, .T. ) ;
#681 = VERTEX_POINT ( 'NONE', #4431 ) ;
#682 = ORIENTED_EDGE ( 'NONE', *, *, #683, .T. ) ;
#683 = EDGE_CURVE ( 'NONE', #681, #623, #4429, .T. ) ;
#684 = ADVANCED_FACE ( 'NONE', ( #4425 ), #4474, .T. ) ;
#685 = EDGE_LOOP ( 'NONE', ( #686, #607, #610, #668, #670, #671 ) ) ;
#686 = ORIENTED_EDGE ( 'NONE', *, *, #1957, .F. ) ;
#687 = EDGE_CURVE ( 'NONE', #1745, #688, #4469, .T. ) ;
#688 = VERTEX_POINT ( 'NONE', #4465 ) ;
#689 = ORIENTED_EDGE ( 'NONE', *, *, #1744, .T. ) ;
#690 = ORIENTED_EDGE ( 'NONE', *, *, #691, .T. ) ;
#691 = EDGE_CURVE ( 'NONE', #1750, #692, #4464, .T. ) ;
#692 = VERTEX_POINT ( 'NONE', #4460 ) ;
#693 = ORIENTED_EDGE ( 'NONE', *, *, #694, .F. ) ;
#694 = EDGE_CURVE ( 'NONE', #688, #692, #4459, .T. ) ;
#695 = ORIENTED_EDGE ( 'NONE', *, *, #696, .T. ) ;
#696 = EDGE_CURVE ( 'NONE', #648, #2569, #4454, .T. ) ;
#697 = ADVANCED_FACE ( 'NONE', ( #4450 ), #4494, .F. ) ;
#698 = EDGE_LOOP ( 'NONE', ( #699, #700, #701, #702 ) ) ;
#699 = ORIENTED_EDGE ( 'NONE', *, *, #2649, .F. ) ;
#700 = ORIENTED_EDGE ( 'NONE', *, *, #696, .F. ) ;
#701 = ORIENTED_EDGE ( 'NONE', *, *, #726, .T. ) ;
#702 = ORIENTED_EDGE ( 'NONE', *, *, #711, .T. ) ;
#703 = ADVANCED_FACE ( 'NONE', ( #4488 ), #4524, .F. ) ;
#704 = EDGE_LOOP ( 'NONE', ( #705, #760, #761, #762 ) ) ;
#705 = ORIENTED_EDGE ( 'NONE', *, *, #2654, .F. ) ;
#706 = ADVANCED_FACE ( 'NONE', ( #4518 ), #4503, .T. ) ;
#707 = ORIENTED_EDGE ( 'NONE', *, *, #708, .F. ) ;
#708 = EDGE_CURVE ( 'NONE', #2655, #723, #4551, .T. ) ;
#709 = ORIENTED_EDGE ( 'NONE', *, *, #2626, .T. ) ;
#710 = ORIENTED_EDGE ( 'NONE', *, *, #711, .F. ) ;
#711 = EDGE_CURVE ( 'NONE', #724, #2650, #4546, .T. ) ;
#712 = ORIENTED_EDGE ( 'NONE', *, *, #722, .F. ) ;
#713 = ADVANCED_FACE ( 'NONE', ( #4542 ), #4527, .F. ) ;
#714 = EDGE_LOOP ( 'NONE', ( #715, #716, #718, #695 ) ) ;
#715 = ORIENTED_EDGE ( 'NONE', *, *, #2568, .F. ) ;
#716 = ORIENTED_EDGE ( 'NONE', *, *, #717, .T. ) ;
#717 = EDGE_CURVE ( 'NONE', #2656, #651, #4575, .T. ) ;
#718 = ORIENTED_EDGE ( 'NONE', *, *, #650, .T. ) ;
#719 = ADVANCED_FACE ( 'NONE', ( #4571 ), #4556, .F. ) ;
#720 = EDGE_LOOP ( 'NONE', ( #721, #725, #649, #652 ) ) ;
#721 = ORIENTED_EDGE ( 'NONE', *, *, #722, .T. ) ;
#722 = EDGE_CURVE ( 'NONE', #723, #724, #4610, .T. ) ;
#723 = VERTEX_POINT ( 'NONE', #4606 ) ;
#724 = VERTEX_POINT ( 'NONE', #4605 ) ;
#725 = ORIENTED_EDGE ( 'NONE', *, *, #726, .F. ) ;
#726 = EDGE_CURVE ( 'NONE', #648, #724, #4603, .T. ) ;
#727 = ORIENTED_EDGE ( 'NONE', *, *, #694, .T. ) ;
#728 = ADVANCED_FACE ( 'NONE', ( #4599 ), #4584, .F. ) ;
#729 = EDGE_LOOP ( 'NONE', ( #730, #731, #787, #788 ) ) ;
#730 = ORIENTED_EDGE ( 'NONE', *, *, #740, .T. ) ;
#731 = ORIENTED_EDGE ( 'NONE', *, *, #732, .F. ) ;
#732 = EDGE_CURVE ( 'NONE', #751, #738, #4637, .T. ) ;
#733 = ADVANCED_FACE ( 'NONE', ( #4633 ), #4618, .T. ) ;
#734 = EDGE_LOOP ( 'NONE', ( #735, #736, #739, #742, #744, #745 ) ) ;
#735 = ORIENTED_EDGE ( 'NONE', *, *, #1986, .F. ) ;
#736 = ORIENTED_EDGE ( 'NONE', *, *, #737, .F. ) ;
#737 = EDGE_CURVE ( 'NONE', #738, #1966, #4613, .T. ) ;
#738 = VERTEX_POINT ( 'NONE', #4665 ) ;
#739 = ORIENTED_EDGE ( 'NONE', *, *, #740, .F. ) ;
#740 = EDGE_CURVE ( 'NONE', #741, #738, #4664, .T. ) ;
#741 = VERTEX_POINT ( 'NONE', #4660 ) ;
#742 = ORIENTED_EDGE ( 'NONE', *, *, #743, .F. ) ;
#743 = EDGE_CURVE ( 'NONE', #692, #741, #4658, .T. ) ;
#744 = ORIENTED_EDGE ( 'NONE', *, *, #691, .F. ) ;
#745 = ORIENTED_EDGE ( 'NONE', *, *, #1749, .F. ) ;
#746 = EDGE_LOOP ( 'NONE', ( #802, #803, #805, #727 ) ) ;
#747 = ADVANCED_FACE ( 'NONE', ( #4654 ), #4700, .F. ) ;
#748 = EDGE_LOOP ( 'NONE', ( #749, #752, #753, #754, #755, #758 ) ) ;
#749 = ORIENTED_EDGE ( 'NONE', *, *, #750, .T. ) ;
#750 = EDGE_CURVE ( 'NONE', #751, #1964, #4695, .T. ) ;
#751 = VERTEX_POINT ( 'NONE', #4691 ) ;
#752 = ORIENTED_EDGE ( 'NONE', *, *, #1963, .T. ) ;
#753 = ORIENTED_EDGE ( 'NONE', *, *, #1742, .T. ) ;
#754 = ORIENTED_EDGE ( 'NONE', *, *, #687, .T. ) ;
#755 = ORIENTED_EDGE ( 'NONE', *, *, #756, .T. ) ;
#756 = EDGE_CURVE ( 'NONE', #688, #757, #4690, .T. ) ;
#757 = VERTEX_POINT ( 'NONE', #4686 ) ;
#758 = ORIENTED_EDGE ( 'NONE', *, *, #759, .T. ) ;
#759 = EDGE_CURVE ( 'NONE', #757, #751, #4684, .T. ) ;
#760 = ORIENTED_EDGE ( 'NONE', *, *, #708, .T. ) ;
#761 = ORIENTED_EDGE ( 'NONE', *, *, #653, .F. ) ;
#762 = ORIENTED_EDGE ( 'NONE', *, *, #717, .F. ) ;
#763 = ADVANCED_FACE ( 'NONE', ( #4680 ), #4727, .F. ) ;
#764 = EDGE_LOOP ( 'NONE', ( #765, #689, #690, #693 ) ) ;
#765 = ORIENTED_EDGE ( 'NONE', *, *, #687, .F. ) ;
#766 = ORIENTED_EDGE ( 'NONE', *, *, #767, .T. ) ;
#767 = EDGE_CURVE ( 'NONE', #1613, #779, #4722, .T. ) ;
#768 = ORIENTED_EDGE ( 'NONE', *, *, #778, .T. ) ;
#769 = ORIENTED_EDGE ( 'NONE', *, *, #770, .T. ) ;
#770 = EDGE_CURVE ( 'NONE', #776, #1617, #4717, .T. ) ;
#771 = ADVANCED_FACE ( 'NONE', ( #4713 ), #4758, .F. ) ;
#772 = EDGE_LOOP ( 'NONE', ( #773, #827, #828, #829 ) ) ;
#773 = ORIENTED_EDGE ( 'NONE', *, *, #1619, .F. ) ;
#774 = ORIENTED_EDGE ( 'NONE', *, *, #775, .F. ) ;
#775 = EDGE_CURVE ( 'NONE', #776, #800, #4753, .T. ) ;
#776 = VERTEX_POINT ( 'NONE', #4749 ) ;
#777 = ORIENTED_EDGE ( 'NONE', *, *, #778, .F. ) ;
#778 = EDGE_CURVE ( 'NONE', #779, #776, #4748, .T. ) ;
#779 = VERTEX_POINT ( 'NONE', #4744 ) ;
#780 = ORIENTED_EDGE ( 'NONE', *, *, #781, .T. ) ;
#781 = EDGE_CURVE ( 'NONE', #779, #799, #4742, .T. ) ;
#782 = ADVANCED_FACE ( 'NONE', ( #4738 ), #4782, .T. ) ;
#783 = EDGE_LOOP ( 'NONE', ( #784, #786, #838, #840 ) ) ;
#784 = ORIENTED_EDGE ( 'NONE', *, *, #785, .F. ) ;
#785 = EDGE_CURVE ( 'NONE', #1608, #799, #4776, .T. ) ;
#786 = ORIENTED_EDGE ( 'NONE', *, *, #1598, .T. ) ;
#787 = ORIENTED_EDGE ( 'NONE', *, *, #759, .F. ) ;
#788 = ORIENTED_EDGE ( 'NONE', *, *, #804, .T. ) ;
#789 = ADVANCED_FACE ( 'NONE', ( #4772 ), #4807, .F. ) ;
#790 = EDGE_LOOP ( 'NONE', ( #791, #792, #793, #794 ) ) ;
#791 = ORIENTED_EDGE ( 'NONE', *, *, #737, .T. ) ;
#792 = ORIENTED_EDGE ( 'NONE', *, *, #1984, .F. ) ;
#793 = ORIENTED_EDGE ( 'NONE', *, *, #750, .F. ) ;
#794 = ORIENTED_EDGE ( 'NONE', *, *, #732, .T. ) ;
#795 = ADVANCED_FACE ( 'NONE', ( #4801 ), #4837, .F. ) ;
#796 = EDGE_LOOP ( 'NONE', ( #797, #774, #777, #780 ) ) ;
#797 = ORIENTED_EDGE ( 'NONE', *, *, #798, .T. ) ;
#798 = EDGE_CURVE ( 'NONE', #799, #800, #4832, .T. ) ;
#799 = VERTEX_POINT ( 'NONE', #4828 ) ;
#800 = VERTEX_POINT ( 'NONE', #4827 ) ;
#801 = ADVANCED_FACE ( 'NONE', ( #4826 ), #4867, .F. ) ;
#802 = ORIENTED_EDGE ( 'NONE', *, *, #743, .T. ) ;
#803 = ORIENTED_EDGE ( 'NONE', *, *, #804, .F. ) ;
#804 = EDGE_CURVE ( 'NONE', #757, #741, #4862, .T. ) ;
#805 = ORIENTED_EDGE ( 'NONE', *, *, #756, .F. ) ;
#806 = EDGE_CURVE ( 'NONE', #9461, #826, #4857, .T. ) ;
#807 = ADVANCED_FACE ( 'NONE', ( #4853 ), #4902, .T. ) ;
#808 = EDGE_LOOP ( 'NONE', ( #809, #810, #868, #871, #873, #874 ) ) ;
#809 = ORIENTED_EDGE ( 'NONE', *, *, #1998, .F. ) ;
#810 = ORIENTED_EDGE ( 'NONE', *, *, #811, .F. ) ;
#811 = EDGE_CURVE ( 'NONE', #812, #1996, #4897, .T. ) ;
#812 = VERTEX_POINT ( 'NONE', #4893 ) ;
#813 = ORIENTED_EDGE ( 'NONE', *, *, #814, .F. ) ;
#814 = EDGE_CURVE ( 'NONE', #1753, #815, #4892, .T. ) ;
#815 = VERTEX_POINT ( 'NONE', #4888 ) ;
#816 = ORIENTED_EDGE ( 'NONE', *, *, #1759, .T. ) ;
#817 = ORIENTED_EDGE ( 'NONE', *, *, #818, .T. ) ;
#818 = EDGE_CURVE ( 'NONE', #1757, #819, #4887, .T. ) ;
#819 = VERTEX_POINT ( 'NONE', #4883 ) ;
#820 = ORIENTED_EDGE ( 'NONE', *, *, #821, .F. ) ;
#821 = EDGE_CURVE ( 'NONE', #815, #819, #4881, .T. ) ;
#822 = ADVANCED_FACE ( 'NONE', ( #4877 ), #4925, .F. ) ;
#823 = EDGE_LOOP ( 'NONE', ( #824, #880, #881, #882, #883, #487 ) ) ;
#824 = ORIENTED_EDGE ( 'NONE', *, *, #825, .T. ) ;
#825 = EDGE_CURVE ( 'NONE', #826, #1993, #4920, .T. ) ;
#826 = VERTEX_POINT ( 'NONE', #4916 ) ;
#827 = ORIENTED_EDGE ( 'NONE', *, *, #770, .F. ) ;
#828 = ORIENTED_EDGE ( 'NONE', *, *, #775, .T. ) ;
#829 = ORIENTED_EDGE ( 'NONE', *, *, #839, .T. ) ;
#830 = ADVANCED_FACE ( 'NONE', ( #4915 ), #4950, .F. ) ;
#831 = EDGE_LOOP ( 'NONE', ( #832, #833, #834, #835 ) ) ;
#832 = ORIENTED_EDGE ( 'NONE', *, *, #1609, .F. ) ;
#833 = ORIENTED_EDGE ( 'NONE', *, *, #785, .T. ) ;
#834 = ORIENTED_EDGE ( 'NONE', *, *, #781, .F. ) ;
#835 = ORIENTED_EDGE ( 'NONE', *, *, #767, .F. ) ;
#836 = ADVANCED_FACE ( 'NONE', ( #4944 ), #4980, .F. ) ;
#837 = EDGE_LOOP ( 'NONE', ( #813, #816, #817, #820 ) ) ;
#838 = ORIENTED_EDGE ( 'NONE', *, *, #839, .F. ) ;
#839 = EDGE_CURVE ( 'NONE', #800, #1616, #4974, .T. ) ;
#840 = ORIENTED_EDGE ( 'NONE', *, *, #798, .F. ) ;
#841 = ADVANCED_FACE ( 'NONE', ( #4970 ), #4955, .F. ) ;
#842 = EDGE_LOOP ( 'NONE', ( #843, #766, #768, #769 ) ) ;
#843 = ORIENTED_EDGE ( 'NONE', *, *, #1611, .F. ) ;
#844 = ADVANCED_FACE ( 'NONE', ( #5004 ), #4989, .F. ) ;
#845 = EDGE_LOOP ( 'NONE', ( #846, #850, #853, #909 ) ) ;
#846 = ORIENTED_EDGE ( 'NONE', *, *, #847, .T. ) ;
#847 = EDGE_CURVE ( 'NONE', #848, #849, #4984, .T. ) ;
#848 = VERTEX_POINT ( 'NONE', #5036 ) ;
#849 = VERTEX_POINT ( 'NONE', #5035 ) ;
#850 = ORIENTED_EDGE ( 'NONE', *, *, #851, .F. ) ;
#851 = EDGE_CURVE ( 'NONE', #852, #849, #5034, .T. ) ;
#852 = VERTEX_POINT ( 'NONE', #5030 ) ;
#853 = ORIENTED_EDGE ( 'NONE', *, *, #854, .F. ) ;
#854 = EDGE_CURVE ( 'NONE', #855, #852, #5029, .T. ) ;
#855 = VERTEX_POINT ( 'NONE', #5025 ) ;
#856 = ORIENTED_EDGE ( 'NONE', *, *, #884, .F. ) ;
#857 = ORIENTED_EDGE ( 'NONE', *, *, #821, .T. ) ;
#858 = ADVANCED_FACE ( 'NONE', ( #5024 ), #5065, .F. ) ;
#859 = EDGE_LOOP ( 'NONE', ( #860, #861, #863, #864 ) ) ;
#860 = ORIENTED_EDGE ( 'NONE', *, *, #869, .T. ) ;
#861 = ORIENTED_EDGE ( 'NONE', *, *, #862, .F. ) ;
#862 = EDGE_CURVE ( 'NONE', #826, #812, #5059, .T. ) ;
#863 = ORIENTED_EDGE ( 'NONE', *, *, #806, .F. ) ;
#864 = ORIENTED_EDGE ( 'NONE', *, *, #879, .T. ) ;
#865 = ADVANCED_FACE ( 'NONE', ( #5055 ), #5040, .F. ) ;
#866 = EDGE_LOOP ( 'NONE', ( #867, #922, #923, #924 ) ) ;
#867 = ORIENTED_EDGE ( 'NONE', *, *, #811, .T. ) ;
#868 = ORIENTED_EDGE ( 'NONE', *, *, #869, .F. ) ;
#869 = EDGE_CURVE ( 'NONE', #870, #812, #5091, .T. ) ;
#870 = VERTEX_POINT ( 'NONE', #5087 ) ;
#871 = ORIENTED_EDGE ( 'NONE', *, *, #872, .F. ) ;
#872 = EDGE_CURVE ( 'NONE', #819, #870, #5085, .T. ) ;
#873 = ORIENTED_EDGE ( 'NONE', *, *, #818, .F. ) ;
#874 = ORIENTED_EDGE ( 'NONE', *, *, #1756, .F. ) ;
#875 = ADVANCED_FACE ( 'NONE', ( #5081 ), #5066, .F. ) ;
#876 = EDGE_LOOP ( 'NONE', ( #877, #878, #856, #857 ) ) ;
#877 = ORIENTED_EDGE ( 'NONE', *, *, #872, .T. ) ;
#878 = ORIENTED_EDGE ( 'NONE', *, *, #879, .F. ) ;
#879 = EDGE_CURVE ( 'NONE', #9461, #870, #5116, .T. ) ;
#880 = ORIENTED_EDGE ( 'NONE', *, *, #1992, .T. ) ;
#881 = ORIENTED_EDGE ( 'NONE', *, *, #1748, .T. ) ;
#882 = ORIENTED_EDGE ( 'NONE', *, *, #814, .T. ) ;
#883 = ORIENTED_EDGE ( 'NONE', *, *, #884, .T. ) ;
#884 = EDGE_CURVE ( 'NONE', #815, #9461, #5111, .T. ) ;
#885 = EDGE_LOOP ( 'NONE', ( #886, #887, #888, #889 ) ) ;
#886 = ORIENTED_EDGE ( 'NONE', *, *, #2634, .F. ) ;
#887 = ORIENTED_EDGE ( 'NONE', *, *, #914, .T. ) ;
#888 = ORIENTED_EDGE ( 'NONE', *, *, #910, .F. ) ;
#889 = ORIENTED_EDGE ( 'NONE', *, *, #899, .F. ) ;
#890 = ADVANCED_FACE ( 'NONE', ( #5107 ), #5155, .F. ) ;
#891 = EDGE_LOOP ( 'NONE', ( #892, #895, #896, #949 ) ) ;
#892 = ORIENTED_EDGE ( 'NONE', *, *, #893, .F. ) ;
#893 = EDGE_CURVE ( 'NONE', #1686, #894, #5150, .T. ) ;
#894 = VERTEX_POINT ( 'NONE', #5146 ) ;
#895 = ORIENTED_EDGE ( 'NONE', *, *, #1774, .T. ) ;
#896 = ORIENTED_EDGE ( 'NONE', *, *, #897, .T. ) ;
#897 = EDGE_CURVE ( 'NONE', #1761, #572, #5145, .T. ) ;
#898 = ORIENTED_EDGE ( 'NONE', *, *, #899, .T. ) ;
#899 = EDGE_CURVE ( 'NONE', #2572, #855, #5141, .T. ) ;
#900 = ORIENTED_EDGE ( 'NONE', *, *, #854, .T. ) ;
#901 = ORIENTED_EDGE ( 'NONE', *, *, #902, .T. ) ;
#902 = EDGE_CURVE ( 'NONE', #852, #2575, #5136, .T. ) ;
#903 = ADVANCED_FACE ( 'NONE', ( #5132 ), #5179, .F. ) ;
#904 = EDGE_LOOP ( 'NONE', ( #905, #906, #907, #908 ) ) ;
#905 = ORIENTED_EDGE ( 'NONE', *, *, #2647, .F. ) ;
#906 = ORIENTED_EDGE ( 'NONE', *, *, #902, .F. ) ;
#907 = ORIENTED_EDGE ( 'NONE', *, *, #851, .T. ) ;
#908 = ORIENTED_EDGE ( 'NONE', *, *, #917, .T. ) ;
#909 = ORIENTED_EDGE ( 'NONE', *, *, #910, .T. ) ;
#910 = EDGE_CURVE ( 'NONE', #855, #848, #5173, .T. ) ;
#911 = ADVANCED_FACE ( 'NONE', ( #5169 ), #5210, .T. ) ;
#912 = EDGE_LOOP ( 'NONE', ( #913, #915, #916, #918 ) ) ;
#913 = ORIENTED_EDGE ( 'NONE', *, *, #914, .F. ) ;
#914 = EDGE_CURVE ( 'NONE', #2635, #848, #5205, .T. ) ;
#915 = ORIENTED_EDGE ( 'NONE', *, *, #2624, .T. ) ;
#916 = ORIENTED_EDGE ( 'NONE', *, *, #917, .F. ) ;
#917 = EDGE_CURVE ( 'NONE', #849, #2622, #5200, .T. ) ;
#918 = ORIENTED_EDGE ( 'NONE', *, *, #847, .F. ) ;
#919 = ADVANCED_FACE ( 'NONE', ( #5196 ), #5233, .F. ) ;
#920 = EDGE_LOOP ( 'NONE', ( #921, #898, #900, #901 ) ) ;
#921 = ORIENTED_EDGE ( 'NONE', *, *, #2574, .F. ) ;
#922 = ORIENTED_EDGE ( 'NONE', *, *, #1995, .F. ) ;
#923 = ORIENTED_EDGE ( 'NONE', *, *, #825, .F. ) ;
#924 = ORIENTED_EDGE ( 'NONE', *, *, #862, .T. ) ;
#925 = ADVANCED_FACE ( 'NONE', ( #5227 ), #5212, .F. ) ;
#926 = EDGE_LOOP ( 'NONE', ( #927, #928, #930, #931 ) ) ;
#927 = ORIENTED_EDGE ( 'NONE', *, *, #947, .T. ) ;
#928 = ORIENTED_EDGE ( 'NONE', *, *, #929, .F. ) ;
#929 = EDGE_CURVE ( 'NONE', #961, #945, #5258, .T. ) ;
#930 = ORIENTED_EDGE ( 'NONE', *, *, #960, .F. ) ;
#931 = ORIENTED_EDGE ( 'NONE', *, *, #950, .T. ) ;
#932 = ADVANCED_FACE ( 'NONE', ( #5254 ), #5239, .F. ) ;
#933 = EDGE_LOOP ( 'NONE', ( #934, #935, #990, #991 ) ) ;
#934 = ORIENTED_EDGE ( 'NONE', *, *, #944, .T. ) ;
#935 = ORIENTED_EDGE ( 'NONE', *, *, #989, .F. ) ;
#936 = ORIENTED_EDGE ( 'NONE', *, *, #937, .T. ) ;
#937 = EDGE_CURVE ( 'NONE', #961, #955, #5289, .T. ) ;
#938 = ADVANCED_FACE ( 'NONE', ( #5285 ), #5270, .T. ) ;
#939 = ORIENTED_EDGE ( 'NONE', *, *, #1883, .F. ) ;
#940 = ORIENTED_EDGE ( 'NONE', *, *, #941, .F. ) ;
#941 = EDGE_CURVE ( 'NONE', #942, #1881, #5265, .T. ) ;
#942 = VERTEX_POINT ( 'NONE', #5319 ) ;
#943 = ORIENTED_EDGE ( 'NONE', *, *, #944, .F. ) ;
#944 = EDGE_CURVE ( 'NONE', #945, #942, #5318, .T. ) ;
#945 = VERTEX_POINT ( 'NONE', #5314 ) ;
#946 = ORIENTED_EDGE ( 'NONE', *, *, #947, .F. ) ;
#947 = EDGE_CURVE ( 'NONE', #572, #945, #5313, .T. ) ;
#948 = ORIENTED_EDGE ( 'NONE', *, *, #897, .F. ) ;
#949 = ORIENTED_EDGE ( 'NONE', *, *, #950, .F. ) ;
#950 = EDGE_CURVE ( 'NONE', #894, #572, #5308, .T. ) ;
#951 = ADVANCED_FACE ( 'NONE', ( #5304 ), #5351, .F. ) ;
#952 = EDGE_LOOP ( 'NONE', ( #953, #956, #957, #958, #959, #936 ) ) ;
#953 = ORIENTED_EDGE ( 'NONE', *, *, #954, .T. ) ;
#954 = EDGE_CURVE ( 'NONE', #955, #1878, #5346, .T. ) ;
#955 = VERTEX_POINT ( 'NONE', #5342 ) ;
#956 = ORIENTED_EDGE ( 'NONE', *, *, #1877, .T. ) ;
#957 = ORIENTED_EDGE ( 'NONE', *, *, #1751, .T. ) ;
#958 = ORIENTED_EDGE ( 'NONE', *, *, #893, .T. ) ;
#959 = ORIENTED_EDGE ( 'NONE', *, *, #960, .T. ) ;
#960 = EDGE_CURVE ( 'NONE', #894, #961, #5341, .T. ) ;
#961 = VERTEX_POINT ( 'NONE', #5337 ) ;
#962 = EDGE_LOOP ( 'NONE', ( #939, #940, #943, #946, #948, #1002 ) ) ;
#963 = ADVANCED_FACE ( 'NONE', ( #5336 ), #5377, .F. ) ;
#964 = ADVANCED_FACE ( 'NONE', ( #5371 ), #5356, .F. ) ;
#965 = EDGE_LOOP ( 'NONE', ( #966, #967, #969, #970 ) ) ;
#966 = ORIENTED_EDGE ( 'NONE', *, *, #1603, .F. ) ;
#967 = ORIENTED_EDGE ( 'NONE', *, *, #968, .T. ) ;
#968 = EDGE_CURVE ( 'NONE', #1605, #981, #5404, .T. ) ;
#969 = ORIENTED_EDGE ( 'NONE', *, *, #980, .T. ) ;
#970 = ORIENTED_EDGE ( 'NONE', *, *, #971, .T. ) ;
#971 = EDGE_CURVE ( 'NONE', #978, #1597, #5399, .T. ) ;
#972 = ADVANCED_FACE ( 'NONE', ( #5395 ), #5379, .F. ) ;
#973 = EDGE_LOOP ( 'NONE', ( #1030, #1031, #1032, #1033 ) ) ;
#974 = EDGE_CURVE ( 'NONE', #1001, #975, #5437, .T. ) ;
#975 = VERTEX_POINT ( 'NONE', #5433 ) ;
#976 = ORIENTED_EDGE ( 'NONE', *, *, #977, .F. ) ;
#977 = EDGE_CURVE ( 'NONE', #978, #975, #5432, .T. ) ;
#978 = VERTEX_POINT ( 'NONE', #5428 ) ;
#979 = ORIENTED_EDGE ( 'NONE', *, *, #980, .F. ) ;
#980 = EDGE_CURVE ( 'NONE', #981, #978, #5427, .T. ) ;
#981 = VERTEX_POINT ( 'NONE', #5423 ) ;
#982 = ORIENTED_EDGE ( 'NONE', *, *, #983, .T. ) ;
#983 = EDGE_CURVE ( 'NONE', #981, #1001, #5421, .T. ) ;
#984 = ADVANCED_FACE ( 'NONE', ( #5417 ), #5466, .T. ) ;
#985 = EDGE_LOOP ( 'NONE', ( #986, #988, #1040, #1042 ) ) ;
#986 = ORIENTED_EDGE ( 'NONE', *, *, #987, .F. ) ;
#987 = EDGE_CURVE ( 'NONE', #1600, #1001, #5461, .T. ) ;
#988 = ORIENTED_EDGE ( 'NONE', *, *, #1680, .T. ) ;
#989 = EDGE_CURVE ( 'NONE', #955, #942, #5456, .T. ) ;
#990 = ORIENTED_EDGE ( 'NONE', *, *, #937, .F. ) ;
#991 = ORIENTED_EDGE ( 'NONE', *, *, #929, .T. ) ;
#992 = ADVANCED_FACE ( 'NONE', ( #5452 ), #5490, .F. ) ;
#993 = EDGE_LOOP ( 'NONE', ( #994, #995, #996, #997 ) ) ;
#994 = ORIENTED_EDGE ( 'NONE', *, *, #941, .T. ) ;
#995 = ORIENTED_EDGE ( 'NONE', *, *, #1880, .F. ) ;
#996 = ORIENTED_EDGE ( 'NONE', *, *, #954, .F. ) ;
#997 = ORIENTED_EDGE ( 'NONE', *, *, #989, .T. ) ;
#998 = ADVANCED_FACE ( 'NONE', ( #5484 ), #5523, .F. ) ;
#999 = EDGE_LOOP ( 'NONE', ( #1000, #976, #979, #982 ) ) ;
#1000 = ORIENTED_EDGE ( 'NONE', *, *, #974, .T. ) ;
#1001 = VERTEX_POINT ( 'NONE', #5518 ) ;
#1002 = ORIENTED_EDGE ( 'NONE', *, *, #1767, .F. ) ;
#1003 = ORIENTED_EDGE ( 'NONE', *, *, #1017, .T. ) ;
#1004 = ORIENTED_EDGE ( 'NONE', *, *, #1005, .T. ) ;
#1005 = EDGE_CURVE ( 'NONE', #1018, #1006, #5517, .T. ) ;
#1006 = VERTEX_POINT ( 'NONE', #5513 ) ;
#1007 = ORIENTED_EDGE ( 'NONE', *, *, #1008, .T. ) ;
#1008 = EDGE_CURVE ( 'NONE', #1006, #1029, #5511, .T. ) ;
#1009 = ADVANCED_FACE ( 'NONE', ( #5507 ), #5548, .T. ) ;
#1010 = EDGE_LOOP ( 'NONE', ( #1011, #1012, #1069, #1072, #1074, #1075 ) ) ;
#1011 = ORIENTED_EDGE ( 'NONE', *, *, #1895, .F. ) ;
#1012 = ORIENTED_EDGE ( 'NONE', *, *, #1068, .F. ) ;
#1013 = VERTEX_POINT ( 'NONE', #5543 ) ;
#1014 = ADVANCED_FACE ( 'NONE', ( #5542 ), #5526, .F. ) ;
#1015 = EDGE_LOOP ( 'NONE', ( #1016, #1019, #1020, #1023 ) ) ;
#1016 = ORIENTED_EDGE ( 'NONE', *, *, #1017, .F. ) ;
#1017 = EDGE_CURVE ( 'NONE', #1763, #1018, #5578, .T. ) ;
#1018 = VERTEX_POINT ( 'NONE', #5574 ) ;
#1019 = ORIENTED_EDGE ( 'NONE', *, *, #1768, .T. ) ;
#1020 = ORIENTED_EDGE ( 'NONE', *, *, #1021, .T. ) ;
#1021 = EDGE_CURVE ( 'NONE', #1765, #1022, #5573, .T. ) ;
#1022 = VERTEX_POINT ( 'NONE', #5569 ) ;
#1023 = ORIENTED_EDGE ( 'NONE', *, *, #1024, .F. ) ;
#1024 = EDGE_CURVE ( 'NONE', #1018, #1022, #5567, .T. ) ;
#1025 = ADVANCED_FACE ( 'NONE', ( #5563 ), #5606, .F. ) ;
#1026 = EDGE_LOOP ( 'NONE', ( #1027, #1081, #1082, #1003, #1004, #1007 ) ) ;
#1027 = ORIENTED_EDGE ( 'NONE', *, *, #1028, .T. ) ;
#1028 = EDGE_CURVE ( 'NONE', #1029, #1890, #5601, .T. ) ;
#1029 = VERTEX_POINT ( 'NONE', #5597 ) ;
#1030 = ORIENTED_EDGE ( 'NONE', *, *, #1673, .F. ) ;
#1031 = ORIENTED_EDGE ( 'NONE', *, *, #971, .F. ) ;
#1032 = ORIENTED_EDGE ( 'NONE', *, *, #977, .T. ) ;
#1033 = ORIENTED_EDGE ( 'NONE', *, *, #1041, .T. ) ;
#1034 = ADVANCED_FACE ( 'NONE', ( #5596 ), #5634, .F. ) ;
#1035 = EDGE_LOOP ( 'NONE', ( #1036, #1037, #1038, #1039 ) ) ;
#1036 = ORIENTED_EDGE ( 'NONE', *, *, #1601, .F. ) ;
#1037 = ORIENTED_EDGE ( 'NONE', *, *, #987, .T. ) ;
#1038 = ORIENTED_EDGE ( 'NONE', *, *, #983, .F. ) ;
#1039 = ORIENTED_EDGE ( 'NONE', *, *, #968, .F. ) ;
#1040 = ORIENTED_EDGE ( 'NONE', *, *, #1041, .F. ) ;
#1041 = EDGE_CURVE ( 'NONE', #975, #1677, #5628, .T. ) ;
#1042 = ORIENTED_EDGE ( 'NONE', *, *, #974, .F. ) ;
#1043 = ORIENTED_EDGE ( 'NONE', *, *, #1028, .F. ) ;
#1044 = ORIENTED_EDGE ( 'NONE', *, *, #1062, .T. ) ;
#1045 = ADVANCED_FACE ( 'NONE', ( #5624 ), #5609, .F. ) ;
#1046 = EDGE_LOOP ( 'NONE', ( #1047, #1051, #1054, #1109 ) ) ;
#1047 = ORIENTED_EDGE ( 'NONE', *, *, #1048, .T. ) ;
#1048 = EDGE_CURVE ( 'NONE', #1049, #1050, #5664, .T. ) ;
#1049 = VERTEX_POINT ( 'NONE', #5660 ) ;
#1050 = VERTEX_POINT ( 'NONE', #5659 ) ;
#1051 = ORIENTED_EDGE ( 'NONE', *, *, #1052, .F. ) ;
#1052 = EDGE_CURVE ( 'NONE', #1053, #1050, #5658, .T. ) ;
#1053 = VERTEX_POINT ( 'NONE', #5654 ) ;
#1054 = ORIENTED_EDGE ( 'NONE', *, *, #1055, .F. ) ;
#1055 = EDGE_CURVE ( 'NONE', #1108, #1053, #5652, .T. ) ;
#1056 = ORIENTED_EDGE ( 'NONE', *, *, #1005, .F. ) ;
#1057 = ORIENTED_EDGE ( 'NONE', *, *, #1024, .T. ) ;
#1058 = ADVANCED_FACE ( 'NONE', ( #5648 ), #5692, .F. ) ;
#1059 = EDGE_LOOP ( 'NONE', ( #1060, #1061, #1063, #1064 ) ) ;
#1060 = ORIENTED_EDGE ( 'NONE', *, *, #1070, .T. ) ;
#1061 = ORIENTED_EDGE ( 'NONE', *, *, #1062, .F. ) ;
#1062 = EDGE_CURVE ( 'NONE', #1029, #1013, #5686, .T. ) ;
#1063 = ORIENTED_EDGE ( 'NONE', *, *, #1008, .F. ) ;
#1064 = ORIENTED_EDGE ( 'NONE', *, *, #1080, .T. ) ;
#1065 = ADVANCED_FACE ( 'NONE', ( #5682 ), #5725, .F. ) ;
#1066 = EDGE_LOOP ( 'NONE', ( #1067, #1122, #1043, #1044 ) ) ;
#1067 = ORIENTED_EDGE ( 'NONE', *, *, #1068, .T. ) ;
#1068 = EDGE_CURVE ( 'NONE', #1013, #1893, #5720, .T. ) ;
#1069 = ORIENTED_EDGE ( 'NONE', *, *, #1070, .F. ) ;
#1070 = EDGE_CURVE ( 'NONE', #1071, #1013, #5716, .T. ) ;
#1071 = VERTEX_POINT ( 'NONE', #5712 ) ;
#1072 = ORIENTED_EDGE ( 'NONE', *, *, #1073, .F. ) ;
#1073 = EDGE_CURVE ( 'NONE', #1022, #1071, #5710, .T. ) ;
#1074 = ORIENTED_EDGE ( 'NONE', *, *, #1021, .F. ) ;
#1075 = ORIENTED_EDGE ( 'NONE', *, *, #1762, .F. ) ;
#1076 = ADVANCED_FACE ( 'NONE', ( #5706 ), #5749, .F. ) ;
#1077 = EDGE_LOOP ( 'NONE', ( #1078, #1079, #1056, #1057 ) ) ;
#1078 = ORIENTED_EDGE ( 'NONE', *, *, #1073, .T. ) ;
#1079 = ORIENTED_EDGE ( 'NONE', *, *, #1080, .F. ) ;
#1080 = EDGE_CURVE ( 'NONE', #1006, #1071, #5743, .T. ) ;
#1081 = ORIENTED_EDGE ( 'NONE', *, *, #1889, .T. ) ;
#1082 = ORIENTED_EDGE ( 'NONE', *, *, #1685, .T. ) ;
#1083 = ADVANCED_FACE ( 'NONE', ( #5739 ), #5777, .F. ) ;
#1084 = ORIENTED_EDGE ( 'NONE', *, *, #2571, .F. ) ;
#1085 = ORIENTED_EDGE ( 'NONE', *, *, #1114, .T. ) ;
#1086 = ORIENTED_EDGE ( 'NONE', *, *, #1110, .F. ) ;
#1087 = ORIENTED_EDGE ( 'NONE', *, *, #1097, .F. ) ;
#1088 = ADVANCED_FACE ( 'NONE', ( #5771 ), #5756, .F. ) ;
#1089 = EDGE_LOOP ( 'NONE', ( #1090, #1093, #1094, #1151 ) ) ;
#1090 = ORIENTED_EDGE ( 'NONE', *, *, #1091, .F. ) ;
#1091 = EDGE_CURVE ( 'NONE', #1731, #1092, #5810, .T. ) ;
#1092 = VERTEX_POINT ( 'NONE', #5806 ) ;
#1093 = ORIENTED_EDGE ( 'NONE', *, *, #1737, .T. ) ;
#1094 = ORIENTED_EDGE ( 'NONE', *, *, #1095, .T. ) ;
#1095 = EDGE_CURVE ( 'NONE', #1730, #1150, #5805, .T. ) ;
#1096 = ORIENTED_EDGE ( 'NONE', *, *, #1097, .T. ) ;
#1097 = EDGE_CURVE ( 'NONE', #2583, #1108, #5801, .T. ) ;
#1098 = ORIENTED_EDGE ( 'NONE', *, *, #1055, .T. ) ;
#1099 = ORIENTED_EDGE ( 'NONE', *, *, #1100, .T. ) ;
#1100 = EDGE_CURVE ( 'NONE', #1053, #2645, #5796, .T. ) ;
#1101 = ADVANCED_FACE ( 'NONE', ( #5792 ), #5836, .F. ) ;
#1102 = EDGE_LOOP ( 'NONE', ( #1103, #1104, #1105, #1106 ) ) ;
#1103 = ORIENTED_EDGE ( 'NONE', *, *, #2620, .F. ) ;
#1104 = ORIENTED_EDGE ( 'NONE', *, *, #1100, .F. ) ;
#1105 = ORIENTED_EDGE ( 'NONE', *, *, #1052, .T. ) ;
#1106 = ORIENTED_EDGE ( 'NONE', *, *, #1117, .T. ) ;
#1107 = EDGE_LOOP ( 'NONE', ( #1084, #1085, #1086, #1087 ) ) ;
#1108 = VERTEX_POINT ( 'NONE', #5831 ) ;
#1109 = ORIENTED_EDGE ( 'NONE', *, *, #1110, .T. ) ;
#1110 = EDGE_CURVE ( 'NONE', #1108, #1049, #5829, .T. ) ;
#1111 = ADVANCED_FACE ( 'NONE', ( #5825 ), #5865, .T. ) ;
#1112 = EDGE_LOOP ( 'NONE', ( #1113, #1115, #1116, #1118 ) ) ;
#1113 = ORIENTED_EDGE ( 'NONE', *, *, #1114, .F. ) ;
#1114 = EDGE_CURVE ( 'NONE', #2582, #1049, #5860, .T. ) ;
#1115 = ORIENTED_EDGE ( 'NONE', *, *, #2589, .T. ) ;
#1116 = ORIENTED_EDGE ( 'NONE', *, *, #1117, .F. ) ;
#1117 = EDGE_CURVE ( 'NONE', #1050, #2587, #5855, .T. ) ;
#1118 = ORIENTED_EDGE ( 'NONE', *, *, #1048, .F. ) ;
#1119 = ADVANCED_FACE ( 'NONE', ( #5851 ), #5890, .F. ) ;
#1120 = EDGE_LOOP ( 'NONE', ( #1121, #1096, #1098, #1099 ) ) ;
#1121 = ORIENTED_EDGE ( 'NONE', *, *, #2644, .F. ) ;
#1122 = ORIENTED_EDGE ( 'NONE', *, *, #1892, .F. ) ;
#1123 = EDGE_LOOP ( 'NONE', ( #1177, #1181, #1184, #1187 ) ) ;
#1124 = EDGE_CURVE ( 'NONE', #1150, #1148, #5884, .T. ) ;
#1125 = ORIENTED_EDGE ( 'NONE', *, *, #1095, .F. ) ;
#1126 = ORIENTED_EDGE ( 'NONE', *, *, #1732, .F. ) ;
#1127 = ADVANCED_FACE ( 'NONE', ( #5880 ), #5919, .F. ) ;
#1128 = EDGE_LOOP ( 'NONE', ( #1129, #1130, #1132, #1133 ) ) ;
#1129 = ORIENTED_EDGE ( 'NONE', *, *, #1124, .T. ) ;
#1130 = ORIENTED_EDGE ( 'NONE', *, *, #1131, .F. ) ;
#1131 = EDGE_CURVE ( 'NONE', #1137, #1148, #5913, .T. ) ;
#1132 = ORIENTED_EDGE ( 'NONE', *, *, #1136, .F. ) ;
#1133 = ORIENTED_EDGE ( 'NONE', *, *, #1152, .T. ) ;
#1134 = ADVANCED_FACE ( 'NONE', ( #5909 ), #5894, .F. ) ;
#1135 = EDGE_LOOP ( 'NONE', ( #1192, #1193, #1195, #1196 ) ) ;
#1136 = EDGE_CURVE ( 'NONE', #1092, #1137, #5945, .T. ) ;
#1137 = VERTEX_POINT ( 'NONE', #5941 ) ;
#1138 = ORIENTED_EDGE ( 'NONE', *, *, #1139, .T. ) ;
#1139 = EDGE_CURVE ( 'NONE', #1137, #1157, #5939, .T. ) ;
#1140 = ADVANCED_FACE ( 'NONE', ( #5935 ), #5920, .T. ) ;
#1141 = EDGE_LOOP ( 'NONE', ( #1142, #1143, #1146, #1149, #1125, #1126 ) ) ;
#1142 = ORIENTED_EDGE ( 'NONE', *, *, #1976, .F. ) ;
#1143 = ORIENTED_EDGE ( 'NONE', *, *, #1144, .F. ) ;
#1144 = EDGE_CURVE ( 'NONE', #1145, #1974, #5977, .T. ) ;
#1145 = VERTEX_POINT ( 'NONE', #5973 ) ;
#1146 = ORIENTED_EDGE ( 'NONE', *, *, #1147, .F. ) ;
#1147 = EDGE_CURVE ( 'NONE', #1148, #1145, #5972, .T. ) ;
#1148 = VERTEX_POINT ( 'NONE', #5968 ) ;
#1149 = ORIENTED_EDGE ( 'NONE', *, *, #1124, .F. ) ;
#1150 = VERTEX_POINT ( 'NONE', #5967 ) ;
#1151 = ORIENTED_EDGE ( 'NONE', *, *, #1152, .F. ) ;
#1152 = EDGE_CURVE ( 'NONE', #1092, #1150, #5965, .T. ) ;
#1153 = ADVANCED_FACE ( 'NONE', ( #5961 ), #6012, .F. ) ;
#1154 = EDGE_LOOP ( 'NONE', ( #1155, #1158, #1159, #1160, #1161, #1138 ) ) ;
#1155 = ORIENTED_EDGE ( 'NONE', *, *, #1156, .T. ) ;
#1156 = EDGE_CURVE ( 'NONE', #1157, #1902, #6007, .T. ) ;
#1157 = VERTEX_POINT ( 'NONE', #6003 ) ;
#1158 = ORIENTED_EDGE ( 'NONE', *, *, #1901, .T. ) ;
#1159 = ORIENTED_EDGE ( 'NONE', *, *, #1764, .T. ) ;
#1160 = ORIENTED_EDGE ( 'NONE', *, *, #1091, .T. ) ;
#1161 = ORIENTED_EDGE ( 'NONE', *, *, #1136, .T. ) ;
#1162 = ORIENTED_EDGE ( 'NONE', *, *, #1683, .F. ) ;
#1163 = ORIENTED_EDGE ( 'NONE', *, *, #1165, .T. ) ;
#1164 = ORIENTED_EDGE ( 'NONE', *, *, #1188, .F. ) ;
#1165 = EDGE_CURVE ( 'NONE', #1682, #1179, #6002, .T. ) ;
#1166 = ORIENTED_EDGE ( 'NONE', *, *, #1668, .T. ) ;
#1167 = ORIENTED_EDGE ( 'NONE', *, *, #1168, .F. ) ;
#1168 = EDGE_CURVE ( 'NONE', #1180, #1571, #5997, .T. ) ;
#1169 = ORIENTED_EDGE ( 'NONE', *, *, #1178, .F. ) ;
#1170 = ADVANCED_FACE ( 'NONE', ( #5993 ), #6033, .F. ) ;
#1171 = EDGE_LOOP ( 'NONE', ( #1172, #1173, #1175, #1176 ) ) ;
#1172 = ORIENTED_EDGE ( 'NONE', *, *, #1675, .F. ) ;
#1173 = ORIENTED_EDGE ( 'NONE', *, *, #1174, .T. ) ;
#1174 = EDGE_CURVE ( 'NONE', #1678, #1186, #6028, .T. ) ;
#1175 = ORIENTED_EDGE ( 'NONE', *, *, #1185, .T. ) ;
#1176 = ORIENTED_EDGE ( 'NONE', *, *, #1233, .T. ) ;
#1177 = ORIENTED_EDGE ( 'NONE', *, *, #1178, .T. ) ;
#1178 = EDGE_CURVE ( 'NONE', #1179, #1180, #6024, .T. ) ;
#1179 = VERTEX_POINT ( 'NONE', #6020 ) ;
#1180 = VERTEX_POINT ( 'NONE', #6019 ) ;
#1181 = ORIENTED_EDGE ( 'NONE', *, *, #1182, .F. ) ;
#1182 = EDGE_CURVE ( 'NONE', #1183, #1180, #6018, .T. ) ;
#1183 = VERTEX_POINT ( 'NONE', #6014 ) ;
#1184 = ORIENTED_EDGE ( 'NONE', *, *, #1185, .F. ) ;
#1185 = EDGE_CURVE ( 'NONE', #1186, #1183, #6066, .T. ) ;
#1186 = VERTEX_POINT ( 'NONE', #6062 ) ;
#1187 = ORIENTED_EDGE ( 'NONE', *, *, #1188, .T. ) ;
#1188 = EDGE_CURVE ( 'NONE', #1186, #1179, #6060, .T. ) ;
#1189 = ADVANCED_FACE ( 'NONE', ( #6056 ), #6041, .T. ) ;
#1190 = EDGE_LOOP ( 'NONE', ( #1191, #1166, #1167, #1169 ) ) ;
#1191 = ORIENTED_EDGE ( 'NONE', *, *, #1165, .F. ) ;
#1192 = ORIENTED_EDGE ( 'NONE', *, *, #1147, .T. ) ;
#1193 = ORIENTED_EDGE ( 'NONE', *, *, #1194, .F. ) ;
#1194 = EDGE_CURVE ( 'NONE', #1157, #1145, #6099, .T. ) ;
#1195 = ORIENTED_EDGE ( 'NONE', *, *, #1139, .F. ) ;
#1196 = ORIENTED_EDGE ( 'NONE', *, *, #1131, .T. ) ;
#1197 = ADVANCED_FACE ( 'NONE', ( #6095 ), #6080, .F. ) ;
#1198 = EDGE_LOOP ( 'NONE', ( #1199, #1200, #1201, #1202 ) ) ;
#1199 = ORIENTED_EDGE ( 'NONE', *, *, #1144, .T. ) ;
#1200 = ORIENTED_EDGE ( 'NONE', *, *, #1973, .F. ) ;
#1201 = ORIENTED_EDGE ( 'NONE', *, *, #1156, .F. ) ;
#1202 = ORIENTED_EDGE ( 'NONE', *, *, #1194, .T. ) ;
#1203 = ADVANCED_FACE ( 'NONE', ( #6074 ), #6115, .F. ) ;
#1204 = ORIENTED_EDGE ( 'NONE', *, *, #1278, .T. ) ;
#1205 = ORIENTED_EDGE ( 'NONE', *, *, #1206, .T. ) ;
#1206 = EDGE_CURVE ( 'NONE', #1232, #2001, #6110, .T. ) ;
#1207 = ORIENTED_EDGE ( 'NONE', *, *, #2000, .T. ) ;
#1208 = ORIENTED_EDGE ( 'NONE', *, *, #1734, .T. ) ;
#1209 = ORIENTED_EDGE ( 'NONE', *, *, #1222, .T. ) ;
#1210 = ORIENTED_EDGE ( 'NONE', *, *, #1211, .T. ) ;
#1211 = EDGE_CURVE ( 'NONE', #1223, #1212, #6106, .T. ) ;
#1212 = VERTEX_POINT ( 'NONE', #6101 ) ;
#1213 = ORIENTED_EDGE ( 'NONE', *, *, #1214, .T. ) ;
#1214 = EDGE_CURVE ( 'NONE', #1212, #1232, #6156, .T. ) ;
#1215 = ADVANCED_FACE ( 'NONE', ( #6152 ), #6137, .T. ) ;
#1216 = EDGE_LOOP ( 'NONE', ( #1217, #1271, #1274, #1277, #1279, #1280 ) ) ;
#1217 = ORIENTED_EDGE ( 'NONE', *, *, #2006, .F. ) ;
#1218 = ORIENTED_EDGE ( 'NONE', *, *, #1174, .F. ) ;
#1219 = ADVANCED_FACE ( 'NONE', ( #6131 ), #6171, .F. ) ;
#1220 = EDGE_LOOP ( 'NONE', ( #1221, #1224, #1225, #1228 ) ) ;
#1221 = ORIENTED_EDGE ( 'NONE', *, *, #1222, .F. ) ;
#1222 = EDGE_CURVE ( 'NONE', #1739, #1223, #6166, .T. ) ;
#1223 = VERTEX_POINT ( 'NONE', #6162 ) ;
#1224 = ORIENTED_EDGE ( 'NONE', *, *, #1821, .T. ) ;
#1225 = ORIENTED_EDGE ( 'NONE', *, *, #1226, .T. ) ;
#1226 = EDGE_CURVE ( 'NONE', #1736, #1227, #6161, .T. ) ;
#1227 = VERTEX_POINT ( 'NONE', #6157 ) ;
#1228 = ORIENTED_EDGE ( 'NONE', *, *, #1229, .F. ) ;
#1229 = EDGE_CURVE ( 'NONE', #1223, #1227, #6207, .T. ) ;
#1230 = ADVANCED_FACE ( 'NONE', ( #6203 ), #6188, .F. ) ;
#1231 = EDGE_LOOP ( 'NONE', ( #1205, #1207, #1208, #1209, #1210, #1213 ) ) ;
#1232 = VERTEX_POINT ( 'NONE', #6183 ) ;
#1233 = EDGE_CURVE ( 'NONE', #1183, #1670, #6181, .T. ) ;
#1234 = ADVANCED_FACE ( 'NONE', ( #6240 ), #6225, .F. ) ;
#1235 = EDGE_LOOP ( 'NONE', ( #1236, #1237, #1238, #1239 ) ) ;
#1236 = ORIENTED_EDGE ( 'NONE', *, *, #1672, .F. ) ;
#1237 = ORIENTED_EDGE ( 'NONE', *, *, #1233, .F. ) ;
#1238 = ORIENTED_EDGE ( 'NONE', *, *, #1182, .T. ) ;
#1239 = ORIENTED_EDGE ( 'NONE', *, *, #1168, .T. ) ;
#1240 = ADVANCED_FACE ( 'NONE', ( #6219 ), #6260, .F. ) ;
#1241 = EDGE_LOOP ( 'NONE', ( #1162, #1163, #1164, #1218 ) ) ;
#1242 = ADVANCED_FACE ( 'NONE', ( #6254 ), #6289, .F. ) ;
#1243 = ORIENTED_EDGE ( 'NONE', *, *, #1272, .T. ) ;
#1244 = ORIENTED_EDGE ( 'NONE', *, *, #2003, .F. ) ;
#1245 = ORIENTED_EDGE ( 'NONE', *, *, #1206, .F. ) ;
#1246 = ORIENTED_EDGE ( 'NONE', *, *, #1266, .T. ) ;
#1247 = ADVANCED_FACE ( 'NONE', ( #6283 ), #6268, .F. ) ;
#1248 = EDGE_LOOP ( 'NONE', ( #1249, #1253, #1256, #1311 ) ) ;
#1249 = ORIENTED_EDGE ( 'NONE', *, *, #1250, .T. ) ;
#1250 = EDGE_CURVE ( 'NONE', #1251, #1252, #6321, .T. ) ;
#1251 = VERTEX_POINT ( 'NONE', #6317 ) ;
#1252 = VERTEX_POINT ( 'NONE', #6316 ) ;
#1253 = ORIENTED_EDGE ( 'NONE', *, *, #1254, .F. ) ;
#1254 = EDGE_CURVE ( 'NONE', #1255, #1252, #6315, .T. ) ;
#1255 = VERTEX_POINT ( 'NONE', #6311 ) ;
#1256 = ORIENTED_EDGE ( 'NONE', *, *, #1310, .F. ) ;
#1257 = VERTEX_POINT ( 'NONE', #6310 ) ;
#1258 = ORIENTED_EDGE ( 'NONE', *, *, #1259, .F. ) ;
#1259 = EDGE_CURVE ( 'NONE', #1212, #1276, #6308, .T. ) ;
#1260 = ORIENTED_EDGE ( 'NONE', *, *, #1211, .F. ) ;
#1261 = ORIENTED_EDGE ( 'NONE', *, *, #1229, .T. ) ;
#1262 = ADVANCED_FACE ( 'NONE', ( #6304 ), #6347, .F. ) ;
#1263 = EDGE_LOOP ( 'NONE', ( #1264, #1265, #1267, #1268 ) ) ;
#1264 = ORIENTED_EDGE ( 'NONE', *, *, #1275, .T. ) ;
#1265 = ORIENTED_EDGE ( 'NONE', *, *, #1266, .F. ) ;
#1266 = EDGE_CURVE ( 'NONE', #1232, #1273, #6341, .T. ) ;
#1267 = ORIENTED_EDGE ( 'NONE', *, *, #1214, .F. ) ;
#1268 = ORIENTED_EDGE ( 'NONE', *, *, #1259, .T. ) ;
#1269 = ADVANCED_FACE ( 'NONE', ( #6337 ), #6382, .F. ) ;
#1270 = EDGE_LOOP ( 'NONE', ( #1243, #1244, #1245, #1246 ) ) ;
#1271 = ORIENTED_EDGE ( 'NONE', *, *, #1272, .F. ) ;
#1272 = EDGE_CURVE ( 'NONE', #1273, #2004, #6377, .T. ) ;
#1273 = VERTEX_POINT ( 'NONE', #6373 ) ;
#1274 = ORIENTED_EDGE ( 'NONE', *, *, #1275, .F. ) ;
#1275 = EDGE_CURVE ( 'NONE', #1276, #1273, #6372, .T. ) ;
#1276 = VERTEX_POINT ( 'NONE', #6368 ) ;
#1277 = ORIENTED_EDGE ( 'NONE', *, *, #1278, .F. ) ;
#1278 = EDGE_CURVE ( 'NONE', #1227, #1276, #6366, .T. ) ;
#1279 = ORIENTED_EDGE ( 'NONE', *, *, #1226, .F. ) ;
#1280 = ORIENTED_EDGE ( 'NONE', *, *, #1735, .F. ) ;
#1281 = ADVANCED_FACE ( 'NONE', ( #6362 ), #6404, .F. ) ;
#1282 = EDGE_LOOP ( 'NONE', ( #1204, #1258, #1260, #1261 ) ) ;
#1283 = ORIENTED_EDGE ( 'NONE', *, *, #1295, .T. ) ;
#1284 = VERTEX_POINT ( 'NONE', #6399 ) ;
#1285 = ORIENTED_EDGE ( 'NONE', *, *, #1319, .T. ) ;
#1286 = ADVANCED_FACE ( 'NONE', ( #6398 ), #6431, .F. ) ;
#1287 = EDGE_LOOP ( 'NONE', ( #1288, #1289, #1290, #1291 ) ) ;
#1288 = ORIENTED_EDGE ( 'NONE', *, *, #2525, .F. ) ;
#1289 = ORIENTED_EDGE ( 'NONE', *, *, #1316, .T. ) ;
#1290 = ORIENTED_EDGE ( 'NONE', *, *, #1312, .F. ) ;
#1291 = ORIENTED_EDGE ( 'NONE', *, *, #1301, .F. ) ;
#1292 = ADVANCED_FACE ( 'NONE', ( #6426 ), #6411, .F. ) ;
#1293 = EDGE_LOOP ( 'NONE', ( #1294, #1297, #1350, #1353 ) ) ;
#1294 = ORIENTED_EDGE ( 'NONE', *, *, #1295, .F. ) ;
#1295 = EDGE_CURVE ( 'NONE', #1700, #1296, #6406, .T. ) ;
#1296 = VERTEX_POINT ( 'NONE', #6457 ) ;
#1297 = ORIENTED_EDGE ( 'NONE', *, *, #1699, .T. ) ;
#1298 = EDGE_LOOP ( 'NONE', ( #1299, #1300, #1302, #1303 ) ) ;
#1299 = ORIENTED_EDGE ( 'NONE', *, *, #2604, .F. ) ;
#1300 = ORIENTED_EDGE ( 'NONE', *, *, #1301, .T. ) ;
#1301 = EDGE_CURVE ( 'NONE', #2602, #1257, #6456, .T. ) ;
#1302 = ORIENTED_EDGE ( 'NONE', *, *, #1310, .T. ) ;
#1303 = ORIENTED_EDGE ( 'NONE', *, *, #1304, .T. ) ;
#1304 = EDGE_CURVE ( 'NONE', #1255, #2558, #6451, .T. ) ;
#1305 = ADVANCED_FACE ( 'NONE', ( #6447 ), #6490, .F. ) ;
#1306 = EDGE_LOOP ( 'NONE', ( #1307, #1308, #1309, #1285 ) ) ;
#1307 = ORIENTED_EDGE ( 'NONE', *, *, #2580, .F. ) ;
#1308 = ORIENTED_EDGE ( 'NONE', *, *, #1304, .F. ) ;
#1309 = ORIENTED_EDGE ( 'NONE', *, *, #1254, .T. ) ;
#1310 = EDGE_CURVE ( 'NONE', #1257, #1255, #6485, .T. ) ;
#1311 = ORIENTED_EDGE ( 'NONE', *, *, #1312, .T. ) ;
#1312 = EDGE_CURVE ( 'NONE', #1257, #1251, #6480, .T. ) ;
#1313 = ADVANCED_FACE ( 'NONE', ( #6476 ), #6522, .T. ) ;
#1314 = EDGE_LOOP ( 'NONE', ( #1315, #1317, #1318, #1320 ) ) ;
#1315 = ORIENTED_EDGE ( 'NONE', *, *, #1316, .F. ) ;
#1316 = EDGE_CURVE ( 'NONE', #2528, #1251, #6517, .T. ) ;
#1317 = ORIENTED_EDGE ( 'NONE', *, *, #2570, .T. ) ;
#1318 = ORIENTED_EDGE ( 'NONE', *, *, #1319, .F. ) ;
#1319 = EDGE_CURVE ( 'NONE', #1252, #2581, #6513, .T. ) ;
#1320 = ORIENTED_EDGE ( 'NONE', *, *, #1250, .F. ) ;
#1321 = ORIENTED_EDGE ( 'NONE', *, *, #1922, .F. ) ;
#1322 = ORIENTED_EDGE ( 'NONE', *, *, #1358, .F. ) ;
#1323 = ORIENTED_EDGE ( 'NONE', *, *, #1395, .T. ) ;
#1324 = ORIENTED_EDGE ( 'NONE', *, *, #1325, .F. ) ;
#1325 = EDGE_CURVE ( 'NONE', #1352, #1349, #6508, .T. ) ;
#1326 = ORIENTED_EDGE ( 'NONE', *, *, #1351, .F. ) ;
#1327 = ORIENTED_EDGE ( 'NONE', *, *, #1696, .F. ) ;
#1328 = ADVANCED_FACE ( 'NONE', ( #6504 ), #6547, .F. ) ;
#1329 = EDGE_LOOP ( 'NONE', ( #1330, #1331, #1333, #1334 ) ) ;
#1330 = ORIENTED_EDGE ( 'NONE', *, *, #1325, .T. ) ;
#1331 = ORIENTED_EDGE ( 'NONE', *, *, #1332, .F. ) ;
#1332 = EDGE_CURVE ( 'NONE', #1284, #1349, #6541, .T. ) ;
#1333 = ORIENTED_EDGE ( 'NONE', *, *, #1338, .F. ) ;
#1334 = ORIENTED_EDGE ( 'NONE', *, *, #1354, .T. ) ;
#1335 = ADVANCED_FACE ( 'NONE', ( #6537 ), #6576, .F. ) ;
#1336 = EDGE_LOOP ( 'NONE', ( #1393, #1394, #1396, #1397 ) ) ;
#1337 = ORIENTED_EDGE ( 'NONE', *, *, #1338, .T. ) ;
#1338 = EDGE_CURVE ( 'NONE', #1296, #1284, #6571, .T. ) ;
#1339 = ORIENTED_EDGE ( 'NONE', *, *, #1340, .T. ) ;
#1340 = EDGE_CURVE ( 'NONE', #1284, #1359, #6566, .T. ) ;
#1341 = ADVANCED_FACE ( 'NONE', ( #6562 ), #6611, .T. ) ;
#1342 = EDGE_LOOP ( 'NONE', ( #1343, #1344, #1347, #1324, #1326, #1327 ) ) ;
#1343 = ORIENTED_EDGE ( 'NONE', *, *, #1925, .F. ) ;
#1344 = ORIENTED_EDGE ( 'NONE', *, *, #1345, .F. ) ;
#1345 = EDGE_CURVE ( 'NONE', #1346, #1923, #6606, .T. ) ;
#1346 = VERTEX_POINT ( 'NONE', #6602 ) ;
#1347 = ORIENTED_EDGE ( 'NONE', *, *, #1348, .F. ) ;
#1348 = EDGE_CURVE ( 'NONE', #1349, #1346, #6601, .T. ) ;
#1349 = VERTEX_POINT ( 'NONE', #6597 ) ;
#1350 = ORIENTED_EDGE ( 'NONE', *, *, #1351, .T. ) ;
#1351 = EDGE_CURVE ( 'NONE', #1697, #1352, #6596, .T. ) ;
#1352 = VERTEX_POINT ( 'NONE', #6592 ) ;
#1353 = ORIENTED_EDGE ( 'NONE', *, *, #1354, .F. ) ;
#1354 = EDGE_CURVE ( 'NONE', #1296, #1352, #6590, .T. ) ;
#1355 = ADVANCED_FACE ( 'NONE', ( #6586 ), #6632, .F. ) ;
#1356 = EDGE_LOOP ( 'NONE', ( #1357, #1360, #1361, #1283, #1337, #1339 ) ) ;
#1357 = ORIENTED_EDGE ( 'NONE', *, *, #1358, .T. ) ;
#1358 = EDGE_CURVE ( 'NONE', #1359, #2013, #6627, .T. ) ;
#1359 = VERTEX_POINT ( 'NONE', #6623 ) ;
#1360 = ORIENTED_EDGE ( 'NONE', *, *, #2012, .T. ) ;
#1361 = ORIENTED_EDGE ( 'NONE', *, *, #1693, .T. ) ;
#1362 = EDGE_LOOP ( 'NONE', ( #1363, #1364, #1416, #1417 ) ) ;
#1363 = ORIENTED_EDGE ( 'NONE', *, *, #1667, .F. ) ;
#1364 = ORIENTED_EDGE ( 'NONE', *, *, #1366, .T. ) ;
#1365 = ORIENTED_EDGE ( 'NONE', *, *, #1366, .F. ) ;
#1366 = EDGE_CURVE ( 'NONE', #1663, #1381, #6622, .T. ) ;
#1367 = ORIENTED_EDGE ( 'NONE', *, *, #1652, .T. ) ;
#1368 = ORIENTED_EDGE ( 'NONE', *, *, #1369, .F. ) ;
#1369 = EDGE_CURVE ( 'NONE', #1382, #1655, #6617, .T. ) ;
#1370 = ORIENTED_EDGE ( 'NONE', *, *, #1380, .F. ) ;
#1371 = ADVANCED_FACE ( 'NONE', ( #6613 ), #6656, .F. ) ;
#1372 = EDGE_LOOP ( 'NONE', ( #1373, #1374, #1376, #1430 ) ) ;
#1373 = ORIENTED_EDGE ( 'NONE', *, *, #1658, .F. ) ;
#1374 = ORIENTED_EDGE ( 'NONE', *, *, #1375, .T. ) ;
#1375 = EDGE_CURVE ( 'NONE', #1666, #1388, #6650, .T. ) ;
#1376 = ORIENTED_EDGE ( 'NONE', *, *, #1387, .T. ) ;
#1377 = ADVANCED_FACE ( 'NONE', ( #6646 ), #6686, .F. ) ;
#1378 = EDGE_LOOP ( 'NONE', ( #1379, #1383, #1386, #1389 ) ) ;
#1379 = ORIENTED_EDGE ( 'NONE', *, *, #1380, .T. ) ;
#1380 = EDGE_CURVE ( 'NONE', #1381, #1382, #6681, .T. ) ;
#1381 = VERTEX_POINT ( 'NONE', #6677 ) ;
#1382 = VERTEX_POINT ( 'NONE', #6676 ) ;
#1383 = ORIENTED_EDGE ( 'NONE', *, *, #1384, .F. ) ;
#1384 = EDGE_CURVE ( 'NONE', #1385, #1382, #6675, .T. ) ;
#1385 = VERTEX_POINT ( 'NONE', #6671 ) ;
#1386 = ORIENTED_EDGE ( 'NONE', *, *, #1387, .F. ) ;
#1387 = EDGE_CURVE ( 'NONE', #1388, #1385, #6721, .T. ) ;
#1388 = VERTEX_POINT ( 'NONE', #6717 ) ;
#1389 = ORIENTED_EDGE ( 'NONE', *, *, #1390, .T. ) ;
#1390 = EDGE_CURVE ( 'NONE', #1388, #1381, #6715, .T. ) ;
#1391 = ADVANCED_FACE ( 'NONE', ( #6711 ), #6696, .T. ) ;
#1392 = EDGE_LOOP ( 'NONE', ( #1365, #1367, #1368, #1370 ) ) ;
#1393 = ORIENTED_EDGE ( 'NONE', *, *, #1348, .T. ) ;
#1394 = ORIENTED_EDGE ( 'NONE', *, *, #1395, .F. ) ;
#1395 = EDGE_CURVE ( 'NONE', #1359, #1346, #6745, .T. ) ;
#1396 = ORIENTED_EDGE ( 'NONE', *, *, #1340, .F. ) ;
#1397 = ORIENTED_EDGE ( 'NONE', *, *, #1332, .T. ) ;
#1398 = ADVANCED_FACE ( 'NONE', ( #6741 ), #6726, .F. ) ;
#1399 = EDGE_LOOP ( 'NONE', ( #1400, #1321, #1322, #1323 ) ) ;
#1400 = ORIENTED_EDGE ( 'NONE', *, *, #1345, .T. ) ;
#1401 = EDGE_LOOP ( 'NONE', ( #1456, #1457, #1459, #1460 ) ) ;
#1402 = EDGE_LOOP ( 'NONE', ( #1403, #1406, #1407, #1408, #1409, #1412 ) ) ;
#1403 = ORIENTED_EDGE ( 'NONE', *, *, #1404, .T. ) ;
#1404 = EDGE_CURVE ( 'NONE', #1405, #2054, #6777, .T. ) ;
#1405 = VERTEX_POINT ( 'NONE', #6773 ) ;
#1406 = ORIENTED_EDGE ( 'NONE', *, *, #2053, .T. ) ;
#1407 = ORIENTED_EDGE ( 'NONE', *, *, #1689, .T. ) ;
#1408 = ORIENTED_EDGE ( 'NONE', *, *, #1421, .T. ) ;
#1409 = ORIENTED_EDGE ( 'NONE', *, *, #1410, .T. ) ;
#1410 = EDGE_CURVE ( 'NONE', #1422, #1411, #6772, .T. ) ;
#1411 = VERTEX_POINT ( 'NONE', #6768 ) ;
#1412 = ORIENTED_EDGE ( 'NONE', *, *, #1413, .T. ) ;
#1413 = EDGE_CURVE ( 'NONE', #1411, #1405, #6766, .T. ) ;
#1414 = ADVANCED_FACE ( 'NONE', ( #6762 ), #6747, .T. ) ;
#1415 = EDGE_LOOP ( 'NONE', ( #1468, #1469, #1472, #1475, #1477, #1478 ) ) ;
#1416 = ORIENTED_EDGE ( 'NONE', *, *, #1390, .F. ) ;
#1417 = ORIENTED_EDGE ( 'NONE', *, *, #1375, .F. ) ;
#1418 = ADVANCED_FACE ( 'NONE', ( #6799 ), #6784, .F. ) ;
#1419 = EDGE_LOOP ( 'NONE', ( #1420, #1423, #1424, #1427 ) ) ;
#1420 = ORIENTED_EDGE ( 'NONE', *, *, #1421, .F. ) ;
#1421 = EDGE_CURVE ( 'NONE', #1707, #1422, #6779, .T. ) ;
#1422 = VERTEX_POINT ( 'NONE', #6831 ) ;
#1423 = ORIENTED_EDGE ( 'NONE', *, *, #1709, .T. ) ;
#1424 = ORIENTED_EDGE ( 'NONE', *, *, #1425, .T. ) ;
#1425 = EDGE_CURVE ( 'NONE', #2081, #1426, #6830, .T. ) ;
#1426 = VERTEX_POINT ( 'NONE', #6826 ) ;
#1427 = ORIENTED_EDGE ( 'NONE', *, *, #1428, .F. ) ;
#1428 = EDGE_CURVE ( 'NONE', #1422, #1426, #6824, .T. ) ;
#1429 = ADVANCED_FACE ( 'NONE', ( #6820 ), #6805, .F. ) ;
#1430 = ORIENTED_EDGE ( 'NONE', *, *, #1431, .T. ) ;
#1431 = EDGE_CURVE ( 'NONE', #1385, #1659, #6859, .T. ) ;
#1432 = ADVANCED_FACE ( 'NONE', ( #6855 ), #6840, .F. ) ;
#1433 = EDGE_LOOP ( 'NONE', ( #1434, #1435, #1436, #1437 ) ) ;
#1434 = ORIENTED_EDGE ( 'NONE', *, *, #1657, .F. ) ;
#1435 = ORIENTED_EDGE ( 'NONE', *, *, #1431, .F. ) ;
#1436 = ORIENTED_EDGE ( 'NONE', *, *, #1384, .T. ) ;
#1437 = ORIENTED_EDGE ( 'NONE', *, *, #1369, .T. ) ;
#1438 = ADVANCED_FACE ( 'NONE', ( #6839 ), #6875, .F. ) ;
#1439 = ADVANCED_FACE ( 'NONE', ( #6870 ), #6869, .F. ) ;
#1440 = EDGE_LOOP ( 'NONE', ( #1441, #1442, #1503, #1504 ) ) ;
#1441 = ORIENTED_EDGE ( 'NONE', *, *, #2692, .T. ) ;
#1442 = ORIENTED_EDGE ( 'NONE', *, *, #1443, .T. ) ;
#1443 = EDGE_CURVE ( 'NONE', #2683, #2320, #6919, .T. ) ;
#1444 = ADVANCED_FACE ( 'NONE', ( #6915 ), #6900, .F. ) ;
#1445 = EDGE_LOOP ( 'NONE', ( #1446, #1447, #1448, #1449 ) ) ;
#1446 = ORIENTED_EDGE ( 'NONE', *, *, #1470, .T. ) ;
#1447 = ORIENTED_EDGE ( 'NONE', *, *, #1967, .F. ) ;
#1448 = ORIENTED_EDGE ( 'NONE', *, *, #1404, .F. ) ;
#1449 = ORIENTED_EDGE ( 'NONE', *, *, #1465, .T. ) ;
#1450 = ADVANCED_FACE ( 'NONE', ( #6895 ), #6894, .F. ) ;
#1451 = EDGE_LOOP ( 'NONE', ( #1452, #1453, #1455, #1516 ) ) ;
#1452 = ORIENTED_EDGE ( 'NONE', *, *, #1562, .T. ) ;
#1453 = ORIENTED_EDGE ( 'NONE', *, *, #1454, .T. ) ;
#1454 = EDGE_CURVE ( 'NONE', #1637, #2351, #6949, .T. ) ;
#1455 = ORIENTED_EDGE ( 'NONE', *, *, #2350, .T. ) ;
#1456 = ORIENTED_EDGE ( 'NONE', *, *, #1476, .T. ) ;
#1457 = ORIENTED_EDGE ( 'NONE', *, *, #1458, .F. ) ;
#1458 = EDGE_CURVE ( 'NONE', #1411, #1474, #6944, .T. ) ;
#1459 = ORIENTED_EDGE ( 'NONE', *, *, #1410, .F. ) ;
#1460 = ORIENTED_EDGE ( 'NONE', *, *, #1428, .T. ) ;
#1461 = ADVANCED_FACE ( 'NONE', ( #6940 ), #6925, .F. ) ;
#1462 = EDGE_LOOP ( 'NONE', ( #1463, #1464, #1466, #1467 ) ) ;
#1463 = ORIENTED_EDGE ( 'NONE', *, *, #1473, .T. ) ;
#1464 = ORIENTED_EDGE ( 'NONE', *, *, #1465, .F. ) ;
#1465 = EDGE_CURVE ( 'NONE', #1405, #1471, #6982, .T. ) ;
#1466 = ORIENTED_EDGE ( 'NONE', *, *, #1413, .F. ) ;
#1467 = ORIENTED_EDGE ( 'NONE', *, *, #1458, .T. ) ;
#1468 = ORIENTED_EDGE ( 'NONE', *, *, #1970, .F. ) ;
#1469 = ORIENTED_EDGE ( 'NONE', *, *, #1470, .F. ) ;
#1470 = EDGE_CURVE ( 'NONE', #1471, #1968, #6978, .T. ) ;
#1471 = VERTEX_POINT ( 'NONE', #6974 ) ;
#1472 = ORIENTED_EDGE ( 'NONE', *, *, #1473, .F. ) ;
#1473 = EDGE_CURVE ( 'NONE', #1474, #1471, #6973, .T. ) ;
#1474 = VERTEX_POINT ( 'NONE', #6969 ) ;
#1475 = ORIENTED_EDGE ( 'NONE', *, *, #1476, .F. ) ;
#1476 = EDGE_CURVE ( 'NONE', #1426, #1474, #6967, .T. ) ;
#1477 = ORIENTED_EDGE ( 'NONE', *, *, #1425, .F. ) ;
#1478 = ORIENTED_EDGE ( 'NONE', *, *, #2062, .F. ) ;
#1479 = ADVANCED_FACE ( 'NONE', ( #6963 ), #7008, .F. ) ;
#1480 = ORIENTED_EDGE ( 'NONE', *, *, #1499, .F. ) ;
#1481 = ORIENTED_EDGE ( 'NONE', *, *, #1567, .F. ) ;
#1482 = ORIENTED_EDGE ( 'NONE', *, *, #1483, .T. ) ;
#1483 = EDGE_CURVE ( 'NONE', #1728, #2332, #7003, .T. ) ;
#1484 = ADVANCED_FACE ( 'NONE', ( #6999 ), #6998, .F. ) ;
#1485 = EDGE_LOOP ( 'NONE', ( #1486, #1487, #1488, #1489 ) ) ;
#1486 = ORIENTED_EDGE ( 'NONE', *, *, #2334, .T. ) ;
#1487 = ORIENTED_EDGE ( 'NONE', *, *, #1483, .F. ) ;
#1488 = ORIENTED_EDGE ( 'NONE', *, *, #1641, .F. ) ;
#1489 = ORIENTED_EDGE ( 'NONE', *, *, #1490, .T. ) ;
#1490 = EDGE_CURVE ( 'NONE', #1642, #2335, #6993, .T. ) ;
#1491 = ORIENTED_EDGE ( 'NONE', *, *, #2678, .F. ) ;
#1492 = ORIENTED_EDGE ( 'NONE', *, *, #2043, .T. ) ;
#1493 = ADVANCED_FACE ( 'NONE', ( #6989 ), #6988, .F. ) ;
#1494 = EDGE_LOOP ( 'NONE', ( #1495, #1496, #1497, #1498 ) ) ;
#1495 = ORIENTED_EDGE ( 'NONE', *, *, #2328, .T. ) ;
#1496 = ORIENTED_EDGE ( 'NONE', *, *, #2562, .F. ) ;
#1497 = ORIENTED_EDGE ( 'NONE', *, *, #1565, .F. ) ;
#1498 = ORIENTED_EDGE ( 'NONE', *, *, #1499, .T. ) ;
#1499 = EDGE_CURVE ( 'NONE', #1568, #2329, #6983, .T. ) ;
#1500 = ADVANCED_FACE ( 'NONE', ( #7041 ), #7040, .F. ) ;
#1501 = EDGE_LOOP ( 'NONE', ( #1502, #1480, #1481, #1482 ) ) ;
#1502 = ORIENTED_EDGE ( 'NONE', *, *, #2331, .T. ) ;
#1503 = ORIENTED_EDGE ( 'NONE', *, *, #2319, .T. ) ;
#1504 = ORIENTED_EDGE ( 'NONE', *, *, #2049, .F. ) ;
#1505 = ADVANCED_FACE ( 'NONE', ( #7035 ), #7034, .F. ) ;
#1506 = EDGE_LOOP ( 'NONE', ( #1507, #1508, #1509, #1510 ) ) ;
#1507 = ORIENTED_EDGE ( 'NONE', *, *, #2675, .T. ) ;
#1508 = ORIENTED_EDGE ( 'NONE', *, *, #2077, .T. ) ;
#1509 = ORIENTED_EDGE ( 'NONE', *, *, #2322, .T. ) ;
#1510 = ORIENTED_EDGE ( 'NONE', *, *, #1443, .F. ) ;
#1511 = ADVANCED_FACE ( 'NONE', ( #7029 ), #7028, .F. ) ;
#1512 = EDGE_LOOP ( 'NONE', ( #1513, #1514, #1491, #1492 ) ) ;
#1513 = ORIENTED_EDGE ( 'NONE', *, *, #2316, .T. ) ;
#1514 = ORIENTED_EDGE ( 'NONE', *, *, #1515, .F. ) ;
#1515 = EDGE_CURVE ( 'NONE', #2681, #2314, #7023, .T. ) ;
#1516 = ORIENTED_EDGE ( 'NONE', *, *, #2490, .F. ) ;
#1517 = ADVANCED_FACE ( 'NONE', ( #7019 ), #7018, .F. ) ;
#1518 = ORIENTED_EDGE ( 'NONE', *, *, #2072, .F. ) ;
#1519 = ORIENTED_EDGE ( 'NONE', *, *, #1520, .T. ) ;
#1520 = EDGE_CURVE ( 'NONE', #2070, #2312, #7013, .T. ) ;
#1521 = ADVANCED_FACE ( 'NONE', ( #7078 ), #7077, .F. ) ;
#1522 = EDGE_LOOP ( 'NONE', ( #1523, #1524, #1525, #1526 ) ) ;
#1523 = ORIENTED_EDGE ( 'NONE', *, *, #2380, .T. ) ;
#1524 = ORIENTED_EDGE ( 'NONE', *, *, #1520, .F. ) ;
#1525 = ORIENTED_EDGE ( 'NONE', *, *, #2075, .F. ) ;
#1526 = ORIENTED_EDGE ( 'NONE', *, *, #1527, .T. ) ;
#1527 = EDGE_CURVE ( 'NONE', #1952, #2381, #7072, .T. ) ;
#1528 = ADVANCED_FACE ( 'NONE', ( #7068 ), #7067, .F. ) ;
#1529 = EDGE_LOOP ( 'NONE', ( #1530, #1585, #1586, #1587 ) ) ;
#1530 = ORIENTED_EDGE ( 'NONE', *, *, #2383, .T. ) ;
#1531 = EDGE_CURVE ( 'NONE', #1644, #2341, #7062, .T. ) ;
#1532 = ADVANCED_FACE ( 'NONE', ( #7058 ), #7057, .F. ) ;
#1533 = EDGE_LOOP ( 'NONE', ( #1534, #1535, #1536, #1537 ) ) ;
#1534 = ORIENTED_EDGE ( 'NONE', *, *, #2313, .T. ) ;
#1535 = ORIENTED_EDGE ( 'NONE', *, *, #1531, .F. ) ;
#1536 = ORIENTED_EDGE ( 'NONE', *, *, #1643, .F. ) ;
#1537 = ORIENTED_EDGE ( 'NONE', *, *, #1515, .T. ) ;
#1538 = ADVANCED_FACE ( 'NONE', ( #7052 ), #7051, .F. ) ;
#1539 = EDGE_LOOP ( 'NONE', ( #1540, #1541, #1518, #1519 ) ) ;
#1540 = ORIENTED_EDGE ( 'NONE', *, *, #2311, .T. ) ;
#1541 = ORIENTED_EDGE ( 'NONE', *, *, #2017, .F. ) ;
#1542 = ADVANCED_FACE ( 'NONE', ( #7046 ), #7045, .F. ) ;
#1543 = EDGE_LOOP ( 'NONE', ( #1544, #1545, #1546, #1547 ) ) ;
#1544 = ORIENTED_EDGE ( 'NONE', *, *, #2337, .T. ) ;
#1545 = ORIENTED_EDGE ( 'NONE', *, *, #1490, .F. ) ;
#1546 = ORIENTED_EDGE ( 'NONE', *, *, #1727, .F. ) ;
#1547 = ORIENTED_EDGE ( 'NONE', *, *, #1548, .T. ) ;
#1548 = EDGE_CURVE ( 'NONE', #1645, #2338, #7107, .T. ) ;
#1549 = ADVANCED_FACE ( 'NONE', ( #7103 ), #7102, .F. ) ;
#1550 = EDGE_LOOP ( 'NONE', ( #1551, #1552, #1553, #1554 ) ) ;
#1551 = ORIENTED_EDGE ( 'NONE', *, *, #2340, .T. ) ;
#1552 = ORIENTED_EDGE ( 'NONE', *, *, #1548, .F. ) ;
#1553 = ORIENTED_EDGE ( 'NONE', *, *, #1647, .F. ) ;
#1554 = ORIENTED_EDGE ( 'NONE', *, *, #1531, .T. ) ;
#1555 = EDGE_CURVE ( 'NONE', #1569, #1556, #7097, .T. ) ;
#1556 = VERTEX_POINT ( 'NONE', #7093 ) ;
#1557 = EDGE_CURVE ( 'NONE', #1560, #1559, #7092, .T. ) ;
#1558 = ORIENTED_EDGE ( 'NONE', *, *, #1627, .T. ) ;
#1559 = VERTEX_POINT ( 'NONE', #7088 ) ;
#1560 = VERTEX_POINT ( 'NONE', #7087 ) ;
#1561 = ORIENTED_EDGE ( 'NONE', *, *, #1562, .F. ) ;
#1562 = EDGE_CURVE ( 'NONE', #2686, #1637, #7086, .T. ) ;
#1563 = ORIENTED_EDGE ( 'NONE', *, *, #1557, .T. ) ;
#1564 = ORIENTED_EDGE ( 'NONE', *, *, #1565, .T. ) ;
#1565 = EDGE_CURVE ( 'NONE', #1568, #1569, #7082, .T. ) ;
#1566 = ORIENTED_EDGE ( 'NONE', *, *, #1555, .T. ) ;
#1567 = EDGE_CURVE ( 'NONE', #1728, #1568, #7139, .T. ) ;
#1568 = VERTEX_POINT ( 'NONE', #7135 ) ;
#1569 = VERTEX_POINT ( 'NONE', #7134 ) ;
#1570 = ORIENTED_EDGE ( 'NONE', *, *, #1598, .F. ) ;
#1571 = VERTEX_POINT ( 'NONE', #7133 ) ;
#1572 = ORIENTED_EDGE ( 'NONE', *, *, #1567, .T. ) ;
#1573 = CLOSED_SHELL ( 'NONE', ( #1505, #2287, #2566, #1439, #2526, #2239, #2483, #2482, #2432, #58, #2559, #1521, #2297, #1579, #2100, #65, #2253, #2092, #1517, #102, #2118, #2472, #2036, #2173, #1500, #1588, #75, #1538, #2437, #1484, #1450, #1595, #1511, #1549, #1542, #1493, #1528, #1532, #84, #2365, #1371, #771, #379, #706, #963, #830, #697, #972, #9418, #841, #454, #1305, #1286, #984, #903, #370, #9479, #1119, #1240, #964, #911, #431, #511, #501, #1101, #782, #640, #1170, #9398, #919, #1242, #1034, #442, #9512, #703, #1111, #1391, #1432, #568, #1438, #1189, #1234, #580, #629, #713, #1083, #495, #1313, #135, #93, #2139, #1715, #2128, #1929, #2050, #2360, #2191, #27, #2262, #2195, #96, #2163, #2215, #2147, #186, #179, #130, #170, #147, #156, #164, #176, #2231, #20, #35, #288, #387, #357, #1653, #281, #212, #2107, #258, #2458, #2494, #2521, #2413, #2500, #2512, #2450, #1377, #795, #392, #719, #844, #998, #9395, #517, #1247, #1045, #1203, #593, #303, #363, #485, #747, #1219, #1215, #437, #1088, #1355, #1429, #224, #807, #1230, #491, #299, #1009, #1414, #822, #1014, #1418, #1025, #556, #619, #560, #1140, #9444, #836, #9422, #733, #951, #9407, #421, #684, #763, #938, #1153, #1292, #1341, #287, #635, #890, #588, #865, #343, #1269, #1197, #662, #1444, #1398, #992, #462, #9494, #789, #1065, #269, #9502, #239, #192, #8, #290, #405, #251, #316, #472, #479, #728, #801, #1281, #1262, #1127, #1335, #1328, #1479, #1461, #9490, #858, #875, #542, #604, #1076, #1058, #655, #672, #1134, #9456, #9484, #925, #932 ) ) ;
#1574 = ORIENTED_EDGE ( 'NONE', *, *, #2269, .T. ) ;
#1575 = ORIENTED_EDGE ( 'NONE', *, *, #1594, .F. ) ;
#1576 = ORIENTED_EDGE ( 'NONE', *, *, #1932, .F. ) ;
#1577 = ORIENTED_EDGE ( 'NONE', *, *, #1578, .T. ) ;
#1578 = EDGE_CURVE ( 'NONE', #1933, #2270, #7132, .T. ) ;
#1579 = ADVANCED_FACE ( 'NONE', ( #7128 ), #7127, .F. ) ;
#1580 = EDGE_LOOP ( 'NONE', ( #1581, #1582, #1583, #1584 ) ) ;
#1581 = ORIENTED_EDGE ( 'NONE', *, *, #2272, .T. ) ;
#1582 = ORIENTED_EDGE ( 'NONE', *, *, #1578, .F. ) ;
#1583 = ORIENTED_EDGE ( 'NONE', *, *, #2524, .F. ) ;
#1584 = ORIENTED_EDGE ( 'NONE', *, *, #2304, .T. ) ;
#1585 = ORIENTED_EDGE ( 'NONE', *, *, #1527, .F. ) ;
#1586 = ORIENTED_EDGE ( 'NONE', *, *, #1951, .F. ) ;
#1587 = ORIENTED_EDGE ( 'NONE', *, *, #2260, .T. ) ;
#1588 = ADVANCED_FACE ( 'NONE', ( #7122 ), #7121, .F. ) ;
#1589 = EDGE_LOOP ( 'NONE', ( #1590, #1591, #1592, #1593 ) ) ;
#1590 = ORIENTED_EDGE ( 'NONE', *, *, #2267, .T. ) ;
#1591 = ORIENTED_EDGE ( 'NONE', *, *, #2085, .F. ) ;
#1592 = ORIENTED_EDGE ( 'NONE', *, *, #1936, .F. ) ;
#1593 = ORIENTED_EDGE ( 'NONE', *, *, #1594, .T. ) ;
#1594 = EDGE_CURVE ( 'NONE', #1934, #2290, #7116, .T. ) ;
#1595 = ADVANCED_FACE ( 'NONE', ( #7112 ), #7174, .F. ) ;
#1596 = EDGE_LOOP ( 'NONE', ( #1574, #1575, #1576, #1577 ) ) ;
#1597 = VERTEX_POINT ( 'NONE', #7169 ) ;
#1598 = EDGE_CURVE ( 'NONE', #1608, #1616, #7168, .T. ) ;
#1599 = EDGE_LOOP ( 'NONE', ( #1604, #1602, #1676, #1679 ) ) ;
#1600 = VERTEX_POINT ( 'NONE', #7164 ) ;
#1601 = EDGE_CURVE ( 'NONE', #1600, #1605, #7163, .T. ) ;
#1602 = ORIENTED_EDGE ( 'NONE', *, *, #1603, .T. ) ;
#1603 = EDGE_CURVE ( 'NONE', #1605, #1597, #7159, .T. ) ;
#1604 = ORIENTED_EDGE ( 'NONE', *, *, #1601, .T. ) ;
#1605 = VERTEX_POINT ( 'NONE', #7155 ) ;
#1606 = EDGE_LOOP ( 'NONE', ( #1607, #1610, #1618, #1570 ) ) ;
#1607 = ORIENTED_EDGE ( 'NONE', *, *, #1609, .T. ) ;
#1608 = VERTEX_POINT ( 'NONE', #7154 ) ;
#1609 = EDGE_CURVE ( 'NONE', #1608, #1613, #7153, .T. ) ;
#1610 = ORIENTED_EDGE ( 'NONE', *, *, #1611, .T. ) ;
#1611 = EDGE_CURVE ( 'NONE', #1613, #1617, #7149, .T. ) ;
#1612 = VERTEX_POINT ( 'NONE', #7145 ) ;
#1613 = VERTEX_POINT ( 'NONE', #7144 ) ;
#1614 = ORIENTED_EDGE ( 'NONE', *, *, #1615, .F. ) ;
#1615 = EDGE_CURVE ( 'NONE', #1632, #1612, #7143, .T. ) ;
#1616 = VERTEX_POINT ( 'NONE', #7205 ) ;
#1617 = VERTEX_POINT ( 'NONE', #7204 ) ;
#1618 = ORIENTED_EDGE ( 'NONE', *, *, #1619, .T. ) ;
#1619 = EDGE_CURVE ( 'NONE', #1617, #1616, #7203, .T. ) ;
#1620 = EDGE_CURVE ( 'NONE', #1631, #1621, #7199, .T. ) ;
#1621 = VERTEX_POINT ( 'NONE', #7195 ) ;
#1622 = ORIENTED_EDGE ( 'NONE', *, *, #1623, .T. ) ;
#1623 = EDGE_CURVE ( 'NONE', #1621, #1612, #7194, .T. ) ;
#1624 = ORIENTED_EDGE ( 'NONE', *, *, #1620, .T. ) ;
#1625 = ORIENTED_EDGE ( 'NONE', *, *, #1630, .F. ) ;
#1626 = VERTEX_POINT ( 'NONE', #7190 ) ;
#1627 = EDGE_CURVE ( 'NONE', #1559, #1628, #7189, .T. ) ;
#1628 = VERTEX_POINT ( 'NONE', #7185 ) ;
#1629 = EDGE_LOOP ( 'NONE', ( #1635, #1624, #1622, #1614 ) ) ;
#1630 = EDGE_CURVE ( 'NONE', #1560, #1626, #7184, .T. ) ;
#1631 = VERTEX_POINT ( 'NONE', #7180 ) ;
#1632 = VERTEX_POINT ( 'NONE', #7179 ) ;
#1633 = ORIENTED_EDGE ( 'NONE', *, *, #1634, .T. ) ;
#1634 = EDGE_CURVE ( 'NONE', #1628, #1626, #7178, .T. ) ;
#1635 = ORIENTED_EDGE ( 'NONE', *, *, #1636, .T. ) ;
#1636 = EDGE_CURVE ( 'NONE', #1632, #1631, #7236, .T. ) ;
#1637 = VERTEX_POINT ( 'NONE', #7232 ) ;
#1638 = EDGE_LOOP ( 'NONE', ( #1563, #1558, #1633, #1625 ) ) ;
#1639 = ORIENTED_EDGE ( 'NONE', *, *, #1640, .F. ) ;
#1640 = EDGE_CURVE ( 'NONE', #1637, #1556, #7231, .T. ) ;
#1641 = EDGE_CURVE ( 'NONE', #1642, #1728, #7227, .T. ) ;
#1642 = VERTEX_POINT ( 'NONE', #7223 ) ;
#1643 = EDGE_CURVE ( 'NONE', #2681, #1644, #7222, .T. ) ;
#1644 = VERTEX_POINT ( 'NONE', #7218 ) ;
#1645 = VERTEX_POINT ( 'NONE', #7217 ) ;
#1646 = ORIENTED_EDGE ( 'NONE', *, *, #1647, .T. ) ;
#1647 = EDGE_CURVE ( 'NONE', #1644, #1645, #7216, .T. ) ;
#1648 = ORIENTED_EDGE ( 'NONE', *, *, #1727, .T. ) ;
#1649 = ORIENTED_EDGE ( 'NONE', *, *, #1652, .F. ) ;
#1650 = ORIENTED_EDGE ( 'NONE', *, *, #1651, .T. ) ;
#1651 = EDGE_CURVE ( 'NONE', #1661, #1660, #7212, .T. ) ;
#1652 = EDGE_CURVE ( 'NONE', #1663, #1655, #7207, .T. ) ;
#1653 = ADVANCED_FACE ( 'NONE', ( #7261 ), #7246, .F. ) ;
#1654 = EDGE_LOOP ( 'NONE', ( #1650, #1721, #1714, #1711 ) ) ;
#1655 = VERTEX_POINT ( 'NONE', #7241 ) ;
#1656 = ORIENTED_EDGE ( 'NONE', *, *, #1657, .T. ) ;
#1657 = EDGE_CURVE ( 'NONE', #1659, #1655, #7240, .T. ) ;
#1658 = EDGE_CURVE ( 'NONE', #1666, #1659, #7295, .T. ) ;
#1659 = VERTEX_POINT ( 'NONE', #7291 ) ;
#1660 = VERTEX_POINT ( 'NONE', #7290 ) ;
#1661 = VERTEX_POINT ( 'NONE', #7289 ) ;
#1662 = ORIENTED_EDGE ( 'NONE', *, *, #1658, .T. ) ;
#1663 = VERTEX_POINT ( 'NONE', #7288 ) ;
#1664 = ORIENTED_EDGE ( 'NONE', *, *, #1667, .T. ) ;
#1665 = EDGE_LOOP ( 'NONE', ( #1664, #1662, #1656, #1649 ) ) ;
#1666 = VERTEX_POINT ( 'NONE', #7287 ) ;
#1667 = EDGE_CURVE ( 'NONE', #1663, #1666, #7286, .T. ) ;
#1668 = EDGE_CURVE ( 'NONE', #1682, #1571, #7282, .T. ) ;
#1669 = ORIENTED_EDGE ( 'NONE', *, *, #1668, .F. ) ;
#1670 = VERTEX_POINT ( 'NONE', #7278 ) ;
#1671 = ORIENTED_EDGE ( 'NONE', *, *, #1672, .T. ) ;
#1672 = EDGE_CURVE ( 'NONE', #1670, #1571, #7277, .T. ) ;
#1673 = EDGE_CURVE ( 'NONE', #1597, #1677, #7273, .T. ) ;
#1674 = EDGE_LOOP ( 'NONE', ( #1681, #1684, #1671, #1669 ) ) ;
#1675 = EDGE_CURVE ( 'NONE', #1678, #1670, #7269, .T. ) ;
#1676 = ORIENTED_EDGE ( 'NONE', *, *, #1673, .T. ) ;
#1677 = VERTEX_POINT ( 'NONE', #7265 ) ;
#1678 = VERTEX_POINT ( 'NONE', #7264 ) ;
#1679 = ORIENTED_EDGE ( 'NONE', *, *, #1680, .F. ) ;
#1680 = EDGE_CURVE ( 'NONE', #1600, #1677, #7327, .T. ) ;
#1681 = ORIENTED_EDGE ( 'NONE', *, *, #1683, .T. ) ;
#1682 = VERTEX_POINT ( 'NONE', #7323 ) ;
#1683 = EDGE_CURVE ( 'NONE', #1682, #1678, #7322, .T. ) ;
#1684 = ORIENTED_EDGE ( 'NONE', *, *, #1675, .T. ) ;
#1685 = EDGE_CURVE ( 'NONE', #1886, #1763, #7318, .T. ) ;
#1686 = VERTEX_POINT ( 'NONE', #7314 ) ;
#1687 = ORIENTED_EDGE ( 'NONE', *, *, #1751, .F. ) ;
#1688 = ORIENTED_EDGE ( 'NONE', *, *, #1689, .F. ) ;
#1689 = EDGE_CURVE ( 'NONE', #2055, #1707, #7313, .T. ) ;
#1690 = ORIENTED_EDGE ( 'NONE', *, *, #1928, .F. ) ;
#1691 = ORIENTED_EDGE ( 'NONE', *, *, #2127, .F. ) ;
#1692 = ORIENTED_EDGE ( 'NONE', *, *, #1735, .T. ) ;
#1693 = EDGE_CURVE ( 'NONE', #2010, #1700, #7309, .T. ) ;
#1694 = ORIENTED_EDGE ( 'NONE', *, *, #1693, .F. ) ;
#1695 = ORIENTED_EDGE ( 'NONE', *, *, #1696, .T. ) ;
#1696 = EDGE_CURVE ( 'NONE', #1926, #1697, #7305, .T. ) ;
#1697 = VERTEX_POINT ( 'NONE', #7301 ) ;
#1698 = ORIENTED_EDGE ( 'NONE', *, *, #1699, .F. ) ;
#1699 = EDGE_CURVE ( 'NONE', #1700, #1697, #7300, .T. ) ;
#1700 = VERTEX_POINT ( 'NONE', #7296 ) ;
#1701 = ORIENTED_EDGE ( 'NONE', *, *, #2009, .F. ) ;
#1702 = EDGE_CURVE ( 'NONE', #1958, #1704, #7360, .T. ) ;
#1703 = ORIENTED_EDGE ( 'NONE', *, *, #2669, .F. ) ;
#1704 = VERTEX_POINT ( 'NONE', #7356 ) ;
#1705 = EDGE_LOOP ( 'NONE', ( #243, #247, #9507, #9504 ) ) ;
#1706 = ORIENTED_EDGE ( 'NONE', *, *, #302, .T. ) ;
#1707 = VERTEX_POINT ( 'NONE', #7355 ) ;
#1708 = ORIENTED_EDGE ( 'NONE', *, *, #1709, .F. ) ;
#1709 = EDGE_CURVE ( 'NONE', #1707, #2081, #7354, .T. ) ;
#1710 = EDGE_CURVE ( 'NONE', #1660, #1909, #7350, .T. ) ;
#1711 = ORIENTED_EDGE ( 'NONE', *, *, #1712, .F. ) ;
#1712 = EDGE_CURVE ( 'NONE', #1661, #1905, #7346, .T. ) ;
#1713 = EDGE_LOOP ( 'NONE', ( #1716, #1720, #1724, #1691 ) ) ;
#1714 = ORIENTED_EDGE ( 'NONE', *, *, #1903, .T. ) ;
#1715 = ADVANCED_FACE ( 'NONE', ( #7342 ), #7341, .T. ) ;
#1716 = ORIENTED_EDGE ( 'NONE', *, *, #1717, .F. ) ;
#1717 = EDGE_CURVE ( 'NONE', #1718, #1719, #7336, .T. ) ;
#1718 = VERTEX_POINT ( 'NONE', #7332 ) ;
#1719 = VERTEX_POINT ( 'NONE', #7331 ) ;
#1720 = ORIENTED_EDGE ( 'NONE', *, *, #1722, .T. ) ;
#1721 = ORIENTED_EDGE ( 'NONE', *, *, #1710, .T. ) ;
#1722 = EDGE_CURVE ( 'NONE', #1718, #1723, #7330, .T. ) ;
#1723 = VERTEX_POINT ( 'NONE', #7391 ) ;
#1724 = ORIENTED_EDGE ( 'NONE', *, *, #1725, .T. ) ;
#1725 = EDGE_CURVE ( 'NONE', #1723, #1726, #7390, .T. ) ;
#1726 = VERTEX_POINT ( 'NONE', #7386 ) ;
#1727 = EDGE_CURVE ( 'NONE', #1645, #1642, #7385, .T. ) ;
#1728 = VERTEX_POINT ( 'NONE', #7381 ) ;
#1729 = ORIENTED_EDGE ( 'NONE', *, *, #1641, .T. ) ;
#1730 = VERTEX_POINT ( 'NONE', #7380 ) ;
#1731 = VERTEX_POINT ( 'NONE', #7379 ) ;
#1732 = EDGE_CURVE ( 'NONE', #1977, #1730, #7378, .T. ) ;
#1733 = ORIENTED_EDGE ( 'NONE', *, *, #1737, .F. ) ;
#1734 = EDGE_CURVE ( 'NONE', #1980, #1739, #7374, .T. ) ;
#1735 = EDGE_CURVE ( 'NONE', #2007, #1736, #7370, .T. ) ;
#1736 = VERTEX_POINT ( 'NONE', #7366 ) ;
#1737 = EDGE_CURVE ( 'NONE', #1731, #1730, #7365, .T. ) ;
#1738 = ORIENTED_EDGE ( 'NONE', *, *, #1821, .F. ) ;
#1739 = VERTEX_POINT ( 'NONE', #7361 ) ;
#1740 = ORIENTED_EDGE ( 'NONE', *, *, #1989, .F. ) ;
#1741 = ORIENTED_EDGE ( 'NONE', *, *, #1960, .F. ) ;
#1742 = EDGE_CURVE ( 'NONE', #1961, #1745, #7424, .T. ) ;
#1743 = ORIENTED_EDGE ( 'NONE', *, *, #1742, .F. ) ;
#1744 = EDGE_CURVE ( 'NONE', #1745, #1750, #7420, .T. ) ;
#1745 = VERTEX_POINT ( 'NONE', #7416 ) ;
#1746 = ORIENTED_EDGE ( 'NONE', *, *, #1749, .T. ) ;
#1747 = ORIENTED_EDGE ( 'NONE', *, *, #1744, .F. ) ;
#1748 = EDGE_CURVE ( 'NONE', #1990, #1753, #7415, .T. ) ;
#1749 = EDGE_CURVE ( 'NONE', #1987, #1750, #7411, .T. ) ;
#1750 = VERTEX_POINT ( 'NONE', #7407 ) ;
#1751 = EDGE_CURVE ( 'NONE', #1875, #1686, #7406, .T. ) ;
#1752 = ORIENTED_EDGE ( 'NONE', *, *, #1874, .F. ) ;
#1753 = VERTEX_POINT ( 'NONE', #7402 ) ;
#1754 = ORIENTED_EDGE ( 'NONE', *, *, #1748, .F. ) ;
#1755 = ORIENTED_EDGE ( 'NONE', *, *, #1756, .T. ) ;
#1756 = EDGE_CURVE ( 'NONE', #1999, #1757, #7401, .T. ) ;
#1757 = VERTEX_POINT ( 'NONE', #7397 ) ;
#1758 = ORIENTED_EDGE ( 'NONE', *, *, #1759, .F. ) ;
#1759 = EDGE_CURVE ( 'NONE', #1753, #1757, #7396, .T. ) ;
#1760 = ORIENTED_EDGE ( 'NONE', *, *, #1887, .F. ) ;
#1761 = VERTEX_POINT ( 'NONE', #7455 ) ;
#1762 = EDGE_CURVE ( 'NONE', #1896, #1765, #7454, .T. ) ;
#1763 = VERTEX_POINT ( 'NONE', #7450 ) ;
#1764 = EDGE_CURVE ( 'NONE', #1899, #1731, #7449, .T. ) ;
#1765 = VERTEX_POINT ( 'NONE', #7445 ) ;
#1766 = ORIENTED_EDGE ( 'NONE', *, *, #1767, .T. ) ;
#1767 = EDGE_CURVE ( 'NONE', #1884, #1761, #7444, .T. ) ;
#1768 = EDGE_CURVE ( 'NONE', #1763, #1765, #7440, .T. ) ;
#1769 = ORIENTED_EDGE ( 'NONE', *, *, #1685, .F. ) ;
#1770 = ORIENTED_EDGE ( 'NONE', *, *, #1768, .F. ) ;
#1771 = ORIENTED_EDGE ( 'NONE', *, *, #1764, .F. ) ;
#1772 = ORIENTED_EDGE ( 'NONE', *, *, #1898, .F. ) ;
#1773 = ORIENTED_EDGE ( 'NONE', *, *, #1774, .F. ) ;
#1774 = EDGE_CURVE ( 'NONE', #1686, #1761, #7436, .T. ) ;
#1775 = ORIENTED_EDGE ( 'NONE', *, *, #1702, .T. ) ;
#1776 = ORIENTED_EDGE ( 'NONE', *, *, #1762, .T. ) ;
#1777 = EDGE_CURVE ( 'NONE', #1778, #9400, #7432, .T. ) ;
#1778 = VERTEX_POINT ( 'NONE', #7428 ) ;
#1779 = ORIENTED_EDGE ( 'NONE', *, *, #1780, .F. ) ;
#1780 = EDGE_CURVE ( 'NONE', #1781, #1778, #7427, .T. ) ;
#1781 = VERTEX_POINT ( 'NONE', #7487 ) ;
#1782 = EDGE_CURVE ( 'NONE', #1783, #1804, #7486, .T. ) ;
#1783 = VERTEX_POINT ( 'NONE', #7482 ) ;
#1784 = ORIENTED_EDGE ( 'NONE', *, *, #1785, .F. ) ;
#1785 = EDGE_CURVE ( 'NONE', #1786, #1783, #7481, .T. ) ;
#1786 = VERTEX_POINT ( 'NONE', #7477 ) ;
#1787 = ORIENTED_EDGE ( 'NONE', *, *, #1788, .F. ) ;
#1788 = EDGE_CURVE ( 'NONE', #1789, #1786, #7476, .T. ) ;
#1789 = VERTEX_POINT ( 'NONE', #7472 ) ;
#1790 = ORIENTED_EDGE ( 'NONE', *, *, #1791, .F. ) ;
#1791 = EDGE_CURVE ( 'NONE', #1792, #1789, #7471, .T. ) ;
#1792 = VERTEX_POINT ( 'NONE', #7467 ) ;
#1793 = ORIENTED_EDGE ( 'NONE', *, *, #1794, .F. ) ;
#1794 = EDGE_CURVE ( 'NONE', #1795, #1792, #7466, .T. ) ;
#1795 = VERTEX_POINT ( 'NONE', #7462 ) ;
#1796 = ORIENTED_EDGE ( 'NONE', *, *, #1797, .F. ) ;
#1797 = EDGE_CURVE ( 'NONE', #1798, #1911, #7461, .T. ) ;
#1798 = VERTEX_POINT ( 'NONE', #7457 ) ;
#1799 = ORIENTED_EDGE ( 'NONE', *, *, #1851, .F. ) ;
#1800 = VERTEX_POINT ( 'NONE', #7456 ) ;
#1801 = ORIENTED_EDGE ( 'NONE', *, *, #1907, .T. ) ;
#1802 = ORIENTED_EDGE ( 'NONE', *, *, #1803, .F. ) ;
#1803 = EDGE_CURVE ( 'NONE', #1804, #1781, #7517, .T. ) ;
#1804 = VERTEX_POINT ( 'NONE', #7513 ) ;
#1805 = ORIENTED_EDGE ( 'NONE', *, *, #1782, .F. ) ;
#1806 = EDGE_CURVE ( 'NONE', #1971, #1800, #7512, .T. ) ;
#1807 = EDGE_CURVE ( 'NONE', #1915, #1808, #7508, .T. ) ;
#1808 = VERTEX_POINT ( 'NONE', #7504 ) ;
#1809 = ORIENTED_EDGE ( 'NONE', *, *, #1810, .T. ) ;
#1810 = EDGE_CURVE ( 'NONE', #1808, #1811, #7503, .T. ) ;
#1811 = VERTEX_POINT ( 'NONE', #7499 ) ;
#1812 = ORIENTED_EDGE ( 'NONE', *, *, #1813, .F. ) ;
#1813 = EDGE_CURVE ( 'NONE', #1814, #1811, #7498, .T. ) ;
#1814 = VERTEX_POINT ( 'NONE', #7494 ) ;
#1815 = ORIENTED_EDGE ( 'NONE', *, *, #1816, .T. ) ;
#1816 = EDGE_CURVE ( 'NONE', #1814, #1817, #7493, .T. ) ;
#1817 = VERTEX_POINT ( 'NONE', #7489 ) ;
#1818 = ORIENTED_EDGE ( 'NONE', *, *, #1819, .T. ) ;
#1819 = EDGE_CURVE ( 'NONE', #1817, #1820, #7488, .T. ) ;
#1820 = VERTEX_POINT ( 'NONE', #7545 ) ;
#1821 = EDGE_CURVE ( 'NONE', #1739, #1736, #7544, .T. ) ;
#1822 = ORIENTED_EDGE ( 'NONE', *, *, #1734, .F. ) ;
#1823 = ORIENTED_EDGE ( 'NONE', *, *, #1979, .F. ) ;
#1824 = ORIENTED_EDGE ( 'NONE', *, *, #1732, .T. ) ;
#1825 = EDGE_CURVE ( 'NONE', #1919, #1826, #7540, .T. ) ;
#1826 = VERTEX_POINT ( 'NONE', #7536 ) ;
#1827 = ORIENTED_EDGE ( 'NONE', *, *, #1828, .F. ) ;
#1828 = EDGE_CURVE ( 'NONE', #1912, #1826, #7535, .T. ) ;
#1829 = ORIENTED_EDGE ( 'NONE', *, *, #1830, .T. ) ;
#1830 = EDGE_CURVE ( 'NONE', #1909, #1831, #7531, .T. ) ;
#1831 = VERTEX_POINT ( 'NONE', #7527 ) ;
#1832 = ORIENTED_EDGE ( 'NONE', *, *, #1904, .F. ) ;
#1833 = EDGE_CURVE ( 'NONE', #1911, #1831, #7526, .T. ) ;
#1834 = ORIENTED_EDGE ( 'NONE', *, *, #1806, .T. ) ;
#1835 = ORIENTED_EDGE ( 'NONE', *, *, #1836, .T. ) ;
#1836 = EDGE_CURVE ( 'NONE', #1820, #1837, #7522, .T. ) ;
#1837 = VERTEX_POINT ( 'NONE', #7518 ) ;
#1838 = ORIENTED_EDGE ( 'NONE', *, *, #1839, .F. ) ;
#1839 = EDGE_CURVE ( 'NONE', #1840, #1837, #7582, .T. ) ;
#1840 = VERTEX_POINT ( 'NONE', #7578 ) ;
#1841 = ORIENTED_EDGE ( 'NONE', *, *, #1842, .T. ) ;
#1842 = EDGE_CURVE ( 'NONE', #1840, #1843, #7577, .T. ) ;
#1843 = VERTEX_POINT ( 'NONE', #7573 ) ;
#1844 = ORIENTED_EDGE ( 'NONE', *, *, #1845, .T. ) ;
#1845 = EDGE_CURVE ( 'NONE', #1843, #1846, #7572, .T. ) ;
#1846 = VERTEX_POINT ( 'NONE', #7568 ) ;
#1847 = ORIENTED_EDGE ( 'NONE', *, *, #1848, .T. ) ;
#1848 = EDGE_CURVE ( 'NONE', #1846, #1849, #7567, .T. ) ;
#1849 = VERTEX_POINT ( 'NONE', #7563 ) ;
#1850 = ORIENTED_EDGE ( 'NONE', *, *, #1983, .F. ) ;
#1851 = EDGE_CURVE ( 'NONE', #1852, #1798, #7562, .T. ) ;
#1852 = VERTEX_POINT ( 'NONE', #7558 ) ;
#1853 = ORIENTED_EDGE ( 'NONE', *, *, #1854, .F. ) ;
#1854 = EDGE_CURVE ( 'NONE', #1855, #1852, #7557, .T. ) ;
#1855 = VERTEX_POINT ( 'NONE', #7553 ) ;
#1856 = ORIENTED_EDGE ( 'NONE', *, *, #1857, .F. ) ;
#1857 = EDGE_CURVE ( 'NONE', #1858, #1855, #7552, .T. ) ;
#1858 = VERTEX_POINT ( 'NONE', #7612 ) ;
#1859 = ORIENTED_EDGE ( 'NONE', *, *, #1860, .F. ) ;
#1860 = EDGE_CURVE ( 'NONE', #1861, #1858, #7611, .T. ) ;
#1861 = VERTEX_POINT ( 'NONE', #7607 ) ;
#1862 = ORIENTED_EDGE ( 'NONE', *, *, #1863, .F. ) ;
#1863 = EDGE_CURVE ( 'NONE', #1864, #1861, #7606, .T. ) ;
#1864 = VERTEX_POINT ( 'NONE', #7602 ) ;
#1865 = ORIENTED_EDGE ( 'NONE', *, *, #1866, .F. ) ;
#1866 = EDGE_CURVE ( 'NONE', #1867, #1864, #7601, .T. ) ;
#1867 = VERTEX_POINT ( 'NONE', #7597 ) ;
#1868 = ORIENTED_EDGE ( 'NONE', *, *, #1869, .F. ) ;
#1869 = EDGE_CURVE ( 'NONE', #1870, #1867, #7596, .T. ) ;
#1870 = VERTEX_POINT ( 'NONE', #7592 ) ;
#1871 = ORIENTED_EDGE ( 'NONE', *, *, #1872, .F. ) ;
#1872 = EDGE_CURVE ( 'NONE', #9400, #1870, #7591, .T. ) ;
#1873 = ORIENTED_EDGE ( 'NONE', *, *, #1874, .T. ) ;
#1874 = EDGE_CURVE ( 'NONE', #1999, #1875, #7587, .T. ) ;
#1875 = VERTEX_POINT ( 'NONE', #7583 ) ;
#1876 = ORIENTED_EDGE ( 'NONE', *, *, #1877, .F. ) ;
#1877 = EDGE_CURVE ( 'NONE', #1878, #1875, #7647, .T. ) ;
#1878 = VERTEX_POINT ( 'NONE', #7643 ) ;
#1879 = ORIENTED_EDGE ( 'NONE', *, *, #1880, .T. ) ;
#1880 = EDGE_CURVE ( 'NONE', #1878, #1881, #7642, .T. ) ;
#1881 = VERTEX_POINT ( 'NONE', #7638 ) ;
#1882 = ORIENTED_EDGE ( 'NONE', *, *, #1883, .T. ) ;
#1883 = EDGE_CURVE ( 'NONE', #1881, #1884, #7637, .T. ) ;
#1884 = VERTEX_POINT ( 'NONE', #7633 ) ;
#1885 = ORIENTED_EDGE ( 'NONE', *, *, #1887, .T. ) ;
#1886 = VERTEX_POINT ( 'NONE', #7632 ) ;
#1887 = EDGE_CURVE ( 'NONE', #1884, #1886, #7631, .T. ) ;
#1888 = ORIENTED_EDGE ( 'NONE', *, *, #1889, .F. ) ;
#1889 = EDGE_CURVE ( 'NONE', #1890, #1886, #7627, .T. ) ;
#1890 = VERTEX_POINT ( 'NONE', #7623 ) ;
#1891 = ORIENTED_EDGE ( 'NONE', *, *, #1892, .T. ) ;
#1892 = EDGE_CURVE ( 'NONE', #1890, #1893, #7622, .T. ) ;
#1893 = VERTEX_POINT ( 'NONE', #7618 ) ;
#1894 = ORIENTED_EDGE ( 'NONE', *, *, #1895, .T. ) ;
#1895 = EDGE_CURVE ( 'NONE', #1893, #1896, #7617, .T. ) ;
#1896 = VERTEX_POINT ( 'NONE', #7613 ) ;
#1897 = ORIENTED_EDGE ( 'NONE', *, *, #1898, .T. ) ;
#1898 = EDGE_CURVE ( 'NONE', #1896, #1899, #7678, .T. ) ;
#1899 = VERTEX_POINT ( 'NONE', #7674 ) ;
#1900 = ORIENTED_EDGE ( 'NONE', *, *, #1901, .F. ) ;
#1901 = EDGE_CURVE ( 'NONE', #1902, #1899, #7673, .T. ) ;
#1902 = VERTEX_POINT ( 'NONE', #7669 ) ;
#1903 = EDGE_CURVE ( 'NONE', #1909, #1905, #7668, .T. ) ;
#1904 = EDGE_CURVE ( 'NONE', #1905, #1906, #7664, .T. ) ;
#1905 = VERTEX_POINT ( 'NONE', #7660 ) ;
#1906 = VERTEX_POINT ( 'NONE', #7659 ) ;
#1907 = EDGE_CURVE ( 'NONE', #1800, #1906, #7658, .T. ) ;
#1908 = ORIENTED_EDGE ( 'NONE', *, *, #1903, .F. ) ;
#1909 = VERTEX_POINT ( 'NONE', #7654 ) ;
#1910 = ORIENTED_EDGE ( 'NONE', *, *, #1833, .F. ) ;
#1911 = VERTEX_POINT ( 'NONE', #7653 ) ;
#1912 = VERTEX_POINT ( 'NONE', #7652 ) ;
#1913 = ORIENTED_EDGE ( 'NONE', *, *, #1914, .T. ) ;
#1914 = EDGE_CURVE ( 'NONE', #1912, #1915, #7651, .T. ) ;
#1915 = VERTEX_POINT ( 'NONE', #7708 ) ;
#1916 = ORIENTED_EDGE ( 'NONE', *, *, #1807, .T. ) ;
#1917 = ORIENTED_EDGE ( 'NONE', *, *, #1918, .F. ) ;
#1918 = EDGE_CURVE ( 'NONE', #1919, #1795, #7707, .T. ) ;
#1919 = VERTEX_POINT ( 'NONE', #7703 ) ;
#1920 = ORIENTED_EDGE ( 'NONE', *, *, #1825, .T. ) ;
#1921 = ORIENTED_EDGE ( 'NONE', *, *, #1922, .T. ) ;
#1922 = EDGE_CURVE ( 'NONE', #2013, #1923, #7702, .T. ) ;
#1923 = VERTEX_POINT ( 'NONE', #7698 ) ;
#1924 = ORIENTED_EDGE ( 'NONE', *, *, #1925, .T. ) ;
#1925 = EDGE_CURVE ( 'NONE', #1923, #1926, #7697, .T. ) ;
#1926 = VERTEX_POINT ( 'NONE', #7693 ) ;
#1927 = ORIENTED_EDGE ( 'NONE', *, *, #1928, .T. ) ;
#1928 = EDGE_CURVE ( 'NONE', #1926, #2055, #7692, .T. ) ;
#1929 = ADVANCED_FACE ( 'NONE', ( #7688 ), #7687, .F. ) ;
#1930 = EDGE_LOOP ( 'NONE', ( #1931, #1935, #1937, #1938, #1941, #1944, #1947, #1950, #2076, #2071, #2073, #2074, #2078, #2064, #2067, #2058, #2060, #2061, #1708, #1688, #1690, #1695, #1698, #1694, #1701, #1692, #1738, #1822, #1823, #1824, #1733, #1771, #1772, #1776, #1770, #1769, #1760, #1766, #1773, #1687, #1752, #1755, #1758, #1754, #1740, #1746, #1747, #1743, #1741, #1775, #1703, #2671, #2550, #2551, #2555, #2543, #2545, #2529, #2546, #2537, #2539, #2552, #2541, #2534, #2609, #2595, #2607, #2608, #2601, #2596, #2610, #2523 ) ) ;
#1931 = ORIENTED_EDGE ( 'NONE', *, *, #1932, .T. ) ;
#1932 = EDGE_CURVE ( 'NONE', #1933, #1934, #7682, .T. ) ;
#1933 = VERTEX_POINT ( 'NONE', #7739 ) ;
#1934 = VERTEX_POINT ( 'NONE', #7738 ) ;
#1935 = ORIENTED_EDGE ( 'NONE', *, *, #1936, .T. ) ;
#1936 = EDGE_CURVE ( 'NONE', #1934, #2082, #7737, .T. ) ;
#1937 = ORIENTED_EDGE ( 'NONE', *, *, #2016, .T. ) ;
#1938 = ORIENTED_EDGE ( 'NONE', *, *, #1939, .T. ) ;
#1939 = EDGE_CURVE ( 'NONE', #2083, #1940, #7733, .T. ) ;
#1940 = VERTEX_POINT ( 'NONE', #7729 ) ;
#1941 = ORIENTED_EDGE ( 'NONE', *, *, #1942, .T. ) ;
#1942 = EDGE_CURVE ( 'NONE', #1940, #1943, #7728, .T. ) ;
#1943 = VERTEX_POINT ( 'NONE', #7724 ) ;
#1944 = ORIENTED_EDGE ( 'NONE', *, *, #1945, .T. ) ;
#1945 = EDGE_CURVE ( 'NONE', #1943, #1946, #7723, .T. ) ;
#1946 = VERTEX_POINT ( 'NONE', #7719 ) ;
#1947 = ORIENTED_EDGE ( 'NONE', *, *, #1948, .T. ) ;
#1948 = EDGE_CURVE ( 'NONE', #1946, #1949, #7718, .T. ) ;
#1949 = VERTEX_POINT ( 'NONE', #7714 ) ;
#1950 = ORIENTED_EDGE ( 'NONE', *, *, #1951, .T. ) ;
#1951 = EDGE_CURVE ( 'NONE', #1949, #1952, #7713, .T. ) ;
#1952 = VERTEX_POINT ( 'NONE', #7709 ) ;
#1953 = ORIENTED_EDGE ( 'NONE', *, *, #1954, .T. ) ;
#1954 = EDGE_CURVE ( 'NONE', #1982, #1955, #7770, .T. ) ;
#1955 = VERTEX_POINT ( 'NONE', #7766 ) ;
#1956 = ORIENTED_EDGE ( 'NONE', *, *, #1957, .T. ) ;
#1957 = EDGE_CURVE ( 'NONE', #1955, #1958, #7765, .T. ) ;
#1958 = VERTEX_POINT ( 'NONE', #7761 ) ;
#1959 = ORIENTED_EDGE ( 'NONE', *, *, #1960, .T. ) ;
#1960 = EDGE_CURVE ( 'NONE', #1958, #1961, #7760, .T. ) ;
#1961 = VERTEX_POINT ( 'NONE', #7756 ) ;
#1962 = ORIENTED_EDGE ( 'NONE', *, *, #1963, .F. ) ;
#1963 = EDGE_CURVE ( 'NONE', #1964, #1961, #7755, .T. ) ;
#1964 = VERTEX_POINT ( 'NONE', #7751 ) ;
#1965 = ORIENTED_EDGE ( 'NONE', *, *, #1984, .T. ) ;
#1966 = VERTEX_POINT ( 'NONE', #7750 ) ;
#1967 = EDGE_CURVE ( 'NONE', #2054, #1968, #7749, .T. ) ;
#1968 = VERTEX_POINT ( 'NONE', #7745 ) ;
#1969 = ORIENTED_EDGE ( 'NONE', *, *, #1970, .T. ) ;
#1970 = EDGE_CURVE ( 'NONE', #1968, #1971, #7744, .T. ) ;
#1971 = VERTEX_POINT ( 'NONE', #7740 ) ;
#1972 = ORIENTED_EDGE ( 'NONE', *, *, #1973, .T. ) ;
#1973 = EDGE_CURVE ( 'NONE', #1902, #1974, #7804, .T. ) ;
#1974 = VERTEX_POINT ( 'NONE', #7800 ) ;
#1975 = ORIENTED_EDGE ( 'NONE', *, *, #1976, .T. ) ;
#1976 = EDGE_CURVE ( 'NONE', #1974, #1977, #7799, .T. ) ;
#1977 = VERTEX_POINT ( 'NONE', #7795 ) ;
#1978 = ORIENTED_EDGE ( 'NONE', *, *, #1979, .T. ) ;
#1979 = EDGE_CURVE ( 'NONE', #1977, #1980, #7794, .T. ) ;
#1980 = VERTEX_POINT ( 'NONE', #7790 ) ;
#1981 = ORIENTED_EDGE ( 'NONE', *, *, #2000, .F. ) ;
#1982 = VERTEX_POINT ( 'NONE', #7789 ) ;
#1983 = EDGE_CURVE ( 'NONE', #1982, #1849, #7788, .T. ) ;
#1984 = EDGE_CURVE ( 'NONE', #1964, #1966, #7784, .T. ) ;
#1985 = ORIENTED_EDGE ( 'NONE', *, *, #1986, .T. ) ;
#1986 = EDGE_CURVE ( 'NONE', #1966, #1987, #7780, .T. ) ;
#1987 = VERTEX_POINT ( 'NONE', #7776 ) ;
#1988 = ORIENTED_EDGE ( 'NONE', *, *, #1989, .T. ) ;
#1989 = EDGE_CURVE ( 'NONE', #1987, #1990, #7775, .T. ) ;
#1990 = VERTEX_POINT ( 'NONE', #7771 ) ;
#1991 = ORIENTED_EDGE ( 'NONE', *, *, #1992, .F. ) ;
#1992 = EDGE_CURVE ( 'NONE', #1993, #1990, #7834, .T. ) ;
#1993 = VERTEX_POINT ( 'NONE', #7830 ) ;
#1994 = ORIENTED_EDGE ( 'NONE', *, *, #1995, .T. ) ;
#1995 = EDGE_CURVE ( 'NONE', #1993, #1996, #7829, .T. ) ;
#1996 = VERTEX_POINT ( 'NONE', #7825 ) ;
#1997 = ORIENTED_EDGE ( 'NONE', *, *, #1998, .T. ) ;
#1998 = EDGE_CURVE ( 'NONE', #1996, #1999, #7824, .T. ) ;
#1999 = VERTEX_POINT ( 'NONE', #7820 ) ;
#2000 = EDGE_CURVE ( 'NONE', #2001, #1980, #7819, .T. ) ;
#2001 = VERTEX_POINT ( 'NONE', #7815 ) ;
#2002 = ORIENTED_EDGE ( 'NONE', *, *, #2003, .T. ) ;
#2003 = EDGE_CURVE ( 'NONE', #2001, #2004, #7814, .T. ) ;
#2004 = VERTEX_POINT ( 'NONE', #7810 ) ;
#2005 = ORIENTED_EDGE ( 'NONE', *, *, #2006, .T. ) ;
#2006 = EDGE_CURVE ( 'NONE', #2004, #2007, #7809, .T. ) ;
#2007 = VERTEX_POINT ( 'NONE', #7805 ) ;
#2008 = ORIENTED_EDGE ( 'NONE', *, *, #2009, .T. ) ;
#2009 = EDGE_CURVE ( 'NONE', #2007, #2010, #7867, .T. ) ;
#2010 = VERTEX_POINT ( 'NONE', #7863 ) ;
#2011 = ORIENTED_EDGE ( 'NONE', *, *, #2012, .F. ) ;
#2012 = EDGE_CURVE ( 'NONE', #2013, #2010, #7862, .T. ) ;
#2013 = VERTEX_POINT ( 'NONE', #7858 ) ;
#2014 = EDGE_LOOP ( 'NONE', ( #2015, #2084, #2087, #2090 ) ) ;
#2015 = ORIENTED_EDGE ( 'NONE', *, *, #2016, .F. ) ;
#2016 = EDGE_CURVE ( 'NONE', #2082, #2083, #7857, .T. ) ;
#2017 = EDGE_CURVE ( 'NONE', #2096, #2018, #7853, .T. ) ;
#2018 = VERTEX_POINT ( 'NONE', #7849 ) ;
#2019 = ORIENTED_EDGE ( 'NONE', *, *, #2020, .T. ) ;
#2020 = EDGE_CURVE ( 'NONE', #2018, #2021, #7848, .T. ) ;
#2021 = VERTEX_POINT ( 'NONE', #7844 ) ;
#2022 = ORIENTED_EDGE ( 'NONE', *, *, #2023, .T. ) ;
#2023 = EDGE_CURVE ( 'NONE', #2021, #2024, #7843, .T. ) ;
#2024 = VERTEX_POINT ( 'NONE', #7839 ) ;
#2025 = ORIENTED_EDGE ( 'NONE', *, *, #2026, .F. ) ;
#2026 = EDGE_CURVE ( 'NONE', #2027, #2024, #7838, .T. ) ;
#2027 = VERTEX_POINT ( 'NONE', #7900 ) ;
#2028 = ORIENTED_EDGE ( 'NONE', *, *, #2029, .T. ) ;
#2029 = EDGE_CURVE ( 'NONE', #2027, #2030, #7899, .T. ) ;
#2030 = VERTEX_POINT ( 'NONE', #7895 ) ;
#2031 = ORIENTED_EDGE ( 'NONE', *, *, #2032, .T. ) ;
#2032 = EDGE_CURVE ( 'NONE', #2030, #2033, #7894, .T. ) ;
#2033 = VERTEX_POINT ( 'NONE', #7890 ) ;
#2034 = ORIENTED_EDGE ( 'NONE', *, *, #2035, .T. ) ;
#2035 = EDGE_CURVE ( 'NONE', #2033, #2097, #7889, .T. ) ;
#2036 = ADVANCED_FACE ( 'NONE', ( #7885 ), #7884, .F. ) ;
#2037 = EDGE_LOOP ( 'NONE', ( #2038, #2042, #2045, #2048 ) ) ;
#2038 = ORIENTED_EDGE ( 'NONE', *, *, #2039, .F. ) ;
#2039 = EDGE_CURVE ( 'NONE', #2040, #2041, #7879, .T. ) ;
#2040 = VERTEX_POINT ( 'NONE', #7875 ) ;
#2041 = VERTEX_POINT ( 'NONE', #7874 ) ;
#2042 = ORIENTED_EDGE ( 'NONE', *, *, #2043, .F. ) ;
#2043 = EDGE_CURVE ( 'NONE', #2044, #2040, #7873, .T. ) ;
#2044 = VERTEX_POINT ( 'NONE', #7869 ) ;
#2045 = ORIENTED_EDGE ( 'NONE', *, *, #2047, .F. ) ;
#2046 = VERTEX_POINT ( 'NONE', #7868 ) ;
#2047 = EDGE_CURVE ( 'NONE', #2046, #2044, #7931, .T. ) ;
#2048 = ORIENTED_EDGE ( 'NONE', *, *, #2049, .T. ) ;
#2049 = EDGE_CURVE ( 'NONE', #2046, #2041, #7927, .T. ) ;
#2050 = ADVANCED_FACE ( 'NONE', ( #7923 ), #7922, .F. ) ;
#2051 = EDGE_LOOP ( 'NONE', ( #2052, #2056, #1969, #1834, #1801, #1832, #1908, #1829, #1910, #1796, #1799, #1853, #1856, #1859, #1862, #1865, #1868, #1871, #9468, #1779, #1802, #1805, #1784, #1787, #1790, #1793, #1917, #1920, #1827, #1913, #1916, #1809, #1812, #1815, #1818, #1835, #1838, #1841, #1844, #1847, #1850, #1953, #1956, #1959, #1962, #1965, #1985, #1988, #1991, #1994, #1997, #1873, #1876, #1879, #1882, #1885, #1888, #1891, #1894, #1897, #1900, #1972, #1975, #1978, #1981, #2002, #2005, #2008, #2011, #1921, #1924, #1927 ) ) ;
#2052 = ORIENTED_EDGE ( 'NONE', *, *, #2053, .F. ) ;
#2053 = EDGE_CURVE ( 'NONE', #2054, #2055, #7917, .T. ) ;
#2054 = VERTEX_POINT ( 'NONE', #7913 ) ;
#2055 = VERTEX_POINT ( 'NONE', #7912 ) ;
#2056 = ORIENTED_EDGE ( 'NONE', *, *, #1967, .T. ) ;
#2057 = EDGE_CURVE ( 'NONE', #2066, #2068, #7911, .T. ) ;
#2058 = ORIENTED_EDGE ( 'NONE', *, *, #2059, .T. ) ;
#2059 = EDGE_CURVE ( 'NONE', #2068, #1800, #7907, .T. ) ;
#2060 = ORIENTED_EDGE ( 'NONE', *, *, #1806, .F. ) ;
#2061 = ORIENTED_EDGE ( 'NONE', *, *, #2062, .T. ) ;
#2062 = EDGE_CURVE ( 'NONE', #1971, #2081, #7903, .T. ) ;
#2063 = VERTEX_POINT ( 'NONE', #7964 ) ;
#2064 = ORIENTED_EDGE ( 'NONE', *, *, #2065, .T. ) ;
#2065 = EDGE_CURVE ( 'NONE', #2063, #2066, #7963, .T. ) ;
#2066 = VERTEX_POINT ( 'NONE', #7959 ) ;
#2067 = ORIENTED_EDGE ( 'NONE', *, *, #2057, .T. ) ;
#2068 = VERTEX_POINT ( 'NONE', #7958 ) ;
#2069 = EDGE_CURVE ( 'NONE', #2080, #2063, #7957, .T. ) ;
#2070 = VERTEX_POINT ( 'NONE', #7953 ) ;
#2071 = ORIENTED_EDGE ( 'NONE', *, *, #2072, .T. ) ;
#2072 = EDGE_CURVE ( 'NONE', #2070, #2096, #7952, .T. ) ;
#2073 = ORIENTED_EDGE ( 'NONE', *, *, #2095, .T. ) ;
#2074 = ORIENTED_EDGE ( 'NONE', *, *, #2079, .T. ) ;
#2075 = EDGE_CURVE ( 'NONE', #1952, #2070, #7948, .T. ) ;
#2076 = ORIENTED_EDGE ( 'NONE', *, *, #2075, .T. ) ;
#2077 = EDGE_CURVE ( 'NONE', #2689, #2323, #7944, .T. ) ;
#2078 = ORIENTED_EDGE ( 'NONE', *, *, #2069, .T. ) ;
#2079 = EDGE_CURVE ( 'NONE', #2097, #2080, #7940, .T. ) ;
#2080 = VERTEX_POINT ( 'NONE', #7936 ) ;
#2081 = VERTEX_POINT ( 'NONE', #7935 ) ;
#2082 = VERTEX_POINT ( 'NONE', #7934 ) ;
#2083 = VERTEX_POINT ( 'NONE', #7933 ) ;
#2084 = ORIENTED_EDGE ( 'NONE', *, *, #2085, .T. ) ;
#2085 = EDGE_CURVE ( 'NONE', #2082, #2086, #7932, .T. ) ;
#2086 = VERTEX_POINT ( 'NONE', #7998 ) ;
#2087 = ORIENTED_EDGE ( 'NONE', *, *, #2088, .T. ) ;
#2088 = EDGE_CURVE ( 'NONE', #2086, #2089, #7997, .T. ) ;
#2089 = VERTEX_POINT ( 'NONE', #7993 ) ;
#2090 = ORIENTED_EDGE ( 'NONE', *, *, #2091, .F. ) ;
#2091 = EDGE_CURVE ( 'NONE', #2083, #2089, #7992, .T. ) ;
#2092 = ADVANCED_FACE ( 'NONE', ( #7988 ), #7987, .F. ) ;
#2093 = EDGE_LOOP ( 'NONE', ( #2094, #2098, #2019, #2022, #2025, #2028, #2031, #2034 ) ) ;
#2094 = ORIENTED_EDGE ( 'NONE', *, *, #2095, .F. ) ;
#2095 = EDGE_CURVE ( 'NONE', #2096, #2097, #7982, .T. ) ;
#2096 = VERTEX_POINT ( 'NONE', #7978 ) ;
#2097 = VERTEX_POINT ( 'NONE', #7977 ) ;
#2098 = ORIENTED_EDGE ( 'NONE', *, *, #2017, .T. ) ;
#2099 = MANIFOLD_SOLID_BREP ( 'NONE', #1573 ) ;
#2100 = ADVANCED_FACE ( 'NONE', ( #8022 ), #8021, .F. ) ;
#2101 = VERTEX_POINT ( 'NONE', #8016 ) ;
#2102 = ORIENTED_EDGE ( 'NONE', *, *, #2103, .T. ) ;
#2103 = EDGE_CURVE ( 'NONE', #2101, #2104, #8015, .T. ) ;
#2104 = VERTEX_POINT ( 'NONE', #8011 ) ;
#2105 = ORIENTED_EDGE ( 'NONE', *, *, #2106, .F. ) ;
#2106 = EDGE_CURVE ( 'NONE', #2122, #2104, #8010, .T. ) ;
#2107 = ADVANCED_FACE ( 'NONE', ( #8006 ), #8005, .F. ) ;
#2108 = EDGE_LOOP ( 'NONE', ( #2109, #2167, #2170, #2172 ) ) ;
#2109 = ORIENTED_EDGE ( 'NONE', *, *, #2110, .F. ) ;
#2110 = EDGE_CURVE ( 'NONE', #2111, #1789, #8055, .T. ) ;
#2111 = VERTEX_POINT ( 'NONE', #8051 ) ;
#2112 = ORIENTED_EDGE ( 'NONE', *, *, #2135, .F. ) ;
#2113 = ORIENTED_EDGE ( 'NONE', *, *, #2114, .T. ) ;
#2114 = EDGE_CURVE ( 'NONE', #2133, #1718, #8050, .T. ) ;
#2115 = ORIENTED_EDGE ( 'NONE', *, *, #1717, .T. ) ;
#2116 = ORIENTED_EDGE ( 'NONE', *, *, #2117, .F. ) ;
#2117 = EDGE_CURVE ( 'NONE', #2136, #1719, #8045, .T. ) ;
#2118 = ADVANCED_FACE ( 'NONE', ( #8041 ), #8085, .F. ) ;
#2119 = EDGE_LOOP ( 'NONE', ( #2120, #2123, #2124, #2181, #2102, #2105 ) ) ;
#2120 = ORIENTED_EDGE ( 'NONE', *, *, #2121, .F. ) ;
#2121 = EDGE_CURVE ( 'NONE', #1804, #2122, #8080, .T. ) ;
#2122 = VERTEX_POINT ( 'NONE', #8076 ) ;
#2123 = ORIENTED_EDGE ( 'NONE', *, *, #1803, .T. ) ;
#2124 = ORIENTED_EDGE ( 'NONE', *, *, #2125, .F. ) ;
#2125 = EDGE_CURVE ( 'NONE', #2126, #1781, #8075, .T. ) ;
#2126 = VERTEX_POINT ( 'NONE', #8071 ) ;
#2127 = EDGE_CURVE ( 'NONE', #1719, #1726, #8070, .T. ) ;
#2128 = ADVANCED_FACE ( 'NONE', ( #8066 ), #8065, .T. ) ;
#2129 = EDGE_LOOP ( 'NONE', ( #2130, #2131, #2134, #2137 ) ) ;
#2130 = ORIENTED_EDGE ( 'NONE', *, *, #2057, .F. ) ;
#2131 = ORIENTED_EDGE ( 'NONE', *, *, #2132, .T. ) ;
#2132 = EDGE_CURVE ( 'NONE', #2066, #2133, #8060, .T. ) ;
#2133 = VERTEX_POINT ( 'NONE', #8056 ) ;
#2134 = ORIENTED_EDGE ( 'NONE', *, *, #2135, .T. ) ;
#2135 = EDGE_CURVE ( 'NONE', #2133, #2136, #8119, .T. ) ;
#2136 = VERTEX_POINT ( 'NONE', #8115 ) ;
#2137 = ORIENTED_EDGE ( 'NONE', *, *, #2138, .F. ) ;
#2138 = EDGE_CURVE ( 'NONE', #2068, #2136, #8114, .T. ) ;
#2139 = ADVANCED_FACE ( 'NONE', ( #8110 ), #8109, .T. ) ;
#2140 = EDGE_LOOP ( 'NONE', ( #2112, #2113, #2115, #2116 ) ) ;
#2141 = VERTEX_POINT ( 'NONE', #8104 ) ;
#2142 = ORIENTED_EDGE ( 'NONE', *, *, #2143, .F. ) ;
#2143 = EDGE_CURVE ( 'NONE', #2144, #2141, #8103, .T. ) ;
#2144 = VERTEX_POINT ( 'NONE', #8099 ) ;
#2145 = ORIENTED_EDGE ( 'NONE', *, *, #2146, .T. ) ;
#2146 = EDGE_CURVE ( 'NONE', #2144, #2166, #8098, .T. ) ;
#2147 = ADVANCED_FACE ( 'NONE', ( #8094 ), #8093, .F. ) ;
#2148 = EDGE_LOOP ( 'NONE', ( #2149, #2209, #2210, #2213 ) ) ;
#2149 = ORIENTED_EDGE ( 'NONE', *, *, #2208, .F. ) ;
#2150 = VERTEX_POINT ( 'NONE', #8088 ) ;
#2151 = VERTEX_POINT ( 'NONE', #8087 ) ;
#2152 = ORIENTED_EDGE ( 'NONE', *, *, #2153, .F. ) ;
#2153 = EDGE_CURVE ( 'NONE', #2154, #2151, #8086, .T. ) ;
#2154 = VERTEX_POINT ( 'NONE', #8150 ) ;
#2155 = ORIENTED_EDGE ( 'NONE', *, *, #2156, .F. ) ;
#2156 = EDGE_CURVE ( 'NONE', #2169, #2154, #8149, .T. ) ;
#2157 = ORIENTED_EDGE ( 'NONE', *, *, #2168, .T. ) ;
#2158 = ORIENTED_EDGE ( 'NONE', *, *, #2159, .F. ) ;
#2159 = EDGE_CURVE ( 'NONE', #2160, #2111, #8145, .T. ) ;
#2160 = VERTEX_POINT ( 'NONE', #8141 ) ;
#2161 = ORIENTED_EDGE ( 'NONE', *, *, #2162, .F. ) ;
#2162 = EDGE_CURVE ( 'NONE', #2177, #2160, #8140, .T. ) ;
#2163 = ADVANCED_FACE ( 'NONE', ( #8136 ), #8135, .F. ) ;
#2164 = EDGE_LOOP ( 'NONE', ( #2165, #2223, #2142, #2145 ) ) ;
#2165 = ORIENTED_EDGE ( 'NONE', *, *, #2221, .T. ) ;
#2166 = VERTEX_POINT ( 'NONE', #8130 ) ;
#2167 = ORIENTED_EDGE ( 'NONE', *, *, #2168, .F. ) ;
#2168 = EDGE_CURVE ( 'NONE', #2169, #2111, #8129, .T. ) ;
#2169 = VERTEX_POINT ( 'NONE', #8125 ) ;
#2170 = ORIENTED_EDGE ( 'NONE', *, *, #2171, .F. ) ;
#2171 = EDGE_CURVE ( 'NONE', #1792, #2169, #8123, .T. ) ;
#2172 = ORIENTED_EDGE ( 'NONE', *, *, #1791, .T. ) ;
#2173 = ADVANCED_FACE ( 'NONE', ( #8124 ), #8185, .F. ) ;
#2174 = EDGE_LOOP ( 'NONE', ( #2175, #2178, #2179, #2152, #2155, #2157, #2158, #2161 ) ) ;
#2175 = ORIENTED_EDGE ( 'NONE', *, *, #2176, .T. ) ;
#2176 = EDGE_CURVE ( 'NONE', #2177, #2122, #8180, .T. ) ;
#2177 = VERTEX_POINT ( 'NONE', #8176 ) ;
#2178 = ORIENTED_EDGE ( 'NONE', *, *, #2106, .T. ) ;
#2179 = ORIENTED_EDGE ( 'NONE', *, *, #2180, .F. ) ;
#2180 = EDGE_CURVE ( 'NONE', #2151, #2104, #8175, .T. ) ;
#2181 = ORIENTED_EDGE ( 'NONE', *, *, #2182, .F. ) ;
#2182 = EDGE_CURVE ( 'NONE', #2101, #2126, #8171, .T. ) ;
#2183 = EDGE_CURVE ( 'NONE', #2184, #2199, #8167, .T. ) ;
#2184 = VERTEX_POINT ( 'NONE', #8163 ) ;
#2185 = ORIENTED_EDGE ( 'NONE', *, *, #2186, .T. ) ;
#2186 = EDGE_CURVE ( 'NONE', #2184, #2187, #8162, .T. ) ;
#2187 = VERTEX_POINT ( 'NONE', #8158 ) ;
#2188 = ORIENTED_EDGE ( 'NONE', *, *, #2189, .T. ) ;
#2189 = EDGE_CURVE ( 'NONE', #2187, #2203, #8157, .T. ) ;
#2190 = ORIENTED_EDGE ( 'NONE', *, *, #2202, .F. ) ;
#2191 = ADVANCED_FACE ( 'NONE', ( #8217 ), #8216, .F. ) ;
#2192 = EDGE_LOOP ( 'NONE', ( #2247, #2249, #2250, #2252 ) ) ;
#2193 = EDGE_CURVE ( 'NONE', #2606, #2212, #8211, .T. ) ;
#2194 = ORIENTED_EDGE ( 'NONE', *, *, #2605, .T. ) ;
#2195 = ADVANCED_FACE ( 'NONE', ( #8207 ), #8206, .F. ) ;
#2196 = EDGE_LOOP ( 'NONE', ( #2197, #2201, #2204, #2207 ) ) ;
#2197 = ORIENTED_EDGE ( 'NONE', *, *, #2198, .F. ) ;
#2198 = EDGE_CURVE ( 'NONE', #2199, #2200, #8201, .T. ) ;
#2199 = VERTEX_POINT ( 'NONE', #8197 ) ;
#2200 = VERTEX_POINT ( 'NONE', #8196 ) ;
#2201 = ORIENTED_EDGE ( 'NONE', *, *, #2202, .T. ) ;
#2202 = EDGE_CURVE ( 'NONE', #2199, #2203, #8195, .T. ) ;
#2203 = VERTEX_POINT ( 'NONE', #8191 ) ;
#2204 = ORIENTED_EDGE ( 'NONE', *, *, #2205, .T. ) ;
#2205 = EDGE_CURVE ( 'NONE', #2203, #2206, #8190, .T. ) ;
#2206 = VERTEX_POINT ( 'NONE', #8186 ) ;
#2207 = ORIENTED_EDGE ( 'NONE', *, *, #2261, .F. ) ;
#2208 = EDGE_CURVE ( 'NONE', #2166, #2150, #8249, .T. ) ;
#2209 = ORIENTED_EDGE ( 'NONE', *, *, #2146, .F. ) ;
#2210 = ORIENTED_EDGE ( 'NONE', *, *, #2211, .F. ) ;
#2211 = EDGE_CURVE ( 'NONE', #2212, #2144, #8245, .T. ) ;
#2212 = VERTEX_POINT ( 'NONE', #8241 ) ;
#2213 = ORIENTED_EDGE ( 'NONE', *, *, #2214, .T. ) ;
#2214 = EDGE_CURVE ( 'NONE', #2212, #2150, #8240, .T. ) ;
#2215 = ADVANCED_FACE ( 'NONE', ( #8236 ), #8235, .F. ) ;
#2216 = EDGE_LOOP ( 'NONE', ( #2217, #2219, #2220, #2194 ) ) ;
#2217 = ORIENTED_EDGE ( 'NONE', *, *, #2218, .F. ) ;
#2218 = EDGE_CURVE ( 'NONE', #2150, #2594, #8230, .T. ) ;
#2219 = ORIENTED_EDGE ( 'NONE', *, *, #2214, .F. ) ;
#2220 = ORIENTED_EDGE ( 'NONE', *, *, #2193, .F. ) ;
#2221 = EDGE_CURVE ( 'NONE', #2166, #2222, #8226, .T. ) ;
#2222 = VERTEX_POINT ( 'NONE', #8222 ) ;
#2223 = ORIENTED_EDGE ( 'NONE', *, *, #2224, .T. ) ;
#2224 = EDGE_CURVE ( 'NONE', #2222, #2141, #8221, .T. ) ;
#2225 = ORIENTED_EDGE ( 'NONE', *, *, #2226, .F. ) ;
#2226 = EDGE_CURVE ( 'NONE', #2227, #2308, #8283, .T. ) ;
#2227 = VERTEX_POINT ( 'NONE', #8279 ) ;
#2228 = ORIENTED_EDGE ( 'NONE', *, *, #2229, .F. ) ;
#2229 = EDGE_CURVE ( 'NONE', #1906, #2227, #8278, .T. ) ;
#2230 = ORIENTED_EDGE ( 'NONE', *, *, #1907, .F. ) ;
#2231 = ADVANCED_FACE ( 'NONE', ( #8274 ), #8273, .F. ) ;
#2232 = EDGE_LOOP ( 'NONE', ( #2233, #2291, #2294, #2296 ) ) ;
#2233 = ORIENTED_EDGE ( 'NONE', *, *, #2234, .F. ) ;
#2234 = EDGE_CURVE ( 'NONE', #2235, #2027, #8268, .T. ) ;
#2235 = VERTEX_POINT ( 'NONE', #8264 ) ;
#2236 = ORIENTED_EDGE ( 'NONE', *, *, #1948, .F. ) ;
#2237 = ORIENTED_EDGE ( 'NONE', *, *, #2238, .T. ) ;
#2238 = EDGE_CURVE ( 'NONE', #1946, #2257, #8263, .T. ) ;
#2239 = ADVANCED_FACE ( 'NONE', ( #8259 ), #8258, .T. ) ;
#2240 = EDGE_LOOP ( 'NONE', ( #2241, #2242, #2243, #2244, #2245, #2305, #2306, #2225, #2228, #2230 ) ) ;
#2241 = ORIENTED_EDGE ( 'NONE', *, *, #2059, .F. ) ;
#2242 = ORIENTED_EDGE ( 'NONE', *, *, #2138, .T. ) ;
#2243 = ORIENTED_EDGE ( 'NONE', *, *, #2117, .T. ) ;
#2244 = ORIENTED_EDGE ( 'NONE', *, *, #2127, .T. ) ;
#2245 = ORIENTED_EDGE ( 'NONE', *, *, #2246, .T. ) ;
#2246 = EDGE_CURVE ( 'NONE', #1726, #2024, #8253, .T. ) ;
#2247 = ORIENTED_EDGE ( 'NONE', *, *, #2248, .F. ) ;
#2248 = EDGE_CURVE ( 'NONE', #2600, #2184, #8315, .T. ) ;
#2249 = ORIENTED_EDGE ( 'NONE', *, *, #2599, .T. ) ;
#2250 = ORIENTED_EDGE ( 'NONE', *, *, #2251, .T. ) ;
#2251 = EDGE_CURVE ( 'NONE', #2598, #2187, #8311, .T. ) ;
#2252 = ORIENTED_EDGE ( 'NONE', *, *, #2186, .F. ) ;
#2253 = ADVANCED_FACE ( 'NONE', ( #8307 ), #8306, .F. ) ;
#2254 = EDGE_LOOP ( 'NONE', ( #2255, #2259, #2236, #2237 ) ) ;
#2255 = ORIENTED_EDGE ( 'NONE', *, *, #2256, .T. ) ;
#2256 = EDGE_CURVE ( 'NONE', #2257, #2258, #8301, .T. ) ;
#2257 = VERTEX_POINT ( 'NONE', #8297 ) ;
#2258 = VERTEX_POINT ( 'NONE', #8296 ) ;
#2259 = ORIENTED_EDGE ( 'NONE', *, *, #2260, .F. ) ;
#2260 = EDGE_CURVE ( 'NONE', #1949, #2258, #8295, .T. ) ;
#2261 = EDGE_CURVE ( 'NONE', #2200, #2206, #8291, .T. ) ;
#2262 = ADVANCED_FACE ( 'NONE', ( #8287 ), #8286, .F. ) ;
#2263 = EDGE_LOOP ( 'NONE', ( #2264, #2185, #2188, #2190 ) ) ;
#2264 = ORIENTED_EDGE ( 'NONE', *, *, #2183, .F. ) ;
#2265 = VERTEX_POINT ( 'NONE', #8344 ) ;
#2266 = ORIENTED_EDGE ( 'NONE', *, *, #2267, .F. ) ;
#2267 = EDGE_CURVE ( 'NONE', #2290, #2086, #8343, .T. ) ;
#2268 = ORIENTED_EDGE ( 'NONE', *, *, #2269, .F. ) ;
#2269 = EDGE_CURVE ( 'NONE', #2270, #2290, #8339, .T. ) ;
#2270 = VERTEX_POINT ( 'NONE', #8335 ) ;
#2271 = ORIENTED_EDGE ( 'NONE', *, *, #2272, .F. ) ;
#2272 = EDGE_CURVE ( 'NONE', #2302, #2270, #8334, .T. ) ;
#2273 = ORIENTED_EDGE ( 'NONE', *, *, #2300, .F. ) ;
#2274 = ORIENTED_EDGE ( 'NONE', *, *, #2275, .F. ) ;
#2275 = EDGE_CURVE ( 'NONE', #2151, #2301, #8330, .T. ) ;
#2276 = ORIENTED_EDGE ( 'NONE', *, *, #2180, .T. ) ;
#2277 = ORIENTED_EDGE ( 'NONE', *, *, #2103, .F. ) ;
#2278 = ORIENTED_EDGE ( 'NONE', *, *, #2611, .F. ) ;
#2279 = ORIENTED_EDGE ( 'NONE', *, *, #2193, .T. ) ;
#2280 = ORIENTED_EDGE ( 'NONE', *, *, #2211, .T. ) ;
#2281 = ORIENTED_EDGE ( 'NONE', *, *, #2143, .T. ) ;
#2282 = ORIENTED_EDGE ( 'NONE', *, *, #2283, .T. ) ;
#2283 = EDGE_CURVE ( 'NONE', #2141, #2284, #8326, .T. ) ;
#2284 = VERTEX_POINT ( 'NONE', #8322 ) ;
#2285 = ORIENTED_EDGE ( 'NONE', *, *, #2286, .F. ) ;
#2286 = EDGE_CURVE ( 'NONE', #2301, #2284, #8321, .T. ) ;
#2287 = ADVANCED_FACE ( 'NONE', ( #8317 ), #8316, .F. ) ;
#2288 = EDGE_LOOP ( 'NONE', ( #2289, #2266, #2268, #2271, #2273, #2274, #2276, #2277, #2343, #2346, #2349, #2352, #2355, #2327, #2330, #2333, #2336, #2339, #2342, #2315, #2317, #2318, #2321, #2324, #2392, #2395, #2398, #2400, #2309, #2310, #2379, #2382, #2384, #2385, #2388, #2391 ) ) ;
#2289 = ORIENTED_EDGE ( 'NONE', *, *, #2088, .F. ) ;
#2290 = VERTEX_POINT ( 'NONE', #8377 ) ;
#2291 = ORIENTED_EDGE ( 'NONE', *, *, #2292, .F. ) ;
#2292 = EDGE_CURVE ( 'NONE', #2293, #2235, #8376, .T. ) ;
#2293 = VERTEX_POINT ( 'NONE', #8372 ) ;
#2294 = ORIENTED_EDGE ( 'NONE', *, *, #2295, .F. ) ;
#2295 = EDGE_CURVE ( 'NONE', #2030, #2293, #8371, .T. ) ;
#2296 = ORIENTED_EDGE ( 'NONE', *, *, #2029, .F. ) ;
#2297 = ADVANCED_FACE ( 'NONE', ( #8367 ), #8366, .F. ) ;
#2298 = EDGE_LOOP ( 'NONE', ( #2299, #2303, #2278, #2279, #2280, #2281, #2282, #2285 ) ) ;
#2299 = ORIENTED_EDGE ( 'NONE', *, *, #2300, .T. ) ;
#2300 = EDGE_CURVE ( 'NONE', #2301, #2302, #8361, .T. ) ;
#2301 = VERTEX_POINT ( 'NONE', #8357 ) ;
#2302 = VERTEX_POINT ( 'NONE', #8356 ) ;
#2303 = ORIENTED_EDGE ( 'NONE', *, *, #2304, .F. ) ;
#2304 = EDGE_CURVE ( 'NONE', #2612, #2302, #8355, .T. ) ;
#2305 = ORIENTED_EDGE ( 'NONE', *, *, #2023, .F. ) ;
#2306 = ORIENTED_EDGE ( 'NONE', *, *, #2307, .F. ) ;
#2307 = EDGE_CURVE ( 'NONE', #2308, #2021, #8351, .T. ) ;
#2308 = VERTEX_POINT ( 'NONE', #8347 ) ;
#2309 = ORIENTED_EDGE ( 'NONE', *, *, #2020, .F. ) ;
#2310 = ORIENTED_EDGE ( 'NONE', *, *, #2311, .F. ) ;
#2311 = EDGE_CURVE ( 'NONE', #2312, #2018, #8411, .T. ) ;
#2312 = VERTEX_POINT ( 'NONE', #8407 ) ;
#2313 = EDGE_CURVE ( 'NONE', #2314, #2341, #8406, .T. ) ;
#2314 = VERTEX_POINT ( 'NONE', #8402 ) ;
#2315 = ORIENTED_EDGE ( 'NONE', *, *, #2316, .F. ) ;
#2316 = EDGE_CURVE ( 'NONE', #2040, #2314, #8401, .T. ) ;
#2317 = ORIENTED_EDGE ( 'NONE', *, *, #2039, .T. ) ;
#2318 = ORIENTED_EDGE ( 'NONE', *, *, #2319, .F. ) ;
#2319 = EDGE_CURVE ( 'NONE', #2320, #2041, #8397, .T. ) ;
#2320 = VERTEX_POINT ( 'NONE', #8393 ) ;
#2321 = ORIENTED_EDGE ( 'NONE', *, *, #2322, .F. ) ;
#2322 = EDGE_CURVE ( 'NONE', #2323, #2320, #8392, .T. ) ;
#2323 = VERTEX_POINT ( 'NONE', #8388 ) ;
#2324 = ORIENTED_EDGE ( 'NONE', *, *, #2325, .T. ) ;
#2325 = EDGE_CURVE ( 'NONE', #2323, #2326, #8387, .T. ) ;
#2326 = VERTEX_POINT ( 'NONE', #8383 ) ;
#2327 = ORIENTED_EDGE ( 'NONE', *, *, #2328, .F. ) ;
#2328 = EDGE_CURVE ( 'NONE', #2329, #2265, #8382, .T. ) ;
#2329 = VERTEX_POINT ( 'NONE', #8440 ) ;
#2330 = ORIENTED_EDGE ( 'NONE', *, *, #2331, .F. ) ;
#2331 = EDGE_CURVE ( 'NONE', #2332, #2329, #8439, .T. ) ;
#2332 = VERTEX_POINT ( 'NONE', #8435 ) ;
#2333 = ORIENTED_EDGE ( 'NONE', *, *, #2334, .F. ) ;
#2334 = EDGE_CURVE ( 'NONE', #2335, #2332, #8434, .T. ) ;
#2335 = VERTEX_POINT ( 'NONE', #8430 ) ;
#2336 = ORIENTED_EDGE ( 'NONE', *, *, #2337, .F. ) ;
#2337 = EDGE_CURVE ( 'NONE', #2338, #2335, #8429, .T. ) ;
#2338 = VERTEX_POINT ( 'NONE', #8425 ) ;
#2339 = ORIENTED_EDGE ( 'NONE', *, *, #2340, .F. ) ;
#2340 = EDGE_CURVE ( 'NONE', #2341, #2338, #8424, .T. ) ;
#2341 = VERTEX_POINT ( 'NONE', #8420 ) ;
#2342 = ORIENTED_EDGE ( 'NONE', *, *, #2313, .F. ) ;
#2343 = ORIENTED_EDGE ( 'NONE', *, *, #2344, .T. ) ;
#2344 = EDGE_CURVE ( 'NONE', #2101, #2345, #8419, .T. ) ;
#2345 = VERTEX_POINT ( 'NONE', #8415 ) ;
#2346 = ORIENTED_EDGE ( 'NONE', *, *, #2347, .T. ) ;
#2347 = EDGE_CURVE ( 'NONE', #2345, #2348, #8414, .T. ) ;
#2348 = VERTEX_POINT ( 'NONE', #8475 ) ;
#2349 = ORIENTED_EDGE ( 'NONE', *, *, #2350, .F. ) ;
#2350 = EDGE_CURVE ( 'NONE', #2351, #2348, #8474, .T. ) ;
#2351 = VERTEX_POINT ( 'NONE', #8470 ) ;
#2352 = ORIENTED_EDGE ( 'NONE', *, *, #2353, .F. ) ;
#2353 = EDGE_CURVE ( 'NONE', #2354, #2351, #8469, .T. ) ;
#2354 = VERTEX_POINT ( 'NONE', #8465 ) ;
#2355 = ORIENTED_EDGE ( 'NONE', *, *, #2356, .T. ) ;
#2356 = EDGE_CURVE ( 'NONE', #2354, #2265, #8464, .T. ) ;
#2357 = ORIENTED_EDGE ( 'NONE', *, *, #2368, .T. ) ;
#2358 = ORIENTED_EDGE ( 'NONE', *, *, #2359, .T. ) ;
#2359 = EDGE_CURVE ( 'NONE', #2370, #2394, #8460, .T. ) ;
#2360 = ADVANCED_FACE ( 'NONE', ( #8456 ), #8455, .F. ) ;
#2361 = EDGE_LOOP ( 'NONE', ( #2362, #2423, #2426, #2428, #2429, #2430 ) ) ;
#2362 = ORIENTED_EDGE ( 'NONE', *, *, #2421, .F. ) ;
#2363 = VERTEX_POINT ( 'NONE', #8450 ) ;
#2364 = EDGE_CURVE ( 'NONE', #2390, #2089, #8448, .T. ) ;
#2365 = ADVANCED_FACE ( 'NONE', ( #8444 ), #8508, .F. ) ;
#2366 = EDGE_LOOP ( 'NONE', ( #2367, #2371, #2374, #2377, #2434, #2435 ) ) ;
#2367 = ORIENTED_EDGE ( 'NONE', *, *, #2368, .F. ) ;
#2368 = EDGE_CURVE ( 'NONE', #2369, #2370, #8503, .T. ) ;
#2369 = VERTEX_POINT ( 'NONE', #8499 ) ;
#2370 = VERTEX_POINT ( 'NONE', #8498 ) ;
#2371 = ORIENTED_EDGE ( 'NONE', *, *, #2372, .F. ) ;
#2372 = EDGE_CURVE ( 'NONE', #2373, #2369, #8497, .T. ) ;
#2373 = VERTEX_POINT ( 'NONE', #8493 ) ;
#2374 = ORIENTED_EDGE ( 'NONE', *, *, #2375, .F. ) ;
#2375 = EDGE_CURVE ( 'NONE', #2376, #2373, #8492, .T. ) ;
#2376 = VERTEX_POINT ( 'NONE', #8488 ) ;
#2377 = ORIENTED_EDGE ( 'NONE', *, *, #2378, .T. ) ;
#2378 = EDGE_CURVE ( 'NONE', #2376, #1855, #8487, .T. ) ;
#2379 = ORIENTED_EDGE ( 'NONE', *, *, #2380, .F. ) ;
#2380 = EDGE_CURVE ( 'NONE', #2381, #2312, #8483, .T. ) ;
#2381 = VERTEX_POINT ( 'NONE', #8479 ) ;
#2382 = ORIENTED_EDGE ( 'NONE', *, *, #2383, .F. ) ;
#2383 = EDGE_CURVE ( 'NONE', #2258, #2381, #8478, .T. ) ;
#2384 = ORIENTED_EDGE ( 'NONE', *, *, #2256, .F. ) ;
#2385 = ORIENTED_EDGE ( 'NONE', *, *, #2386, .T. ) ;
#2386 = EDGE_CURVE ( 'NONE', #2257, #2387, #8537, .T. ) ;
#2387 = VERTEX_POINT ( 'NONE', #8533 ) ;
#2388 = ORIENTED_EDGE ( 'NONE', *, *, #2389, .T. ) ;
#2389 = EDGE_CURVE ( 'NONE', #2387, #2390, #8532, .T. ) ;
#2390 = VERTEX_POINT ( 'NONE', #8528 ) ;
#2391 = ORIENTED_EDGE ( 'NONE', *, *, #2364, .T. ) ;
#2392 = ORIENTED_EDGE ( 'NONE', *, *, #2393, .T. ) ;
#2393 = EDGE_CURVE ( 'NONE', #2326, #2394, #8527, .T. ) ;
#2394 = VERTEX_POINT ( 'NONE', #8523 ) ;
#2395 = ORIENTED_EDGE ( 'NONE', *, *, #2396, .T. ) ;
#2396 = EDGE_CURVE ( 'NONE', #2394, #2397, #8522, .T. ) ;
#2397 = VERTEX_POINT ( 'NONE', #8518 ) ;
#2398 = ORIENTED_EDGE ( 'NONE', *, *, #2399, .T. ) ;
#2399 = EDGE_CURVE ( 'NONE', #2397, #2308, #8517, .T. ) ;
#2400 = ORIENTED_EDGE ( 'NONE', *, *, #2307, .T. ) ;
#2401 = EDGE_LOOP ( 'NONE', ( #2402, #2403, #2405, #2406, #2407, #2466, #2467, #2468, #2470, #2471 ) ) ;
#2402 = ORIENTED_EDGE ( 'NONE', *, *, #2286, .T. ) ;
#2403 = ORIENTED_EDGE ( 'NONE', *, *, #2404, .F. ) ;
#2404 = EDGE_CURVE ( 'NONE', #2206, #2284, #8513, .T. ) ;
#2405 = ORIENTED_EDGE ( 'NONE', *, *, #2205, .F. ) ;
#2406 = ORIENTED_EDGE ( 'NONE', *, *, #2189, .F. ) ;
#2407 = ORIENTED_EDGE ( 'NONE', *, *, #2251, .F. ) ;
#2408 = ORIENTED_EDGE ( 'NONE', *, *, #2427, .T. ) ;
#2409 = ORIENTED_EDGE ( 'NONE', *, *, #2410, .T. ) ;
#2410 = EDGE_CURVE ( 'NONE', #2425, #2345, #8509, .T. ) ;
#2411 = ORIENTED_EDGE ( 'NONE', *, *, #2344, .F. ) ;
#2412 = ORIENTED_EDGE ( 'NONE', *, *, #2182, .T. ) ;
#2413 = ADVANCED_FACE ( 'NONE', ( #8569 ), #8568, .F. ) ;
#2414 = EDGE_LOOP ( 'NONE', ( #2415, #2418, #2479, #2481 ) ) ;
#2415 = ORIENTED_EDGE ( 'NONE', *, *, #2416, .F. ) ;
#2416 = EDGE_CURVE ( 'NONE', #2417, #1864, #8563, .T. ) ;
#2417 = VERTEX_POINT ( 'NONE', #8559 ) ;
#2418 = ORIENTED_EDGE ( 'NONE', *, *, #2419, .T. ) ;
#2419 = EDGE_CURVE ( 'NONE', #2417, #2420, #8558, .T. ) ;
#2420 = VERTEX_POINT ( 'NONE', #8554 ) ;
#2421 = EDGE_CURVE ( 'NONE', #2363, #2422, #8553, .T. ) ;
#2422 = VERTEX_POINT ( 'NONE', #8549 ) ;
#2423 = ORIENTED_EDGE ( 'NONE', *, *, #2424, .F. ) ;
#2424 = EDGE_CURVE ( 'NONE', #2425, #2363, #8548, .T. ) ;
#2425 = VERTEX_POINT ( 'NONE', #8544 ) ;
#2426 = ORIENTED_EDGE ( 'NONE', *, *, #2427, .F. ) ;
#2427 = EDGE_CURVE ( 'NONE', #2126, #2425, #8543, .T. ) ;
#2428 = ORIENTED_EDGE ( 'NONE', *, *, #2125, .T. ) ;
#2429 = ORIENTED_EDGE ( 'NONE', *, *, #1780, .T. ) ;
#2430 = ORIENTED_EDGE ( 'NONE', *, *, #2431, .F. ) ;
#2431 = EDGE_CURVE ( 'NONE', #2422, #1778, #8605, .T. ) ;
#2432 = ADVANCED_FACE ( 'NONE', ( #8601 ), #8600, .F. ) ;
#2433 = EDGE_LOOP ( 'NONE', ( #2408, #2409, #2411, #2412 ) ) ;
#2434 = ORIENTED_EDGE ( 'NONE', *, *, #1854, .T. ) ;
#2435 = ORIENTED_EDGE ( 'NONE', *, *, #2436, .F. ) ;
#2436 = EDGE_CURVE ( 'NONE', #2370, #1852, #8595, .T. ) ;
#2437 = ADVANCED_FACE ( 'NONE', ( #8591 ), #8590, .F. ) ;
#2438 = EDGE_LOOP ( 'NONE', ( #2439, #2440, #2357, #2358 ) ) ;
#2439 = ORIENTED_EDGE ( 'NONE', *, *, #2393, .F. ) ;
#2440 = ORIENTED_EDGE ( 'NONE', *, *, #2441, .T. ) ;
#2441 = EDGE_CURVE ( 'NONE', #2326, #2369, #8585, .T. ) ;
#2442 = EDGE_LOOP ( 'NONE', ( #2443, #2444, #2447, #2449 ) ) ;
#2443 = ORIENTED_EDGE ( 'NONE', *, *, #2465, .F. ) ;
#2444 = ORIENTED_EDGE ( 'NONE', *, *, #2445, .T. ) ;
#2445 = EDGE_CURVE ( 'NONE', #2463, #2446, #8581, .T. ) ;
#2446 = VERTEX_POINT ( 'NONE', #8577 ) ;
#2447 = ORIENTED_EDGE ( 'NONE', *, *, #2448, .T. ) ;
#2448 = EDGE_CURVE ( 'NONE', #2446, #1861, #8576, .T. ) ;
#2449 = ORIENTED_EDGE ( 'NONE', *, *, #1860, .T. ) ;
#2450 = ADVANCED_FACE ( 'NONE', ( #8639 ), #8638, .F. ) ;
#2451 = EDGE_LOOP ( 'NONE', ( #2452, #2506, #2509, #2511 ) ) ;
#2452 = ORIENTED_EDGE ( 'NONE', *, *, #2453, .F. ) ;
#2453 = EDGE_CURVE ( 'NONE', #2505, #1870, #8633, .T. ) ;
#2454 = EDGE_CURVE ( 'NONE', #2477, #2397, #8629, .T. ) ;
#2455 = ORIENTED_EDGE ( 'NONE', *, *, #2396, .F. ) ;
#2456 = ORIENTED_EDGE ( 'NONE', *, *, #2359, .F. ) ;
#2457 = ORIENTED_EDGE ( 'NONE', *, *, #2436, .T. ) ;
#2458 = ADVANCED_FACE ( 'NONE', ( #8625 ), #8624, .F. ) ;
#2459 = EDGE_LOOP ( 'NONE', ( #2460, #2461, #2464, #2520 ) ) ;
#2460 = ORIENTED_EDGE ( 'NONE', *, *, #2378, .F. ) ;
#2461 = ORIENTED_EDGE ( 'NONE', *, *, #2462, .T. ) ;
#2462 = EDGE_CURVE ( 'NONE', #2376, #2463, #8619, .T. ) ;
#2463 = VERTEX_POINT ( 'NONE', #8615 ) ;
#2464 = ORIENTED_EDGE ( 'NONE', *, *, #2465, .T. ) ;
#2465 = EDGE_CURVE ( 'NONE', #2463, #1858, #8614, .T. ) ;
#2466 = ORIENTED_EDGE ( 'NONE', *, *, #2597, .T. ) ;
#2467 = ORIENTED_EDGE ( 'NONE', *, *, #1918, .T. ) ;
#2468 = ORIENTED_EDGE ( 'NONE', *, *, #2469, .F. ) ;
#2469 = EDGE_CURVE ( 'NONE', #2154, #1795, #8610, .T. ) ;
#2470 = ORIENTED_EDGE ( 'NONE', *, *, #2153, .T. ) ;
#2471 = ORIENTED_EDGE ( 'NONE', *, *, #2275, .T. ) ;
#2472 = ADVANCED_FACE ( 'NONE', ( #8606 ), #8672, .F. ) ;
#2473 = EDGE_LOOP ( 'NONE', ( #2474, #2475, #2478, #2455, #2456, #2457 ) ) ;
#2474 = ORIENTED_EDGE ( 'NONE', *, *, #1851, .T. ) ;
#2475 = ORIENTED_EDGE ( 'NONE', *, *, #2476, .T. ) ;
#2476 = EDGE_CURVE ( 'NONE', #1798, #2477, #8667, .T. ) ;
#2477 = VERTEX_POINT ( 'NONE', #8663 ) ;
#2478 = ORIENTED_EDGE ( 'NONE', *, *, #2454, .T. ) ;
#2479 = ORIENTED_EDGE ( 'NONE', *, *, #2480, .T. ) ;
#2480 = EDGE_CURVE ( 'NONE', #2420, #1867, #8662, .T. ) ;
#2481 = ORIENTED_EDGE ( 'NONE', *, *, #1866, .T. ) ;
#2482 = ADVANCED_FACE ( 'NONE', ( #8658 ), #8657, .F. ) ;
#2483 = ADVANCED_FACE ( 'NONE', ( #8652 ), #8651, .F. ) ;
#2484 = EDGE_LOOP ( 'NONE', ( #2485, #2486, #2488, #2489, #2491, #2492 ) ) ;
#2485 = ORIENTED_EDGE ( 'NONE', *, *, #2424, .T. ) ;
#2486 = ORIENTED_EDGE ( 'NONE', *, *, #2487, .F. ) ;
#2487 = EDGE_CURVE ( 'NONE', #2613, #2363, #8646, .T. ) ;
#2488 = ORIENTED_EDGE ( 'NONE', *, *, #2685, .F. ) ;
#2489 = ORIENTED_EDGE ( 'NONE', *, *, #2490, .T. ) ;
#2490 = EDGE_CURVE ( 'NONE', #2686, #2348, #8642, .T. ) ;
#2491 = ORIENTED_EDGE ( 'NONE', *, *, #2347, .F. ) ;
#2492 = ORIENTED_EDGE ( 'NONE', *, *, #2410, .F. ) ;
#2493 = EDGE_LOOP ( 'NONE', ( #2560, #2561, #2563, #2564 ) ) ;
#2494 = ADVANCED_FACE ( 'NONE', ( #8704 ), #8703, .F. ) ;
#2495 = ORIENTED_EDGE ( 'NONE', *, *, #2448, .F. ) ;
#2496 = ORIENTED_EDGE ( 'NONE', *, *, #2497, .T. ) ;
#2497 = EDGE_CURVE ( 'NONE', #2446, #2417, #8698, .T. ) ;
#2498 = ORIENTED_EDGE ( 'NONE', *, *, #2416, .T. ) ;
#2499 = ORIENTED_EDGE ( 'NONE', *, *, #1863, .T. ) ;
#2500 = ADVANCED_FACE ( 'NONE', ( #8694 ), #8693, .F. ) ;
#2501 = EDGE_LOOP ( 'NONE', ( #2502, #2503, #9443, #9401 ) ) ;
#2502 = ORIENTED_EDGE ( 'NONE', *, *, #2480, .F. ) ;
#2503 = ORIENTED_EDGE ( 'NONE', *, *, #2504, .T. ) ;
#2504 = EDGE_CURVE ( 'NONE', #2420, #2505, #8688, .T. ) ;
#2505 = VERTEX_POINT ( 'NONE', #8684 ) ;
#2506 = ORIENTED_EDGE ( 'NONE', *, *, #2507, .T. ) ;
#2507 = EDGE_CURVE ( 'NONE', #2505, #2508, #8683, .T. ) ;
#2508 = VERTEX_POINT ( 'NONE', #8679 ) ;
#2509 = ORIENTED_EDGE ( 'NONE', *, *, #2510, .T. ) ;
#2510 = EDGE_CURVE ( 'NONE', #2508, #9400, #8678, .T. ) ;
#2511 = ORIENTED_EDGE ( 'NONE', *, *, #1872, .T. ) ;
#2512 = ADVANCED_FACE ( 'NONE', ( #8674 ), #8673, .F. ) ;
#2513 = EDGE_LOOP ( 'NONE', ( #2514, #2515, #2517, #2518 ) ) ;
#2514 = ORIENTED_EDGE ( 'NONE', *, *, #2510, .F. ) ;
#2515 = ORIENTED_EDGE ( 'NONE', *, *, #2516, .T. ) ;
#2516 = EDGE_CURVE ( 'NONE', #2508, #2422, #8741, .T. ) ;
#2517 = ORIENTED_EDGE ( 'NONE', *, *, #2431, .T. ) ;
#2518 = ORIENTED_EDGE ( 'NONE', *, *, #1777, .T. ) ;
#2519 = EDGE_LOOP ( 'NONE', ( #2495, #2496, #2498, #2499 ) ) ;
#2520 = ORIENTED_EDGE ( 'NONE', *, *, #1857, .T. ) ;
#2521 = ADVANCED_FACE ( 'NONE', ( #8737 ), #8736, .F. ) ;
#2522 = EDGE_LOOP ( 'NONE', ( #2527, #2603, #2579, #2615 ) ) ;
#2523 = ORIENTED_EDGE ( 'NONE', *, *, #2524, .T. ) ;
#2524 = EDGE_CURVE ( 'NONE', #2612, #1933, #8731, .T. ) ;
#2525 = EDGE_CURVE ( 'NONE', #2528, #2602, #8727, .T. ) ;
#2526 = ADVANCED_FACE ( 'NONE', ( #8723, #8722, #8721, #8720, #8719, #8718, #8717, #8716, #8715, #8714, #8713, #8712, #8711 ), #8709, .T. ) ;
#2527 = ORIENTED_EDGE ( 'NONE', *, *, #2525, .T. ) ;
#2528 = VERTEX_POINT ( 'NONE', #8776 ) ;
#2529 = ORIENTED_EDGE ( 'NONE', *, *, #2530, .T. ) ;
#2530 = EDGE_CURVE ( 'NONE', #1820, #2531, #8775, .T. ) ;
#2531 = VERTEX_POINT ( 'NONE', #8771 ) ;
#2532 = EDGE_CURVE ( 'NONE', #2533, #2540, #8770, .T. ) ;
#2533 = VERTEX_POINT ( 'NONE', #8766 ) ;
#2534 = ORIENTED_EDGE ( 'NONE', *, *, #2535, .F. ) ;
#2535 = EDGE_CURVE ( 'NONE', #1826, #2533, #8765, .T. ) ;
#2536 = ORIENTED_EDGE ( 'NONE', *, *, #1643, .T. ) ;
#2537 = ORIENTED_EDGE ( 'NONE', *, *, #2538, .F. ) ;
#2538 = EDGE_CURVE ( 'NONE', #1811, #2548, #8761, .T. ) ;
#2539 = ORIENTED_EDGE ( 'NONE', *, *, #1810, .F. ) ;
#2540 = VERTEX_POINT ( 'NONE', #8757 ) ;
#2541 = ORIENTED_EDGE ( 'NONE', *, *, #2532, .F. ) ;
#2542 = VERTEX_POINT ( 'NONE', #8756 ) ;
#2543 = ORIENTED_EDGE ( 'NONE', *, *, #2544, .F. ) ;
#2544 = EDGE_CURVE ( 'NONE', #1837, #2542, #8755, .T. ) ;
#2545 = ORIENTED_EDGE ( 'NONE', *, *, #1836, .F. ) ;
#2546 = ORIENTED_EDGE ( 'NONE', *, *, #2547, .F. ) ;
#2547 = EDGE_CURVE ( 'NONE', #2548, #2531, #8751, .T. ) ;
#2548 = VERTEX_POINT ( 'NONE', #8747 ) ;
#2549 = VERTEX_POINT ( 'NONE', #8746 ) ;
#2550 = ORIENTED_EDGE ( 'NONE', *, *, #1848, .F. ) ;
#2551 = ORIENTED_EDGE ( 'NONE', *, *, #2554, .T. ) ;
#2552 = ORIENTED_EDGE ( 'NONE', *, *, #2553, .T. ) ;
#2553 = EDGE_CURVE ( 'NONE', #1808, #2540, #8809, .T. ) ;
#2554 = EDGE_CURVE ( 'NONE', #1846, #2549, #8805, .T. ) ;
#2555 = ORIENTED_EDGE ( 'NONE', *, *, #2556, .F. ) ;
#2556 = EDGE_CURVE ( 'NONE', #2542, #2549, #8801, .T. ) ;
#2557 = EDGE_CURVE ( 'NONE', #1849, #2670, #8797, .T. ) ;
#2558 = VERTEX_POINT ( 'NONE', #8793 ) ;
#2559 = ADVANCED_FACE ( 'NONE', ( #8792 ), #8791, .F. ) ;
#2560 = ORIENTED_EDGE ( 'NONE', *, *, #1555, .F. ) ;
#2561 = ORIENTED_EDGE ( 'NONE', *, *, #2562, .T. ) ;
#2562 = EDGE_CURVE ( 'NONE', #1569, #2265, #8786, .T. ) ;
#2563 = ORIENTED_EDGE ( 'NONE', *, *, #2356, .F. ) ;
#2564 = ORIENTED_EDGE ( 'NONE', *, *, #2565, .F. ) ;
#2565 = EDGE_CURVE ( 'NONE', #1556, #2354, #8782, .T. ) ;
#2566 = ADVANCED_FACE ( 'NONE', ( #8778 ), #8777, .F. ) ;
#2567 = ORIENTED_EDGE ( 'NONE', *, *, #2568, .T. ) ;
#2568 = EDGE_CURVE ( 'NONE', #2656, #2569, #8836, .T. ) ;
#2569 = VERTEX_POINT ( 'NONE', #8832 ) ;
#2570 = EDGE_CURVE ( 'NONE', #2528, #2581, #8831, .T. ) ;
#2571 = EDGE_CURVE ( 'NONE', #2582, #2583, #8827, .T. ) ;
#2572 = VERTEX_POINT ( 'NONE', #8823 ) ;
#2573 = ORIENTED_EDGE ( 'NONE', *, *, #2574, .T. ) ;
#2574 = EDGE_CURVE ( 'NONE', #2572, #2575, #8822, .T. ) ;
#2575 = VERTEX_POINT ( 'NONE', #8818 ) ;
#2576 = ORIENTED_EDGE ( 'NONE', *, *, #2644, .T. ) ;
#2577 = ORIENTED_EDGE ( 'NONE', *, *, #2578, .F. ) ;
#2578 = EDGE_CURVE ( 'NONE', #2628, #2618, #8817, .T. ) ;
#2579 = ORIENTED_EDGE ( 'NONE', *, *, #2580, .T. ) ;
#2580 = EDGE_CURVE ( 'NONE', #2558, #2581, #8813, .T. ) ;
#2581 = VERTEX_POINT ( 'NONE', #8872 ) ;
#2582 = VERTEX_POINT ( 'NONE', #8871 ) ;
#2583 = VERTEX_POINT ( 'NONE', #8870 ) ;
#2584 = EDGE_CURVE ( 'NONE', #2628, #2585, #8869, .T. ) ;
#2585 = VERTEX_POINT ( 'NONE', #8865 ) ;
#2586 = VERTEX_POINT ( 'NONE', #8864 ) ;
#2587 = VERTEX_POINT ( 'NONE', #8863 ) ;
#2588 = ORIENTED_EDGE ( 'NONE', *, *, #2589, .F. ) ;
#2589 = EDGE_CURVE ( 'NONE', #2582, #2587, #8862, .T. ) ;
#2590 = EDGE_LOOP ( 'NONE', ( #2633, #2573, #2646, #2623 ) ) ;
#2591 = EDGE_CURVE ( 'NONE', #2592, #2600, #8858, .T. ) ;
#2592 = VERTEX_POINT ( 'NONE', #8854 ) ;
#2593 = EDGE_CURVE ( 'NONE', #2592, #2594, #8853, .T. ) ;
#2594 = VERTEX_POINT ( 'NONE', #8849 ) ;
#2595 = ORIENTED_EDGE ( 'NONE', *, *, #2597, .F. ) ;
#2596 = ORIENTED_EDGE ( 'NONE', *, *, #2605, .F. ) ;
#2597 = EDGE_CURVE ( 'NONE', #2598, #1919, #8848, .T. ) ;
#2598 = VERTEX_POINT ( 'NONE', #8844 ) ;
#2599 = EDGE_CURVE ( 'NONE', #2600, #2598, #8843, .T. ) ;
#2600 = VERTEX_POINT ( 'NONE', #8904 ) ;
#2601 = ORIENTED_EDGE ( 'NONE', *, *, #2593, .T. ) ;
#2602 = VERTEX_POINT ( 'NONE', #8903 ) ;
#2603 = ORIENTED_EDGE ( 'NONE', *, *, #2604, .T. ) ;
#2604 = EDGE_CURVE ( 'NONE', #2602, #2558, #8902, .T. ) ;
#2605 = EDGE_CURVE ( 'NONE', #2606, #2594, #8898, .T. ) ;
#2606 = VERTEX_POINT ( 'NONE', #8894 ) ;
#2607 = ORIENTED_EDGE ( 'NONE', *, *, #2599, .F. ) ;
#2608 = ORIENTED_EDGE ( 'NONE', *, *, #2591, .F. ) ;
#2609 = ORIENTED_EDGE ( 'NONE', *, *, #1825, .F. ) ;
#2610 = ORIENTED_EDGE ( 'NONE', *, *, #2611, .T. ) ;
#2611 = EDGE_CURVE ( 'NONE', #2606, #2612, #8893, .T. ) ;
#2612 = VERTEX_POINT ( 'NONE', #8889 ) ;
#2613 = VERTEX_POINT ( 'NONE', #8888 ) ;
#2614 = VERTEX_POINT ( 'NONE', #8887 ) ;
#2615 = ORIENTED_EDGE ( 'NONE', *, *, #2570, .F. ) ;
#2616 = EDGE_CURVE ( 'NONE', #2585, #2586, #8886, .T. ) ;
#2617 = ORIENTED_EDGE ( 'NONE', *, *, #2631, .T. ) ;
#2618 = VERTEX_POINT ( 'NONE', #8882 ) ;
#2619 = ORIENTED_EDGE ( 'NONE', *, *, #2620, .T. ) ;
#2620 = EDGE_CURVE ( 'NONE', #2645, #2587, #8881, .T. ) ;
#2621 = EDGE_LOOP ( 'NONE', ( #2652, #2576, #2619, #2588 ) ) ;
#2622 = VERTEX_POINT ( 'NONE', #8877 ) ;
#2623 = ORIENTED_EDGE ( 'NONE', *, *, #2624, .F. ) ;
#2624 = EDGE_CURVE ( 'NONE', #2635, #2622, #8876, .T. ) ;
#2625 = EDGE_LOOP ( 'NONE', ( #2653, #2567, #2648, #2629 ) ) ;
#2626 = EDGE_CURVE ( 'NONE', #2655, #2650, #8935, .T. ) ;
#2627 = ORIENTED_EDGE ( 'NONE', *, *, #2584, .T. ) ;
#2628 = VERTEX_POINT ( 'NONE', #8931 ) ;
#2629 = ORIENTED_EDGE ( 'NONE', *, *, #2626, .F. ) ;
#2630 = EDGE_LOOP ( 'NONE', ( #2627, #2651, #2617, #2577 ) ) ;
#2631 = EDGE_CURVE ( 'NONE', #2586, #2618, #8930, .T. ) ;
#2632 = EDGE_LOOP ( 'NONE', ( #2640, #2639, #2643, #2677 ) ) ;
#2633 = ORIENTED_EDGE ( 'NONE', *, *, #2634, .T. ) ;
#2634 = EDGE_CURVE ( 'NONE', #2635, #2572, #8926, .T. ) ;
#2635 = VERTEX_POINT ( 'NONE', #8922 ) ;
#2636 = EDGE_CURVE ( 'NONE', #2641, #2637, #8921, .T. ) ;
#2637 = VERTEX_POINT ( 'NONE', #8917 ) ;
#2638 = VERTEX_POINT ( 'NONE', #8916 ) ;
#2639 = ORIENTED_EDGE ( 'NONE', *, *, #2642, .T. ) ;
#2640 = ORIENTED_EDGE ( 'NONE', *, *, #2636, .T. ) ;
#2641 = VERTEX_POINT ( 'NONE', #8915 ) ;
#2642 = EDGE_CURVE ( 'NONE', #2637, #2638, #8914, .T. ) ;
#2643 = ORIENTED_EDGE ( 'NONE', *, *, #2691, .T. ) ;
#2644 = EDGE_CURVE ( 'NONE', #2583, #2645, #8910, .T. ) ;
#2645 = VERTEX_POINT ( 'NONE', #8906 ) ;
#2646 = ORIENTED_EDGE ( 'NONE', *, *, #2647, .T. ) ;
#2647 = EDGE_CURVE ( 'NONE', #2575, #2622, #8969, .T. ) ;
#2648 = ORIENTED_EDGE ( 'NONE', *, *, #2649, .T. ) ;
#2649 = EDGE_CURVE ( 'NONE', #2569, #2650, #8965, .T. ) ;
#2650 = VERTEX_POINT ( 'NONE', #8961 ) ;
#2651 = ORIENTED_EDGE ( 'NONE', *, *, #2616, .T. ) ;
#2652 = ORIENTED_EDGE ( 'NONE', *, *, #2571, .T. ) ;
#2653 = ORIENTED_EDGE ( 'NONE', *, *, #2654, .T. ) ;
#2654 = EDGE_CURVE ( 'NONE', #2655, #2656, #8960, .T. ) ;
#2655 = VERTEX_POINT ( 'NONE', #8956 ) ;
#2656 = VERTEX_POINT ( 'NONE', #8955 ) ;
#2657 = LINE ( 'NONE', #2727, #2726 ) ;
#2658 = DIRECTION ( 'NONE',  ( 1.000000000000000000, 0.0000000000000000000, 0.0000000000000000000 ) ) ;
#2659 = DIRECTION ( 'NONE',  ( 0.0000000000000000000, 0.0000000000000000000, 1.000000000000000000 ) ) ;
#2660 = CARTESIAN_POINT ( 'NONE',  ( 2.199999999999999700, 6.249999999999997300, 2.299999999999995800 ) ) ;
#2661 = AXIS2_PLACEMENT_3D ( 'NONE', #2660, #2659, #2658 ) ;
#2662 = PLANE ( 'NONE',  #2661 ) ;
#2663 = FACE_OUTER_BOUND ( 'NONE', #9, .T. ) ;
#2664 = CARTESIAN_POINT ( 'NONE',  ( 11.25000000000000000, 6.399999999999999500, -1.734723475976807100E-015 ) ) ;
#2665 = DIRECTION ( 'NONE',  ( 0.0000000000000000000, 0.0000000000000000000, 1.000000000000000000 ) ) ;
#2666 = VECTOR ( 'NONE', #2665, 1000.000000000000000 ) ;
#2667 = CARTESIAN_POINT ( 'NONE',  ( -2.199999999999999700, 6.249999999999997300, 1.699999999999995700 ) ) ;
#2668 = LINE ( 'NONE', #2667, #2666 ) ;
#2669 = EDGE_CURVE ( 'NONE', #2670, #1704, #8954, .T. ) ;
#2670 = VERTEX_POINT ( 'NONE', #8950 ) ;
#2671 = ORIENTED_EDGE ( 'NONE', *, *, #2557, .F. ) ;
#2672 = EDGE_LOOP ( 'NONE', ( #2684, #2673, #2690, #2674, #2676, #2680, #2679, #2536, #1646, #1648, #1729, #1572, #1564, #1566, #1639, #1561 ) ) ;
#2673 = ORIENTED_EDGE ( 'NONE', *, *, #2688, .T. ) ;
#2674 = ORIENTED_EDGE ( 'NONE', *, *, #2675, .F. ) ;
#2675 = EDGE_CURVE ( 'NONE', #2683, #2689, #8949, .T. ) ;
#2676 = ORIENTED_EDGE ( 'NONE', *, *, #2692, .F. ) ;
#2677 = ORIENTED_EDGE ( 'NONE', *, *, #2693, .F. ) ;
#2678 = EDGE_CURVE ( 'NONE', #2044, #2681, #8945, .T. ) ;
#2679 = ORIENTED_EDGE ( 'NONE', *, *, #2678, .T. ) ;
#2680 = ORIENTED_EDGE ( 'NONE', *, *, #2047, .T. ) ;
#2681 = VERTEX_POINT ( 'NONE', #8941 ) ;
#2682 = EDGE_CURVE ( 'NONE', #2687, #2689, #8940, .T. ) ;
#2683 = VERTEX_POINT ( 'NONE', #8936 ) ;
#2684 = ORIENTED_EDGE ( 'NONE', *, *, #2685, .T. ) ;
#2685 = EDGE_CURVE ( 'NONE', #2686, #2613, #9006, .T. ) ;
#2686 = VERTEX_POINT ( 'NONE', #9002 ) ;
#2687 = VERTEX_POINT ( 'NONE', #9001 ) ;
#2688 = EDGE_CURVE ( 'NONE', #2613, #2687, #9000, .T. ) ;
#2689 = VERTEX_POINT ( 'NONE', #8996 ) ;
#2690 = ORIENTED_EDGE ( 'NONE', *, *, #2682, .T. ) ;
#2691 = EDGE_CURVE ( 'NONE', #2638, #2614, #8995, .T. ) ;
#2692 = EDGE_CURVE ( 'NONE', #2046, #2683, #8991, .T. ) ;
#2693 = EDGE_CURVE ( 'NONE', #2641, #2614, #8987, .T. ) ;
#2694 = CARTESIAN_POINT ( 'NONE',  ( -12.90000000000000400, 2.949999999999999300, 2.850000000000000100 ) ) ;
#2695 = AXIS2_PLACEMENT_3D ( 'NONE', #2694, #2759, #2758 ) ;
#2696 = PLANE ( 'NONE',  #2695 ) ;
#2697 = FACE_OUTER_BOUND ( 'NONE', #36, .T. ) ;
#2698 = DIRECTION ( 'NONE',  ( 0.0000000000000000000, 0.0000000000000000000, 1.000000000000000000 ) ) ;
#2699 = DIRECTION ( 'NONE',  ( 0.0000000000000000000, 1.000000000000000000, 0.0000000000000000000 ) ) ;
#2700 = CARTESIAN_POINT ( 'NONE',  ( 12.90000000000000000, 3.699999999999996600, 2.850000000000000100 ) ) ;
#2701 = AXIS2_PLACEMENT_3D ( 'NONE', #2700, #2699, #2698 ) ;
#2702 = PLANE ( 'NONE',  #2701 ) ;
#2703 = FACE_OUTER_BOUND ( 'NONE', #28, .T. ) ;
#2704 = DIRECTION ( 'NONE',  ( 1.000000000000000000, 0.0000000000000000000, 0.0000000000000000000 ) ) ;
#2705 = VECTOR ( 'NONE', #2704, 1000.000000000000000 ) ;
#2706 = CARTESIAN_POINT ( 'NONE',  ( -13.30000000000000200, 5.699999999999999300, 2.749999999999999100 ) ) ;
#2707 = LINE ( 'NONE', #2706, #2705 ) ;
#2708 = DIRECTION ( 'NONE',  ( 0.0000000000000000000, 0.0000000000000000000, 1.000000000000000000 ) ) ;
#2709 = DIRECTION ( 'NONE',  ( 0.0000000000000000000, 1.000000000000000000, 0.0000000000000000000 ) ) ;
#2710 = CARTESIAN_POINT ( 'NONE',  ( -13.30000000000000200, 5.699999999999999300, 2.850000000000000100 ) ) ;
#2711 = AXIS2_PLACEMENT_3D ( 'NONE', #2710, #2709, #2708 ) ;
#2712 = PLANE ( 'NONE',  #2711 ) ;
#2713 = FACE_OUTER_BOUND ( 'NONE', #21, .T. ) ;
#2714 = DIRECTION ( 'NONE',  ( 0.0000000000000000000, -1.000000000000000000, 0.0000000000000000000 ) ) ;
#2715 = VECTOR ( 'NONE', #2714, 1000.000000000000000 ) ;
#2716 = CARTESIAN_POINT ( 'NONE',  ( 2.199999999999999700, 6.249999999999997300, 2.299999999999995800 ) ) ;
#2717 = LINE ( 'NONE', #2716, #2715 ) ;
#2718 = CARTESIAN_POINT ( 'NONE',  ( 2.199999999999999700, 6.249999999999997300, 2.299999999999995800 ) ) ;
#2719 = DIRECTION ( 'NONE',  ( 1.000000000000000000, 0.0000000000000000000, 0.0000000000000000000 ) ) ;
#2720 = VECTOR ( 'NONE', #2719, 1000.000000000000000 ) ;
#2721 = CARTESIAN_POINT ( 'NONE',  ( 2.199999999999999700, 6.249999999999997300, 2.299999999999995800 ) ) ;
#2722 = LINE ( 'NONE', #2721, #2720 ) ;
#2723 = CARTESIAN_POINT ( 'NONE',  ( 3.799999999999999800, 4.399999999999997700, 2.299999999999995800 ) ) ;
#2724 = CARTESIAN_POINT ( 'NONE',  ( 3.799999999999999800, 6.249999999999997300, 2.299999999999995800 ) ) ;
#2725 = DIRECTION ( 'NONE',  ( 0.0000000000000000000, -1.000000000000000000, 0.0000000000000000000 ) ) ;
#2726 = VECTOR ( 'NONE', #2725, 1000.000000000000000 ) ;
#2727 = CARTESIAN_POINT ( 'NONE',  ( 3.799999999999999800, 6.249999999999997300, 2.299999999999995800 ) ) ;
#2728 = AXIS2_PLACEMENT_3D ( 'NONE', #2794, #2793, #2792 ) ;
#2729 = PLANE ( 'NONE',  #2728 ) ;
#2730 = FACE_OUTER_BOUND ( 'NONE', #59, .T. ) ;
#2731 = CARTESIAN_POINT ( 'NONE',  ( 2.199999999999999700, 4.399999999999997700, 1.699999999999996600 ) ) ;
#2732 = DIRECTION ( 'NONE',  ( 0.0000000000000000000, 1.000000000000000000, 0.0000000000000000000 ) ) ;
#2733 = VECTOR ( 'NONE', #2732, 1000.000000000000000 ) ;
#2734 = CARTESIAN_POINT ( 'NONE',  ( -3.799999999999999800, 6.249999999999997300, 1.699999999999995700 ) ) ;
#2735 = LINE ( 'NONE', #2734, #2733 ) ;
#2736 = CARTESIAN_POINT ( 'NONE',  ( -3.799999999999999800, 4.399999999999997700, 1.699999999999995700 ) ) ;
#2737 = DIRECTION ( 'NONE',  ( -1.000000000000000000, 0.0000000000000000000, 0.0000000000000000000 ) ) ;
#2738 = VECTOR ( 'NONE', #2737, 1000.000000000000000 ) ;
#2739 = CARTESIAN_POINT ( 'NONE',  ( -2.199999999999999700, 4.399999999999997700, 1.699999999999995700 ) ) ;
#2740 = LINE ( 'NONE', #2739, #2738 ) ;
#2741 = DIRECTION ( 'NONE',  ( 1.000000000000000000, 0.0000000000000000000, 0.0000000000000000000 ) ) ;
#2742 = VECTOR ( 'NONE', #2741, 1000.000000000000000 ) ;
#2743 = CARTESIAN_POINT ( 'NONE',  ( -14.00000000000000000, 2.599999999999999200, -1.250000000000000900 ) ) ;
#2744 = LINE ( 'NONE', #2743, #2742 ) ;
#2745 = DIRECTION ( 'NONE',  ( 1.000000000000000000, 2.409338161078898700E-016, 0.0000000000000000000 ) ) ;
#2746 = VECTOR ( 'NONE', #2745, 1000.000000000000000 ) ;
#2747 = CARTESIAN_POINT ( 'NONE',  ( -13.30500000000000100, 2.900000000000000800, -1.250000000000000900 ) ) ;
#2748 = LINE ( 'NONE', #2747, #2746 ) ;
#2749 = DIRECTION ( 'NONE',  ( 0.0000000000000000000, -1.000000000000000000, 0.0000000000000000000 ) ) ;
#2750 = VECTOR ( 'NONE', #2749, 1000.000000000000000 ) ;
#2751 = CARTESIAN_POINT ( 'NONE',  ( -12.90000000000000400, -1.734723475976807100E-015, 2.749999999999999100 ) ) ;
#2752 = LINE ( 'NONE', #2751, #2750 ) ;
#2753 = CARTESIAN_POINT ( 'NONE',  ( -12.90000000000000400, 5.699999999999999300, 2.749999999999999100 ) ) ;
#2754 = DIRECTION ( 'NONE',  ( 0.0000000000000000000, 0.0000000000000000000, -1.000000000000000000 ) ) ;
#2755 = VECTOR ( 'NONE', #2754, 1000.000000000000000 ) ;
#2756 = CARTESIAN_POINT ( 'NONE',  ( -12.90000000000000400, 5.699999999999999300, 2.850000000000000100 ) ) ;
#2757 = LINE ( 'NONE', #2756, #2755 ) ;
#2758 = DIRECTION ( 'NONE',  ( 0.0000000000000000000, 0.0000000000000000000, -1.000000000000000000 ) ) ;
#2759 = DIRECTION ( 'NONE',  ( 1.000000000000000000, 0.0000000000000000000, 0.0000000000000000000 ) ) ;
#2760 = DIRECTION ( 'NONE',  ( 0.0000000000000000000, 1.000000000000000000, 1.224606353822377300E-016 ) ) ;
#2761 = DIRECTION ( 'NONE',  ( 0.0000000000000000000, 1.224606353822377300E-016, -1.000000000000000000 ) ) ;
#2762 = CARTESIAN_POINT ( 'NONE',  ( 12.19999999999999900, 3.199999999999998800, -1.750000000000003600 ) ) ;
#2763 = AXIS2_PLACEMENT_3D ( 'NONE', #2762, #2761, #2760 ) ;
#2764 = PLANE ( 'NONE',  #2763 ) ;
#2765 = FACE_OUTER_BOUND ( 'NONE', #85, .T. ) ;
#2766 = DIRECTION ( 'NONE',  ( 0.0000000000000000000, 1.000000000000000000, 1.224606353822377300E-016 ) ) ;
#2767 = VECTOR ( 'NONE', #2766, 1000.000000000000000 ) ;
#2768 = CARTESIAN_POINT ( 'NONE',  ( -12.19999999999999900, 3.199999999999998800, -1.750000000000003600 ) ) ;
#2769 = LINE ( 'NONE', #2768, #2767 ) ;
#2770 = DIRECTION ( 'NONE',  ( 0.0000000000000000000, 1.000000000000000000, 1.224606353822377300E-016 ) ) ;
#2771 = VECTOR ( 'NONE', #2770, 1000.000000000000000 ) ;
#2772 = CARTESIAN_POINT ( 'NONE',  ( 5.700000000000000200, 0.09999999999999939500, 1.699999999999995700 ) ) ;
#2773 = LINE ( 'NONE', #2772, #2771 ) ;
#2774 = DIRECTION ( 'NONE',  ( 0.0000000000000000000, 0.0000000000000000000, -1.000000000000000000 ) ) ;
#2775 = DIRECTION ( 'NONE',  ( 1.000000000000000000, 0.0000000000000000000, 0.0000000000000000000 ) ) ;
#2776 = CARTESIAN_POINT ( 'NONE',  ( 5.700000000000000200, 0.09999999999999939500, 2.849999999999999200 ) ) ;
#2777 = AXIS2_PLACEMENT_3D ( 'NONE', #2776, #2775, #2774 ) ;
#2778 = PLANE ( 'NONE',  #2777 ) ;
#2779 = FACE_OUTER_BOUND ( 'NONE', #76, .T. ) ;
#2780 = DIRECTION ( 'NONE',  ( 0.0000000000000000000, 1.000000000000000000, 1.224606353822377300E-016 ) ) ;
#2781 = DIRECTION ( 'NONE',  ( 0.0000000000000000000, 1.224606353822377300E-016, -1.000000000000000000 ) ) ;
#2782 = CARTESIAN_POINT ( 'NONE',  ( 5.700000000000000200, 0.09999999999999939500, 1.699999999999995700 ) ) ;
#2783 = AXIS2_PLACEMENT_3D ( 'NONE', #2782, #2781, #2780 ) ;
#2784 = PLANE ( 'NONE',  #2783 ) ;
#2785 = FACE_OUTER_BOUND ( 'NONE', #118, .T. ) ;
#2786 = FACE_BOUND ( 'NONE', #52, .T. ) ;
#2787 = FACE_BOUND ( 'NONE', #66, .T. ) ;
#2788 = DIRECTION ( 'NONE',  ( 0.0000000000000000000, 1.000000000000000000, 1.224606353822377300E-016 ) ) ;
#2789 = VECTOR ( 'NONE', #2788, 1000.000000000000000 ) ;
#2790 = CARTESIAN_POINT ( 'NONE',  ( -5.700000000000000200, 0.09999999999999939500, 1.699999999999995700 ) ) ;
#2791 = LINE ( 'NONE', #2790, #2789 ) ;
#2792 = DIRECTION ( 'NONE',  ( 0.0000000000000000000, 0.0000000000000000000, 1.000000000000000000 ) ) ;
#2793 = DIRECTION ( 'NONE',  ( -1.000000000000000000, 0.0000000000000000000, 0.0000000000000000000 ) ) ;
#2794 = CARTESIAN_POINT ( 'NONE',  ( -5.700000000000000200, 0.09999999999999939500, 2.849999999999999200 ) ) ;
#2795 = CARTESIAN_POINT ( 'NONE',  ( 3.799999999999999800, 4.399999999999997700, 1.699999999999996600 ) ) ;
#2796 = DIRECTION ( 'NONE',  ( 1.000000000000000000, 0.0000000000000000000, 0.0000000000000000000 ) ) ;
#2797 = VECTOR ( 'NONE', #2796, 1000.000000000000000 ) ;
#2798 = CARTESIAN_POINT ( 'NONE',  ( 2.199999999999999700, 4.399999999999997700, 1.699999999999995700 ) ) ;
#2799 = LINE ( 'NONE', #2798, #2797 ) ;
#2800 = CARTESIAN_POINT ( 'NONE',  ( -13.30500000000000100, 2.900000000000000800, -1.250000000000000900 ) ) ;
#2801 = CARTESIAN_POINT ( 'NONE',  ( -13.30500000000000300, 5.700000000000000200, -1.250000000000000900 ) ) ;
#2802 = DIRECTION ( 'NONE',  ( 6.195440985631455300E-016, -1.000000000000000000, 0.0000000000000000000 ) ) ;
#2803 = VECTOR ( 'NONE', #2802, 1000.000000000000000 ) ;
#2804 = CARTESIAN_POINT ( 'NONE',  ( -13.30500000000000300, 5.700000000000000200, -1.250000000000000900 ) ) ;
#2805 = LINE ( 'NONE', #2804, #2803 ) ;
#2806 = DIRECTION ( 'NONE',  ( 0.0000000000000000000, -1.000000000000000000, -1.224606353822377300E-016 ) ) ;
#2807 = DIRECTION ( 'NONE',  ( 0.0000000000000000000, -1.224606353822377300E-016, 1.000000000000000000 ) ) ;
#2808 = CARTESIAN_POINT ( 'NONE',  ( -14.00000000000000000, 2.599999999999999200, -1.250000000000000900 ) ) ;
#2809 = AXIS2_PLACEMENT_3D ( 'NONE', #2808, #2807, #2806 ) ;
#2810 = PLANE ( 'NONE',  #2809 ) ;
#2811 = FACE_OUTER_BOUND ( 'NONE', #103, .T. ) ;
#2812 = DIRECTION ( 'NONE',  ( 0.0000000000000000000, 1.224606353822377500E-016, -1.000000000000000000 ) ) ;
#2813 = DIRECTION ( 'NONE',  ( 0.0000000000000000000, -1.000000000000000000, -1.224606353822377500E-016 ) ) ;
#2814 = CARTESIAN_POINT ( 'NONE',  ( 14.00000000000000000, 2.599999999999999200, -1.250000000000000900 ) ) ;
#2815 = AXIS2_PLACEMENT_3D ( 'NONE', #2814, #2813, #2812 ) ;
#2816 = PLANE ( 'NONE',  #2815 ) ;
#2817 = FACE_OUTER_BOUND ( 'NONE', #97, .T. ) ;
#2818 = DIRECTION ( 'NONE',  ( 0.0000000000000000000, 1.224606353822377500E-016, -1.000000000000000000 ) ) ;
#2819 = DIRECTION ( 'NONE',  ( -5.473822126268817900E-048, -1.000000000000000000, -1.224606353822377500E-016 ) ) ;
#2820 = CARTESIAN_POINT ( 'NONE',  ( -14.00000000000000000, 2.599999999999999200, -2.850000000000000500 ) ) ;
#2821 = AXIS2_PLACEMENT_3D ( 'NONE', #2820, #2819, #2818 ) ;
#2822 = PLANE ( 'NONE',  #2821 ) ;
#2823 = FACE_OUTER_BOUND ( 'NONE', #94, .T. ) ;
#2824 = DIRECTION ( 'NONE',  ( 1.000000000000000000, 2.409338161078898700E-016, 0.0000000000000000000 ) ) ;
#2825 = VECTOR ( 'NONE', #2824, 1000.000000000000000 ) ;
#2826 = CARTESIAN_POINT ( 'NONE',  ( -13.30500000000000300, 5.700000000000000200, -1.250000000000000900 ) ) ;
#2827 = LINE ( 'NONE', #2826, #2825 ) ;
#2828 = PLANE ( 'NONE',  #2893 ) ;
#2829 = DIRECTION ( 'NONE',  ( 0.0000000000000000000, 0.0000000000000000000, 1.000000000000000000 ) ) ;
#2830 = DIRECTION ( 'NONE',  ( -1.000000000000000000, 0.0000000000000000000, 0.0000000000000000000 ) ) ;
#2831 = CARTESIAN_POINT ( 'NONE',  ( 3.799999999999999800, 4.399999999999997700, 2.299999999999995800 ) ) ;
#2832 = AXIS2_PLACEMENT_3D ( 'NONE', #2831, #2830, #2829 ) ;
#2833 = FACE_OUTER_BOUND ( 'NONE', #136, .T. ) ;
#2834 = PLANE ( 'NONE',  #2832 ) ;
#2835 = FACE_OUTER_BOUND ( 'NONE', #152, .T. ) ;
#2836 = CARTESIAN_POINT ( 'NONE',  ( -2.199999999999998800, 4.399999999999997700, 1.699999999999996600 ) ) ;
#2837 = DIRECTION ( 'NONE',  ( 0.0000000000000000000, 1.000000000000000000, 0.0000000000000000000 ) ) ;
#2838 = VECTOR ( 'NONE', #2837, 1000.000000000000000 ) ;
#2839 = CARTESIAN_POINT ( 'NONE',  ( -2.199999999999999700, 6.249999999999997300, 1.699999999999995700 ) ) ;
#2840 = LINE ( 'NONE', #2839, #2838 ) ;
#2841 = CARTESIAN_POINT ( 'NONE',  ( -3.799999999999999400, 6.249999999999998200, 1.699999999999996600 ) ) ;
#2842 = CARTESIAN_POINT ( 'NONE',  ( -2.199999999999998800, 6.249999999999997300, 1.699999999999996600 ) ) ;
#2843 = DIRECTION ( 'NONE',  ( -1.000000000000000000, 0.0000000000000000000, 0.0000000000000000000 ) ) ;
#2844 = VECTOR ( 'NONE', #2843, 1000.000000000000000 ) ;
#2845 = CARTESIAN_POINT ( 'NONE',  ( -2.199999999999999700, 6.249999999999997300, 1.699999999999995700 ) ) ;
#2846 = LINE ( 'NONE', #2845, #2844 ) ;
#2847 = DIRECTION ( 'NONE',  ( 0.0000000000000000000, 1.000000000000000000, 0.0000000000000000000 ) ) ;
#2848 = VECTOR ( 'NONE', #2847, 1000.000000000000000 ) ;
#2849 = CARTESIAN_POINT ( 'NONE',  ( 3.799999999999999800, 6.249999999999997300, 1.699999999999995700 ) ) ;
#2850 = LINE ( 'NONE', #2849, #2848 ) ;
#2851 = CARTESIAN_POINT ( 'NONE',  ( 3.799999999999999800, 6.249999999999997300, 1.699999999999995700 ) ) ;
#2852 = DIRECTION ( 'NONE',  ( 1.000000000000000000, 0.0000000000000000000, 0.0000000000000000000 ) ) ;
#2853 = VECTOR ( 'NONE', #2852, 1000.000000000000000 ) ;
#2854 = CARTESIAN_POINT ( 'NONE',  ( 2.199999999999999700, 6.249999999999997300, 1.699999999999995700 ) ) ;
#2855 = LINE ( 'NONE', #2854, #2853 ) ;
#2856 = CARTESIAN_POINT ( 'NONE',  ( 2.199999999999999700, 6.249999999999997300, 1.699999999999996600 ) ) ;
#2857 = DIRECTION ( 'NONE',  ( 0.0000000000000000000, 1.000000000000000000, 0.0000000000000000000 ) ) ;
#2858 = VECTOR ( 'NONE', #2857, 1000.000000000000000 ) ;
#2859 = CARTESIAN_POINT ( 'NONE',  ( 2.199999999999999700, 6.249999999999997300, 1.699999999999995700 ) ) ;
#2860 = LINE ( 'NONE', #2859, #2858 ) ;
#2861 = DIRECTION ( 'NONE',  ( 0.0000000000000000000, 0.0000000000000000000, 1.000000000000000000 ) ) ;
#2862 = DIRECTION ( 'NONE',  ( 0.0000000000000000000, 1.000000000000000000, 0.0000000000000000000 ) ) ;
#2863 = CARTESIAN_POINT ( 'NONE',  ( 2.199999999999999700, 6.249999999999997300, 1.699999999999995700 ) ) ;
#2864 = AXIS2_PLACEMENT_3D ( 'NONE', #2863, #2862, #2861 ) ;
#2865 = PLANE ( 'NONE',  #2864 ) ;
#2866 = FACE_OUTER_BOUND ( 'NONE', #157, .T. ) ;
#2867 = DIRECTION ( 'NONE',  ( 1.000000000000000000, 0.0000000000000000000, 0.0000000000000000000 ) ) ;
#2868 = VECTOR ( 'NONE', #2867, 1000.000000000000000 ) ;
#2869 = CARTESIAN_POINT ( 'NONE',  ( 2.199999999999999700, 4.399999999999997700, 2.299999999999995800 ) ) ;
#2870 = LINE ( 'NONE', #2869, #2868 ) ;
#2871 = CARTESIAN_POINT ( 'NONE',  ( 2.199999999999999700, 4.399999999999997700, 2.299999999999995800 ) ) ;
#2872 = DIRECTION ( 'NONE',  ( 0.0000000000000000000, 0.0000000000000000000, 1.000000000000000000 ) ) ;
#2873 = DIRECTION ( 'NONE',  ( -1.000000000000000000, 0.0000000000000000000, 0.0000000000000000000 ) ) ;
#2874 = CARTESIAN_POINT ( 'NONE',  ( 2.199999999999999700, 4.399999999999997700, 2.299999999999995800 ) ) ;
#2875 = AXIS2_PLACEMENT_3D ( 'NONE', #2874, #2873, #2872 ) ;
#2876 = PLANE ( 'NONE',  #2875 ) ;
#2877 = FACE_OUTER_BOUND ( 'NONE', #148, .T. ) ;
#2878 = DIRECTION ( 'NONE',  ( 0.0000000000000000000, 0.0000000000000000000, -1.000000000000000000 ) ) ;
#2879 = VECTOR ( 'NONE', #2878, 1000.000000000000000 ) ;
#2880 = CARTESIAN_POINT ( 'NONE',  ( 2.199999999999999700, 4.399999999999997700, 1.699999999999995700 ) ) ;
#2881 = LINE ( 'NONE', #2880, #2879 ) ;
#2882 = DIRECTION ( 'NONE',  ( 0.0000000000000000000, 0.0000000000000000000, -1.000000000000000000 ) ) ;
#2883 = VECTOR ( 'NONE', #2882, 1000.000000000000000 ) ;
#2884 = CARTESIAN_POINT ( 'NONE',  ( 3.799999999999999800, 4.399999999999997700, 1.699999999999995700 ) ) ;
#2885 = LINE ( 'NONE', #2884, #2883 ) ;
#2886 = DIRECTION ( 'NONE',  ( 0.0000000000000000000, 0.0000000000000000000, 1.000000000000000000 ) ) ;
#2887 = VECTOR ( 'NONE', #2886, 1000.000000000000000 ) ;
#2888 = CARTESIAN_POINT ( 'NONE',  ( -13.30000000000000200, 3.699999999999996600, 2.850000000000000100 ) ) ;
#2889 = LINE ( 'NONE', #2888, #2887 ) ;
#2890 = DIRECTION ( 'NONE',  ( 0.0000000000000000000, 0.0000000000000000000, -1.000000000000000000 ) ) ;
#2891 = DIRECTION ( 'NONE',  ( 0.0000000000000000000, -1.000000000000000000, 0.0000000000000000000 ) ) ;
#2892 = CARTESIAN_POINT ( 'NONE',  ( -12.90000000000000000, 3.699999999999996600, 2.850000000000000100 ) ) ;
#2893 = AXIS2_PLACEMENT_3D ( 'NONE', #2892, #2891, #2890 ) ;
#2894 = FACE_OUTER_BOUND ( 'NONE', #205, .T. ) ;
#2895 = DIRECTION ( 'NONE',  ( -1.000000000000000000, 0.0000000000000000000, 0.0000000000000000000 ) ) ;
#2896 = VECTOR ( 'NONE', #2895, 1000.000000000000000 ) ;
#2897 = CARTESIAN_POINT ( 'NONE',  ( -2.199999999999999700, 6.249999999999997300, 2.299999999999995800 ) ) ;
#2898 = LINE ( 'NONE', #2897, #2896 ) ;
#2899 = PLANE ( 'NONE',  #2960 ) ;
#2900 = DIRECTION ( 'NONE',  ( 0.0000000000000000000, 0.0000000000000000000, 1.000000000000000000 ) ) ;
#2901 = DIRECTION ( 'NONE',  ( 1.000000000000000000, 0.0000000000000000000, 0.0000000000000000000 ) ) ;
#2902 = CARTESIAN_POINT ( 'NONE',  ( -3.799999999999999800, 4.399999999999997700, 2.299999999999995800 ) ) ;
#2903 = AXIS2_PLACEMENT_3D ( 'NONE', #2902, #2901, #2900 ) ;
#2904 = PLANE ( 'NONE',  #2903 ) ;
#2905 = FACE_OUTER_BOUND ( 'NONE', #177, .T. ) ;
#2906 = DIRECTION ( 'NONE',  ( 0.0000000000000000000, 0.0000000000000000000, 1.000000000000000000 ) ) ;
#2907 = DIRECTION ( 'NONE',  ( 1.000000000000000000, 0.0000000000000000000, 0.0000000000000000000 ) ) ;
#2908 = CARTESIAN_POINT ( 'NONE',  ( -2.199999999999999700, 4.399999999999997700, 2.299999999999995800 ) ) ;
#2909 = AXIS2_PLACEMENT_3D ( 'NONE', #2908, #2907, #2906 ) ;
#2910 = PLANE ( 'NONE',  #2909 ) ;
#2911 = FACE_OUTER_BOUND ( 'NONE', #171, .T. ) ;
#2912 = DIRECTION ( 'NONE',  ( 0.0000000000000000000, 0.0000000000000000000, 1.000000000000000000 ) ) ;
#2913 = VECTOR ( 'NONE', #2912, 1000.000000000000000 ) ;
#2914 = CARTESIAN_POINT ( 'NONE',  ( 13.30000000000000200, 3.699999999999996600, 2.850000000000000100 ) ) ;
#2915 = LINE ( 'NONE', #2914, #2913 ) ;
#2916 = DIRECTION ( 'NONE',  ( 0.0000000000000000000, 0.0000000000000000000, -1.000000000000000000 ) ) ;
#2917 = DIRECTION ( 'NONE',  ( 0.0000000000000000000, -1.000000000000000000, 0.0000000000000000000 ) ) ;
#2918 = CARTESIAN_POINT ( 'NONE',  ( 2.199999999999999700, 4.399999999999997700, 1.699999999999995700 ) ) ;
#2919 = AXIS2_PLACEMENT_3D ( 'NONE', #2918, #2917, #2916 ) ;
#2920 = PLANE ( 'NONE',  #2919 ) ;
#2921 = FACE_OUTER_BOUND ( 'NONE', #165, .T. ) ;
#2922 = DIRECTION ( 'NONE',  ( 0.0000000000000000000, 0.0000000000000000000, 1.000000000000000000 ) ) ;
#2923 = VECTOR ( 'NONE', #2922, 1000.000000000000000 ) ;
#2924 = CARTESIAN_POINT ( 'NONE',  ( 2.199999999999999700, 6.249999999999997300, 1.699999999999995700 ) ) ;
#2925 = LINE ( 'NONE', #2924, #2923 ) ;
#2926 = DIRECTION ( 'NONE',  ( 0.0000000000000000000, 0.0000000000000000000, 1.000000000000000000 ) ) ;
#2927 = VECTOR ( 'NONE', #2926, 1000.000000000000000 ) ;
#2928 = CARTESIAN_POINT ( 'NONE',  ( 3.799999999999999800, 6.249999999999997300, 1.699999999999995700 ) ) ;
#2929 = LINE ( 'NONE', #2928, #2927 ) ;
#2930 = VECTOR ( 'NONE', #2988, 1000.000000000000000 ) ;
#2931 = CARTESIAN_POINT ( 'NONE',  ( -3.799999999999999800, 6.249999999999997300, 2.299999999999995800 ) ) ;
#2932 = LINE ( 'NONE', #2931, #2930 ) ;
#2933 = DIRECTION ( 'NONE',  ( -1.000000000000000000, 0.0000000000000000000, 0.0000000000000000000 ) ) ;
#2934 = DIRECTION ( 'NONE',  ( 0.0000000000000000000, 0.0000000000000000000, -1.000000000000000000 ) ) ;
#2935 = CARTESIAN_POINT ( 'NONE',  ( -2.199999999999999700, 6.249999999999997300, 2.299999999999995800 ) ) ;
#2936 = AXIS2_PLACEMENT_3D ( 'NONE', #2935, #2934, #2933 ) ;
#2937 = PLANE ( 'NONE',  #2936 ) ;
#2938 = FACE_OUTER_BOUND ( 'NONE', #193, .T. ) ;
#2939 = DIRECTION ( 'NONE',  ( 0.0000000000000000000, 0.0000000000000000000, 1.000000000000000000 ) ) ;
#2940 = VECTOR ( 'NONE', #2939, 1000.000000000000000 ) ;
#2941 = CARTESIAN_POINT ( 'NONE',  ( -3.799999999999999800, 6.249999999999997300, 1.699999999999995700 ) ) ;
#2942 = LINE ( 'NONE', #2941, #2940 ) ;
#2943 = DIRECTION ( 'NONE',  ( 0.0000000000000000000, 0.0000000000000000000, -1.000000000000000000 ) ) ;
#2944 = DIRECTION ( 'NONE',  ( 0.0000000000000000000, -1.000000000000000000, 0.0000000000000000000 ) ) ;
#2945 = CARTESIAN_POINT ( 'NONE',  ( -2.199999999999999700, 6.249999999999997300, 1.699999999999995700 ) ) ;
#2946 = AXIS2_PLACEMENT_3D ( 'NONE', #2945, #2944, #2943 ) ;
#2947 = PLANE ( 'NONE',  #2946 ) ;
#2948 = FACE_OUTER_BOUND ( 'NONE', #187, .T. ) ;
#2949 = DIRECTION ( 'NONE',  ( 0.0000000000000000000, 0.0000000000000000000, -1.000000000000000000 ) ) ;
#2950 = VECTOR ( 'NONE', #2949, 1000.000000000000000 ) ;
#2951 = CARTESIAN_POINT ( 'NONE',  ( -2.199999999999999700, 4.399999999999997700, 1.699999999999995700 ) ) ;
#2952 = LINE ( 'NONE', #2951, #2950 ) ;
#2953 = DIRECTION ( 'NONE',  ( 0.0000000000000000000, 0.0000000000000000000, -1.000000000000000000 ) ) ;
#2954 = VECTOR ( 'NONE', #2953, 1000.000000000000000 ) ;
#2955 = CARTESIAN_POINT ( 'NONE',  ( -3.799999999999999800, 4.399999999999997700, 1.699999999999995700 ) ) ;
#2956 = LINE ( 'NONE', #2955, #2954 ) ;
#2957 = DIRECTION ( 'NONE',  ( 0.0000000000000000000, 0.0000000000000000000, 1.000000000000000000 ) ) ;
#2958 = DIRECTION ( 'NONE',  ( 0.0000000000000000000, 1.000000000000000000, 0.0000000000000000000 ) ) ;
#2959 = CARTESIAN_POINT ( 'NONE',  ( -2.199999999999999700, 4.399999999999997700, 1.699999999999995700 ) ) ;
#2960 = AXIS2_PLACEMENT_3D ( 'NONE', #2959, #2958, #2957 ) ;
#2961 = UNCERTAINTY_MEASURE_WITH_UNIT (LENGTH_MEASURE( 1.000000000000000100E-005 ), #2964, 'distance_accuracy_value', 'NONE');
#2962 =( NAMED_UNIT ( * ) SI_UNIT ( $, .STERADIAN. ) SOLID_ANGLE_UNIT ( ) );
#2963 =( NAMED_UNIT ( * ) PLANE_ANGLE_UNIT ( ) SI_UNIT ( $, .RADIAN. ) );
#2964 =( LENGTH_UNIT ( ) NAMED_UNIT ( * ) SI_UNIT ( .MILLI., .METRE. ) );
#2965 = MECHANICAL_DESIGN_GEOMETRIC_PRESENTATION_REPRESENTATION (  '', ( #2967 ), #3019 ) ;
#2966 = PRESENTATION_LAYER_ASSIGNMENT (  '', '', ( #2967 ) ) ;
#2967 = STYLED_ITEM ( 'NONE', ( #2968 ), #212 ) ;
#2968 = PRESENTATION_STYLE_ASSIGNMENT (( #2969 ) ) ;
#2969 = SURFACE_STYLE_USAGE ( .BOTH. , #2970 ) ;
#2970 = SURFACE_SIDE_STYLE ('',( #2971 ) ) ;
#2971 = SURFACE_STYLE_FILL_AREA ( #2972 ) ;
#2972 = FILL_AREA_STYLE ('',( #2973 ) ) ;
#2973 = FILL_AREA_STYLE_COLOUR ( '', #2974 ) ;
#2974 = COLOUR_RGB ( '',0.7529411764705882200, 0.7529411764705882200, 0.7529411764705882200 ) ;
#2975 = FACE_OUTER_BOUND ( 'NONE', #213, .T. ) ;
#2976 = CARTESIAN_POINT ( 'NONE',  ( -2.199999999999999700, 6.249999999999997300, 2.299999999999995800 ) ) ;
#2977 = DIRECTION ( 'NONE',  ( 0.0000000000000000000, -1.000000000000000000, 0.0000000000000000000 ) ) ;
#2978 = VECTOR ( 'NONE', #2977, 1000.000000000000000 ) ;
#2979 = CARTESIAN_POINT ( 'NONE',  ( -2.199999999999999700, 6.249999999999997300, 2.299999999999995800 ) ) ;
#2980 = LINE ( 'NONE', #2979, #2978 ) ;
#2981 = CARTESIAN_POINT ( 'NONE',  ( -2.199999999999999700, 4.399999999999997700, 2.299999999999995800 ) ) ;
#2982 = DIRECTION ( 'NONE',  ( -1.000000000000000000, 0.0000000000000000000, 0.0000000000000000000 ) ) ;
#2983 = VECTOR ( 'NONE', #2982, 1000.000000000000000 ) ;
#2984 = CARTESIAN_POINT ( 'NONE',  ( -2.199999999999999700, 4.399999999999997700, 2.299999999999995800 ) ) ;
#2985 = LINE ( 'NONE', #2984, #2983 ) ;
#2986 = CARTESIAN_POINT ( 'NONE',  ( -3.799999999999999800, 4.399999999999997700, 2.299999999999995800 ) ) ;
#2987 = CARTESIAN_POINT ( 'NONE',  ( -3.799999999999999800, 6.249999999999997300, 2.299999999999995800 ) ) ;
#2988 = DIRECTION ( 'NONE',  ( 0.0000000000000000000, -1.000000000000000000, 0.0000000000000000000 ) ) ;
#2989 = UNCERTAINTY_MEASURE_WITH_UNIT (LENGTH_MEASURE( 1.000000000000000100E-005 ), #2992, 'distance_accuracy_value', 'NONE');
#2990 =( NAMED_UNIT ( * ) SI_UNIT ( $, .STERADIAN. ) SOLID_ANGLE_UNIT ( ) );
#2991 =( NAMED_UNIT ( * ) PLANE_ANGLE_UNIT ( ) SI_UNIT ( $, .RADIAN. ) );
#2992 =( LENGTH_UNIT ( ) NAMED_UNIT ( * ) SI_UNIT ( .MILLI., .METRE. ) );
#2993 = MECHANICAL_DESIGN_GEOMETRIC_PRESENTATION_REPRESENTATION (  '', ( #2995 ), #3050 ) ;
#2994 = PRESENTATION_LAYER_ASSIGNMENT (  '', '', ( #2995 ) ) ;
#2995 = STYLED_ITEM ( 'NONE', ( #2996 ), #224 ) ;
#2996 = PRESENTATION_STYLE_ASSIGNMENT (( #2997 ) ) ;
#2997 = SURFACE_STYLE_USAGE ( .BOTH. , #2998 ) ;
#2998 = SURFACE_SIDE_STYLE ('',( #2999 ) ) ;
#2999 = SURFACE_STYLE_FILL_AREA ( #3000 ) ;
#3000 = FILL_AREA_STYLE ('',( #3007 ) ) ;
#3001 = COLOUR_RGB ( '',0.7529411764705882200, 0.7529411764705882200, 0.7529411764705882200 ) ;
#3002 = FACE_OUTER_BOUND ( 'NONE', #225, .T. ) ;
#3003 = DIRECTION ( 'NONE',  ( 0.0000000000000000000, -1.000000000000000000, 0.0000000000000000000 ) ) ;
#3004 = VECTOR ( 'NONE', #3003, 1000.000000000000000 ) ;
#3005 = CARTESIAN_POINT ( 'NONE',  ( 12.90000000000000400, -1.734723475976807100E-015, 2.749999999999999100 ) ) ;
#3006 = LINE ( 'NONE', #3005, #3004 ) ;
#3007 = FILL_AREA_STYLE_COLOUR ( '', #3001 ) ;
#3008 = CARTESIAN_POINT ( 'NONE',  ( 12.90000000000000400, 2.899999999999999900, -2.950000000000000200 ) ) ;
#3009 = CARTESIAN_POINT ( 'NONE',  ( 13.30500000000000100, 2.900000000000000800, -2.950000000000000200 ) ) ;
#3010 = DIRECTION ( 'NONE',  ( -1.000000000000000000, 0.0000000000000000000, 0.0000000000000000000 ) ) ;
#3011 = VECTOR ( 'NONE', #3010, 1000.000000000000000 ) ;
#3012 = CARTESIAN_POINT ( 'NONE',  ( 13.30000000000000200, 2.899999999999999900, -2.950000000000000200 ) ) ;
#3013 = LINE ( 'NONE', #3012, #3011 ) ;
#3014 = DIRECTION ( 'NONE',  ( 0.0000000000000000000, 0.0000000000000000000, 1.000000000000000000 ) ) ;
#3015 = DIRECTION ( 'NONE',  ( 0.0000000000000000000, 1.000000000000000000, 0.0000000000000000000 ) ) ;
#3016 = CARTESIAN_POINT ( 'NONE',  ( 13.30000000000000200, 2.899999999999999900, -2.950000000000000200 ) ) ;
#3017 = AXIS2_PLACEMENT_3D ( 'NONE', #3016, #3015, #3014 ) ;
#3018 = PLANE ( 'NONE',  #3017 ) ;
#3019 =( GEOMETRIC_REPRESENTATION_CONTEXT ( 3 ) GLOBAL_UNCERTAINTY_ASSIGNED_CONTEXT ( ( #2961 ) ) GLOBAL_UNIT_ASSIGNED_CONTEXT ( ( #2964, #2963, #2962 ) ) REPRESENTATION_CONTEXT ( 'NONE', 'WORKASPACE' ) );
#3020 =( NAMED_UNIT ( * ) PLANE_ANGLE_UNIT ( ) SI_UNIT ( $, .RADIAN. ) );
#3021 =( LENGTH_UNIT ( ) NAMED_UNIT ( * ) SI_UNIT ( .MILLI., .METRE. ) );
#3022 = MECHANICAL_DESIGN_GEOMETRIC_PRESENTATION_REPRESENTATION (  '', ( #3024 ), #3079 ) ;
#3023 = PRESENTATION_LAYER_ASSIGNMENT (  '', '', ( #3024 ) ) ;
#3024 = STYLED_ITEM ( 'NONE', ( #3025 ), #239 ) ;
#3025 = PRESENTATION_STYLE_ASSIGNMENT (( #3026 ) ) ;
#3026 = SURFACE_STYLE_USAGE ( .BOTH. , #3027 ) ;
#3027 = SURFACE_SIDE_STYLE ('',( #3028 ) ) ;
#3028 = SURFACE_STYLE_FILL_AREA ( #3029 ) ;
#3029 = FILL_AREA_STYLE ('',( #3036 ) ) ;
#3030 = COLOUR_RGB ( '',0.7529411764705882200, 0.7529411764705882200, 0.7529411764705882200 ) ;
#3031 = FACE_OUTER_BOUND ( 'NONE', #240, .T. ) ;
#3032 = DIRECTION ( 'NONE',  ( 0.0000000000000000000, 1.000000000000000000, 1.495451272393798600E-016 ) ) ;
#3033 = VECTOR ( 'NONE', #3032, 1000.000000000000000 ) ;
#3034 = CARTESIAN_POINT ( 'NONE',  ( 13.30000000000000200, 2.899999999999999900, -0.4500000000000011800 ) ) ;
#3035 = LINE ( 'NONE', #3034, #3033 ) ;
#3036 = FILL_AREA_STYLE_COLOUR ( '', #3030 ) ;
#3037 = DIRECTION ( 'NONE',  ( 0.0000000000000000000, -1.000000000000000000, 0.0000000000000000000 ) ) ;
#3038 = VECTOR ( 'NONE', #3037, 1000.000000000000000 ) ;
#3039 = CARTESIAN_POINT ( 'NONE',  ( 13.30000000000000200, -1.734723475976807100E-015, 2.749999999999999100 ) ) ;
#3040 = LINE ( 'NONE', #3039, #3038 ) ;
#3041 = DIRECTION ( 'NONE',  ( 0.0000000000000000000, 1.000000000000000000, 1.495451272393798600E-016 ) ) ;
#3042 = VECTOR ( 'NONE', #3041, 1000.000000000000000 ) ;
#3043 = CARTESIAN_POINT ( 'NONE',  ( 12.90000000000000400, 2.899999999999999900, -0.4500000000000011800 ) ) ;
#3044 = LINE ( 'NONE', #3043, #3042 ) ;
#3045 = DIRECTION ( 'NONE',  ( 0.0000000000000000000, 0.0000000000000000000, 1.000000000000000000 ) ) ;
#3046 = DIRECTION ( 'NONE',  ( -1.000000000000000000, 0.0000000000000000000, 0.0000000000000000000 ) ) ;
#3047 = CARTESIAN_POINT ( 'NONE',  ( 12.90000000000000400, -1.734723475976807100E-015, 2.749999999999999100 ) ) ;
#3048 = AXIS2_PLACEMENT_3D ( 'NONE', #3047, #3046, #3045 ) ;
#3049 = PLANE ( 'NONE',  #3048 ) ;
#3050 =( GEOMETRIC_REPRESENTATION_CONTEXT ( 3 ) GLOBAL_UNCERTAINTY_ASSIGNED_CONTEXT ( ( #2989 ) ) GLOBAL_UNIT_ASSIGNED_CONTEXT ( ( #2992, #2991, #2990 ) ) REPRESENTATION_CONTEXT ( 'NONE', 'WORKASPACE' ) );
#3051 =( LENGTH_UNIT ( ) NAMED_UNIT ( * ) SI_UNIT ( .MILLI., .METRE. ) );
#3052 = MECHANICAL_DESIGN_GEOMETRIC_PRESENTATION_REPRESENTATION (  '', ( #3054 ), #3104 ) ;
#3053 = PRESENTATION_LAYER_ASSIGNMENT (  '', '', ( #3054 ) ) ;
#3054 = STYLED_ITEM ( 'NONE', ( #3055 ), #251 ) ;
#3055 = PRESENTATION_STYLE_ASSIGNMENT (( #3056 ) ) ;
#3056 = SURFACE_STYLE_USAGE ( .BOTH. , #3057 ) ;
#3057 = SURFACE_SIDE_STYLE ('',( #3058 ) ) ;
#3058 = SURFACE_STYLE_FILL_AREA ( #3059 ) ;
#3059 = FILL_AREA_STYLE ('',( #3060 ) ) ;
#3060 = FILL_AREA_STYLE_COLOUR ( '', #3061 ) ;
#3061 = COLOUR_RGB ( '',0.7529411764705882200, 0.7529411764705882200, 0.7529411764705882200 ) ;
#3062 = FACE_OUTER_BOUND ( 'NONE', #252, .T. ) ;
#3063 = CARTESIAN_POINT ( 'NONE',  ( -13.30000000000000200, -1.734723475976807100E-015, -0.4500000000000016200 ) ) ;
#3064 = DIRECTION ( 'NONE',  ( -1.000000000000000000, 0.0000000000000000000, 0.0000000000000000000 ) ) ;
#3065 = VECTOR ( 'NONE', #3064, 1000.000000000000000 ) ;
#3066 = CARTESIAN_POINT ( 'NONE',  ( 13.30000000000000200, -1.734723475976807100E-015, -0.4500000000000016200 ) ) ;
#3067 = LINE ( 'NONE', #3066, #3065 ) ;
#3068 = CARTESIAN_POINT ( 'NONE',  ( 12.90000000000000400, -1.734723475976807100E-015, -0.4500000000000016200 ) ) ;
#3069 = CARTESIAN_POINT ( 'NONE',  ( 12.90000000000000400, -1.734723475976807100E-015, 2.749999999999999100 ) ) ;
#3070 = DIRECTION ( 'NONE',  ( 0.0000000000000000000, 0.0000000000000000000, -1.000000000000000000 ) ) ;
#3071 = VECTOR ( 'NONE', #3070, 1000.000000000000000 ) ;
#3072 = CARTESIAN_POINT ( 'NONE',  ( 12.90000000000000400, -1.734723475976807100E-015, -0.4500000000000016200 ) ) ;
#3073 = LINE ( 'NONE', #3072, #3071 ) ;
#3074 = DIRECTION ( 'NONE',  ( -1.000000000000000000, 0.0000000000000000000, 0.0000000000000000000 ) ) ;
#3075 = DIRECTION ( 'NONE',  ( 0.0000000000000000000, 0.0000000000000000000, -1.000000000000000000 ) ) ;
#3076 = CARTESIAN_POINT ( 'NONE',  ( 13.30000000000000200, -1.734723475976807100E-015, 2.749999999999999100 ) ) ;
#3077 = AXIS2_PLACEMENT_3D ( 'NONE', #3076, #3075, #3074 ) ;
#3078 = PLANE ( 'NONE',  #3077 ) ;
#3079 =( GEOMETRIC_REPRESENTATION_CONTEXT ( 3 ) GLOBAL_UNCERTAINTY_ASSIGNED_CONTEXT ( ( #3080 ) ) GLOBAL_UNIT_ASSIGNED_CONTEXT ( ( #3021, #3020, #3081 ) ) REPRESENTATION_CONTEXT ( 'NONE', 'WORKASPACE' ) );
#3080 = UNCERTAINTY_MEASURE_WITH_UNIT (LENGTH_MEASURE( 1.000000000000000100E-005 ), #3021, 'distance_accuracy_value', 'NONE');
#3081 =( NAMED_UNIT ( * ) SI_UNIT ( $, .STERADIAN. ) SOLID_ANGLE_UNIT ( ) );
#3082 =( NAMED_UNIT ( * ) PLANE_ANGLE_UNIT ( ) SI_UNIT ( $, .RADIAN. ) );
#3083 =( LENGTH_UNIT ( ) NAMED_UNIT ( * ) SI_UNIT ( .MILLI., .METRE. ) );
#3084 = MECHANICAL_DESIGN_GEOMETRIC_PRESENTATION_REPRESENTATION (  '', ( #3086 ), #3135 ) ;
#3085 = PRESENTATION_LAYER_ASSIGNMENT (  '', '', ( #3086 ) ) ;
#3086 = STYLED_ITEM ( 'NONE', ( #3087 ), #258 ) ;
#3087 = PRESENTATION_STYLE_ASSIGNMENT (( #3088 ) ) ;
#3088 = SURFACE_STYLE_USAGE ( .BOTH. , #3089 ) ;
#3089 = SURFACE_SIDE_STYLE ('',( #3090 ) ) ;
#3090 = SURFACE_STYLE_FILL_AREA ( #3091 ) ;
#3091 = FILL_AREA_STYLE ('',( #3098 ) ) ;
#3092 = COLOUR_RGB ( '',0.7529411764705882200, 0.7529411764705882200, 0.7529411764705882200 ) ;
#3093 = FACE_OUTER_BOUND ( 'NONE', #259, .T. ) ;
#3094 = DIRECTION ( 'NONE',  ( 6.195440985631455300E-016, 1.000000000000000000, 1.210047067506143700E-016 ) ) ;
#3095 = VECTOR ( 'NONE', #3094, 1000.000000000000000 ) ;
#3096 = CARTESIAN_POINT ( 'NONE',  ( 13.30500000000000300, 5.700000000000000200, -2.949999999999999700 ) ) ;
#3097 = LINE ( 'NONE', #3096, #3095 ) ;
#3098 = FILL_AREA_STYLE_COLOUR ( '', #3092 ) ;
#3099 = DIRECTION ( 'NONE',  ( 0.0000000000000000000, -1.000000000000000000, -1.210047067506143700E-016 ) ) ;
#3100 = DIRECTION ( 'NONE',  ( 0.0000000000000000000, -1.210047067506143700E-016, 1.000000000000000000 ) ) ;
#3101 = CARTESIAN_POINT ( 'NONE',  ( 13.30000000000000200, 5.699999999999999300, -2.949999999999999700 ) ) ;
#3102 = AXIS2_PLACEMENT_3D ( 'NONE', #3101, #3100, #3099 ) ;
#3103 = PLANE ( 'NONE',  #3102 ) ;
#3104 =( GEOMETRIC_REPRESENTATION_CONTEXT ( 3 ) GLOBAL_UNCERTAINTY_ASSIGNED_CONTEXT ( ( #3105 ) ) GLOBAL_UNIT_ASSIGNED_CONTEXT ( ( #3051, #3107, #3106 ) ) REPRESENTATION_CONTEXT ( 'NONE', 'WORKASPACE' ) );
#3105 = UNCERTAINTY_MEASURE_WITH_UNIT (LENGTH_MEASURE( 1.000000000000000100E-005 ), #3051, 'distance_accuracy_value', 'NONE');
#3106 =( NAMED_UNIT ( * ) SI_UNIT ( $, .STERADIAN. ) SOLID_ANGLE_UNIT ( ) );
#3107 =( NAMED_UNIT ( * ) PLANE_ANGLE_UNIT ( ) SI_UNIT ( $, .RADIAN. ) );
#3108 =( NAMED_UNIT ( * ) PLANE_ANGLE_UNIT ( ) SI_UNIT ( $, .RADIAN. ) );
#3109 =( LENGTH_UNIT ( ) NAMED_UNIT ( * ) SI_UNIT ( .MILLI., .METRE. ) );
#3110 = MECHANICAL_DESIGN_GEOMETRIC_PRESENTATION_REPRESENTATION (  '', ( #3112 ), #3166 ) ;
#3111 = PRESENTATION_LAYER_ASSIGNMENT (  '', '', ( #3112 ) ) ;
#3112 = STYLED_ITEM ( 'NONE', ( #3113 ), #269 ) ;
#3113 = PRESENTATION_STYLE_ASSIGNMENT (( #3114 ) ) ;
#3114 = SURFACE_STYLE_USAGE ( .BOTH. , #3115 ) ;
#3115 = SURFACE_SIDE_STYLE ('',( #3116 ) ) ;
#3116 = SURFACE_STYLE_FILL_AREA ( #3117 ) ;
#3117 = FILL_AREA_STYLE ('',( #3124 ) ) ;
#3118 = COLOUR_RGB ( '',0.7529411764705882200, 0.7529411764705882200, 0.7529411764705882200 ) ;
#3119 = FACE_OUTER_BOUND ( 'NONE', #270, .T. ) ;
#3120 = DIRECTION ( 'NONE',  ( -1.000000000000000000, 0.0000000000000000000, 0.0000000000000000000 ) ) ;
#3121 = VECTOR ( 'NONE', #3120, 1000.000000000000000 ) ;
#3122 = CARTESIAN_POINT ( 'NONE',  ( 13.30000000000000200, 5.699999999999999300, -2.949999999999999700 ) ) ;
#3123 = LINE ( 'NONE', #3122, #3121 ) ;
#3124 = FILL_AREA_STYLE_COLOUR ( '', #3118 ) ;
#3125 = CARTESIAN_POINT ( 'NONE',  ( 13.30500000000000300, 5.700000000000000200, -2.949999999999999700 ) ) ;
#3126 = DIRECTION ( 'NONE',  ( 0.0000000000000000000, 0.0000000000000000000, 1.000000000000000000 ) ) ;
#3127 = VECTOR ( 'NONE', #3126, 1000.000000000000000 ) ;
#3128 = CARTESIAN_POINT ( 'NONE',  ( 13.30500000000000300, 5.700000000000000200, -2.949999999999999700 ) ) ;
#3129 = LINE ( 'NONE', #3128, #3127 ) ;
#3130 = DIRECTION ( 'NONE',  ( -6.195440985631455300E-016, -1.000000000000000000, 0.0000000000000000000 ) ) ;
#3131 = DIRECTION ( 'NONE',  ( -1.000000000000000000, 6.195440985631455300E-016, 0.0000000000000000000 ) ) ;
#3132 = CARTESIAN_POINT ( 'NONE',  ( 13.30500000000000100, 2.900000000000000800, -2.950000000000000200 ) ) ;
#3133 = AXIS2_PLACEMENT_3D ( 'NONE', #3132, #3131, #3130 ) ;
#3134 = PLANE ( 'NONE',  #3133 ) ;
#3135 =( GEOMETRIC_REPRESENTATION_CONTEXT ( 3 ) GLOBAL_UNCERTAINTY_ASSIGNED_CONTEXT ( ( #3136 ) ) GLOBAL_UNIT_ASSIGNED_CONTEXT ( ( #3083, #3082, #3137 ) ) REPRESENTATION_CONTEXT ( 'NONE', 'WORKASPACE' ) );
#3136 = UNCERTAINTY_MEASURE_WITH_UNIT (LENGTH_MEASURE( 1.000000000000000100E-005 ), #3083, 'distance_accuracy_value', 'NONE');
#3137 =( NAMED_UNIT ( * ) SI_UNIT ( $, .STERADIAN. ) SOLID_ANGLE_UNIT ( ) );
#3138 = MECHANICAL_DESIGN_GEOMETRIC_PRESENTATION_REPRESENTATION (  '', ( #3140 ), #3191 ) ;
#3139 = PRESENTATION_LAYER_ASSIGNMENT (  '', '', ( #3140 ) ) ;
#3140 = STYLED_ITEM ( 'NONE', ( #3141 ), #281 ) ;
#3141 = PRESENTATION_STYLE_ASSIGNMENT (( #3142 ) ) ;
#3142 = SURFACE_STYLE_USAGE ( .BOTH. , #3143 ) ;
#3143 = SURFACE_SIDE_STYLE ('',( #3144 ) ) ;
#3144 = SURFACE_STYLE_FILL_AREA ( #3145 ) ;
#3145 = FILL_AREA_STYLE ('',( #3152 ) ) ;
#3146 = COLOUR_RGB ( '',0.7529411764705882200, 0.7529411764705882200, 0.7529411764705882200 ) ;
#3147 = FACE_OUTER_BOUND ( 'NONE', #282, .T. ) ;
#3148 = DIRECTION ( 'NONE',  ( 0.0000000000000000000, 0.0000000000000000000, -1.000000000000000000 ) ) ;
#3149 = VECTOR ( 'NONE', #3148, 1000.000000000000000 ) ;
#3150 = CARTESIAN_POINT ( 'NONE',  ( 12.90000000000000400, 2.899999999999999900, -2.950000000000000200 ) ) ;
#3151 = LINE ( 'NONE', #3150, #3149 ) ;
#3152 = FILL_AREA_STYLE_COLOUR ( '', #3146 ) ;
#3153 = DIRECTION ( 'NONE',  ( 0.0000000000000000000, 0.0000000000000000000, -1.000000000000000000 ) ) ;
#3154 = VECTOR ( 'NONE', #3153, 1000.000000000000000 ) ;
#3155 = CARTESIAN_POINT ( 'NONE',  ( 13.30500000000000100, 2.900000000000000800, -2.950000000000000200 ) ) ;
#3156 = LINE ( 'NONE', #3155, #3154 ) ;
#3157 = DIRECTION ( 'NONE',  ( 0.0000000000000000000, 1.000000000000000000, 1.210047067506143700E-016 ) ) ;
#3158 = VECTOR ( 'NONE', #3157, 1000.000000000000000 ) ;
#3159 = CARTESIAN_POINT ( 'NONE',  ( 12.90000000000000400, 5.699999999999999300, -2.949999999999999700 ) ) ;
#3160 = LINE ( 'NONE', #3159, #3158 ) ;
#3161 = DIRECTION ( 'NONE',  ( 0.0000000000000000000, 0.0000000000000000000, 1.000000000000000000 ) ) ;
#3162 = DIRECTION ( 'NONE',  ( -1.000000000000000000, 0.0000000000000000000, 0.0000000000000000000 ) ) ;
#3163 = CARTESIAN_POINT ( 'NONE',  ( 12.90000000000000400, -1.734723475976807100E-015, 2.749999999999999100 ) ) ;
#3164 = AXIS2_PLACEMENT_3D ( 'NONE', #3163, #3162, #3161 ) ;
#3165 = PLANE ( 'NONE',  #3164 ) ;
#3166 =( GEOMETRIC_REPRESENTATION_CONTEXT ( 3 ) GLOBAL_UNCERTAINTY_ASSIGNED_CONTEXT ( ( #3167 ) ) GLOBAL_UNIT_ASSIGNED_CONTEXT ( ( #3109, #3108, #3168 ) ) REPRESENTATION_CONTEXT ( 'NONE', 'WORKASPACE' ) );
#3167 = UNCERTAINTY_MEASURE_WITH_UNIT (LENGTH_MEASURE( 1.000000000000000100E-005 ), #3109, 'distance_accuracy_value', 'NONE');
#3168 =( NAMED_UNIT ( * ) SI_UNIT ( $, .STERADIAN. ) SOLID_ANGLE_UNIT ( ) );
#3169 =( LENGTH_UNIT ( ) NAMED_UNIT ( * ) SI_UNIT ( .MILLI., .METRE. ) );
#3170 = MECHANICAL_DESIGN_GEOMETRIC_PRESENTATION_REPRESENTATION (  '', ( #3172 ), #3216 ) ;
#3171 = PRESENTATION_LAYER_ASSIGNMENT (  '', '', ( #3172 ) ) ;
#3172 = STYLED_ITEM ( 'NONE', ( #3173 ), #287 ) ;
#3173 = PRESENTATION_STYLE_ASSIGNMENT (( #3174 ) ) ;
#3174 = SURFACE_STYLE_USAGE ( .BOTH. , #3175 ) ;
#3175 = SURFACE_SIDE_STYLE ('',( #3176 ) ) ;
#3176 = SURFACE_STYLE_FILL_AREA ( #3177 ) ;
#3177 = FILL_AREA_STYLE ('',( #3178 ) ) ;
#3178 = FILL_AREA_STYLE_COLOUR ( '', #3179 ) ;
#3179 = COLOUR_RGB ( '',0.7529411764705882200, 0.7529411764705882200, 0.7529411764705882200 ) ;
#3180 = FACE_OUTER_BOUND ( 'NONE', #207, .T. ) ;
#3181 = CARTESIAN_POINT ( 'NONE',  ( 12.90000000000000400, 5.699999999999999300, -2.949999999999999700 ) ) ;
#3182 = DIRECTION ( 'NONE',  ( 0.0000000000000000000, 0.0000000000000000000, 1.000000000000000000 ) ) ;
#3183 = VECTOR ( 'NONE', #3182, 1000.000000000000000 ) ;
#3184 = CARTESIAN_POINT ( 'NONE',  ( 12.90000000000000400, 5.699999999999999300, 2.749999999999999100 ) ) ;
#3185 = LINE ( 'NONE', #3184, #3183 ) ;
#3186 = DIRECTION ( 'NONE',  ( 0.0000000000000000000, 0.0000000000000000000, -1.000000000000000000 ) ) ;
#3187 = DIRECTION ( 'NONE',  ( 0.0000000000000000000, -1.000000000000000000, 0.0000000000000000000 ) ) ;
#3188 = CARTESIAN_POINT ( 'NONE',  ( 13.30000000000000200, 5.699999999999999300, 2.749999999999999100 ) ) ;
#3189 = AXIS2_PLACEMENT_3D ( 'NONE', #3188, #3187, #3186 ) ;
#3190 = PLANE ( 'NONE',  #3189 ) ;
#3191 =( GEOMETRIC_REPRESENTATION_CONTEXT ( 3 ) GLOBAL_UNCERTAINTY_ASSIGNED_CONTEXT ( ( #3192 ) ) GLOBAL_UNIT_ASSIGNED_CONTEXT ( ( #3195, #3194, #3193 ) ) REPRESENTATION_CONTEXT ( 'NONE', 'WORKASPACE' ) );
#3192 = UNCERTAINTY_MEASURE_WITH_UNIT (LENGTH_MEASURE( 1.000000000000000100E-005 ), #3195, 'distance_accuracy_value', 'NONE');
#3193 =( NAMED_UNIT ( * ) SI_UNIT ( $, .STERADIAN. ) SOLID_ANGLE_UNIT ( ) );
#3194 =( NAMED_UNIT ( * ) PLANE_ANGLE_UNIT ( ) SI_UNIT ( $, .RADIAN. ) );
#3195 =( LENGTH_UNIT ( ) NAMED_UNIT ( * ) SI_UNIT ( .MILLI., .METRE. ) );
#3196 = UNCERTAINTY_MEASURE_WITH_UNIT (LENGTH_MEASURE( 1.000000000000000100E-005 ), #3199, 'distance_accuracy_value', 'NONE');
#3197 =( NAMED_UNIT ( * ) SI_UNIT ( $, .STERADIAN. ) SOLID_ANGLE_UNIT ( ) );
#3198 =( NAMED_UNIT ( * ) PLANE_ANGLE_UNIT ( ) SI_UNIT ( $, .RADIAN. ) );
#3199 =( LENGTH_UNIT ( ) NAMED_UNIT ( * ) SI_UNIT ( .MILLI., .METRE. ) );
#3200 = MECHANICAL_DESIGN_GEOMETRIC_PRESENTATION_REPRESENTATION (  '', ( #3202 ), #3245 ) ;
#3201 = PRESENTATION_LAYER_ASSIGNMENT (  '', '', ( #3202 ) ) ;
#3202 = STYLED_ITEM ( 'NONE', ( #3203 ), #288 ) ;
#3203 = PRESENTATION_STYLE_ASSIGNMENT (( #3204 ) ) ;
#3204 = SURFACE_STYLE_USAGE ( .BOTH. , #3205 ) ;
#3205 = SURFACE_SIDE_STYLE ('',( #3206 ) ) ;
#3206 = SURFACE_STYLE_FILL_AREA ( #3207 ) ;
#3207 = FILL_AREA_STYLE ('',( #3214 ) ) ;
#3208 = COLOUR_RGB ( '',0.7529411764705882200, 0.7529411764705882200, 0.7529411764705882200 ) ;
#3209 = FACE_OUTER_BOUND ( 'NONE', #289, .T. ) ;
#3210 = DIRECTION ( 'NONE',  ( 0.0000000000000000000, -1.000000000000000000, -1.495451272393798600E-016 ) ) ;
#3211 = DIRECTION ( 'NONE',  ( 0.0000000000000000000, -1.495451272393798600E-016, 1.000000000000000000 ) ) ;
#3212 = CARTESIAN_POINT ( 'NONE',  ( 13.30000000000000200, 2.899999999999999900, -0.4500000000000011800 ) ) ;
#3213 = AXIS2_PLACEMENT_3D ( 'NONE', #3212, #3211, #3210 ) ;
#3214 = FILL_AREA_STYLE_COLOUR ( '', #3208 ) ;
#3215 = PLANE ( 'NONE',  #3213 ) ;
#3216 =( GEOMETRIC_REPRESENTATION_CONTEXT ( 3 ) GLOBAL_UNCERTAINTY_ASSIGNED_CONTEXT ( ( #3217 ) ) GLOBAL_UNIT_ASSIGNED_CONTEXT ( ( #3169, #3219, #3218 ) ) REPRESENTATION_CONTEXT ( 'NONE', 'WORKASPACE' ) );
#3217 = UNCERTAINTY_MEASURE_WITH_UNIT (LENGTH_MEASURE( 1.000000000000000100E-005 ), #3169, 'distance_accuracy_value', 'NONE');
#3218 =( NAMED_UNIT ( * ) SI_UNIT ( $, .STERADIAN. ) SOLID_ANGLE_UNIT ( ) );
#3219 =( NAMED_UNIT ( * ) PLANE_ANGLE_UNIT ( ) SI_UNIT ( $, .RADIAN. ) );
#3220 = DIRECTION ( 'NONE',  ( 0.0000000000000000000, 0.0000000000000000000, 1.000000000000000000 ) ) ;
#3221 = CARTESIAN_POINT ( 'NONE',  ( -13.30000000000000200, -1.734723475976807100E-015, 2.749999999999999100 ) ) ;
#3222 = AXIS2_PLACEMENT_3D ( 'NONE', #3221, #3220, #3271 ) ;
#3223 = PLANE ( 'NONE',  #3222 ) ;
#3224 =( GEOMETRIC_REPRESENTATION_CONTEXT ( 3 ) GLOBAL_UNCERTAINTY_ASSIGNED_CONTEXT ( ( #3225 ) ) GLOBAL_UNIT_ASSIGNED_CONTEXT ( ( #3228, #3227, #3226 ) ) REPRESENTATION_CONTEXT ( 'NONE', 'WORKASPACE' ) );
#3225 = UNCERTAINTY_MEASURE_WITH_UNIT (LENGTH_MEASURE( 1.000000000000000100E-005 ), #3228, 'distance_accuracy_value', 'NONE');
#3226 =( NAMED_UNIT ( * ) SI_UNIT ( $, .STERADIAN. ) SOLID_ANGLE_UNIT ( ) );
#3227 =( NAMED_UNIT ( * ) PLANE_ANGLE_UNIT ( ) SI_UNIT ( $, .RADIAN. ) );
#3228 =( LENGTH_UNIT ( ) NAMED_UNIT ( * ) SI_UNIT ( .MILLI., .METRE. ) );
#3229 = MECHANICAL_DESIGN_GEOMETRIC_PRESENTATION_REPRESENTATION (  '', ( #3231 ), #3224 ) ;
#3230 = PRESENTATION_LAYER_ASSIGNMENT (  '', '', ( #3231 ) ) ;
#3231 = STYLED_ITEM ( 'NONE', ( #3232 ), #290 ) ;
#3232 = PRESENTATION_STYLE_ASSIGNMENT (( #3233 ) ) ;
#3233 = SURFACE_STYLE_USAGE ( .BOTH. , #3234 ) ;
#3234 = SURFACE_SIDE_STYLE ('',( #3235 ) ) ;
#3235 = SURFACE_STYLE_FILL_AREA ( #3236 ) ;
#3236 = FILL_AREA_STYLE ('',( #3243 ) ) ;
#3237 = COLOUR_RGB ( '',0.7529411764705882200, 0.7529411764705882200, 0.7529411764705882200 ) ;
#3238 = FACE_OUTER_BOUND ( 'NONE', #291, .T. ) ;
#3239 = DIRECTION ( 'NONE',  ( 0.0000000000000000000, 0.0000000000000000000, -1.000000000000000000 ) ) ;
#3240 = DIRECTION ( 'NONE',  ( 0.0000000000000000000, -1.000000000000000000, 0.0000000000000000000 ) ) ;
#3241 = CARTESIAN_POINT ( 'NONE',  ( -13.30000000000000200, 2.899999999999999900, -2.950000000000000200 ) ) ;
#3242 = AXIS2_PLACEMENT_3D ( 'NONE', #3241, #3240, #3239 ) ;
#3243 = FILL_AREA_STYLE_COLOUR ( '', #3237 ) ;
#3244 = PLANE ( 'NONE',  #3242 ) ;
#3245 =( GEOMETRIC_REPRESENTATION_CONTEXT ( 3 ) GLOBAL_UNCERTAINTY_ASSIGNED_CONTEXT ( ( #3196 ) ) GLOBAL_UNIT_ASSIGNED_CONTEXT ( ( #3199, #3198, #3197 ) ) REPRESENTATION_CONTEXT ( 'NONE', 'WORKASPACE' ) );
#3246 = DIRECTION ( 'NONE',  ( 0.0000000000000000000, 0.0000000000000000000, 1.000000000000000000 ) ) ;
#3247 = DIRECTION ( 'NONE',  ( 1.000000000000000000, 0.0000000000000000000, 0.0000000000000000000 ) ) ;
#3248 = CARTESIAN_POINT ( 'NONE',  ( -12.90000000000000400, -1.734723475976807100E-015, 2.749999999999999100 ) ) ;
#3249 = AXIS2_PLACEMENT_3D ( 'NONE', #3248, #3247, #3246 ) ;
#3250 = PLANE ( 'NONE',  #3249 ) ;
#3251 =( GEOMETRIC_REPRESENTATION_CONTEXT ( 3 ) GLOBAL_UNCERTAINTY_ASSIGNED_CONTEXT ( ( #3252 ) ) GLOBAL_UNIT_ASSIGNED_CONTEXT ( ( #3255, #3254, #3253 ) ) REPRESENTATION_CONTEXT ( 'NONE', 'WORKASPACE' ) );
#3252 = UNCERTAINTY_MEASURE_WITH_UNIT (LENGTH_MEASURE( 1.000000000000000100E-005 ), #3255, 'distance_accuracy_value', 'NONE');
#3253 =( NAMED_UNIT ( * ) SI_UNIT ( $, .STERADIAN. ) SOLID_ANGLE_UNIT ( ) );
#3254 =( NAMED_UNIT ( * ) PLANE_ANGLE_UNIT ( ) SI_UNIT ( $, .RADIAN. ) );
#3255 =( LENGTH_UNIT ( ) NAMED_UNIT ( * ) SI_UNIT ( .MILLI., .METRE. ) );
#3256 = MECHANICAL_DESIGN_GEOMETRIC_PRESENTATION_REPRESENTATION (  '', ( #3258 ), #3251 ) ;
#3257 = PRESENTATION_LAYER_ASSIGNMENT (  '', '', ( #3258 ) ) ;
#3258 = STYLED_ITEM ( 'NONE', ( #3259 ), #299 ) ;
#3259 = PRESENTATION_STYLE_ASSIGNMENT (( #3260 ) ) ;
#3260 = SURFACE_STYLE_USAGE ( .BOTH. , #3261 ) ;
#3261 = SURFACE_SIDE_STYLE ('',( #3262 ) ) ;
#3262 = SURFACE_STYLE_FILL_AREA ( #3263 ) ;
#3263 = FILL_AREA_STYLE ('',( #3270 ) ) ;
#3264 = COLOUR_RGB ( '',0.7529411764705882200, 0.7529411764705882200, 0.7529411764705882200 ) ;
#3265 = FACE_OUTER_BOUND ( 'NONE', #300, .T. ) ;
#3266 = DIRECTION ( 'NONE',  ( 0.0000000000000000000, -1.000000000000000000, 0.0000000000000000000 ) ) ;
#3267 = VECTOR ( 'NONE', #3266, 1000.000000000000000 ) ;
#3268 = CARTESIAN_POINT ( 'NONE',  ( -12.90000000000000400, -1.734723475976807100E-015, 2.749999999999999100 ) ) ;
#3269 = LINE ( 'NONE', #3268, #3267 ) ;
#3270 = FILL_AREA_STYLE_COLOUR ( '', #3264 ) ;
#3271 = DIRECTION ( 'NONE',  ( 1.000000000000000000, 0.0000000000000000000, 0.0000000000000000000 ) ) ;
#3272 = DIRECTION ( 'NONE',  ( 0.0000000000000000000, 1.000000000000000000, 1.495451272393798600E-016 ) ) ;
#3273 = VECTOR ( 'NONE', #3272, 1000.000000000000000 ) ;
#3274 = CARTESIAN_POINT ( 'NONE',  ( -13.30000000000000200, 2.899999999999999900, -0.4500000000000011800 ) ) ;
#3275 = LINE ( 'NONE', #3274, #3273 ) ;
#3276 = DIRECTION ( 'NONE',  ( 0.0000000000000000000, 0.0000000000000000000, 1.000000000000000000 ) ) ;
#3277 = DIRECTION ( 'NONE',  ( 1.000000000000000000, 0.0000000000000000000, 0.0000000000000000000 ) ) ;
#3278 = CARTESIAN_POINT ( 'NONE',  ( -13.30000000000000200, -1.734723475976807100E-015, 2.749999999999999100 ) ) ;
#3279 = AXIS2_PLACEMENT_3D ( 'NONE', #3278, #3277, #3276 ) ;
#3280 = PLANE ( 'NONE',  #3279 ) ;
#3281 =( GEOMETRIC_REPRESENTATION_CONTEXT ( 3 ) GLOBAL_UNCERTAINTY_ASSIGNED_CONTEXT ( ( #3282 ) ) GLOBAL_UNIT_ASSIGNED_CONTEXT ( ( #3285, #3284, #3283 ) ) REPRESENTATION_CONTEXT ( 'NONE', 'WORKASPACE' ) );
#3282 = UNCERTAINTY_MEASURE_WITH_UNIT (LENGTH_MEASURE( 1.000000000000000100E-005 ), #3285, 'distance_accuracy_value', 'NONE');
#3283 =( NAMED_UNIT ( * ) SI_UNIT ( $, .STERADIAN. ) SOLID_ANGLE_UNIT ( ) );
#3284 =( NAMED_UNIT ( * ) PLANE_ANGLE_UNIT ( ) SI_UNIT ( $, .RADIAN. ) );
#3285 =( LENGTH_UNIT ( ) NAMED_UNIT ( * ) SI_UNIT ( .MILLI., .METRE. ) );
#3286 = MECHANICAL_DESIGN_GEOMETRIC_PRESENTATION_REPRESENTATION (  '', ( #3288 ), #3281 ) ;
#3287 = PRESENTATION_LAYER_ASSIGNMENT (  '', '', ( #3288 ) ) ;
#3288 = STYLED_ITEM ( 'NONE', ( #3289 ), #303 ) ;
#3289 = PRESENTATION_STYLE_ASSIGNMENT (( #3290 ) ) ;
#3290 = SURFACE_STYLE_USAGE ( .BOTH. , #3291 ) ;
#3291 = SURFACE_SIDE_STYLE ('',( #3292 ) ) ;
#3292 = SURFACE_STYLE_FILL_AREA ( #3293 ) ;
#3293 = FILL_AREA_STYLE ('',( #3300 ) ) ;
#3294 = COLOUR_RGB ( '',0.7529411764705882200, 0.7529411764705882200, 0.7529411764705882200 ) ;
#3295 = FACE_OUTER_BOUND ( 'NONE', #304, .T. ) ;
#3296 = DIRECTION ( 'NONE',  ( 1.000000000000000000, 0.0000000000000000000, 0.0000000000000000000 ) ) ;
#3297 = VECTOR ( 'NONE', #3296, 1000.000000000000000 ) ;
#3298 = CARTESIAN_POINT ( 'NONE',  ( -13.30000000000000200, -1.734723475976807100E-015, -0.4500000000000016200 ) ) ;
#3299 = LINE ( 'NONE', #3298, #3297 ) ;
#3300 = FILL_AREA_STYLE_COLOUR ( '', #3294 ) ;
#3301 = CARTESIAN_POINT ( 'NONE',  ( -12.90000000000000400, -1.734723475976807100E-015, -0.4500000000000016200 ) ) ;
#3302 = LINE ( 'NONE', #3301, #3361 ) ;
#3303 = DIRECTION ( 'NONE',  ( 0.0000000000000000000, 0.0000000000000000000, -1.000000000000000000 ) ) ;
#3304 = DIRECTION ( 'NONE',  ( 0.0000000000000000000, -1.000000000000000000, 0.0000000000000000000 ) ) ;
#3305 = CARTESIAN_POINT ( 'NONE',  ( -13.30000000000000200, -1.734723475976807100E-015, -0.4500000000000016200 ) ) ;
#3306 = AXIS2_PLACEMENT_3D ( 'NONE', #3305, #3304, #3303 ) ;
#3307 = PLANE ( 'NONE',  #3306 ) ;
#3308 =( GEOMETRIC_REPRESENTATION_CONTEXT ( 3 ) GLOBAL_UNCERTAINTY_ASSIGNED_CONTEXT ( ( #3309 ) ) GLOBAL_UNIT_ASSIGNED_CONTEXT ( ( #3312, #3311, #3310 ) ) REPRESENTATION_CONTEXT ( 'NONE', 'WORKASPACE' ) );
#3309 = UNCERTAINTY_MEASURE_WITH_UNIT (LENGTH_MEASURE( 1.000000000000000100E-005 ), #3312, 'distance_accuracy_value', 'NONE');
#3310 =( NAMED_UNIT ( * ) SI_UNIT ( $, .STERADIAN. ) SOLID_ANGLE_UNIT ( ) );
#3311 =( NAMED_UNIT ( * ) PLANE_ANGLE_UNIT ( ) SI_UNIT ( $, .RADIAN. ) );
#3312 =( LENGTH_UNIT ( ) NAMED_UNIT ( * ) SI_UNIT ( .MILLI., .METRE. ) );
#3313 = MECHANICAL_DESIGN_GEOMETRIC_PRESENTATION_REPRESENTATION (  '', ( #3315 ), #3308 ) ;
#3314 = PRESENTATION_LAYER_ASSIGNMENT (  '', '', ( #3315 ) ) ;
#3315 = STYLED_ITEM ( 'NONE', ( #3316 ), #316 ) ;
#3316 = PRESENTATION_STYLE_ASSIGNMENT (( #3317 ) ) ;
#3317 = SURFACE_STYLE_USAGE ( .BOTH. , #3318 ) ;
#3318 = SURFACE_SIDE_STYLE ('',( #3319 ) ) ;
#3319 = SURFACE_STYLE_FILL_AREA ( #3320 ) ;
#3320 = FILL_AREA_STYLE ('',( #3327 ) ) ;
#3321 = COLOUR_RGB ( '',0.7529411764705882200, 0.7529411764705882200, 0.7529411764705882200 ) ;
#3322 = FACE_OUTER_BOUND ( 'NONE', #317, .T. ) ;
#3323 = DIRECTION ( 'NONE',  ( 0.0000000000000000000, -1.000000000000000000, 0.0000000000000000000 ) ) ;
#3324 = VECTOR ( 'NONE', #3323, 1000.000000000000000 ) ;
#3325 = CARTESIAN_POINT ( 'NONE',  ( -13.30000000000000200, -1.734723475976807100E-015, 2.749999999999999100 ) ) ;
#3326 = LINE ( 'NONE', #3325, #3324 ) ;
#3327 = FILL_AREA_STYLE_COLOUR ( '', #3321 ) ;
#3328 = COLOUR_RGB ( '',0.7529411764705882200, 0.7529411764705882200, 0.7529411764705882200 ) ;
#3329 = FACE_OUTER_BOUND ( 'NONE', #344, .T. ) ;
#3330 = DIRECTION ( 'NONE',  ( 0.0000000000000000000, 0.0000000000000000000, 1.000000000000000000 ) ) ;
#3331 = VECTOR ( 'NONE', #3330, 1000.000000000000000 ) ;
#3332 = CARTESIAN_POINT ( 'NONE',  ( -13.30500000000000300, 5.700000000000000200, -2.949999999999999700 ) ) ;
#3333 = LINE ( 'NONE', #3332, #3331 ) ;
#3334 = FILL_AREA_STYLE_COLOUR ( '', #3328 ) ;
#3335 = CARTESIAN_POINT ( 'NONE',  ( -13.30500000000000300, 5.700000000000000200, -2.949999999999999700 ) ) ;
#3336 = DIRECTION ( 'NONE',  ( 1.000000000000000000, 0.0000000000000000000, 0.0000000000000000000 ) ) ;
#3337 = VECTOR ( 'NONE', #3336, 1000.000000000000000 ) ;
#3338 = CARTESIAN_POINT ( 'NONE',  ( -13.30000000000000200, 5.699999999999999300, -2.949999999999999700 ) ) ;
#3339 = LINE ( 'NONE', #3338, #3337 ) ;
#3340 = CARTESIAN_POINT ( 'NONE',  ( -12.90000000000000400, 5.699999999999999300, -2.949999999999999700 ) ) ;
#3341 = DIRECTION ( 'NONE',  ( 0.0000000000000000000, 0.0000000000000000000, 1.000000000000000000 ) ) ;
#3342 = VECTOR ( 'NONE', #3341, 1000.000000000000000 ) ;
#3343 = CARTESIAN_POINT ( 'NONE',  ( -12.90000000000000400, 5.699999999999999300, 2.749999999999999100 ) ) ;
#3344 = LINE ( 'NONE', #3343, #3342 ) ;
#3345 = DIRECTION ( 'NONE',  ( -6.195440985631455300E-016, 1.000000000000000000, 1.210047067506143700E-016 ) ) ;
#3346 = VECTOR ( 'NONE', #3345, 1000.000000000000000 ) ;
#3347 = CARTESIAN_POINT ( 'NONE',  ( -13.30500000000000300, 5.700000000000000200, -2.949999999999999700 ) ) ;
#3348 = LINE ( 'NONE', #3347, #3346 ) ;
#3349 = DIRECTION ( 'NONE',  ( 0.0000000000000000000, 0.0000000000000000000, -1.000000000000000000 ) ) ;
#3350 = VECTOR ( 'NONE', #3349, 1000.000000000000000 ) ;
#3351 = CARTESIAN_POINT ( 'NONE',  ( -13.30000000000000200, -1.734723475976807100E-015, -0.4500000000000016200 ) ) ;
#3352 = LINE ( 'NONE', #3351, #3350 ) ;
#3353 = CARTESIAN_POINT ( 'NONE',  ( -13.30000000000000200, -1.734723475976807100E-015, 2.749999999999999100 ) ) ;
#3354 = DIRECTION ( 'NONE',  ( 1.000000000000000000, 0.0000000000000000000, 0.0000000000000000000 ) ) ;
#3355 = VECTOR ( 'NONE', #3354, 1000.000000000000000 ) ;
#3356 = CARTESIAN_POINT ( 'NONE',  ( -13.30000000000000200, -1.734723475976807100E-015, 2.749999999999999100 ) ) ;
#3357 = LINE ( 'NONE', #3356, #3355 ) ;
#3358 = CARTESIAN_POINT ( 'NONE',  ( -12.90000000000000400, -1.734723475976807100E-015, -0.4500000000000016200 ) ) ;
#3359 = CARTESIAN_POINT ( 'NONE',  ( -12.90000000000000400, -1.734723475976807100E-015, 2.749999999999999100 ) ) ;
#3360 = DIRECTION ( 'NONE',  ( 0.0000000000000000000, 0.0000000000000000000, -1.000000000000000000 ) ) ;
#3361 = VECTOR ( 'NONE', #3360, 1000.000000000000000 ) ;
#3362 = DIRECTION ( 'NONE',  ( 1.000000000000000000, 0.0000000000000000000, 0.0000000000000000000 ) ) ;
#3363 = VECTOR ( 'NONE', #3362, 1000.000000000000000 ) ;
#3364 = CARTESIAN_POINT ( 'NONE',  ( -13.30000000000000200, 2.899999999999999900, -2.950000000000000200 ) ) ;
#3365 = LINE ( 'NONE', #3364, #3363 ) ;
#3366 = CARTESIAN_POINT ( 'NONE',  ( -13.30500000000000100, 2.900000000000000800, -2.950000000000000200 ) ) ;
#3367 = DIRECTION ( 'NONE',  ( 0.0000000000000000000, 0.0000000000000000000, -1.000000000000000000 ) ) ;
#3368 = VECTOR ( 'NONE', #3367, 1000.000000000000000 ) ;
#3369 = CARTESIAN_POINT ( 'NONE',  ( -13.30500000000000100, 2.900000000000000800, -2.950000000000000200 ) ) ;
#3370 = LINE ( 'NONE', #3369, #3368 ) ;
#3371 = DIRECTION ( 'NONE',  ( 0.0000000000000000000, 0.0000000000000000000, 1.000000000000000000 ) ) ;
#3372 = DIRECTION ( 'NONE',  ( 1.000000000000000000, 0.0000000000000000000, 0.0000000000000000000 ) ) ;
#3373 = CARTESIAN_POINT ( 'NONE',  ( -12.90000000000000400, -1.734723475976807100E-015, 2.749999999999999100 ) ) ;
#3374 = AXIS2_PLACEMENT_3D ( 'NONE', #3373, #3372, #3371 ) ;
#3375 = PLANE ( 'NONE',  #3374 ) ;
#3376 =( GEOMETRIC_REPRESENTATION_CONTEXT ( 3 ) GLOBAL_UNCERTAINTY_ASSIGNED_CONTEXT ( ( #3377 ) ) GLOBAL_UNIT_ASSIGNED_CONTEXT ( ( #3380, #3379, #3378 ) ) REPRESENTATION_CONTEXT ( 'NONE', 'WORKASPACE' ) );
#3377 = UNCERTAINTY_MEASURE_WITH_UNIT (LENGTH_MEASURE( 1.000000000000000100E-005 ), #3380, 'distance_accuracy_value', 'NONE');
#3378 =( NAMED_UNIT ( * ) SI_UNIT ( $, .STERADIAN. ) SOLID_ANGLE_UNIT ( ) );
#3379 =( NAMED_UNIT ( * ) PLANE_ANGLE_UNIT ( ) SI_UNIT ( $, .RADIAN. ) );
#3380 =( LENGTH_UNIT ( ) NAMED_UNIT ( * ) SI_UNIT ( .MILLI., .METRE. ) );
#3381 = MECHANICAL_DESIGN_GEOMETRIC_PRESENTATION_REPRESENTATION (  '', ( #3383 ), #3376 ) ;
#3382 = PRESENTATION_LAYER_ASSIGNMENT (  '', '', ( #3383 ) ) ;
#3383 = STYLED_ITEM ( 'NONE', ( #3384 ), #343 ) ;
#3384 = PRESENTATION_STYLE_ASSIGNMENT (( #3385 ) ) ;
#3385 = SURFACE_STYLE_USAGE ( .BOTH. , #3386 ) ;
#3386 = SURFACE_SIDE_STYLE ('',( #3387 ) ) ;
#3387 = SURFACE_STYLE_FILL_AREA ( #3388 ) ;
#3388 = FILL_AREA_STYLE ('',( #3334 ) ) ;
#3389 = CARTESIAN_POINT ( 'NONE',  ( -12.90000000000000400, 2.899999999999999900, -0.4500000000000011800 ) ) ;
#3390 = LINE ( 'NONE', #3389, #3450 ) ;
#3391 = FILL_AREA_STYLE_COLOUR ( '', #3447 ) ;
#3392 = DIRECTION ( 'NONE',  ( 0.0000000000000000000, 0.0000000000000000000, 1.000000000000000000 ) ) ;
#3393 = DIRECTION ( 'NONE',  ( 0.0000000000000000000, 1.000000000000000000, 0.0000000000000000000 ) ) ;
#3394 = CARTESIAN_POINT ( 'NONE',  ( -13.30000000000000200, 5.699999999999999300, 2.749999999999999100 ) ) ;
#3395 = AXIS2_PLACEMENT_3D ( 'NONE', #3394, #3393, #3392 ) ;
#3396 = PLANE ( 'NONE',  #3395 ) ;
#3397 =( GEOMETRIC_REPRESENTATION_CONTEXT ( 3 ) GLOBAL_UNCERTAINTY_ASSIGNED_CONTEXT ( ( #3398 ) ) GLOBAL_UNIT_ASSIGNED_CONTEXT ( ( #3401, #3400, #3399 ) ) REPRESENTATION_CONTEXT ( 'NONE', 'WORKASPACE' ) );
#3398 = UNCERTAINTY_MEASURE_WITH_UNIT (LENGTH_MEASURE( 1.000000000000000100E-005 ), #3401, 'distance_accuracy_value', 'NONE');
#3399 =( NAMED_UNIT ( * ) SI_UNIT ( $, .STERADIAN. ) SOLID_ANGLE_UNIT ( ) );
#3400 =( NAMED_UNIT ( * ) PLANE_ANGLE_UNIT ( ) SI_UNIT ( $, .RADIAN. ) );
#3401 =( LENGTH_UNIT ( ) NAMED_UNIT ( * ) SI_UNIT ( .MILLI., .METRE. ) );
#3402 = MECHANICAL_DESIGN_GEOMETRIC_PRESENTATION_REPRESENTATION (  '', ( #3404 ), #3397 ) ;
#3403 = PRESENTATION_LAYER_ASSIGNMENT (  '', '', ( #3404 ) ) ;
#3404 = STYLED_ITEM ( 'NONE', ( #3405 ), #357 ) ;
#3405 = PRESENTATION_STYLE_ASSIGNMENT (( #3406 ) ) ;
#3406 = SURFACE_STYLE_USAGE ( .BOTH. , #3407 ) ;
#3407 = SURFACE_SIDE_STYLE ('',( #3408 ) ) ;
#3408 = SURFACE_STYLE_FILL_AREA ( #3409 ) ;
#3409 = FILL_AREA_STYLE ('',( #3416 ) ) ;
#3410 = COLOUR_RGB ( '',0.7529411764705882200, 0.7529411764705882200, 0.7529411764705882200 ) ;
#3411 = FACE_OUTER_BOUND ( 'NONE', #358, .T. ) ;
#3412 = DIRECTION ( 'NONE',  ( 0.0000000000000000000, 0.0000000000000000000, -1.000000000000000000 ) ) ;
#3413 = VECTOR ( 'NONE', #3412, 1000.000000000000000 ) ;
#3414 = CARTESIAN_POINT ( 'NONE',  ( -12.90000000000000400, 2.899999999999999900, -2.950000000000000200 ) ) ;
#3415 = LINE ( 'NONE', #3414, #3413 ) ;
#3416 = FILL_AREA_STYLE_COLOUR ( '', #3410 ) ;
#3417 = CARTESIAN_POINT ( 'NONE',  ( -12.90000000000000400, 2.899999999999999900, -2.950000000000000200 ) ) ;
#3418 = SURFACE_STYLE_USAGE ( .BOTH. , #3419 ) ;
#3419 = SURFACE_SIDE_STYLE ('',( #3420 ) ) ;
#3420 = SURFACE_STYLE_FILL_AREA ( #3421 ) ;
#3421 = FILL_AREA_STYLE ('',( #3428 ) ) ;
#3422 = COLOUR_RGB ( '',0.7529411764705882200, 0.7529411764705882200, 0.7529411764705882200 ) ;
#3423 = FACE_OUTER_BOUND ( 'NONE', #371, .T. ) ;
#3424 = DIRECTION ( 'NONE',  ( 0.0000000000000000000, -1.000000000000000000, -1.445602896647339200E-016 ) ) ;
#3425 = VECTOR ( 'NONE', #3424, 1000.000000000000000 ) ;
#3426 = CARTESIAN_POINT ( 'NONE',  ( 9.250000000000000000, 0.3999999999999993000, -2.602085213965210600E-015 ) ) ;
#3427 = LINE ( 'NONE', #3426, #3425 ) ;
#3428 = FILL_AREA_STYLE_COLOUR ( '', #3422 ) ;
#3429 = DIRECTION ( 'NONE',  ( 0.0000000000000000000, 1.000000000000000000, 1.495451272393798600E-016 ) ) ;
#3430 = DIRECTION ( 'NONE',  ( 0.0000000000000000000, 1.495451272393798600E-016, -1.000000000000000000 ) ) ;
#3431 = CARTESIAN_POINT ( 'NONE',  ( -13.30000000000000200, 2.899999999999999900, -0.4500000000000011800 ) ) ;
#3432 = AXIS2_PLACEMENT_3D ( 'NONE', #3431, #3430, #3429 ) ;
#3433 = PLANE ( 'NONE',  #3432 ) ;
#3434 =( GEOMETRIC_REPRESENTATION_CONTEXT ( 3 ) GLOBAL_UNCERTAINTY_ASSIGNED_CONTEXT ( ( #3435 ) ) GLOBAL_UNIT_ASSIGNED_CONTEXT ( ( #3438, #3437, #3436 ) ) REPRESENTATION_CONTEXT ( 'NONE', 'WORKASPACE' ) );
#3435 = UNCERTAINTY_MEASURE_WITH_UNIT (LENGTH_MEASURE( 1.000000000000000100E-005 ), #3438, 'distance_accuracy_value', 'NONE');
#3436 =( NAMED_UNIT ( * ) SI_UNIT ( $, .STERADIAN. ) SOLID_ANGLE_UNIT ( ) );
#3437 =( NAMED_UNIT ( * ) PLANE_ANGLE_UNIT ( ) SI_UNIT ( $, .RADIAN. ) );
#3438 =( LENGTH_UNIT ( ) NAMED_UNIT ( * ) SI_UNIT ( .MILLI., .METRE. ) );
#3439 = MECHANICAL_DESIGN_GEOMETRIC_PRESENTATION_REPRESENTATION (  '', ( #3441 ), #3434 ) ;
#3440 = PRESENTATION_LAYER_ASSIGNMENT (  '', '', ( #3441 ) ) ;
#3441 = STYLED_ITEM ( 'NONE', ( #3442 ), #363 ) ;
#3442 = PRESENTATION_STYLE_ASSIGNMENT (( #3443 ) ) ;
#3443 = SURFACE_STYLE_USAGE ( .BOTH. , #3444 ) ;
#3444 = SURFACE_SIDE_STYLE ('',( #3445 ) ) ;
#3445 = SURFACE_STYLE_FILL_AREA ( #3446 ) ;
#3446 = FILL_AREA_STYLE ('',( #3391 ) ) ;
#3447 = COLOUR_RGB ( '',0.7529411764705882200, 0.7529411764705882200, 0.7529411764705882200 ) ;
#3448 = FACE_OUTER_BOUND ( 'NONE', #364, .T. ) ;
#3449 = DIRECTION ( 'NONE',  ( 0.0000000000000000000, 1.000000000000000000, 1.495451272393798600E-016 ) ) ;
#3450 = VECTOR ( 'NONE', #3449, 1000.000000000000000 ) ;
#3451 = COLOUR_RGB ( '',0.7529411764705882200, 0.7529411764705882200, 0.7529411764705882200 ) ;
#3452 = FACE_OUTER_BOUND ( 'NONE', #380, .T. ) ;
#3453 = DIRECTION ( 'NONE',  ( -1.000000000000000000, 0.0000000000000000000, 0.0000000000000000000 ) ) ;
#3454 = VECTOR ( 'NONE', #3453, 1000.000000000000000 ) ;
#3455 = CARTESIAN_POINT ( 'NONE',  ( 9.250000000000000000, 6.399999999999999500, -0.5000000000000017800 ) ) ;
#3456 = LINE ( 'NONE', #3455, #3454 ) ;
#3457 = FILL_AREA_STYLE_COLOUR ( '', #3451 ) ;
#3458 = CARTESIAN_POINT ( 'NONE',  ( 9.250000000000000000, 6.399999999999999500, -0.5000000000000017800 ) ) ;
#3459 = DIRECTION ( 'NONE',  ( 0.0000000000000000000, 0.0000000000000000000, 1.000000000000000000 ) ) ;
#3460 = VECTOR ( 'NONE', #3459, 1000.000000000000000 ) ;
#3461 = CARTESIAN_POINT ( 'NONE',  ( 9.250000000000000000, 6.399999999999999500, -1.734723475976807100E-015 ) ) ;
#3462 = LINE ( 'NONE', #3461, #3460 ) ;
#3463 = DIRECTION ( 'NONE',  ( 0.0000000000000000000, 1.000000000000000000, 1.445602896647339200E-016 ) ) ;
#3464 = DIRECTION ( 'NONE',  ( 0.0000000000000000000, 1.445602896647339200E-016, -1.000000000000000000 ) ) ;
#3465 = CARTESIAN_POINT ( 'NONE',  ( 9.250000000000000000, 0.3999999999999993000, -2.602085213965210600E-015 ) ) ;
#3466 = AXIS2_PLACEMENT_3D ( 'NONE', #3465, #3464, #3463 ) ;
#3467 = PLANE ( 'NONE',  #3466 ) ;
#3468 =( GEOMETRIC_REPRESENTATION_CONTEXT ( 3 ) GLOBAL_UNCERTAINTY_ASSIGNED_CONTEXT ( ( #3469 ) ) GLOBAL_UNIT_ASSIGNED_CONTEXT ( ( #3472, #3471, #3470 ) ) REPRESENTATION_CONTEXT ( 'NONE', 'WORKASPACE' ) );
#3469 = UNCERTAINTY_MEASURE_WITH_UNIT (LENGTH_MEASURE( 1.000000000000000100E-005 ), #3472, 'distance_accuracy_value', 'NONE');
#3470 =( NAMED_UNIT ( * ) SI_UNIT ( $, .STERADIAN. ) SOLID_ANGLE_UNIT ( ) );
#3471 =( NAMED_UNIT ( * ) PLANE_ANGLE_UNIT ( ) SI_UNIT ( $, .RADIAN. ) );
#3472 =( LENGTH_UNIT ( ) NAMED_UNIT ( * ) SI_UNIT ( .MILLI., .METRE. ) );
#3473 = MECHANICAL_DESIGN_GEOMETRIC_PRESENTATION_REPRESENTATION (  '', ( #3475 ), #3468 ) ;
#3474 = PRESENTATION_LAYER_ASSIGNMENT (  '', '', ( #3475 ) ) ;
#3475 = STYLED_ITEM ( 'NONE', ( #3476 ), #370 ) ;
#3476 = PRESENTATION_STYLE_ASSIGNMENT (( #3418 ) ) ;
#3477 = FILL_AREA_STYLE_COLOUR ( '', #3535 ) ;
#3478 = FACE_OUTER_BOUND ( 'NONE', #331, .T. ) ;
#3479 = DIRECTION ( 'NONE',  ( 0.0000000000000000000, -1.000000000000000000, -1.445602896647339200E-016 ) ) ;
#3480 = VECTOR ( 'NONE', #3479, 1000.000000000000000 ) ;
#3481 = CARTESIAN_POINT ( 'NONE',  ( 8.749999999999998200, 0.3999999999999993000, -2.602085213965210600E-015 ) ) ;
#3482 = LINE ( 'NONE', #3481, #3480 ) ;
#3483 = FILL_AREA_STYLE ('',( #3477 ) ) ;
#3484 = DIRECTION ( 'NONE',  ( 0.0000000000000000000, 1.000000000000000000, 2.502005013428087100E-016 ) ) ;
#3485 = VECTOR ( 'NONE', #3484, 1000.000000000000000 ) ;
#3486 = CARTESIAN_POINT ( 'NONE',  ( 8.749999999999998200, 6.399999999999999500, -0.5000000000000017800 ) ) ;
#3487 = LINE ( 'NONE', #3486, #3485 ) ;
#3488 = DIRECTION ( 'NONE',  ( 0.0000000000000000000, 0.0000000000000000000, 1.000000000000000000 ) ) ;
#3489 = DIRECTION ( 'NONE',  ( -1.000000000000000000, 0.0000000000000000000, 0.0000000000000000000 ) ) ;
#3490 = CARTESIAN_POINT ( 'NONE',  ( 8.749999999999998200, 0.3999999999999993000, -2.850000000000001400 ) ) ;
#3491 = AXIS2_PLACEMENT_3D ( 'NONE', #3490, #3489, #3488 ) ;
#3492 = PLANE ( 'NONE',  #3491 ) ;
#3493 =( GEOMETRIC_REPRESENTATION_CONTEXT ( 3 ) GLOBAL_UNCERTAINTY_ASSIGNED_CONTEXT ( ( #3494 ) ) GLOBAL_UNIT_ASSIGNED_CONTEXT ( ( #3497, #3496, #3495 ) ) REPRESENTATION_CONTEXT ( 'NONE', 'WORKASPACE' ) );
#3494 = UNCERTAINTY_MEASURE_WITH_UNIT (LENGTH_MEASURE( 1.000000000000000100E-005 ), #3497, 'distance_accuracy_value', 'NONE');
#3495 =( NAMED_UNIT ( * ) SI_UNIT ( $, .STERADIAN. ) SOLID_ANGLE_UNIT ( ) );
#3496 =( NAMED_UNIT ( * ) PLANE_ANGLE_UNIT ( ) SI_UNIT ( $, .RADIAN. ) );
#3497 =( LENGTH_UNIT ( ) NAMED_UNIT ( * ) SI_UNIT ( .MILLI., .METRE. ) );
#3498 = MECHANICAL_DESIGN_GEOMETRIC_PRESENTATION_REPRESENTATION (  '', ( #3500 ), #3493 ) ;
#3499 = PRESENTATION_LAYER_ASSIGNMENT (  '', '', ( #3500 ) ) ;
#3500 = STYLED_ITEM ( 'NONE', ( #3501 ), #379 ) ;
#3501 = PRESENTATION_STYLE_ASSIGNMENT (( #3502 ) ) ;
#3502 = SURFACE_STYLE_USAGE ( .BOTH. , #3503 ) ;
#3503 = SURFACE_SIDE_STYLE ('',( #3504 ) ) ;
#3504 = SURFACE_STYLE_FILL_AREA ( #3505 ) ;
#3505 = FILL_AREA_STYLE ('',( #3457 ) ) ;
#3506 =( LENGTH_UNIT ( ) NAMED_UNIT ( * ) SI_UNIT ( .MILLI., .METRE. ) );
#3507 = MECHANICAL_DESIGN_GEOMETRIC_PRESENTATION_REPRESENTATION (  '', ( #3509 ), #3561 ) ;
#3508 = PRESENTATION_LAYER_ASSIGNMENT (  '', '', ( #3509 ) ) ;
#3509 = STYLED_ITEM ( 'NONE', ( #3510 ), #392 ) ;
#3510 = PRESENTATION_STYLE_ASSIGNMENT (( #3511 ) ) ;
#3511 = SURFACE_STYLE_USAGE ( .BOTH. , #3512 ) ;
#3512 = SURFACE_SIDE_STYLE ('',( #3513 ) ) ;
#3513 = SURFACE_STYLE_FILL_AREA ( #3514 ) ;
#3514 = FILL_AREA_STYLE ('',( #3521 ) ) ;
#3515 = COLOUR_RGB ( '',0.7529411764705882200, 0.7529411764705882200, 0.7529411764705882200 ) ;
#3516 = FACE_OUTER_BOUND ( 'NONE', #393, .T. ) ;
#3517 = DIRECTION ( 'NONE',  ( 6.195440985631455300E-016, -1.000000000000000000, 0.0000000000000000000 ) ) ;
#3518 = DIRECTION ( 'NONE',  ( 1.000000000000000000, 6.195440985631455300E-016, 0.0000000000000000000 ) ) ;
#3519 = CARTESIAN_POINT ( 'NONE',  ( -13.30500000000000100, 2.900000000000000800, -2.950000000000000200 ) ) ;
#3520 = AXIS2_PLACEMENT_3D ( 'NONE', #3519, #3518, #3517 ) ;
#3521 = FILL_AREA_STYLE_COLOUR ( '', #3515 ) ;
#3522 = PLANE ( 'NONE',  #3520 ) ;
#3523 =( GEOMETRIC_REPRESENTATION_CONTEXT ( 3 ) GLOBAL_UNCERTAINTY_ASSIGNED_CONTEXT ( ( #3524 ) ) GLOBAL_UNIT_ASSIGNED_CONTEXT ( ( #3527, #3526, #3525 ) ) REPRESENTATION_CONTEXT ( 'NONE', 'WORKASPACE' ) );
#3524 = UNCERTAINTY_MEASURE_WITH_UNIT (LENGTH_MEASURE( 1.000000000000000100E-005 ), #3527, 'distance_accuracy_value', 'NONE');
#3525 =( NAMED_UNIT ( * ) SI_UNIT ( $, .STERADIAN. ) SOLID_ANGLE_UNIT ( ) );
#3526 =( NAMED_UNIT ( * ) PLANE_ANGLE_UNIT ( ) SI_UNIT ( $, .RADIAN. ) );
#3527 =( LENGTH_UNIT ( ) NAMED_UNIT ( * ) SI_UNIT ( .MILLI., .METRE. ) );
#3528 = MECHANICAL_DESIGN_GEOMETRIC_PRESENTATION_REPRESENTATION (  '', ( #3530 ), #3523 ) ;
#3529 = PRESENTATION_LAYER_ASSIGNMENT (  '', '', ( #3530 ) ) ;
#3530 = STYLED_ITEM ( 'NONE', ( #3531 ), #387 ) ;
#3531 = PRESENTATION_STYLE_ASSIGNMENT (( #3532 ) ) ;
#3532 = SURFACE_STYLE_USAGE ( .BOTH. , #3533 ) ;
#3533 = SURFACE_SIDE_STYLE ('',( #3534 ) ) ;
#3534 = SURFACE_STYLE_FILL_AREA ( #3483 ) ;
#3535 = COLOUR_RGB ( '',0.7529411764705882200, 0.7529411764705882200, 0.7529411764705882200 ) ;
#3536 = SURFACE_STYLE_FILL_AREA ( #3537 ) ;
#3537 = FILL_AREA_STYLE ('',( #3544 ) ) ;
#3538 = COLOUR_RGB ( '',0.7529411764705882200, 0.7529411764705882200, 0.7529411764705882200 ) ;
#3539 = FACE_OUTER_BOUND ( 'NONE', #406, .T. ) ;
#3540 = DIRECTION ( 'NONE',  ( 0.0000000000000000000, 1.000000000000000000, 1.210047067506143700E-016 ) ) ;
#3541 = VECTOR ( 'NONE', #3540, 1000.000000000000000 ) ;
#3542 = CARTESIAN_POINT ( 'NONE',  ( -12.90000000000000400, 5.699999999999999300, -2.949999999999999700 ) ) ;
#3543 = LINE ( 'NONE', #3542, #3541 ) ;
#3544 = FILL_AREA_STYLE_COLOUR ( '', #3538 ) ;
#3545 = CARTESIAN_POINT ( 'NONE',  ( 9.250000000000000000, 6.399999999999999500, -1.734723475976807100E-015 ) ) ;
#3546 = DIRECTION ( 'NONE',  ( -1.000000000000000000, 0.0000000000000000000, 0.0000000000000000000 ) ) ;
#3547 = VECTOR ( 'NONE', #3546, 1000.000000000000000 ) ;
#3548 = CARTESIAN_POINT ( 'NONE',  ( 9.250000000000000000, 6.399999999999999500, -1.734723475976807100E-015 ) ) ;
#3549 = LINE ( 'NONE', #3548, #3547 ) ;
#3550 = CARTESIAN_POINT ( 'NONE',  ( 8.749999999999998200, 6.399999999999999500, -1.734723475976807100E-015 ) ) ;
#3551 = CARTESIAN_POINT ( 'NONE',  ( 8.749999999999998200, 6.399999999999999500, -0.5000000000000017800 ) ) ;
#3552 = DIRECTION ( 'NONE',  ( 0.0000000000000000000, 0.0000000000000000000, 1.000000000000000000 ) ) ;
#3553 = VECTOR ( 'NONE', #3552, 1000.000000000000000 ) ;
#3554 = CARTESIAN_POINT ( 'NONE',  ( 8.749999999999998200, 6.399999999999999500, -1.734723475976807100E-015 ) ) ;
#3555 = LINE ( 'NONE', #3554, #3553 ) ;
#3556 = DIRECTION ( 'NONE',  ( 0.0000000000000000000, 0.0000000000000000000, -1.000000000000000000 ) ) ;
#3557 = DIRECTION ( 'NONE',  ( 0.0000000000000000000, -1.000000000000000000, 0.0000000000000000000 ) ) ;
#3558 = CARTESIAN_POINT ( 'NONE',  ( 9.250000000000000000, 6.399999999999999500, -1.734723475976807100E-015 ) ) ;
#3559 = AXIS2_PLACEMENT_3D ( 'NONE', #3558, #3557, #3556 ) ;
#3560 = PLANE ( 'NONE',  #3559 ) ;
#3561 =( GEOMETRIC_REPRESENTATION_CONTEXT ( 3 ) GLOBAL_UNCERTAINTY_ASSIGNED_CONTEXT ( ( #3562 ) ) GLOBAL_UNIT_ASSIGNED_CONTEXT ( ( #3506, #9454, #3563 ) ) REPRESENTATION_CONTEXT ( 'NONE', 'WORKASPACE' ) );
#3562 = UNCERTAINTY_MEASURE_WITH_UNIT (LENGTH_MEASURE( 1.000000000000000100E-005 ), #3506, 'distance_accuracy_value', 'NONE');
#3563 =( NAMED_UNIT ( * ) SI_UNIT ( $, .STERADIAN. ) SOLID_ANGLE_UNIT ( ) );
#3564 = VECTOR ( 'NONE', #3615, 1000.000000000000000 ) ;
#3565 = CARTESIAN_POINT ( 'NONE',  ( 8.749999999999998200, 0.5999999999999998700, -4.250000000000000900 ) ) ;
#3566 = LINE ( 'NONE', #3565, #3564 ) ;
#3567 = CARTESIAN_POINT ( 'NONE',  ( 8.749999999999998200, 0.5999999999999998700, -4.250000000000000900 ) ) ;
#3568 = DIRECTION ( 'NONE',  ( 0.0000000000000000000, 0.0000000000000000000, 1.000000000000000000 ) ) ;
#3569 = VECTOR ( 'NONE', #3568, 1000.000000000000000 ) ;
#3570 = CARTESIAN_POINT ( 'NONE',  ( 8.749999999999998200, 0.5999999999999998700, -2.850000000000001400 ) ) ;
#3571 = LINE ( 'NONE', #3570, #3569 ) ;
#3572 = DIRECTION ( 'NONE',  ( 0.0000000000000000000, 1.000000000000000000, 1.210047067506143700E-016 ) ) ;
#3573 = DIRECTION ( 'NONE',  ( 0.0000000000000000000, 1.210047067506143700E-016, -1.000000000000000000 ) ) ;
#3574 = CARTESIAN_POINT ( 'NONE',  ( -13.30000000000000200, 5.699999999999999300, -2.949999999999999700 ) ) ;
#3575 = AXIS2_PLACEMENT_3D ( 'NONE', #3574, #3573, #3572 ) ;
#3576 = PLANE ( 'NONE',  #3575 ) ;
#3577 =( GEOMETRIC_REPRESENTATION_CONTEXT ( 3 ) GLOBAL_UNCERTAINTY_ASSIGNED_CONTEXT ( ( #3578 ) ) GLOBAL_UNIT_ASSIGNED_CONTEXT ( ( #3581, #3580, #3579 ) ) REPRESENTATION_CONTEXT ( 'NONE', 'WORKASPACE' ) );
#3578 = UNCERTAINTY_MEASURE_WITH_UNIT (LENGTH_MEASURE( 1.000000000000000100E-005 ), #3581, 'distance_accuracy_value', 'NONE');
#3579 =( NAMED_UNIT ( * ) SI_UNIT ( $, .STERADIAN. ) SOLID_ANGLE_UNIT ( ) );
#3580 =( NAMED_UNIT ( * ) PLANE_ANGLE_UNIT ( ) SI_UNIT ( $, .RADIAN. ) );
#3581 =( LENGTH_UNIT ( ) NAMED_UNIT ( * ) SI_UNIT ( .MILLI., .METRE. ) );
#3582 = MECHANICAL_DESIGN_GEOMETRIC_PRESENTATION_REPRESENTATION (  '', ( #3584 ), #3577 ) ;
#3583 = PRESENTATION_LAYER_ASSIGNMENT (  '', '', ( #3584 ) ) ;
#3584 = STYLED_ITEM ( 'NONE', ( #3585 ), #405 ) ;
#3585 = PRESENTATION_STYLE_ASSIGNMENT (( #3586 ) ) ;
#3586 = SURFACE_STYLE_USAGE ( .BOTH. , #3587 ) ;
#3587 = SURFACE_SIDE_STYLE ('',( #3536 ) ) ;
#3588 = PLANE ( 'NONE',  #3646 ) ;
#3589 =( GEOMETRIC_REPRESENTATION_CONTEXT ( 3 ) GLOBAL_UNCERTAINTY_ASSIGNED_CONTEXT ( ( #3590 ) ) GLOBAL_UNIT_ASSIGNED_CONTEXT ( ( #3593, #3592, #3591 ) ) REPRESENTATION_CONTEXT ( 'NONE', 'WORKASPACE' ) );
#3590 = UNCERTAINTY_MEASURE_WITH_UNIT (LENGTH_MEASURE( 1.000000000000000100E-005 ), #3593, 'distance_accuracy_value', 'NONE');
#3591 =( NAMED_UNIT ( * ) SI_UNIT ( $, .STERADIAN. ) SOLID_ANGLE_UNIT ( ) );
#3592 =( NAMED_UNIT ( * ) PLANE_ANGLE_UNIT ( ) SI_UNIT ( $, .RADIAN. ) );
#3593 =( LENGTH_UNIT ( ) NAMED_UNIT ( * ) SI_UNIT ( .MILLI., .METRE. ) );
#3594 = MECHANICAL_DESIGN_GEOMETRIC_PRESENTATION_REPRESENTATION (  '', ( #3596 ), #3589 ) ;
#3595 = PRESENTATION_LAYER_ASSIGNMENT (  '', '', ( #3596 ) ) ;
#3596 = STYLED_ITEM ( 'NONE', ( #3597 ), #421 ) ;
#3597 = PRESENTATION_STYLE_ASSIGNMENT (( #3598 ) ) ;
#3598 = SURFACE_STYLE_USAGE ( .BOTH. , #3599 ) ;
#3599 = SURFACE_SIDE_STYLE ('',( #3600 ) ) ;
#3600 = SURFACE_STYLE_FILL_AREA ( #3601 ) ;
#3601 = FILL_AREA_STYLE ('',( #3608 ) ) ;
#3602 = COLOUR_RGB ( '',0.7529411764705882200, 0.7529411764705882200, 0.7529411764705882200 ) ;
#3603 = FACE_OUTER_BOUND ( 'NONE', #422, .T. ) ;
#3604 = DIRECTION ( 'NONE',  ( -1.000000000000000000, 0.0000000000000000000, 0.0000000000000000000 ) ) ;
#3605 = VECTOR ( 'NONE', #3604, 1000.000000000000000 ) ;
#3606 = CARTESIAN_POINT ( 'NONE',  ( 9.250000000000000000, 0.0000000000000000000, -2.350000000000001400 ) ) ;
#3607 = LINE ( 'NONE', #3606, #3605 ) ;
#3608 = FILL_AREA_STYLE_COLOUR ( '', #3602 ) ;
#3609 = CARTESIAN_POINT ( 'NONE',  ( 8.749999999999998200, 0.0000000000000000000, -2.350000000000001400 ) ) ;
#3610 = DIRECTION ( 'NONE',  ( 0.0000000000000000000, -1.000000000000000000, 2.710505431213766000E-016 ) ) ;
#3611 = VECTOR ( 'NONE', #3610, 1000.000000000000000 ) ;
#3612 = CARTESIAN_POINT ( 'NONE',  ( 8.749999999999998200, 0.3999999999999993000, -2.350000000000001400 ) ) ;
#3613 = LINE ( 'NONE', #3612, #3611 ) ;
#3614 = CARTESIAN_POINT ( 'NONE',  ( 8.749999999999998200, 0.0000000000000000000, -4.250000000000001800 ) ) ;
#3615 = DIRECTION ( 'NONE',  ( 0.0000000000000000000, 1.000000000000000000, 3.614007241618349300E-016 ) ) ;
#3616 = DIRECTION ( 'NONE',  ( 0.0000000000000000000, -1.000000000000000000, -2.502005013428087100E-016 ) ) ;
#3617 = DIRECTION ( 'NONE',  ( 0.0000000000000000000, -2.502005013428087100E-016, 1.000000000000000000 ) ) ;
#3618 = CARTESIAN_POINT ( 'NONE',  ( 9.250000000000000000, 6.399999999999999500, -0.5000000000000017800 ) ) ;
#3619 = AXIS2_PLACEMENT_3D ( 'NONE', #3618, #3617, #3616 ) ;
#3620 = FILL_AREA_STYLE_COLOUR ( '', #3676 ) ;
#3621 = PLANE ( 'NONE',  #3619 ) ;
#3622 =( GEOMETRIC_REPRESENTATION_CONTEXT ( 3 ) GLOBAL_UNCERTAINTY_ASSIGNED_CONTEXT ( ( #3623 ) ) GLOBAL_UNIT_ASSIGNED_CONTEXT ( ( #3626, #3625, #3624 ) ) REPRESENTATION_CONTEXT ( 'NONE', 'WORKASPACE' ) );
#3623 = UNCERTAINTY_MEASURE_WITH_UNIT (LENGTH_MEASURE( 1.000000000000000100E-005 ), #3626, 'distance_accuracy_value', 'NONE');
#3624 =( NAMED_UNIT ( * ) SI_UNIT ( $, .STERADIAN. ) SOLID_ANGLE_UNIT ( ) );
#3625 =( NAMED_UNIT ( * ) PLANE_ANGLE_UNIT ( ) SI_UNIT ( $, .RADIAN. ) );
#3626 =( LENGTH_UNIT ( ) NAMED_UNIT ( * ) SI_UNIT ( .MILLI., .METRE. ) );
#3627 = MECHANICAL_DESIGN_GEOMETRIC_PRESENTATION_REPRESENTATION (  '', ( #3629 ), #3622 ) ;
#3628 = PRESENTATION_LAYER_ASSIGNMENT (  '', '', ( #3629 ) ) ;
#3629 = STYLED_ITEM ( 'NONE', ( #3630 ), #431 ) ;
#3630 = PRESENTATION_STYLE_ASSIGNMENT (( #3631 ) ) ;
#3631 = SURFACE_STYLE_USAGE ( .BOTH. , #3632 ) ;
#3632 = SURFACE_SIDE_STYLE ('',( #3633 ) ) ;
#3633 = SURFACE_STYLE_FILL_AREA ( #3634 ) ;
#3634 = FILL_AREA_STYLE ('',( #3635 ) ) ;
#3635 = FILL_AREA_STYLE_COLOUR ( '', #3636 ) ;
#3636 = COLOUR_RGB ( '',0.7529411764705882200, 0.7529411764705882200, 0.7529411764705882200 ) ;
#3637 = FACE_OUTER_BOUND ( 'NONE', #432, .T. ) ;
#3638 = CARTESIAN_POINT ( 'NONE',  ( 9.250000000000000000, 0.5999999999999998700, -4.250000000000000900 ) ) ;
#3639 = DIRECTION ( 'NONE',  ( 0.0000000000000000000, 0.0000000000000000000, 1.000000000000000000 ) ) ;
#3640 = VECTOR ( 'NONE', #3639, 1000.000000000000000 ) ;
#3641 = CARTESIAN_POINT ( 'NONE',  ( 9.250000000000000000, 0.5999999999999998700, -2.850000000000001400 ) ) ;
#3642 = LINE ( 'NONE', #3641, #3640 ) ;
#3643 = DIRECTION ( 'NONE',  ( 0.0000000000000000000, 0.0000000000000000000, 1.000000000000000000 ) ) ;
#3644 = DIRECTION ( 'NONE',  ( -1.000000000000000000, 0.0000000000000000000, 0.0000000000000000000 ) ) ;
#3645 = CARTESIAN_POINT ( 'NONE',  ( 9.250000000000000000, 0.3999999999999993000, -2.850000000000001400 ) ) ;
#3646 = AXIS2_PLACEMENT_3D ( 'NONE', #3645, #3644, #3643 ) ;
#3647 = SURFACE_SIDE_STYLE ('',( #3648 ) ) ;
#3648 = SURFACE_STYLE_FILL_AREA ( #3649 ) ;
#3649 = FILL_AREA_STYLE ('',( #3650 ) ) ;
#3650 = FILL_AREA_STYLE_COLOUR ( '', #3651 ) ;
#3651 = COLOUR_RGB ( '',0.7529411764705882200, 0.7529411764705882200, 0.7529411764705882200 ) ;
#3652 = FACE_OUTER_BOUND ( 'NONE', #443, .T. ) ;
#3653 = CARTESIAN_POINT ( 'NONE',  ( 9.250000000000000000, 0.0000000000000000000, -2.350000000000001400 ) ) ;
#3654 = DIRECTION ( 'NONE',  ( 0.0000000000000000000, -1.000000000000000000, 2.710505431213766000E-016 ) ) ;
#3655 = VECTOR ( 'NONE', #3654, 1000.000000000000000 ) ;
#3656 = CARTESIAN_POINT ( 'NONE',  ( 9.250000000000000000, 0.3999999999999993000, -2.350000000000001400 ) ) ;
#3657 = LINE ( 'NONE', #3656, #3655 ) ;
#3658 = DIRECTION ( 'NONE',  ( 0.0000000000000000000, 1.000000000000000000, -2.710505431213766000E-016 ) ) ;
#3659 = DIRECTION ( 'NONE',  ( 0.0000000000000000000, -2.710505431213766000E-016, -1.000000000000000000 ) ) ;
#3660 = CARTESIAN_POINT ( 'NONE',  ( 9.250000000000000000, 0.3999999999999993000, -2.350000000000001400 ) ) ;
#3661 = AXIS2_PLACEMENT_3D ( 'NONE', #3660, #3659, #3658 ) ;
#3662 = PLANE ( 'NONE',  #3661 ) ;
#3663 =( GEOMETRIC_REPRESENTATION_CONTEXT ( 3 ) GLOBAL_UNCERTAINTY_ASSIGNED_CONTEXT ( ( #3664 ) ) GLOBAL_UNIT_ASSIGNED_CONTEXT ( ( #3667, #3666, #3665 ) ) REPRESENTATION_CONTEXT ( 'NONE', 'WORKASPACE' ) );
#3664 = UNCERTAINTY_MEASURE_WITH_UNIT (LENGTH_MEASURE( 1.000000000000000100E-005 ), #3667, 'distance_accuracy_value', 'NONE');
#3665 =( NAMED_UNIT ( * ) SI_UNIT ( $, .STERADIAN. ) SOLID_ANGLE_UNIT ( ) );
#3666 =( NAMED_UNIT ( * ) PLANE_ANGLE_UNIT ( ) SI_UNIT ( $, .RADIAN. ) );
#3667 =( LENGTH_UNIT ( ) NAMED_UNIT ( * ) SI_UNIT ( .MILLI., .METRE. ) );
#3668 = MECHANICAL_DESIGN_GEOMETRIC_PRESENTATION_REPRESENTATION (  '', ( #3670 ), #3663 ) ;
#3669 = PRESENTATION_LAYER_ASSIGNMENT (  '', '', ( #3670 ) ) ;
#3670 = STYLED_ITEM ( 'NONE', ( #3671 ), #437 ) ;
#3671 = PRESENTATION_STYLE_ASSIGNMENT (( #3672 ) ) ;
#3672 = SURFACE_STYLE_USAGE ( .BOTH. , #3673 ) ;
#3673 = SURFACE_SIDE_STYLE ('',( #3674 ) ) ;
#3674 = SURFACE_STYLE_FILL_AREA ( #3675 ) ;
#3675 = FILL_AREA_STYLE ('',( #3620 ) ) ;
#3676 = COLOUR_RGB ( '',0.7529411764705882200, 0.7529411764705882200, 0.7529411764705882200 ) ;
#3677 = FACE_OUTER_BOUND ( 'NONE', #438, .T. ) ;
#3678 = CARTESIAN_POINT ( 'NONE',  ( 7.249999999999999100, 6.399999999999999500, -0.5000000000000017800 ) ) ;
#3679 = DIRECTION ( 'NONE',  ( 0.0000000000000000000, 0.0000000000000000000, 1.000000000000000000 ) ) ;
#3680 = VECTOR ( 'NONE', #3679, 1000.000000000000000 ) ;
#3681 = CARTESIAN_POINT ( 'NONE',  ( 7.249999999999999100, 6.399999999999999500, -1.734723475976807100E-015 ) ) ;
#3682 = LINE ( 'NONE', #3681, #3680 ) ;
#3683 = DIRECTION ( 'NONE',  ( 0.0000000000000000000, 1.000000000000000000, 2.502005013428087100E-016 ) ) ;
#3684 = VECTOR ( 'NONE', #3683, 1000.000000000000000 ) ;
#3685 = CARTESIAN_POINT ( 'NONE',  ( 9.250000000000000000, 6.399999999999999500, -0.5000000000000017800 ) ) ;
#3686 = LINE ( 'NONE', #3685, #3684 ) ;
#3687 = DIRECTION ( 'NONE',  ( 0.0000000000000000000, 0.0000000000000000000, 1.000000000000000000 ) ) ;
#3688 = DIRECTION ( 'NONE',  ( -1.000000000000000000, 0.0000000000000000000, 0.0000000000000000000 ) ) ;
#3689 = CARTESIAN_POINT ( 'NONE',  ( 9.250000000000000000, 0.3999999999999993000, -2.850000000000001400 ) ) ;
#3690 = AXIS2_PLACEMENT_3D ( 'NONE', #3689, #3688, #3687 ) ;
#3691 = PLANE ( 'NONE',  #3690 ) ;
#3692 =( GEOMETRIC_REPRESENTATION_CONTEXT ( 3 ) GLOBAL_UNCERTAINTY_ASSIGNED_CONTEXT ( ( #3693 ) ) GLOBAL_UNIT_ASSIGNED_CONTEXT ( ( #3696, #3695, #3694 ) ) REPRESENTATION_CONTEXT ( 'NONE', 'WORKASPACE' ) );
#3693 = UNCERTAINTY_MEASURE_WITH_UNIT (LENGTH_MEASURE( 1.000000000000000100E-005 ), #3696, 'distance_accuracy_value', 'NONE');
#3694 =( NAMED_UNIT ( * ) SI_UNIT ( $, .STERADIAN. ) SOLID_ANGLE_UNIT ( ) );
#3695 =( NAMED_UNIT ( * ) PLANE_ANGLE_UNIT ( ) SI_UNIT ( $, .RADIAN. ) );
#3696 =( LENGTH_UNIT ( ) NAMED_UNIT ( * ) SI_UNIT ( .MILLI., .METRE. ) );
#3697 = MECHANICAL_DESIGN_GEOMETRIC_PRESENTATION_REPRESENTATION (  '', ( #3699 ), #3692 ) ;
#3698 = PRESENTATION_LAYER_ASSIGNMENT (  '', '', ( #3699 ) ) ;
#3699 = STYLED_ITEM ( 'NONE', ( #3700 ), #442 ) ;
#3700 = PRESENTATION_STYLE_ASSIGNMENT (( #3701 ) ) ;
#3701 = SURFACE_STYLE_USAGE ( .BOTH. , #3647 ) ;
#3702 = DIRECTION ( 'NONE',  ( -1.000000000000000000, 0.0000000000000000000, 0.0000000000000000000 ) ) ;
#3703 = VECTOR ( 'NONE', #3702, 1000.000000000000000 ) ;
#3704 = CARTESIAN_POINT ( 'NONE',  ( 9.250000000000000000, 0.5999999999999998700, -4.250000000000000900 ) ) ;
#3705 = LINE ( 'NONE', #3704, #3703 ) ;
#3706 = FILL_AREA_STYLE_COLOUR ( '', #3763 ) ;
#3707 = DIRECTION ( 'NONE',  ( 0.0000000000000000000, 0.0000000000000000000, 1.000000000000000000 ) ) ;
#3708 = DIRECTION ( 'NONE',  ( -1.000000000000000000, 0.0000000000000000000, 0.0000000000000000000 ) ) ;
#3709 = CARTESIAN_POINT ( 'NONE',  ( 6.749999999999999100, 0.3999999999999993000, -2.850000000000001400 ) ) ;
#3710 = AXIS2_PLACEMENT_3D ( 'NONE', #3709, #3708, #3707 ) ;
#3711 = PLANE ( 'NONE',  #3710 ) ;
#3712 =( GEOMETRIC_REPRESENTATION_CONTEXT ( 3 ) GLOBAL_UNCERTAINTY_ASSIGNED_CONTEXT ( ( #3713 ) ) GLOBAL_UNIT_ASSIGNED_CONTEXT ( ( #3716, #3715, #3714 ) ) REPRESENTATION_CONTEXT ( 'NONE', 'WORKASPACE' ) );
#3713 = UNCERTAINTY_MEASURE_WITH_UNIT (LENGTH_MEASURE( 1.000000000000000100E-005 ), #3716, 'distance_accuracy_value', 'NONE');
#3714 =( NAMED_UNIT ( * ) SI_UNIT ( $, .STERADIAN. ) SOLID_ANGLE_UNIT ( ) );
#3715 =( NAMED_UNIT ( * ) PLANE_ANGLE_UNIT ( ) SI_UNIT ( $, .RADIAN. ) );
#3716 =( LENGTH_UNIT ( ) NAMED_UNIT ( * ) SI_UNIT ( .MILLI., .METRE. ) );
#3717 = MECHANICAL_DESIGN_GEOMETRIC_PRESENTATION_REPRESENTATION (  '', ( #3719 ), #3712 ) ;
#3718 = PRESENTATION_LAYER_ASSIGNMENT (  '', '', ( #3719 ) ) ;
#3719 = STYLED_ITEM ( 'NONE', ( #3720 ), #454 ) ;
#3720 = PRESENTATION_STYLE_ASSIGNMENT (( #3721 ) ) ;
#3721 = SURFACE_STYLE_USAGE ( .BOTH. , #3722 ) ;
#3722 = SURFACE_SIDE_STYLE ('',( #3723 ) ) ;
#3723 = SURFACE_STYLE_FILL_AREA ( #3724 ) ;
#3724 = FILL_AREA_STYLE ('',( #3731 ) ) ;
#3725 = COLOUR_RGB ( '',0.7529411764705882200, 0.7529411764705882200, 0.7529411764705882200 ) ;
#3726 = FACE_OUTER_BOUND ( 'NONE', #455, .T. ) ;
#3727 = DIRECTION ( 'NONE',  ( -1.000000000000000000, 0.0000000000000000000, 0.0000000000000000000 ) ) ;
#3728 = VECTOR ( 'NONE', #3727, 1000.000000000000000 ) ;
#3729 = CARTESIAN_POINT ( 'NONE',  ( 7.249999999999999100, 6.399999999999999500, -0.5000000000000017800 ) ) ;
#3730 = LINE ( 'NONE', #3729, #3728 ) ;
#3731 = FILL_AREA_STYLE_COLOUR ( '', #3725 ) ;
#3732 = STYLED_ITEM ( 'NONE', ( #3733 ), #472 ) ;
#3733 = PRESENTATION_STYLE_ASSIGNMENT (( #3734 ) ) ;
#3734 = SURFACE_STYLE_USAGE ( .BOTH. , #3735 ) ;
#3735 = SURFACE_SIDE_STYLE ('',( #3736 ) ) ;
#3736 = SURFACE_STYLE_FILL_AREA ( #3737 ) ;
#3737 = FILL_AREA_STYLE ('',( #3744 ) ) ;
#3738 = COLOUR_RGB ( '',0.7529411764705882200, 0.7529411764705882200, 0.7529411764705882200 ) ;
#3739 = FACE_OUTER_BOUND ( 'NONE', #473, .T. ) ;
#3740 = DIRECTION ( 'NONE',  ( 0.0000000000000000000, 0.0000000000000000000, -1.000000000000000000 ) ) ;
#3741 = VECTOR ( 'NONE', #3740, 1000.000000000000000 ) ;
#3742 = CARTESIAN_POINT ( 'NONE',  ( 8.749999999999998200, 0.0000000000000000000, -2.350000000000001400 ) ) ;
#3743 = LINE ( 'NONE', #3742, #3741 ) ;
#3744 = FILL_AREA_STYLE_COLOUR ( '', #3738 ) ;
#3745 = DIRECTION ( 'NONE',  ( 0.0000000000000000000, 0.0000000000000000000, -1.000000000000000000 ) ) ;
#3746 = DIRECTION ( 'NONE',  ( 0.0000000000000000000, -1.000000000000000000, 0.0000000000000000000 ) ) ;
#3747 = CARTESIAN_POINT ( 'NONE',  ( 9.250000000000000000, 0.5999999999999998700, -2.850000000000001400 ) ) ;
#3748 = AXIS2_PLACEMENT_3D ( 'NONE', #3747, #3746, #3745 ) ;
#3749 = PLANE ( 'NONE',  #3748 ) ;
#3750 =( GEOMETRIC_REPRESENTATION_CONTEXT ( 3 ) GLOBAL_UNCERTAINTY_ASSIGNED_CONTEXT ( ( #3751 ) ) GLOBAL_UNIT_ASSIGNED_CONTEXT ( ( #3754, #3753, #3752 ) ) REPRESENTATION_CONTEXT ( 'NONE', 'WORKASPACE' ) );
#3751 = UNCERTAINTY_MEASURE_WITH_UNIT (LENGTH_MEASURE( 1.000000000000000100E-005 ), #3754, 'distance_accuracy_value', 'NONE');
#3752 =( NAMED_UNIT ( * ) SI_UNIT ( $, .STERADIAN. ) SOLID_ANGLE_UNIT ( ) );
#3753 =( NAMED_UNIT ( * ) PLANE_ANGLE_UNIT ( ) SI_UNIT ( $, .RADIAN. ) );
#3754 =( LENGTH_UNIT ( ) NAMED_UNIT ( * ) SI_UNIT ( .MILLI., .METRE. ) );
#3755 = MECHANICAL_DESIGN_GEOMETRIC_PRESENTATION_REPRESENTATION (  '', ( #3757 ), #3750 ) ;
#3756 = PRESENTATION_LAYER_ASSIGNMENT (  '', '', ( #3757 ) ) ;
#3757 = STYLED_ITEM ( 'NONE', ( #3758 ), #462 ) ;
#3758 = PRESENTATION_STYLE_ASSIGNMENT (( #3759 ) ) ;
#3759 = SURFACE_STYLE_USAGE ( .BOTH. , #3760 ) ;
#3760 = SURFACE_SIDE_STYLE ('',( #3761 ) ) ;
#3761 = SURFACE_STYLE_FILL_AREA ( #3762 ) ;
#3762 = FILL_AREA_STYLE ('',( #3706 ) ) ;
#3763 = COLOUR_RGB ( '',0.7529411764705882200, 0.7529411764705882200, 0.7529411764705882200 ) ;
#3764 = FACE_OUTER_BOUND ( 'NONE', #463, .T. ) ;
#3765 =( LENGTH_UNIT ( ) NAMED_UNIT ( * ) SI_UNIT ( .MILLI., .METRE. ) );
#3766 = MECHANICAL_DESIGN_GEOMETRIC_PRESENTATION_REPRESENTATION (  '', ( #3768 ), #3818 ) ;
#3767 = PRESENTATION_LAYER_ASSIGNMENT (  '', '', ( #3768 ) ) ;
#3768 = STYLED_ITEM ( 'NONE', ( #3769 ), #479 ) ;
#3769 = PRESENTATION_STYLE_ASSIGNMENT (( #3770 ) ) ;
#3770 = SURFACE_STYLE_USAGE ( .BOTH. , #3771 ) ;
#3771 = SURFACE_SIDE_STYLE ('',( #3772 ) ) ;
#3772 = SURFACE_STYLE_FILL_AREA ( #3773 ) ;
#3773 = FILL_AREA_STYLE ('',( #3780 ) ) ;
#3774 = COLOUR_RGB ( '',0.7529411764705882200, 0.7529411764705882200, 0.7529411764705882200 ) ;
#3775 = FACE_OUTER_BOUND ( 'NONE', #456, .T. ) ;
#3776 = DIRECTION ( 'NONE',  ( -1.000000000000000000, 0.0000000000000000000, 0.0000000000000000000 ) ) ;
#3777 = VECTOR ( 'NONE', #3776, 1000.000000000000000 ) ;
#3778 = CARTESIAN_POINT ( 'NONE',  ( 9.250000000000000000, 0.0000000000000000000, -4.250000000000001800 ) ) ;
#3779 = LINE ( 'NONE', #3778, #3777 ) ;
#3780 = FILL_AREA_STYLE_COLOUR ( '', #3774 ) ;
#3781 = DIRECTION ( 'NONE',  ( 0.0000000000000000000, 0.0000000000000000000, 1.000000000000000000 ) ) ;
#3782 = DIRECTION ( 'NONE',  ( 0.0000000000000000000, 1.000000000000000000, 0.0000000000000000000 ) ) ;
#3783 = CARTESIAN_POINT ( 'NONE',  ( 9.250000000000000000, 0.0000000000000000000, -2.350000000000001400 ) ) ;
#3784 = AXIS2_PLACEMENT_3D ( 'NONE', #3783, #3782, #3781 ) ;
#3785 = PLANE ( 'NONE',  #3784 ) ;
#3786 =( GEOMETRIC_REPRESENTATION_CONTEXT ( 3 ) GLOBAL_UNCERTAINTY_ASSIGNED_CONTEXT ( ( #3787 ) ) GLOBAL_UNIT_ASSIGNED_CONTEXT ( ( #3790, #3789, #3788 ) ) REPRESENTATION_CONTEXT ( 'NONE', 'WORKASPACE' ) );
#3787 = UNCERTAINTY_MEASURE_WITH_UNIT (LENGTH_MEASURE( 1.000000000000000100E-005 ), #3790, 'distance_accuracy_value', 'NONE');
#3788 =( NAMED_UNIT ( * ) SI_UNIT ( $, .STERADIAN. ) SOLID_ANGLE_UNIT ( ) );
#3789 =( NAMED_UNIT ( * ) PLANE_ANGLE_UNIT ( ) SI_UNIT ( $, .RADIAN. ) );
#3790 =( LENGTH_UNIT ( ) NAMED_UNIT ( * ) SI_UNIT ( .MILLI., .METRE. ) );
#3791 = MECHANICAL_DESIGN_GEOMETRIC_PRESENTATION_REPRESENTATION (  '', ( #3732 ), #3786 ) ;
#3792 = PRESENTATION_LAYER_ASSIGNMENT (  '', '', ( #3732 ) ) ;
#3793 = MECHANICAL_DESIGN_GEOMETRIC_PRESENTATION_REPRESENTATION (  '', ( #3795 ), #3844 ) ;
#3794 = PRESENTATION_LAYER_ASSIGNMENT (  '', '', ( #3795 ) ) ;
#3795 = STYLED_ITEM ( 'NONE', ( #3796 ), #485 ) ;
#3796 = PRESENTATION_STYLE_ASSIGNMENT (( #3797 ) ) ;
#3797 = SURFACE_STYLE_USAGE ( .BOTH. , #3798 ) ;
#3798 = SURFACE_SIDE_STYLE ('',( #3799 ) ) ;
#3799 = SURFACE_STYLE_FILL_AREA ( #3800 ) ;
#3800 = FILL_AREA_STYLE ('',( #3807 ) ) ;
#3801 = COLOUR_RGB ( '',0.7529411764705882200, 0.7529411764705882200, 0.7529411764705882200 ) ;
#3802 = FACE_OUTER_BOUND ( 'NONE', #486, .T. ) ;
#3803 = DIRECTION ( 'NONE',  ( 0.0000000000000000000, 1.000000000000000000, 3.614007241618349300E-016 ) ) ;
#3804 = VECTOR ( 'NONE', #3803, 1000.000000000000000 ) ;
#3805 = CARTESIAN_POINT ( 'NONE',  ( 9.250000000000000000, 0.5999999999999998700, -4.250000000000000900 ) ) ;
#3806 = LINE ( 'NONE', #3805, #3804 ) ;
#3807 = FILL_AREA_STYLE_COLOUR ( '', #3801 ) ;
#3808 = CARTESIAN_POINT ( 'NONE',  ( 9.250000000000000000, 0.0000000000000000000, -4.250000000000001800 ) ) ;
#3809 = DIRECTION ( 'NONE',  ( 0.0000000000000000000, 0.0000000000000000000, -1.000000000000000000 ) ) ;
#3810 = VECTOR ( 'NONE', #3809, 1000.000000000000000 ) ;
#3811 = CARTESIAN_POINT ( 'NONE',  ( 9.250000000000000000, 0.0000000000000000000, -2.350000000000001400 ) ) ;
#3812 = LINE ( 'NONE', #3811, #3810 ) ;
#3813 = DIRECTION ( 'NONE',  ( 0.0000000000000000000, -1.000000000000000000, -3.614007241618349300E-016 ) ) ;
#3814 = DIRECTION ( 'NONE',  ( 0.0000000000000000000, -3.614007241618349300E-016, 1.000000000000000000 ) ) ;
#3815 = CARTESIAN_POINT ( 'NONE',  ( 9.250000000000000000, 0.5999999999999998700, -4.250000000000000900 ) ) ;
#3816 = AXIS2_PLACEMENT_3D ( 'NONE', #3815, #3814, #3813 ) ;
#3817 = PLANE ( 'NONE',  #3816 ) ;
#3818 =( GEOMETRIC_REPRESENTATION_CONTEXT ( 3 ) GLOBAL_UNCERTAINTY_ASSIGNED_CONTEXT ( ( #3819 ) ) GLOBAL_UNIT_ASSIGNED_CONTEXT ( ( #3765, #3821, #3820 ) ) REPRESENTATION_CONTEXT ( 'NONE', 'WORKASPACE' ) );
#3819 = UNCERTAINTY_MEASURE_WITH_UNIT (LENGTH_MEASURE( 1.000000000000000100E-005 ), #3765, 'distance_accuracy_value', 'NONE');
#3820 =( NAMED_UNIT ( * ) SI_UNIT ( $, .STERADIAN. ) SOLID_ANGLE_UNIT ( ) );
#3821 =( NAMED_UNIT ( * ) PLANE_ANGLE_UNIT ( ) SI_UNIT ( $, .RADIAN. ) );
#3822 =( LENGTH_UNIT ( ) NAMED_UNIT ( * ) SI_UNIT ( .MILLI., .METRE. ) );
#3823 = MECHANICAL_DESIGN_GEOMETRIC_PRESENTATION_REPRESENTATION (  '', ( #3825 ), #3871 ) ;
#3824 = PRESENTATION_LAYER_ASSIGNMENT (  '', '', ( #3825 ) ) ;
#3825 = STYLED_ITEM ( 'NONE', ( #3826 ), #491 ) ;
#3826 = PRESENTATION_STYLE_ASSIGNMENT (( #3827 ) ) ;
#3827 = SURFACE_STYLE_USAGE ( .BOTH. , #3828 ) ;
#3828 = SURFACE_SIDE_STYLE ('',( #3829 ) ) ;
#3829 = SURFACE_STYLE_FILL_AREA ( #3830 ) ;
#3830 = FILL_AREA_STYLE ('',( #3837 ) ) ;
#3831 = COLOUR_RGB ( '',0.7529411764705882200, 0.7529411764705882200, 0.7529411764705882200 ) ;
#3832 = FACE_OUTER_BOUND ( 'NONE', #492, .T. ) ;
#3833 = DIRECTION ( 'NONE',  ( -1.000000000000000000, 0.0000000000000000000, 0.0000000000000000000 ) ) ;
#3834 = VECTOR ( 'NONE', #3833, 1000.000000000000000 ) ;
#3835 = CARTESIAN_POINT ( 'NONE',  ( 7.249999999999999100, 0.0000000000000000000, -2.350000000000001400 ) ) ;
#3836 = LINE ( 'NONE', #3835, #3834 ) ;
#3837 = FILL_AREA_STYLE_COLOUR ( '', #3831 ) ;
#3838 = CARTESIAN_POINT ( 'NONE',  ( 6.749999999999999100, 0.0000000000000000000, -2.350000000000001400 ) ) ;
#3839 = DIRECTION ( 'NONE',  ( 0.0000000000000000000, 0.0000000000000000000, 1.000000000000000000 ) ) ;
#3840 = DIRECTION ( 'NONE',  ( -1.000000000000000000, 0.0000000000000000000, 0.0000000000000000000 ) ) ;
#3841 = CARTESIAN_POINT ( 'NONE',  ( 8.749999999999998200, 0.3999999999999993000, -2.850000000000001400 ) ) ;
#3842 = AXIS2_PLACEMENT_3D ( 'NONE', #3841, #3840, #3839 ) ;
#3843 = PLANE ( 'NONE',  #3842 ) ;
#3844 =( GEOMETRIC_REPRESENTATION_CONTEXT ( 3 ) GLOBAL_UNCERTAINTY_ASSIGNED_CONTEXT ( ( #3845 ) ) GLOBAL_UNIT_ASSIGNED_CONTEXT ( ( #3848, #3847, #3846 ) ) REPRESENTATION_CONTEXT ( 'NONE', 'WORKASPACE' ) );
#3845 = UNCERTAINTY_MEASURE_WITH_UNIT (LENGTH_MEASURE( 1.000000000000000100E-005 ), #3848, 'distance_accuracy_value', 'NONE');
#3846 =( NAMED_UNIT ( * ) SI_UNIT ( $, .STERADIAN. ) SOLID_ANGLE_UNIT ( ) );
#3847 =( NAMED_UNIT ( * ) PLANE_ANGLE_UNIT ( ) SI_UNIT ( $, .RADIAN. ) );
#3848 =( LENGTH_UNIT ( ) NAMED_UNIT ( * ) SI_UNIT ( .MILLI., .METRE. ) );
#3849 =( NAMED_UNIT ( * ) PLANE_ANGLE_UNIT ( ) SI_UNIT ( $, .RADIAN. ) );
#3850 =( LENGTH_UNIT ( ) NAMED_UNIT ( * ) SI_UNIT ( .MILLI., .METRE. ) );
#3851 = MECHANICAL_DESIGN_GEOMETRIC_PRESENTATION_REPRESENTATION (  '', ( #3853 ), #3896 ) ;
#3852 = PRESENTATION_LAYER_ASSIGNMENT (  '', '', ( #3853 ) ) ;
#3853 = STYLED_ITEM ( 'NONE', ( #3854 ), #495 ) ;
#3854 = PRESENTATION_STYLE_ASSIGNMENT (( #3855 ) ) ;
#3855 = SURFACE_STYLE_USAGE ( .BOTH. , #3856 ) ;
#3856 = SURFACE_SIDE_STYLE ('',( #3857 ) ) ;
#3857 = SURFACE_STYLE_FILL_AREA ( #3858 ) ;
#3858 = FILL_AREA_STYLE ('',( #3865 ) ) ;
#3859 = COLOUR_RGB ( '',0.7529411764705882200, 0.7529411764705882200, 0.7529411764705882200 ) ;
#3860 = FACE_OUTER_BOUND ( 'NONE', #496, .T. ) ;
#3861 = DIRECTION ( 'NONE',  ( 0.0000000000000000000, -1.000000000000000000, -1.445602896647339200E-016 ) ) ;
#3862 = VECTOR ( 'NONE', #3861, 1000.000000000000000 ) ;
#3863 = CARTESIAN_POINT ( 'NONE',  ( 7.249999999999999100, 0.3999999999999993000, -2.602085213965210600E-015 ) ) ;
#3864 = LINE ( 'NONE', #3863, #3862 ) ;
#3865 = FILL_AREA_STYLE_COLOUR ( '', #3859 ) ;
#3866 = DIRECTION ( 'NONE',  ( 0.0000000000000000000, 0.0000000000000000000, 1.000000000000000000 ) ) ;
#3867 = DIRECTION ( 'NONE',  ( -1.000000000000000000, 0.0000000000000000000, 0.0000000000000000000 ) ) ;
#3868 = CARTESIAN_POINT ( 'NONE',  ( 7.249999999999999100, 0.3999999999999993000, -2.850000000000001400 ) ) ;
#3869 = AXIS2_PLACEMENT_3D ( 'NONE', #3868, #3867, #3866 ) ;
#3870 = PLANE ( 'NONE',  #3869 ) ;
#3871 =( GEOMETRIC_REPRESENTATION_CONTEXT ( 3 ) GLOBAL_UNCERTAINTY_ASSIGNED_CONTEXT ( ( #3872 ) ) GLOBAL_UNIT_ASSIGNED_CONTEXT ( ( #3822, #3874, #3873 ) ) REPRESENTATION_CONTEXT ( 'NONE', 'WORKASPACE' ) );
#3872 = UNCERTAINTY_MEASURE_WITH_UNIT (LENGTH_MEASURE( 1.000000000000000100E-005 ), #3822, 'distance_accuracy_value', 'NONE');
#3873 =( NAMED_UNIT ( * ) SI_UNIT ( $, .STERADIAN. ) SOLID_ANGLE_UNIT ( ) );
#3874 =( NAMED_UNIT ( * ) PLANE_ANGLE_UNIT ( ) SI_UNIT ( $, .RADIAN. ) );
#3875 =( GEOMETRIC_REPRESENTATION_CONTEXT ( 3 ) GLOBAL_UNCERTAINTY_ASSIGNED_CONTEXT ( ( #3876 ) ) GLOBAL_UNIT_ASSIGNED_CONTEXT ( ( #3879, #3878, #3877 ) ) REPRESENTATION_CONTEXT ( 'NONE', 'WORKASPACE' ) );
#3876 = UNCERTAINTY_MEASURE_WITH_UNIT (LENGTH_MEASURE( 1.000000000000000100E-005 ), #3879, 'distance_accuracy_value', 'NONE');
#3877 =( NAMED_UNIT ( * ) SI_UNIT ( $, .STERADIAN. ) SOLID_ANGLE_UNIT ( ) );
#3878 =( NAMED_UNIT ( * ) PLANE_ANGLE_UNIT ( ) SI_UNIT ( $, .RADIAN. ) );
#3879 =( LENGTH_UNIT ( ) NAMED_UNIT ( * ) SI_UNIT ( .MILLI., .METRE. ) );
#3880 = MECHANICAL_DESIGN_GEOMETRIC_PRESENTATION_REPRESENTATION (  '', ( #3882 ), #3875 ) ;
#3881 = PRESENTATION_LAYER_ASSIGNMENT (  '', '', ( #3882 ) ) ;
#3882 = STYLED_ITEM ( 'NONE', ( #3883 ), #501 ) ;
#3883 = PRESENTATION_STYLE_ASSIGNMENT (( #3884 ) ) ;
#3884 = SURFACE_STYLE_USAGE ( .BOTH. , #3885 ) ;
#3885 = SURFACE_SIDE_STYLE ('',( #3886 ) ) ;
#3886 = SURFACE_STYLE_FILL_AREA ( #3887 ) ;
#3887 = FILL_AREA_STYLE ('',( #3894 ) ) ;
#3888 = COLOUR_RGB ( '',0.7529411764705882200, 0.7529411764705882200, 0.7529411764705882200 ) ;
#3889 = FACE_OUTER_BOUND ( 'NONE', #502, .T. ) ;
#3890 = DIRECTION ( 'NONE',  ( 0.0000000000000000000, 1.000000000000000000, 1.445602896647339200E-016 ) ) ;
#3891 = DIRECTION ( 'NONE',  ( 0.0000000000000000000, 1.445602896647339200E-016, -1.000000000000000000 ) ) ;
#3892 = CARTESIAN_POINT ( 'NONE',  ( 7.249999999999999100, 0.3999999999999993000, -2.602085213965210600E-015 ) ) ;
#3893 = AXIS2_PLACEMENT_3D ( 'NONE', #3892, #3891, #3890 ) ;
#3894 = FILL_AREA_STYLE_COLOUR ( '', #3888 ) ;
#3895 = PLANE ( 'NONE',  #3893 ) ;
#3896 =( GEOMETRIC_REPRESENTATION_CONTEXT ( 3 ) GLOBAL_UNCERTAINTY_ASSIGNED_CONTEXT ( ( #3897 ) ) GLOBAL_UNIT_ASSIGNED_CONTEXT ( ( #3850, #3849, #3898 ) ) REPRESENTATION_CONTEXT ( 'NONE', 'WORKASPACE' ) );
#3897 = UNCERTAINTY_MEASURE_WITH_UNIT (LENGTH_MEASURE( 1.000000000000000100E-005 ), #3850, 'distance_accuracy_value', 'NONE');
#3898 =( NAMED_UNIT ( * ) SI_UNIT ( $, .STERADIAN. ) SOLID_ANGLE_UNIT ( ) );
#3899 = UNCERTAINTY_MEASURE_WITH_UNIT (LENGTH_MEASURE( 1.000000000000000100E-005 ), #3902, 'distance_accuracy_value', 'NONE');
#3900 =( NAMED_UNIT ( * ) SI_UNIT ( $, .STERADIAN. ) SOLID_ANGLE_UNIT ( ) );
#3901 =( NAMED_UNIT ( * ) PLANE_ANGLE_UNIT ( ) SI_UNIT ( $, .RADIAN. ) );
#3902 =( LENGTH_UNIT ( ) NAMED_UNIT ( * ) SI_UNIT ( .MILLI., .METRE. ) );
#3903 = MECHANICAL_DESIGN_GEOMETRIC_PRESENTATION_REPRESENTATION (  '', ( #3905 ), #3953 ) ;
#3904 = PRESENTATION_LAYER_ASSIGNMENT (  '', '', ( #3905 ) ) ;
#3905 = STYLED_ITEM ( 'NONE', ( #3906 ), #511 ) ;
#3906 = PRESENTATION_STYLE_ASSIGNMENT (( #3907 ) ) ;
#3907 = SURFACE_STYLE_USAGE ( .BOTH. , #3908 ) ;
#3908 = SURFACE_SIDE_STYLE ('',( #3909 ) ) ;
#3909 = SURFACE_STYLE_FILL_AREA ( #3910 ) ;
#3910 = FILL_AREA_STYLE ('',( #3917 ) ) ;
#3911 = COLOUR_RGB ( '',0.7529411764705882200, 0.7529411764705882200, 0.7529411764705882200 ) ;
#3912 = FACE_OUTER_BOUND ( 'NONE', #512, .T. ) ;
#3913 = DIRECTION ( 'NONE',  ( 0.0000000000000000000, -1.000000000000000000, -1.445602896647339200E-016 ) ) ;
#3914 = VECTOR ( 'NONE', #3913, 1000.000000000000000 ) ;
#3915 = CARTESIAN_POINT ( 'NONE',  ( 6.749999999999999100, 0.3999999999999993000, -2.602085213965210600E-015 ) ) ;
#3916 = LINE ( 'NONE', #3915, #3914 ) ;
#3917 = FILL_AREA_STYLE_COLOUR ( '', #3911 ) ;
#3918 = DIRECTION ( 'NONE',  ( 0.0000000000000000000, 1.000000000000000000, 2.502005013428087100E-016 ) ) ;
#3919 = VECTOR ( 'NONE', #3918, 1000.000000000000000 ) ;
#3920 = CARTESIAN_POINT ( 'NONE',  ( 6.749999999999999100, 6.399999999999999500, -0.5000000000000017800 ) ) ;
#3921 = LINE ( 'NONE', #3920, #3919 ) ;
#3922 = DIRECTION ( 'NONE',  ( 0.0000000000000000000, -1.000000000000000000, -2.502005013428087100E-016 ) ) ;
#3923 = DIRECTION ( 'NONE',  ( 0.0000000000000000000, -2.502005013428087100E-016, 1.000000000000000000 ) ) ;
#3924 = CARTESIAN_POINT ( 'NONE',  ( 7.249999999999999100, 6.399999999999999500, -0.5000000000000017800 ) ) ;
#3925 = AXIS2_PLACEMENT_3D ( 'NONE', #3924, #3923, #3922 ) ;
#3926 = PLANE ( 'NONE',  #3925 ) ;
#3927 = PLANE ( 'NONE',  #3985 ) ;
#3928 =( GEOMETRIC_REPRESENTATION_CONTEXT ( 3 ) GLOBAL_UNCERTAINTY_ASSIGNED_CONTEXT ( ( #3929 ) ) GLOBAL_UNIT_ASSIGNED_CONTEXT ( ( #3932, #3931, #3930 ) ) REPRESENTATION_CONTEXT ( 'NONE', 'WORKASPACE' ) );
#3929 = UNCERTAINTY_MEASURE_WITH_UNIT (LENGTH_MEASURE( 1.000000000000000100E-005 ), #3932, 'distance_accuracy_value', 'NONE');
#3930 =( NAMED_UNIT ( * ) SI_UNIT ( $, .STERADIAN. ) SOLID_ANGLE_UNIT ( ) );
#3931 =( NAMED_UNIT ( * ) PLANE_ANGLE_UNIT ( ) SI_UNIT ( $, .RADIAN. ) );
#3932 =( LENGTH_UNIT ( ) NAMED_UNIT ( * ) SI_UNIT ( .MILLI., .METRE. ) );
#3933 = MECHANICAL_DESIGN_GEOMETRIC_PRESENTATION_REPRESENTATION (  '', ( #3935 ), #3928 ) ;
#3934 = PRESENTATION_LAYER_ASSIGNMENT (  '', '', ( #3935 ) ) ;
#3935 = STYLED_ITEM ( 'NONE', ( #3936 ), #517 ) ;
#3936 = PRESENTATION_STYLE_ASSIGNMENT (( #3937 ) ) ;
#3937 = SURFACE_STYLE_USAGE ( .BOTH. , #3938 ) ;
#3938 = SURFACE_SIDE_STYLE ('',( #3939 ) ) ;
#3939 = SURFACE_STYLE_FILL_AREA ( #3940 ) ;
#3940 = FILL_AREA_STYLE ('',( #3947 ) ) ;
#3941 = COLOUR_RGB ( '',0.7529411764705882200, 0.7529411764705882200, 0.7529411764705882200 ) ;
#3942 = FACE_OUTER_BOUND ( 'NONE', #518, .T. ) ;
#3943 = DIRECTION ( 'NONE',  ( 0.0000000000000000000, 1.000000000000000000, 2.502005013428087100E-016 ) ) ;
#3944 = VECTOR ( 'NONE', #3943, 1000.000000000000000 ) ;
#3945 = CARTESIAN_POINT ( 'NONE',  ( 7.249999999999999100, 6.399999999999999500, -0.5000000000000017800 ) ) ;
#3946 = LINE ( 'NONE', #3945, #3944 ) ;
#3947 = FILL_AREA_STYLE_COLOUR ( '', #3941 ) ;
#3948 = DIRECTION ( 'NONE',  ( 0.0000000000000000000, 0.0000000000000000000, 1.000000000000000000 ) ) ;
#3949 = DIRECTION ( 'NONE',  ( -1.000000000000000000, 0.0000000000000000000, 0.0000000000000000000 ) ) ;
#3950 = CARTESIAN_POINT ( 'NONE',  ( 7.249999999999999100, 0.3999999999999993000, -2.850000000000001400 ) ) ;
#3951 = AXIS2_PLACEMENT_3D ( 'NONE', #3950, #3949, #3948 ) ;
#3952 = PLANE ( 'NONE',  #3951 ) ;
#3953 =( GEOMETRIC_REPRESENTATION_CONTEXT ( 3 ) GLOBAL_UNCERTAINTY_ASSIGNED_CONTEXT ( ( #3899 ) ) GLOBAL_UNIT_ASSIGNED_CONTEXT ( ( #3902, #3901, #3900 ) ) REPRESENTATION_CONTEXT ( 'NONE', 'WORKASPACE' ) );
#3954 = VECTOR ( 'NONE', #9457, 1000.000000000000000 ) ;
#3955 = CARTESIAN_POINT ( 'NONE',  ( 6.749999999999999100, 0.0000000000000000000, -2.350000000000001400 ) ) ;
#3956 = LINE ( 'NONE', #3955, #3954 ) ;
#3957 = CARTESIAN_POINT ( 'NONE',  ( 6.749999999999999100, 0.0000000000000000000, -4.250000000000001800 ) ) ;
#3958 = DIRECTION ( 'NONE',  ( 0.0000000000000000000, 1.000000000000000000, 3.614007241618349300E-016 ) ) ;
#3959 = VECTOR ( 'NONE', #3958, 1000.000000000000000 ) ;
#3960 = CARTESIAN_POINT ( 'NONE',  ( 6.749999999999999100, 0.5999999999999998700, -4.250000000000000900 ) ) ;
#3961 = LINE ( 'NONE', #3960, #3959 ) ;
#3962 = CARTESIAN_POINT ( 'NONE',  ( 6.749999999999999100, 0.5999999999999998700, -4.250000000000000900 ) ) ;
#3963 = DIRECTION ( 'NONE',  ( 0.0000000000000000000, 0.0000000000000000000, 1.000000000000000000 ) ) ;
#3964 = VECTOR ( 'NONE', #3963, 1000.000000000000000 ) ;
#3965 = CARTESIAN_POINT ( 'NONE',  ( 6.749999999999999100, 0.5999999999999998700, -2.850000000000001400 ) ) ;
#3966 = LINE ( 'NONE', #3965, #3964 ) ;
#3967 = DIRECTION ( 'NONE',  ( -1.000000000000000000, 0.0000000000000000000, 0.0000000000000000000 ) ) ;
#3968 = VECTOR ( 'NONE', #3967, 1000.000000000000000 ) ;
#3969 = CARTESIAN_POINT ( 'NONE',  ( 7.249999999999999100, 0.5999999999999998700, -4.250000000000000900 ) ) ;
#3970 = LINE ( 'NONE', #3969, #3968 ) ;
#3971 = CARTESIAN_POINT ( 'NONE',  ( 7.249999999999999100, 6.399999999999999500, -1.734723475976807100E-015 ) ) ;
#3972 = DIRECTION ( 'NONE',  ( -1.000000000000000000, 0.0000000000000000000, 0.0000000000000000000 ) ) ;
#3973 = VECTOR ( 'NONE', #3972, 1000.000000000000000 ) ;
#3974 = CARTESIAN_POINT ( 'NONE',  ( 7.249999999999999100, 6.399999999999999500, -1.734723475976807100E-015 ) ) ;
#3975 = LINE ( 'NONE', #3974, #3973 ) ;
#3976 = CARTESIAN_POINT ( 'NONE',  ( 6.749999999999999100, 6.399999999999999500, -1.734723475976807100E-015 ) ) ;
#3977 = CARTESIAN_POINT ( 'NONE',  ( 6.749999999999999100, 6.399999999999999500, -0.5000000000000017800 ) ) ;
#3978 = DIRECTION ( 'NONE',  ( 0.0000000000000000000, 0.0000000000000000000, 1.000000000000000000 ) ) ;
#3979 = VECTOR ( 'NONE', #3978, 1000.000000000000000 ) ;
#3980 = CARTESIAN_POINT ( 'NONE',  ( 6.749999999999999100, 6.399999999999999500, -1.734723475976807100E-015 ) ) ;
#3981 = LINE ( 'NONE', #3980, #3979 ) ;
#3982 = DIRECTION ( 'NONE',  ( 0.0000000000000000000, 0.0000000000000000000, -1.000000000000000000 ) ) ;
#3983 = DIRECTION ( 'NONE',  ( 0.0000000000000000000, -1.000000000000000000, 0.0000000000000000000 ) ) ;
#3984 = CARTESIAN_POINT ( 'NONE',  ( 7.249999999999999100, 6.399999999999999500, -1.734723475976807100E-015 ) ) ;
#3985 = AXIS2_PLACEMENT_3D ( 'NONE', #3984, #3983, #3982 ) ;
#3986 = CARTESIAN_POINT ( 'NONE',  ( 7.249999999999999100, 0.5999999999999998700, -4.250000000000000900 ) ) ;
#3987 = DIRECTION ( 'NONE',  ( 0.0000000000000000000, 0.0000000000000000000, 1.000000000000000000 ) ) ;
#3988 = VECTOR ( 'NONE', #3987, 1000.000000000000000 ) ;
#3989 = CARTESIAN_POINT ( 'NONE',  ( 7.249999999999999100, 0.5999999999999998700, -2.850000000000001400 ) ) ;
#3990 = LINE ( 'NONE', #3989, #3988 ) ;
#3991 = DIRECTION ( 'NONE',  ( 0.0000000000000000000, 0.0000000000000000000, 1.000000000000000000 ) ) ;
#3992 = DIRECTION ( 'NONE',  ( 0.0000000000000000000, 1.000000000000000000, 0.0000000000000000000 ) ) ;
#3993 = CARTESIAN_POINT ( 'NONE',  ( 7.249999999999999100, 0.0000000000000000000, -2.350000000000001400 ) ) ;
#3994 = AXIS2_PLACEMENT_3D ( 'NONE', #3993, #3992, #3991 ) ;
#3995 = PLANE ( 'NONE',  #3994 ) ;
#3996 =( GEOMETRIC_REPRESENTATION_CONTEXT ( 3 ) GLOBAL_UNCERTAINTY_ASSIGNED_CONTEXT ( ( #3997 ) ) GLOBAL_UNIT_ASSIGNED_CONTEXT ( ( #4000, #3999, #3998 ) ) REPRESENTATION_CONTEXT ( 'NONE', 'WORKASPACE' ) );
#3997 = UNCERTAINTY_MEASURE_WITH_UNIT (LENGTH_MEASURE( 1.000000000000000100E-005 ), #4000, 'distance_accuracy_value', 'NONE');
#3998 =( NAMED_UNIT ( * ) SI_UNIT ( $, .STERADIAN. ) SOLID_ANGLE_UNIT ( ) );
#3999 =( NAMED_UNIT ( * ) PLANE_ANGLE_UNIT ( ) SI_UNIT ( $, .RADIAN. ) );
#4000 =( LENGTH_UNIT ( ) NAMED_UNIT ( * ) SI_UNIT ( .MILLI., .METRE. ) );
#4001 = MECHANICAL_DESIGN_GEOMETRIC_PRESENTATION_REPRESENTATION (  '', ( #4003 ), #3996 ) ;
#4002 = PRESENTATION_LAYER_ASSIGNMENT (  '', '', ( #4003 ) ) ;
#4003 = STYLED_ITEM ( 'NONE', ( #4004 ), #542 ) ;
#4004 = PRESENTATION_STYLE_ASSIGNMENT (( #4005 ) ) ;
#4005 = SURFACE_STYLE_USAGE ( .BOTH. , #4006 ) ;
#4006 = SURFACE_SIDE_STYLE ('',( #4007 ) ) ;
#4007 = SURFACE_STYLE_FILL_AREA ( #4008 ) ;
#4008 = FILL_AREA_STYLE ('',( #4009 ) ) ;
#4009 = FILL_AREA_STYLE_COLOUR ( '', #4010 ) ;
#4010 = COLOUR_RGB ( '',0.7529411764705882200, 0.7529411764705882200, 0.7529411764705882200 ) ;
#4011 = FACE_OUTER_BOUND ( 'NONE', #543, .T. ) ;
#4012 = DIRECTION ( 'NONE',  ( -1.000000000000000000, 0.0000000000000000000, 0.0000000000000000000 ) ) ;
#4013 = CARTESIAN_POINT ( 'NONE',  ( 6.749999999999999100, 0.3999999999999993000, -2.850000000000001400 ) ) ;
#4014 = AXIS2_PLACEMENT_3D ( 'NONE', #4013, #4012, #4069 ) ;
#4015 = FILL_AREA_STYLE_COLOUR ( '', #4067 ) ;
#4016 = PLANE ( 'NONE',  #4014 ) ;
#4017 =( GEOMETRIC_REPRESENTATION_CONTEXT ( 3 ) GLOBAL_UNCERTAINTY_ASSIGNED_CONTEXT ( ( #4018 ) ) GLOBAL_UNIT_ASSIGNED_CONTEXT ( ( #4021, #4020, #4019 ) ) REPRESENTATION_CONTEXT ( 'NONE', 'WORKASPACE' ) );
#4018 = UNCERTAINTY_MEASURE_WITH_UNIT (LENGTH_MEASURE( 1.000000000000000100E-005 ), #4021, 'distance_accuracy_value', 'NONE');
#4019 =( NAMED_UNIT ( * ) SI_UNIT ( $, .STERADIAN. ) SOLID_ANGLE_UNIT ( ) );
#4020 =( NAMED_UNIT ( * ) PLANE_ANGLE_UNIT ( ) SI_UNIT ( $, .RADIAN. ) );
#4021 =( LENGTH_UNIT ( ) NAMED_UNIT ( * ) SI_UNIT ( .MILLI., .METRE. ) );
#4022 = MECHANICAL_DESIGN_GEOMETRIC_PRESENTATION_REPRESENTATION (  '', ( #4024 ), #4017 ) ;
#4023 = PRESENTATION_LAYER_ASSIGNMENT (  '', '', ( #4024 ) ) ;
#4024 = STYLED_ITEM ( 'NONE', ( #4025 ), #556 ) ;
#4025 = PRESENTATION_STYLE_ASSIGNMENT (( #4026 ) ) ;
#4026 = SURFACE_STYLE_USAGE ( .BOTH. , #4027 ) ;
#4027 = SURFACE_SIDE_STYLE ('',( #4028 ) ) ;
#4028 = SURFACE_STYLE_FILL_AREA ( #4029 ) ;
#4029 = FILL_AREA_STYLE ('',( #4036 ) ) ;
#4030 = COLOUR_RGB ( '',0.7529411764705882200, 0.7529411764705882200, 0.7529411764705882200 ) ;
#4031 = FACE_OUTER_BOUND ( 'NONE', #557, .T. ) ;
#4032 = DIRECTION ( 'NONE',  ( 0.0000000000000000000, 1.000000000000000000, 3.614007241618349300E-016 ) ) ;
#4033 = VECTOR ( 'NONE', #4032, 1000.000000000000000 ) ;
#4034 = CARTESIAN_POINT ( 'NONE',  ( 7.249999999999999100, 0.5999999999999998700, -4.250000000000000900 ) ) ;
#4035 = LINE ( 'NONE', #4034, #4033 ) ;
#4036 = FILL_AREA_STYLE_COLOUR ( '', #4030 ) ;
#4037 = CARTESIAN_POINT ( 'NONE',  ( 7.249999999999999100, 0.0000000000000000000, -4.250000000000001800 ) ) ;
#4038 = DIRECTION ( 'NONE',  ( 0.0000000000000000000, 0.0000000000000000000, -1.000000000000000000 ) ) ;
#4039 = VECTOR ( 'NONE', #4038, 1000.000000000000000 ) ;
#4040 = CARTESIAN_POINT ( 'NONE',  ( 7.249999999999999100, 0.0000000000000000000, -2.350000000000001400 ) ) ;
#4041 = LINE ( 'NONE', #4040, #4039 ) ;
#4042 = LINE ( 'NONE', #4098, #4097 ) ;
#4043 = FILL_AREA_STYLE_COLOUR ( '', #4094 ) ;
#4044 = CARTESIAN_POINT ( 'NONE',  ( 7.249999999999999100, 0.0000000000000000000, -2.350000000000001400 ) ) ;
#4045 = DIRECTION ( 'NONE',  ( 0.0000000000000000000, -1.000000000000000000, 2.710505431213766000E-016 ) ) ;
#4046 = VECTOR ( 'NONE', #4045, 1000.000000000000000 ) ;
#4047 = CARTESIAN_POINT ( 'NONE',  ( 7.249999999999999100, 0.3999999999999993000, -2.350000000000001400 ) ) ;
#4048 = LINE ( 'NONE', #4047, #4046 ) ;
#4049 = DIRECTION ( 'NONE',  ( 0.0000000000000000000, 1.000000000000000000, -2.710505431213766000E-016 ) ) ;
#4050 = DIRECTION ( 'NONE',  ( 0.0000000000000000000, -2.710505431213766000E-016, -1.000000000000000000 ) ) ;
#4051 = CARTESIAN_POINT ( 'NONE',  ( 7.249999999999999100, 0.3999999999999993000, -2.350000000000001400 ) ) ;
#4052 = AXIS2_PLACEMENT_3D ( 'NONE', #4051, #4050, #4049 ) ;
#4053 = PLANE ( 'NONE',  #4052 ) ;
#4054 =( GEOMETRIC_REPRESENTATION_CONTEXT ( 3 ) GLOBAL_UNCERTAINTY_ASSIGNED_CONTEXT ( ( #4055 ) ) GLOBAL_UNIT_ASSIGNED_CONTEXT ( ( #4058, #4057, #4056 ) ) REPRESENTATION_CONTEXT ( 'NONE', 'WORKASPACE' ) );
#4055 = UNCERTAINTY_MEASURE_WITH_UNIT (LENGTH_MEASURE( 1.000000000000000100E-005 ), #4058, 'distance_accuracy_value', 'NONE');
#4056 =( NAMED_UNIT ( * ) SI_UNIT ( $, .STERADIAN. ) SOLID_ANGLE_UNIT ( ) );
#4057 =( NAMED_UNIT ( * ) PLANE_ANGLE_UNIT ( ) SI_UNIT ( $, .RADIAN. ) );
#4058 =( LENGTH_UNIT ( ) NAMED_UNIT ( * ) SI_UNIT ( .MILLI., .METRE. ) );
#4059 = MECHANICAL_DESIGN_GEOMETRIC_PRESENTATION_REPRESENTATION (  '', ( #4061 ), #4054 ) ;
#4060 = PRESENTATION_LAYER_ASSIGNMENT (  '', '', ( #4061 ) ) ;
#4061 = STYLED_ITEM ( 'NONE', ( #4062 ), #560 ) ;
#4062 = PRESENTATION_STYLE_ASSIGNMENT (( #4063 ) ) ;
#4063 = SURFACE_STYLE_USAGE ( .BOTH. , #4064 ) ;
#4064 = SURFACE_SIDE_STYLE ('',( #4065 ) ) ;
#4065 = SURFACE_STYLE_FILL_AREA ( #4066 ) ;
#4066 = FILL_AREA_STYLE ('',( #4015 ) ) ;
#4067 = COLOUR_RGB ( '',0.7529411764705882200, 0.7529411764705882200, 0.7529411764705882200 ) ;
#4068 = FACE_OUTER_BOUND ( 'NONE', #561, .T. ) ;
#4069 = DIRECTION ( 'NONE',  ( 0.0000000000000000000, 0.0000000000000000000, 1.000000000000000000 ) ) ;
#4070 = CARTESIAN_POINT ( 'NONE',  ( 5.249999999999999100, 6.399999999999999500, -1.734723475976807100E-015 ) ) ;
#4071 = DIRECTION ( 'NONE',  ( -1.000000000000000000, 0.0000000000000000000, 0.0000000000000000000 ) ) ;
#4072 = VECTOR ( 'NONE', #4071, 1000.000000000000000 ) ;
#4073 = CARTESIAN_POINT ( 'NONE',  ( 5.249999999999999100, 6.399999999999999500, -1.734723475976807100E-015 ) ) ;
#4074 = LINE ( 'NONE', #4073, #4072 ) ;
#4075 = CARTESIAN_POINT ( 'NONE',  ( -1.250000000000000900, 0.0000000000000000000, -2.350000000000001400 ) ) ;
#4076 = DIRECTION ( 'NONE',  ( 0.0000000000000000000, 1.000000000000000000, 1.445602896647339200E-016 ) ) ;
#4077 = DIRECTION ( 'NONE',  ( 0.0000000000000000000, 1.445602896647339200E-016, -1.000000000000000000 ) ) ;
#4078 = CARTESIAN_POINT ( 'NONE',  ( 5.249999999999999100, 0.3999999999999993000, -2.602085213965210600E-015 ) ) ;
#4079 = AXIS2_PLACEMENT_3D ( 'NONE', #4078, #4077, #4076 ) ;
#4080 = PLANE ( 'NONE',  #4079 ) ;
#4081 =( GEOMETRIC_REPRESENTATION_CONTEXT ( 3 ) GLOBAL_UNCERTAINTY_ASSIGNED_CONTEXT ( ( #4082 ) ) GLOBAL_UNIT_ASSIGNED_CONTEXT ( ( #4085, #4084, #4083 ) ) REPRESENTATION_CONTEXT ( 'NONE', 'WORKASPACE' ) );
#4082 = UNCERTAINTY_MEASURE_WITH_UNIT (LENGTH_MEASURE( 1.000000000000000100E-005 ), #4085, 'distance_accuracy_value', 'NONE');
#4083 =( NAMED_UNIT ( * ) SI_UNIT ( $, .STERADIAN. ) SOLID_ANGLE_UNIT ( ) );
#4084 =( NAMED_UNIT ( * ) PLANE_ANGLE_UNIT ( ) SI_UNIT ( $, .RADIAN. ) );
#4085 =( LENGTH_UNIT ( ) NAMED_UNIT ( * ) SI_UNIT ( .MILLI., .METRE. ) );
#4086 = MECHANICAL_DESIGN_GEOMETRIC_PRESENTATION_REPRESENTATION (  '', ( #4088 ), #4081 ) ;
#4087 = PRESENTATION_LAYER_ASSIGNMENT (  '', '', ( #4088 ) ) ;
#4088 = STYLED_ITEM ( 'NONE', ( #4089 ), #568 ) ;
#4089 = PRESENTATION_STYLE_ASSIGNMENT (( #4090 ) ) ;
#4090 = SURFACE_STYLE_USAGE ( .BOTH. , #4091 ) ;
#4091 = SURFACE_SIDE_STYLE ('',( #4092 ) ) ;
#4092 = SURFACE_STYLE_FILL_AREA ( #4093 ) ;
#4093 = FILL_AREA_STYLE ('',( #4043 ) ) ;
#4094 = COLOUR_RGB ( '',0.7529411764705882200, 0.7529411764705882200, 0.7529411764705882200 ) ;
#4095 = FACE_OUTER_BOUND ( 'NONE', #569, .T. ) ;
#4096 = DIRECTION ( 'NONE',  ( 0.0000000000000000000, -1.000000000000000000, 2.710505431213766000E-016 ) ) ;
#4097 = VECTOR ( 'NONE', #4096, 1000.000000000000000 ) ;
#4098 = CARTESIAN_POINT ( 'NONE',  ( 6.749999999999999100, 0.3999999999999993000, -2.350000000000001400 ) ) ;
#4099 = CARTESIAN_POINT ( 'NONE',  ( 4.749999999999999100, 0.3999999999999993000, -2.850000000000001400 ) ) ;
#4100 = AXIS2_PLACEMENT_3D ( 'NONE', #4099, #4154, #4153 ) ;
#4101 = PLANE ( 'NONE',  #4100 ) ;
#4102 =( GEOMETRIC_REPRESENTATION_CONTEXT ( 3 ) GLOBAL_UNCERTAINTY_ASSIGNED_CONTEXT ( ( #4103 ) ) GLOBAL_UNIT_ASSIGNED_CONTEXT ( ( #4106, #4105, #4104 ) ) REPRESENTATION_CONTEXT ( 'NONE', 'WORKASPACE' ) );
#4103 = UNCERTAINTY_MEASURE_WITH_UNIT (LENGTH_MEASURE( 1.000000000000000100E-005 ), #4106, 'distance_accuracy_value', 'NONE');
#4104 =( NAMED_UNIT ( * ) SI_UNIT ( $, .STERADIAN. ) SOLID_ANGLE_UNIT ( ) );
#4105 =( NAMED_UNIT ( * ) PLANE_ANGLE_UNIT ( ) SI_UNIT ( $, .RADIAN. ) );
#4106 =( LENGTH_UNIT ( ) NAMED_UNIT ( * ) SI_UNIT ( .MILLI., .METRE. ) );
#4107 = MECHANICAL_DESIGN_GEOMETRIC_PRESENTATION_REPRESENTATION (  '', ( #4109 ), #4102 ) ;
#4108 = PRESENTATION_LAYER_ASSIGNMENT (  '', '', ( #4109 ) ) ;
#4109 = STYLED_ITEM ( 'NONE', ( #4110 ), #580 ) ;
#4110 = PRESENTATION_STYLE_ASSIGNMENT (( #4111 ) ) ;
#4111 = SURFACE_STYLE_USAGE ( .BOTH. , #4112 ) ;
#4112 = SURFACE_SIDE_STYLE ('',( #4113 ) ) ;
#4113 = SURFACE_STYLE_FILL_AREA ( #4114 ) ;
#4114 = FILL_AREA_STYLE ('',( #4121 ) ) ;
#4115 = COLOUR_RGB ( '',0.7529411764705882200, 0.7529411764705882200, 0.7529411764705882200 ) ;
#4116 = FACE_OUTER_BOUND ( 'NONE', #581, .T. ) ;
#4117 = DIRECTION ( 'NONE',  ( -1.000000000000000000, 0.0000000000000000000, 0.0000000000000000000 ) ) ;
#4118 = VECTOR ( 'NONE', #4117, 1000.000000000000000 ) ;
#4119 = CARTESIAN_POINT ( 'NONE',  ( 5.249999999999999100, 6.399999999999999500, -0.5000000000000017800 ) ) ;
#4120 = LINE ( 'NONE', #4119, #4118 ) ;
#4121 = FILL_AREA_STYLE_COLOUR ( '', #4115 ) ;
#4122 = CARTESIAN_POINT ( 'NONE',  ( 5.249999999999999100, 6.399999999999999500, -0.5000000000000017800 ) ) ;
#4123 = DIRECTION ( 'NONE',  ( 0.0000000000000000000, 0.0000000000000000000, 1.000000000000000000 ) ) ;
#4124 = VECTOR ( 'NONE', #4123, 1000.000000000000000 ) ;
#4125 = CARTESIAN_POINT ( 'NONE',  ( 5.249999999999999100, 6.399999999999999500, -1.734723475976807100E-015 ) ) ;
#4126 = LINE ( 'NONE', #4125, #4124 ) ;
#4127 = PLANE ( 'NONE',  #4182 ) ;
#4128 = CARTESIAN_POINT ( 'NONE',  ( 7.249999999999999100, 0.5999999999999998700, -2.850000000000001400 ) ) ;
#4129 =( GEOMETRIC_REPRESENTATION_CONTEXT ( 3 ) GLOBAL_UNCERTAINTY_ASSIGNED_CONTEXT ( ( #4130 ) ) GLOBAL_UNIT_ASSIGNED_CONTEXT ( ( #4133, #4132, #4131 ) ) REPRESENTATION_CONTEXT ( 'NONE', 'WORKASPACE' ) );
#4130 = UNCERTAINTY_MEASURE_WITH_UNIT (LENGTH_MEASURE( 1.000000000000000100E-005 ), #4133, 'distance_accuracy_value', 'NONE');
#4131 =( NAMED_UNIT ( * ) SI_UNIT ( $, .STERADIAN. ) SOLID_ANGLE_UNIT ( ) );
#4132 =( NAMED_UNIT ( * ) PLANE_ANGLE_UNIT ( ) SI_UNIT ( $, .RADIAN. ) );
#4133 =( LENGTH_UNIT ( ) NAMED_UNIT ( * ) SI_UNIT ( .MILLI., .METRE. ) );
#4134 = MECHANICAL_DESIGN_GEOMETRIC_PRESENTATION_REPRESENTATION (  '', ( #4136 ), #4129 ) ;
#4135 = PRESENTATION_LAYER_ASSIGNMENT (  '', '', ( #4136 ) ) ;
#4136 = STYLED_ITEM ( 'NONE', ( #4137 ), #588 ) ;
#4137 = PRESENTATION_STYLE_ASSIGNMENT (( #4138 ) ) ;
#4138 = SURFACE_STYLE_USAGE ( .BOTH. , #4139 ) ;
#4139 = SURFACE_SIDE_STYLE ('',( #4140 ) ) ;
#4140 = SURFACE_STYLE_FILL_AREA ( #4141 ) ;
#4141 = FILL_AREA_STYLE ('',( #4148 ) ) ;
#4142 = COLOUR_RGB ( '',0.7529411764705882200, 0.7529411764705882200, 0.7529411764705882200 ) ;
#4143 = FACE_OUTER_BOUND ( 'NONE', #530, .T. ) ;
#4144 = DIRECTION ( 'NONE',  ( 0.0000000000000000000, -1.000000000000000000, -1.445602896647339200E-016 ) ) ;
#4145 = VECTOR ( 'NONE', #4144, 1000.000000000000000 ) ;
#4146 = CARTESIAN_POINT ( 'NONE',  ( 4.749999999999999100, 0.3999999999999993000, -2.602085213965210600E-015 ) ) ;
#4147 = LINE ( 'NONE', #4146, #4145 ) ;
#4148 = FILL_AREA_STYLE_COLOUR ( '', #4142 ) ;
#4149 = DIRECTION ( 'NONE',  ( 0.0000000000000000000, 1.000000000000000000, 2.502005013428087100E-016 ) ) ;
#4150 = VECTOR ( 'NONE', #4149, 1000.000000000000000 ) ;
#4151 = CARTESIAN_POINT ( 'NONE',  ( 4.749999999999999100, 6.399999999999999500, -0.5000000000000017800 ) ) ;
#4152 = LINE ( 'NONE', #4151, #4150 ) ;
#4153 = DIRECTION ( 'NONE',  ( 0.0000000000000000000, 0.0000000000000000000, 1.000000000000000000 ) ) ;
#4154 = DIRECTION ( 'NONE',  ( -1.000000000000000000, 0.0000000000000000000, 0.0000000000000000000 ) ) ;
#4155 = CARTESIAN_POINT ( 'NONE',  ( 4.749999999999999100, 6.399999999999999500, -0.5000000000000017800 ) ) ;
#4156 = DIRECTION ( 'NONE',  ( 0.0000000000000000000, 0.0000000000000000000, 1.000000000000000000 ) ) ;
#4157 = VECTOR ( 'NONE', #4156, 1000.000000000000000 ) ;
#4158 = CARTESIAN_POINT ( 'NONE',  ( 4.749999999999999100, 6.399999999999999500, -1.734723475976807100E-015 ) ) ;
#4159 = LINE ( 'NONE', #4158, #4157 ) ;
#4160 = DIRECTION ( 'NONE',  ( 0.0000000000000000000, 0.0000000000000000000, -1.000000000000000000 ) ) ;
#4161 = DIRECTION ( 'NONE',  ( 0.0000000000000000000, -1.000000000000000000, 0.0000000000000000000 ) ) ;
#4162 = CARTESIAN_POINT ( 'NONE',  ( 5.249999999999999100, 6.399999999999999500, -1.734723475976807100E-015 ) ) ;
#4163 = AXIS2_PLACEMENT_3D ( 'NONE', #4162, #4161, #4160 ) ;
#4164 = PLANE ( 'NONE',  #4163 ) ;
#4165 =( GEOMETRIC_REPRESENTATION_CONTEXT ( 3 ) GLOBAL_UNCERTAINTY_ASSIGNED_CONTEXT ( ( #4166 ) ) GLOBAL_UNIT_ASSIGNED_CONTEXT ( ( #4169, #4168, #4167 ) ) REPRESENTATION_CONTEXT ( 'NONE', 'WORKASPACE' ) );
#4166 = UNCERTAINTY_MEASURE_WITH_UNIT (LENGTH_MEASURE( 1.000000000000000100E-005 ), #4169, 'distance_accuracy_value', 'NONE');
#4167 =( NAMED_UNIT ( * ) SI_UNIT ( $, .STERADIAN. ) SOLID_ANGLE_UNIT ( ) );
#4168 =( NAMED_UNIT ( * ) PLANE_ANGLE_UNIT ( ) SI_UNIT ( $, .RADIAN. ) );
#4169 =( LENGTH_UNIT ( ) NAMED_UNIT ( * ) SI_UNIT ( .MILLI., .METRE. ) );
#4170 = MECHANICAL_DESIGN_GEOMETRIC_PRESENTATION_REPRESENTATION (  '', ( #4172 ), #4165 ) ;
#4171 = PRESENTATION_LAYER_ASSIGNMENT (  '', '', ( #4172 ) ) ;
#4172 = STYLED_ITEM ( 'NONE', ( #4173 ), #593 ) ;
#4173 = PRESENTATION_STYLE_ASSIGNMENT (( #4174 ) ) ;
#4174 = SURFACE_STYLE_USAGE ( .BOTH. , #4175 ) ;
#4175 = SURFACE_SIDE_STYLE ('',( #4176 ) ) ;
#4176 = SURFACE_STYLE_FILL_AREA ( #4177 ) ;
#4177 = FILL_AREA_STYLE ('',( #4183 ) ) ;
#4178 = COLOUR_RGB ( '',0.7529411764705882200, 0.7529411764705882200, 0.7529411764705882200 ) ;
#4179 = FACE_OUTER_BOUND ( 'NONE', #594, .T. ) ;
#4180 = DIRECTION ( 'NONE',  ( 0.0000000000000000000, 0.0000000000000000000, -1.000000000000000000 ) ) ;
#4181 = DIRECTION ( 'NONE',  ( 0.0000000000000000000, -1.000000000000000000, 0.0000000000000000000 ) ) ;
#4182 = AXIS2_PLACEMENT_3D ( 'NONE', #4128, #4181, #4180 ) ;
#4183 = FILL_AREA_STYLE_COLOUR ( '', #4178 ) ;
#4184 = LINE ( 'NONE', #9458, #4242 ) ;
#4185 = DIRECTION ( 'NONE',  ( 0.0000000000000000000, -1.000000000000000000, -3.614007241618349300E-016 ) ) ;
#4186 = DIRECTION ( 'NONE',  ( 0.0000000000000000000, -3.614007241618349300E-016, 1.000000000000000000 ) ) ;
#4187 = CARTESIAN_POINT ( 'NONE',  ( 7.249999999999999100, 0.5999999999999998700, -4.250000000000000900 ) ) ;
#4188 = AXIS2_PLACEMENT_3D ( 'NONE', #4187, #4186, #4185 ) ;
#4189 = PLANE ( 'NONE',  #4188 ) ;
#4190 =( GEOMETRIC_REPRESENTATION_CONTEXT ( 3 ) GLOBAL_UNCERTAINTY_ASSIGNED_CONTEXT ( ( #4191 ) ) GLOBAL_UNIT_ASSIGNED_CONTEXT ( ( #4194, #4193, #4192 ) ) REPRESENTATION_CONTEXT ( 'NONE', 'WORKASPACE' ) );
#4191 = UNCERTAINTY_MEASURE_WITH_UNIT (LENGTH_MEASURE( 1.000000000000000100E-005 ), #4194, 'distance_accuracy_value', 'NONE');
#4192 =( NAMED_UNIT ( * ) SI_UNIT ( $, .STERADIAN. ) SOLID_ANGLE_UNIT ( ) );
#4193 =( NAMED_UNIT ( * ) PLANE_ANGLE_UNIT ( ) SI_UNIT ( $, .RADIAN. ) );
#4194 =( LENGTH_UNIT ( ) NAMED_UNIT ( * ) SI_UNIT ( .MILLI., .METRE. ) );
#4195 = MECHANICAL_DESIGN_GEOMETRIC_PRESENTATION_REPRESENTATION (  '', ( #4197 ), #4190 ) ;
#4196 = PRESENTATION_LAYER_ASSIGNMENT (  '', '', ( #4197 ) ) ;
#4197 = STYLED_ITEM ( 'NONE', ( #4198 ), #604 ) ;
#4198 = PRESENTATION_STYLE_ASSIGNMENT (( #4199 ) ) ;
#4199 = SURFACE_STYLE_USAGE ( .BOTH. , #4200 ) ;
#4200 = SURFACE_SIDE_STYLE ('',( #4201 ) ) ;
#4201 = SURFACE_STYLE_FILL_AREA ( #4202 ) ;
#4202 = FILL_AREA_STYLE ('',( #4209 ) ) ;
#4203 = COLOUR_RGB ( '',0.7529411764705882200, 0.7529411764705882200, 0.7529411764705882200 ) ;
#4204 = FACE_OUTER_BOUND ( 'NONE', #605, .T. ) ;
#4205 = DIRECTION ( 'NONE',  ( -1.000000000000000000, 0.0000000000000000000, 0.0000000000000000000 ) ) ;
#4206 = VECTOR ( 'NONE', #4205, 1000.000000000000000 ) ;
#4207 = CARTESIAN_POINT ( 'NONE',  ( 7.249999999999999100, 0.0000000000000000000, -4.250000000000001800 ) ) ;
#4208 = LINE ( 'NONE', #4207, #4206 ) ;
#4209 = FILL_AREA_STYLE_COLOUR ( '', #4203 ) ;
#4210 = CARTESIAN_POINT ( 'NONE',  ( 4.749999999999999100, 6.399999999999999500, -1.734723475976807100E-015 ) ) ;
#4211 = UNCERTAINTY_MEASURE_WITH_UNIT (LENGTH_MEASURE( 1.000000000000000100E-005 ), #4214, 'distance_accuracy_value', 'NONE');
#4212 =( NAMED_UNIT ( * ) SI_UNIT ( $, .STERADIAN. ) SOLID_ANGLE_UNIT ( ) );
#4213 =( NAMED_UNIT ( * ) PLANE_ANGLE_UNIT ( ) SI_UNIT ( $, .RADIAN. ) );
#4214 =( LENGTH_UNIT ( ) NAMED_UNIT ( * ) SI_UNIT ( .MILLI., .METRE. ) );
#4215 = MECHANICAL_DESIGN_GEOMETRIC_PRESENTATION_REPRESENTATION (  '', ( #4217 ), #4269 ) ;
#4216 = PRESENTATION_LAYER_ASSIGNMENT (  '', '', ( #4217 ) ) ;
#4217 = STYLED_ITEM ( 'NONE', ( #4218 ), #619 ) ;
#4218 = PRESENTATION_STYLE_ASSIGNMENT (( #4219 ) ) ;
#4219 = SURFACE_STYLE_USAGE ( .BOTH. , #4220 ) ;
#4220 = SURFACE_SIDE_STYLE ('',( #4221 ) ) ;
#4221 = SURFACE_STYLE_FILL_AREA ( #4222 ) ;
#4222 = FILL_AREA_STYLE ('',( #4229 ) ) ;
#4223 = COLOUR_RGB ( '',0.7529411764705882200, 0.7529411764705882200, 0.7529411764705882200 ) ;
#4224 = FACE_OUTER_BOUND ( 'NONE', #620, .T. ) ;
#4225 = DIRECTION ( 'NONE',  ( -1.000000000000000000, 0.0000000000000000000, 0.0000000000000000000 ) ) ;
#4226 = VECTOR ( 'NONE', #4225, 1000.000000000000000 ) ;
#4227 = CARTESIAN_POINT ( 'NONE',  ( 5.249999999999999100, 0.0000000000000000000, -2.350000000000001400 ) ) ;
#4228 = LINE ( 'NONE', #4227, #4226 ) ;
#4229 = FILL_AREA_STYLE_COLOUR ( '', #4223 ) ;
#4230 = CARTESIAN_POINT ( 'NONE',  ( 4.749999999999999100, 0.0000000000000000000, -2.350000000000001400 ) ) ;
#4231 = DIRECTION ( 'NONE',  ( 0.0000000000000000000, -1.000000000000000000, 2.710505431213766000E-016 ) ) ;
#4232 = VECTOR ( 'NONE', #4231, 1000.000000000000000 ) ;
#4233 = CARTESIAN_POINT ( 'NONE',  ( 4.749999999999999100, 0.3999999999999993000, -2.350000000000001400 ) ) ;
#4234 = LINE ( 'NONE', #4233, #4232 ) ;
#4235 = CARTESIAN_POINT ( 'NONE',  ( 4.749999999999999100, 0.0000000000000000000, -4.250000000000001800 ) ) ;
#4236 = DIRECTION ( 'NONE',  ( 0.0000000000000000000, 1.000000000000000000, 3.614007241618349300E-016 ) ) ;
#4237 = VECTOR ( 'NONE', #4236, 1000.000000000000000 ) ;
#4238 = CARTESIAN_POINT ( 'NONE',  ( 4.749999999999999100, 0.5999999999999998700, -4.250000000000000900 ) ) ;
#4239 = LINE ( 'NONE', #4238, #4237 ) ;
#4240 = CARTESIAN_POINT ( 'NONE',  ( 4.749999999999999100, 0.5999999999999998700, -4.250000000000000900 ) ) ;
#4241 = DIRECTION ( 'NONE',  ( 0.0000000000000000000, 0.0000000000000000000, 1.000000000000000000 ) ) ;
#4242 = VECTOR ( 'NONE', #4241, 1000.000000000000000 ) ;
#4243 =( GEOMETRIC_REPRESENTATION_CONTEXT ( 3 ) GLOBAL_UNCERTAINTY_ASSIGNED_CONTEXT ( ( #4244 ) ) GLOBAL_UNIT_ASSIGNED_CONTEXT ( ( #4247, #4246, #4245 ) ) REPRESENTATION_CONTEXT ( 'NONE', 'WORKASPACE' ) );
#4244 = UNCERTAINTY_MEASURE_WITH_UNIT (LENGTH_MEASURE( 1.000000000000000100E-005 ), #4247, 'distance_accuracy_value', 'NONE');
#4245 =( NAMED_UNIT ( * ) SI_UNIT ( $, .STERADIAN. ) SOLID_ANGLE_UNIT ( ) );
#4246 =( NAMED_UNIT ( * ) PLANE_ANGLE_UNIT ( ) SI_UNIT ( $, .RADIAN. ) );
#4247 =( LENGTH_UNIT ( ) NAMED_UNIT ( * ) SI_UNIT ( .MILLI., .METRE. ) );
#4248 = MECHANICAL_DESIGN_GEOMETRIC_PRESENTATION_REPRESENTATION (  '', ( #4250 ), #4243 ) ;
#4249 = PRESENTATION_LAYER_ASSIGNMENT (  '', '', ( #4250 ) ) ;
#4250 = STYLED_ITEM ( 'NONE', ( #4251 ), #629 ) ;
#4251 = PRESENTATION_STYLE_ASSIGNMENT (( #4252 ) ) ;
#4252 = SURFACE_STYLE_USAGE ( .BOTH. , #4253 ) ;
#4253 = SURFACE_SIDE_STYLE ('',( #4254 ) ) ;
#4254 = SURFACE_STYLE_FILL_AREA ( #4255 ) ;
#4255 = FILL_AREA_STYLE ('',( #4256 ) ) ;
#4256 = FILL_AREA_STYLE_COLOUR ( '', #4257 ) ;
#4257 = COLOUR_RGB ( '',0.7529411764705882200, 0.7529411764705882200, 0.7529411764705882200 ) ;
#4258 = FACE_OUTER_BOUND ( 'NONE', #630, .T. ) ;
#4259 = CARTESIAN_POINT ( 'NONE',  ( 5.249999999999999100, 0.5999999999999998700, -4.250000000000000900 ) ) ;
#4260 = DIRECTION ( 'NONE',  ( 0.0000000000000000000, 0.0000000000000000000, 1.000000000000000000 ) ) ;
#4261 = VECTOR ( 'NONE', #4260, 1000.000000000000000 ) ;
#4262 = CARTESIAN_POINT ( 'NONE',  ( 5.249999999999999100, 0.5999999999999998700, -2.850000000000001400 ) ) ;
#4263 = LINE ( 'NONE', #4262, #4261 ) ;
#4264 = DIRECTION ( 'NONE',  ( 0.0000000000000000000, 0.0000000000000000000, 1.000000000000000000 ) ) ;
#4265 = DIRECTION ( 'NONE',  ( -1.000000000000000000, 0.0000000000000000000, 0.0000000000000000000 ) ) ;
#4266 = CARTESIAN_POINT ( 'NONE',  ( 5.249999999999999100, 0.3999999999999993000, -2.850000000000001400 ) ) ;
#4267 = AXIS2_PLACEMENT_3D ( 'NONE', #4266, #4265, #4264 ) ;
#4268 = PLANE ( 'NONE',  #4267 ) ;
#4269 =( GEOMETRIC_REPRESENTATION_CONTEXT ( 3 ) GLOBAL_UNCERTAINTY_ASSIGNED_CONTEXT ( ( #4211 ) ) GLOBAL_UNIT_ASSIGNED_CONTEXT ( ( #4214, #4213, #4212 ) ) REPRESENTATION_CONTEXT ( 'NONE', 'WORKASPACE' ) );
#4270 = DIRECTION ( 'NONE',  ( 0.0000000000000000000, 1.000000000000000000, -2.710505431213766000E-016 ) ) ;
#4271 = DIRECTION ( 'NONE',  ( 0.0000000000000000000, -2.710505431213766000E-016, -1.000000000000000000 ) ) ;
#4272 = CARTESIAN_POINT ( 'NONE',  ( 5.249999999999999100, 0.3999999999999993000, -2.350000000000001400 ) ) ;
#4273 = AXIS2_PLACEMENT_3D ( 'NONE', #4272, #4271, #4270 ) ;
#4274 = PLANE ( 'NONE',  #4273 ) ;
#4275 =( GEOMETRIC_REPRESENTATION_CONTEXT ( 3 ) GLOBAL_UNCERTAINTY_ASSIGNED_CONTEXT ( ( #4276 ) ) GLOBAL_UNIT_ASSIGNED_CONTEXT ( ( #4279, #4278, #4277 ) ) REPRESENTATION_CONTEXT ( 'NONE', 'WORKASPACE' ) );
#4276 = UNCERTAINTY_MEASURE_WITH_UNIT (LENGTH_MEASURE( 1.000000000000000100E-005 ), #4279, 'distance_accuracy_value', 'NONE');
#4277 =( NAMED_UNIT ( * ) SI_UNIT ( $, .STERADIAN. ) SOLID_ANGLE_UNIT ( ) );
#4278 =( NAMED_UNIT ( * ) PLANE_ANGLE_UNIT ( ) SI_UNIT ( $, .RADIAN. ) );
#4279 =( LENGTH_UNIT ( ) NAMED_UNIT ( * ) SI_UNIT ( .MILLI., .METRE. ) );
#4280 = MECHANICAL_DESIGN_GEOMETRIC_PRESENTATION_REPRESENTATION (  '', ( #4282 ), #4275 ) ;
#4281 = PRESENTATION_LAYER_ASSIGNMENT (  '', '', ( #4282 ) ) ;
#4282 = STYLED_ITEM ( 'NONE', ( #4283 ), #635 ) ;
#4283 = PRESENTATION_STYLE_ASSIGNMENT (( #4284 ) ) ;
#4284 = SURFACE_STYLE_USAGE ( .BOTH. , #4285 ) ;
#4285 = SURFACE_SIDE_STYLE ('',( #4286 ) ) ;
#4286 = SURFACE_STYLE_FILL_AREA ( #4287 ) ;
#4287 = FILL_AREA_STYLE ('',( #4294 ) ) ;
#4288 = COLOUR_RGB ( '',0.7529411764705882200, 0.7529411764705882200, 0.7529411764705882200 ) ;
#4289 = FACE_OUTER_BOUND ( 'NONE', #636, .T. ) ;
#4290 = DIRECTION ( 'NONE',  ( 0.0000000000000000000, -1.000000000000000000, -2.502005013428087100E-016 ) ) ;
#4291 = DIRECTION ( 'NONE',  ( 0.0000000000000000000, -2.502005013428087100E-016, 1.000000000000000000 ) ) ;
#4292 = CARTESIAN_POINT ( 'NONE',  ( 5.249999999999999100, 6.399999999999999500, -0.5000000000000017800 ) ) ;
#4293 = AXIS2_PLACEMENT_3D ( 'NONE', #4292, #4291, #4290 ) ;
#4294 = FILL_AREA_STYLE_COLOUR ( '', #4288 ) ;
#4295 = PLANE ( 'NONE',  #4293 ) ;
#4296 = DIRECTION ( 'NONE',  ( 0.0000000000000000000, 1.000000000000000000, 2.502005013428087100E-016 ) ) ;
#4297 = VECTOR ( 'NONE', #4296, 1000.000000000000000 ) ;
#4298 = CARTESIAN_POINT ( 'NONE',  ( 5.249999999999999100, 6.399999999999999500, -0.5000000000000017800 ) ) ;
#4299 = LINE ( 'NONE', #4298, #4297 ) ;
#4300 = LINE ( 'NONE', #4355, #4354 ) ;
#4301 = DIRECTION ( 'NONE',  ( 0.0000000000000000000, 0.0000000000000000000, 1.000000000000000000 ) ) ;
#4302 = DIRECTION ( 'NONE',  ( -1.000000000000000000, 0.0000000000000000000, 0.0000000000000000000 ) ) ;
#4303 = CARTESIAN_POINT ( 'NONE',  ( 5.249999999999999100, 0.3999999999999993000, -2.850000000000001400 ) ) ;
#4304 = AXIS2_PLACEMENT_3D ( 'NONE', #4303, #4302, #4301 ) ;
#4305 = PLANE ( 'NONE',  #4304 ) ;
#4306 =( GEOMETRIC_REPRESENTATION_CONTEXT ( 3 ) GLOBAL_UNCERTAINTY_ASSIGNED_CONTEXT ( ( #4307 ) ) GLOBAL_UNIT_ASSIGNED_CONTEXT ( ( #4310, #4309, #4308 ) ) REPRESENTATION_CONTEXT ( 'NONE', 'WORKASPACE' ) );
#4307 = UNCERTAINTY_MEASURE_WITH_UNIT (LENGTH_MEASURE( 1.000000000000000100E-005 ), #4310, 'distance_accuracy_value', 'NONE');
#4308 =( NAMED_UNIT ( * ) SI_UNIT ( $, .STERADIAN. ) SOLID_ANGLE_UNIT ( ) );
#4309 =( NAMED_UNIT ( * ) PLANE_ANGLE_UNIT ( ) SI_UNIT ( $, .RADIAN. ) );
#4310 =( LENGTH_UNIT ( ) NAMED_UNIT ( * ) SI_UNIT ( .MILLI., .METRE. ) );
#4311 = MECHANICAL_DESIGN_GEOMETRIC_PRESENTATION_REPRESENTATION (  '', ( #4313 ), #4306 ) ;
#4312 = PRESENTATION_LAYER_ASSIGNMENT (  '', '', ( #4313 ) ) ;
#4313 = STYLED_ITEM ( 'NONE', ( #4314 ), #640 ) ;
#4314 = PRESENTATION_STYLE_ASSIGNMENT (( #4315 ) ) ;
#4315 = SURFACE_STYLE_USAGE ( .BOTH. , #4316 ) ;
#4316 = SURFACE_SIDE_STYLE ('',( #4317 ) ) ;
#4317 = SURFACE_STYLE_FILL_AREA ( #4318 ) ;
#4318 = FILL_AREA_STYLE ('',( #4319 ) ) ;
#4319 = FILL_AREA_STYLE_COLOUR ( '', #4320 ) ;
#4320 = COLOUR_RGB ( '',0.7529411764705882200, 0.7529411764705882200, 0.7529411764705882200 ) ;
#4321 = FACE_OUTER_BOUND ( 'NONE', #641, .T. ) ;
#4322 = CARTESIAN_POINT ( 'NONE',  ( 5.249999999999999100, 0.0000000000000000000, -2.350000000000001400 ) ) ;
#4323 = DIRECTION ( 'NONE',  ( 0.0000000000000000000, -1.000000000000000000, 2.710505431213766000E-016 ) ) ;
#4324 = VECTOR ( 'NONE', #4323, 1000.000000000000000 ) ;
#4325 = CARTESIAN_POINT ( 'NONE',  ( 5.249999999999999100, 0.3999999999999993000, -2.350000000000001400 ) ) ;
#4326 = LINE ( 'NONE', #4325, #4324 ) ;
#4327 =( GEOMETRIC_REPRESENTATION_CONTEXT ( 3 ) GLOBAL_UNCERTAINTY_ASSIGNED_CONTEXT ( ( #4328 ) ) GLOBAL_UNIT_ASSIGNED_CONTEXT ( ( #4331, #4330, #4329 ) ) REPRESENTATION_CONTEXT ( 'NONE', 'WORKASPACE' ) );
#4328 = UNCERTAINTY_MEASURE_WITH_UNIT (LENGTH_MEASURE( 1.000000000000000100E-005 ), #4331, 'distance_accuracy_value', 'NONE');
#4329 =( NAMED_UNIT ( * ) SI_UNIT ( $, .STERADIAN. ) SOLID_ANGLE_UNIT ( ) );
#4330 =( NAMED_UNIT ( * ) PLANE_ANGLE_UNIT ( ) SI_UNIT ( $, .RADIAN. ) );
#4331 =( LENGTH_UNIT ( ) NAMED_UNIT ( * ) SI_UNIT ( .MILLI., .METRE. ) );
#4332 = MECHANICAL_DESIGN_GEOMETRIC_PRESENTATION_REPRESENTATION (  '', ( #4334 ), #4327 ) ;
#4333 = PRESENTATION_LAYER_ASSIGNMENT (  '', '', ( #4334 ) ) ;
#4334 = STYLED_ITEM ( 'NONE', ( #4335 ), #655 ) ;
#4335 = PRESENTATION_STYLE_ASSIGNMENT (( #4336 ) ) ;
#4336 = SURFACE_STYLE_USAGE ( .BOTH. , #4337 ) ;
#4337 = SURFACE_SIDE_STYLE ('',( #4338 ) ) ;
#4338 = SURFACE_STYLE_FILL_AREA ( #4339 ) ;
#4339 = FILL_AREA_STYLE ('',( #4346 ) ) ;
#4340 = COLOUR_RGB ( '',0.7529411764705882200, 0.7529411764705882200, 0.7529411764705882200 ) ;
#4341 = FACE_OUTER_BOUND ( 'NONE', #656, .T. ) ;
#4342 = DIRECTION ( 'NONE',  ( -1.000000000000000000, 0.0000000000000000000, 0.0000000000000000000 ) ) ;
#4343 = VECTOR ( 'NONE', #4342, 1000.000000000000000 ) ;
#4344 = CARTESIAN_POINT ( 'NONE',  ( 3.249999999999999100, 6.399999999999999500, -0.5000000000000017800 ) ) ;
#4345 = LINE ( 'NONE', #4344, #4343 ) ;
#4346 = FILL_AREA_STYLE_COLOUR ( '', #4340 ) ;
#4347 = CARTESIAN_POINT ( 'NONE',  ( 3.249999999999999100, 6.399999999999999500, -0.5000000000000017800 ) ) ;
#4348 = DIRECTION ( 'NONE',  ( 0.0000000000000000000, 0.0000000000000000000, 1.000000000000000000 ) ) ;
#4349 = VECTOR ( 'NONE', #4348, 1000.000000000000000 ) ;
#4350 = CARTESIAN_POINT ( 'NONE',  ( 3.249999999999999100, 6.399999999999999500, -1.734723475976807100E-015 ) ) ;
#4351 = LINE ( 'NONE', #4350, #4349 ) ;
#4352 = CARTESIAN_POINT ( 'NONE',  ( 3.249999999999999100, 6.399999999999999500, -1.734723475976807100E-015 ) ) ;
#4353 = DIRECTION ( 'NONE',  ( 0.0000000000000000000, -1.000000000000000000, -1.445602896647339200E-016 ) ) ;
#4354 = VECTOR ( 'NONE', #4353, 1000.000000000000000 ) ;
#4355 = CARTESIAN_POINT ( 'NONE',  ( 5.249999999999999100, 0.3999999999999993000, -2.602085213965210600E-015 ) ) ;
#4356 =( GEOMETRIC_REPRESENTATION_CONTEXT ( 3 ) GLOBAL_UNCERTAINTY_ASSIGNED_CONTEXT ( ( #4357 ) ) GLOBAL_UNIT_ASSIGNED_CONTEXT ( ( #4360, #4359, #4358 ) ) REPRESENTATION_CONTEXT ( 'NONE', 'WORKASPACE' ) );
#4357 = UNCERTAINTY_MEASURE_WITH_UNIT (LENGTH_MEASURE( 1.000000000000000100E-005 ), #4360, 'distance_accuracy_value', 'NONE');
#4358 =( NAMED_UNIT ( * ) SI_UNIT ( $, .STERADIAN. ) SOLID_ANGLE_UNIT ( ) );
#4359 =( NAMED_UNIT ( * ) PLANE_ANGLE_UNIT ( ) SI_UNIT ( $, .RADIAN. ) );
#4360 =( LENGTH_UNIT ( ) NAMED_UNIT ( * ) SI_UNIT ( .MILLI., .METRE. ) );
#4361 = MECHANICAL_DESIGN_GEOMETRIC_PRESENTATION_REPRESENTATION (  '', ( #4363 ), #4356 ) ;
#4362 = PRESENTATION_LAYER_ASSIGNMENT (  '', '', ( #4363 ) ) ;
#4363 = STYLED_ITEM ( 'NONE', ( #4364 ), #662 ) ;
#4364 = PRESENTATION_STYLE_ASSIGNMENT (( #4365 ) ) ;
#4365 = SURFACE_STYLE_USAGE ( .BOTH. , #4366 ) ;
#4366 = SURFACE_SIDE_STYLE ('',( #4367 ) ) ;
#4367 = SURFACE_STYLE_FILL_AREA ( #4368 ) ;
#4368 = FILL_AREA_STYLE ('',( #4375 ) ) ;
#4369 = COLOUR_RGB ( '',0.7529411764705882200, 0.7529411764705882200, 0.7529411764705882200 ) ;
#4370 = FACE_OUTER_BOUND ( 'NONE', #663, .T. ) ;
#4371 = DIRECTION ( 'NONE',  ( -1.000000000000000000, 0.0000000000000000000, 0.0000000000000000000 ) ) ;
#4372 = VECTOR ( 'NONE', #4371, 1000.000000000000000 ) ;
#4373 = CARTESIAN_POINT ( 'NONE',  ( 5.249999999999999100, 0.5999999999999998700, -4.250000000000000900 ) ) ;
#4374 = LINE ( 'NONE', #4373, #4372 ) ;
#4375 = FILL_AREA_STYLE_COLOUR ( '', #4369 ) ;
#4376 = DIRECTION ( 'NONE',  ( 0.0000000000000000000, -1.000000000000000000, -3.614007241618349300E-016 ) ) ;
#4377 = DIRECTION ( 'NONE',  ( 0.0000000000000000000, -3.614007241618349300E-016, 1.000000000000000000 ) ) ;
#4378 = CARTESIAN_POINT ( 'NONE',  ( 5.249999999999999100, 0.5999999999999998700, -4.250000000000000900 ) ) ;
#4379 = AXIS2_PLACEMENT_3D ( 'NONE', #4378, #4377, #4376 ) ;
#4380 = PLANE ( 'NONE',  #4379 ) ;
#4381 = DIRECTION ( 'NONE',  ( 0.0000000000000000000, 0.0000000000000000000, 1.000000000000000000 ) ) ;
#4382 = DIRECTION ( 'NONE',  ( 0.0000000000000000000, 1.000000000000000000, 0.0000000000000000000 ) ) ;
#4383 = CARTESIAN_POINT ( 'NONE',  ( 5.249999999999999100, 0.0000000000000000000, -2.350000000000001400 ) ) ;
#4384 = AXIS2_PLACEMENT_3D ( 'NONE', #4383, #4382, #4381 ) ;
#4385 = PLANE ( 'NONE',  #4384 ) ;
#4386 =( GEOMETRIC_REPRESENTATION_CONTEXT ( 3 ) GLOBAL_UNCERTAINTY_ASSIGNED_CONTEXT ( ( #4387 ) ) GLOBAL_UNIT_ASSIGNED_CONTEXT ( ( #4390, #4389, #4388 ) ) REPRESENTATION_CONTEXT ( 'NONE', 'WORKASPACE' ) );
#4387 = UNCERTAINTY_MEASURE_WITH_UNIT (LENGTH_MEASURE( 1.000000000000000100E-005 ), #4390, 'distance_accuracy_value', 'NONE');
#4388 =( NAMED_UNIT ( * ) SI_UNIT ( $, .STERADIAN. ) SOLID_ANGLE_UNIT ( ) );
#4389 =( NAMED_UNIT ( * ) PLANE_ANGLE_UNIT ( ) SI_UNIT ( $, .RADIAN. ) );
#4390 =( LENGTH_UNIT ( ) NAMED_UNIT ( * ) SI_UNIT ( .MILLI., .METRE. ) );
#4391 = MECHANICAL_DESIGN_GEOMETRIC_PRESENTATION_REPRESENTATION (  '', ( #4393 ), #4386 ) ;
#4392 = PRESENTATION_LAYER_ASSIGNMENT (  '', '', ( #4393 ) ) ;
#4393 = STYLED_ITEM ( 'NONE', ( #4394 ), #672 ) ;
#4394 = PRESENTATION_STYLE_ASSIGNMENT (( #4395 ) ) ;
#4395 = SURFACE_STYLE_USAGE ( .BOTH. , #4396 ) ;
#4396 = SURFACE_SIDE_STYLE ('',( #4397 ) ) ;
#4397 = SURFACE_STYLE_FILL_AREA ( #4398 ) ;
#4398 = FILL_AREA_STYLE ('',( #4405 ) ) ;
#4399 = COLOUR_RGB ( '',0.7529411764705882200, 0.7529411764705882200, 0.7529411764705882200 ) ;
#4400 = FACE_OUTER_BOUND ( 'NONE', #673, .T. ) ;
#4401 = DIRECTION ( 'NONE',  ( 0.0000000000000000000, 0.0000000000000000000, -1.000000000000000000 ) ) ;
#4402 = VECTOR ( 'NONE', #4401, 1000.000000000000000 ) ;
#4403 = CARTESIAN_POINT ( 'NONE',  ( 4.749999999999999100, 0.0000000000000000000, -2.350000000000001400 ) ) ;
#4404 = LINE ( 'NONE', #4403, #4402 ) ;
#4405 = FILL_AREA_STYLE_COLOUR ( '', #4399 ) ;
#4406 = DIRECTION ( 'NONE',  ( 0.0000000000000000000, 0.0000000000000000000, -1.000000000000000000 ) ) ;
#4407 = DIRECTION ( 'NONE',  ( 0.0000000000000000000, -1.000000000000000000, 0.0000000000000000000 ) ) ;
#4408 = CARTESIAN_POINT ( 'NONE',  ( 5.249999999999999100, 0.5999999999999998700, -2.850000000000001400 ) ) ;
#4409 = AXIS2_PLACEMENT_3D ( 'NONE', #4408, #4407, #4406 ) ;
#4410 = PLANE ( 'NONE',  #4409 ) ;
#4411 =( GEOMETRIC_REPRESENTATION_CONTEXT ( 3 ) GLOBAL_UNCERTAINTY_ASSIGNED_CONTEXT ( ( #4412 ) ) GLOBAL_UNIT_ASSIGNED_CONTEXT ( ( #4415, #4414, #4413 ) ) REPRESENTATION_CONTEXT ( 'NONE', 'WORKASPACE' ) );
#4412 = UNCERTAINTY_MEASURE_WITH_UNIT (LENGTH_MEASURE( 1.000000000000000100E-005 ), #4415, 'distance_accuracy_value', 'NONE');
#4413 =( NAMED_UNIT ( * ) SI_UNIT ( $, .STERADIAN. ) SOLID_ANGLE_UNIT ( ) );
#4414 =( NAMED_UNIT ( * ) PLANE_ANGLE_UNIT ( ) SI_UNIT ( $, .RADIAN. ) );
#4415 =( LENGTH_UNIT ( ) NAMED_UNIT ( * ) SI_UNIT ( .MILLI., .METRE. ) );
#4416 = MECHANICAL_DESIGN_GEOMETRIC_PRESENTATION_REPRESENTATION (  '', ( #4418 ), #4411 ) ;
#4417 = PRESENTATION_LAYER_ASSIGNMENT (  '', '', ( #4418 ) ) ;
#4418 = STYLED_ITEM ( 'NONE', ( #4419 ), #684 ) ;
#4419 = PRESENTATION_STYLE_ASSIGNMENT (( #4420 ) ) ;
#4420 = SURFACE_STYLE_USAGE ( .BOTH. , #4421 ) ;
#4421 = SURFACE_SIDE_STYLE ('',( #4422 ) ) ;
#4422 = SURFACE_STYLE_FILL_AREA ( #4423 ) ;
#4423 = FILL_AREA_STYLE ('',( #4430 ) ) ;
#4424 = COLOUR_RGB ( '',0.7529411764705882200, 0.7529411764705882200, 0.7529411764705882200 ) ;
#4425 = FACE_OUTER_BOUND ( 'NONE', #685, .T. ) ;
#4426 = DIRECTION ( 'NONE',  ( 0.0000000000000000000, 1.000000000000000000, 3.614007241618349300E-016 ) ) ;
#4427 = VECTOR ( 'NONE', #4426, 1000.000000000000000 ) ;
#4428 = CARTESIAN_POINT ( 'NONE',  ( 5.249999999999999100, 0.5999999999999998700, -4.250000000000000900 ) ) ;
#4429 = LINE ( 'NONE', #4428, #4427 ) ;
#4430 = FILL_AREA_STYLE_COLOUR ( '', #4424 ) ;
#4431 = CARTESIAN_POINT ( 'NONE',  ( 5.249999999999999100, 0.0000000000000000000, -4.250000000000001800 ) ) ;
#4432 = DIRECTION ( 'NONE',  ( 0.0000000000000000000, 0.0000000000000000000, -1.000000000000000000 ) ) ;
#4433 = VECTOR ( 'NONE', #4432, 1000.000000000000000 ) ;
#4434 = CARTESIAN_POINT ( 'NONE',  ( 5.249999999999999100, 0.0000000000000000000, -2.350000000000001400 ) ) ;
#4435 = LINE ( 'NONE', #4434, #4433 ) ;
#4436 = DIRECTION ( 'NONE',  ( -1.000000000000000000, 0.0000000000000000000, 0.0000000000000000000 ) ) ;
#4437 = VECTOR ( 'NONE', #4436, 1000.000000000000000 ) ;
#4438 = CARTESIAN_POINT ( 'NONE',  ( 5.249999999999999100, 0.0000000000000000000, -4.250000000000001800 ) ) ;
#4439 = LINE ( 'NONE', #4438, #4437 ) ;
#4440 =( LENGTH_UNIT ( ) NAMED_UNIT ( * ) SI_UNIT ( .MILLI., .METRE. ) );
#4441 = MECHANICAL_DESIGN_GEOMETRIC_PRESENTATION_REPRESENTATION (  '', ( #4443 ), #4495 ) ;
#4442 = PRESENTATION_LAYER_ASSIGNMENT (  '', '', ( #4443 ) ) ;
#4443 = STYLED_ITEM ( 'NONE', ( #4444 ), #697 ) ;
#4444 = PRESENTATION_STYLE_ASSIGNMENT (( #4445 ) ) ;
#4445 = SURFACE_STYLE_USAGE ( .BOTH. , #4446 ) ;
#4446 = SURFACE_SIDE_STYLE ('',( #4447 ) ) ;
#4447 = SURFACE_STYLE_FILL_AREA ( #4448 ) ;
#4448 = FILL_AREA_STYLE ('',( #4455 ) ) ;
#4449 = COLOUR_RGB ( '',0.7529411764705882200, 0.7529411764705882200, 0.7529411764705882200 ) ;
#4450 = FACE_OUTER_BOUND ( 'NONE', #698, .T. ) ;
#4451 = DIRECTION ( 'NONE',  ( 0.0000000000000000000, -1.000000000000000000, -1.445602896647339200E-016 ) ) ;
#4452 = VECTOR ( 'NONE', #4451, 1000.000000000000000 ) ;
#4453 = CARTESIAN_POINT ( 'NONE',  ( 3.249999999999999100, 0.3999999999999993000, -2.602085213965210600E-015 ) ) ;
#4454 = LINE ( 'NONE', #4453, #4452 ) ;
#4455 = FILL_AREA_STYLE_COLOUR ( '', #4449 ) ;
#4456 = DIRECTION ( 'NONE',  ( -1.000000000000000000, 0.0000000000000000000, 0.0000000000000000000 ) ) ;
#4457 = VECTOR ( 'NONE', #4456, 1000.000000000000000 ) ;
#4458 = CARTESIAN_POINT ( 'NONE',  ( 3.249999999999999100, 0.0000000000000000000, -2.350000000000001400 ) ) ;
#4459 = LINE ( 'NONE', #4458, #4457 ) ;
#4460 = CARTESIAN_POINT ( 'NONE',  ( 2.749999999999999100, 0.0000000000000000000, -2.350000000000001400 ) ) ;
#4461 = DIRECTION ( 'NONE',  ( 0.0000000000000000000, -1.000000000000000000, 2.710505431213766000E-016 ) ) ;
#4462 = VECTOR ( 'NONE', #4461, 1000.000000000000000 ) ;
#4463 = CARTESIAN_POINT ( 'NONE',  ( 2.749999999999999100, 0.3999999999999993000, -2.350000000000001400 ) ) ;
#4464 = LINE ( 'NONE', #4463, #4462 ) ;
#4465 = CARTESIAN_POINT ( 'NONE',  ( 3.249999999999999100, 0.0000000000000000000, -2.350000000000001400 ) ) ;
#4466 = DIRECTION ( 'NONE',  ( 0.0000000000000000000, -1.000000000000000000, 2.710505431213766000E-016 ) ) ;
#4467 = VECTOR ( 'NONE', #4466, 1000.000000000000000 ) ;
#4468 = CARTESIAN_POINT ( 'NONE',  ( 3.249999999999999100, 0.3999999999999993000, -2.350000000000001400 ) ) ;
#4469 = LINE ( 'NONE', #4468, #4467 ) ;
#4470 = DIRECTION ( 'NONE',  ( 0.0000000000000000000, 0.0000000000000000000, 1.000000000000000000 ) ) ;
#4471 = DIRECTION ( 'NONE',  ( -1.000000000000000000, 0.0000000000000000000, 0.0000000000000000000 ) ) ;
#4472 = CARTESIAN_POINT ( 'NONE',  ( 4.749999999999999100, 0.3999999999999993000, -2.850000000000001400 ) ) ;
#4473 = AXIS2_PLACEMENT_3D ( 'NONE', #4472, #4471, #4470 ) ;
#4474 = PLANE ( 'NONE',  #4473 ) ;
#4475 = UNCERTAINTY_MEASURE_WITH_UNIT (LENGTH_MEASURE( 1.000000000000000100E-005 ), #4478, 'distance_accuracy_value', 'NONE');
#4476 =( NAMED_UNIT ( * ) SI_UNIT ( $, .STERADIAN. ) SOLID_ANGLE_UNIT ( ) );
#4477 =( NAMED_UNIT ( * ) PLANE_ANGLE_UNIT ( ) SI_UNIT ( $, .RADIAN. ) );
#4478 =( LENGTH_UNIT ( ) NAMED_UNIT ( * ) SI_UNIT ( .MILLI., .METRE. ) );
#4479 = MECHANICAL_DESIGN_GEOMETRIC_PRESENTATION_REPRESENTATION (  '', ( #4481 ), #4525 ) ;
#4480 = PRESENTATION_LAYER_ASSIGNMENT (  '', '', ( #4481 ) ) ;
#4481 = STYLED_ITEM ( 'NONE', ( #4482 ), #703 ) ;
#4482 = PRESENTATION_STYLE_ASSIGNMENT (( #4483 ) ) ;
#4483 = SURFACE_STYLE_USAGE ( .BOTH. , #4484 ) ;
#4484 = SURFACE_SIDE_STYLE ('',( #4485 ) ) ;
#4485 = SURFACE_STYLE_FILL_AREA ( #4486 ) ;
#4486 = FILL_AREA_STYLE ('',( #4493 ) ) ;
#4487 = COLOUR_RGB ( '',0.7529411764705882200, 0.7529411764705882200, 0.7529411764705882200 ) ;
#4488 = FACE_OUTER_BOUND ( 'NONE', #704, .T. ) ;
#4489 = DIRECTION ( 'NONE',  ( 0.0000000000000000000, 1.000000000000000000, 1.445602896647339200E-016 ) ) ;
#4490 = DIRECTION ( 'NONE',  ( 0.0000000000000000000, 1.445602896647339200E-016, -1.000000000000000000 ) ) ;
#4491 = CARTESIAN_POINT ( 'NONE',  ( 3.249999999999999100, 0.3999999999999993000, -2.602085213965210600E-015 ) ) ;
#4492 = AXIS2_PLACEMENT_3D ( 'NONE', #4491, #4490, #4489 ) ;
#4493 = FILL_AREA_STYLE_COLOUR ( '', #4487 ) ;
#4494 = PLANE ( 'NONE',  #4492 ) ;
#4495 =( GEOMETRIC_REPRESENTATION_CONTEXT ( 3 ) GLOBAL_UNCERTAINTY_ASSIGNED_CONTEXT ( ( #4496 ) ) GLOBAL_UNIT_ASSIGNED_CONTEXT ( ( #4440, #4498, #4497 ) ) REPRESENTATION_CONTEXT ( 'NONE', 'WORKASPACE' ) );
#4496 = UNCERTAINTY_MEASURE_WITH_UNIT (LENGTH_MEASURE( 1.000000000000000100E-005 ), #4440, 'distance_accuracy_value', 'NONE');
#4497 =( NAMED_UNIT ( * ) SI_UNIT ( $, .STERADIAN. ) SOLID_ANGLE_UNIT ( ) );
#4498 =( NAMED_UNIT ( * ) PLANE_ANGLE_UNIT ( ) SI_UNIT ( $, .RADIAN. ) );
#4499 = DIRECTION ( 'NONE',  ( 0.0000000000000000000, 0.0000000000000000000, 1.000000000000000000 ) ) ;
#4500 = DIRECTION ( 'NONE',  ( -1.000000000000000000, 0.0000000000000000000, 0.0000000000000000000 ) ) ;
#4501 = CARTESIAN_POINT ( 'NONE',  ( 2.749999999999999100, 0.3999999999999993000, -2.850000000000001400 ) ) ;
#4502 = AXIS2_PLACEMENT_3D ( 'NONE', #4501, #4500, #4499 ) ;
#4503 = PLANE ( 'NONE',  #4502 ) ;
#4504 =( GEOMETRIC_REPRESENTATION_CONTEXT ( 3 ) GLOBAL_UNCERTAINTY_ASSIGNED_CONTEXT ( ( #4505 ) ) GLOBAL_UNIT_ASSIGNED_CONTEXT ( ( #4508, #4507, #4506 ) ) REPRESENTATION_CONTEXT ( 'NONE', 'WORKASPACE' ) );
#4505 = UNCERTAINTY_MEASURE_WITH_UNIT (LENGTH_MEASURE( 1.000000000000000100E-005 ), #4508, 'distance_accuracy_value', 'NONE');
#4506 =( NAMED_UNIT ( * ) SI_UNIT ( $, .STERADIAN. ) SOLID_ANGLE_UNIT ( ) );
#4507 =( NAMED_UNIT ( * ) PLANE_ANGLE_UNIT ( ) SI_UNIT ( $, .RADIAN. ) );
#4508 =( LENGTH_UNIT ( ) NAMED_UNIT ( * ) SI_UNIT ( .MILLI., .METRE. ) );
#4509 = MECHANICAL_DESIGN_GEOMETRIC_PRESENTATION_REPRESENTATION (  '', ( #4511 ), #4504 ) ;
#4510 = PRESENTATION_LAYER_ASSIGNMENT (  '', '', ( #4511 ) ) ;
#4511 = STYLED_ITEM ( 'NONE', ( #4512 ), #706 ) ;
#4512 = PRESENTATION_STYLE_ASSIGNMENT (( #4513 ) ) ;
#4513 = SURFACE_STYLE_USAGE ( .BOTH. , #4514 ) ;
#4514 = SURFACE_SIDE_STYLE ('',( #4515 ) ) ;
#4515 = SURFACE_STYLE_FILL_AREA ( #4516 ) ;
#4516 = FILL_AREA_STYLE ('',( #4523 ) ) ;
#4517 = COLOUR_RGB ( '',0.7529411764705882200, 0.7529411764705882200, 0.7529411764705882200 ) ;
#4518 = FACE_OUTER_BOUND ( 'NONE', #654, .T. ) ;
#4519 = DIRECTION ( 'NONE',  ( 0.0000000000000000000, -1.000000000000000000, -2.502005013428087100E-016 ) ) ;
#4520 = DIRECTION ( 'NONE',  ( 0.0000000000000000000, -2.502005013428087100E-016, 1.000000000000000000 ) ) ;
#4521 = CARTESIAN_POINT ( 'NONE',  ( 3.249999999999999100, 6.399999999999999500, -0.5000000000000017800 ) ) ;
#4522 = AXIS2_PLACEMENT_3D ( 'NONE', #4521, #4520, #4519 ) ;
#4523 = FILL_AREA_STYLE_COLOUR ( '', #4517 ) ;
#4524 = PLANE ( 'NONE',  #4522 ) ;
#4525 =( GEOMETRIC_REPRESENTATION_CONTEXT ( 3 ) GLOBAL_UNCERTAINTY_ASSIGNED_CONTEXT ( ( #4475 ) ) GLOBAL_UNIT_ASSIGNED_CONTEXT ( ( #4478, #4477, #4476 ) ) REPRESENTATION_CONTEXT ( 'NONE', 'WORKASPACE' ) );
#4526 = AXIS2_PLACEMENT_3D ( 'NONE', #4579, #4578, #4577 ) ;
#4527 = PLANE ( 'NONE',  #4526 ) ;
#4528 =( GEOMETRIC_REPRESENTATION_CONTEXT ( 3 ) GLOBAL_UNCERTAINTY_ASSIGNED_CONTEXT ( ( #4529 ) ) GLOBAL_UNIT_ASSIGNED_CONTEXT ( ( #4532, #4531, #4530 ) ) REPRESENTATION_CONTEXT ( 'NONE', 'WORKASPACE' ) );
#4529 = UNCERTAINTY_MEASURE_WITH_UNIT (LENGTH_MEASURE( 1.000000000000000100E-005 ), #4532, 'distance_accuracy_value', 'NONE');
#4530 =( NAMED_UNIT ( * ) SI_UNIT ( $, .STERADIAN. ) SOLID_ANGLE_UNIT ( ) );
#4531 =( NAMED_UNIT ( * ) PLANE_ANGLE_UNIT ( ) SI_UNIT ( $, .RADIAN. ) );
#4532 =( LENGTH_UNIT ( ) NAMED_UNIT ( * ) SI_UNIT ( .MILLI., .METRE. ) );
#4533 = MECHANICAL_DESIGN_GEOMETRIC_PRESENTATION_REPRESENTATION (  '', ( #4535 ), #4528 ) ;
#4534 = PRESENTATION_LAYER_ASSIGNMENT (  '', '', ( #4535 ) ) ;
#4535 = STYLED_ITEM ( 'NONE', ( #4536 ), #713 ) ;
#4536 = PRESENTATION_STYLE_ASSIGNMENT (( #4537 ) ) ;
#4537 = SURFACE_STYLE_USAGE ( .BOTH. , #4538 ) ;
#4538 = SURFACE_SIDE_STYLE ('',( #4539 ) ) ;
#4539 = SURFACE_STYLE_FILL_AREA ( #4540 ) ;
#4540 = FILL_AREA_STYLE ('',( #4547 ) ) ;
#4541 = COLOUR_RGB ( '',0.7529411764705882200, 0.7529411764705882200, 0.7529411764705882200 ) ;
#4542 = FACE_OUTER_BOUND ( 'NONE', #714, .T. ) ;
#4543 = DIRECTION ( 'NONE',  ( 0.0000000000000000000, -1.000000000000000000, -1.445602896647339200E-016 ) ) ;
#4544 = VECTOR ( 'NONE', #4543, 1000.000000000000000 ) ;
#4545 = CARTESIAN_POINT ( 'NONE',  ( 2.749999999999999100, 0.3999999999999993000, -2.602085213965210600E-015 ) ) ;
#4546 = LINE ( 'NONE', #4545, #4544 ) ;
#4547 = FILL_AREA_STYLE_COLOUR ( '', #4541 ) ;
#4548 = DIRECTION ( 'NONE',  ( 0.0000000000000000000, 1.000000000000000000, 2.502005013428087100E-016 ) ) ;
#4549 = VECTOR ( 'NONE', #4548, 1000.000000000000000 ) ;
#4550 = CARTESIAN_POINT ( 'NONE',  ( 2.749999999999999100, 6.399999999999999500, -0.5000000000000017800 ) ) ;
#4551 = LINE ( 'NONE', #4550, #4549 ) ;
#4552 = DIRECTION ( 'NONE',  ( 0.0000000000000000000, 0.0000000000000000000, -1.000000000000000000 ) ) ;
#4553 = DIRECTION ( 'NONE',  ( 0.0000000000000000000, -1.000000000000000000, 0.0000000000000000000 ) ) ;
#4554 = CARTESIAN_POINT ( 'NONE',  ( 3.249999999999999100, 6.399999999999999500, -1.734723475976807100E-015 ) ) ;
#4555 = AXIS2_PLACEMENT_3D ( 'NONE', #4554, #4553, #4552 ) ;
#4556 = PLANE ( 'NONE',  #4555 ) ;
#4557 =( GEOMETRIC_REPRESENTATION_CONTEXT ( 3 ) GLOBAL_UNCERTAINTY_ASSIGNED_CONTEXT ( ( #4558 ) ) GLOBAL_UNIT_ASSIGNED_CONTEXT ( ( #4561, #4560, #4559 ) ) REPRESENTATION_CONTEXT ( 'NONE', 'WORKASPACE' ) );
#4558 = UNCERTAINTY_MEASURE_WITH_UNIT (LENGTH_MEASURE( 1.000000000000000100E-005 ), #4561, 'distance_accuracy_value', 'NONE');
#4559 =( NAMED_UNIT ( * ) SI_UNIT ( $, .STERADIAN. ) SOLID_ANGLE_UNIT ( ) );
#4560 =( NAMED_UNIT ( * ) PLANE_ANGLE_UNIT ( ) SI_UNIT ( $, .RADIAN. ) );
#4561 =( LENGTH_UNIT ( ) NAMED_UNIT ( * ) SI_UNIT ( .MILLI., .METRE. ) );
#4562 = MECHANICAL_DESIGN_GEOMETRIC_PRESENTATION_REPRESENTATION (  '', ( #4564 ), #4557 ) ;
#4563 = PRESENTATION_LAYER_ASSIGNMENT (  '', '', ( #4564 ) ) ;
#4564 = STYLED_ITEM ( 'NONE', ( #4565 ), #719 ) ;
#4565 = PRESENTATION_STYLE_ASSIGNMENT (( #4566 ) ) ;
#4566 = SURFACE_STYLE_USAGE ( .BOTH. , #4567 ) ;
#4567 = SURFACE_SIDE_STYLE ('',( #4568 ) ) ;
#4568 = SURFACE_STYLE_FILL_AREA ( #4569 ) ;
#4569 = FILL_AREA_STYLE ('',( #4576 ) ) ;
#4570 = COLOUR_RGB ( '',0.7529411764705882200, 0.7529411764705882200, 0.7529411764705882200 ) ;
#4571 = FACE_OUTER_BOUND ( 'NONE', #720, .T. ) ;
#4572 = DIRECTION ( 'NONE',  ( 0.0000000000000000000, 1.000000000000000000, 2.502005013428087100E-016 ) ) ;
#4573 = VECTOR ( 'NONE', #4572, 1000.000000000000000 ) ;
#4574 = CARTESIAN_POINT ( 'NONE',  ( 3.249999999999999100, 6.399999999999999500, -0.5000000000000017800 ) ) ;
#4575 = LINE ( 'NONE', #4574, #4573 ) ;
#4576 = FILL_AREA_STYLE_COLOUR ( '', #4570 ) ;
#4577 = DIRECTION ( 'NONE',  ( 0.0000000000000000000, 0.0000000000000000000, 1.000000000000000000 ) ) ;
#4578 = DIRECTION ( 'NONE',  ( -1.000000000000000000, 0.0000000000000000000, 0.0000000000000000000 ) ) ;
#4579 = CARTESIAN_POINT ( 'NONE',  ( 3.249999999999999100, 0.3999999999999993000, -2.850000000000001400 ) ) ;
#4580 = DIRECTION ( 'NONE',  ( 0.0000000000000000000, -1.000000000000000000, -3.614007241618349300E-016 ) ) ;
#4581 = DIRECTION ( 'NONE',  ( 0.0000000000000000000, -3.614007241618349300E-016, 1.000000000000000000 ) ) ;
#4582 = CARTESIAN_POINT ( 'NONE',  ( 3.249999999999999100, 0.5999999999999998700, -4.250000000000000900 ) ) ;
#4583 = AXIS2_PLACEMENT_3D ( 'NONE', #4582, #4581, #4580 ) ;
#4584 = PLANE ( 'NONE',  #4583 ) ;
#4585 =( GEOMETRIC_REPRESENTATION_CONTEXT ( 3 ) GLOBAL_UNCERTAINTY_ASSIGNED_CONTEXT ( ( #4586 ) ) GLOBAL_UNIT_ASSIGNED_CONTEXT ( ( #4589, #4588, #4587 ) ) REPRESENTATION_CONTEXT ( 'NONE', 'WORKASPACE' ) );
#4586 = UNCERTAINTY_MEASURE_WITH_UNIT (LENGTH_MEASURE( 1.000000000000000100E-005 ), #4589, 'distance_accuracy_value', 'NONE');
#4587 =( NAMED_UNIT ( * ) SI_UNIT ( $, .STERADIAN. ) SOLID_ANGLE_UNIT ( ) );
#4588 =( NAMED_UNIT ( * ) PLANE_ANGLE_UNIT ( ) SI_UNIT ( $, .RADIAN. ) );
#4589 =( LENGTH_UNIT ( ) NAMED_UNIT ( * ) SI_UNIT ( .MILLI., .METRE. ) );
#4590 = MECHANICAL_DESIGN_GEOMETRIC_PRESENTATION_REPRESENTATION (  '', ( #4592 ), #4585 ) ;
#4591 = PRESENTATION_LAYER_ASSIGNMENT (  '', '', ( #4592 ) ) ;
#4592 = STYLED_ITEM ( 'NONE', ( #4593 ), #728 ) ;
#4593 = PRESENTATION_STYLE_ASSIGNMENT (( #4594 ) ) ;
#4594 = SURFACE_STYLE_USAGE ( .BOTH. , #4595 ) ;
#4595 = SURFACE_SIDE_STYLE ('',( #4596 ) ) ;
#4596 = SURFACE_STYLE_FILL_AREA ( #4597 ) ;
#4597 = FILL_AREA_STYLE ('',( #4604 ) ) ;
#4598 = COLOUR_RGB ( '',0.7529411764705882200, 0.7529411764705882200, 0.7529411764705882200 ) ;
#4599 = FACE_OUTER_BOUND ( 'NONE', #729, .T. ) ;
#4600 = DIRECTION ( 'NONE',  ( -1.000000000000000000, 0.0000000000000000000, 0.0000000000000000000 ) ) ;
#4601 = VECTOR ( 'NONE', #4600, 1000.000000000000000 ) ;
#4602 = CARTESIAN_POINT ( 'NONE',  ( 3.249999999999999100, 6.399999999999999500, -1.734723475976807100E-015 ) ) ;
#4603 = LINE ( 'NONE', #4602, #4601 ) ;
#4604 = FILL_AREA_STYLE_COLOUR ( '', #4598 ) ;
#4605 = CARTESIAN_POINT ( 'NONE',  ( 2.749999999999999100, 6.399999999999999500, -1.734723475976807100E-015 ) ) ;
#4606 = CARTESIAN_POINT ( 'NONE',  ( 2.749999999999999100, 6.399999999999999500, -0.5000000000000017800 ) ) ;
#4607 = DIRECTION ( 'NONE',  ( 0.0000000000000000000, 0.0000000000000000000, 1.000000000000000000 ) ) ;
#4608 = VECTOR ( 'NONE', #4607, 1000.000000000000000 ) ;
#4609 = CARTESIAN_POINT ( 'NONE',  ( 2.749999999999999100, 6.399999999999999500, -1.734723475976807100E-015 ) ) ;
#4610 = LINE ( 'NONE', #4609, #4608 ) ;
#4611 = VECTOR ( 'NONE', #4666, 1000.000000000000000 ) ;
#4612 = CARTESIAN_POINT ( 'NONE',  ( 2.749999999999999100, 0.5999999999999998700, -2.850000000000001400 ) ) ;
#4613 = LINE ( 'NONE', #4612, #4611 ) ;
#4614 = DIRECTION ( 'NONE',  ( 0.0000000000000000000, 0.0000000000000000000, 1.000000000000000000 ) ) ;
#4615 = DIRECTION ( 'NONE',  ( -1.000000000000000000, 0.0000000000000000000, 0.0000000000000000000 ) ) ;
#4616 = CARTESIAN_POINT ( 'NONE',  ( 2.749999999999999100, 0.3999999999999993000, -2.850000000000001400 ) ) ;
#4617 = AXIS2_PLACEMENT_3D ( 'NONE', #4616, #4615, #4614 ) ;
#4618 = PLANE ( 'NONE',  #4617 ) ;
#4619 =( GEOMETRIC_REPRESENTATION_CONTEXT ( 3 ) GLOBAL_UNCERTAINTY_ASSIGNED_CONTEXT ( ( #4620 ) ) GLOBAL_UNIT_ASSIGNED_CONTEXT ( ( #4623, #4622, #4621 ) ) REPRESENTATION_CONTEXT ( 'NONE', 'WORKASPACE' ) );
#4620 = UNCERTAINTY_MEASURE_WITH_UNIT (LENGTH_MEASURE( 1.000000000000000100E-005 ), #4623, 'distance_accuracy_value', 'NONE');
#4621 =( NAMED_UNIT ( * ) SI_UNIT ( $, .STERADIAN. ) SOLID_ANGLE_UNIT ( ) );
#4622 =( NAMED_UNIT ( * ) PLANE_ANGLE_UNIT ( ) SI_UNIT ( $, .RADIAN. ) );
#4623 =( LENGTH_UNIT ( ) NAMED_UNIT ( * ) SI_UNIT ( .MILLI., .METRE. ) );
#4624 = MECHANICAL_DESIGN_GEOMETRIC_PRESENTATION_REPRESENTATION (  '', ( #4626 ), #4619 ) ;
#4625 = PRESENTATION_LAYER_ASSIGNMENT (  '', '', ( #4626 ) ) ;
#4626 = STYLED_ITEM ( 'NONE', ( #4627 ), #733 ) ;
#4627 = PRESENTATION_STYLE_ASSIGNMENT (( #4628 ) ) ;
#4628 = SURFACE_STYLE_USAGE ( .BOTH. , #4629 ) ;
#4629 = SURFACE_SIDE_STYLE ('',( #4630 ) ) ;
#4630 = SURFACE_STYLE_FILL_AREA ( #4631 ) ;
#4631 = FILL_AREA_STYLE ('',( #4638 ) ) ;
#4632 = COLOUR_RGB ( '',0.7529411764705882200, 0.7529411764705882200, 0.7529411764705882200 ) ;
#4633 = FACE_OUTER_BOUND ( 'NONE', #734, .T. ) ;
#4634 = DIRECTION ( 'NONE',  ( -1.000000000000000000, 0.0000000000000000000, 0.0000000000000000000 ) ) ;
#4635 = VECTOR ( 'NONE', #4634, 1000.000000000000000 ) ;
#4636 = CARTESIAN_POINT ( 'NONE',  ( 3.249999999999999100, 0.5999999999999998700, -4.250000000000000900 ) ) ;
#4637 = LINE ( 'NONE', #4636, #4635 ) ;
#4638 = FILL_AREA_STYLE_COLOUR ( '', #4632 ) ;
#4639 =( LENGTH_UNIT ( ) NAMED_UNIT ( * ) SI_UNIT ( .MILLI., .METRE. ) );
#4640 =( GEOMETRIC_REPRESENTATION_CONTEXT ( 3 ) GLOBAL_UNCERTAINTY_ASSIGNED_CONTEXT ( ( #4641 ) ) GLOBAL_UNIT_ASSIGNED_CONTEXT ( ( #4644, #4643, #4642 ) ) REPRESENTATION_CONTEXT ( 'NONE', 'WORKASPACE' ) );
#4641 = UNCERTAINTY_MEASURE_WITH_UNIT (LENGTH_MEASURE( 1.000000000000000100E-005 ), #4644, 'distance_accuracy_value', 'NONE');
#4642 =( NAMED_UNIT ( * ) SI_UNIT ( $, .STERADIAN. ) SOLID_ANGLE_UNIT ( ) );
#4643 =( NAMED_UNIT ( * ) PLANE_ANGLE_UNIT ( ) SI_UNIT ( $, .RADIAN. ) );
#4644 =( LENGTH_UNIT ( ) NAMED_UNIT ( * ) SI_UNIT ( .MILLI., .METRE. ) );
#4645 = MECHANICAL_DESIGN_GEOMETRIC_PRESENTATION_REPRESENTATION (  '', ( #4647 ), #4640 ) ;
#4646 = PRESENTATION_LAYER_ASSIGNMENT (  '', '', ( #4647 ) ) ;
#4647 = STYLED_ITEM ( 'NONE', ( #4648 ), #747 ) ;
#4648 = PRESENTATION_STYLE_ASSIGNMENT (( #4649 ) ) ;
#4649 = SURFACE_STYLE_USAGE ( .BOTH. , #4650 ) ;
#4650 = SURFACE_SIDE_STYLE ('',( #4651 ) ) ;
#4651 = SURFACE_STYLE_FILL_AREA ( #4652 ) ;
#4652 = FILL_AREA_STYLE ('',( #4659 ) ) ;
#4653 = COLOUR_RGB ( '',0.7529411764705882200, 0.7529411764705882200, 0.7529411764705882200 ) ;
#4654 = FACE_OUTER_BOUND ( 'NONE', #748, .T. ) ;
#4655 = DIRECTION ( 'NONE',  ( 0.0000000000000000000, 0.0000000000000000000, -1.000000000000000000 ) ) ;
#4656 = VECTOR ( 'NONE', #4655, 1000.000000000000000 ) ;
#4657 = CARTESIAN_POINT ( 'NONE',  ( 2.749999999999999100, 0.0000000000000000000, -2.350000000000001400 ) ) ;
#4658 = LINE ( 'NONE', #4657, #4656 ) ;
#4659 = FILL_AREA_STYLE_COLOUR ( '', #4653 ) ;
#4660 = CARTESIAN_POINT ( 'NONE',  ( 2.749999999999999100, 0.0000000000000000000, -4.250000000000001800 ) ) ;
#4661 = DIRECTION ( 'NONE',  ( 0.0000000000000000000, 1.000000000000000000, 3.614007241618349300E-016 ) ) ;
#4662 = VECTOR ( 'NONE', #4661, 1000.000000000000000 ) ;
#4663 = CARTESIAN_POINT ( 'NONE',  ( 2.749999999999999100, 0.5999999999999998700, -4.250000000000000900 ) ) ;
#4664 = LINE ( 'NONE', #4663, #4662 ) ;
#4665 = CARTESIAN_POINT ( 'NONE',  ( 2.749999999999999100, 0.5999999999999998700, -4.250000000000000900 ) ) ;
#4666 = DIRECTION ( 'NONE',  ( 0.0000000000000000000, 0.0000000000000000000, 1.000000000000000000 ) ) ;
#4667 = UNCERTAINTY_MEASURE_WITH_UNIT (LENGTH_MEASURE( 1.000000000000000100E-005 ), #4670, 'distance_accuracy_value', 'NONE');
#4668 =( NAMED_UNIT ( * ) SI_UNIT ( $, .STERADIAN. ) SOLID_ANGLE_UNIT ( ) );
#4669 =( NAMED_UNIT ( * ) PLANE_ANGLE_UNIT ( ) SI_UNIT ( $, .RADIAN. ) );
#4670 =( LENGTH_UNIT ( ) NAMED_UNIT ( * ) SI_UNIT ( .MILLI., .METRE. ) );
#4671 = MECHANICAL_DESIGN_GEOMETRIC_PRESENTATION_REPRESENTATION (  '', ( #4673 ), #4728 ) ;
#4672 = PRESENTATION_LAYER_ASSIGNMENT (  '', '', ( #4673 ) ) ;
#4673 = STYLED_ITEM ( 'NONE', ( #4674 ), #763 ) ;
#4674 = PRESENTATION_STYLE_ASSIGNMENT (( #4675 ) ) ;
#4675 = SURFACE_STYLE_USAGE ( .BOTH. , #4676 ) ;
#4676 = SURFACE_SIDE_STYLE ('',( #4677 ) ) ;
#4677 = SURFACE_STYLE_FILL_AREA ( #4678 ) ;
#4678 = FILL_AREA_STYLE ('',( #4685 ) ) ;
#4679 = COLOUR_RGB ( '',0.7529411764705882200, 0.7529411764705882200, 0.7529411764705882200 ) ;
#4680 = FACE_OUTER_BOUND ( 'NONE', #764, .T. ) ;
#4681 = DIRECTION ( 'NONE',  ( 0.0000000000000000000, 1.000000000000000000, 3.614007241618349300E-016 ) ) ;
#4682 = VECTOR ( 'NONE', #4681, 1000.000000000000000 ) ;
#4683 = CARTESIAN_POINT ( 'NONE',  ( 3.249999999999999100, 0.5999999999999998700, -4.250000000000000900 ) ) ;
#4684 = LINE ( 'NONE', #4683, #4682 ) ;
#4685 = FILL_AREA_STYLE_COLOUR ( '', #4679 ) ;
#4686 = CARTESIAN_POINT ( 'NONE',  ( 3.249999999999999100, 0.0000000000000000000, -4.250000000000001800 ) ) ;
#4687 = DIRECTION ( 'NONE',  ( 0.0000000000000000000, 0.0000000000000000000, -1.000000000000000000 ) ) ;
#4688 = VECTOR ( 'NONE', #4687, 1000.000000000000000 ) ;
#4689 = CARTESIAN_POINT ( 'NONE',  ( 3.249999999999999100, 0.0000000000000000000, -2.350000000000001400 ) ) ;
#4690 = LINE ( 'NONE', #4689, #4688 ) ;
#4691 = CARTESIAN_POINT ( 'NONE',  ( 3.249999999999999100, 0.5999999999999998700, -4.250000000000000900 ) ) ;
#4692 = DIRECTION ( 'NONE',  ( 0.0000000000000000000, 0.0000000000000000000, 1.000000000000000000 ) ) ;
#4693 = VECTOR ( 'NONE', #4692, 1000.000000000000000 ) ;
#4694 = CARTESIAN_POINT ( 'NONE',  ( 3.249999999999999100, 0.5999999999999998700, -2.850000000000001400 ) ) ;
#4695 = LINE ( 'NONE', #4694, #4693 ) ;
#4696 = DIRECTION ( 'NONE',  ( 0.0000000000000000000, 0.0000000000000000000, 1.000000000000000000 ) ) ;
#4697 = DIRECTION ( 'NONE',  ( -1.000000000000000000, 0.0000000000000000000, 0.0000000000000000000 ) ) ;
#4698 = CARTESIAN_POINT ( 'NONE',  ( 3.249999999999999100, 0.3999999999999993000, -2.850000000000001400 ) ) ;
#4699 = AXIS2_PLACEMENT_3D ( 'NONE', #4698, #4697, #4696 ) ;
#4700 = PLANE ( 'NONE',  #4699 ) ;
#4701 =( NAMED_UNIT ( * ) SI_UNIT ( $, .STERADIAN. ) SOLID_ANGLE_UNIT ( ) );
#4702 =( NAMED_UNIT ( * ) PLANE_ANGLE_UNIT ( ) SI_UNIT ( $, .RADIAN. ) );
#4703 =( LENGTH_UNIT ( ) NAMED_UNIT ( * ) SI_UNIT ( .MILLI., .METRE. ) );
#4704 = MECHANICAL_DESIGN_GEOMETRIC_PRESENTATION_REPRESENTATION (  '', ( #4706 ), #4759 ) ;
#4705 = PRESENTATION_LAYER_ASSIGNMENT (  '', '', ( #4706 ) ) ;
#4706 = STYLED_ITEM ( 'NONE', ( #4707 ), #771 ) ;
#4707 = PRESENTATION_STYLE_ASSIGNMENT (( #4708 ) ) ;
#4708 = SURFACE_STYLE_USAGE ( .BOTH. , #4709 ) ;
#4709 = SURFACE_SIDE_STYLE ('',( #4710 ) ) ;
#4710 = SURFACE_STYLE_FILL_AREA ( #4711 ) ;
#4711 = FILL_AREA_STYLE ('',( #4718 ) ) ;
#4712 = COLOUR_RGB ( '',0.7529411764705882200, 0.7529411764705882200, 0.7529411764705882200 ) ;
#4713 = FACE_OUTER_BOUND ( 'NONE', #772, .T. ) ;
#4714 = DIRECTION ( 'NONE',  ( 0.0000000000000000000, -1.000000000000000000, -1.445602896647339200E-016 ) ) ;
#4715 = VECTOR ( 'NONE', #4714, 1000.000000000000000 ) ;
#4716 = CARTESIAN_POINT ( 'NONE',  ( 1.249999999999999100, 0.3999999999999993000, -2.602085213965210600E-015 ) ) ;
#4717 = LINE ( 'NONE', #4716, #4715 ) ;
#4718 = FILL_AREA_STYLE_COLOUR ( '', #4712 ) ;
#4719 = DIRECTION ( 'NONE',  ( 0.0000000000000000000, 1.000000000000000000, 2.502005013428087100E-016 ) ) ;
#4720 = VECTOR ( 'NONE', #4719, 1000.000000000000000 ) ;
#4721 = CARTESIAN_POINT ( 'NONE',  ( 1.249999999999999100, 6.399999999999999500, -0.5000000000000017800 ) ) ;
#4722 = LINE ( 'NONE', #4721, #4720 ) ;
#4723 = DIRECTION ( 'NONE',  ( 0.0000000000000000000, 1.000000000000000000, -2.710505431213766000E-016 ) ) ;
#4724 = DIRECTION ( 'NONE',  ( 0.0000000000000000000, -2.710505431213766000E-016, -1.000000000000000000 ) ) ;
#4725 = CARTESIAN_POINT ( 'NONE',  ( 3.249999999999999100, 0.3999999999999993000, -2.350000000000001400 ) ) ;
#4726 = AXIS2_PLACEMENT_3D ( 'NONE', #4725, #4724, #4723 ) ;
#4727 = PLANE ( 'NONE',  #4726 ) ;
#4728 =( GEOMETRIC_REPRESENTATION_CONTEXT ( 3 ) GLOBAL_UNCERTAINTY_ASSIGNED_CONTEXT ( ( #4667 ) ) GLOBAL_UNIT_ASSIGNED_CONTEXT ( ( #4670, #4669, #4668 ) ) REPRESENTATION_CONTEXT ( 'NONE', 'WORKASPACE' ) );
#4729 = MECHANICAL_DESIGN_GEOMETRIC_PRESENTATION_REPRESENTATION (  '', ( #4731 ), #4783 ) ;
#4730 = PRESENTATION_LAYER_ASSIGNMENT (  '', '', ( #4731 ) ) ;
#4731 = STYLED_ITEM ( 'NONE', ( #4732 ), #782 ) ;
#4732 = PRESENTATION_STYLE_ASSIGNMENT (( #4733 ) ) ;
#4733 = SURFACE_STYLE_USAGE ( .BOTH. , #4734 ) ;
#4734 = SURFACE_SIDE_STYLE ('',( #4735 ) ) ;
#4735 = SURFACE_STYLE_FILL_AREA ( #4736 ) ;
#4736 = FILL_AREA_STYLE ('',( #4743 ) ) ;
#4737 = COLOUR_RGB ( '',0.7529411764705882200, 0.7529411764705882200, 0.7529411764705882200 ) ;
#4738 = FACE_OUTER_BOUND ( 'NONE', #783, .T. ) ;
#4739 = DIRECTION ( 'NONE',  ( -1.000000000000000000, 0.0000000000000000000, 0.0000000000000000000 ) ) ;
#4740 = VECTOR ( 'NONE', #4739, 1000.000000000000000 ) ;
#4741 = CARTESIAN_POINT ( 'NONE',  ( 1.249999999999999100, 6.399999999999999500, -0.5000000000000017800 ) ) ;
#4742 = LINE ( 'NONE', #4741, #4740 ) ;
#4743 = FILL_AREA_STYLE_COLOUR ( '', #4737 ) ;
#4744 = CARTESIAN_POINT ( 'NONE',  ( 1.249999999999999100, 6.399999999999999500, -0.5000000000000017800 ) ) ;
#4745 = DIRECTION ( 'NONE',  ( 0.0000000000000000000, 0.0000000000000000000, 1.000000000000000000 ) ) ;
#4746 = VECTOR ( 'NONE', #4745, 1000.000000000000000 ) ;
#4747 = CARTESIAN_POINT ( 'NONE',  ( 1.249999999999999100, 6.399999999999999500, -1.734723475976807100E-015 ) ) ;
#4748 = LINE ( 'NONE', #4747, #4746 ) ;
#4749 = CARTESIAN_POINT ( 'NONE',  ( 1.249999999999999100, 6.399999999999999500, -1.734723475976807100E-015 ) ) ;
#4750 = DIRECTION ( 'NONE',  ( -1.000000000000000000, 0.0000000000000000000, 0.0000000000000000000 ) ) ;
#4751 = VECTOR ( 'NONE', #4750, 1000.000000000000000 ) ;
#4752 = CARTESIAN_POINT ( 'NONE',  ( 1.249999999999999100, 6.399999999999999500, -1.734723475976807100E-015 ) ) ;
#4753 = LINE ( 'NONE', #4752, #4751 ) ;
#4754 = DIRECTION ( 'NONE',  ( 0.0000000000000000000, 1.000000000000000000, 1.445602896647339200E-016 ) ) ;
#4755 = DIRECTION ( 'NONE',  ( 0.0000000000000000000, 1.445602896647339200E-016, -1.000000000000000000 ) ) ;
#4756 = CARTESIAN_POINT ( 'NONE',  ( 1.249999999999999100, 0.3999999999999993000, -2.602085213965210600E-015 ) ) ;
#4757 = AXIS2_PLACEMENT_3D ( 'NONE', #4756, #4755, #4754 ) ;
#4758 = PLANE ( 'NONE',  #4757 ) ;
#4759 =( GEOMETRIC_REPRESENTATION_CONTEXT ( 3 ) GLOBAL_UNCERTAINTY_ASSIGNED_CONTEXT ( ( #4760 ) ) GLOBAL_UNIT_ASSIGNED_CONTEXT ( ( #4703, #4702, #4701 ) ) REPRESENTATION_CONTEXT ( 'NONE', 'WORKASPACE' ) );
#4760 = UNCERTAINTY_MEASURE_WITH_UNIT (LENGTH_MEASURE( 1.000000000000000100E-005 ), #4703, 'distance_accuracy_value', 'NONE');
#4761 =( NAMED_UNIT ( * ) PLANE_ANGLE_UNIT ( ) SI_UNIT ( $, .RADIAN. ) );
#4762 =( LENGTH_UNIT ( ) NAMED_UNIT ( * ) SI_UNIT ( .MILLI., .METRE. ) );
#4763 = MECHANICAL_DESIGN_GEOMETRIC_PRESENTATION_REPRESENTATION (  '', ( #4765 ), #4808 ) ;
#4764 = PRESENTATION_LAYER_ASSIGNMENT (  '', '', ( #4765 ) ) ;
#4765 = STYLED_ITEM ( 'NONE', ( #4766 ), #789 ) ;
#4766 = PRESENTATION_STYLE_ASSIGNMENT (( #4767 ) ) ;
#4767 = SURFACE_STYLE_USAGE ( .BOTH. , #4768 ) ;
#4768 = SURFACE_SIDE_STYLE ('',( #4769 ) ) ;
#4769 = SURFACE_STYLE_FILL_AREA ( #4770 ) ;
#4770 = FILL_AREA_STYLE ('',( #4777 ) ) ;
#4771 = COLOUR_RGB ( '',0.7529411764705882200, 0.7529411764705882200, 0.7529411764705882200 ) ;
#4772 = FACE_OUTER_BOUND ( 'NONE', #790, .T. ) ;
#4773 = DIRECTION ( 'NONE',  ( 0.0000000000000000000, 1.000000000000000000, 2.502005013428087100E-016 ) ) ;
#4774 = VECTOR ( 'NONE', #4773, 1000.000000000000000 ) ;
#4775 = CARTESIAN_POINT ( 'NONE',  ( 0.7499999999999991100, 6.399999999999999500, -0.5000000000000017800 ) ) ;
#4776 = LINE ( 'NONE', #4775, #4774 ) ;
#4777 = FILL_AREA_STYLE_COLOUR ( '', #4771 ) ;
#4778 = DIRECTION ( 'NONE',  ( 0.0000000000000000000, 0.0000000000000000000, 1.000000000000000000 ) ) ;
#4779 = DIRECTION ( 'NONE',  ( -1.000000000000000000, 0.0000000000000000000, 0.0000000000000000000 ) ) ;
#4780 = CARTESIAN_POINT ( 'NONE',  ( 0.7499999999999991100, 0.3999999999999993000, -2.850000000000001400 ) ) ;
#4781 = AXIS2_PLACEMENT_3D ( 'NONE', #4780, #4779, #4778 ) ;
#4782 = PLANE ( 'NONE',  #4781 ) ;
#4783 =( GEOMETRIC_REPRESENTATION_CONTEXT ( 3 ) GLOBAL_UNCERTAINTY_ASSIGNED_CONTEXT ( ( #4784 ) ) GLOBAL_UNIT_ASSIGNED_CONTEXT ( ( #4787, #4786, #4785 ) ) REPRESENTATION_CONTEXT ( 'NONE', 'WORKASPACE' ) );
#4784 = UNCERTAINTY_MEASURE_WITH_UNIT (LENGTH_MEASURE( 1.000000000000000100E-005 ), #4787, 'distance_accuracy_value', 'NONE');
#4785 =( NAMED_UNIT ( * ) SI_UNIT ( $, .STERADIAN. ) SOLID_ANGLE_UNIT ( ) );
#4786 =( NAMED_UNIT ( * ) PLANE_ANGLE_UNIT ( ) SI_UNIT ( $, .RADIAN. ) );
#4787 =( LENGTH_UNIT ( ) NAMED_UNIT ( * ) SI_UNIT ( .MILLI., .METRE. ) );
#4788 = UNCERTAINTY_MEASURE_WITH_UNIT (LENGTH_MEASURE( 1.000000000000000100E-005 ), #4791, 'distance_accuracy_value', 'NONE');
#4789 =( NAMED_UNIT ( * ) SI_UNIT ( $, .STERADIAN. ) SOLID_ANGLE_UNIT ( ) );
#4790 =( NAMED_UNIT ( * ) PLANE_ANGLE_UNIT ( ) SI_UNIT ( $, .RADIAN. ) );
#4791 =( LENGTH_UNIT ( ) NAMED_UNIT ( * ) SI_UNIT ( .MILLI., .METRE. ) );
#4792 = MECHANICAL_DESIGN_GEOMETRIC_PRESENTATION_REPRESENTATION (  '', ( #4794 ), #4838 ) ;
#4793 = PRESENTATION_LAYER_ASSIGNMENT (  '', '', ( #4794 ) ) ;
#4794 = STYLED_ITEM ( 'NONE', ( #4795 ), #795 ) ;
#4795 = PRESENTATION_STYLE_ASSIGNMENT (( #4796 ) ) ;
#4796 = SURFACE_STYLE_USAGE ( .BOTH. , #4797 ) ;
#4797 = SURFACE_SIDE_STYLE ('',( #4798 ) ) ;
#4798 = SURFACE_STYLE_FILL_AREA ( #4799 ) ;
#4799 = FILL_AREA_STYLE ('',( #4806 ) ) ;
#4800 = COLOUR_RGB ( '',0.7529411764705882200, 0.7529411764705882200, 0.7529411764705882200 ) ;
#4801 = FACE_OUTER_BOUND ( 'NONE', #796, .T. ) ;
#4802 = DIRECTION ( 'NONE',  ( 0.0000000000000000000, 0.0000000000000000000, -1.000000000000000000 ) ) ;
#4803 = DIRECTION ( 'NONE',  ( 0.0000000000000000000, -1.000000000000000000, 0.0000000000000000000 ) ) ;
#4804 = CARTESIAN_POINT ( 'NONE',  ( 3.249999999999999100, 0.5999999999999998700, -2.850000000000001400 ) ) ;
#4805 = AXIS2_PLACEMENT_3D ( 'NONE', #4804, #4803, #4802 ) ;
#4806 = FILL_AREA_STYLE_COLOUR ( '', #4800 ) ;
#4807 = PLANE ( 'NONE',  #4805 ) ;
#4808 =( GEOMETRIC_REPRESENTATION_CONTEXT ( 3 ) GLOBAL_UNCERTAINTY_ASSIGNED_CONTEXT ( ( #4809 ) ) GLOBAL_UNIT_ASSIGNED_CONTEXT ( ( #4762, #4761, #4810 ) ) REPRESENTATION_CONTEXT ( 'NONE', 'WORKASPACE' ) );
#4809 = UNCERTAINTY_MEASURE_WITH_UNIT (LENGTH_MEASURE( 1.000000000000000100E-005 ), #4762, 'distance_accuracy_value', 'NONE');
#4810 =( NAMED_UNIT ( * ) SI_UNIT ( $, .STERADIAN. ) SOLID_ANGLE_UNIT ( ) );
#4811 =( GEOMETRIC_REPRESENTATION_CONTEXT ( 3 ) GLOBAL_UNCERTAINTY_ASSIGNED_CONTEXT ( ( #4812 ) ) GLOBAL_UNIT_ASSIGNED_CONTEXT ( ( #4815, #4814, #4813 ) ) REPRESENTATION_CONTEXT ( 'NONE', 'WORKASPACE' ) );
#4812 = UNCERTAINTY_MEASURE_WITH_UNIT (LENGTH_MEASURE( 1.000000000000000100E-005 ), #4815, 'distance_accuracy_value', 'NONE');
#4813 =( NAMED_UNIT ( * ) SI_UNIT ( $, .STERADIAN. ) SOLID_ANGLE_UNIT ( ) );
#4814 =( NAMED_UNIT ( * ) PLANE_ANGLE_UNIT ( ) SI_UNIT ( $, .RADIAN. ) );
#4815 =( LENGTH_UNIT ( ) NAMED_UNIT ( * ) SI_UNIT ( .MILLI., .METRE. ) );
#4816 = MECHANICAL_DESIGN_GEOMETRIC_PRESENTATION_REPRESENTATION (  '', ( #4818 ), #4811 ) ;
#4817 = PRESENTATION_LAYER_ASSIGNMENT (  '', '', ( #4818 ) ) ;
#4818 = STYLED_ITEM ( 'NONE', ( #4819 ), #801 ) ;
#4819 = PRESENTATION_STYLE_ASSIGNMENT (( #4820 ) ) ;
#4820 = SURFACE_STYLE_USAGE ( .BOTH. , #4821 ) ;
#4821 = SURFACE_SIDE_STYLE ('',( #4822 ) ) ;
#4822 = SURFACE_STYLE_FILL_AREA ( #4823 ) ;
#4823 = FILL_AREA_STYLE ('',( #4824 ) ) ;
#4824 = FILL_AREA_STYLE_COLOUR ( '', #4825 ) ;
#4825 = COLOUR_RGB ( '',0.7529411764705882200, 0.7529411764705882200, 0.7529411764705882200 ) ;
#4826 = FACE_OUTER_BOUND ( 'NONE', #746, .T. ) ;
#4827 = CARTESIAN_POINT ( 'NONE',  ( 0.7499999999999991100, 6.399999999999999500, -1.734723475976807100E-015 ) ) ;
#4828 = CARTESIAN_POINT ( 'NONE',  ( 0.7499999999999991100, 6.399999999999999500, -0.5000000000000017800 ) ) ;
#4829 = DIRECTION ( 'NONE',  ( 0.0000000000000000000, 0.0000000000000000000, 1.000000000000000000 ) ) ;
#4830 = VECTOR ( 'NONE', #4829, 1000.000000000000000 ) ;
#4831 = CARTESIAN_POINT ( 'NONE',  ( 0.7499999999999991100, 6.399999999999999500, -1.734723475976807100E-015 ) ) ;
#4832 = LINE ( 'NONE', #4831, #4830 ) ;
#4833 = DIRECTION ( 'NONE',  ( 0.0000000000000000000, 0.0000000000000000000, -1.000000000000000000 ) ) ;
#4834 = DIRECTION ( 'NONE',  ( 0.0000000000000000000, -1.000000000000000000, 0.0000000000000000000 ) ) ;
#4835 = CARTESIAN_POINT ( 'NONE',  ( 1.249999999999999100, 6.399999999999999500, -1.734723475976807100E-015 ) ) ;
#4836 = AXIS2_PLACEMENT_3D ( 'NONE', #4835, #4834, #4833 ) ;
#4837 = PLANE ( 'NONE',  #4836 ) ;
#4838 =( GEOMETRIC_REPRESENTATION_CONTEXT ( 3 ) GLOBAL_UNCERTAINTY_ASSIGNED_CONTEXT ( ( #4788 ) ) GLOBAL_UNIT_ASSIGNED_CONTEXT ( ( #4791, #4790, #4789 ) ) REPRESENTATION_CONTEXT ( 'NONE', 'WORKASPACE' ) );
#4839 =( GEOMETRIC_REPRESENTATION_CONTEXT ( 3 ) GLOBAL_UNCERTAINTY_ASSIGNED_CONTEXT ( ( #4840 ) ) GLOBAL_UNIT_ASSIGNED_CONTEXT ( ( #4843, #4842, #4841 ) ) REPRESENTATION_CONTEXT ( 'NONE', 'WORKASPACE' ) );
#4840 = UNCERTAINTY_MEASURE_WITH_UNIT (LENGTH_MEASURE( 1.000000000000000100E-005 ), #4843, 'distance_accuracy_value', 'NONE');
#4841 =( NAMED_UNIT ( * ) SI_UNIT ( $, .STERADIAN. ) SOLID_ANGLE_UNIT ( ) );
#4842 =( NAMED_UNIT ( * ) PLANE_ANGLE_UNIT ( ) SI_UNIT ( $, .RADIAN. ) );
#4843 =( LENGTH_UNIT ( ) NAMED_UNIT ( * ) SI_UNIT ( .MILLI., .METRE. ) );
#4844 = MECHANICAL_DESIGN_GEOMETRIC_PRESENTATION_REPRESENTATION (  '', ( #4846 ), #4839 ) ;
#4845 = PRESENTATION_LAYER_ASSIGNMENT (  '', '', ( #4846 ) ) ;
#4846 = STYLED_ITEM ( 'NONE', ( #4847 ), #807 ) ;
#4847 = PRESENTATION_STYLE_ASSIGNMENT (( #4848 ) ) ;
#4848 = SURFACE_STYLE_USAGE ( .BOTH. , #4849 ) ;
#4849 = SURFACE_SIDE_STYLE ('',( #4850 ) ) ;
#4850 = SURFACE_STYLE_FILL_AREA ( #4851 ) ;
#4851 = FILL_AREA_STYLE ('',( #4858 ) ) ;
#4852 = COLOUR_RGB ( '',0.7529411764705882200, 0.7529411764705882200, 0.7529411764705882200 ) ;
#4853 = FACE_OUTER_BOUND ( 'NONE', #808, .T. ) ;
#4854 = DIRECTION ( 'NONE',  ( 0.0000000000000000000, 1.000000000000000000, 3.614007241618349300E-016 ) ) ;
#4855 = VECTOR ( 'NONE', #4854, 1000.000000000000000 ) ;
#4856 = CARTESIAN_POINT ( 'NONE',  ( 1.249999999999999100, 0.5999999999999998700, -4.250000000000000900 ) ) ;
#4857 = LINE ( 'NONE', #4856, #4855 ) ;
#4858 = FILL_AREA_STYLE_COLOUR ( '', #4852 ) ;
#4859 = DIRECTION ( 'NONE',  ( -1.000000000000000000, 0.0000000000000000000, 0.0000000000000000000 ) ) ;
#4860 = VECTOR ( 'NONE', #4859, 1000.000000000000000 ) ;
#4861 = CARTESIAN_POINT ( 'NONE',  ( 3.249999999999999100, 0.0000000000000000000, -4.250000000000001800 ) ) ;
#4862 = LINE ( 'NONE', #4861, #4860 ) ;
#4863 = DIRECTION ( 'NONE',  ( 0.0000000000000000000, 0.0000000000000000000, 1.000000000000000000 ) ) ;
#4864 = DIRECTION ( 'NONE',  ( 0.0000000000000000000, 1.000000000000000000, 0.0000000000000000000 ) ) ;
#4865 = CARTESIAN_POINT ( 'NONE',  ( 3.249999999999999100, 0.0000000000000000000, -2.350000000000001400 ) ) ;
#4866 = AXIS2_PLACEMENT_3D ( 'NONE', #4865, #4864, #4863 ) ;
#4867 = PLANE ( 'NONE',  #4866 ) ;
#4868 = MECHANICAL_DESIGN_GEOMETRIC_PRESENTATION_REPRESENTATION (  '', ( #4870 ), #4926 ) ;
#4869 = PRESENTATION_LAYER_ASSIGNMENT (  '', '', ( #4870 ) ) ;
#4870 = STYLED_ITEM ( 'NONE', ( #4871 ), #822 ) ;
#4871 = PRESENTATION_STYLE_ASSIGNMENT (( #4872 ) ) ;
#4872 = SURFACE_STYLE_USAGE ( .BOTH. , #4873 ) ;
#4873 = SURFACE_SIDE_STYLE ('',( #4874 ) ) ;
#4874 = SURFACE_STYLE_FILL_AREA ( #4875 ) ;
#4875 = FILL_AREA_STYLE ('',( #4882 ) ) ;
#4876 = COLOUR_RGB ( '',0.7529411764705882200, 0.7529411764705882200, 0.7529411764705882200 ) ;
#4877 = FACE_OUTER_BOUND ( 'NONE', #823, .T. ) ;
#4878 = DIRECTION ( 'NONE',  ( -1.000000000000000000, 0.0000000000000000000, 0.0000000000000000000 ) ) ;
#4879 = VECTOR ( 'NONE', #4878, 1000.000000000000000 ) ;
#4880 = CARTESIAN_POINT ( 'NONE',  ( 1.249999999999999100, 0.0000000000000000000, -2.350000000000001400 ) ) ;
#4881 = LINE ( 'NONE', #4880, #4879 ) ;
#4882 = FILL_AREA_STYLE_COLOUR ( '', #4876 ) ;
#4883 = CARTESIAN_POINT ( 'NONE',  ( 0.7499999999999991100, 0.0000000000000000000, -2.350000000000001400 ) ) ;
#4884 = DIRECTION ( 'NONE',  ( 0.0000000000000000000, -1.000000000000000000, 2.710505431213766000E-016 ) ) ;
#4885 = VECTOR ( 'NONE', #4884, 1000.000000000000000 ) ;
#4886 = CARTESIAN_POINT ( 'NONE',  ( 0.7499999999999991100, 0.3999999999999993000, -2.350000000000001400 ) ) ;
#4887 = LINE ( 'NONE', #4886, #4885 ) ;
#4888 = CARTESIAN_POINT ( 'NONE',  ( 1.249999999999999100, 0.0000000000000000000, -2.350000000000001400 ) ) ;
#4889 = DIRECTION ( 'NONE',  ( 0.0000000000000000000, -1.000000000000000000, 2.710505431213766000E-016 ) ) ;
#4890 = VECTOR ( 'NONE', #4889, 1000.000000000000000 ) ;
#4891 = CARTESIAN_POINT ( 'NONE',  ( 1.249999999999999100, 0.3999999999999993000, -2.350000000000001400 ) ) ;
#4892 = LINE ( 'NONE', #4891, #4890 ) ;
#4893 = CARTESIAN_POINT ( 'NONE',  ( 0.7499999999999991100, 0.5999999999999998700, -4.250000000000000900 ) ) ;
#4894 = DIRECTION ( 'NONE',  ( 0.0000000000000000000, 0.0000000000000000000, 1.000000000000000000 ) ) ;
#4895 = VECTOR ( 'NONE', #4894, 1000.000000000000000 ) ;
#4896 = CARTESIAN_POINT ( 'NONE',  ( 0.7499999999999991100, 0.5999999999999998700, -2.850000000000001400 ) ) ;
#4897 = LINE ( 'NONE', #4896, #4895 ) ;
#4898 = DIRECTION ( 'NONE',  ( 0.0000000000000000000, 0.0000000000000000000, 1.000000000000000000 ) ) ;
#4899 = DIRECTION ( 'NONE',  ( -1.000000000000000000, 0.0000000000000000000, 0.0000000000000000000 ) ) ;
#4900 = CARTESIAN_POINT ( 'NONE',  ( 0.7499999999999991100, 0.3999999999999993000, -2.850000000000001400 ) ) ;
#4901 = AXIS2_PLACEMENT_3D ( 'NONE', #4900, #4899, #4898 ) ;
#4902 = PLANE ( 'NONE',  #4901 ) ;
#4903 =( NAMED_UNIT ( * ) PLANE_ANGLE_UNIT ( ) SI_UNIT ( $, .RADIAN. ) );
#4904 =( LENGTH_UNIT ( ) NAMED_UNIT ( * ) SI_UNIT ( .MILLI., .METRE. ) );
#4905 = MECHANICAL_DESIGN_GEOMETRIC_PRESENTATION_REPRESENTATION (  '', ( #4907 ), #4951 ) ;
#4906 = PRESENTATION_LAYER_ASSIGNMENT (  '', '', ( #4907 ) ) ;
#4907 = STYLED_ITEM ( 'NONE', ( #4908 ), #830 ) ;
#4908 = PRESENTATION_STYLE_ASSIGNMENT (( #4909 ) ) ;
#4909 = SURFACE_STYLE_USAGE ( .BOTH. , #4910 ) ;
#4910 = SURFACE_SIDE_STYLE ('',( #4911 ) ) ;
#4911 = SURFACE_STYLE_FILL_AREA ( #4912 ) ;
#4912 = FILL_AREA_STYLE ('',( #4913 ) ) ;
#4913 = FILL_AREA_STYLE_COLOUR ( '', #4914 ) ;
#4914 = COLOUR_RGB ( '',0.7529411764705882200, 0.7529411764705882200, 0.7529411764705882200 ) ;
#4915 = FACE_OUTER_BOUND ( 'NONE', #831, .T. ) ;
#4916 = CARTESIAN_POINT ( 'NONE',  ( 1.249999999999999100, 0.5999999999999998700, -4.250000000000000900 ) ) ;
#4917 = DIRECTION ( 'NONE',  ( 0.0000000000000000000, 0.0000000000000000000, 1.000000000000000000 ) ) ;
#4918 = VECTOR ( 'NONE', #4917, 1000.000000000000000 ) ;
#4919 = CARTESIAN_POINT ( 'NONE',  ( 1.249999999999999100, 0.5999999999999998700, -2.850000000000001400 ) ) ;
#4920 = LINE ( 'NONE', #4919, #4918 ) ;
#4921 = DIRECTION ( 'NONE',  ( 0.0000000000000000000, 0.0000000000000000000, 1.000000000000000000 ) ) ;
#4922 = DIRECTION ( 'NONE',  ( -1.000000000000000000, 0.0000000000000000000, 0.0000000000000000000 ) ) ;
#4923 = CARTESIAN_POINT ( 'NONE',  ( 1.249999999999999100, 0.3999999999999993000, -2.850000000000001400 ) ) ;
#4924 = AXIS2_PLACEMENT_3D ( 'NONE', #4923, #4922, #4921 ) ;
#4925 = PLANE ( 'NONE',  #4924 ) ;
#4926 =( GEOMETRIC_REPRESENTATION_CONTEXT ( 3 ) GLOBAL_UNCERTAINTY_ASSIGNED_CONTEXT ( ( #4927 ) ) GLOBAL_UNIT_ASSIGNED_CONTEXT ( ( #4639, #4929, #4928 ) ) REPRESENTATION_CONTEXT ( 'NONE', 'WORKASPACE' ) );
#4927 = UNCERTAINTY_MEASURE_WITH_UNIT (LENGTH_MEASURE( 1.000000000000000100E-005 ), #4639, 'distance_accuracy_value', 'NONE');
#4928 =( NAMED_UNIT ( * ) SI_UNIT ( $, .STERADIAN. ) SOLID_ANGLE_UNIT ( ) );
#4929 =( NAMED_UNIT ( * ) PLANE_ANGLE_UNIT ( ) SI_UNIT ( $, .RADIAN. ) );
#4930 =( GEOMETRIC_REPRESENTATION_CONTEXT ( 3 ) GLOBAL_UNCERTAINTY_ASSIGNED_CONTEXT ( ( #4931 ) ) GLOBAL_UNIT_ASSIGNED_CONTEXT ( ( #4934, #4933, #4932 ) ) REPRESENTATION_CONTEXT ( 'NONE', 'WORKASPACE' ) );
#4931 = UNCERTAINTY_MEASURE_WITH_UNIT (LENGTH_MEASURE( 1.000000000000000100E-005 ), #4934, 'distance_accuracy_value', 'NONE');
#4932 =( NAMED_UNIT ( * ) SI_UNIT ( $, .STERADIAN. ) SOLID_ANGLE_UNIT ( ) );
#4933 =( NAMED_UNIT ( * ) PLANE_ANGLE_UNIT ( ) SI_UNIT ( $, .RADIAN. ) );
#4934 =( LENGTH_UNIT ( ) NAMED_UNIT ( * ) SI_UNIT ( .MILLI., .METRE. ) );
#4935 = MECHANICAL_DESIGN_GEOMETRIC_PRESENTATION_REPRESENTATION (  '', ( #4937 ), #4930 ) ;
#4936 = PRESENTATION_LAYER_ASSIGNMENT (  '', '', ( #4937 ) ) ;
#4937 = STYLED_ITEM ( 'NONE', ( #4938 ), #836 ) ;
#4938 = PRESENTATION_STYLE_ASSIGNMENT (( #4939 ) ) ;
#4939 = SURFACE_STYLE_USAGE ( .BOTH. , #4940 ) ;
#4940 = SURFACE_SIDE_STYLE ('',( #4941 ) ) ;
#4941 = SURFACE_STYLE_FILL_AREA ( #4942 ) ;
#4942 = FILL_AREA_STYLE ('',( #4949 ) ) ;
#4943 = COLOUR_RGB ( '',0.7529411764705882200, 0.7529411764705882200, 0.7529411764705882200 ) ;
#4944 = FACE_OUTER_BOUND ( 'NONE', #837, .T. ) ;
#4945 = DIRECTION ( 'NONE',  ( 0.0000000000000000000, -1.000000000000000000, -2.502005013428087100E-016 ) ) ;
#4946 = DIRECTION ( 'NONE',  ( 0.0000000000000000000, -2.502005013428087100E-016, 1.000000000000000000 ) ) ;
#4947 = CARTESIAN_POINT ( 'NONE',  ( 1.249999999999999100, 6.399999999999999500, -0.5000000000000017800 ) ) ;
#4948 = AXIS2_PLACEMENT_3D ( 'NONE', #4947, #4946, #4945 ) ;
#4949 = FILL_AREA_STYLE_COLOUR ( '', #4943 ) ;
#4950 = PLANE ( 'NONE',  #4948 ) ;
#4951 =( GEOMETRIC_REPRESENTATION_CONTEXT ( 3 ) GLOBAL_UNCERTAINTY_ASSIGNED_CONTEXT ( ( #4952 ) ) GLOBAL_UNIT_ASSIGNED_CONTEXT ( ( #4904, #4903, #4953 ) ) REPRESENTATION_CONTEXT ( 'NONE', 'WORKASPACE' ) );
#4952 = UNCERTAINTY_MEASURE_WITH_UNIT (LENGTH_MEASURE( 1.000000000000000100E-005 ), #4904, 'distance_accuracy_value', 'NONE');
#4953 =( NAMED_UNIT ( * ) SI_UNIT ( $, .STERADIAN. ) SOLID_ANGLE_UNIT ( ) );
#4954 = AXIS2_PLACEMENT_3D ( 'NONE', #5007, #5006, #5005 ) ;
#4955 = PLANE ( 'NONE',  #4954 ) ;
#4956 =( GEOMETRIC_REPRESENTATION_CONTEXT ( 3 ) GLOBAL_UNCERTAINTY_ASSIGNED_CONTEXT ( ( #4957 ) ) GLOBAL_UNIT_ASSIGNED_CONTEXT ( ( #4960, #4959, #4958 ) ) REPRESENTATION_CONTEXT ( 'NONE', 'WORKASPACE' ) );
#4957 = UNCERTAINTY_MEASURE_WITH_UNIT (LENGTH_MEASURE( 1.000000000000000100E-005 ), #4960, 'distance_accuracy_value', 'NONE');
#4958 =( NAMED_UNIT ( * ) SI_UNIT ( $, .STERADIAN. ) SOLID_ANGLE_UNIT ( ) );
#4959 =( NAMED_UNIT ( * ) PLANE_ANGLE_UNIT ( ) SI_UNIT ( $, .RADIAN. ) );
#4960 =( LENGTH_UNIT ( ) NAMED_UNIT ( * ) SI_UNIT ( .MILLI., .METRE. ) );
#4961 = MECHANICAL_DESIGN_GEOMETRIC_PRESENTATION_REPRESENTATION (  '', ( #4963 ), #4956 ) ;
#4962 = PRESENTATION_LAYER_ASSIGNMENT (  '', '', ( #4963 ) ) ;
#4963 = STYLED_ITEM ( 'NONE', ( #4964 ), #841 ) ;
#4964 = PRESENTATION_STYLE_ASSIGNMENT (( #4965 ) ) ;
#4965 = SURFACE_STYLE_USAGE ( .BOTH. , #4966 ) ;
#4966 = SURFACE_SIDE_STYLE ('',( #4967 ) ) ;
#4967 = SURFACE_STYLE_FILL_AREA ( #4968 ) ;
#4968 = FILL_AREA_STYLE ('',( #4975 ) ) ;
#4969 = COLOUR_RGB ( '',0.7529411764705882200, 0.7529411764705882200, 0.7529411764705882200 ) ;
#4970 = FACE_OUTER_BOUND ( 'NONE', #842, .T. ) ;
#4971 = DIRECTION ( 'NONE',  ( 0.0000000000000000000, -1.000000000000000000, -1.445602896647339200E-016 ) ) ;
#4972 = VECTOR ( 'NONE', #4971, 1000.000000000000000 ) ;
#4973 = CARTESIAN_POINT ( 'NONE',  ( 0.7499999999999991100, 0.3999999999999993000, -2.602085213965210600E-015 ) ) ;
#4974 = LINE ( 'NONE', #4973, #4972 ) ;
#4975 = FILL_AREA_STYLE_COLOUR ( '', #4969 ) ;
#4976 = DIRECTION ( 'NONE',  ( 0.0000000000000000000, 1.000000000000000000, -2.710505431213766000E-016 ) ) ;
#4977 = DIRECTION ( 'NONE',  ( 0.0000000000000000000, -2.710505431213766000E-016, -1.000000000000000000 ) ) ;
#4978 = CARTESIAN_POINT ( 'NONE',  ( 1.249999999999999100, 0.3999999999999993000, -2.350000000000001400 ) ) ;
#4979 = AXIS2_PLACEMENT_3D ( 'NONE', #4978, #4977, #4976 ) ;
#4980 = PLANE ( 'NONE',  #4979 ) ;
#4981 = DIRECTION ( 'NONE',  ( 0.0000000000000000000, 0.0000000000000000000, 1.000000000000000000 ) ) ;
#4982 = VECTOR ( 'NONE', #4981, 1000.000000000000000 ) ;
#4983 = CARTESIAN_POINT ( 'NONE',  ( -1.250000000000000900, 6.399999999999999500, -1.734723475976807100E-015 ) ) ;
#4984 = LINE ( 'NONE', #4983, #4982 ) ;
#4985 = DIRECTION ( 'NONE',  ( 0.0000000000000000000, 0.0000000000000000000, -1.000000000000000000 ) ) ;
#4986 = DIRECTION ( 'NONE',  ( 0.0000000000000000000, -1.000000000000000000, 0.0000000000000000000 ) ) ;
#4987 = CARTESIAN_POINT ( 'NONE',  ( -0.7500000000000008900, 6.399999999999999500, -1.734723475976807100E-015 ) ) ;
#4988 = AXIS2_PLACEMENT_3D ( 'NONE', #4987, #4986, #4985 ) ;
#4989 = PLANE ( 'NONE',  #4988 ) ;
#4990 =( GEOMETRIC_REPRESENTATION_CONTEXT ( 3 ) GLOBAL_UNCERTAINTY_ASSIGNED_CONTEXT ( ( #4991 ) ) GLOBAL_UNIT_ASSIGNED_CONTEXT ( ( #4994, #4993, #4992 ) ) REPRESENTATION_CONTEXT ( 'NONE', 'WORKASPACE' ) );
#4991 = UNCERTAINTY_MEASURE_WITH_UNIT (LENGTH_MEASURE( 1.000000000000000100E-005 ), #4994, 'distance_accuracy_value', 'NONE');
#4992 =( NAMED_UNIT ( * ) SI_UNIT ( $, .STERADIAN. ) SOLID_ANGLE_UNIT ( ) );
#4993 =( NAMED_UNIT ( * ) PLANE_ANGLE_UNIT ( ) SI_UNIT ( $, .RADIAN. ) );
#4994 =( LENGTH_UNIT ( ) NAMED_UNIT ( * ) SI_UNIT ( .MILLI., .METRE. ) );
#4995 = MECHANICAL_DESIGN_GEOMETRIC_PRESENTATION_REPRESENTATION (  '', ( #4997 ), #4990 ) ;
#4996 = PRESENTATION_LAYER_ASSIGNMENT (  '', '', ( #4997 ) ) ;
#4997 = STYLED_ITEM ( 'NONE', ( #4998 ), #844 ) ;
#4998 = PRESENTATION_STYLE_ASSIGNMENT (( #4999 ) ) ;
#4999 = SURFACE_STYLE_USAGE ( .BOTH. , #5000 ) ;
#5000 = SURFACE_SIDE_STYLE ('',( #5001 ) ) ;
#5001 = SURFACE_STYLE_FILL_AREA ( #5002 ) ;
#5002 = FILL_AREA_STYLE ('',( #5008 ) ) ;
#5003 = COLOUR_RGB ( '',0.7529411764705882200, 0.7529411764705882200, 0.7529411764705882200 ) ;
#5004 = FACE_OUTER_BOUND ( 'NONE', #845, .T. ) ;
#5005 = DIRECTION ( 'NONE',  ( 0.0000000000000000000, 0.0000000000000000000, 1.000000000000000000 ) ) ;
#5006 = DIRECTION ( 'NONE',  ( -1.000000000000000000, 0.0000000000000000000, 0.0000000000000000000 ) ) ;
#5007 = CARTESIAN_POINT ( 'NONE',  ( 1.249999999999999100, 0.3999999999999993000, -2.850000000000001400 ) ) ;
#5008 = FILL_AREA_STYLE_COLOUR ( '', #5003 ) ;
#5009 =( GEOMETRIC_REPRESENTATION_CONTEXT ( 3 ) GLOBAL_UNCERTAINTY_ASSIGNED_CONTEXT ( ( #5010 ) ) GLOBAL_UNIT_ASSIGNED_CONTEXT ( ( #5013, #5012, #5011 ) ) REPRESENTATION_CONTEXT ( 'NONE', 'WORKASPACE' ) );
#5010 = UNCERTAINTY_MEASURE_WITH_UNIT (LENGTH_MEASURE( 1.000000000000000100E-005 ), #5013, 'distance_accuracy_value', 'NONE');
#5011 =( NAMED_UNIT ( * ) SI_UNIT ( $, .STERADIAN. ) SOLID_ANGLE_UNIT ( ) );
#5012 =( NAMED_UNIT ( * ) PLANE_ANGLE_UNIT ( ) SI_UNIT ( $, .RADIAN. ) );
#5013 =( LENGTH_UNIT ( ) NAMED_UNIT ( * ) SI_UNIT ( .MILLI., .METRE. ) );
#5014 = MECHANICAL_DESIGN_GEOMETRIC_PRESENTATION_REPRESENTATION (  '', ( #5016 ), #5009 ) ;
#5015 = PRESENTATION_LAYER_ASSIGNMENT (  '', '', ( #5016 ) ) ;
#5016 = STYLED_ITEM ( 'NONE', ( #5017 ), #858 ) ;
#5017 = PRESENTATION_STYLE_ASSIGNMENT (( #5018 ) ) ;
#5018 = SURFACE_STYLE_USAGE ( .BOTH. , #5019 ) ;
#5019 = SURFACE_SIDE_STYLE ('',( #5020 ) ) ;
#5020 = SURFACE_STYLE_FILL_AREA ( #5021 ) ;
#5021 = FILL_AREA_STYLE ('',( #5022 ) ) ;
#5022 = FILL_AREA_STYLE_COLOUR ( '', #5023 ) ;
#5023 = COLOUR_RGB ( '',0.7529411764705882200, 0.7529411764705882200, 0.7529411764705882200 ) ;
#5024 = FACE_OUTER_BOUND ( 'NONE', #859, .T. ) ;
#5025 = CARTESIAN_POINT ( 'NONE',  ( -0.7500000000000008900, 6.399999999999999500, -0.5000000000000017800 ) ) ;
#5026 = DIRECTION ( 'NONE',  ( 0.0000000000000000000, 0.0000000000000000000, 1.000000000000000000 ) ) ;
#5027 = VECTOR ( 'NONE', #5026, 1000.000000000000000 ) ;
#5028 = CARTESIAN_POINT ( 'NONE',  ( -0.7500000000000008900, 6.399999999999999500, -1.734723475976807100E-015 ) ) ;
#5029 = LINE ( 'NONE', #5028, #5027 ) ;
#5030 = CARTESIAN_POINT ( 'NONE',  ( -0.7500000000000008900, 6.399999999999999500, -1.734723475976807100E-015 ) ) ;
#5031 = DIRECTION ( 'NONE',  ( -1.000000000000000000, 0.0000000000000000000, 0.0000000000000000000 ) ) ;
#5032 = VECTOR ( 'NONE', #5031, 1000.000000000000000 ) ;
#5033 = CARTESIAN_POINT ( 'NONE',  ( -0.7500000000000008900, 6.399999999999999500, -1.734723475976807100E-015 ) ) ;
#5034 = LINE ( 'NONE', #5033, #5032 ) ;
#5035 = CARTESIAN_POINT ( 'NONE',  ( -1.250000000000000900, 6.399999999999999500, -1.734723475976807100E-015 ) ) ;
#5036 = CARTESIAN_POINT ( 'NONE',  ( -1.250000000000000900, 6.399999999999999500, -0.5000000000000017800 ) ) ;
#5037 = DIRECTION ( 'NONE',  ( 0.0000000000000000000, -1.000000000000000000, 0.0000000000000000000 ) ) ;
#5038 = CARTESIAN_POINT ( 'NONE',  ( 1.249999999999999100, 0.5999999999999998700, -2.850000000000001400 ) ) ;
#5039 = AXIS2_PLACEMENT_3D ( 'NONE', #5038, #5037, #5092 ) ;
#5040 = PLANE ( 'NONE',  #5039 ) ;
#5041 =( GEOMETRIC_REPRESENTATION_CONTEXT ( 3 ) GLOBAL_UNCERTAINTY_ASSIGNED_CONTEXT ( ( #5042 ) ) GLOBAL_UNIT_ASSIGNED_CONTEXT ( ( #5045, #5044, #5043 ) ) REPRESENTATION_CONTEXT ( 'NONE', 'WORKASPACE' ) );
#5042 = UNCERTAINTY_MEASURE_WITH_UNIT (LENGTH_MEASURE( 1.000000000000000100E-005 ), #5045, 'distance_accuracy_value', 'NONE');
#5043 =( NAMED_UNIT ( * ) SI_UNIT ( $, .STERADIAN. ) SOLID_ANGLE_UNIT ( ) );
#5044 =( NAMED_UNIT ( * ) PLANE_ANGLE_UNIT ( ) SI_UNIT ( $, .RADIAN. ) );
#5045 =( LENGTH_UNIT ( ) NAMED_UNIT ( * ) SI_UNIT ( .MILLI., .METRE. ) );
#5046 = MECHANICAL_DESIGN_GEOMETRIC_PRESENTATION_REPRESENTATION (  '', ( #5048 ), #5041 ) ;
#5047 = PRESENTATION_LAYER_ASSIGNMENT (  '', '', ( #5048 ) ) ;
#5048 = STYLED_ITEM ( 'NONE', ( #5049 ), #865 ) ;
#5049 = PRESENTATION_STYLE_ASSIGNMENT (( #5050 ) ) ;
#5050 = SURFACE_STYLE_USAGE ( .BOTH. , #5051 ) ;
#5051 = SURFACE_SIDE_STYLE ('',( #5052 ) ) ;
#5052 = SURFACE_STYLE_FILL_AREA ( #5053 ) ;
#5053 = FILL_AREA_STYLE ('',( #5060 ) ) ;
#5054 = COLOUR_RGB ( '',0.7529411764705882200, 0.7529411764705882200, 0.7529411764705882200 ) ;
#5055 = FACE_OUTER_BOUND ( 'NONE', #866, .T. ) ;
#5056 = DIRECTION ( 'NONE',  ( -1.000000000000000000, 0.0000000000000000000, 0.0000000000000000000 ) ) ;
#5057 = VECTOR ( 'NONE', #5056, 1000.000000000000000 ) ;
#5058 = CARTESIAN_POINT ( 'NONE',  ( 1.249999999999999100, 0.5999999999999998700, -4.250000000000000900 ) ) ;
#5059 = LINE ( 'NONE', #5058, #5057 ) ;
#5060 = FILL_AREA_STYLE_COLOUR ( '', #5054 ) ;
#5061 = DIRECTION ( 'NONE',  ( 0.0000000000000000000, -1.000000000000000000, -3.614007241618349300E-016 ) ) ;
#5062 = DIRECTION ( 'NONE',  ( 0.0000000000000000000, -3.614007241618349300E-016, 1.000000000000000000 ) ) ;
#5063 = CARTESIAN_POINT ( 'NONE',  ( 1.249999999999999100, 0.5999999999999998700, -4.250000000000000900 ) ) ;
#5064 = AXIS2_PLACEMENT_3D ( 'NONE', #5063, #5062, #5061 ) ;
#5065 = PLANE ( 'NONE',  #5064 ) ;
#5066 = PLANE ( 'NONE',  #5120 ) ;
#5067 =( GEOMETRIC_REPRESENTATION_CONTEXT ( 3 ) GLOBAL_UNCERTAINTY_ASSIGNED_CONTEXT ( ( #5068 ) ) GLOBAL_UNIT_ASSIGNED_CONTEXT ( ( #5071, #5070, #5069 ) ) REPRESENTATION_CONTEXT ( 'NONE', 'WORKASPACE' ) );
#5068 = UNCERTAINTY_MEASURE_WITH_UNIT (LENGTH_MEASURE( 1.000000000000000100E-005 ), #5071, 'distance_accuracy_value', 'NONE');
#5069 =( NAMED_UNIT ( * ) SI_UNIT ( $, .STERADIAN. ) SOLID_ANGLE_UNIT ( ) );
#5070 =( NAMED_UNIT ( * ) PLANE_ANGLE_UNIT ( ) SI_UNIT ( $, .RADIAN. ) );
#5071 =( LENGTH_UNIT ( ) NAMED_UNIT ( * ) SI_UNIT ( .MILLI., .METRE. ) );
#5072 = MECHANICAL_DESIGN_GEOMETRIC_PRESENTATION_REPRESENTATION (  '', ( #5074 ), #5067 ) ;
#5073 = PRESENTATION_LAYER_ASSIGNMENT (  '', '', ( #5074 ) ) ;
#5074 = STYLED_ITEM ( 'NONE', ( #5075 ), #875 ) ;
#5075 = PRESENTATION_STYLE_ASSIGNMENT (( #5076 ) ) ;
#5076 = SURFACE_STYLE_USAGE ( .BOTH. , #5077 ) ;
#5077 = SURFACE_SIDE_STYLE ('',( #5078 ) ) ;
#5078 = SURFACE_STYLE_FILL_AREA ( #5079 ) ;
#5079 = FILL_AREA_STYLE ('',( #5086 ) ) ;
#5080 = COLOUR_RGB ( '',0.7529411764705882200, 0.7529411764705882200, 0.7529411764705882200 ) ;
#5081 = FACE_OUTER_BOUND ( 'NONE', #876, .T. ) ;
#5082 = DIRECTION ( 'NONE',  ( 0.0000000000000000000, 0.0000000000000000000, -1.000000000000000000 ) ) ;
#5083 = VECTOR ( 'NONE', #5082, 1000.000000000000000 ) ;
#5084 = CARTESIAN_POINT ( 'NONE',  ( 0.7499999999999991100, 0.0000000000000000000, -2.350000000000001400 ) ) ;
#5085 = LINE ( 'NONE', #5084, #5083 ) ;
#5086 = FILL_AREA_STYLE_COLOUR ( '', #5080 ) ;
#5087 = CARTESIAN_POINT ( 'NONE',  ( 0.7499999999999991100, 0.0000000000000000000, -4.250000000000001800 ) ) ;
#5088 = DIRECTION ( 'NONE',  ( 0.0000000000000000000, 1.000000000000000000, 3.614007241618349300E-016 ) ) ;
#5089 = VECTOR ( 'NONE', #5088, 1000.000000000000000 ) ;
#5090 = CARTESIAN_POINT ( 'NONE',  ( 0.7499999999999991100, 0.5999999999999998700, -4.250000000000000900 ) ) ;
#5091 = LINE ( 'NONE', #5090, #5089 ) ;
#5092 = DIRECTION ( 'NONE',  ( 0.0000000000000000000, 0.0000000000000000000, -1.000000000000000000 ) ) ;
#5093 =( GEOMETRIC_REPRESENTATION_CONTEXT ( 3 ) GLOBAL_UNCERTAINTY_ASSIGNED_CONTEXT ( ( #5094 ) ) GLOBAL_UNIT_ASSIGNED_CONTEXT ( ( #5097, #5096, #5095 ) ) REPRESENTATION_CONTEXT ( 'NONE', 'WORKASPACE' ) );
#5094 = UNCERTAINTY_MEASURE_WITH_UNIT (LENGTH_MEASURE( 1.000000000000000100E-005 ), #5097, 'distance_accuracy_value', 'NONE');
#5095 =( NAMED_UNIT ( * ) SI_UNIT ( $, .STERADIAN. ) SOLID_ANGLE_UNIT ( ) );
#5096 =( NAMED_UNIT ( * ) PLANE_ANGLE_UNIT ( ) SI_UNIT ( $, .RADIAN. ) );
#5097 =( LENGTH_UNIT ( ) NAMED_UNIT ( * ) SI_UNIT ( .MILLI., .METRE. ) );
#5098 = MECHANICAL_DESIGN_GEOMETRIC_PRESENTATION_REPRESENTATION (  '', ( #5100 ), #5093 ) ;
#5099 = PRESENTATION_LAYER_ASSIGNMENT (  '', '', ( #5100 ) ) ;
#5100 = STYLED_ITEM ( 'NONE', ( #5101 ), #890 ) ;
#5101 = PRESENTATION_STYLE_ASSIGNMENT (( #5102 ) ) ;
#5102 = SURFACE_STYLE_USAGE ( .BOTH. , #5103 ) ;
#5103 = SURFACE_SIDE_STYLE ('',( #5104 ) ) ;
#5104 = SURFACE_STYLE_FILL_AREA ( #5105 ) ;
#5105 = FILL_AREA_STYLE ('',( #5112 ) ) ;
#5106 = COLOUR_RGB ( '',0.7529411764705882200, 0.7529411764705882200, 0.7529411764705882200 ) ;
#5107 = FACE_OUTER_BOUND ( 'NONE', #891, .T. ) ;
#5108 = DIRECTION ( 'NONE',  ( 0.0000000000000000000, 0.0000000000000000000, -1.000000000000000000 ) ) ;
#5109 = VECTOR ( 'NONE', #5108, 1000.000000000000000 ) ;
#5110 = CARTESIAN_POINT ( 'NONE',  ( 1.249999999999999100, 0.0000000000000000000, -2.350000000000001400 ) ) ;
#5111 = LINE ( 'NONE', #5110, #5109 ) ;
#5112 = FILL_AREA_STYLE_COLOUR ( '', #5106 ) ;
#5113 = DIRECTION ( 'NONE',  ( -1.000000000000000000, 0.0000000000000000000, 0.0000000000000000000 ) ) ;
#5114 = VECTOR ( 'NONE', #5113, 1000.000000000000000 ) ;
#5115 = CARTESIAN_POINT ( 'NONE',  ( 1.249999999999999100, 0.0000000000000000000, -4.250000000000001800 ) ) ;
#5116 = LINE ( 'NONE', #5115, #5114 ) ;
#5117 = DIRECTION ( 'NONE',  ( 0.0000000000000000000, 0.0000000000000000000, 1.000000000000000000 ) ) ;
#5118 = DIRECTION ( 'NONE',  ( 0.0000000000000000000, 1.000000000000000000, 0.0000000000000000000 ) ) ;
#5119 = CARTESIAN_POINT ( 'NONE',  ( 1.249999999999999100, 0.0000000000000000000, -2.350000000000001400 ) ) ;
#5120 = AXIS2_PLACEMENT_3D ( 'NONE', #5119, #5118, #5117 ) ;
#5121 =( NAMED_UNIT ( * ) PLANE_ANGLE_UNIT ( ) SI_UNIT ( $, .RADIAN. ) );
#5122 =( LENGTH_UNIT ( ) NAMED_UNIT ( * ) SI_UNIT ( .MILLI., .METRE. ) );
#5123 = MECHANICAL_DESIGN_GEOMETRIC_PRESENTATION_REPRESENTATION (  '', ( #5125 ), #5180 ) ;
#5124 = PRESENTATION_LAYER_ASSIGNMENT (  '', '', ( #5125 ) ) ;
#5125 = STYLED_ITEM ( 'NONE', ( #5126 ), #903 ) ;
#5126 = PRESENTATION_STYLE_ASSIGNMENT (( #5127 ) ) ;
#5127 = SURFACE_STYLE_USAGE ( .BOTH. , #5128 ) ;
#5128 = SURFACE_SIDE_STYLE ('',( #5129 ) ) ;
#5129 = SURFACE_STYLE_FILL_AREA ( #5130 ) ;
#5130 = FILL_AREA_STYLE ('',( #5137 ) ) ;
#5131 = COLOUR_RGB ( '',0.7529411764705882200, 0.7529411764705882200, 0.7529411764705882200 ) ;
#5132 = FACE_OUTER_BOUND ( 'NONE', #904, .T. ) ;
#5133 = DIRECTION ( 'NONE',  ( 0.0000000000000000000, -1.000000000000000000, -1.445602896647339200E-016 ) ) ;
#5134 = VECTOR ( 'NONE', #5133, 1000.000000000000000 ) ;
#5135 = CARTESIAN_POINT ( 'NONE',  ( -0.7500000000000008900, 0.3999999999999993000, -2.602085213965210600E-015 ) ) ;
#5136 = LINE ( 'NONE', #5135, #5134 ) ;
#5137 = FILL_AREA_STYLE_COLOUR ( '', #5131 ) ;
#5138 = DIRECTION ( 'NONE',  ( 0.0000000000000000000, 1.000000000000000000, 2.502005013428087100E-016 ) ) ;
#5139 = VECTOR ( 'NONE', #5138, 1000.000000000000000 ) ;
#5140 = CARTESIAN_POINT ( 'NONE',  ( -0.7500000000000008900, 6.399999999999999500, -0.5000000000000017800 ) ) ;
#5141 = LINE ( 'NONE', #5140, #5139 ) ;
#5142 = DIRECTION ( 'NONE',  ( 0.0000000000000000000, -1.000000000000000000, 2.710505431213766000E-016 ) ) ;
#5143 = VECTOR ( 'NONE', #5142, 1000.000000000000000 ) ;
#5144 = CARTESIAN_POINT ( 'NONE',  ( -1.250000000000000900, 0.3999999999999993000, -2.350000000000001400 ) ) ;
#5145 = LINE ( 'NONE', #5144, #5143 ) ;
#5146 = CARTESIAN_POINT ( 'NONE',  ( -0.7500000000000008900, 0.0000000000000000000, -2.350000000000001400 ) ) ;
#5147 = DIRECTION ( 'NONE',  ( 0.0000000000000000000, -1.000000000000000000, 2.710505431213766000E-016 ) ) ;
#5148 = VECTOR ( 'NONE', #5147, 1000.000000000000000 ) ;
#5149 = CARTESIAN_POINT ( 'NONE',  ( -0.7500000000000008900, 0.3999999999999993000, -2.350000000000001400 ) ) ;
#5150 = LINE ( 'NONE', #5149, #5148 ) ;
#5151 = DIRECTION ( 'NONE',  ( 0.0000000000000000000, 1.000000000000000000, -2.710505431213766000E-016 ) ) ;
#5152 = DIRECTION ( 'NONE',  ( 0.0000000000000000000, -2.710505431213766000E-016, -1.000000000000000000 ) ) ;
#5153 = CARTESIAN_POINT ( 'NONE',  ( -0.7500000000000008900, 0.3999999999999993000, -2.350000000000001400 ) ) ;
#5154 = AXIS2_PLACEMENT_3D ( 'NONE', #5153, #5152, #5151 ) ;
#5155 = PLANE ( 'NONE',  #5154 ) ;
#5156 = UNCERTAINTY_MEASURE_WITH_UNIT (LENGTH_MEASURE( 1.000000000000000100E-005 ), #5159, 'distance_accuracy_value', 'NONE');
#5157 =( NAMED_UNIT ( * ) SI_UNIT ( $, .STERADIAN. ) SOLID_ANGLE_UNIT ( ) );
#5158 =( NAMED_UNIT ( * ) PLANE_ANGLE_UNIT ( ) SI_UNIT ( $, .RADIAN. ) );
#5159 =( LENGTH_UNIT ( ) NAMED_UNIT ( * ) SI_UNIT ( .MILLI., .METRE. ) );
#5160 = MECHANICAL_DESIGN_GEOMETRIC_PRESENTATION_REPRESENTATION (  '', ( #5162 ), #5211 ) ;
#5161 = PRESENTATION_LAYER_ASSIGNMENT (  '', '', ( #5162 ) ) ;
#5162 = STYLED_ITEM ( 'NONE', ( #5163 ), #911 ) ;
#5163 = PRESENTATION_STYLE_ASSIGNMENT (( #5164 ) ) ;
#5164 = SURFACE_STYLE_USAGE ( .BOTH. , #5165 ) ;
#5165 = SURFACE_SIDE_STYLE ('',( #5166 ) ) ;
#5166 = SURFACE_STYLE_FILL_AREA ( #5167 ) ;
#5167 = FILL_AREA_STYLE ('',( #5174 ) ) ;
#5168 = COLOUR_RGB ( '',0.7529411764705882200, 0.7529411764705882200, 0.7529411764705882200 ) ;
#5169 = FACE_OUTER_BOUND ( 'NONE', #912, .T. ) ;
#5170 = DIRECTION ( 'NONE',  ( -1.000000000000000000, 0.0000000000000000000, 0.0000000000000000000 ) ) ;
#5171 = VECTOR ( 'NONE', #5170, 1000.000000000000000 ) ;
#5172 = CARTESIAN_POINT ( 'NONE',  ( -0.7500000000000008900, 6.399999999999999500, -0.5000000000000017800 ) ) ;
#5173 = LINE ( 'NONE', #5172, #5171 ) ;
#5174 = FILL_AREA_STYLE_COLOUR ( '', #5168 ) ;
#5175 = DIRECTION ( 'NONE',  ( 0.0000000000000000000, 1.000000000000000000, 1.445602896647339200E-016 ) ) ;
#5176 = DIRECTION ( 'NONE',  ( 0.0000000000000000000, 1.445602896647339200E-016, -1.000000000000000000 ) ) ;
#5177 = CARTESIAN_POINT ( 'NONE',  ( -0.7500000000000008900, 0.3999999999999993000, -2.602085213965210600E-015 ) ) ;
#5178 = AXIS2_PLACEMENT_3D ( 'NONE', #5177, #5176, #5175 ) ;
#5179 = PLANE ( 'NONE',  #5178 ) ;
#5180 =( GEOMETRIC_REPRESENTATION_CONTEXT ( 3 ) GLOBAL_UNCERTAINTY_ASSIGNED_CONTEXT ( ( #5181 ) ) GLOBAL_UNIT_ASSIGNED_CONTEXT ( ( #5122, #5121, #5182 ) ) REPRESENTATION_CONTEXT ( 'NONE', 'WORKASPACE' ) );
#5181 = UNCERTAINTY_MEASURE_WITH_UNIT (LENGTH_MEASURE( 1.000000000000000100E-005 ), #5122, 'distance_accuracy_value', 'NONE');
#5182 =( NAMED_UNIT ( * ) SI_UNIT ( $, .STERADIAN. ) SOLID_ANGLE_UNIT ( ) );
#5183 = UNCERTAINTY_MEASURE_WITH_UNIT (LENGTH_MEASURE( 1.000000000000000100E-005 ), #5186, 'distance_accuracy_value', 'NONE');
#5184 =( NAMED_UNIT ( * ) SI_UNIT ( $, .STERADIAN. ) SOLID_ANGLE_UNIT ( ) );
#5185 =( NAMED_UNIT ( * ) PLANE_ANGLE_UNIT ( ) SI_UNIT ( $, .RADIAN. ) );
#5186 =( LENGTH_UNIT ( ) NAMED_UNIT ( * ) SI_UNIT ( .MILLI., .METRE. ) );
#5187 = MECHANICAL_DESIGN_GEOMETRIC_PRESENTATION_REPRESENTATION (  '', ( #5189 ), #5234 ) ;
#5188 = PRESENTATION_LAYER_ASSIGNMENT (  '', '', ( #5189 ) ) ;
#5189 = STYLED_ITEM ( 'NONE', ( #5190 ), #919 ) ;
#5190 = PRESENTATION_STYLE_ASSIGNMENT (( #5191 ) ) ;
#5191 = SURFACE_STYLE_USAGE ( .BOTH. , #5192 ) ;
#5192 = SURFACE_SIDE_STYLE ('',( #5193 ) ) ;
#5193 = SURFACE_STYLE_FILL_AREA ( #5194 ) ;
#5194 = FILL_AREA_STYLE ('',( #5201 ) ) ;
#5195 = COLOUR_RGB ( '',0.7529411764705882200, 0.7529411764705882200, 0.7529411764705882200 ) ;
#5196 = FACE_OUTER_BOUND ( 'NONE', #920, .T. ) ;
#5197 = DIRECTION ( 'NONE',  ( 0.0000000000000000000, -1.000000000000000000, -1.445602896647339200E-016 ) ) ;
#5198 = VECTOR ( 'NONE', #5197, 1000.000000000000000 ) ;
#5199 = CARTESIAN_POINT ( 'NONE',  ( -1.250000000000000900, 0.3999999999999993000, -2.602085213965210600E-015 ) ) ;
#5200 = LINE ( 'NONE', #5199, #5198 ) ;
#5201 = FILL_AREA_STYLE_COLOUR ( '', #5195 ) ;
#5202 = DIRECTION ( 'NONE',  ( 0.0000000000000000000, 1.000000000000000000, 2.502005013428087100E-016 ) ) ;
#5203 = VECTOR ( 'NONE', #5202, 1000.000000000000000 ) ;
#5204 = CARTESIAN_POINT ( 'NONE',  ( -1.250000000000000900, 6.399999999999999500, -0.5000000000000017800 ) ) ;
#5205 = LINE ( 'NONE', #5204, #5203 ) ;
#5206 = DIRECTION ( 'NONE',  ( 0.0000000000000000000, 0.0000000000000000000, 1.000000000000000000 ) ) ;
#5207 = DIRECTION ( 'NONE',  ( -1.000000000000000000, 0.0000000000000000000, 0.0000000000000000000 ) ) ;
#5208 = CARTESIAN_POINT ( 'NONE',  ( -1.250000000000000900, 0.3999999999999993000, -2.850000000000001400 ) ) ;
#5209 = AXIS2_PLACEMENT_3D ( 'NONE', #5208, #5207, #5206 ) ;
#5210 = PLANE ( 'NONE',  #5209 ) ;
#5211 =( GEOMETRIC_REPRESENTATION_CONTEXT ( 3 ) GLOBAL_UNCERTAINTY_ASSIGNED_CONTEXT ( ( #5156 ) ) GLOBAL_UNIT_ASSIGNED_CONTEXT ( ( #5159, #5158, #5157 ) ) REPRESENTATION_CONTEXT ( 'NONE', 'WORKASPACE' ) );
#5212 = PLANE ( 'NONE',  #5263 ) ;
#5213 =( GEOMETRIC_REPRESENTATION_CONTEXT ( 3 ) GLOBAL_UNCERTAINTY_ASSIGNED_CONTEXT ( ( #5214 ) ) GLOBAL_UNIT_ASSIGNED_CONTEXT ( ( #5217, #5216, #5215 ) ) REPRESENTATION_CONTEXT ( 'NONE', 'WORKASPACE' ) );
#5214 = UNCERTAINTY_MEASURE_WITH_UNIT (LENGTH_MEASURE( 1.000000000000000100E-005 ), #5217, 'distance_accuracy_value', 'NONE');
#5215 =( NAMED_UNIT ( * ) SI_UNIT ( $, .STERADIAN. ) SOLID_ANGLE_UNIT ( ) );
#5216 =( NAMED_UNIT ( * ) PLANE_ANGLE_UNIT ( ) SI_UNIT ( $, .RADIAN. ) );
#5217 =( LENGTH_UNIT ( ) NAMED_UNIT ( * ) SI_UNIT ( .MILLI., .METRE. ) );
#5218 = MECHANICAL_DESIGN_GEOMETRIC_PRESENTATION_REPRESENTATION (  '', ( #5220 ), #5213 ) ;
#5219 = PRESENTATION_LAYER_ASSIGNMENT (  '', '', ( #5220 ) ) ;
#5220 = STYLED_ITEM ( 'NONE', ( #5221 ), #925 ) ;
#5221 = PRESENTATION_STYLE_ASSIGNMENT (( #5222 ) ) ;
#5222 = SURFACE_STYLE_USAGE ( .BOTH. , #5223 ) ;
#5223 = SURFACE_SIDE_STYLE ('',( #5224 ) ) ;
#5224 = SURFACE_STYLE_FILL_AREA ( #5225 ) ;
#5225 = FILL_AREA_STYLE ('',( #5232 ) ) ;
#5226 = COLOUR_RGB ( '',0.7529411764705882200, 0.7529411764705882200, 0.7529411764705882200 ) ;
#5227 = FACE_OUTER_BOUND ( 'NONE', #926, .T. ) ;
#5228 = DIRECTION ( 'NONE',  ( 0.0000000000000000000, 0.0000000000000000000, 1.000000000000000000 ) ) ;
#5229 = DIRECTION ( 'NONE',  ( -1.000000000000000000, 0.0000000000000000000, 0.0000000000000000000 ) ) ;
#5230 = CARTESIAN_POINT ( 'NONE',  ( -0.7500000000000008900, 0.3999999999999993000, -2.850000000000001400 ) ) ;
#5231 = AXIS2_PLACEMENT_3D ( 'NONE', #5230, #5229, #5228 ) ;
#5232 = FILL_AREA_STYLE_COLOUR ( '', #5226 ) ;
#5233 = PLANE ( 'NONE',  #5231 ) ;
#5234 =( GEOMETRIC_REPRESENTATION_CONTEXT ( 3 ) GLOBAL_UNCERTAINTY_ASSIGNED_CONTEXT ( ( #5183 ) ) GLOBAL_UNIT_ASSIGNED_CONTEXT ( ( #5186, #5185, #5184 ) ) REPRESENTATION_CONTEXT ( 'NONE', 'WORKASPACE' ) );
#5235 = DIRECTION ( 'NONE',  ( 0.0000000000000000000, -1.000000000000000000, -3.614007241618349300E-016 ) ) ;
#5236 = DIRECTION ( 'NONE',  ( 0.0000000000000000000, -3.614007241618349300E-016, 1.000000000000000000 ) ) ;
#5237 = CARTESIAN_POINT ( 'NONE',  ( -0.7500000000000008900, 0.5999999999999998700, -4.250000000000000900 ) ) ;
#5238 = AXIS2_PLACEMENT_3D ( 'NONE', #5237, #5236, #5235 ) ;
#5239 = PLANE ( 'NONE',  #5238 ) ;
#5240 =( GEOMETRIC_REPRESENTATION_CONTEXT ( 3 ) GLOBAL_UNCERTAINTY_ASSIGNED_CONTEXT ( ( #5241 ) ) GLOBAL_UNIT_ASSIGNED_CONTEXT ( ( #5244, #5243, #5242 ) ) REPRESENTATION_CONTEXT ( 'NONE', 'WORKASPACE' ) );
#5241 = UNCERTAINTY_MEASURE_WITH_UNIT (LENGTH_MEASURE( 1.000000000000000100E-005 ), #5244, 'distance_accuracy_value', 'NONE');
#5242 =( NAMED_UNIT ( * ) SI_UNIT ( $, .STERADIAN. ) SOLID_ANGLE_UNIT ( ) );
#5243 =( NAMED_UNIT ( * ) PLANE_ANGLE_UNIT ( ) SI_UNIT ( $, .RADIAN. ) );
#5244 =( LENGTH_UNIT ( ) NAMED_UNIT ( * ) SI_UNIT ( .MILLI., .METRE. ) );
#5245 = MECHANICAL_DESIGN_GEOMETRIC_PRESENTATION_REPRESENTATION (  '', ( #5247 ), #5240 ) ;
#5246 = PRESENTATION_LAYER_ASSIGNMENT (  '', '', ( #5247 ) ) ;
#5247 = STYLED_ITEM ( 'NONE', ( #5248 ), #932 ) ;
#5248 = PRESENTATION_STYLE_ASSIGNMENT (( #5249 ) ) ;
#5249 = SURFACE_STYLE_USAGE ( .BOTH. , #5250 ) ;
#5250 = SURFACE_SIDE_STYLE ('',( #5251 ) ) ;
#5251 = SURFACE_STYLE_FILL_AREA ( #5252 ) ;
#5252 = FILL_AREA_STYLE ('',( #5259 ) ) ;
#5253 = COLOUR_RGB ( '',0.7529411764705882200, 0.7529411764705882200, 0.7529411764705882200 ) ;
#5254 = FACE_OUTER_BOUND ( 'NONE', #933, .T. ) ;
#5255 = DIRECTION ( 'NONE',  ( -1.000000000000000000, 0.0000000000000000000, 0.0000000000000000000 ) ) ;
#5256 = VECTOR ( 'NONE', #5255, 1000.000000000000000 ) ;
#5257 = CARTESIAN_POINT ( 'NONE',  ( -0.7500000000000008900, 0.0000000000000000000, -4.250000000000001800 ) ) ;
#5258 = LINE ( 'NONE', #5257, #5256 ) ;
#5259 = FILL_AREA_STYLE_COLOUR ( '', #5253 ) ;
#5260 = DIRECTION ( 'NONE',  ( 0.0000000000000000000, 0.0000000000000000000, 1.000000000000000000 ) ) ;
#5261 = DIRECTION ( 'NONE',  ( 0.0000000000000000000, 1.000000000000000000, 0.0000000000000000000 ) ) ;
#5262 = CARTESIAN_POINT ( 'NONE',  ( -0.7500000000000008900, 0.0000000000000000000, -2.350000000000001400 ) ) ;
#5263 = AXIS2_PLACEMENT_3D ( 'NONE', #5262, #5261, #5260 ) ;
#5264 = CARTESIAN_POINT ( 'NONE',  ( -1.250000000000000900, 0.5999999999999998700, -2.850000000000001400 ) ) ;
#5265 = LINE ( 'NONE', #5264, #5321 ) ;
#5266 = DIRECTION ( 'NONE',  ( 0.0000000000000000000, 0.0000000000000000000, 1.000000000000000000 ) ) ;
#5267 = DIRECTION ( 'NONE',  ( -1.000000000000000000, 0.0000000000000000000, 0.0000000000000000000 ) ) ;
#5268 = CARTESIAN_POINT ( 'NONE',  ( -1.250000000000000900, 0.3999999999999993000, -2.850000000000001400 ) ) ;
#5269 = AXIS2_PLACEMENT_3D ( 'NONE', #5268, #5267, #5266 ) ;
#5270 = PLANE ( 'NONE',  #5269 ) ;
#5271 =( GEOMETRIC_REPRESENTATION_CONTEXT ( 3 ) GLOBAL_UNCERTAINTY_ASSIGNED_CONTEXT ( ( #5272 ) ) GLOBAL_UNIT_ASSIGNED_CONTEXT ( ( #5275, #5274, #5273 ) ) REPRESENTATION_CONTEXT ( 'NONE', 'WORKASPACE' ) );
#5272 = UNCERTAINTY_MEASURE_WITH_UNIT (LENGTH_MEASURE( 1.000000000000000100E-005 ), #5275, 'distance_accuracy_value', 'NONE');
#5273 =( NAMED_UNIT ( * ) SI_UNIT ( $, .STERADIAN. ) SOLID_ANGLE_UNIT ( ) );
#5274 =( NAMED_UNIT ( * ) PLANE_ANGLE_UNIT ( ) SI_UNIT ( $, .RADIAN. ) );
#5275 =( LENGTH_UNIT ( ) NAMED_UNIT ( * ) SI_UNIT ( .MILLI., .METRE. ) );
#5276 = MECHANICAL_DESIGN_GEOMETRIC_PRESENTATION_REPRESENTATION (  '', ( #5278 ), #5271 ) ;
#5277 = PRESENTATION_LAYER_ASSIGNMENT (  '', '', ( #5278 ) ) ;
#5278 = STYLED_ITEM ( 'NONE', ( #5279 ), #938 ) ;
#5279 = PRESENTATION_STYLE_ASSIGNMENT (( #5280 ) ) ;
#5280 = SURFACE_STYLE_USAGE ( .BOTH. , #5281 ) ;
#5281 = SURFACE_SIDE_STYLE ('',( #5282 ) ) ;
#5282 = SURFACE_STYLE_FILL_AREA ( #5283 ) ;
#5283 = FILL_AREA_STYLE ('',( #5290 ) ) ;
#5284 = COLOUR_RGB ( '',0.7529411764705882200, 0.7529411764705882200, 0.7529411764705882200 ) ;
#5285 = FACE_OUTER_BOUND ( 'NONE', #962, .T. ) ;
#5286 = DIRECTION ( 'NONE',  ( 0.0000000000000000000, 1.000000000000000000, 3.614007241618349300E-016 ) ) ;
#5287 = VECTOR ( 'NONE', #5286, 1000.000000000000000 ) ;
#5288 = CARTESIAN_POINT ( 'NONE',  ( -0.7500000000000008900, 0.5999999999999998700, -4.250000000000000900 ) ) ;
#5289 = LINE ( 'NONE', #5288, #5287 ) ;
#5290 = FILL_AREA_STYLE_COLOUR ( '', #5284 ) ;
#5291 = UNCERTAINTY_MEASURE_WITH_UNIT (LENGTH_MEASURE( 1.000000000000000100E-005 ), #5294, 'distance_accuracy_value', 'NONE');
#5292 =( NAMED_UNIT ( * ) SI_UNIT ( $, .STERADIAN. ) SOLID_ANGLE_UNIT ( ) );
#5293 =( NAMED_UNIT ( * ) PLANE_ANGLE_UNIT ( ) SI_UNIT ( $, .RADIAN. ) );
#5294 =( LENGTH_UNIT ( ) NAMED_UNIT ( * ) SI_UNIT ( .MILLI., .METRE. ) );
#5295 = MECHANICAL_DESIGN_GEOMETRIC_PRESENTATION_REPRESENTATION (  '', ( #5297 ), #5352 ) ;
#5296 = PRESENTATION_LAYER_ASSIGNMENT (  '', '', ( #5297 ) ) ;
#5297 = STYLED_ITEM ( 'NONE', ( #5298 ), #951 ) ;
#5298 = PRESENTATION_STYLE_ASSIGNMENT (( #5299 ) ) ;
#5299 = SURFACE_STYLE_USAGE ( .BOTH. , #5300 ) ;
#5300 = SURFACE_SIDE_STYLE ('',( #5301 ) ) ;
#5301 = SURFACE_STYLE_FILL_AREA ( #5302 ) ;
#5302 = FILL_AREA_STYLE ('',( #5309 ) ) ;
#5303 = COLOUR_RGB ( '',0.7529411764705882200, 0.7529411764705882200, 0.7529411764705882200 ) ;
#5304 = FACE_OUTER_BOUND ( 'NONE', #952, .T. ) ;
#5305 = DIRECTION ( 'NONE',  ( -1.000000000000000000, 0.0000000000000000000, 0.0000000000000000000 ) ) ;
#5306 = VECTOR ( 'NONE', #5305, 1000.000000000000000 ) ;
#5307 = CARTESIAN_POINT ( 'NONE',  ( -0.7500000000000008900, 0.0000000000000000000, -2.350000000000001400 ) ) ;
#5308 = LINE ( 'NONE', #5307, #5306 ) ;
#5309 = FILL_AREA_STYLE_COLOUR ( '', #5303 ) ;
#5310 = DIRECTION ( 'NONE',  ( 0.0000000000000000000, 0.0000000000000000000, -1.000000000000000000 ) ) ;
#5311 = VECTOR ( 'NONE', #5310, 1000.000000000000000 ) ;
#5312 = CARTESIAN_POINT ( 'NONE',  ( -1.250000000000000900, 0.0000000000000000000, -2.350000000000001400 ) ) ;
#5313 = LINE ( 'NONE', #5312, #5311 ) ;
#5314 = CARTESIAN_POINT ( 'NONE',  ( -1.250000000000000900, 0.0000000000000000000, -4.250000000000001800 ) ) ;
#5315 = DIRECTION ( 'NONE',  ( 0.0000000000000000000, 1.000000000000000000, 3.614007241618349300E-016 ) ) ;
#5316 = VECTOR ( 'NONE', #5315, 1000.000000000000000 ) ;
#5317 = CARTESIAN_POINT ( 'NONE',  ( -1.250000000000000900, 0.5999999999999998700, -4.250000000000000900 ) ) ;
#5318 = LINE ( 'NONE', #5317, #5316 ) ;
#5319 = CARTESIAN_POINT ( 'NONE',  ( -1.250000000000000900, 0.5999999999999998700, -4.250000000000000900 ) ) ;
#5320 = DIRECTION ( 'NONE',  ( 0.0000000000000000000, 0.0000000000000000000, 1.000000000000000000 ) ) ;
#5321 = VECTOR ( 'NONE', #5320, 1000.000000000000000 ) ;
#5322 = UNCERTAINTY_MEASURE_WITH_UNIT (LENGTH_MEASURE( 1.000000000000000100E-005 ), #5325, 'distance_accuracy_value', 'NONE');
#5323 =( NAMED_UNIT ( * ) SI_UNIT ( $, .STERADIAN. ) SOLID_ANGLE_UNIT ( ) );
#5324 =( NAMED_UNIT ( * ) PLANE_ANGLE_UNIT ( ) SI_UNIT ( $, .RADIAN. ) );
#5325 =( LENGTH_UNIT ( ) NAMED_UNIT ( * ) SI_UNIT ( .MILLI., .METRE. ) );
#5326 = MECHANICAL_DESIGN_GEOMETRIC_PRESENTATION_REPRESENTATION (  '', ( #5328 ), #5378 ) ;
#5327 = PRESENTATION_LAYER_ASSIGNMENT (  '', '', ( #5328 ) ) ;
#5328 = STYLED_ITEM ( 'NONE', ( #5329 ), #963 ) ;
#5329 = PRESENTATION_STYLE_ASSIGNMENT (( #5330 ) ) ;
#5330 = SURFACE_STYLE_USAGE ( .BOTH. , #5331 ) ;
#5331 = SURFACE_SIDE_STYLE ('',( #5332 ) ) ;
#5332 = SURFACE_STYLE_FILL_AREA ( #5333 ) ;
#5333 = FILL_AREA_STYLE ('',( #5334 ) ) ;
#5334 = FILL_AREA_STYLE_COLOUR ( '', #5335 ) ;
#5335 = COLOUR_RGB ( '',0.7529411764705882200, 0.7529411764705882200, 0.7529411764705882200 ) ;
#5336 = FACE_OUTER_BOUND ( 'NONE', #885, .T. ) ;
#5337 = CARTESIAN_POINT ( 'NONE',  ( -0.7500000000000008900, 0.0000000000000000000, -4.250000000000001800 ) ) ;
#5338 = DIRECTION ( 'NONE',  ( 0.0000000000000000000, 0.0000000000000000000, -1.000000000000000000 ) ) ;
#5339 = VECTOR ( 'NONE', #5338, 1000.000000000000000 ) ;
#5340 = CARTESIAN_POINT ( 'NONE',  ( -0.7500000000000008900, 0.0000000000000000000, -2.350000000000001400 ) ) ;
#5341 = LINE ( 'NONE', #5340, #5339 ) ;
#5342 = CARTESIAN_POINT ( 'NONE',  ( -0.7500000000000008900, 0.5999999999999998700, -4.250000000000000900 ) ) ;
#5343 = DIRECTION ( 'NONE',  ( 0.0000000000000000000, 0.0000000000000000000, 1.000000000000000000 ) ) ;
#5344 = VECTOR ( 'NONE', #5343, 1000.000000000000000 ) ;
#5345 = CARTESIAN_POINT ( 'NONE',  ( -0.7500000000000008900, 0.5999999999999998700, -2.850000000000001400 ) ) ;
#5346 = LINE ( 'NONE', #5345, #5344 ) ;
#5347 = DIRECTION ( 'NONE',  ( 0.0000000000000000000, 0.0000000000000000000, 1.000000000000000000 ) ) ;
#5348 = DIRECTION ( 'NONE',  ( -1.000000000000000000, 0.0000000000000000000, 0.0000000000000000000 ) ) ;
#5349 = CARTESIAN_POINT ( 'NONE',  ( -0.7500000000000008900, 0.3999999999999993000, -2.850000000000001400 ) ) ;
#5350 = AXIS2_PLACEMENT_3D ( 'NONE', #5349, #5348, #5347 ) ;
#5351 = PLANE ( 'NONE',  #5350 ) ;
#5352 =( GEOMETRIC_REPRESENTATION_CONTEXT ( 3 ) GLOBAL_UNCERTAINTY_ASSIGNED_CONTEXT ( ( #5291 ) ) GLOBAL_UNIT_ASSIGNED_CONTEXT ( ( #5294, #5293, #5292 ) ) REPRESENTATION_CONTEXT ( 'NONE', 'WORKASPACE' ) );
#5353 = DIRECTION ( 'NONE',  ( -1.000000000000000000, 0.0000000000000000000, 0.0000000000000000000 ) ) ;
#5354 = CARTESIAN_POINT ( 'NONE',  ( -2.750000000000001300, 0.3999999999999993000, -2.850000000000001400 ) ) ;
#5355 = AXIS2_PLACEMENT_3D ( 'NONE', #5354, #5353, #5405 ) ;
#5356 = PLANE ( 'NONE',  #5355 ) ;
#5357 =( GEOMETRIC_REPRESENTATION_CONTEXT ( 3 ) GLOBAL_UNCERTAINTY_ASSIGNED_CONTEXT ( ( #5358 ) ) GLOBAL_UNIT_ASSIGNED_CONTEXT ( ( #5361, #5360, #5359 ) ) REPRESENTATION_CONTEXT ( 'NONE', 'WORKASPACE' ) );
#5358 = UNCERTAINTY_MEASURE_WITH_UNIT (LENGTH_MEASURE( 1.000000000000000100E-005 ), #5361, 'distance_accuracy_value', 'NONE');
#5359 =( NAMED_UNIT ( * ) SI_UNIT ( $, .STERADIAN. ) SOLID_ANGLE_UNIT ( ) );
#5360 =( NAMED_UNIT ( * ) PLANE_ANGLE_UNIT ( ) SI_UNIT ( $, .RADIAN. ) );
#5361 =( LENGTH_UNIT ( ) NAMED_UNIT ( * ) SI_UNIT ( .MILLI., .METRE. ) );
#5362 = MECHANICAL_DESIGN_GEOMETRIC_PRESENTATION_REPRESENTATION (  '', ( #5364 ), #5357 ) ;
#5363 = PRESENTATION_LAYER_ASSIGNMENT (  '', '', ( #5364 ) ) ;
#5364 = STYLED_ITEM ( 'NONE', ( #5365 ), #964 ) ;
#5365 = PRESENTATION_STYLE_ASSIGNMENT (( #5366 ) ) ;
#5366 = SURFACE_STYLE_USAGE ( .BOTH. , #5367 ) ;
#5367 = SURFACE_SIDE_STYLE ('',( #5368 ) ) ;
#5368 = SURFACE_STYLE_FILL_AREA ( #5369 ) ;
#5369 = FILL_AREA_STYLE ('',( #5376 ) ) ;
#5370 = COLOUR_RGB ( '',0.7529411764705882200, 0.7529411764705882200, 0.7529411764705882200 ) ;
#5371 = FACE_OUTER_BOUND ( 'NONE', #965, .T. ) ;
#5372 = DIRECTION ( 'NONE',  ( 0.0000000000000000000, -1.000000000000000000, -2.502005013428087100E-016 ) ) ;
#5373 = DIRECTION ( 'NONE',  ( 0.0000000000000000000, -2.502005013428087100E-016, 1.000000000000000000 ) ) ;
#5374 = CARTESIAN_POINT ( 'NONE',  ( -0.7500000000000008900, 6.399999999999999500, -0.5000000000000017800 ) ) ;
#5375 = AXIS2_PLACEMENT_3D ( 'NONE', #5374, #5373, #5372 ) ;
#5376 = FILL_AREA_STYLE_COLOUR ( '', #5370 ) ;
#5377 = PLANE ( 'NONE',  #5375 ) ;
#5378 =( GEOMETRIC_REPRESENTATION_CONTEXT ( 3 ) GLOBAL_UNCERTAINTY_ASSIGNED_CONTEXT ( ( #5322 ) ) GLOBAL_UNIT_ASSIGNED_CONTEXT ( ( #5325, #5324, #5323 ) ) REPRESENTATION_CONTEXT ( 'NONE', 'WORKASPACE' ) );
#5379 = PLANE ( 'NONE',  #5440 ) ;
#5380 = CARTESIAN_POINT ( 'NONE',  ( -2.750000000000001300, 0.3999999999999993000, -2.602085213965210600E-015 ) ) ;
#5381 =( GEOMETRIC_REPRESENTATION_CONTEXT ( 3 ) GLOBAL_UNCERTAINTY_ASSIGNED_CONTEXT ( ( #5382 ) ) GLOBAL_UNIT_ASSIGNED_CONTEXT ( ( #5385, #5384, #5383 ) ) REPRESENTATION_CONTEXT ( 'NONE', 'WORKASPACE' ) );
#5382 = UNCERTAINTY_MEASURE_WITH_UNIT (LENGTH_MEASURE( 1.000000000000000100E-005 ), #5385, 'distance_accuracy_value', 'NONE');
#5383 =( NAMED_UNIT ( * ) SI_UNIT ( $, .STERADIAN. ) SOLID_ANGLE_UNIT ( ) );
#5384 =( NAMED_UNIT ( * ) PLANE_ANGLE_UNIT ( ) SI_UNIT ( $, .RADIAN. ) );
#5385 =( LENGTH_UNIT ( ) NAMED_UNIT ( * ) SI_UNIT ( .MILLI., .METRE. ) );
#5386 = MECHANICAL_DESIGN_GEOMETRIC_PRESENTATION_REPRESENTATION (  '', ( #5388 ), #5381 ) ;
#5387 = PRESENTATION_LAYER_ASSIGNMENT (  '', '', ( #5388 ) ) ;
#5388 = STYLED_ITEM ( 'NONE', ( #5389 ), #972 ) ;
#5389 = PRESENTATION_STYLE_ASSIGNMENT (( #5390 ) ) ;
#5390 = SURFACE_STYLE_USAGE ( .BOTH. , #5391 ) ;
#5391 = SURFACE_SIDE_STYLE ('',( #5392 ) ) ;
#5392 = SURFACE_STYLE_FILL_AREA ( #5393 ) ;
#5393 = FILL_AREA_STYLE ('',( #5400 ) ) ;
#5394 = COLOUR_RGB ( '',0.7529411764705882200, 0.7529411764705882200, 0.7529411764705882200 ) ;
#5395 = FACE_OUTER_BOUND ( 'NONE', #973, .T. ) ;
#5396 = DIRECTION ( 'NONE',  ( 0.0000000000000000000, -1.000000000000000000, -1.445602896647339200E-016 ) ) ;
#5397 = VECTOR ( 'NONE', #5396, 1000.000000000000000 ) ;
#5398 = CARTESIAN_POINT ( 'NONE',  ( -2.750000000000001300, 0.3999999999999993000, -2.602085213965210600E-015 ) ) ;
#5399 = LINE ( 'NONE', #5398, #5397 ) ;
#5400 = FILL_AREA_STYLE_COLOUR ( '', #5394 ) ;
#5401 = DIRECTION ( 'NONE',  ( 0.0000000000000000000, 1.000000000000000000, 2.502005013428087100E-016 ) ) ;
#5402 = VECTOR ( 'NONE', #5401, 1000.000000000000000 ) ;
#5403 = CARTESIAN_POINT ( 'NONE',  ( -2.750000000000001300, 6.399999999999999500, -0.5000000000000017800 ) ) ;
#5404 = LINE ( 'NONE', #5403, #5402 ) ;
#5405 = DIRECTION ( 'NONE',  ( 0.0000000000000000000, 0.0000000000000000000, 1.000000000000000000 ) ) ;
#5406 =( NAMED_UNIT ( * ) PLANE_ANGLE_UNIT ( ) SI_UNIT ( $, .RADIAN. ) );
#5407 =( LENGTH_UNIT ( ) NAMED_UNIT ( * ) SI_UNIT ( .MILLI., .METRE. ) );
#5408 = MECHANICAL_DESIGN_GEOMETRIC_PRESENTATION_REPRESENTATION (  '', ( #5410 ), #5467 ) ;
#5409 = PRESENTATION_LAYER_ASSIGNMENT (  '', '', ( #5410 ) ) ;
#5410 = STYLED_ITEM ( 'NONE', ( #5411 ), #984 ) ;
#5411 = PRESENTATION_STYLE_ASSIGNMENT (( #5412 ) ) ;
#5412 = SURFACE_STYLE_USAGE ( .BOTH. , #5413 ) ;
#5413 = SURFACE_SIDE_STYLE ('',( #5414 ) ) ;
#5414 = SURFACE_STYLE_FILL_AREA ( #5415 ) ;
#5415 = FILL_AREA_STYLE ('',( #5422 ) ) ;
#5416 = COLOUR_RGB ( '',0.7529411764705882200, 0.7529411764705882200, 0.7529411764705882200 ) ;
#5417 = FACE_OUTER_BOUND ( 'NONE', #985, .T. ) ;
#5418 = DIRECTION ( 'NONE',  ( -1.000000000000000000, 0.0000000000000000000, 0.0000000000000000000 ) ) ;
#5419 = VECTOR ( 'NONE', #5418, 1000.000000000000000 ) ;
#5420 = CARTESIAN_POINT ( 'NONE',  ( -2.750000000000001300, 6.399999999999999500, -0.5000000000000017800 ) ) ;
#5421 = LINE ( 'NONE', #5420, #5419 ) ;
#5422 = FILL_AREA_STYLE_COLOUR ( '', #5416 ) ;
#5423 = CARTESIAN_POINT ( 'NONE',  ( -2.750000000000001300, 6.399999999999999500, -0.5000000000000017800 ) ) ;
#5424 = DIRECTION ( 'NONE',  ( 0.0000000000000000000, 0.0000000000000000000, 1.000000000000000000 ) ) ;
#5425 = VECTOR ( 'NONE', #5424, 1000.000000000000000 ) ;
#5426 = CARTESIAN_POINT ( 'NONE',  ( -2.750000000000001300, 6.399999999999999500, -1.734723475976807100E-015 ) ) ;
#5427 = LINE ( 'NONE', #5426, #5425 ) ;
#5428 = CARTESIAN_POINT ( 'NONE',  ( -2.750000000000001300, 6.399999999999999500, -1.734723475976807100E-015 ) ) ;
#5429 = DIRECTION ( 'NONE',  ( -1.000000000000000000, 0.0000000000000000000, 0.0000000000000000000 ) ) ;
#5430 = VECTOR ( 'NONE', #5429, 1000.000000000000000 ) ;
#5431 = CARTESIAN_POINT ( 'NONE',  ( -2.750000000000001300, 6.399999999999999500, -1.734723475976807100E-015 ) ) ;
#5432 = LINE ( 'NONE', #5431, #5430 ) ;
#5433 = CARTESIAN_POINT ( 'NONE',  ( -3.250000000000001300, 6.399999999999999500, -1.734723475976807100E-015 ) ) ;
#5434 = DIRECTION ( 'NONE',  ( 0.0000000000000000000, 0.0000000000000000000, 1.000000000000000000 ) ) ;
#5435 = VECTOR ( 'NONE', #5434, 1000.000000000000000 ) ;
#5436 = CARTESIAN_POINT ( 'NONE',  ( -3.250000000000001300, 6.399999999999999500, -1.734723475976807100E-015 ) ) ;
#5437 = LINE ( 'NONE', #5436, #5435 ) ;
#5438 = DIRECTION ( 'NONE',  ( 0.0000000000000000000, 1.000000000000000000, 1.445602896647339200E-016 ) ) ;
#5439 = DIRECTION ( 'NONE',  ( 0.0000000000000000000, 1.445602896647339200E-016, -1.000000000000000000 ) ) ;
#5440 = AXIS2_PLACEMENT_3D ( 'NONE', #5380, #5439, #5438 ) ;
#5441 =( NAMED_UNIT ( * ) PLANE_ANGLE_UNIT ( ) SI_UNIT ( $, .RADIAN. ) );
#5442 =( LENGTH_UNIT ( ) NAMED_UNIT ( * ) SI_UNIT ( .MILLI., .METRE. ) );
#5443 = MECHANICAL_DESIGN_GEOMETRIC_PRESENTATION_REPRESENTATION (  '', ( #5445 ), #5491 ) ;
#5444 = PRESENTATION_LAYER_ASSIGNMENT (  '', '', ( #5445 ) ) ;
#5445 = STYLED_ITEM ( 'NONE', ( #5446 ), #992 ) ;
#5446 = PRESENTATION_STYLE_ASSIGNMENT (( #5447 ) ) ;
#5447 = SURFACE_STYLE_USAGE ( .BOTH. , #5448 ) ;
#5448 = SURFACE_SIDE_STYLE ('',( #5449 ) ) ;
#5449 = SURFACE_STYLE_FILL_AREA ( #5450 ) ;
#5450 = FILL_AREA_STYLE ('',( #5457 ) ) ;
#5451 = COLOUR_RGB ( '',0.7529411764705882200, 0.7529411764705882200, 0.7529411764705882200 ) ;
#5452 = FACE_OUTER_BOUND ( 'NONE', #993, .T. ) ;
#5453 = DIRECTION ( 'NONE',  ( -1.000000000000000000, 0.0000000000000000000, 0.0000000000000000000 ) ) ;
#5454 = VECTOR ( 'NONE', #5453, 1000.000000000000000 ) ;
#5455 = CARTESIAN_POINT ( 'NONE',  ( -0.7500000000000008900, 0.5999999999999998700, -4.250000000000000900 ) ) ;
#5456 = LINE ( 'NONE', #5455, #5454 ) ;
#5457 = FILL_AREA_STYLE_COLOUR ( '', #5451 ) ;
#5458 = DIRECTION ( 'NONE',  ( 0.0000000000000000000, 1.000000000000000000, 2.502005013428087100E-016 ) ) ;
#5459 = VECTOR ( 'NONE', #5458, 1000.000000000000000 ) ;
#5460 = CARTESIAN_POINT ( 'NONE',  ( -3.250000000000001300, 6.399999999999999500, -0.5000000000000017800 ) ) ;
#5461 = LINE ( 'NONE', #5460, #5459 ) ;
#5462 = DIRECTION ( 'NONE',  ( 0.0000000000000000000, 0.0000000000000000000, 1.000000000000000000 ) ) ;
#5463 = DIRECTION ( 'NONE',  ( -1.000000000000000000, 0.0000000000000000000, 0.0000000000000000000 ) ) ;
#5464 = CARTESIAN_POINT ( 'NONE',  ( -3.250000000000001300, 0.3999999999999993000, -2.850000000000001400 ) ) ;
#5465 = AXIS2_PLACEMENT_3D ( 'NONE', #5464, #5463, #5462 ) ;
#5466 = PLANE ( 'NONE',  #5465 ) ;
#5467 =( GEOMETRIC_REPRESENTATION_CONTEXT ( 3 ) GLOBAL_UNCERTAINTY_ASSIGNED_CONTEXT ( ( #5468 ) ) GLOBAL_UNIT_ASSIGNED_CONTEXT ( ( #5407, #5406, #5469 ) ) REPRESENTATION_CONTEXT ( 'NONE', 'WORKASPACE' ) );
#5468 = UNCERTAINTY_MEASURE_WITH_UNIT (LENGTH_MEASURE( 1.000000000000000100E-005 ), #5407, 'distance_accuracy_value', 'NONE');
#5469 =( NAMED_UNIT ( * ) SI_UNIT ( $, .STERADIAN. ) SOLID_ANGLE_UNIT ( ) );
#5470 =( GEOMETRIC_REPRESENTATION_CONTEXT ( 3 ) GLOBAL_UNCERTAINTY_ASSIGNED_CONTEXT ( ( #5471 ) ) GLOBAL_UNIT_ASSIGNED_CONTEXT ( ( #5474, #5473, #5472 ) ) REPRESENTATION_CONTEXT ( 'NONE', 'WORKASPACE' ) );
#5471 = UNCERTAINTY_MEASURE_WITH_UNIT (LENGTH_MEASURE( 1.000000000000000100E-005 ), #5474, 'distance_accuracy_value', 'NONE');
#5472 =( NAMED_UNIT ( * ) SI_UNIT ( $, .STERADIAN. ) SOLID_ANGLE_UNIT ( ) );
#5473 =( NAMED_UNIT ( * ) PLANE_ANGLE_UNIT ( ) SI_UNIT ( $, .RADIAN. ) );
#5474 =( LENGTH_UNIT ( ) NAMED_UNIT ( * ) SI_UNIT ( .MILLI., .METRE. ) );
#5475 = MECHANICAL_DESIGN_GEOMETRIC_PRESENTATION_REPRESENTATION (  '', ( #5477 ), #5470 ) ;
#5476 = PRESENTATION_LAYER_ASSIGNMENT (  '', '', ( #5477 ) ) ;
#5477 = STYLED_ITEM ( 'NONE', ( #5478 ), #998 ) ;
#5478 = PRESENTATION_STYLE_ASSIGNMENT (( #5479 ) ) ;
#5479 = SURFACE_STYLE_USAGE ( .BOTH. , #5480 ) ;
#5480 = SURFACE_SIDE_STYLE ('',( #5481 ) ) ;
#5481 = SURFACE_STYLE_FILL_AREA ( #5482 ) ;
#5482 = FILL_AREA_STYLE ('',( #5489 ) ) ;
#5483 = COLOUR_RGB ( '',0.7529411764705882200, 0.7529411764705882200, 0.7529411764705882200 ) ;
#5484 = FACE_OUTER_BOUND ( 'NONE', #999, .T. ) ;
#5485 = DIRECTION ( 'NONE',  ( 0.0000000000000000000, 0.0000000000000000000, -1.000000000000000000 ) ) ;
#5486 = DIRECTION ( 'NONE',  ( 0.0000000000000000000, -1.000000000000000000, 0.0000000000000000000 ) ) ;
#5487 = CARTESIAN_POINT ( 'NONE',  ( -0.7500000000000008900, 0.5999999999999998700, -2.850000000000001400 ) ) ;
#5488 = AXIS2_PLACEMENT_3D ( 'NONE', #5487, #5486, #5485 ) ;
#5489 = FILL_AREA_STYLE_COLOUR ( '', #5483 ) ;
#5490 = PLANE ( 'NONE',  #5488 ) ;
#5491 =( GEOMETRIC_REPRESENTATION_CONTEXT ( 3 ) GLOBAL_UNCERTAINTY_ASSIGNED_CONTEXT ( ( #5492 ) ) GLOBAL_UNIT_ASSIGNED_CONTEXT ( ( #5442, #5441, #5493 ) ) REPRESENTATION_CONTEXT ( 'NONE', 'WORKASPACE' ) );
#5492 = UNCERTAINTY_MEASURE_WITH_UNIT (LENGTH_MEASURE( 1.000000000000000100E-005 ), #5442, 'distance_accuracy_value', 'NONE');
#5493 =( NAMED_UNIT ( * ) SI_UNIT ( $, .STERADIAN. ) SOLID_ANGLE_UNIT ( ) );
#5494 = UNCERTAINTY_MEASURE_WITH_UNIT (LENGTH_MEASURE( 1.000000000000000100E-005 ), #5497, 'distance_accuracy_value', 'NONE');
#5495 =( NAMED_UNIT ( * ) SI_UNIT ( $, .STERADIAN. ) SOLID_ANGLE_UNIT ( ) );
#5496 =( NAMED_UNIT ( * ) PLANE_ANGLE_UNIT ( ) SI_UNIT ( $, .RADIAN. ) );
#5497 =( LENGTH_UNIT ( ) NAMED_UNIT ( * ) SI_UNIT ( .MILLI., .METRE. ) );
#5498 = MECHANICAL_DESIGN_GEOMETRIC_PRESENTATION_REPRESENTATION (  '', ( #5500 ), #5549 ) ;
#5499 = PRESENTATION_LAYER_ASSIGNMENT (  '', '', ( #5500 ) ) ;
#5500 = STYLED_ITEM ( 'NONE', ( #5501 ), #1009 ) ;
#5501 = PRESENTATION_STYLE_ASSIGNMENT (( #5502 ) ) ;
#5502 = SURFACE_STYLE_USAGE ( .BOTH. , #5503 ) ;
#5503 = SURFACE_SIDE_STYLE ('',( #5504 ) ) ;
#5504 = SURFACE_STYLE_FILL_AREA ( #5505 ) ;
#5505 = FILL_AREA_STYLE ('',( #5512 ) ) ;
#5506 = COLOUR_RGB ( '',0.7529411764705882200, 0.7529411764705882200, 0.7529411764705882200 ) ;
#5507 = FACE_OUTER_BOUND ( 'NONE', #1010, .T. ) ;
#5508 = DIRECTION ( 'NONE',  ( 0.0000000000000000000, 1.000000000000000000, 3.614007241618349300E-016 ) ) ;
#5509 = VECTOR ( 'NONE', #5508, 1000.000000000000000 ) ;
#5510 = CARTESIAN_POINT ( 'NONE',  ( -2.750000000000001300, 0.5999999999999998700, -4.250000000000000900 ) ) ;
#5511 = LINE ( 'NONE', #5510, #5509 ) ;
#5512 = FILL_AREA_STYLE_COLOUR ( '', #5506 ) ;
#5513 = CARTESIAN_POINT ( 'NONE',  ( -2.750000000000001300, 0.0000000000000000000, -4.250000000000001800 ) ) ;
#5514 = DIRECTION ( 'NONE',  ( 0.0000000000000000000, 0.0000000000000000000, -1.000000000000000000 ) ) ;
#5515 = VECTOR ( 'NONE', #5514, 1000.000000000000000 ) ;
#5516 = CARTESIAN_POINT ( 'NONE',  ( -2.750000000000001300, 0.0000000000000000000, -2.350000000000001400 ) ) ;
#5517 = LINE ( 'NONE', #5516, #5515 ) ;
#5518 = CARTESIAN_POINT ( 'NONE',  ( -3.250000000000001300, 6.399999999999999500, -0.5000000000000017800 ) ) ;
#5519 = DIRECTION ( 'NONE',  ( 0.0000000000000000000, 0.0000000000000000000, -1.000000000000000000 ) ) ;
#5520 = DIRECTION ( 'NONE',  ( 0.0000000000000000000, -1.000000000000000000, 0.0000000000000000000 ) ) ;
#5521 = CARTESIAN_POINT ( 'NONE',  ( -2.750000000000001300, 6.399999999999999500, -1.734723475976807100E-015 ) ) ;
#5522 = AXIS2_PLACEMENT_3D ( 'NONE', #5521, #5520, #5519 ) ;
#5523 = PLANE ( 'NONE',  #5522 ) ;
#5524 = CARTESIAN_POINT ( 'NONE',  ( -2.750000000000001300, 0.3999999999999993000, -2.350000000000001400 ) ) ;
#5525 = AXIS2_PLACEMENT_3D ( 'NONE', #5524, #5580, #5579 ) ;
#5526 = PLANE ( 'NONE',  #5525 ) ;
#5527 =( GEOMETRIC_REPRESENTATION_CONTEXT ( 3 ) GLOBAL_UNCERTAINTY_ASSIGNED_CONTEXT ( ( #5528 ) ) GLOBAL_UNIT_ASSIGNED_CONTEXT ( ( #5531, #5530, #5529 ) ) REPRESENTATION_CONTEXT ( 'NONE', 'WORKASPACE' ) );
#5528 = UNCERTAINTY_MEASURE_WITH_UNIT (LENGTH_MEASURE( 1.000000000000000100E-005 ), #5531, 'distance_accuracy_value', 'NONE');
#5529 =( NAMED_UNIT ( * ) SI_UNIT ( $, .STERADIAN. ) SOLID_ANGLE_UNIT ( ) );
#5530 =( NAMED_UNIT ( * ) PLANE_ANGLE_UNIT ( ) SI_UNIT ( $, .RADIAN. ) );
#5531 =( LENGTH_UNIT ( ) NAMED_UNIT ( * ) SI_UNIT ( .MILLI., .METRE. ) );
#5532 = MECHANICAL_DESIGN_GEOMETRIC_PRESENTATION_REPRESENTATION (  '', ( #5534 ), #5527 ) ;
#5533 = PRESENTATION_LAYER_ASSIGNMENT (  '', '', ( #5534 ) ) ;
#5534 = STYLED_ITEM ( 'NONE', ( #5535 ), #1014 ) ;
#5535 = PRESENTATION_STYLE_ASSIGNMENT (( #5536 ) ) ;
#5536 = SURFACE_STYLE_USAGE ( .BOTH. , #5537 ) ;
#5537 = SURFACE_SIDE_STYLE ('',( #5538 ) ) ;
#5538 = SURFACE_STYLE_FILL_AREA ( #5539 ) ;
#5539 = FILL_AREA_STYLE ('',( #5540 ) ) ;
#5540 = FILL_AREA_STYLE_COLOUR ( '', #5541 ) ;
#5541 = COLOUR_RGB ( '',0.7529411764705882200, 0.7529411764705882200, 0.7529411764705882200 ) ;
#5542 = FACE_OUTER_BOUND ( 'NONE', #1015, .T. ) ;
#5543 = CARTESIAN_POINT ( 'NONE',  ( -3.250000000000001300, 0.5999999999999998700, -4.250000000000000900 ) ) ;
#5544 = DIRECTION ( 'NONE',  ( 0.0000000000000000000, 0.0000000000000000000, 1.000000000000000000 ) ) ;
#5545 = DIRECTION ( 'NONE',  ( -1.000000000000000000, 0.0000000000000000000, 0.0000000000000000000 ) ) ;
#5546 = CARTESIAN_POINT ( 'NONE',  ( -3.250000000000001300, 0.3999999999999993000, -2.850000000000001400 ) ) ;
#5547 = AXIS2_PLACEMENT_3D ( 'NONE', #5546, #5545, #5544 ) ;
#5548 = PLANE ( 'NONE',  #5547 ) ;
#5549 =( GEOMETRIC_REPRESENTATION_CONTEXT ( 3 ) GLOBAL_UNCERTAINTY_ASSIGNED_CONTEXT ( ( #5494 ) ) GLOBAL_UNIT_ASSIGNED_CONTEXT ( ( #5497, #5496, #5495 ) ) REPRESENTATION_CONTEXT ( 'NONE', 'WORKASPACE' ) );
#5550 = UNCERTAINTY_MEASURE_WITH_UNIT (LENGTH_MEASURE( 1.000000000000000100E-005 ), #5553, 'distance_accuracy_value', 'NONE');
#5551 =( NAMED_UNIT ( * ) SI_UNIT ( $, .STERADIAN. ) SOLID_ANGLE_UNIT ( ) );
#5552 =( NAMED_UNIT ( * ) PLANE_ANGLE_UNIT ( ) SI_UNIT ( $, .RADIAN. ) );
#5553 =( LENGTH_UNIT ( ) NAMED_UNIT ( * ) SI_UNIT ( .MILLI., .METRE. ) );
#5554 = MECHANICAL_DESIGN_GEOMETRIC_PRESENTATION_REPRESENTATION (  '', ( #5556 ), #5607 ) ;
#5555 = PRESENTATION_LAYER_ASSIGNMENT (  '', '', ( #5556 ) ) ;
#5556 = STYLED_ITEM ( 'NONE', ( #5557 ), #1025 ) ;
#5557 = PRESENTATION_STYLE_ASSIGNMENT (( #5558 ) ) ;
#5558 = SURFACE_STYLE_USAGE ( .BOTH. , #5559 ) ;
#5559 = SURFACE_SIDE_STYLE ('',( #5560 ) ) ;
#5560 = SURFACE_STYLE_FILL_AREA ( #5561 ) ;
#5561 = FILL_AREA_STYLE ('',( #5568 ) ) ;
#5562 = COLOUR_RGB ( '',0.7529411764705882200, 0.7529411764705882200, 0.7529411764705882200 ) ;
#5563 = FACE_OUTER_BOUND ( 'NONE', #1026, .T. ) ;
#5564 = DIRECTION ( 'NONE',  ( -1.000000000000000000, 0.0000000000000000000, 0.0000000000000000000 ) ) ;
#5565 = VECTOR ( 'NONE', #5564, 1000.000000000000000 ) ;
#5566 = CARTESIAN_POINT ( 'NONE',  ( -2.750000000000001300, 0.0000000000000000000, -2.350000000000001400 ) ) ;
#5567 = LINE ( 'NONE', #5566, #5565 ) ;
#5568 = FILL_AREA_STYLE_COLOUR ( '', #5562 ) ;
#5569 = CARTESIAN_POINT ( 'NONE',  ( -3.250000000000001300, 0.0000000000000000000, -2.350000000000001400 ) ) ;
#5570 = DIRECTION ( 'NONE',  ( 0.0000000000000000000, -1.000000000000000000, 2.710505431213766000E-016 ) ) ;
#5571 = VECTOR ( 'NONE', #5570, 1000.000000000000000 ) ;
#5572 = CARTESIAN_POINT ( 'NONE',  ( -3.250000000000001300, 0.3999999999999993000, -2.350000000000001400 ) ) ;
#5573 = LINE ( 'NONE', #5572, #5571 ) ;
#5574 = CARTESIAN_POINT ( 'NONE',  ( -2.750000000000001300, 0.0000000000000000000, -2.350000000000001400 ) ) ;
#5575 = DIRECTION ( 'NONE',  ( 0.0000000000000000000, -1.000000000000000000, 2.710505431213766000E-016 ) ) ;
#5576 = VECTOR ( 'NONE', #5575, 1000.000000000000000 ) ;
#5577 = CARTESIAN_POINT ( 'NONE',  ( -2.750000000000001300, 0.3999999999999993000, -2.350000000000001400 ) ) ;
#5578 = LINE ( 'NONE', #5577, #5576 ) ;
#5579 = DIRECTION ( 'NONE',  ( 0.0000000000000000000, 1.000000000000000000, -2.710505431213766000E-016 ) ) ;
#5580 = DIRECTION ( 'NONE',  ( 0.0000000000000000000, -2.710505431213766000E-016, -1.000000000000000000 ) ) ;
#5581 =( GEOMETRIC_REPRESENTATION_CONTEXT ( 3 ) GLOBAL_UNCERTAINTY_ASSIGNED_CONTEXT ( ( #5582 ) ) GLOBAL_UNIT_ASSIGNED_CONTEXT ( ( #5585, #5584, #5583 ) ) REPRESENTATION_CONTEXT ( 'NONE', 'WORKASPACE' ) );
#5582 = UNCERTAINTY_MEASURE_WITH_UNIT (LENGTH_MEASURE( 1.000000000000000100E-005 ), #5585, 'distance_accuracy_value', 'NONE');
#5583 =( NAMED_UNIT ( * ) SI_UNIT ( $, .STERADIAN. ) SOLID_ANGLE_UNIT ( ) );
#5584 =( NAMED_UNIT ( * ) PLANE_ANGLE_UNIT ( ) SI_UNIT ( $, .RADIAN. ) );
#5585 =( LENGTH_UNIT ( ) NAMED_UNIT ( * ) SI_UNIT ( .MILLI., .METRE. ) );
#5586 = MECHANICAL_DESIGN_GEOMETRIC_PRESENTATION_REPRESENTATION (  '', ( #5588 ), #5581 ) ;
#5587 = PRESENTATION_LAYER_ASSIGNMENT (  '', '', ( #5588 ) ) ;
#5588 = STYLED_ITEM ( 'NONE', ( #5589 ), #1034 ) ;
#5589 = PRESENTATION_STYLE_ASSIGNMENT (( #5590 ) ) ;
#5590 = SURFACE_STYLE_USAGE ( .BOTH. , #5591 ) ;
#5591 = SURFACE_SIDE_STYLE ('',( #5592 ) ) ;
#5592 = SURFACE_STYLE_FILL_AREA ( #5593 ) ;
#5593 = FILL_AREA_STYLE ('',( #5594 ) ) ;
#5594 = FILL_AREA_STYLE_COLOUR ( '', #5595 ) ;
#5595 = COLOUR_RGB ( '',0.7529411764705882200, 0.7529411764705882200, 0.7529411764705882200 ) ;
#5596 = FACE_OUTER_BOUND ( 'NONE', #1035, .T. ) ;
#5597 = CARTESIAN_POINT ( 'NONE',  ( -2.750000000000001300, 0.5999999999999998700, -4.250000000000000900 ) ) ;
#5598 = DIRECTION ( 'NONE',  ( 0.0000000000000000000, 0.0000000000000000000, 1.000000000000000000 ) ) ;
#5599 = VECTOR ( 'NONE', #5598, 1000.000000000000000 ) ;
#5600 = CARTESIAN_POINT ( 'NONE',  ( -2.750000000000001300, 0.5999999999999998700, -2.850000000000001400 ) ) ;
#5601 = LINE ( 'NONE', #5600, #5599 ) ;
#5602 = DIRECTION ( 'NONE',  ( 0.0000000000000000000, 0.0000000000000000000, 1.000000000000000000 ) ) ;
#5603 = DIRECTION ( 'NONE',  ( -1.000000000000000000, 0.0000000000000000000, 0.0000000000000000000 ) ) ;
#5604 = CARTESIAN_POINT ( 'NONE',  ( -2.750000000000001300, 0.3999999999999993000, -2.850000000000001400 ) ) ;
#5605 = AXIS2_PLACEMENT_3D ( 'NONE', #5604, #5603, #5602 ) ;
#5606 = PLANE ( 'NONE',  #5605 ) ;
#5607 =( GEOMETRIC_REPRESENTATION_CONTEXT ( 3 ) GLOBAL_UNCERTAINTY_ASSIGNED_CONTEXT ( ( #5550 ) ) GLOBAL_UNIT_ASSIGNED_CONTEXT ( ( #5553, #5552, #5551 ) ) REPRESENTATION_CONTEXT ( 'NONE', 'WORKASPACE' ) );
#5608 = AXIS2_PLACEMENT_3D ( 'NONE', #5667, #5666, #5665 ) ;
#5609 = PLANE ( 'NONE',  #5608 ) ;
#5610 =( GEOMETRIC_REPRESENTATION_CONTEXT ( 3 ) GLOBAL_UNCERTAINTY_ASSIGNED_CONTEXT ( ( #5611 ) ) GLOBAL_UNIT_ASSIGNED_CONTEXT ( ( #5614, #5613, #5612 ) ) REPRESENTATION_CONTEXT ( 'NONE', 'WORKASPACE' ) );
#5611 = UNCERTAINTY_MEASURE_WITH_UNIT (LENGTH_MEASURE( 1.000000000000000100E-005 ), #5614, 'distance_accuracy_value', 'NONE');
#5612 =( NAMED_UNIT ( * ) SI_UNIT ( $, .STERADIAN. ) SOLID_ANGLE_UNIT ( ) );
#5613 =( NAMED_UNIT ( * ) PLANE_ANGLE_UNIT ( ) SI_UNIT ( $, .RADIAN. ) );
#5614 =( LENGTH_UNIT ( ) NAMED_UNIT ( * ) SI_UNIT ( .MILLI., .METRE. ) );
#5615 = MECHANICAL_DESIGN_GEOMETRIC_PRESENTATION_REPRESENTATION (  '', ( #5617 ), #5610 ) ;
#5616 = PRESENTATION_LAYER_ASSIGNMENT (  '', '', ( #5617 ) ) ;
#5617 = STYLED_ITEM ( 'NONE', ( #5618 ), #1045 ) ;
#5618 = PRESENTATION_STYLE_ASSIGNMENT (( #5619 ) ) ;
#5619 = SURFACE_STYLE_USAGE ( .BOTH. , #5620 ) ;
#5620 = SURFACE_SIDE_STYLE ('',( #5621 ) ) ;
#5621 = SURFACE_STYLE_FILL_AREA ( #5622 ) ;
#5622 = FILL_AREA_STYLE ('',( #5629 ) ) ;
#5623 = COLOUR_RGB ( '',0.7529411764705882200, 0.7529411764705882200, 0.7529411764705882200 ) ;
#5624 = FACE_OUTER_BOUND ( 'NONE', #1046, .T. ) ;
#5625 = DIRECTION ( 'NONE',  ( 0.0000000000000000000, -1.000000000000000000, -1.445602896647339200E-016 ) ) ;
#5626 = VECTOR ( 'NONE', #5625, 1000.000000000000000 ) ;
#5627 = CARTESIAN_POINT ( 'NONE',  ( -3.250000000000001300, 0.3999999999999993000, -2.602085213965210600E-015 ) ) ;
#5628 = LINE ( 'NONE', #5627, #5626 ) ;
#5629 = FILL_AREA_STYLE_COLOUR ( '', #5623 ) ;
#5630 = DIRECTION ( 'NONE',  ( 0.0000000000000000000, -1.000000000000000000, -2.502005013428087100E-016 ) ) ;
#5631 = DIRECTION ( 'NONE',  ( 0.0000000000000000000, -2.502005013428087100E-016, 1.000000000000000000 ) ) ;
#5632 = CARTESIAN_POINT ( 'NONE',  ( -2.750000000000001300, 6.399999999999999500, -0.5000000000000017800 ) ) ;
#5633 = AXIS2_PLACEMENT_3D ( 'NONE', #5632, #5631, #5630 ) ;
#5634 = PLANE ( 'NONE',  #5633 ) ;
#5635 = UNCERTAINTY_MEASURE_WITH_UNIT (LENGTH_MEASURE( 1.000000000000000100E-005 ), #5638, 'distance_accuracy_value', 'NONE');
#5636 =( NAMED_UNIT ( * ) SI_UNIT ( $, .STERADIAN. ) SOLID_ANGLE_UNIT ( ) );
#5637 =( NAMED_UNIT ( * ) PLANE_ANGLE_UNIT ( ) SI_UNIT ( $, .RADIAN. ) );
#5638 =( LENGTH_UNIT ( ) NAMED_UNIT ( * ) SI_UNIT ( .MILLI., .METRE. ) );
#5639 = MECHANICAL_DESIGN_GEOMETRIC_PRESENTATION_REPRESENTATION (  '', ( #5641 ), #5693 ) ;
#5640 = PRESENTATION_LAYER_ASSIGNMENT (  '', '', ( #5641 ) ) ;
#5641 = STYLED_ITEM ( 'NONE', ( #5642 ), #1058 ) ;
#5642 = PRESENTATION_STYLE_ASSIGNMENT (( #5643 ) ) ;
#5643 = SURFACE_STYLE_USAGE ( .BOTH. , #5644 ) ;
#5644 = SURFACE_SIDE_STYLE ('',( #5645 ) ) ;
#5645 = SURFACE_STYLE_FILL_AREA ( #5646 ) ;
#5646 = FILL_AREA_STYLE ('',( #5653 ) ) ;
#5647 = COLOUR_RGB ( '',0.7529411764705882200, 0.7529411764705882200, 0.7529411764705882200 ) ;
#5648 = FACE_OUTER_BOUND ( 'NONE', #1059, .T. ) ;
#5649 = DIRECTION ( 'NONE',  ( 0.0000000000000000000, 0.0000000000000000000, 1.000000000000000000 ) ) ;
#5650 = VECTOR ( 'NONE', #5649, 1000.000000000000000 ) ;
#5651 = CARTESIAN_POINT ( 'NONE',  ( -4.750000000000000900, 6.399999999999999500, -1.734723475976807100E-015 ) ) ;
#5652 = LINE ( 'NONE', #5651, #5650 ) ;
#5653 = FILL_AREA_STYLE_COLOUR ( '', #5647 ) ;
#5654 = CARTESIAN_POINT ( 'NONE',  ( -4.750000000000000900, 6.399999999999999500, -1.734723475976807100E-015 ) ) ;
#5655 = DIRECTION ( 'NONE',  ( -1.000000000000000000, 0.0000000000000000000, 0.0000000000000000000 ) ) ;
#5656 = VECTOR ( 'NONE', #5655, 1000.000000000000000 ) ;
#5657 = CARTESIAN_POINT ( 'NONE',  ( -4.750000000000000900, 6.399999999999999500, -1.734723475976807100E-015 ) ) ;
#5658 = LINE ( 'NONE', #5657, #5656 ) ;
#5659 = CARTESIAN_POINT ( 'NONE',  ( -5.250000000000000900, 6.399999999999999500, -1.734723475976807100E-015 ) ) ;
#5660 = CARTESIAN_POINT ( 'NONE',  ( -5.250000000000000900, 6.399999999999999500, -0.5000000000000017800 ) ) ;
#5661 = DIRECTION ( 'NONE',  ( 0.0000000000000000000, 0.0000000000000000000, 1.000000000000000000 ) ) ;
#5662 = VECTOR ( 'NONE', #5661, 1000.000000000000000 ) ;
#5663 = CARTESIAN_POINT ( 'NONE',  ( -5.250000000000000900, 6.399999999999999500, -1.734723475976807100E-015 ) ) ;
#5664 = LINE ( 'NONE', #5663, #5662 ) ;
#5665 = DIRECTION ( 'NONE',  ( 0.0000000000000000000, 0.0000000000000000000, -1.000000000000000000 ) ) ;
#5666 = DIRECTION ( 'NONE',  ( 0.0000000000000000000, -1.000000000000000000, 0.0000000000000000000 ) ) ;
#5667 = CARTESIAN_POINT ( 'NONE',  ( -4.750000000000000900, 6.399999999999999500, -1.734723475976807100E-015 ) ) ;
#5668 =( GEOMETRIC_REPRESENTATION_CONTEXT ( 3 ) GLOBAL_UNCERTAINTY_ASSIGNED_CONTEXT ( ( #5669 ) ) GLOBAL_UNIT_ASSIGNED_CONTEXT ( ( #5672, #5671, #5670 ) ) REPRESENTATION_CONTEXT ( 'NONE', 'WORKASPACE' ) );
#5669 = UNCERTAINTY_MEASURE_WITH_UNIT (LENGTH_MEASURE( 1.000000000000000100E-005 ), #5672, 'distance_accuracy_value', 'NONE');
#5670 =( NAMED_UNIT ( * ) SI_UNIT ( $, .STERADIAN. ) SOLID_ANGLE_UNIT ( ) );
#5671 =( NAMED_UNIT ( * ) PLANE_ANGLE_UNIT ( ) SI_UNIT ( $, .RADIAN. ) );
#5672 =( LENGTH_UNIT ( ) NAMED_UNIT ( * ) SI_UNIT ( .MILLI., .METRE. ) );
#5673 = MECHANICAL_DESIGN_GEOMETRIC_PRESENTATION_REPRESENTATION (  '', ( #5675 ), #5668 ) ;
#5674 = PRESENTATION_LAYER_ASSIGNMENT (  '', '', ( #5675 ) ) ;
#5675 = STYLED_ITEM ( 'NONE', ( #5676 ), #1065 ) ;
#5676 = PRESENTATION_STYLE_ASSIGNMENT (( #5677 ) ) ;
#5677 = SURFACE_STYLE_USAGE ( .BOTH. , #5678 ) ;
#5678 = SURFACE_SIDE_STYLE ('',( #5679 ) ) ;
#5679 = SURFACE_STYLE_FILL_AREA ( #5680 ) ;
#5680 = FILL_AREA_STYLE ('',( #5687 ) ) ;
#5681 = COLOUR_RGB ( '',0.7529411764705882200, 0.7529411764705882200, 0.7529411764705882200 ) ;
#5682 = FACE_OUTER_BOUND ( 'NONE', #1066, .T. ) ;
#5683 = DIRECTION ( 'NONE',  ( -1.000000000000000000, 0.0000000000000000000, 0.0000000000000000000 ) ) ;
#5684 = VECTOR ( 'NONE', #5683, 1000.000000000000000 ) ;
#5685 = CARTESIAN_POINT ( 'NONE',  ( -2.750000000000001300, 0.5999999999999998700, -4.250000000000000900 ) ) ;
#5686 = LINE ( 'NONE', #5685, #5684 ) ;
#5687 = FILL_AREA_STYLE_COLOUR ( '', #5681 ) ;
#5688 = DIRECTION ( 'NONE',  ( 0.0000000000000000000, -1.000000000000000000, -3.614007241618349300E-016 ) ) ;
#5689 = DIRECTION ( 'NONE',  ( 0.0000000000000000000, -3.614007241618349300E-016, 1.000000000000000000 ) ) ;
#5690 = CARTESIAN_POINT ( 'NONE',  ( -2.750000000000001300, 0.5999999999999998700, -4.250000000000000900 ) ) ;
#5691 = AXIS2_PLACEMENT_3D ( 'NONE', #5690, #5689, #5688 ) ;
#5692 = PLANE ( 'NONE',  #5691 ) ;
#5693 =( GEOMETRIC_REPRESENTATION_CONTEXT ( 3 ) GLOBAL_UNCERTAINTY_ASSIGNED_CONTEXT ( ( #5635 ) ) GLOBAL_UNIT_ASSIGNED_CONTEXT ( ( #5638, #5637, #5636 ) ) REPRESENTATION_CONTEXT ( 'NONE', 'WORKASPACE' ) );
#5694 =( NAMED_UNIT ( * ) SI_UNIT ( $, .STERADIAN. ) SOLID_ANGLE_UNIT ( ) );
#5695 =( NAMED_UNIT ( * ) PLANE_ANGLE_UNIT ( ) SI_UNIT ( $, .RADIAN. ) );
#5696 =( LENGTH_UNIT ( ) NAMED_UNIT ( * ) SI_UNIT ( .MILLI., .METRE. ) );
#5697 = MECHANICAL_DESIGN_GEOMETRIC_PRESENTATION_REPRESENTATION (  '', ( #5699 ), #5750 ) ;
#5698 = PRESENTATION_LAYER_ASSIGNMENT (  '', '', ( #5699 ) ) ;
#5699 = STYLED_ITEM ( 'NONE', ( #5700 ), #1076 ) ;
#5700 = PRESENTATION_STYLE_ASSIGNMENT (( #5701 ) ) ;
#5701 = SURFACE_STYLE_USAGE ( .BOTH. , #5702 ) ;
#5702 = SURFACE_SIDE_STYLE ('',( #5703 ) ) ;
#5703 = SURFACE_STYLE_FILL_AREA ( #5704 ) ;
#5704 = FILL_AREA_STYLE ('',( #5711 ) ) ;
#5705 = COLOUR_RGB ( '',0.7529411764705882200, 0.7529411764705882200, 0.7529411764705882200 ) ;
#5706 = FACE_OUTER_BOUND ( 'NONE', #1077, .T. ) ;
#5707 = DIRECTION ( 'NONE',  ( 0.0000000000000000000, 0.0000000000000000000, -1.000000000000000000 ) ) ;
#5708 = VECTOR ( 'NONE', #5707, 1000.000000000000000 ) ;
#5709 = CARTESIAN_POINT ( 'NONE',  ( -3.250000000000001300, 0.0000000000000000000, -2.350000000000001400 ) ) ;
#5710 = LINE ( 'NONE', #5709, #5708 ) ;
#5711 = FILL_AREA_STYLE_COLOUR ( '', #5705 ) ;
#5712 = CARTESIAN_POINT ( 'NONE',  ( -3.250000000000001300, 0.0000000000000000000, -4.250000000000001800 ) ) ;
#5713 = DIRECTION ( 'NONE',  ( 0.0000000000000000000, 1.000000000000000000, 3.614007241618349300E-016 ) ) ;
#5714 = VECTOR ( 'NONE', #5713, 1000.000000000000000 ) ;
#5715 = CARTESIAN_POINT ( 'NONE',  ( -3.250000000000001300, 0.5999999999999998700, -4.250000000000000900 ) ) ;
#5716 = LINE ( 'NONE', #5715, #5714 ) ;
#5717 = DIRECTION ( 'NONE',  ( 0.0000000000000000000, 0.0000000000000000000, 1.000000000000000000 ) ) ;
#5718 = VECTOR ( 'NONE', #5717, 1000.000000000000000 ) ;
#5719 = CARTESIAN_POINT ( 'NONE',  ( -3.250000000000001300, 0.5999999999999998700, -2.850000000000001400 ) ) ;
#5720 = LINE ( 'NONE', #5719, #5718 ) ;
#5721 = DIRECTION ( 'NONE',  ( 0.0000000000000000000, 0.0000000000000000000, -1.000000000000000000 ) ) ;
#5722 = DIRECTION ( 'NONE',  ( 0.0000000000000000000, -1.000000000000000000, 0.0000000000000000000 ) ) ;
#5723 = CARTESIAN_POINT ( 'NONE',  ( -2.750000000000001300, 0.5999999999999998700, -2.850000000000001400 ) ) ;
#5724 = AXIS2_PLACEMENT_3D ( 'NONE', #5723, #5722, #5721 ) ;
#5725 = PLANE ( 'NONE',  #5724 ) ;
#5726 = UNCERTAINTY_MEASURE_WITH_UNIT (LENGTH_MEASURE( 1.000000000000000100E-005 ), #5729, 'distance_accuracy_value', 'NONE');
#5727 =( NAMED_UNIT ( * ) SI_UNIT ( $, .STERADIAN. ) SOLID_ANGLE_UNIT ( ) );
#5728 =( NAMED_UNIT ( * ) PLANE_ANGLE_UNIT ( ) SI_UNIT ( $, .RADIAN. ) );
#5729 =( LENGTH_UNIT ( ) NAMED_UNIT ( * ) SI_UNIT ( .MILLI., .METRE. ) );
#5730 = MECHANICAL_DESIGN_GEOMETRIC_PRESENTATION_REPRESENTATION (  '', ( #5732 ), #5778 ) ;
#5731 = PRESENTATION_LAYER_ASSIGNMENT (  '', '', ( #5732 ) ) ;
#5732 = STYLED_ITEM ( 'NONE', ( #5733 ), #1083 ) ;
#5733 = PRESENTATION_STYLE_ASSIGNMENT (( #5734 ) ) ;
#5734 = SURFACE_STYLE_USAGE ( .BOTH. , #5735 ) ;
#5735 = SURFACE_SIDE_STYLE ('',( #5736 ) ) ;
#5736 = SURFACE_STYLE_FILL_AREA ( #5737 ) ;
#5737 = FILL_AREA_STYLE ('',( #5744 ) ) ;
#5738 = COLOUR_RGB ( '',0.7529411764705882200, 0.7529411764705882200, 0.7529411764705882200 ) ;
#5739 = FACE_OUTER_BOUND ( 'NONE', #1107, .T. ) ;
#5740 = DIRECTION ( 'NONE',  ( -1.000000000000000000, 0.0000000000000000000, 0.0000000000000000000 ) ) ;
#5741 = VECTOR ( 'NONE', #5740, 1000.000000000000000 ) ;
#5742 = CARTESIAN_POINT ( 'NONE',  ( -2.750000000000001300, 0.0000000000000000000, -4.250000000000001800 ) ) ;
#5743 = LINE ( 'NONE', #5742, #5741 ) ;
#5744 = FILL_AREA_STYLE_COLOUR ( '', #5738 ) ;
#5745 = DIRECTION ( 'NONE',  ( 0.0000000000000000000, 0.0000000000000000000, 1.000000000000000000 ) ) ;
#5746 = DIRECTION ( 'NONE',  ( 0.0000000000000000000, 1.000000000000000000, 0.0000000000000000000 ) ) ;
#5747 = CARTESIAN_POINT ( 'NONE',  ( -2.750000000000001300, 0.0000000000000000000, -2.350000000000001400 ) ) ;
#5748 = AXIS2_PLACEMENT_3D ( 'NONE', #5747, #5746, #5745 ) ;
#5749 = PLANE ( 'NONE',  #5748 ) ;
#5750 =( GEOMETRIC_REPRESENTATION_CONTEXT ( 3 ) GLOBAL_UNCERTAINTY_ASSIGNED_CONTEXT ( ( #5751 ) ) GLOBAL_UNIT_ASSIGNED_CONTEXT ( ( #5696, #5695, #5694 ) ) REPRESENTATION_CONTEXT ( 'NONE', 'WORKASPACE' ) );
#5751 = UNCERTAINTY_MEASURE_WITH_UNIT (LENGTH_MEASURE( 1.000000000000000100E-005 ), #5696, 'distance_accuracy_value', 'NONE');
#5752 = DIRECTION ( 'NONE',  ( 0.0000000000000000000, 1.000000000000000000, -2.710505431213766000E-016 ) ) ;
#5753 = DIRECTION ( 'NONE',  ( 0.0000000000000000000, -2.710505431213766000E-016, -1.000000000000000000 ) ) ;
#5754 = CARTESIAN_POINT ( 'NONE',  ( -4.750000000000000900, 0.3999999999999993000, -2.350000000000001400 ) ) ;
#5755 = AXIS2_PLACEMENT_3D ( 'NONE', #5754, #5753, #5752 ) ;
#5756 = PLANE ( 'NONE',  #5755 ) ;
#5757 =( GEOMETRIC_REPRESENTATION_CONTEXT ( 3 ) GLOBAL_UNCERTAINTY_ASSIGNED_CONTEXT ( ( #5758 ) ) GLOBAL_UNIT_ASSIGNED_CONTEXT ( ( #5761, #5760, #5759 ) ) REPRESENTATION_CONTEXT ( 'NONE', 'WORKASPACE' ) );
#5758 = UNCERTAINTY_MEASURE_WITH_UNIT (LENGTH_MEASURE( 1.000000000000000100E-005 ), #5761, 'distance_accuracy_value', 'NONE');
#5759 =( NAMED_UNIT ( * ) SI_UNIT ( $, .STERADIAN. ) SOLID_ANGLE_UNIT ( ) );
#5760 =( NAMED_UNIT ( * ) PLANE_ANGLE_UNIT ( ) SI_UNIT ( $, .RADIAN. ) );
#5761 =( LENGTH_UNIT ( ) NAMED_UNIT ( * ) SI_UNIT ( .MILLI., .METRE. ) );
#5762 = MECHANICAL_DESIGN_GEOMETRIC_PRESENTATION_REPRESENTATION (  '', ( #5764 ), #5757 ) ;
#5763 = PRESENTATION_LAYER_ASSIGNMENT (  '', '', ( #5764 ) ) ;
#5764 = STYLED_ITEM ( 'NONE', ( #5765 ), #1088 ) ;
#5765 = PRESENTATION_STYLE_ASSIGNMENT (( #5766 ) ) ;
#5766 = SURFACE_STYLE_USAGE ( .BOTH. , #5767 ) ;
#5767 = SURFACE_SIDE_STYLE ('',( #5768 ) ) ;
#5768 = SURFACE_STYLE_FILL_AREA ( #5769 ) ;
#5769 = FILL_AREA_STYLE ('',( #5776 ) ) ;
#5770 = COLOUR_RGB ( '',0.7529411764705882200, 0.7529411764705882200, 0.7529411764705882200 ) ;
#5771 = FACE_OUTER_BOUND ( 'NONE', #1089, .T. ) ;
#5772 = DIRECTION ( 'NONE',  ( 0.0000000000000000000, -1.000000000000000000, -2.502005013428087100E-016 ) ) ;
#5773 = DIRECTION ( 'NONE',  ( 0.0000000000000000000, -2.502005013428087100E-016, 1.000000000000000000 ) ) ;
#5774 = CARTESIAN_POINT ( 'NONE',  ( -4.750000000000000900, 6.399999999999999500, -0.5000000000000017800 ) ) ;
#5775 = AXIS2_PLACEMENT_3D ( 'NONE', #5774, #5773, #5772 ) ;
#5776 = FILL_AREA_STYLE_COLOUR ( '', #5770 ) ;
#5777 = PLANE ( 'NONE',  #5775 ) ;
#5778 =( GEOMETRIC_REPRESENTATION_CONTEXT ( 3 ) GLOBAL_UNCERTAINTY_ASSIGNED_CONTEXT ( ( #5726 ) ) GLOBAL_UNIT_ASSIGNED_CONTEXT ( ( #5729, #5728, #5727 ) ) REPRESENTATION_CONTEXT ( 'NONE', 'WORKASPACE' ) );
#5779 = UNCERTAINTY_MEASURE_WITH_UNIT (LENGTH_MEASURE( 1.000000000000000100E-005 ), #5782, 'distance_accuracy_value', 'NONE');
#5780 =( NAMED_UNIT ( * ) SI_UNIT ( $, .STERADIAN. ) SOLID_ANGLE_UNIT ( ) );
#5781 =( NAMED_UNIT ( * ) PLANE_ANGLE_UNIT ( ) SI_UNIT ( $, .RADIAN. ) );
#5782 =( LENGTH_UNIT ( ) NAMED_UNIT ( * ) SI_UNIT ( .MILLI., .METRE. ) );
#5783 = MECHANICAL_DESIGN_GEOMETRIC_PRESENTATION_REPRESENTATION (  '', ( #5785 ), #5837 ) ;
#5784 = PRESENTATION_LAYER_ASSIGNMENT (  '', '', ( #5785 ) ) ;
#5785 = STYLED_ITEM ( 'NONE', ( #5786 ), #1101 ) ;
#5786 = PRESENTATION_STYLE_ASSIGNMENT (( #5787 ) ) ;
#5787 = SURFACE_STYLE_USAGE ( .BOTH. , #5788 ) ;
#5788 = SURFACE_SIDE_STYLE ('',( #5789 ) ) ;
#5789 = SURFACE_STYLE_FILL_AREA ( #5790 ) ;
#5790 = FILL_AREA_STYLE ('',( #5797 ) ) ;
#5791 = COLOUR_RGB ( '',0.7529411764705882200, 0.7529411764705882200, 0.7529411764705882200 ) ;
#5792 = FACE_OUTER_BOUND ( 'NONE', #1102, .T. ) ;
#5793 = DIRECTION ( 'NONE',  ( 0.0000000000000000000, -1.000000000000000000, -1.445602896647339200E-016 ) ) ;
#5794 = VECTOR ( 'NONE', #5793, 1000.000000000000000 ) ;
#5795 = CARTESIAN_POINT ( 'NONE',  ( -4.750000000000000900, 0.3999999999999993000, -2.602085213965210600E-015 ) ) ;
#5796 = LINE ( 'NONE', #5795, #5794 ) ;
#5797 = FILL_AREA_STYLE_COLOUR ( '', #5791 ) ;
#5798 = DIRECTION ( 'NONE',  ( 0.0000000000000000000, 1.000000000000000000, 2.502005013428087100E-016 ) ) ;
#5799 = VECTOR ( 'NONE', #5798, 1000.000000000000000 ) ;
#5800 = CARTESIAN_POINT ( 'NONE',  ( -4.750000000000000900, 6.399999999999999500, -0.5000000000000017800 ) ) ;
#5801 = LINE ( 'NONE', #5800, #5799 ) ;
#5802 = DIRECTION ( 'NONE',  ( 0.0000000000000000000, -1.000000000000000000, 2.710505431213766000E-016 ) ) ;
#5803 = VECTOR ( 'NONE', #5802, 1000.000000000000000 ) ;
#5804 = CARTESIAN_POINT ( 'NONE',  ( -5.250000000000000900, 0.3999999999999993000, -2.350000000000001400 ) ) ;
#5805 = LINE ( 'NONE', #5804, #5803 ) ;
#5806 = CARTESIAN_POINT ( 'NONE',  ( -4.750000000000000900, 0.0000000000000000000, -2.350000000000001400 ) ) ;
#5807 = DIRECTION ( 'NONE',  ( 0.0000000000000000000, -1.000000000000000000, 2.710505431213766000E-016 ) ) ;
#5808 = VECTOR ( 'NONE', #5807, 1000.000000000000000 ) ;
#5809 = CARTESIAN_POINT ( 'NONE',  ( -4.750000000000000900, 0.3999999999999993000, -2.350000000000001400 ) ) ;
#5810 = LINE ( 'NONE', #5809, #5808 ) ;
#5811 =( GEOMETRIC_REPRESENTATION_CONTEXT ( 3 ) GLOBAL_UNCERTAINTY_ASSIGNED_CONTEXT ( ( #5812 ) ) GLOBAL_UNIT_ASSIGNED_CONTEXT ( ( #5815, #5814, #5813 ) ) REPRESENTATION_CONTEXT ( 'NONE', 'WORKASPACE' ) );
#5812 = UNCERTAINTY_MEASURE_WITH_UNIT (LENGTH_MEASURE( 1.000000000000000100E-005 ), #5815, 'distance_accuracy_value', 'NONE');
#5813 =( NAMED_UNIT ( * ) SI_UNIT ( $, .STERADIAN. ) SOLID_ANGLE_UNIT ( ) );
#5814 =( NAMED_UNIT ( * ) PLANE_ANGLE_UNIT ( ) SI_UNIT ( $, .RADIAN. ) );
#5815 =( LENGTH_UNIT ( ) NAMED_UNIT ( * ) SI_UNIT ( .MILLI., .METRE. ) );
#5816 = MECHANICAL_DESIGN_GEOMETRIC_PRESENTATION_REPRESENTATION (  '', ( #5818 ), #5811 ) ;
#5817 = PRESENTATION_LAYER_ASSIGNMENT (  '', '', ( #5818 ) ) ;
#5818 = STYLED_ITEM ( 'NONE', ( #5819 ), #1111 ) ;
#5819 = PRESENTATION_STYLE_ASSIGNMENT (( #5820 ) ) ;
#5820 = SURFACE_STYLE_USAGE ( .BOTH. , #5821 ) ;
#5821 = SURFACE_SIDE_STYLE ('',( #5822 ) ) ;
#5822 = SURFACE_STYLE_FILL_AREA ( #5823 ) ;
#5823 = FILL_AREA_STYLE ('',( #5830 ) ) ;
#5824 = COLOUR_RGB ( '',0.7529411764705882200, 0.7529411764705882200, 0.7529411764705882200 ) ;
#5825 = FACE_OUTER_BOUND ( 'NONE', #1112, .T. ) ;
#5826 = DIRECTION ( 'NONE',  ( -1.000000000000000000, 0.0000000000000000000, 0.0000000000000000000 ) ) ;
#5827 = VECTOR ( 'NONE', #5826, 1000.000000000000000 ) ;
#5828 = CARTESIAN_POINT ( 'NONE',  ( -4.750000000000000900, 6.399999999999999500, -0.5000000000000017800 ) ) ;
#5829 = LINE ( 'NONE', #5828, #5827 ) ;
#5830 = FILL_AREA_STYLE_COLOUR ( '', #5824 ) ;
#5831 = CARTESIAN_POINT ( 'NONE',  ( -4.750000000000000900, 6.399999999999999500, -0.5000000000000017800 ) ) ;
#5832 = DIRECTION ( 'NONE',  ( 0.0000000000000000000, 1.000000000000000000, 1.445602896647339200E-016 ) ) ;
#5833 = DIRECTION ( 'NONE',  ( 0.0000000000000000000, 1.445602896647339200E-016, -1.000000000000000000 ) ) ;
#5834 = CARTESIAN_POINT ( 'NONE',  ( -4.750000000000000900, 0.3999999999999993000, -2.602085213965210600E-015 ) ) ;
#5835 = AXIS2_PLACEMENT_3D ( 'NONE', #5834, #5833, #5832 ) ;
#5836 = PLANE ( 'NONE',  #5835 ) ;
#5837 =( GEOMETRIC_REPRESENTATION_CONTEXT ( 3 ) GLOBAL_UNCERTAINTY_ASSIGNED_CONTEXT ( ( #5779 ) ) GLOBAL_UNIT_ASSIGNED_CONTEXT ( ( #5782, #5781, #5780 ) ) REPRESENTATION_CONTEXT ( 'NONE', 'WORKASPACE' ) );
#5838 = UNCERTAINTY_MEASURE_WITH_UNIT (LENGTH_MEASURE( 1.000000000000000100E-005 ), #5841, 'distance_accuracy_value', 'NONE');
#5839 =( NAMED_UNIT ( * ) SI_UNIT ( $, .STERADIAN. ) SOLID_ANGLE_UNIT ( ) );
#5840 =( NAMED_UNIT ( * ) PLANE_ANGLE_UNIT ( ) SI_UNIT ( $, .RADIAN. ) );
#5841 =( LENGTH_UNIT ( ) NAMED_UNIT ( * ) SI_UNIT ( .MILLI., .METRE. ) );
#5842 = MECHANICAL_DESIGN_GEOMETRIC_PRESENTATION_REPRESENTATION (  '', ( #5844 ), #5891 ) ;
#5843 = PRESENTATION_LAYER_ASSIGNMENT (  '', '', ( #5844 ) ) ;
#5844 = STYLED_ITEM ( 'NONE', ( #5845 ), #1119 ) ;
#5845 = PRESENTATION_STYLE_ASSIGNMENT (( #5846 ) ) ;
#5846 = SURFACE_STYLE_USAGE ( .BOTH. , #5847 ) ;
#5847 = SURFACE_SIDE_STYLE ('',( #5848 ) ) ;
#5848 = SURFACE_STYLE_FILL_AREA ( #5849 ) ;
#5849 = FILL_AREA_STYLE ('',( #5856 ) ) ;
#5850 = COLOUR_RGB ( '',0.7529411764705882200, 0.7529411764705882200, 0.7529411764705882200 ) ;
#5851 = FACE_OUTER_BOUND ( 'NONE', #1120, .T. ) ;
#5852 = DIRECTION ( 'NONE',  ( 0.0000000000000000000, -1.000000000000000000, -1.445602896647339200E-016 ) ) ;
#5853 = VECTOR ( 'NONE', #5852, 1000.000000000000000 ) ;
#5854 = CARTESIAN_POINT ( 'NONE',  ( -5.250000000000000900, 0.3999999999999993000, -2.602085213965210600E-015 ) ) ;
#5855 = LINE ( 'NONE', #5854, #5853 ) ;
#5856 = FILL_AREA_STYLE_COLOUR ( '', #5850 ) ;
#5857 = DIRECTION ( 'NONE',  ( 0.0000000000000000000, 1.000000000000000000, 2.502005013428087100E-016 ) ) ;
#5858 = VECTOR ( 'NONE', #5857, 1000.000000000000000 ) ;
#5859 = CARTESIAN_POINT ( 'NONE',  ( -5.250000000000000900, 6.399999999999999500, -0.5000000000000017800 ) ) ;
#5860 = LINE ( 'NONE', #5859, #5858 ) ;
#5861 = DIRECTION ( 'NONE',  ( 0.0000000000000000000, 0.0000000000000000000, 1.000000000000000000 ) ) ;
#5862 = DIRECTION ( 'NONE',  ( -1.000000000000000000, 0.0000000000000000000, 0.0000000000000000000 ) ) ;
#5863 = CARTESIAN_POINT ( 'NONE',  ( -5.250000000000000900, 0.3999999999999993000, -2.850000000000001400 ) ) ;
#5864 = AXIS2_PLACEMENT_3D ( 'NONE', #5863, #5862, #5861 ) ;
#5865 = PLANE ( 'NONE',  #5864 ) ;
#5866 =( GEOMETRIC_REPRESENTATION_CONTEXT ( 3 ) GLOBAL_UNCERTAINTY_ASSIGNED_CONTEXT ( ( #5867 ) ) GLOBAL_UNIT_ASSIGNED_CONTEXT ( ( #5870, #5869, #5868 ) ) REPRESENTATION_CONTEXT ( 'NONE', 'WORKASPACE' ) );
#5867 = UNCERTAINTY_MEASURE_WITH_UNIT (LENGTH_MEASURE( 1.000000000000000100E-005 ), #5870, 'distance_accuracy_value', 'NONE');
#5868 =( NAMED_UNIT ( * ) SI_UNIT ( $, .STERADIAN. ) SOLID_ANGLE_UNIT ( ) );
#5869 =( NAMED_UNIT ( * ) PLANE_ANGLE_UNIT ( ) SI_UNIT ( $, .RADIAN. ) );
#5870 =( LENGTH_UNIT ( ) NAMED_UNIT ( * ) SI_UNIT ( .MILLI., .METRE. ) );
#5871 = MECHANICAL_DESIGN_GEOMETRIC_PRESENTATION_REPRESENTATION (  '', ( #5873 ), #5866 ) ;
#5872 = PRESENTATION_LAYER_ASSIGNMENT (  '', '', ( #5873 ) ) ;
#5873 = STYLED_ITEM ( 'NONE', ( #5874 ), #1127 ) ;
#5874 = PRESENTATION_STYLE_ASSIGNMENT (( #5875 ) ) ;
#5875 = SURFACE_STYLE_USAGE ( .BOTH. , #5876 ) ;
#5876 = SURFACE_SIDE_STYLE ('',( #5877 ) ) ;
#5877 = SURFACE_STYLE_FILL_AREA ( #5878 ) ;
#5878 = FILL_AREA_STYLE ('',( #5885 ) ) ;
#5879 = COLOUR_RGB ( '',0.7529411764705882200, 0.7529411764705882200, 0.7529411764705882200 ) ;
#5880 = FACE_OUTER_BOUND ( 'NONE', #1128, .T. ) ;
#5881 = DIRECTION ( 'NONE',  ( 0.0000000000000000000, 0.0000000000000000000, -1.000000000000000000 ) ) ;
#5882 = VECTOR ( 'NONE', #5881, 1000.000000000000000 ) ;
#5883 = CARTESIAN_POINT ( 'NONE',  ( -5.250000000000000900, 0.0000000000000000000, -2.350000000000001400 ) ) ;
#5884 = LINE ( 'NONE', #5883, #5882 ) ;
#5885 = FILL_AREA_STYLE_COLOUR ( '', #5879 ) ;
#5886 = DIRECTION ( 'NONE',  ( 0.0000000000000000000, 0.0000000000000000000, 1.000000000000000000 ) ) ;
#5887 = DIRECTION ( 'NONE',  ( -1.000000000000000000, 0.0000000000000000000, 0.0000000000000000000 ) ) ;
#5888 = CARTESIAN_POINT ( 'NONE',  ( -4.750000000000000900, 0.3999999999999993000, -2.850000000000001400 ) ) ;
#5889 = AXIS2_PLACEMENT_3D ( 'NONE', #5888, #5887, #5886 ) ;
#5890 = PLANE ( 'NONE',  #5889 ) ;
#5891 =( GEOMETRIC_REPRESENTATION_CONTEXT ( 3 ) GLOBAL_UNCERTAINTY_ASSIGNED_CONTEXT ( ( #5838 ) ) GLOBAL_UNIT_ASSIGNED_CONTEXT ( ( #5841, #5840, #5839 ) ) REPRESENTATION_CONTEXT ( 'NONE', 'WORKASPACE' ) );
#5892 = CARTESIAN_POINT ( 'NONE',  ( -4.750000000000000900, 0.5999999999999998700, -4.250000000000000900 ) ) ;
#5893 = AXIS2_PLACEMENT_3D ( 'NONE', #5892, #5947, #5946 ) ;
#5894 = PLANE ( 'NONE',  #5893 ) ;
#5895 =( GEOMETRIC_REPRESENTATION_CONTEXT ( 3 ) GLOBAL_UNCERTAINTY_ASSIGNED_CONTEXT ( ( #5896 ) ) GLOBAL_UNIT_ASSIGNED_CONTEXT ( ( #5899, #5898, #5897 ) ) REPRESENTATION_CONTEXT ( 'NONE', 'WORKASPACE' ) );
#5896 = UNCERTAINTY_MEASURE_WITH_UNIT (LENGTH_MEASURE( 1.000000000000000100E-005 ), #5899, 'distance_accuracy_value', 'NONE');
#5897 =( NAMED_UNIT ( * ) SI_UNIT ( $, .STERADIAN. ) SOLID_ANGLE_UNIT ( ) );
#5898 =( NAMED_UNIT ( * ) PLANE_ANGLE_UNIT ( ) SI_UNIT ( $, .RADIAN. ) );
#5899 =( LENGTH_UNIT ( ) NAMED_UNIT ( * ) SI_UNIT ( .MILLI., .METRE. ) );
#5900 = MECHANICAL_DESIGN_GEOMETRIC_PRESENTATION_REPRESENTATION (  '', ( #5902 ), #5895 ) ;
#5901 = PRESENTATION_LAYER_ASSIGNMENT (  '', '', ( #5902 ) ) ;
#5902 = STYLED_ITEM ( 'NONE', ( #5903 ), #1134 ) ;
#5903 = PRESENTATION_STYLE_ASSIGNMENT (( #5904 ) ) ;
#5904 = SURFACE_STYLE_USAGE ( .BOTH. , #5905 ) ;
#5905 = SURFACE_SIDE_STYLE ('',( #5906 ) ) ;
#5906 = SURFACE_STYLE_FILL_AREA ( #5907 ) ;
#5907 = FILL_AREA_STYLE ('',( #5914 ) ) ;
#5908 = COLOUR_RGB ( '',0.7529411764705882200, 0.7529411764705882200, 0.7529411764705882200 ) ;
#5909 = FACE_OUTER_BOUND ( 'NONE', #1135, .T. ) ;
#5910 = DIRECTION ( 'NONE',  ( -1.000000000000000000, 0.0000000000000000000, 0.0000000000000000000 ) ) ;
#5911 = VECTOR ( 'NONE', #5910, 1000.000000000000000 ) ;
#5912 = CARTESIAN_POINT ( 'NONE',  ( -4.750000000000000900, 0.0000000000000000000, -4.250000000000001800 ) ) ;
#5913 = LINE ( 'NONE', #5912, #5911 ) ;
#5914 = FILL_AREA_STYLE_COLOUR ( '', #5908 ) ;
#5915 = DIRECTION ( 'NONE',  ( 0.0000000000000000000, 0.0000000000000000000, 1.000000000000000000 ) ) ;
#5916 = DIRECTION ( 'NONE',  ( 0.0000000000000000000, 1.000000000000000000, 0.0000000000000000000 ) ) ;
#5917 = CARTESIAN_POINT ( 'NONE',  ( -4.750000000000000900, 0.0000000000000000000, -2.350000000000001400 ) ) ;
#5918 = AXIS2_PLACEMENT_3D ( 'NONE', #5917, #5916, #5915 ) ;
#5919 = PLANE ( 'NONE',  #5918 ) ;
#5920 = PLANE ( 'NONE',  #5981 ) ;
#5921 =( GEOMETRIC_REPRESENTATION_CONTEXT ( 3 ) GLOBAL_UNCERTAINTY_ASSIGNED_CONTEXT ( ( #5922 ) ) GLOBAL_UNIT_ASSIGNED_CONTEXT ( ( #5925, #5924, #5923 ) ) REPRESENTATION_CONTEXT ( 'NONE', 'WORKASPACE' ) );
#5922 = UNCERTAINTY_MEASURE_WITH_UNIT (LENGTH_MEASURE( 1.000000000000000100E-005 ), #5925, 'distance_accuracy_value', 'NONE');
#5923 =( NAMED_UNIT ( * ) SI_UNIT ( $, .STERADIAN. ) SOLID_ANGLE_UNIT ( ) );
#5924 =( NAMED_UNIT ( * ) PLANE_ANGLE_UNIT ( ) SI_UNIT ( $, .RADIAN. ) );
#5925 =( LENGTH_UNIT ( ) NAMED_UNIT ( * ) SI_UNIT ( .MILLI., .METRE. ) );
#5926 = MECHANICAL_DESIGN_GEOMETRIC_PRESENTATION_REPRESENTATION (  '', ( #5928 ), #5921 ) ;
#5927 = PRESENTATION_LAYER_ASSIGNMENT (  '', '', ( #5928 ) ) ;
#5928 = STYLED_ITEM ( 'NONE', ( #5929 ), #1140 ) ;
#5929 = PRESENTATION_STYLE_ASSIGNMENT (( #5930 ) ) ;
#5930 = SURFACE_STYLE_USAGE ( .BOTH. , #5931 ) ;
#5931 = SURFACE_SIDE_STYLE ('',( #5932 ) ) ;
#5932 = SURFACE_STYLE_FILL_AREA ( #5933 ) ;
#5933 = FILL_AREA_STYLE ('',( #5940 ) ) ;
#5934 = COLOUR_RGB ( '',0.7529411764705882200, 0.7529411764705882200, 0.7529411764705882200 ) ;
#5935 = FACE_OUTER_BOUND ( 'NONE', #1141, .T. ) ;
#5936 = DIRECTION ( 'NONE',  ( 0.0000000000000000000, 1.000000000000000000, 3.614007241618349300E-016 ) ) ;
#5937 = VECTOR ( 'NONE', #5936, 1000.000000000000000 ) ;
#5938 = CARTESIAN_POINT ( 'NONE',  ( -4.750000000000000900, 0.5999999999999998700, -4.250000000000000900 ) ) ;
#5939 = LINE ( 'NONE', #5938, #5937 ) ;
#5940 = FILL_AREA_STYLE_COLOUR ( '', #5934 ) ;
#5941 = CARTESIAN_POINT ( 'NONE',  ( -4.750000000000000900, 0.0000000000000000000, -4.250000000000001800 ) ) ;
#5942 = DIRECTION ( 'NONE',  ( 0.0000000000000000000, 0.0000000000000000000, -1.000000000000000000 ) ) ;
#5943 = VECTOR ( 'NONE', #5942, 1000.000000000000000 ) ;
#5944 = CARTESIAN_POINT ( 'NONE',  ( -4.750000000000000900, 0.0000000000000000000, -2.350000000000001400 ) ) ;
#5945 = LINE ( 'NONE', #5944, #5943 ) ;
#5946 = DIRECTION ( 'NONE',  ( 0.0000000000000000000, -1.000000000000000000, -3.614007241618349300E-016 ) ) ;
#5947 = DIRECTION ( 'NONE',  ( 0.0000000000000000000, -3.614007241618349300E-016, 1.000000000000000000 ) ) ;
#5948 = UNCERTAINTY_MEASURE_WITH_UNIT (LENGTH_MEASURE( 1.000000000000000100E-005 ), #5951, 'distance_accuracy_value', 'NONE');
#5949 =( NAMED_UNIT ( * ) SI_UNIT ( $, .STERADIAN. ) SOLID_ANGLE_UNIT ( ) );
#5950 =( NAMED_UNIT ( * ) PLANE_ANGLE_UNIT ( ) SI_UNIT ( $, .RADIAN. ) );
#5951 =( LENGTH_UNIT ( ) NAMED_UNIT ( * ) SI_UNIT ( .MILLI., .METRE. ) );
#5952 = MECHANICAL_DESIGN_GEOMETRIC_PRESENTATION_REPRESENTATION (  '', ( #5954 ), #6013 ) ;
#5953 = PRESENTATION_LAYER_ASSIGNMENT (  '', '', ( #5954 ) ) ;
#5954 = STYLED_ITEM ( 'NONE', ( #5955 ), #1153 ) ;
#5955 = PRESENTATION_STYLE_ASSIGNMENT (( #5956 ) ) ;
#5956 = SURFACE_STYLE_USAGE ( .BOTH. , #5957 ) ;
#5957 = SURFACE_SIDE_STYLE ('',( #5958 ) ) ;
#5958 = SURFACE_STYLE_FILL_AREA ( #5959 ) ;
#5959 = FILL_AREA_STYLE ('',( #5966 ) ) ;
#5960 = COLOUR_RGB ( '',0.7529411764705882200, 0.7529411764705882200, 0.7529411764705882200 ) ;
#5961 = FACE_OUTER_BOUND ( 'NONE', #1154, .T. ) ;
#5962 = DIRECTION ( 'NONE',  ( -1.000000000000000000, 0.0000000000000000000, 0.0000000000000000000 ) ) ;
#5963 = VECTOR ( 'NONE', #5962, 1000.000000000000000 ) ;
#5964 = CARTESIAN_POINT ( 'NONE',  ( -4.750000000000000900, 0.0000000000000000000, -2.350000000000001400 ) ) ;
#5965 = LINE ( 'NONE', #5964, #5963 ) ;
#5966 = FILL_AREA_STYLE_COLOUR ( '', #5960 ) ;
#5967 = CARTESIAN_POINT ( 'NONE',  ( -5.250000000000000900, 0.0000000000000000000, -2.350000000000001400 ) ) ;
#5968 = CARTESIAN_POINT ( 'NONE',  ( -5.250000000000000900, 0.0000000000000000000, -4.250000000000001800 ) ) ;
#5969 = DIRECTION ( 'NONE',  ( 0.0000000000000000000, 1.000000000000000000, 3.614007241618349300E-016 ) ) ;
#5970 = VECTOR ( 'NONE', #5969, 1000.000000000000000 ) ;
#5971 = CARTESIAN_POINT ( 'NONE',  ( -5.250000000000000900, 0.5999999999999998700, -4.250000000000000900 ) ) ;
#5972 = LINE ( 'NONE', #5971, #5970 ) ;
#5973 = CARTESIAN_POINT ( 'NONE',  ( -5.250000000000000900, 0.5999999999999998700, -4.250000000000000900 ) ) ;
#5974 = DIRECTION ( 'NONE',  ( 0.0000000000000000000, 0.0000000000000000000, 1.000000000000000000 ) ) ;
#5975 = VECTOR ( 'NONE', #5974, 1000.000000000000000 ) ;
#5976 = CARTESIAN_POINT ( 'NONE',  ( -5.250000000000000900, 0.5999999999999998700, -2.850000000000001400 ) ) ;
#5977 = LINE ( 'NONE', #5976, #5975 ) ;
#5978 = DIRECTION ( 'NONE',  ( 0.0000000000000000000, 0.0000000000000000000, 1.000000000000000000 ) ) ;
#5979 = DIRECTION ( 'NONE',  ( -1.000000000000000000, 0.0000000000000000000, 0.0000000000000000000 ) ) ;
#5980 = CARTESIAN_POINT ( 'NONE',  ( -5.250000000000000900, 0.3999999999999993000, -2.850000000000001400 ) ) ;
#5981 = AXIS2_PLACEMENT_3D ( 'NONE', #5980, #5979, #5978 ) ;
#5982 =( NAMED_UNIT ( * ) PLANE_ANGLE_UNIT ( ) SI_UNIT ( $, .RADIAN. ) );
#5983 =( LENGTH_UNIT ( ) NAMED_UNIT ( * ) SI_UNIT ( .MILLI., .METRE. ) );
#5984 = MECHANICAL_DESIGN_GEOMETRIC_PRESENTATION_REPRESENTATION (  '', ( #5986 ), #6034 ) ;
#5985 = PRESENTATION_LAYER_ASSIGNMENT (  '', '', ( #5986 ) ) ;
#5986 = STYLED_ITEM ( 'NONE', ( #5987 ), #1170 ) ;
#5987 = PRESENTATION_STYLE_ASSIGNMENT (( #5988 ) ) ;
#5988 = SURFACE_STYLE_USAGE ( .BOTH. , #5989 ) ;
#5989 = SURFACE_SIDE_STYLE ('',( #5990 ) ) ;
#5990 = SURFACE_STYLE_FILL_AREA ( #5991 ) ;
#5991 = FILL_AREA_STYLE ('',( #5998 ) ) ;
#5992 = COLOUR_RGB ( '',0.7529411764705882200, 0.7529411764705882200, 0.7529411764705882200 ) ;
#5993 = FACE_OUTER_BOUND ( 'NONE', #1171, .T. ) ;
#5994 = DIRECTION ( 'NONE',  ( 0.0000000000000000000, -1.000000000000000000, -1.445602896647339200E-016 ) ) ;
#5995 = VECTOR ( 'NONE', #5994, 1000.000000000000000 ) ;
#5996 = CARTESIAN_POINT ( 'NONE',  ( -7.250000000000002700, 0.3999999999999993000, -2.602085213965210600E-015 ) ) ;
#5997 = LINE ( 'NONE', #5996, #5995 ) ;
#5998 = FILL_AREA_STYLE_COLOUR ( '', #5992 ) ;
#5999 = DIRECTION ( 'NONE',  ( 0.0000000000000000000, 1.000000000000000000, 2.502005013428087100E-016 ) ) ;
#6000 = VECTOR ( 'NONE', #5999, 1000.000000000000000 ) ;
#6001 = CARTESIAN_POINT ( 'NONE',  ( -7.250000000000002700, 6.399999999999999500, -0.5000000000000017800 ) ) ;
#6002 = LINE ( 'NONE', #6001, #6000 ) ;
#6003 = CARTESIAN_POINT ( 'NONE',  ( -4.750000000000000900, 0.5999999999999998700, -4.250000000000000900 ) ) ;
#6004 = DIRECTION ( 'NONE',  ( 0.0000000000000000000, 0.0000000000000000000, 1.000000000000000000 ) ) ;
#6005 = VECTOR ( 'NONE', #6004, 1000.000000000000000 ) ;
#6006 = CARTESIAN_POINT ( 'NONE',  ( -4.750000000000000900, 0.5999999999999998700, -2.850000000000001400 ) ) ;
#6007 = LINE ( 'NONE', #6006, #6005 ) ;
#6008 = DIRECTION ( 'NONE',  ( 0.0000000000000000000, 0.0000000000000000000, 1.000000000000000000 ) ) ;
#6009 = DIRECTION ( 'NONE',  ( -1.000000000000000000, 0.0000000000000000000, 0.0000000000000000000 ) ) ;
#6010 = CARTESIAN_POINT ( 'NONE',  ( -4.750000000000000900, 0.3999999999999993000, -2.850000000000001400 ) ) ;
#6011 = AXIS2_PLACEMENT_3D ( 'NONE', #6010, #6009, #6008 ) ;
#6012 = PLANE ( 'NONE',  #6011 ) ;
#6013 =( GEOMETRIC_REPRESENTATION_CONTEXT ( 3 ) GLOBAL_UNCERTAINTY_ASSIGNED_CONTEXT ( ( #5948 ) ) GLOBAL_UNIT_ASSIGNED_CONTEXT ( ( #5951, #5950, #5949 ) ) REPRESENTATION_CONTEXT ( 'NONE', 'WORKASPACE' ) );
#6014 = CARTESIAN_POINT ( 'NONE',  ( -6.750000000000002700, 6.399999999999999500, -1.734723475976807100E-015 ) ) ;
#6015 = DIRECTION ( 'NONE',  ( -1.000000000000000000, 0.0000000000000000000, 0.0000000000000000000 ) ) ;
#6016 = VECTOR ( 'NONE', #6015, 1000.000000000000000 ) ;
#6017 = CARTESIAN_POINT ( 'NONE',  ( -6.750000000000002700, 6.399999999999999500, -1.734723475976807100E-015 ) ) ;
#6018 = LINE ( 'NONE', #6017, #6016 ) ;
#6019 = CARTESIAN_POINT ( 'NONE',  ( -7.250000000000002700, 6.399999999999999500, -1.734723475976807100E-015 ) ) ;
#6020 = CARTESIAN_POINT ( 'NONE',  ( -7.250000000000002700, 6.399999999999999500, -0.5000000000000017800 ) ) ;
#6021 = DIRECTION ( 'NONE',  ( 0.0000000000000000000, 0.0000000000000000000, 1.000000000000000000 ) ) ;
#6022 = VECTOR ( 'NONE', #6021, 1000.000000000000000 ) ;
#6023 = CARTESIAN_POINT ( 'NONE',  ( -7.250000000000002700, 6.399999999999999500, -1.734723475976807100E-015 ) ) ;
#6024 = LINE ( 'NONE', #6023, #6022 ) ;
#6025 = DIRECTION ( 'NONE',  ( 0.0000000000000000000, 1.000000000000000000, 2.502005013428087100E-016 ) ) ;
#6026 = VECTOR ( 'NONE', #6025, 1000.000000000000000 ) ;
#6027 = CARTESIAN_POINT ( 'NONE',  ( -6.750000000000002700, 6.399999999999999500, -0.5000000000000017800 ) ) ;
#6028 = LINE ( 'NONE', #6027, #6026 ) ;
#6029 = DIRECTION ( 'NONE',  ( 0.0000000000000000000, 0.0000000000000000000, 1.000000000000000000 ) ) ;
#6030 = DIRECTION ( 'NONE',  ( -1.000000000000000000, 0.0000000000000000000, 0.0000000000000000000 ) ) ;
#6031 = CARTESIAN_POINT ( 'NONE',  ( -6.750000000000002700, 0.3999999999999993000, -2.850000000000001400 ) ) ;
#6032 = AXIS2_PLACEMENT_3D ( 'NONE', #6031, #6030, #6029 ) ;
#6033 = PLANE ( 'NONE',  #6032 ) ;
#6034 =( GEOMETRIC_REPRESENTATION_CONTEXT ( 3 ) GLOBAL_UNCERTAINTY_ASSIGNED_CONTEXT ( ( #6035 ) ) GLOBAL_UNIT_ASSIGNED_CONTEXT ( ( #5983, #5982, #6036 ) ) REPRESENTATION_CONTEXT ( 'NONE', 'WORKASPACE' ) );
#6035 = UNCERTAINTY_MEASURE_WITH_UNIT (LENGTH_MEASURE( 1.000000000000000100E-005 ), #5983, 'distance_accuracy_value', 'NONE');
#6036 =( NAMED_UNIT ( * ) SI_UNIT ( $, .STERADIAN. ) SOLID_ANGLE_UNIT ( ) );
#6037 = DIRECTION ( 'NONE',  ( 0.0000000000000000000, 0.0000000000000000000, 1.000000000000000000 ) ) ;
#6038 = DIRECTION ( 'NONE',  ( -1.000000000000000000, 0.0000000000000000000, 0.0000000000000000000 ) ) ;
#6039 = CARTESIAN_POINT ( 'NONE',  ( -7.250000000000002700, 0.3999999999999993000, -2.850000000000001400 ) ) ;
#6040 = AXIS2_PLACEMENT_3D ( 'NONE', #6039, #6038, #6037 ) ;
#6041 = PLANE ( 'NONE',  #6040 ) ;
#6042 =( GEOMETRIC_REPRESENTATION_CONTEXT ( 3 ) GLOBAL_UNCERTAINTY_ASSIGNED_CONTEXT ( ( #6043 ) ) GLOBAL_UNIT_ASSIGNED_CONTEXT ( ( #6046, #6045, #6044 ) ) REPRESENTATION_CONTEXT ( 'NONE', 'WORKASPACE' ) );
#6043 = UNCERTAINTY_MEASURE_WITH_UNIT (LENGTH_MEASURE( 1.000000000000000100E-005 ), #6046, 'distance_accuracy_value', 'NONE');
#6044 =( NAMED_UNIT ( * ) SI_UNIT ( $, .STERADIAN. ) SOLID_ANGLE_UNIT ( ) );
#6045 =( NAMED_UNIT ( * ) PLANE_ANGLE_UNIT ( ) SI_UNIT ( $, .RADIAN. ) );
#6046 =( LENGTH_UNIT ( ) NAMED_UNIT ( * ) SI_UNIT ( .MILLI., .METRE. ) );
#6047 = MECHANICAL_DESIGN_GEOMETRIC_PRESENTATION_REPRESENTATION (  '', ( #6049 ), #6042 ) ;
#6048 = PRESENTATION_LAYER_ASSIGNMENT (  '', '', ( #6049 ) ) ;
#6049 = STYLED_ITEM ( 'NONE', ( #6050 ), #1189 ) ;
#6050 = PRESENTATION_STYLE_ASSIGNMENT (( #6051 ) ) ;
#6051 = SURFACE_STYLE_USAGE ( .BOTH. , #6052 ) ;
#6052 = SURFACE_SIDE_STYLE ('',( #6053 ) ) ;
#6053 = SURFACE_STYLE_FILL_AREA ( #6054 ) ;
#6054 = FILL_AREA_STYLE ('',( #6061 ) ) ;
#6055 = COLOUR_RGB ( '',0.7529411764705882200, 0.7529411764705882200, 0.7529411764705882200 ) ;
#6056 = FACE_OUTER_BOUND ( 'NONE', #1190, .T. ) ;
#6057 = DIRECTION ( 'NONE',  ( -1.000000000000000000, 0.0000000000000000000, 0.0000000000000000000 ) ) ;
#6058 = VECTOR ( 'NONE', #6057, 1000.000000000000000 ) ;
#6059 = CARTESIAN_POINT ( 'NONE',  ( -6.750000000000002700, 6.399999999999999500, -0.5000000000000017800 ) ) ;
#6060 = LINE ( 'NONE', #6059, #6058 ) ;
#6061 = FILL_AREA_STYLE_COLOUR ( '', #6055 ) ;
#6062 = CARTESIAN_POINT ( 'NONE',  ( -6.750000000000002700, 6.399999999999999500, -0.5000000000000017800 ) ) ;
#6063 = DIRECTION ( 'NONE',  ( 0.0000000000000000000, 0.0000000000000000000, 1.000000000000000000 ) ) ;
#6064 = VECTOR ( 'NONE', #6063, 1000.000000000000000 ) ;
#6065 = CARTESIAN_POINT ( 'NONE',  ( -6.750000000000002700, 6.399999999999999500, -1.734723475976807100E-015 ) ) ;
#6066 = LINE ( 'NONE', #6065, #6064 ) ;
#6067 = STYLED_ITEM ( 'NONE', ( #6068 ), #1203 ) ;
#6068 = PRESENTATION_STYLE_ASSIGNMENT (( #6069 ) ) ;
#6069 = SURFACE_STYLE_USAGE ( .BOTH. , #6070 ) ;
#6070 = SURFACE_SIDE_STYLE ('',( #6071 ) ) ;
#6071 = SURFACE_STYLE_FILL_AREA ( #6072 ) ;
#6072 = FILL_AREA_STYLE ('',( #6079 ) ) ;
#6073 = COLOUR_RGB ( '',0.7529411764705882200, 0.7529411764705882200, 0.7529411764705882200 ) ;
#6074 = FACE_OUTER_BOUND ( 'NONE', #1123, .T. ) ;
#6075 = DIRECTION ( 'NONE',  ( 0.0000000000000000000, 0.0000000000000000000, -1.000000000000000000 ) ) ;
#6076 = DIRECTION ( 'NONE',  ( 0.0000000000000000000, -1.000000000000000000, 0.0000000000000000000 ) ) ;
#6077 = CARTESIAN_POINT ( 'NONE',  ( -4.750000000000000900, 0.5999999999999998700, -2.850000000000001400 ) ) ;
#6078 = AXIS2_PLACEMENT_3D ( 'NONE', #6077, #6076, #6075 ) ;
#6079 = FILL_AREA_STYLE_COLOUR ( '', #6073 ) ;
#6080 = PLANE ( 'NONE',  #6078 ) ;
#6081 =( GEOMETRIC_REPRESENTATION_CONTEXT ( 3 ) GLOBAL_UNCERTAINTY_ASSIGNED_CONTEXT ( ( #6082 ) ) GLOBAL_UNIT_ASSIGNED_CONTEXT ( ( #6085, #6084, #6083 ) ) REPRESENTATION_CONTEXT ( 'NONE', 'WORKASPACE' ) );
#6082 = UNCERTAINTY_MEASURE_WITH_UNIT (LENGTH_MEASURE( 1.000000000000000100E-005 ), #6085, 'distance_accuracy_value', 'NONE');
#6083 =( NAMED_UNIT ( * ) SI_UNIT ( $, .STERADIAN. ) SOLID_ANGLE_UNIT ( ) );
#6084 =( NAMED_UNIT ( * ) PLANE_ANGLE_UNIT ( ) SI_UNIT ( $, .RADIAN. ) );
#6085 =( LENGTH_UNIT ( ) NAMED_UNIT ( * ) SI_UNIT ( .MILLI., .METRE. ) );
#6086 = MECHANICAL_DESIGN_GEOMETRIC_PRESENTATION_REPRESENTATION (  '', ( #6088 ), #6081 ) ;
#6087 = PRESENTATION_LAYER_ASSIGNMENT (  '', '', ( #6088 ) ) ;
#6088 = STYLED_ITEM ( 'NONE', ( #6089 ), #1197 ) ;
#6089 = PRESENTATION_STYLE_ASSIGNMENT (( #6090 ) ) ;
#6090 = SURFACE_STYLE_USAGE ( .BOTH. , #6091 ) ;
#6091 = SURFACE_SIDE_STYLE ('',( #6092 ) ) ;
#6092 = SURFACE_STYLE_FILL_AREA ( #6093 ) ;
#6093 = FILL_AREA_STYLE ('',( #6100 ) ) ;
#6094 = COLOUR_RGB ( '',0.7529411764705882200, 0.7529411764705882200, 0.7529411764705882200 ) ;
#6095 = FACE_OUTER_BOUND ( 'NONE', #1198, .T. ) ;
#6096 = DIRECTION ( 'NONE',  ( -1.000000000000000000, 0.0000000000000000000, 0.0000000000000000000 ) ) ;
#6097 = VECTOR ( 'NONE', #6096, 1000.000000000000000 ) ;
#6098 = CARTESIAN_POINT ( 'NONE',  ( -4.750000000000000900, 0.5999999999999998700, -4.250000000000000900 ) ) ;
#6099 = LINE ( 'NONE', #6098, #6097 ) ;
#6100 = FILL_AREA_STYLE_COLOUR ( '', #6094 ) ;
#6101 = CARTESIAN_POINT ( 'NONE',  ( -6.750000000000002700, 0.0000000000000000000, -4.250000000000001800 ) ) ;
#6102 = FILL_AREA_STYLE_COLOUR ( '', #6151 ) ;
#6103 = DIRECTION ( 'NONE',  ( 0.0000000000000000000, 0.0000000000000000000, -1.000000000000000000 ) ) ;
#6104 = VECTOR ( 'NONE', #6103, 1000.000000000000000 ) ;
#6105 = CARTESIAN_POINT ( 'NONE',  ( -6.750000000000002700, 0.0000000000000000000, -2.350000000000001400 ) ) ;
#6106 = LINE ( 'NONE', #6105, #6104 ) ;
#6107 = DIRECTION ( 'NONE',  ( 0.0000000000000000000, 0.0000000000000000000, 1.000000000000000000 ) ) ;
#6108 = VECTOR ( 'NONE', #6107, 1000.000000000000000 ) ;
#6109 = CARTESIAN_POINT ( 'NONE',  ( -6.750000000000002700, 0.5999999999999998700, -2.850000000000001400 ) ) ;
#6110 = LINE ( 'NONE', #6109, #6108 ) ;
#6111 = DIRECTION ( 'NONE',  ( 0.0000000000000000000, 0.0000000000000000000, -1.000000000000000000 ) ) ;
#6112 = DIRECTION ( 'NONE',  ( 0.0000000000000000000, -1.000000000000000000, 0.0000000000000000000 ) ) ;
#6113 = CARTESIAN_POINT ( 'NONE',  ( -6.750000000000002700, 6.399999999999999500, -1.734723475976807100E-015 ) ) ;
#6114 = AXIS2_PLACEMENT_3D ( 'NONE', #6113, #6112, #6111 ) ;
#6115 = PLANE ( 'NONE',  #6114 ) ;
#6116 =( GEOMETRIC_REPRESENTATION_CONTEXT ( 3 ) GLOBAL_UNCERTAINTY_ASSIGNED_CONTEXT ( ( #6117 ) ) GLOBAL_UNIT_ASSIGNED_CONTEXT ( ( #6120, #6119, #6118 ) ) REPRESENTATION_CONTEXT ( 'NONE', 'WORKASPACE' ) );
#6117 = UNCERTAINTY_MEASURE_WITH_UNIT (LENGTH_MEASURE( 1.000000000000000100E-005 ), #6120, 'distance_accuracy_value', 'NONE');
#6118 =( NAMED_UNIT ( * ) SI_UNIT ( $, .STERADIAN. ) SOLID_ANGLE_UNIT ( ) );
#6119 =( NAMED_UNIT ( * ) PLANE_ANGLE_UNIT ( ) SI_UNIT ( $, .RADIAN. ) );
#6120 =( LENGTH_UNIT ( ) NAMED_UNIT ( * ) SI_UNIT ( .MILLI., .METRE. ) );
#6121 = MECHANICAL_DESIGN_GEOMETRIC_PRESENTATION_REPRESENTATION (  '', ( #6067 ), #6116 ) ;
#6122 = PRESENTATION_LAYER_ASSIGNMENT (  '', '', ( #6067 ) ) ;
#6123 = PRESENTATION_LAYER_ASSIGNMENT (  '', '', ( #6124 ) ) ;
#6124 = STYLED_ITEM ( 'NONE', ( #6125 ), #1219 ) ;
#6125 = PRESENTATION_STYLE_ASSIGNMENT (( #6126 ) ) ;
#6126 = SURFACE_STYLE_USAGE ( .BOTH. , #6127 ) ;
#6127 = SURFACE_SIDE_STYLE ('',( #6128 ) ) ;
#6128 = SURFACE_STYLE_FILL_AREA ( #6129 ) ;
#6129 = FILL_AREA_STYLE ('',( #6136 ) ) ;
#6130 = COLOUR_RGB ( '',0.7529411764705882200, 0.7529411764705882200, 0.7529411764705882200 ) ;
#6131 = FACE_OUTER_BOUND ( 'NONE', #1220, .T. ) ;
#6132 = DIRECTION ( 'NONE',  ( 0.0000000000000000000, 0.0000000000000000000, 1.000000000000000000 ) ) ;
#6133 = DIRECTION ( 'NONE',  ( -1.000000000000000000, 0.0000000000000000000, 0.0000000000000000000 ) ) ;
#6134 = CARTESIAN_POINT ( 'NONE',  ( -7.250000000000002700, 0.3999999999999993000, -2.850000000000001400 ) ) ;
#6135 = AXIS2_PLACEMENT_3D ( 'NONE', #6134, #6133, #6132 ) ;
#6136 = FILL_AREA_STYLE_COLOUR ( '', #6130 ) ;
#6137 = PLANE ( 'NONE',  #6135 ) ;
#6138 =( GEOMETRIC_REPRESENTATION_CONTEXT ( 3 ) GLOBAL_UNCERTAINTY_ASSIGNED_CONTEXT ( ( #6139 ) ) GLOBAL_UNIT_ASSIGNED_CONTEXT ( ( #6142, #6141, #6140 ) ) REPRESENTATION_CONTEXT ( 'NONE', 'WORKASPACE' ) );
#6139 = UNCERTAINTY_MEASURE_WITH_UNIT (LENGTH_MEASURE( 1.000000000000000100E-005 ), #6142, 'distance_accuracy_value', 'NONE');
#6140 =( NAMED_UNIT ( * ) SI_UNIT ( $, .STERADIAN. ) SOLID_ANGLE_UNIT ( ) );
#6141 =( NAMED_UNIT ( * ) PLANE_ANGLE_UNIT ( ) SI_UNIT ( $, .RADIAN. ) );
#6142 =( LENGTH_UNIT ( ) NAMED_UNIT ( * ) SI_UNIT ( .MILLI., .METRE. ) );
#6143 = MECHANICAL_DESIGN_GEOMETRIC_PRESENTATION_REPRESENTATION (  '', ( #6145 ), #6138 ) ;
#6144 = PRESENTATION_LAYER_ASSIGNMENT (  '', '', ( #6145 ) ) ;
#6145 = STYLED_ITEM ( 'NONE', ( #6146 ), #1215 ) ;
#6146 = PRESENTATION_STYLE_ASSIGNMENT (( #6147 ) ) ;
#6147 = SURFACE_STYLE_USAGE ( .BOTH. , #6148 ) ;
#6148 = SURFACE_SIDE_STYLE ('',( #6149 ) ) ;
#6149 = SURFACE_STYLE_FILL_AREA ( #6150 ) ;
#6150 = FILL_AREA_STYLE ('',( #6102 ) ) ;
#6151 = COLOUR_RGB ( '',0.7529411764705882200, 0.7529411764705882200, 0.7529411764705882200 ) ;
#6152 = FACE_OUTER_BOUND ( 'NONE', #1216, .T. ) ;
#6153 = DIRECTION ( 'NONE',  ( 0.0000000000000000000, 1.000000000000000000, 3.614007241618349300E-016 ) ) ;
#6154 = VECTOR ( 'NONE', #6153, 1000.000000000000000 ) ;
#6155 = CARTESIAN_POINT ( 'NONE',  ( -6.750000000000002700, 0.5999999999999998700, -4.250000000000000900 ) ) ;
#6156 = LINE ( 'NONE', #6155, #6154 ) ;
#6157 = CARTESIAN_POINT ( 'NONE',  ( -7.250000000000002700, 0.0000000000000000000, -2.350000000000001400 ) ) ;
#6158 = DIRECTION ( 'NONE',  ( 0.0000000000000000000, -1.000000000000000000, 2.710505431213766000E-016 ) ) ;
#6159 = VECTOR ( 'NONE', #6158, 1000.000000000000000 ) ;
#6160 = CARTESIAN_POINT ( 'NONE',  ( -7.250000000000002700, 0.3999999999999993000, -2.350000000000001400 ) ) ;
#6161 = LINE ( 'NONE', #6160, #6159 ) ;
#6162 = CARTESIAN_POINT ( 'NONE',  ( -6.750000000000002700, 0.0000000000000000000, -2.350000000000001400 ) ) ;
#6163 = DIRECTION ( 'NONE',  ( 0.0000000000000000000, -1.000000000000000000, 2.710505431213766000E-016 ) ) ;
#6164 = VECTOR ( 'NONE', #6163, 1000.000000000000000 ) ;
#6165 = CARTESIAN_POINT ( 'NONE',  ( -6.750000000000002700, 0.3999999999999993000, -2.350000000000001400 ) ) ;
#6166 = LINE ( 'NONE', #6165, #6164 ) ;
#6167 = DIRECTION ( 'NONE',  ( 0.0000000000000000000, 1.000000000000000000, -2.710505431213766000E-016 ) ) ;
#6168 = DIRECTION ( 'NONE',  ( 0.0000000000000000000, -2.710505431213766000E-016, -1.000000000000000000 ) ) ;
#6169 = CARTESIAN_POINT ( 'NONE',  ( -6.750000000000002700, 0.3999999999999993000, -2.350000000000001400 ) ) ;
#6170 = AXIS2_PLACEMENT_3D ( 'NONE', #6169, #6168, #6167 ) ;
#6171 = PLANE ( 'NONE',  #6170 ) ;
#6172 =( GEOMETRIC_REPRESENTATION_CONTEXT ( 3 ) GLOBAL_UNCERTAINTY_ASSIGNED_CONTEXT ( ( #6173 ) ) GLOBAL_UNIT_ASSIGNED_CONTEXT ( ( #6176, #6175, #6174 ) ) REPRESENTATION_CONTEXT ( 'NONE', 'WORKASPACE' ) );
#6173 = UNCERTAINTY_MEASURE_WITH_UNIT (LENGTH_MEASURE( 1.000000000000000100E-005 ), #6176, 'distance_accuracy_value', 'NONE');
#6174 =( NAMED_UNIT ( * ) SI_UNIT ( $, .STERADIAN. ) SOLID_ANGLE_UNIT ( ) );
#6175 =( NAMED_UNIT ( * ) PLANE_ANGLE_UNIT ( ) SI_UNIT ( $, .RADIAN. ) );
#6176 =( LENGTH_UNIT ( ) NAMED_UNIT ( * ) SI_UNIT ( .MILLI., .METRE. ) );
#6177 = MECHANICAL_DESIGN_GEOMETRIC_PRESENTATION_REPRESENTATION (  '', ( #6124 ), #6172 ) ;
#6178 = DIRECTION ( 'NONE',  ( 0.0000000000000000000, -1.000000000000000000, -1.445602896647339200E-016 ) ) ;
#6179 = VECTOR ( 'NONE', #6178, 1000.000000000000000 ) ;
#6180 = CARTESIAN_POINT ( 'NONE',  ( -6.750000000000002700, 0.3999999999999993000, -2.602085213965210600E-015 ) ) ;
#6181 = LINE ( 'NONE', #6180, #6179 ) ;
#6182 = FILL_AREA_STYLE_COLOUR ( '', #6239 ) ;
#6183 = CARTESIAN_POINT ( 'NONE',  ( -6.750000000000002700, 0.5999999999999998700, -4.250000000000000900 ) ) ;
#6184 = DIRECTION ( 'NONE',  ( 0.0000000000000000000, 0.0000000000000000000, 1.000000000000000000 ) ) ;
#6185 = DIRECTION ( 'NONE',  ( -1.000000000000000000, 0.0000000000000000000, 0.0000000000000000000 ) ) ;
#6186 = CARTESIAN_POINT ( 'NONE',  ( -6.750000000000002700, 0.3999999999999993000, -2.850000000000001400 ) ) ;
#6187 = AXIS2_PLACEMENT_3D ( 'NONE', #6186, #6185, #6184 ) ;
#6188 = PLANE ( 'NONE',  #6187 ) ;
#6189 =( GEOMETRIC_REPRESENTATION_CONTEXT ( 3 ) GLOBAL_UNCERTAINTY_ASSIGNED_CONTEXT ( ( #6190 ) ) GLOBAL_UNIT_ASSIGNED_CONTEXT ( ( #6193, #6192, #6191 ) ) REPRESENTATION_CONTEXT ( 'NONE', 'WORKASPACE' ) );
#6190 = UNCERTAINTY_MEASURE_WITH_UNIT (LENGTH_MEASURE( 1.000000000000000100E-005 ), #6193, 'distance_accuracy_value', 'NONE');
#6191 =( NAMED_UNIT ( * ) SI_UNIT ( $, .STERADIAN. ) SOLID_ANGLE_UNIT ( ) );
#6192 =( NAMED_UNIT ( * ) PLANE_ANGLE_UNIT ( ) SI_UNIT ( $, .RADIAN. ) );
#6193 =( LENGTH_UNIT ( ) NAMED_UNIT ( * ) SI_UNIT ( .MILLI., .METRE. ) );
#6194 = MECHANICAL_DESIGN_GEOMETRIC_PRESENTATION_REPRESENTATION (  '', ( #6196 ), #6189 ) ;
#6195 = PRESENTATION_LAYER_ASSIGNMENT (  '', '', ( #6196 ) ) ;
#6196 = STYLED_ITEM ( 'NONE', ( #6197 ), #1230 ) ;
#6197 = PRESENTATION_STYLE_ASSIGNMENT (( #6198 ) ) ;
#6198 = SURFACE_STYLE_USAGE ( .BOTH. , #6199 ) ;
#6199 = SURFACE_SIDE_STYLE ('',( #6200 ) ) ;
#6200 = SURFACE_STYLE_FILL_AREA ( #6201 ) ;
#6201 = FILL_AREA_STYLE ('',( #6208 ) ) ;
#6202 = COLOUR_RGB ( '',0.7529411764705882200, 0.7529411764705882200, 0.7529411764705882200 ) ;
#6203 = FACE_OUTER_BOUND ( 'NONE', #1231, .T. ) ;
#6204 = DIRECTION ( 'NONE',  ( -1.000000000000000000, 0.0000000000000000000, 0.0000000000000000000 ) ) ;
#6205 = VECTOR ( 'NONE', #6204, 1000.000000000000000 ) ;
#6206 = CARTESIAN_POINT ( 'NONE',  ( -6.750000000000002700, 0.0000000000000000000, -2.350000000000001400 ) ) ;
#6207 = LINE ( 'NONE', #6206, #6205 ) ;
#6208 = FILL_AREA_STYLE_COLOUR ( '', #6202 ) ;
#6209 =( LENGTH_UNIT ( ) NAMED_UNIT ( * ) SI_UNIT ( .MILLI., .METRE. ) );
#6210 = MECHANICAL_DESIGN_GEOMETRIC_PRESENTATION_REPRESENTATION (  '', ( #6212 ), #6261 ) ;
#6211 = PRESENTATION_LAYER_ASSIGNMENT (  '', '', ( #6212 ) ) ;
#6212 = STYLED_ITEM ( 'NONE', ( #6213 ), #1240 ) ;
#6213 = PRESENTATION_STYLE_ASSIGNMENT (( #6214 ) ) ;
#6214 = SURFACE_STYLE_USAGE ( .BOTH. , #6215 ) ;
#6215 = SURFACE_SIDE_STYLE ('',( #6216 ) ) ;
#6216 = SURFACE_STYLE_FILL_AREA ( #6217 ) ;
#6217 = FILL_AREA_STYLE ('',( #6224 ) ) ;
#6218 = COLOUR_RGB ( '',0.7529411764705882200, 0.7529411764705882200, 0.7529411764705882200 ) ;
#6219 = FACE_OUTER_BOUND ( 'NONE', #1241, .T. ) ;
#6220 = DIRECTION ( 'NONE',  ( 0.0000000000000000000, 1.000000000000000000, 1.445602896647339200E-016 ) ) ;
#6221 = DIRECTION ( 'NONE',  ( 0.0000000000000000000, 1.445602896647339200E-016, -1.000000000000000000 ) ) ;
#6222 = CARTESIAN_POINT ( 'NONE',  ( -6.750000000000002700, 0.3999999999999993000, -2.602085213965210600E-015 ) ) ;
#6223 = AXIS2_PLACEMENT_3D ( 'NONE', #6222, #6221, #6220 ) ;
#6224 = FILL_AREA_STYLE_COLOUR ( '', #6218 ) ;
#6225 = PLANE ( 'NONE',  #6223 ) ;
#6226 =( GEOMETRIC_REPRESENTATION_CONTEXT ( 3 ) GLOBAL_UNCERTAINTY_ASSIGNED_CONTEXT ( ( #6227 ) ) GLOBAL_UNIT_ASSIGNED_CONTEXT ( ( #6230, #6229, #6228 ) ) REPRESENTATION_CONTEXT ( 'NONE', 'WORKASPACE' ) );
#6227 = UNCERTAINTY_MEASURE_WITH_UNIT (LENGTH_MEASURE( 1.000000000000000100E-005 ), #6230, 'distance_accuracy_value', 'NONE');
#6228 =( NAMED_UNIT ( * ) SI_UNIT ( $, .STERADIAN. ) SOLID_ANGLE_UNIT ( ) );
#6229 =( NAMED_UNIT ( * ) PLANE_ANGLE_UNIT ( ) SI_UNIT ( $, .RADIAN. ) );
#6230 =( LENGTH_UNIT ( ) NAMED_UNIT ( * ) SI_UNIT ( .MILLI., .METRE. ) );
#6231 = MECHANICAL_DESIGN_GEOMETRIC_PRESENTATION_REPRESENTATION (  '', ( #6233 ), #6226 ) ;
#6232 = PRESENTATION_LAYER_ASSIGNMENT (  '', '', ( #6233 ) ) ;
#6233 = STYLED_ITEM ( 'NONE', ( #6234 ), #1234 ) ;
#6234 = PRESENTATION_STYLE_ASSIGNMENT (( #6235 ) ) ;
#6235 = SURFACE_STYLE_USAGE ( .BOTH. , #6236 ) ;
#6236 = SURFACE_SIDE_STYLE ('',( #6237 ) ) ;
#6237 = SURFACE_STYLE_FILL_AREA ( #6238 ) ;
#6238 = FILL_AREA_STYLE ('',( #6182 ) ) ;
#6239 = COLOUR_RGB ( '',0.7529411764705882200, 0.7529411764705882200, 0.7529411764705882200 ) ;
#6240 = FACE_OUTER_BOUND ( 'NONE', #1235, .T. ) ;
#6241 = UNCERTAINTY_MEASURE_WITH_UNIT (LENGTH_MEASURE( 1.000000000000000100E-005 ), #6244, 'distance_accuracy_value', 'NONE');
#6242 =( NAMED_UNIT ( * ) SI_UNIT ( $, .STERADIAN. ) SOLID_ANGLE_UNIT ( ) );
#6243 =( NAMED_UNIT ( * ) PLANE_ANGLE_UNIT ( ) SI_UNIT ( $, .RADIAN. ) );
#6244 =( LENGTH_UNIT ( ) NAMED_UNIT ( * ) SI_UNIT ( .MILLI., .METRE. ) );
#6245 = MECHANICAL_DESIGN_GEOMETRIC_PRESENTATION_REPRESENTATION (  '', ( #6247 ), #6290 ) ;
#6246 = PRESENTATION_LAYER_ASSIGNMENT (  '', '', ( #6247 ) ) ;
#6247 = STYLED_ITEM ( 'NONE', ( #6248 ), #1242 ) ;
#6248 = PRESENTATION_STYLE_ASSIGNMENT (( #6249 ) ) ;
#6249 = SURFACE_STYLE_USAGE ( .BOTH. , #6250 ) ;
#6250 = SURFACE_SIDE_STYLE ('',( #6251 ) ) ;
#6251 = SURFACE_STYLE_FILL_AREA ( #6252 ) ;
#6252 = FILL_AREA_STYLE ('',( #6259 ) ) ;
#6253 = COLOUR_RGB ( '',0.7529411764705882200, 0.7529411764705882200, 0.7529411764705882200 ) ;
#6254 = FACE_OUTER_BOUND ( 'NONE', #1298, .T. ) ;
#6255 = DIRECTION ( 'NONE',  ( 0.0000000000000000000, -1.000000000000000000, -2.502005013428087100E-016 ) ) ;
#6256 = DIRECTION ( 'NONE',  ( 0.0000000000000000000, -2.502005013428087100E-016, 1.000000000000000000 ) ) ;
#6257 = CARTESIAN_POINT ( 'NONE',  ( -6.750000000000002700, 6.399999999999999500, -0.5000000000000017800 ) ) ;
#6258 = AXIS2_PLACEMENT_3D ( 'NONE', #6257, #6256, #6255 ) ;
#6259 = FILL_AREA_STYLE_COLOUR ( '', #6253 ) ;
#6260 = PLANE ( 'NONE',  #6258 ) ;
#6261 =( GEOMETRIC_REPRESENTATION_CONTEXT ( 3 ) GLOBAL_UNCERTAINTY_ASSIGNED_CONTEXT ( ( #6262 ) ) GLOBAL_UNIT_ASSIGNED_CONTEXT ( ( #6209, #6264, #6263 ) ) REPRESENTATION_CONTEXT ( 'NONE', 'WORKASPACE' ) );
#6262 = UNCERTAINTY_MEASURE_WITH_UNIT (LENGTH_MEASURE( 1.000000000000000100E-005 ), #6209, 'distance_accuracy_value', 'NONE');
#6263 =( NAMED_UNIT ( * ) SI_UNIT ( $, .STERADIAN. ) SOLID_ANGLE_UNIT ( ) );
#6264 =( NAMED_UNIT ( * ) PLANE_ANGLE_UNIT ( ) SI_UNIT ( $, .RADIAN. ) );
#6265 = DIRECTION ( 'NONE',  ( 0.0000000000000000000, -1.000000000000000000, 0.0000000000000000000 ) ) ;
#6266 = CARTESIAN_POINT ( 'NONE',  ( -8.750000000000000000, 6.399999999999999500, -1.734723475976807100E-015 ) ) ;
#6267 = AXIS2_PLACEMENT_3D ( 'NONE', #6266, #6265, #6322 ) ;
#6268 = PLANE ( 'NONE',  #6267 ) ;
#6269 =( GEOMETRIC_REPRESENTATION_CONTEXT ( 3 ) GLOBAL_UNCERTAINTY_ASSIGNED_CONTEXT ( ( #6270 ) ) GLOBAL_UNIT_ASSIGNED_CONTEXT ( ( #6273, #6272, #6271 ) ) REPRESENTATION_CONTEXT ( 'NONE', 'WORKASPACE' ) );
#6270 = UNCERTAINTY_MEASURE_WITH_UNIT (LENGTH_MEASURE( 1.000000000000000100E-005 ), #6273, 'distance_accuracy_value', 'NONE');
#6271 =( NAMED_UNIT ( * ) SI_UNIT ( $, .STERADIAN. ) SOLID_ANGLE_UNIT ( ) );
#6272 =( NAMED_UNIT ( * ) PLANE_ANGLE_UNIT ( ) SI_UNIT ( $, .RADIAN. ) );
#6273 =( LENGTH_UNIT ( ) NAMED_UNIT ( * ) SI_UNIT ( .MILLI., .METRE. ) );
#6274 = MECHANICAL_DESIGN_GEOMETRIC_PRESENTATION_REPRESENTATION (  '', ( #6276 ), #6269 ) ;
#6275 = PRESENTATION_LAYER_ASSIGNMENT (  '', '', ( #6276 ) ) ;
#6276 = STYLED_ITEM ( 'NONE', ( #6277 ), #1247 ) ;
#6277 = PRESENTATION_STYLE_ASSIGNMENT (( #6278 ) ) ;
#6278 = SURFACE_STYLE_USAGE ( .BOTH. , #6279 ) ;
#6279 = SURFACE_SIDE_STYLE ('',( #6280 ) ) ;
#6280 = SURFACE_STYLE_FILL_AREA ( #6281 ) ;
#6281 = FILL_AREA_STYLE ('',( #6288 ) ) ;
#6282 = COLOUR_RGB ( '',0.7529411764705882200, 0.7529411764705882200, 0.7529411764705882200 ) ;
#6283 = FACE_OUTER_BOUND ( 'NONE', #1248, .T. ) ;
#6284 = DIRECTION ( 'NONE',  ( 0.0000000000000000000, 0.0000000000000000000, 1.000000000000000000 ) ) ;
#6285 = DIRECTION ( 'NONE',  ( -1.000000000000000000, 0.0000000000000000000, 0.0000000000000000000 ) ) ;
#6286 = CARTESIAN_POINT ( 'NONE',  ( -8.750000000000000000, 0.3999999999999993000, -2.850000000000001400 ) ) ;
#6287 = AXIS2_PLACEMENT_3D ( 'NONE', #6286, #6285, #6284 ) ;
#6288 = FILL_AREA_STYLE_COLOUR ( '', #6282 ) ;
#6289 = PLANE ( 'NONE',  #6287 ) ;
#6290 =( GEOMETRIC_REPRESENTATION_CONTEXT ( 3 ) GLOBAL_UNCERTAINTY_ASSIGNED_CONTEXT ( ( #6241 ) ) GLOBAL_UNIT_ASSIGNED_CONTEXT ( ( #6244, #6243, #6242 ) ) REPRESENTATION_CONTEXT ( 'NONE', 'WORKASPACE' ) );
#6291 = UNCERTAINTY_MEASURE_WITH_UNIT (LENGTH_MEASURE( 1.000000000000000100E-005 ), #6294, 'distance_accuracy_value', 'NONE');
#6292 =( NAMED_UNIT ( * ) SI_UNIT ( $, .STERADIAN. ) SOLID_ANGLE_UNIT ( ) );
#6293 =( NAMED_UNIT ( * ) PLANE_ANGLE_UNIT ( ) SI_UNIT ( $, .RADIAN. ) );
#6294 =( LENGTH_UNIT ( ) NAMED_UNIT ( * ) SI_UNIT ( .MILLI., .METRE. ) );
#6295 = MECHANICAL_DESIGN_GEOMETRIC_PRESENTATION_REPRESENTATION (  '', ( #6297 ), #6348 ) ;
#6296 = PRESENTATION_LAYER_ASSIGNMENT (  '', '', ( #6297 ) ) ;
#6297 = STYLED_ITEM ( 'NONE', ( #6298 ), #1262 ) ;
#6298 = PRESENTATION_STYLE_ASSIGNMENT (( #6299 ) ) ;
#6299 = SURFACE_STYLE_USAGE ( .BOTH. , #6300 ) ;
#6300 = SURFACE_SIDE_STYLE ('',( #6301 ) ) ;
#6301 = SURFACE_STYLE_FILL_AREA ( #6302 ) ;
#6302 = FILL_AREA_STYLE ('',( #6309 ) ) ;
#6303 = COLOUR_RGB ( '',0.7529411764705882200, 0.7529411764705882200, 0.7529411764705882200 ) ;
#6304 = FACE_OUTER_BOUND ( 'NONE', #1263, .T. ) ;
#6305 = DIRECTION ( 'NONE',  ( -1.000000000000000000, 0.0000000000000000000, 0.0000000000000000000 ) ) ;
#6306 = VECTOR ( 'NONE', #6305, 1000.000000000000000 ) ;
#6307 = CARTESIAN_POINT ( 'NONE',  ( -6.750000000000002700, 0.0000000000000000000, -4.250000000000001800 ) ) ;
#6308 = LINE ( 'NONE', #6307, #6306 ) ;
#6309 = FILL_AREA_STYLE_COLOUR ( '', #6303 ) ;
#6310 = CARTESIAN_POINT ( 'NONE',  ( -8.750000000000000000, 6.399999999999999500, -0.5000000000000017800 ) ) ;
#6311 = CARTESIAN_POINT ( 'NONE',  ( -8.750000000000000000, 6.399999999999999500, -1.734723475976807100E-015 ) ) ;
#6312 = DIRECTION ( 'NONE',  ( -1.000000000000000000, 0.0000000000000000000, 0.0000000000000000000 ) ) ;
#6313 = VECTOR ( 'NONE', #6312, 1000.000000000000000 ) ;
#6314 = CARTESIAN_POINT ( 'NONE',  ( -8.750000000000000000, 6.399999999999999500, -1.734723475976807100E-015 ) ) ;
#6315 = LINE ( 'NONE', #6314, #6313 ) ;
#6316 = CARTESIAN_POINT ( 'NONE',  ( -9.250000000000001800, 6.399999999999999500, -1.734723475976807100E-015 ) ) ;
#6317 = CARTESIAN_POINT ( 'NONE',  ( -9.250000000000001800, 6.399999999999999500, -0.5000000000000017800 ) ) ;
#6318 = DIRECTION ( 'NONE',  ( 0.0000000000000000000, 0.0000000000000000000, 1.000000000000000000 ) ) ;
#6319 = VECTOR ( 'NONE', #6318, 1000.000000000000000 ) ;
#6320 = CARTESIAN_POINT ( 'NONE',  ( -9.250000000000001800, 6.399999999999999500, -1.734723475976807100E-015 ) ) ;
#6321 = LINE ( 'NONE', #6320, #6319 ) ;
#6322 = DIRECTION ( 'NONE',  ( 0.0000000000000000000, 0.0000000000000000000, -1.000000000000000000 ) ) ;
#6323 =( GEOMETRIC_REPRESENTATION_CONTEXT ( 3 ) GLOBAL_UNCERTAINTY_ASSIGNED_CONTEXT ( ( #6324 ) ) GLOBAL_UNIT_ASSIGNED_CONTEXT ( ( #6327, #6326, #6325 ) ) REPRESENTATION_CONTEXT ( 'NONE', 'WORKASPACE' ) );
#6324 = UNCERTAINTY_MEASURE_WITH_UNIT (LENGTH_MEASURE( 1.000000000000000100E-005 ), #6327, 'distance_accuracy_value', 'NONE');
#6325 =( NAMED_UNIT ( * ) SI_UNIT ( $, .STERADIAN. ) SOLID_ANGLE_UNIT ( ) );
#6326 =( NAMED_UNIT ( * ) PLANE_ANGLE_UNIT ( ) SI_UNIT ( $, .RADIAN. ) );
#6327 =( LENGTH_UNIT ( ) NAMED_UNIT ( * ) SI_UNIT ( .MILLI., .METRE. ) );
#6328 = MECHANICAL_DESIGN_GEOMETRIC_PRESENTATION_REPRESENTATION (  '', ( #6330 ), #6323 ) ;
#6329 = PRESENTATION_LAYER_ASSIGNMENT (  '', '', ( #6330 ) ) ;
#6330 = STYLED_ITEM ( 'NONE', ( #6331 ), #1269 ) ;
#6331 = PRESENTATION_STYLE_ASSIGNMENT (( #6332 ) ) ;
#6332 = SURFACE_STYLE_USAGE ( .BOTH. , #6333 ) ;
#6333 = SURFACE_SIDE_STYLE ('',( #6334 ) ) ;
#6334 = SURFACE_STYLE_FILL_AREA ( #6335 ) ;
#6335 = FILL_AREA_STYLE ('',( #6342 ) ) ;
#6336 = COLOUR_RGB ( '',0.7529411764705882200, 0.7529411764705882200, 0.7529411764705882200 ) ;
#6337 = FACE_OUTER_BOUND ( 'NONE', #1270, .T. ) ;
#6338 = DIRECTION ( 'NONE',  ( -1.000000000000000000, 0.0000000000000000000, 0.0000000000000000000 ) ) ;
#6339 = VECTOR ( 'NONE', #6338, 1000.000000000000000 ) ;
#6340 = CARTESIAN_POINT ( 'NONE',  ( -6.750000000000002700, 0.5999999999999998700, -4.250000000000000900 ) ) ;
#6341 = LINE ( 'NONE', #6340, #6339 ) ;
#6342 = FILL_AREA_STYLE_COLOUR ( '', #6336 ) ;
#6343 = DIRECTION ( 'NONE',  ( 0.0000000000000000000, -1.000000000000000000, -3.614007241618349300E-016 ) ) ;
#6344 = DIRECTION ( 'NONE',  ( 0.0000000000000000000, -3.614007241618349300E-016, 1.000000000000000000 ) ) ;
#6345 = CARTESIAN_POINT ( 'NONE',  ( -6.750000000000002700, 0.5999999999999998700, -4.250000000000000900 ) ) ;
#6346 = AXIS2_PLACEMENT_3D ( 'NONE', #6345, #6344, #6343 ) ;
#6347 = PLANE ( 'NONE',  #6346 ) ;
#6348 =( GEOMETRIC_REPRESENTATION_CONTEXT ( 3 ) GLOBAL_UNCERTAINTY_ASSIGNED_CONTEXT ( ( #6291 ) ) GLOBAL_UNIT_ASSIGNED_CONTEXT ( ( #6294, #6293, #6292 ) ) REPRESENTATION_CONTEXT ( 'NONE', 'WORKASPACE' ) );
#6349 = UNCERTAINTY_MEASURE_WITH_UNIT (LENGTH_MEASURE( 1.000000000000000100E-005 ), #6352, 'distance_accuracy_value', 'NONE');
#6350 =( NAMED_UNIT ( * ) SI_UNIT ( $, .STERADIAN. ) SOLID_ANGLE_UNIT ( ) );
#6351 =( NAMED_UNIT ( * ) PLANE_ANGLE_UNIT ( ) SI_UNIT ( $, .RADIAN. ) );
#6352 =( LENGTH_UNIT ( ) NAMED_UNIT ( * ) SI_UNIT ( .MILLI., .METRE. ) );
#6353 = MECHANICAL_DESIGN_GEOMETRIC_PRESENTATION_REPRESENTATION (  '', ( #6355 ), #6405 ) ;
#6354 = PRESENTATION_LAYER_ASSIGNMENT (  '', '', ( #6355 ) ) ;
#6355 = STYLED_ITEM ( 'NONE', ( #6356 ), #1281 ) ;
#6356 = PRESENTATION_STYLE_ASSIGNMENT (( #6357 ) ) ;
#6357 = SURFACE_STYLE_USAGE ( .BOTH. , #6358 ) ;
#6358 = SURFACE_SIDE_STYLE ('',( #6359 ) ) ;
#6359 = SURFACE_STYLE_FILL_AREA ( #6360 ) ;
#6360 = FILL_AREA_STYLE ('',( #6367 ) ) ;
#6361 = COLOUR_RGB ( '',0.7529411764705882200, 0.7529411764705882200, 0.7529411764705882200 ) ;
#6362 = FACE_OUTER_BOUND ( 'NONE', #1282, .T. ) ;
#6363 = DIRECTION ( 'NONE',  ( 0.0000000000000000000, 0.0000000000000000000, -1.000000000000000000 ) ) ;
#6364 = VECTOR ( 'NONE', #6363, 1000.000000000000000 ) ;
#6365 = CARTESIAN_POINT ( 'NONE',  ( -7.250000000000002700, 0.0000000000000000000, -2.350000000000001400 ) ) ;
#6366 = LINE ( 'NONE', #6365, #6364 ) ;
#6367 = FILL_AREA_STYLE_COLOUR ( '', #6361 ) ;
#6368 = CARTESIAN_POINT ( 'NONE',  ( -7.250000000000002700, 0.0000000000000000000, -4.250000000000001800 ) ) ;
#6369 = DIRECTION ( 'NONE',  ( 0.0000000000000000000, 1.000000000000000000, 3.614007241618349300E-016 ) ) ;
#6370 = VECTOR ( 'NONE', #6369, 1000.000000000000000 ) ;
#6371 = CARTESIAN_POINT ( 'NONE',  ( -7.250000000000002700, 0.5999999999999998700, -4.250000000000000900 ) ) ;
#6372 = LINE ( 'NONE', #6371, #6370 ) ;
#6373 = CARTESIAN_POINT ( 'NONE',  ( -7.250000000000002700, 0.5999999999999998700, -4.250000000000000900 ) ) ;
#6374 = DIRECTION ( 'NONE',  ( 0.0000000000000000000, 0.0000000000000000000, 1.000000000000000000 ) ) ;
#6375 = VECTOR ( 'NONE', #6374, 1000.000000000000000 ) ;
#6376 = CARTESIAN_POINT ( 'NONE',  ( -7.250000000000002700, 0.5999999999999998700, -2.850000000000001400 ) ) ;
#6377 = LINE ( 'NONE', #6376, #6375 ) ;
#6378 = DIRECTION ( 'NONE',  ( 0.0000000000000000000, 0.0000000000000000000, -1.000000000000000000 ) ) ;
#6379 = DIRECTION ( 'NONE',  ( 0.0000000000000000000, -1.000000000000000000, 0.0000000000000000000 ) ) ;
#6380 = CARTESIAN_POINT ( 'NONE',  ( -6.750000000000002700, 0.5999999999999998700, -2.850000000000001400 ) ) ;
#6381 = AXIS2_PLACEMENT_3D ( 'NONE', #6380, #6379, #6378 ) ;
#6382 = PLANE ( 'NONE',  #6381 ) ;
#6383 =( GEOMETRIC_REPRESENTATION_CONTEXT ( 3 ) GLOBAL_UNCERTAINTY_ASSIGNED_CONTEXT ( ( #6384 ) ) GLOBAL_UNIT_ASSIGNED_CONTEXT ( ( #6387, #6386, #6385 ) ) REPRESENTATION_CONTEXT ( 'NONE', 'WORKASPACE' ) );
#6384 = UNCERTAINTY_MEASURE_WITH_UNIT (LENGTH_MEASURE( 1.000000000000000100E-005 ), #6387, 'distance_accuracy_value', 'NONE');
#6385 =( NAMED_UNIT ( * ) SI_UNIT ( $, .STERADIAN. ) SOLID_ANGLE_UNIT ( ) );
#6386 =( NAMED_UNIT ( * ) PLANE_ANGLE_UNIT ( ) SI_UNIT ( $, .RADIAN. ) );
#6387 =( LENGTH_UNIT ( ) NAMED_UNIT ( * ) SI_UNIT ( .MILLI., .METRE. ) );
#6388 = MECHANICAL_DESIGN_GEOMETRIC_PRESENTATION_REPRESENTATION (  '', ( #6390 ), #6383 ) ;
#6389 = PRESENTATION_LAYER_ASSIGNMENT (  '', '', ( #6390 ) ) ;
#6390 = STYLED_ITEM ( 'NONE', ( #6391 ), #1286 ) ;
#6391 = PRESENTATION_STYLE_ASSIGNMENT (( #6392 ) ) ;
#6392 = SURFACE_STYLE_USAGE ( .BOTH. , #6393 ) ;
#6393 = SURFACE_SIDE_STYLE ('',( #6394 ) ) ;
#6394 = SURFACE_STYLE_FILL_AREA ( #6395 ) ;
#6395 = FILL_AREA_STYLE ('',( #6396 ) ) ;
#6396 = FILL_AREA_STYLE_COLOUR ( '', #6397 ) ;
#6397 = COLOUR_RGB ( '',0.7529411764705882200, 0.7529411764705882200, 0.7529411764705882200 ) ;
#6398 = FACE_OUTER_BOUND ( 'NONE', #1287, .T. ) ;
#6399 = CARTESIAN_POINT ( 'NONE',  ( -8.750000000000000000, 0.0000000000000000000, -4.250000000000001800 ) ) ;
#6400 = DIRECTION ( 'NONE',  ( 0.0000000000000000000, 0.0000000000000000000, 1.000000000000000000 ) ) ;
#6401 = DIRECTION ( 'NONE',  ( 0.0000000000000000000, 1.000000000000000000, 0.0000000000000000000 ) ) ;
#6402 = CARTESIAN_POINT ( 'NONE',  ( -6.750000000000002700, 0.0000000000000000000, -2.350000000000001400 ) ) ;
#6403 = AXIS2_PLACEMENT_3D ( 'NONE', #6402, #6401, #6400 ) ;
#6404 = PLANE ( 'NONE',  #6403 ) ;
#6405 =( GEOMETRIC_REPRESENTATION_CONTEXT ( 3 ) GLOBAL_UNCERTAINTY_ASSIGNED_CONTEXT ( ( #6349 ) ) GLOBAL_UNIT_ASSIGNED_CONTEXT ( ( #6352, #6351, #6350 ) ) REPRESENTATION_CONTEXT ( 'NONE', 'WORKASPACE' ) );
#6406 = LINE ( 'NONE', #6460, #6459 ) ;
#6407 = DIRECTION ( 'NONE',  ( 0.0000000000000000000, 1.000000000000000000, -2.710505431213766000E-016 ) ) ;
#6408 = DIRECTION ( 'NONE',  ( 0.0000000000000000000, -2.710505431213766000E-016, -1.000000000000000000 ) ) ;
#6409 = CARTESIAN_POINT ( 'NONE',  ( -8.750000000000000000, 0.3999999999999993000, -2.350000000000001400 ) ) ;
#6410 = AXIS2_PLACEMENT_3D ( 'NONE', #6409, #6408, #6407 ) ;
#6411 = PLANE ( 'NONE',  #6410 ) ;
#6412 =( GEOMETRIC_REPRESENTATION_CONTEXT ( 3 ) GLOBAL_UNCERTAINTY_ASSIGNED_CONTEXT ( ( #6413 ) ) GLOBAL_UNIT_ASSIGNED_CONTEXT ( ( #6416, #6415, #6414 ) ) REPRESENTATION_CONTEXT ( 'NONE', 'WORKASPACE' ) );
#6413 = UNCERTAINTY_MEASURE_WITH_UNIT (LENGTH_MEASURE( 1.000000000000000100E-005 ), #6416, 'distance_accuracy_value', 'NONE');
#6414 =( NAMED_UNIT ( * ) SI_UNIT ( $, .STERADIAN. ) SOLID_ANGLE_UNIT ( ) );
#6415 =( NAMED_UNIT ( * ) PLANE_ANGLE_UNIT ( ) SI_UNIT ( $, .RADIAN. ) );
#6416 =( LENGTH_UNIT ( ) NAMED_UNIT ( * ) SI_UNIT ( .MILLI., .METRE. ) );
#6417 = MECHANICAL_DESIGN_GEOMETRIC_PRESENTATION_REPRESENTATION (  '', ( #6419 ), #6412 ) ;
#6418 = PRESENTATION_LAYER_ASSIGNMENT (  '', '', ( #6419 ) ) ;
#6419 = STYLED_ITEM ( 'NONE', ( #6420 ), #1292 ) ;
#6420 = PRESENTATION_STYLE_ASSIGNMENT (( #6421 ) ) ;
#6421 = SURFACE_STYLE_USAGE ( .BOTH. , #6422 ) ;
#6422 = SURFACE_SIDE_STYLE ('',( #6423 ) ) ;
#6423 = SURFACE_STYLE_FILL_AREA ( #6424 ) ;
#6424 = FILL_AREA_STYLE ('',( #6432 ) ) ;
#6425 = COLOUR_RGB ( '',0.7529411764705882200, 0.7529411764705882200, 0.7529411764705882200 ) ;
#6426 = FACE_OUTER_BOUND ( 'NONE', #1293, .T. ) ;
#6427 = DIRECTION ( 'NONE',  ( 0.0000000000000000000, -1.000000000000000000, -2.502005013428087100E-016 ) ) ;
#6428 = DIRECTION ( 'NONE',  ( 0.0000000000000000000, -2.502005013428087100E-016, 1.000000000000000000 ) ) ;
#6429 = CARTESIAN_POINT ( 'NONE',  ( -8.750000000000000000, 6.399999999999999500, -0.5000000000000017800 ) ) ;
#6430 = AXIS2_PLACEMENT_3D ( 'NONE', #6429, #6428, #6427 ) ;
#6431 = PLANE ( 'NONE',  #6430 ) ;
#6432 = FILL_AREA_STYLE_COLOUR ( '', #6425 ) ;
#6433 =( GEOMETRIC_REPRESENTATION_CONTEXT ( 3 ) GLOBAL_UNCERTAINTY_ASSIGNED_CONTEXT ( ( #6434 ) ) GLOBAL_UNIT_ASSIGNED_CONTEXT ( ( #6437, #6436, #6435 ) ) REPRESENTATION_CONTEXT ( 'NONE', 'WORKASPACE' ) );
#6434 = UNCERTAINTY_MEASURE_WITH_UNIT (LENGTH_MEASURE( 1.000000000000000100E-005 ), #6437, 'distance_accuracy_value', 'NONE');
#6435 =( NAMED_UNIT ( * ) SI_UNIT ( $, .STERADIAN. ) SOLID_ANGLE_UNIT ( ) );
#6436 =( NAMED_UNIT ( * ) PLANE_ANGLE_UNIT ( ) SI_UNIT ( $, .RADIAN. ) );
#6437 =( LENGTH_UNIT ( ) NAMED_UNIT ( * ) SI_UNIT ( .MILLI., .METRE. ) );
#6438 = MECHANICAL_DESIGN_GEOMETRIC_PRESENTATION_REPRESENTATION (  '', ( #6440 ), #6433 ) ;
#6439 = PRESENTATION_LAYER_ASSIGNMENT (  '', '', ( #6440 ) ) ;
#6440 = STYLED_ITEM ( 'NONE', ( #6441 ), #1305 ) ;
#6441 = PRESENTATION_STYLE_ASSIGNMENT (( #6442 ) ) ;
#6442 = SURFACE_STYLE_USAGE ( .BOTH. , #6443 ) ;
#6443 = SURFACE_SIDE_STYLE ('',( #6444 ) ) ;
#6444 = SURFACE_STYLE_FILL_AREA ( #6445 ) ;
#6445 = FILL_AREA_STYLE ('',( #6452 ) ) ;
#6446 = COLOUR_RGB ( '',0.7529411764705882200, 0.7529411764705882200, 0.7529411764705882200 ) ;
#6447 = FACE_OUTER_BOUND ( 'NONE', #1306, .T. ) ;
#6448 = DIRECTION ( 'NONE',  ( 0.0000000000000000000, -1.000000000000000000, -1.445602896647339200E-016 ) ) ;
#6449 = VECTOR ( 'NONE', #6448, 1000.000000000000000 ) ;
#6450 = CARTESIAN_POINT ( 'NONE',  ( -8.750000000000000000, 0.3999999999999993000, -2.602085213965210600E-015 ) ) ;
#6451 = LINE ( 'NONE', #6450, #6449 ) ;
#6452 = FILL_AREA_STYLE_COLOUR ( '', #6446 ) ;
#6453 = DIRECTION ( 'NONE',  ( 0.0000000000000000000, 1.000000000000000000, 2.502005013428087100E-016 ) ) ;
#6454 = VECTOR ( 'NONE', #6453, 1000.000000000000000 ) ;
#6455 = CARTESIAN_POINT ( 'NONE',  ( -8.750000000000000000, 6.399999999999999500, -0.5000000000000017800 ) ) ;
#6456 = LINE ( 'NONE', #6455, #6454 ) ;
#6457 = CARTESIAN_POINT ( 'NONE',  ( -8.750000000000000000, 0.0000000000000000000, -2.350000000000001400 ) ) ;
#6458 = DIRECTION ( 'NONE',  ( 0.0000000000000000000, -1.000000000000000000, 2.710505431213766000E-016 ) ) ;
#6459 = VECTOR ( 'NONE', #6458, 1000.000000000000000 ) ;
#6460 = CARTESIAN_POINT ( 'NONE',  ( -8.750000000000000000, 0.3999999999999993000, -2.350000000000001400 ) ) ;
#6461 = DIRECTION ( 'NONE',  ( -1.000000000000000000, 0.0000000000000000000, 0.0000000000000000000 ) ) ;
#6462 =( GEOMETRIC_REPRESENTATION_CONTEXT ( 3 ) GLOBAL_UNCERTAINTY_ASSIGNED_CONTEXT ( ( #6463 ) ) GLOBAL_UNIT_ASSIGNED_CONTEXT ( ( #6466, #6465, #6464 ) ) REPRESENTATION_CONTEXT ( 'NONE', 'WORKASPACE' ) );
#6463 = UNCERTAINTY_MEASURE_WITH_UNIT (LENGTH_MEASURE( 1.000000000000000100E-005 ), #6466, 'distance_accuracy_value', 'NONE');
#6464 =( NAMED_UNIT ( * ) SI_UNIT ( $, .STERADIAN. ) SOLID_ANGLE_UNIT ( ) );
#6465 =( NAMED_UNIT ( * ) PLANE_ANGLE_UNIT ( ) SI_UNIT ( $, .RADIAN. ) );
#6466 =( LENGTH_UNIT ( ) NAMED_UNIT ( * ) SI_UNIT ( .MILLI., .METRE. ) );
#6467 = MECHANICAL_DESIGN_GEOMETRIC_PRESENTATION_REPRESENTATION (  '', ( #6469 ), #6462 ) ;
#6468 = PRESENTATION_LAYER_ASSIGNMENT (  '', '', ( #6469 ) ) ;
#6469 = STYLED_ITEM ( 'NONE', ( #6470 ), #1313 ) ;
#6470 = PRESENTATION_STYLE_ASSIGNMENT (( #6471 ) ) ;
#6471 = SURFACE_STYLE_USAGE ( .BOTH. , #6472 ) ;
#6472 = SURFACE_SIDE_STYLE ('',( #6473 ) ) ;
#6473 = SURFACE_STYLE_FILL_AREA ( #6474 ) ;
#6474 = FILL_AREA_STYLE ('',( #6481 ) ) ;
#6475 = COLOUR_RGB ( '',0.7529411764705882200, 0.7529411764705882200, 0.7529411764705882200 ) ;
#6476 = FACE_OUTER_BOUND ( 'NONE', #1314, .T. ) ;
#6477 = DIRECTION ( 'NONE',  ( -1.000000000000000000, 0.0000000000000000000, 0.0000000000000000000 ) ) ;
#6478 = VECTOR ( 'NONE', #6477, 1000.000000000000000 ) ;
#6479 = CARTESIAN_POINT ( 'NONE',  ( -8.750000000000000000, 6.399999999999999500, -0.5000000000000017800 ) ) ;
#6480 = LINE ( 'NONE', #6479, #6478 ) ;
#6481 = FILL_AREA_STYLE_COLOUR ( '', #6475 ) ;
#6482 = DIRECTION ( 'NONE',  ( 0.0000000000000000000, 0.0000000000000000000, 1.000000000000000000 ) ) ;
#6483 = VECTOR ( 'NONE', #6482, 1000.000000000000000 ) ;
#6484 = CARTESIAN_POINT ( 'NONE',  ( -8.750000000000000000, 6.399999999999999500, -1.734723475976807100E-015 ) ) ;
#6485 = LINE ( 'NONE', #6484, #6483 ) ;
#6486 = DIRECTION ( 'NONE',  ( 0.0000000000000000000, 1.000000000000000000, 1.445602896647339200E-016 ) ) ;
#6487 = DIRECTION ( 'NONE',  ( 0.0000000000000000000, 1.445602896647339200E-016, -1.000000000000000000 ) ) ;
#6488 = CARTESIAN_POINT ( 'NONE',  ( -8.750000000000000000, 0.3999999999999993000, -2.602085213965210600E-015 ) ) ;
#6489 = AXIS2_PLACEMENT_3D ( 'NONE', #6488, #6487, #6486 ) ;
#6490 = PLANE ( 'NONE',  #6489 ) ;
#6491 = UNCERTAINTY_MEASURE_WITH_UNIT (LENGTH_MEASURE( 1.000000000000000100E-005 ), #6494, 'distance_accuracy_value', 'NONE');
#6492 =( NAMED_UNIT ( * ) SI_UNIT ( $, .STERADIAN. ) SOLID_ANGLE_UNIT ( ) );
#6493 =( NAMED_UNIT ( * ) PLANE_ANGLE_UNIT ( ) SI_UNIT ( $, .RADIAN. ) );
#6494 =( LENGTH_UNIT ( ) NAMED_UNIT ( * ) SI_UNIT ( .MILLI., .METRE. ) );
#6495 = MECHANICAL_DESIGN_GEOMETRIC_PRESENTATION_REPRESENTATION (  '', ( #6497 ), #6548 ) ;
#6496 = PRESENTATION_LAYER_ASSIGNMENT (  '', '', ( #6497 ) ) ;
#6497 = STYLED_ITEM ( 'NONE', ( #6498 ), #1328 ) ;
#6498 = PRESENTATION_STYLE_ASSIGNMENT (( #6499 ) ) ;
#6499 = SURFACE_STYLE_USAGE ( .BOTH. , #6500 ) ;
#6500 = SURFACE_SIDE_STYLE ('',( #6501 ) ) ;
#6501 = SURFACE_STYLE_FILL_AREA ( #6502 ) ;
#6502 = FILL_AREA_STYLE ('',( #6509 ) ) ;
#6503 = COLOUR_RGB ( '',0.7529411764705882200, 0.7529411764705882200, 0.7529411764705882200 ) ;
#6504 = FACE_OUTER_BOUND ( 'NONE', #1329, .T. ) ;
#6505 = DIRECTION ( 'NONE',  ( 0.0000000000000000000, 0.0000000000000000000, -1.000000000000000000 ) ) ;
#6506 = VECTOR ( 'NONE', #6505, 1000.000000000000000 ) ;
#6507 = CARTESIAN_POINT ( 'NONE',  ( -9.250000000000001800, 0.0000000000000000000, -2.350000000000001400 ) ) ;
#6508 = LINE ( 'NONE', #6507, #6506 ) ;
#6509 = FILL_AREA_STYLE_COLOUR ( '', #6503 ) ;
#6510 = DIRECTION ( 'NONE',  ( 0.0000000000000000000, -1.000000000000000000, -1.445602896647339200E-016 ) ) ;
#6511 = VECTOR ( 'NONE', #6510, 1000.000000000000000 ) ;
#6512 = CARTESIAN_POINT ( 'NONE',  ( -9.250000000000001800, 0.3999999999999993000, -2.602085213965210600E-015 ) ) ;
#6513 = LINE ( 'NONE', #6512, #6511 ) ;
#6514 = DIRECTION ( 'NONE',  ( 0.0000000000000000000, 1.000000000000000000, 2.502005013428087100E-016 ) ) ;
#6515 = VECTOR ( 'NONE', #6514, 1000.000000000000000 ) ;
#6516 = CARTESIAN_POINT ( 'NONE',  ( -9.250000000000001800, 6.399999999999999500, -0.5000000000000017800 ) ) ;
#6517 = LINE ( 'NONE', #6516, #6515 ) ;
#6518 = DIRECTION ( 'NONE',  ( 0.0000000000000000000, 0.0000000000000000000, 1.000000000000000000 ) ) ;
#6519 = DIRECTION ( 'NONE',  ( -1.000000000000000000, 0.0000000000000000000, 0.0000000000000000000 ) ) ;
#6520 = CARTESIAN_POINT ( 'NONE',  ( -9.250000000000001800, 0.3999999999999993000, -2.850000000000001400 ) ) ;
#6521 = AXIS2_PLACEMENT_3D ( 'NONE', #6520, #6519, #6518 ) ;
#6522 = PLANE ( 'NONE',  #6521 ) ;
#6523 =( GEOMETRIC_REPRESENTATION_CONTEXT ( 3 ) GLOBAL_UNCERTAINTY_ASSIGNED_CONTEXT ( ( #6524 ) ) GLOBAL_UNIT_ASSIGNED_CONTEXT ( ( #6527, #6526, #6525 ) ) REPRESENTATION_CONTEXT ( 'NONE', 'WORKASPACE' ) );
#6524 = UNCERTAINTY_MEASURE_WITH_UNIT (LENGTH_MEASURE( 1.000000000000000100E-005 ), #6527, 'distance_accuracy_value', 'NONE');
#6525 =( NAMED_UNIT ( * ) SI_UNIT ( $, .STERADIAN. ) SOLID_ANGLE_UNIT ( ) );
#6526 =( NAMED_UNIT ( * ) PLANE_ANGLE_UNIT ( ) SI_UNIT ( $, .RADIAN. ) );
#6527 =( LENGTH_UNIT ( ) NAMED_UNIT ( * ) SI_UNIT ( .MILLI., .METRE. ) );
#6528 = MECHANICAL_DESIGN_GEOMETRIC_PRESENTATION_REPRESENTATION (  '', ( #6530 ), #6523 ) ;
#6529 = PRESENTATION_LAYER_ASSIGNMENT (  '', '', ( #6530 ) ) ;
#6530 = STYLED_ITEM ( 'NONE', ( #6531 ), #1335 ) ;
#6531 = PRESENTATION_STYLE_ASSIGNMENT (( #6532 ) ) ;
#6532 = SURFACE_STYLE_USAGE ( .BOTH. , #6533 ) ;
#6533 = SURFACE_SIDE_STYLE ('',( #6534 ) ) ;
#6534 = SURFACE_STYLE_FILL_AREA ( #6535 ) ;
#6535 = FILL_AREA_STYLE ('',( #6542 ) ) ;
#6536 = COLOUR_RGB ( '',0.7529411764705882200, 0.7529411764705882200, 0.7529411764705882200 ) ;
#6537 = FACE_OUTER_BOUND ( 'NONE', #1336, .T. ) ;
#6538 = DIRECTION ( 'NONE',  ( -1.000000000000000000, 0.0000000000000000000, 0.0000000000000000000 ) ) ;
#6539 = VECTOR ( 'NONE', #6538, 1000.000000000000000 ) ;
#6540 = CARTESIAN_POINT ( 'NONE',  ( -8.750000000000000000, 0.0000000000000000000, -4.250000000000001800 ) ) ;
#6541 = LINE ( 'NONE', #6540, #6539 ) ;
#6542 = FILL_AREA_STYLE_COLOUR ( '', #6536 ) ;
#6543 = DIRECTION ( 'NONE',  ( 0.0000000000000000000, 0.0000000000000000000, 1.000000000000000000 ) ) ;
#6544 = DIRECTION ( 'NONE',  ( 0.0000000000000000000, 1.000000000000000000, 0.0000000000000000000 ) ) ;
#6545 = CARTESIAN_POINT ( 'NONE',  ( -8.750000000000000000, 0.0000000000000000000, -2.350000000000001400 ) ) ;
#6546 = AXIS2_PLACEMENT_3D ( 'NONE', #6545, #6544, #6543 ) ;
#6547 = PLANE ( 'NONE',  #6546 ) ;
#6548 =( GEOMETRIC_REPRESENTATION_CONTEXT ( 3 ) GLOBAL_UNCERTAINTY_ASSIGNED_CONTEXT ( ( #6491 ) ) GLOBAL_UNIT_ASSIGNED_CONTEXT ( ( #6494, #6493, #6492 ) ) REPRESENTATION_CONTEXT ( 'NONE', 'WORKASPACE' ) );
#6549 = UNCERTAINTY_MEASURE_WITH_UNIT (LENGTH_MEASURE( 1.000000000000000100E-005 ), #6552, 'distance_accuracy_value', 'NONE');
#6550 =( NAMED_UNIT ( * ) SI_UNIT ( $, .STERADIAN. ) SOLID_ANGLE_UNIT ( ) );
#6551 =( NAMED_UNIT ( * ) PLANE_ANGLE_UNIT ( ) SI_UNIT ( $, .RADIAN. ) );
#6552 =( LENGTH_UNIT ( ) NAMED_UNIT ( * ) SI_UNIT ( .MILLI., .METRE. ) );
#6553 = MECHANICAL_DESIGN_GEOMETRIC_PRESENTATION_REPRESENTATION (  '', ( #6555 ), #6612 ) ;
#6554 = PRESENTATION_LAYER_ASSIGNMENT (  '', '', ( #6555 ) ) ;
#6555 = STYLED_ITEM ( 'NONE', ( #6556 ), #1341 ) ;
#6556 = PRESENTATION_STYLE_ASSIGNMENT (( #6557 ) ) ;
#6557 = SURFACE_STYLE_USAGE ( .BOTH. , #6558 ) ;
#6558 = SURFACE_SIDE_STYLE ('',( #6559 ) ) ;
#6559 = SURFACE_STYLE_FILL_AREA ( #6560 ) ;
#6560 = FILL_AREA_STYLE ('',( #6567 ) ) ;
#6561 = COLOUR_RGB ( '',0.7529411764705882200, 0.7529411764705882200, 0.7529411764705882200 ) ;
#6562 = FACE_OUTER_BOUND ( 'NONE', #1342, .T. ) ;
#6563 = DIRECTION ( 'NONE',  ( 0.0000000000000000000, 1.000000000000000000, 3.614007241618349300E-016 ) ) ;
#6564 = VECTOR ( 'NONE', #6563, 1000.000000000000000 ) ;
#6565 = CARTESIAN_POINT ( 'NONE',  ( -8.750000000000000000, 0.5999999999999998700, -4.250000000000000900 ) ) ;
#6566 = LINE ( 'NONE', #6565, #6564 ) ;
#6567 = FILL_AREA_STYLE_COLOUR ( '', #6561 ) ;
#6568 = DIRECTION ( 'NONE',  ( 0.0000000000000000000, 0.0000000000000000000, -1.000000000000000000 ) ) ;
#6569 = VECTOR ( 'NONE', #6568, 1000.000000000000000 ) ;
#6570 = CARTESIAN_POINT ( 'NONE',  ( -8.750000000000000000, 0.0000000000000000000, -2.350000000000001400 ) ) ;
#6571 = LINE ( 'NONE', #6570, #6569 ) ;
#6572 = DIRECTION ( 'NONE',  ( 0.0000000000000000000, -1.000000000000000000, -3.614007241618349300E-016 ) ) ;
#6573 = DIRECTION ( 'NONE',  ( 0.0000000000000000000, -3.614007241618349300E-016, 1.000000000000000000 ) ) ;
#6574 = CARTESIAN_POINT ( 'NONE',  ( -8.750000000000000000, 0.5999999999999998700, -4.250000000000000900 ) ) ;
#6575 = AXIS2_PLACEMENT_3D ( 'NONE', #6574, #6573, #6572 ) ;
#6576 = PLANE ( 'NONE',  #6575 ) ;
#6577 = MECHANICAL_DESIGN_GEOMETRIC_PRESENTATION_REPRESENTATION (  '', ( #6579 ), #6633 ) ;
#6578 = PRESENTATION_LAYER_ASSIGNMENT (  '', '', ( #6579 ) ) ;
#6579 = STYLED_ITEM ( 'NONE', ( #6580 ), #1355 ) ;
#6580 = PRESENTATION_STYLE_ASSIGNMENT (( #6581 ) ) ;
#6581 = SURFACE_STYLE_USAGE ( .BOTH. , #6582 ) ;
#6582 = SURFACE_SIDE_STYLE ('',( #6583 ) ) ;
#6583 = SURFACE_STYLE_FILL_AREA ( #6584 ) ;
#6584 = FILL_AREA_STYLE ('',( #6591 ) ) ;
#6585 = COLOUR_RGB ( '',0.7529411764705882200, 0.7529411764705882200, 0.7529411764705882200 ) ;
#6586 = FACE_OUTER_BOUND ( 'NONE', #1356, .T. ) ;
#6587 = DIRECTION ( 'NONE',  ( -1.000000000000000000, 0.0000000000000000000, 0.0000000000000000000 ) ) ;
#6588 = VECTOR ( 'NONE', #6587, 1000.000000000000000 ) ;
#6589 = CARTESIAN_POINT ( 'NONE',  ( -8.750000000000000000, 0.0000000000000000000, -2.350000000000001400 ) ) ;
#6590 = LINE ( 'NONE', #6589, #6588 ) ;
#6591 = FILL_AREA_STYLE_COLOUR ( '', #6585 ) ;
#6592 = CARTESIAN_POINT ( 'NONE',  ( -9.250000000000001800, 0.0000000000000000000, -2.350000000000001400 ) ) ;
#6593 = DIRECTION ( 'NONE',  ( 0.0000000000000000000, -1.000000000000000000, 2.710505431213766000E-016 ) ) ;
#6594 = VECTOR ( 'NONE', #6593, 1000.000000000000000 ) ;
#6595 = CARTESIAN_POINT ( 'NONE',  ( -9.250000000000001800, 0.3999999999999993000, -2.350000000000001400 ) ) ;
#6596 = LINE ( 'NONE', #6595, #6594 ) ;
#6597 = CARTESIAN_POINT ( 'NONE',  ( -9.250000000000001800, 0.0000000000000000000, -4.250000000000001800 ) ) ;
#6598 = DIRECTION ( 'NONE',  ( 0.0000000000000000000, 1.000000000000000000, 3.614007241618349300E-016 ) ) ;
#6599 = VECTOR ( 'NONE', #6598, 1000.000000000000000 ) ;
#6600 = CARTESIAN_POINT ( 'NONE',  ( -9.250000000000001800, 0.5999999999999998700, -4.250000000000000900 ) ) ;
#6601 = LINE ( 'NONE', #6600, #6599 ) ;
#6602 = CARTESIAN_POINT ( 'NONE',  ( -9.250000000000001800, 0.5999999999999998700, -4.250000000000000900 ) ) ;
#6603 = DIRECTION ( 'NONE',  ( 0.0000000000000000000, 0.0000000000000000000, 1.000000000000000000 ) ) ;
#6604 = VECTOR ( 'NONE', #6603, 1000.000000000000000 ) ;
#6605 = CARTESIAN_POINT ( 'NONE',  ( -9.250000000000001800, 0.5999999999999998700, -2.850000000000001400 ) ) ;
#6606 = LINE ( 'NONE', #6605, #6604 ) ;
#6607 = DIRECTION ( 'NONE',  ( 0.0000000000000000000, 0.0000000000000000000, 1.000000000000000000 ) ) ;
#6608 = DIRECTION ( 'NONE',  ( -1.000000000000000000, 0.0000000000000000000, 0.0000000000000000000 ) ) ;
#6609 = CARTESIAN_POINT ( 'NONE',  ( -9.250000000000001800, 0.3999999999999993000, -2.850000000000001400 ) ) ;
#6610 = AXIS2_PLACEMENT_3D ( 'NONE', #6609, #6608, #6607 ) ;
#6611 = PLANE ( 'NONE',  #6610 ) ;
#6612 =( GEOMETRIC_REPRESENTATION_CONTEXT ( 3 ) GLOBAL_UNCERTAINTY_ASSIGNED_CONTEXT ( ( #6549 ) ) GLOBAL_UNIT_ASSIGNED_CONTEXT ( ( #6552, #6551, #6550 ) ) REPRESENTATION_CONTEXT ( 'NONE', 'WORKASPACE' ) );
#6613 = FACE_OUTER_BOUND ( 'NONE', #1372, .T. ) ;
#6614 = DIRECTION ( 'NONE',  ( 0.0000000000000000000, -1.000000000000000000, -1.445602896647339200E-016 ) ) ;
#6615 = VECTOR ( 'NONE', #6614, 1000.000000000000000 ) ;
#6616 = CARTESIAN_POINT ( 'NONE',  ( -11.25000000000000000, 0.3999999999999993000, -2.602085213965210600E-015 ) ) ;
#6617 = LINE ( 'NONE', #6616, #6615 ) ;
#6618 = FILL_AREA_STYLE_COLOUR ( '', #6670 ) ;
#6619 = DIRECTION ( 'NONE',  ( 0.0000000000000000000, 1.000000000000000000, 2.502005013428087100E-016 ) ) ;
#6620 = VECTOR ( 'NONE', #6619, 1000.000000000000000 ) ;
#6621 = CARTESIAN_POINT ( 'NONE',  ( -11.25000000000000000, 6.399999999999999500, -0.5000000000000017800 ) ) ;
#6622 = LINE ( 'NONE', #6621, #6620 ) ;
#6623 = CARTESIAN_POINT ( 'NONE',  ( -8.750000000000000000, 0.5999999999999998700, -4.250000000000000900 ) ) ;
#6624 = DIRECTION ( 'NONE',  ( 0.0000000000000000000, 0.0000000000000000000, 1.000000000000000000 ) ) ;
#6625 = VECTOR ( 'NONE', #6624, 1000.000000000000000 ) ;
#6626 = CARTESIAN_POINT ( 'NONE',  ( -8.750000000000000000, 0.5999999999999998700, -2.850000000000001400 ) ) ;
#6627 = LINE ( 'NONE', #6626, #6625 ) ;
#6628 = DIRECTION ( 'NONE',  ( 0.0000000000000000000, 0.0000000000000000000, 1.000000000000000000 ) ) ;
#6629 = DIRECTION ( 'NONE',  ( -1.000000000000000000, 0.0000000000000000000, 0.0000000000000000000 ) ) ;
#6630 = CARTESIAN_POINT ( 'NONE',  ( -8.750000000000000000, 0.3999999999999993000, -2.850000000000001400 ) ) ;
#6631 = AXIS2_PLACEMENT_3D ( 'NONE', #6630, #6629, #6628 ) ;
#6632 = PLANE ( 'NONE',  #6631 ) ;
#6633 =( GEOMETRIC_REPRESENTATION_CONTEXT ( 3 ) GLOBAL_UNCERTAINTY_ASSIGNED_CONTEXT ( ( #6634 ) ) GLOBAL_UNIT_ASSIGNED_CONTEXT ( ( #6637, #6636, #6635 ) ) REPRESENTATION_CONTEXT ( 'NONE', 'WORKASPACE' ) );
#6634 = UNCERTAINTY_MEASURE_WITH_UNIT (LENGTH_MEASURE( 1.000000000000000100E-005 ), #6637, 'distance_accuracy_value', 'NONE');
#6635 =( NAMED_UNIT ( * ) SI_UNIT ( $, .STERADIAN. ) SOLID_ANGLE_UNIT ( ) );
#6636 =( NAMED_UNIT ( * ) PLANE_ANGLE_UNIT ( ) SI_UNIT ( $, .RADIAN. ) );
#6637 =( LENGTH_UNIT ( ) NAMED_UNIT ( * ) SI_UNIT ( .MILLI., .METRE. ) );
#6638 = PRESENTATION_LAYER_ASSIGNMENT (  '', '', ( #6639 ) ) ;
#6639 = STYLED_ITEM ( 'NONE', ( #6640 ), #1377 ) ;
#6640 = PRESENTATION_STYLE_ASSIGNMENT (( #6641 ) ) ;
#6641 = SURFACE_STYLE_USAGE ( .BOTH. , #6642 ) ;
#6642 = SURFACE_SIDE_STYLE ('',( #6643 ) ) ;
#6643 = SURFACE_STYLE_FILL_AREA ( #6644 ) ;
#6644 = FILL_AREA_STYLE ('',( #6651 ) ) ;
#6645 = COLOUR_RGB ( '',0.7529411764705882200, 0.7529411764705882200, 0.7529411764705882200 ) ;
#6646 = FACE_OUTER_BOUND ( 'NONE', #1378, .T. ) ;
#6647 = DIRECTION ( 'NONE',  ( 0.0000000000000000000, 1.000000000000000000, 2.502005013428087100E-016 ) ) ;
#6648 = VECTOR ( 'NONE', #6647, 1000.000000000000000 ) ;
#6649 = CARTESIAN_POINT ( 'NONE',  ( -10.75000000000000000, 6.399999999999999500, -0.5000000000000017800 ) ) ;
#6650 = LINE ( 'NONE', #6649, #6648 ) ;
#6651 = FILL_AREA_STYLE_COLOUR ( '', #6645 ) ;
#6652 = DIRECTION ( 'NONE',  ( 0.0000000000000000000, 0.0000000000000000000, 1.000000000000000000 ) ) ;
#6653 = DIRECTION ( 'NONE',  ( -1.000000000000000000, 0.0000000000000000000, 0.0000000000000000000 ) ) ;
#6654 = CARTESIAN_POINT ( 'NONE',  ( -10.75000000000000000, 0.3999999999999993000, -2.850000000000001400 ) ) ;
#6655 = AXIS2_PLACEMENT_3D ( 'NONE', #6654, #6653, #6652 ) ;
#6656 = PLANE ( 'NONE',  #6655 ) ;
#6657 =( GEOMETRIC_REPRESENTATION_CONTEXT ( 3 ) GLOBAL_UNCERTAINTY_ASSIGNED_CONTEXT ( ( #6658 ) ) GLOBAL_UNIT_ASSIGNED_CONTEXT ( ( #6661, #6660, #6659 ) ) REPRESENTATION_CONTEXT ( 'NONE', 'WORKASPACE' ) );
#6658 = UNCERTAINTY_MEASURE_WITH_UNIT (LENGTH_MEASURE( 1.000000000000000100E-005 ), #6661, 'distance_accuracy_value', 'NONE');
#6659 =( NAMED_UNIT ( * ) SI_UNIT ( $, .STERADIAN. ) SOLID_ANGLE_UNIT ( ) );
#6660 =( NAMED_UNIT ( * ) PLANE_ANGLE_UNIT ( ) SI_UNIT ( $, .RADIAN. ) );
#6661 =( LENGTH_UNIT ( ) NAMED_UNIT ( * ) SI_UNIT ( .MILLI., .METRE. ) );
#6662 = MECHANICAL_DESIGN_GEOMETRIC_PRESENTATION_REPRESENTATION (  '', ( #6664 ), #6657 ) ;
#6663 = PRESENTATION_LAYER_ASSIGNMENT (  '', '', ( #6664 ) ) ;
#6664 = STYLED_ITEM ( 'NONE', ( #6665 ), #1371 ) ;
#6665 = PRESENTATION_STYLE_ASSIGNMENT (( #6666 ) ) ;
#6666 = SURFACE_STYLE_USAGE ( .BOTH. , #6667 ) ;
#6667 = SURFACE_SIDE_STYLE ('',( #6668 ) ) ;
#6668 = SURFACE_STYLE_FILL_AREA ( #6669 ) ;
#6669 = FILL_AREA_STYLE ('',( #6618 ) ) ;
#6670 = COLOUR_RGB ( '',0.7529411764705882200, 0.7529411764705882200, 0.7529411764705882200 ) ;
#6671 = CARTESIAN_POINT ( 'NONE',  ( -10.75000000000000000, 6.399999999999999500, -1.734723475976807100E-015 ) ) ;
#6672 = DIRECTION ( 'NONE',  ( -1.000000000000000000, 0.0000000000000000000, 0.0000000000000000000 ) ) ;
#6673 = VECTOR ( 'NONE', #6672, 1000.000000000000000 ) ;
#6674 = CARTESIAN_POINT ( 'NONE',  ( -10.75000000000000000, 6.399999999999999500, -1.734723475976807100E-015 ) ) ;
#6675 = LINE ( 'NONE', #6674, #6673 ) ;
#6676 = CARTESIAN_POINT ( 'NONE',  ( -11.25000000000000000, 6.399999999999999500, -1.734723475976807100E-015 ) ) ;
#6677 = CARTESIAN_POINT ( 'NONE',  ( -11.25000000000000000, 6.399999999999999500, -0.5000000000000017800 ) ) ;
#6678 = DIRECTION ( 'NONE',  ( 0.0000000000000000000, 0.0000000000000000000, 1.000000000000000000 ) ) ;
#6679 = VECTOR ( 'NONE', #6678, 1000.000000000000000 ) ;
#6680 = CARTESIAN_POINT ( 'NONE',  ( -11.25000000000000000, 6.399999999999999500, -1.734723475976807100E-015 ) ) ;
#6681 = LINE ( 'NONE', #6680, #6679 ) ;
#6682 = DIRECTION ( 'NONE',  ( 0.0000000000000000000, 0.0000000000000000000, -1.000000000000000000 ) ) ;
#6683 = DIRECTION ( 'NONE',  ( 0.0000000000000000000, -1.000000000000000000, 0.0000000000000000000 ) ) ;
#6684 = CARTESIAN_POINT ( 'NONE',  ( -10.75000000000000000, 6.399999999999999500, -1.734723475976807100E-015 ) ) ;
#6685 = AXIS2_PLACEMENT_3D ( 'NONE', #6684, #6683, #6682 ) ;
#6686 = PLANE ( 'NONE',  #6685 ) ;
#6687 =( GEOMETRIC_REPRESENTATION_CONTEXT ( 3 ) GLOBAL_UNCERTAINTY_ASSIGNED_CONTEXT ( ( #6688 ) ) GLOBAL_UNIT_ASSIGNED_CONTEXT ( ( #6691, #6690, #6689 ) ) REPRESENTATION_CONTEXT ( 'NONE', 'WORKASPACE' ) );
#6688 = UNCERTAINTY_MEASURE_WITH_UNIT (LENGTH_MEASURE( 1.000000000000000100E-005 ), #6691, 'distance_accuracy_value', 'NONE');
#6689 =( NAMED_UNIT ( * ) SI_UNIT ( $, .STERADIAN. ) SOLID_ANGLE_UNIT ( ) );
#6690 =( NAMED_UNIT ( * ) PLANE_ANGLE_UNIT ( ) SI_UNIT ( $, .RADIAN. ) );
#6691 =( LENGTH_UNIT ( ) NAMED_UNIT ( * ) SI_UNIT ( .MILLI., .METRE. ) );
#6692 = MECHANICAL_DESIGN_GEOMETRIC_PRESENTATION_REPRESENTATION (  '', ( #6639 ), #6687 ) ;
#6693 = CARTESIAN_POINT ( 'NONE',  ( -11.25000000000000000, 0.3999999999999993000, -2.850000000000001400 ) ) ;
#6694 = AXIS2_PLACEMENT_3D ( 'NONE', #6693, #6461, #9393 ) ;
#6695 = DIRECTION ( 'NONE',  ( 0.0000000000000000000, -1.000000000000000000, -3.614007241618349300E-016 ) ) ;
#6696 = PLANE ( 'NONE',  #6694 ) ;
#6697 =( GEOMETRIC_REPRESENTATION_CONTEXT ( 3 ) GLOBAL_UNCERTAINTY_ASSIGNED_CONTEXT ( ( #6698 ) ) GLOBAL_UNIT_ASSIGNED_CONTEXT ( ( #6701, #6700, #6699 ) ) REPRESENTATION_CONTEXT ( 'NONE', 'WORKASPACE' ) );
#6698 = UNCERTAINTY_MEASURE_WITH_UNIT (LENGTH_MEASURE( 1.000000000000000100E-005 ), #6701, 'distance_accuracy_value', 'NONE');
#6699 =( NAMED_UNIT ( * ) SI_UNIT ( $, .STERADIAN. ) SOLID_ANGLE_UNIT ( ) );
#6700 =( NAMED_UNIT ( * ) PLANE_ANGLE_UNIT ( ) SI_UNIT ( $, .RADIAN. ) );
#6701 =( LENGTH_UNIT ( ) NAMED_UNIT ( * ) SI_UNIT ( .MILLI., .METRE. ) );
#6702 = MECHANICAL_DESIGN_GEOMETRIC_PRESENTATION_REPRESENTATION (  '', ( #6704 ), #6697 ) ;
#6703 = PRESENTATION_LAYER_ASSIGNMENT (  '', '', ( #6704 ) ) ;
#6704 = STYLED_ITEM ( 'NONE', ( #6705 ), #1391 ) ;
#6705 = PRESENTATION_STYLE_ASSIGNMENT (( #6706 ) ) ;
#6706 = SURFACE_STYLE_USAGE ( .BOTH. , #6707 ) ;
#6707 = SURFACE_SIDE_STYLE ('',( #6708 ) ) ;
#6708 = SURFACE_STYLE_FILL_AREA ( #6709 ) ;
#6709 = FILL_AREA_STYLE ('',( #6716 ) ) ;
#6710 = COLOUR_RGB ( '',0.7529411764705882200, 0.7529411764705882200, 0.7529411764705882200 ) ;
#6711 = FACE_OUTER_BOUND ( 'NONE', #1392, .T. ) ;
#6712 = DIRECTION ( 'NONE',  ( -1.000000000000000000, 0.0000000000000000000, 0.0000000000000000000 ) ) ;
#6713 = VECTOR ( 'NONE', #6712, 1000.000000000000000 ) ;
#6714 = CARTESIAN_POINT ( 'NONE',  ( -10.75000000000000000, 6.399999999999999500, -0.5000000000000017800 ) ) ;
#6715 = LINE ( 'NONE', #6714, #6713 ) ;
#6716 = FILL_AREA_STYLE_COLOUR ( '', #6710 ) ;
#6717 = CARTESIAN_POINT ( 'NONE',  ( -10.75000000000000000, 6.399999999999999500, -0.5000000000000017800 ) ) ;
#6718 = DIRECTION ( 'NONE',  ( 0.0000000000000000000, 0.0000000000000000000, 1.000000000000000000 ) ) ;
#6719 = VECTOR ( 'NONE', #6718, 1000.000000000000000 ) ;
#6720 = CARTESIAN_POINT ( 'NONE',  ( -10.75000000000000000, 6.399999999999999500, -1.734723475976807100E-015 ) ) ;
#6721 = LINE ( 'NONE', #6720, #6719 ) ;
#6722 = DIRECTION ( 'NONE',  ( 0.0000000000000000000, 0.0000000000000000000, -1.000000000000000000 ) ) ;
#6723 = DIRECTION ( 'NONE',  ( 0.0000000000000000000, -1.000000000000000000, 0.0000000000000000000 ) ) ;
#6724 = CARTESIAN_POINT ( 'NONE',  ( -8.750000000000000000, 0.5999999999999998700, -2.850000000000001400 ) ) ;
#6725 = AXIS2_PLACEMENT_3D ( 'NONE', #6724, #6723, #6722 ) ;
#6726 = PLANE ( 'NONE',  #6725 ) ;
#6727 =( GEOMETRIC_REPRESENTATION_CONTEXT ( 3 ) GLOBAL_UNCERTAINTY_ASSIGNED_CONTEXT ( ( #6728 ) ) GLOBAL_UNIT_ASSIGNED_CONTEXT ( ( #6731, #6730, #6729 ) ) REPRESENTATION_CONTEXT ( 'NONE', 'WORKASPACE' ) );
#6728 = UNCERTAINTY_MEASURE_WITH_UNIT (LENGTH_MEASURE( 1.000000000000000100E-005 ), #6731, 'distance_accuracy_value', 'NONE');
#6729 =( NAMED_UNIT ( * ) SI_UNIT ( $, .STERADIAN. ) SOLID_ANGLE_UNIT ( ) );
#6730 =( NAMED_UNIT ( * ) PLANE_ANGLE_UNIT ( ) SI_UNIT ( $, .RADIAN. ) );
#6731 =( LENGTH_UNIT ( ) NAMED_UNIT ( * ) SI_UNIT ( .MILLI., .METRE. ) );
#6732 = MECHANICAL_DESIGN_GEOMETRIC_PRESENTATION_REPRESENTATION (  '', ( #6734 ), #6727 ) ;
#6733 = PRESENTATION_LAYER_ASSIGNMENT (  '', '', ( #6734 ) ) ;
#6734 = STYLED_ITEM ( 'NONE', ( #6735 ), #1398 ) ;
#6735 = PRESENTATION_STYLE_ASSIGNMENT (( #6736 ) ) ;
#6736 = SURFACE_STYLE_USAGE ( .BOTH. , #6737 ) ;
#6737 = SURFACE_SIDE_STYLE ('',( #6738 ) ) ;
#6738 = SURFACE_STYLE_FILL_AREA ( #6739 ) ;
#6739 = FILL_AREA_STYLE ('',( #6746 ) ) ;
#6740 = COLOUR_RGB ( '',0.7529411764705882200, 0.7529411764705882200, 0.7529411764705882200 ) ;
#6741 = FACE_OUTER_BOUND ( 'NONE', #1399, .T. ) ;
#6742 = DIRECTION ( 'NONE',  ( -1.000000000000000000, 0.0000000000000000000, 0.0000000000000000000 ) ) ;
#6743 = VECTOR ( 'NONE', #6742, 1000.000000000000000 ) ;
#6744 = CARTESIAN_POINT ( 'NONE',  ( -8.750000000000000000, 0.5999999999999998700, -4.250000000000000900 ) ) ;
#6745 = LINE ( 'NONE', #6744, #6743 ) ;
#6746 = FILL_AREA_STYLE_COLOUR ( '', #6740 ) ;
#6747 = PLANE ( 'NONE',  #6803 ) ;
#6748 =( GEOMETRIC_REPRESENTATION_CONTEXT ( 3 ) GLOBAL_UNCERTAINTY_ASSIGNED_CONTEXT ( ( #6749 ) ) GLOBAL_UNIT_ASSIGNED_CONTEXT ( ( #6752, #6751, #6750 ) ) REPRESENTATION_CONTEXT ( 'NONE', 'WORKASPACE' ) );
#6749 = UNCERTAINTY_MEASURE_WITH_UNIT (LENGTH_MEASURE( 1.000000000000000100E-005 ), #6752, 'distance_accuracy_value', 'NONE');
#6750 =( NAMED_UNIT ( * ) SI_UNIT ( $, .STERADIAN. ) SOLID_ANGLE_UNIT ( ) );
#6751 =( NAMED_UNIT ( * ) PLANE_ANGLE_UNIT ( ) SI_UNIT ( $, .RADIAN. ) );
#6752 =( LENGTH_UNIT ( ) NAMED_UNIT ( * ) SI_UNIT ( .MILLI., .METRE. ) );
#6753 = MECHANICAL_DESIGN_GEOMETRIC_PRESENTATION_REPRESENTATION (  '', ( #6755 ), #6748 ) ;
#6754 = PRESENTATION_LAYER_ASSIGNMENT (  '', '', ( #6755 ) ) ;
#6755 = STYLED_ITEM ( 'NONE', ( #6756 ), #1414 ) ;
#6756 = PRESENTATION_STYLE_ASSIGNMENT (( #6757 ) ) ;
#6757 = SURFACE_STYLE_USAGE ( .BOTH. , #6758 ) ;
#6758 = SURFACE_SIDE_STYLE ('',( #6759 ) ) ;
#6759 = SURFACE_STYLE_FILL_AREA ( #6760 ) ;
#6760 = FILL_AREA_STYLE ('',( #6767 ) ) ;
#6761 = COLOUR_RGB ( '',0.7529411764705882200, 0.7529411764705882200, 0.7529411764705882200 ) ;
#6762 = FACE_OUTER_BOUND ( 'NONE', #1415, .T. ) ;
#6763 = DIRECTION ( 'NONE',  ( 0.0000000000000000000, 1.000000000000000000, 3.614007241618349300E-016 ) ) ;
#6764 = VECTOR ( 'NONE', #6763, 1000.000000000000000 ) ;
#6765 = CARTESIAN_POINT ( 'NONE',  ( -10.75000000000000000, 0.5999999999999998700, -4.250000000000000900 ) ) ;
#6766 = LINE ( 'NONE', #6765, #6764 ) ;
#6767 = FILL_AREA_STYLE_COLOUR ( '', #6761 ) ;
#6768 = CARTESIAN_POINT ( 'NONE',  ( -10.75000000000000000, 0.0000000000000000000, -4.250000000000001800 ) ) ;
#6769 = DIRECTION ( 'NONE',  ( 0.0000000000000000000, 0.0000000000000000000, -1.000000000000000000 ) ) ;
#6770 = VECTOR ( 'NONE', #6769, 1000.000000000000000 ) ;
#6771 = CARTESIAN_POINT ( 'NONE',  ( -10.75000000000000000, 0.0000000000000000000, -2.350000000000001400 ) ) ;
#6772 = LINE ( 'NONE', #6771, #6770 ) ;
#6773 = CARTESIAN_POINT ( 'NONE',  ( -10.75000000000000000, 0.5999999999999998700, -4.250000000000000900 ) ) ;
#6774 = DIRECTION ( 'NONE',  ( 0.0000000000000000000, 0.0000000000000000000, 1.000000000000000000 ) ) ;
#6775 = VECTOR ( 'NONE', #6774, 1000.000000000000000 ) ;
#6776 = CARTESIAN_POINT ( 'NONE',  ( -10.75000000000000000, 0.5999999999999998700, -2.850000000000001400 ) ) ;
#6777 = LINE ( 'NONE', #6776, #6775 ) ;
#6778 = CARTESIAN_POINT ( 'NONE',  ( -10.75000000000000000, 0.3999999999999993000, -2.350000000000001400 ) ) ;
#6779 = LINE ( 'NONE', #6778, #6833 ) ;
#6780 = DIRECTION ( 'NONE',  ( 0.0000000000000000000, 1.000000000000000000, -2.710505431213766000E-016 ) ) ;
#6781 = DIRECTION ( 'NONE',  ( 0.0000000000000000000, -2.710505431213766000E-016, -1.000000000000000000 ) ) ;
#6782 = CARTESIAN_POINT ( 'NONE',  ( -10.75000000000000000, 0.3999999999999993000, -2.350000000000001400 ) ) ;
#6783 = AXIS2_PLACEMENT_3D ( 'NONE', #6782, #6781, #6780 ) ;
#6784 = PLANE ( 'NONE',  #6783 ) ;
#6785 =( GEOMETRIC_REPRESENTATION_CONTEXT ( 3 ) GLOBAL_UNCERTAINTY_ASSIGNED_CONTEXT ( ( #6786 ) ) GLOBAL_UNIT_ASSIGNED_CONTEXT ( ( #6789, #6788, #6787 ) ) REPRESENTATION_CONTEXT ( 'NONE', 'WORKASPACE' ) );
#6786 = UNCERTAINTY_MEASURE_WITH_UNIT (LENGTH_MEASURE( 1.000000000000000100E-005 ), #6789, 'distance_accuracy_value', 'NONE');
#6787 =( NAMED_UNIT ( * ) SI_UNIT ( $, .STERADIAN. ) SOLID_ANGLE_UNIT ( ) );
#6788 =( NAMED_UNIT ( * ) PLANE_ANGLE_UNIT ( ) SI_UNIT ( $, .RADIAN. ) );
#6789 =( LENGTH_UNIT ( ) NAMED_UNIT ( * ) SI_UNIT ( .MILLI., .METRE. ) );
#6790 = MECHANICAL_DESIGN_GEOMETRIC_PRESENTATION_REPRESENTATION (  '', ( #6792 ), #6785 ) ;
#6791 = PRESENTATION_LAYER_ASSIGNMENT (  '', '', ( #6792 ) ) ;
#6792 = STYLED_ITEM ( 'NONE', ( #6793 ), #1418 ) ;
#6793 = PRESENTATION_STYLE_ASSIGNMENT (( #6794 ) ) ;
#6794 = SURFACE_STYLE_USAGE ( .BOTH. , #6795 ) ;
#6795 = SURFACE_SIDE_STYLE ('',( #6796 ) ) ;
#6796 = SURFACE_STYLE_FILL_AREA ( #6797 ) ;
#6797 = FILL_AREA_STYLE ('',( #6804 ) ) ;
#6798 = COLOUR_RGB ( '',0.7529411764705882200, 0.7529411764705882200, 0.7529411764705882200 ) ;
#6799 = FACE_OUTER_BOUND ( 'NONE', #1419, .T. ) ;
#6800 = DIRECTION ( 'NONE',  ( 0.0000000000000000000, 0.0000000000000000000, 1.000000000000000000 ) ) ;
#6801 = DIRECTION ( 'NONE',  ( -1.000000000000000000, 0.0000000000000000000, 0.0000000000000000000 ) ) ;
#6802 = CARTESIAN_POINT ( 'NONE',  ( -11.25000000000000000, 0.3999999999999993000, -2.850000000000001400 ) ) ;
#6803 = AXIS2_PLACEMENT_3D ( 'NONE', #6802, #6801, #6800 ) ;
#6804 = FILL_AREA_STYLE_COLOUR ( '', #6798 ) ;
#6805 = PLANE ( 'NONE',  #6864 ) ;
#6806 =( GEOMETRIC_REPRESENTATION_CONTEXT ( 3 ) GLOBAL_UNCERTAINTY_ASSIGNED_CONTEXT ( ( #6807 ) ) GLOBAL_UNIT_ASSIGNED_CONTEXT ( ( #6810, #6809, #6808 ) ) REPRESENTATION_CONTEXT ( 'NONE', 'WORKASPACE' ) );
#6807 = UNCERTAINTY_MEASURE_WITH_UNIT (LENGTH_MEASURE( 1.000000000000000100E-005 ), #6810, 'distance_accuracy_value', 'NONE');
#6808 =( NAMED_UNIT ( * ) SI_UNIT ( $, .STERADIAN. ) SOLID_ANGLE_UNIT ( ) );
#6809 =( NAMED_UNIT ( * ) PLANE_ANGLE_UNIT ( ) SI_UNIT ( $, .RADIAN. ) );
#6810 =( LENGTH_UNIT ( ) NAMED_UNIT ( * ) SI_UNIT ( .MILLI., .METRE. ) );
#6811 = MECHANICAL_DESIGN_GEOMETRIC_PRESENTATION_REPRESENTATION (  '', ( #6813 ), #6806 ) ;
#6812 = PRESENTATION_LAYER_ASSIGNMENT (  '', '', ( #6813 ) ) ;
#6813 = STYLED_ITEM ( 'NONE', ( #6814 ), #1429 ) ;
#6814 = PRESENTATION_STYLE_ASSIGNMENT (( #6815 ) ) ;
#6815 = SURFACE_STYLE_USAGE ( .BOTH. , #6816 ) ;
#6816 = SURFACE_SIDE_STYLE ('',( #6817 ) ) ;
#6817 = SURFACE_STYLE_FILL_AREA ( #6818 ) ;
#6818 = FILL_AREA_STYLE ('',( #6825 ) ) ;
#6819 = COLOUR_RGB ( '',0.7529411764705882200, 0.7529411764705882200, 0.7529411764705882200 ) ;
#6820 = FACE_OUTER_BOUND ( 'NONE', #1402, .T. ) ;
#6821 = DIRECTION ( 'NONE',  ( -1.000000000000000000, 0.0000000000000000000, 0.0000000000000000000 ) ) ;
#6822 = VECTOR ( 'NONE', #6821, 1000.000000000000000 ) ;
#6823 = CARTESIAN_POINT ( 'NONE',  ( -10.75000000000000000, 0.0000000000000000000, -2.350000000000001400 ) ) ;
#6824 = LINE ( 'NONE', #6823, #6822 ) ;
#6825 = FILL_AREA_STYLE_COLOUR ( '', #6819 ) ;
#6826 = CARTESIAN_POINT ( 'NONE',  ( -11.25000000000000000, 0.0000000000000000000, -2.350000000000001400 ) ) ;
#6827 = DIRECTION ( 'NONE',  ( 0.0000000000000000000, -1.000000000000000000, 2.710505431213766000E-016 ) ) ;
#6828 = VECTOR ( 'NONE', #6827, 1000.000000000000000 ) ;
#6829 = CARTESIAN_POINT ( 'NONE',  ( -11.25000000000000000, 0.3999999999999993000, -2.350000000000001400 ) ) ;
#6830 = LINE ( 'NONE', #6829, #6828 ) ;
#6831 = CARTESIAN_POINT ( 'NONE',  ( -10.75000000000000000, 0.0000000000000000000, -2.350000000000001400 ) ) ;
#6832 = DIRECTION ( 'NONE',  ( 0.0000000000000000000, -1.000000000000000000, 2.710505431213766000E-016 ) ) ;
#6833 = VECTOR ( 'NONE', #6832, 1000.000000000000000 ) ;
#6834 = FILL_AREA_STYLE_COLOUR ( '', #6889 ) ;
#6835 = DIRECTION ( 'NONE',  ( 0.0000000000000000000, 1.000000000000000000, 1.445602896647339200E-016 ) ) ;
#6836 = DIRECTION ( 'NONE',  ( 0.0000000000000000000, 1.445602896647339200E-016, -1.000000000000000000 ) ) ;
#6837 = CARTESIAN_POINT ( 'NONE',  ( -10.75000000000000000, 0.3999999999999993000, -2.602085213965210600E-015 ) ) ;
#6838 = AXIS2_PLACEMENT_3D ( 'NONE', #6837, #6836, #6835 ) ;
#6839 = FACE_OUTER_BOUND ( 'NONE', #1362, .T. ) ;
#6840 = PLANE ( 'NONE',  #6838 ) ;
#6841 =( GEOMETRIC_REPRESENTATION_CONTEXT ( 3 ) GLOBAL_UNCERTAINTY_ASSIGNED_CONTEXT ( ( #6842 ) ) GLOBAL_UNIT_ASSIGNED_CONTEXT ( ( #6845, #6844, #6843 ) ) REPRESENTATION_CONTEXT ( 'NONE', 'WORKASPACE' ) );
#6842 = UNCERTAINTY_MEASURE_WITH_UNIT (LENGTH_MEASURE( 1.000000000000000100E-005 ), #6845, 'distance_accuracy_value', 'NONE');
#6843 =( NAMED_UNIT ( * ) SI_UNIT ( $, .STERADIAN. ) SOLID_ANGLE_UNIT ( ) );
#6844 =( NAMED_UNIT ( * ) PLANE_ANGLE_UNIT ( ) SI_UNIT ( $, .RADIAN. ) );
#6845 =( LENGTH_UNIT ( ) NAMED_UNIT ( * ) SI_UNIT ( .MILLI., .METRE. ) );
#6846 = MECHANICAL_DESIGN_GEOMETRIC_PRESENTATION_REPRESENTATION (  '', ( #6848 ), #6841 ) ;
#6847 = PRESENTATION_LAYER_ASSIGNMENT (  '', '', ( #6848 ) ) ;
#6848 = STYLED_ITEM ( 'NONE', ( #6849 ), #1432 ) ;
#6849 = PRESENTATION_STYLE_ASSIGNMENT (( #6850 ) ) ;
#6850 = SURFACE_STYLE_USAGE ( .BOTH. , #6851 ) ;
#6851 = SURFACE_SIDE_STYLE ('',( #6852 ) ) ;
#6852 = SURFACE_STYLE_FILL_AREA ( #6853 ) ;
#6853 = FILL_AREA_STYLE ('',( #6860 ) ) ;
#6854 = COLOUR_RGB ( '',0.7529411764705882200, 0.7529411764705882200, 0.7529411764705882200 ) ;
#6855 = FACE_OUTER_BOUND ( 'NONE', #1433, .T. ) ;
#6856 = DIRECTION ( 'NONE',  ( 0.0000000000000000000, -1.000000000000000000, -1.445602896647339200E-016 ) ) ;
#6857 = VECTOR ( 'NONE', #6856, 1000.000000000000000 ) ;
#6858 = CARTESIAN_POINT ( 'NONE',  ( -10.75000000000000000, 0.3999999999999993000, -2.602085213965210600E-015 ) ) ;
#6859 = LINE ( 'NONE', #6858, #6857 ) ;
#6860 = FILL_AREA_STYLE_COLOUR ( '', #6854 ) ;
#6861 = DIRECTION ( 'NONE',  ( 0.0000000000000000000, 0.0000000000000000000, 1.000000000000000000 ) ) ;
#6862 = DIRECTION ( 'NONE',  ( -1.000000000000000000, 0.0000000000000000000, 0.0000000000000000000 ) ) ;
#6863 = CARTESIAN_POINT ( 'NONE',  ( -10.75000000000000000, 0.3999999999999993000, -2.850000000000001400 ) ) ;
#6864 = AXIS2_PLACEMENT_3D ( 'NONE', #6863, #6862, #6861 ) ;
#6865 = DIRECTION ( 'NONE',  ( 0.0000000000000000000, 0.0000000000000000000, -1.000000000000000000 ) ) ;
#6866 = DIRECTION ( 'NONE',  ( 1.000000000000000000, 0.0000000000000000000, 0.0000000000000000000 ) ) ;
#6867 = CARTESIAN_POINT ( 'NONE',  ( -11.40000000000000000, 1.839852949126455700, 1.049999999999996300 ) ) ;
#6868 = AXIS2_PLACEMENT_3D ( 'NONE', #6867, #6866, #6865 ) ;
#6869 = PLANE ( 'NONE',  #6868 ) ;
#6870 = FACE_OUTER_BOUND ( 'NONE', #1440, .T. ) ;
#6871 = DIRECTION ( 'NONE',  ( 0.0000000000000000000, -1.000000000000000000, -2.502005013428087100E-016 ) ) ;
#6872 = DIRECTION ( 'NONE',  ( 0.0000000000000000000, -2.502005013428087100E-016, 1.000000000000000000 ) ) ;
#6873 = CARTESIAN_POINT ( 'NONE',  ( -10.75000000000000000, 6.399999999999999500, -0.5000000000000017800 ) ) ;
#6874 = AXIS2_PLACEMENT_3D ( 'NONE', #6873, #6872, #6871 ) ;
#6875 = PLANE ( 'NONE',  #6874 ) ;
#6876 =( GEOMETRIC_REPRESENTATION_CONTEXT ( 3 ) GLOBAL_UNCERTAINTY_ASSIGNED_CONTEXT ( ( #6877 ) ) GLOBAL_UNIT_ASSIGNED_CONTEXT ( ( #6880, #6879, #6878 ) ) REPRESENTATION_CONTEXT ( 'NONE', 'WORKASPACE' ) );
#6877 = UNCERTAINTY_MEASURE_WITH_UNIT (LENGTH_MEASURE( 1.000000000000000100E-005 ), #6880, 'distance_accuracy_value', 'NONE');
#6878 =( NAMED_UNIT ( * ) SI_UNIT ( $, .STERADIAN. ) SOLID_ANGLE_UNIT ( ) );
#6879 =( NAMED_UNIT ( * ) PLANE_ANGLE_UNIT ( ) SI_UNIT ( $, .RADIAN. ) );
#6880 =( LENGTH_UNIT ( ) NAMED_UNIT ( * ) SI_UNIT ( .MILLI., .METRE. ) );
#6881 = MECHANICAL_DESIGN_GEOMETRIC_PRESENTATION_REPRESENTATION (  '', ( #6883 ), #6876 ) ;
#6882 = PRESENTATION_LAYER_ASSIGNMENT (  '', '', ( #6883 ) ) ;
#6883 = STYLED_ITEM ( 'NONE', ( #6884 ), #1438 ) ;
#6884 = PRESENTATION_STYLE_ASSIGNMENT (( #6885 ) ) ;
#6885 = SURFACE_STYLE_USAGE ( .BOTH. , #6886 ) ;
#6886 = SURFACE_SIDE_STYLE ('',( #6887 ) ) ;
#6887 = SURFACE_STYLE_FILL_AREA ( #6888 ) ;
#6888 = FILL_AREA_STYLE ('',( #6834 ) ) ;
#6889 = COLOUR_RGB ( '',0.7529411764705882200, 0.7529411764705882200, 0.7529411764705882200 ) ;
#6890 = DIRECTION ( 'NONE',  ( 0.0000000000000000000, -1.000000000000000000, -1.257045997084642900E-016 ) ) ;
#6891 = DIRECTION ( 'NONE',  ( 0.0000000000000000000, -1.257045997084642900E-016, 1.000000000000000000 ) ) ;
#6892 = CARTESIAN_POINT ( 'NONE',  ( 12.19999999999999900, 1.839852949126454800, 2.149999999999995500 ) ) ;
#6893 = AXIS2_PLACEMENT_3D ( 'NONE', #6892, #6891, #6890 ) ;
#6894 = PLANE ( 'NONE',  #6893 ) ;
#6895 = FACE_OUTER_BOUND ( 'NONE', #1451, .T. ) ;
#6896 = DIRECTION ( 'NONE',  ( 0.0000000000000000000, 0.0000000000000000000, -1.000000000000000000 ) ) ;
#6897 = DIRECTION ( 'NONE',  ( 0.0000000000000000000, -1.000000000000000000, 0.0000000000000000000 ) ) ;
#6898 = CARTESIAN_POINT ( 'NONE',  ( -10.75000000000000000, 0.5999999999999998700, -2.850000000000001400 ) ) ;
#6899 = AXIS2_PLACEMENT_3D ( 'NONE', #6898, #6897, #6896 ) ;
#6900 = PLANE ( 'NONE',  #6899 ) ;
#6901 =( GEOMETRIC_REPRESENTATION_CONTEXT ( 3 ) GLOBAL_UNCERTAINTY_ASSIGNED_CONTEXT ( ( #6902 ) ) GLOBAL_UNIT_ASSIGNED_CONTEXT ( ( #6905, #6904, #6903 ) ) REPRESENTATION_CONTEXT ( 'NONE', 'WORKASPACE' ) );
#6902 = UNCERTAINTY_MEASURE_WITH_UNIT (LENGTH_MEASURE( 1.000000000000000100E-005 ), #6905, 'distance_accuracy_value', 'NONE');
#6903 =( NAMED_UNIT ( * ) SI_UNIT ( $, .STERADIAN. ) SOLID_ANGLE_UNIT ( ) );
#6904 =( NAMED_UNIT ( * ) PLANE_ANGLE_UNIT ( ) SI_UNIT ( $, .RADIAN. ) );
#6905 =( LENGTH_UNIT ( ) NAMED_UNIT ( * ) SI_UNIT ( .MILLI., .METRE. ) );
#6906 = MECHANICAL_DESIGN_GEOMETRIC_PRESENTATION_REPRESENTATION (  '', ( #6908 ), #6901 ) ;
#6907 = PRESENTATION_LAYER_ASSIGNMENT (  '', '', ( #6908 ) ) ;
#6908 = STYLED_ITEM ( 'NONE', ( #6909 ), #1444 ) ;
#6909 = PRESENTATION_STYLE_ASSIGNMENT (( #6910 ) ) ;
#6910 = SURFACE_STYLE_USAGE ( .BOTH. , #6911 ) ;
#6911 = SURFACE_SIDE_STYLE ('',( #6912 ) ) ;
#6912 = SURFACE_STYLE_FILL_AREA ( #6913 ) ;
#6913 = FILL_AREA_STYLE ('',( #6920 ) ) ;
#6914 = COLOUR_RGB ( '',0.7529411764705882200, 0.7529411764705882200, 0.7529411764705882200 ) ;
#6915 = FACE_OUTER_BOUND ( 'NONE', #1445, .T. ) ;
#6916 = DIRECTION ( 'NONE',  ( 0.0000000000000000000, 1.000000000000000000, 1.257045997084642900E-016 ) ) ;
#6917 = VECTOR ( 'NONE', #6916, 1000.000000000000000 ) ;
#6918 = CARTESIAN_POINT ( 'NONE',  ( -11.40000000000000000, 1.839852949126454800, 2.149999999999995500 ) ) ;
#6919 = LINE ( 'NONE', #6918, #6917 ) ;
#6920 = FILL_AREA_STYLE_COLOUR ( '', #6914 ) ;
#6921 = DIRECTION ( 'NONE',  ( 0.0000000000000000000, -3.614007241618349300E-016, 1.000000000000000000 ) ) ;
#6922 = CARTESIAN_POINT ( 'NONE',  ( -10.75000000000000000, 0.5999999999999998700, -4.250000000000000900 ) ) ;
#6923 = AXIS2_PLACEMENT_3D ( 'NONE', #6922, #6921, #6695 ) ;
#6924 = DIRECTION ( 'NONE',  ( -1.000000000000000000, 0.0000000000000000000, 0.0000000000000000000 ) ) ;
#6925 = PLANE ( 'NONE',  #6923 ) ;
#6926 =( GEOMETRIC_REPRESENTATION_CONTEXT ( 3 ) GLOBAL_UNCERTAINTY_ASSIGNED_CONTEXT ( ( #6927 ) ) GLOBAL_UNIT_ASSIGNED_CONTEXT ( ( #6930, #6929, #6928 ) ) REPRESENTATION_CONTEXT ( 'NONE', 'WORKASPACE' ) );
#6927 = UNCERTAINTY_MEASURE_WITH_UNIT (LENGTH_MEASURE( 1.000000000000000100E-005 ), #6930, 'distance_accuracy_value', 'NONE');
#6928 =( NAMED_UNIT ( * ) SI_UNIT ( $, .STERADIAN. ) SOLID_ANGLE_UNIT ( ) );
#6929 =( NAMED_UNIT ( * ) PLANE_ANGLE_UNIT ( ) SI_UNIT ( $, .RADIAN. ) );
#6930 =( LENGTH_UNIT ( ) NAMED_UNIT ( * ) SI_UNIT ( .MILLI., .METRE. ) );
#6931 = MECHANICAL_DESIGN_GEOMETRIC_PRESENTATION_REPRESENTATION (  '', ( #6933 ), #6926 ) ;
#6932 = PRESENTATION_LAYER_ASSIGNMENT (  '', '', ( #6933 ) ) ;
#6933 = STYLED_ITEM ( 'NONE', ( #6934 ), #1461 ) ;
#6934 = PRESENTATION_STYLE_ASSIGNMENT (( #6935 ) ) ;
#6935 = SURFACE_STYLE_USAGE ( .BOTH. , #6936 ) ;
#6936 = SURFACE_SIDE_STYLE ('',( #6937 ) ) ;
#6937 = SURFACE_STYLE_FILL_AREA ( #6938 ) ;
#6938 = FILL_AREA_STYLE ('',( #6945 ) ) ;
#6939 = COLOUR_RGB ( '',0.7529411764705882200, 0.7529411764705882200, 0.7529411764705882200 ) ;
#6940 = FACE_OUTER_BOUND ( 'NONE', #1462, .T. ) ;
#6941 = DIRECTION ( 'NONE',  ( -1.000000000000000000, 0.0000000000000000000, 0.0000000000000000000 ) ) ;
#6942 = VECTOR ( 'NONE', #6941, 1000.000000000000000 ) ;
#6943 = CARTESIAN_POINT ( 'NONE',  ( -10.75000000000000000, 0.0000000000000000000, -4.250000000000001800 ) ) ;
#6944 = LINE ( 'NONE', #6943, #6942 ) ;
#6945 = FILL_AREA_STYLE_COLOUR ( '', #6939 ) ;
#6946 = DIRECTION ( 'NONE',  ( 0.0000000000000000000, 1.000000000000000000, 1.257045997084642900E-016 ) ) ;
#6947 = VECTOR ( 'NONE', #6946, 1000.000000000000000 ) ;
#6948 = CARTESIAN_POINT ( 'NONE',  ( 11.40000000000000000, 1.839852949126454800, 2.149999999999995500 ) ) ;
#6949 = LINE ( 'NONE', #6948, #6947 ) ;
#6950 = UNCERTAINTY_MEASURE_WITH_UNIT (LENGTH_MEASURE( 1.000000000000000100E-005 ), #6953, 'distance_accuracy_value', 'NONE');
#6951 =( NAMED_UNIT ( * ) SI_UNIT ( $, .STERADIAN. ) SOLID_ANGLE_UNIT ( ) );
#6952 =( NAMED_UNIT ( * ) PLANE_ANGLE_UNIT ( ) SI_UNIT ( $, .RADIAN. ) );
#6953 =( LENGTH_UNIT ( ) NAMED_UNIT ( * ) SI_UNIT ( .MILLI., .METRE. ) );
#6954 = MECHANICAL_DESIGN_GEOMETRIC_PRESENTATION_REPRESENTATION (  '', ( #6956 ), #7009 ) ;
#6955 = PRESENTATION_LAYER_ASSIGNMENT (  '', '', ( #6956 ) ) ;
#6956 = STYLED_ITEM ( 'NONE', ( #6957 ), #1479 ) ;
#6957 = PRESENTATION_STYLE_ASSIGNMENT (( #6958 ) ) ;
#6958 = SURFACE_STYLE_USAGE ( .BOTH. , #6959 ) ;
#6959 = SURFACE_SIDE_STYLE ('',( #6960 ) ) ;
#6960 = SURFACE_STYLE_FILL_AREA ( #6961 ) ;
#6961 = FILL_AREA_STYLE ('',( #6968 ) ) ;
#6962 = COLOUR_RGB ( '',0.7529411764705882200, 0.7529411764705882200, 0.7529411764705882200 ) ;
#6963 = FACE_OUTER_BOUND ( 'NONE', #1401, .T. ) ;
#6964 = DIRECTION ( 'NONE',  ( 0.0000000000000000000, 0.0000000000000000000, -1.000000000000000000 ) ) ;
#6965 = VECTOR ( 'NONE', #6964, 1000.000000000000000 ) ;
#6966 = CARTESIAN_POINT ( 'NONE',  ( -11.25000000000000000, 0.0000000000000000000, -2.350000000000001400 ) ) ;
#6967 = LINE ( 'NONE', #6966, #6965 ) ;
#6968 = FILL_AREA_STYLE_COLOUR ( '', #6962 ) ;
#6969 = CARTESIAN_POINT ( 'NONE',  ( -11.25000000000000000, 0.0000000000000000000, -4.250000000000001800 ) ) ;
#6970 = DIRECTION ( 'NONE',  ( 0.0000000000000000000, 1.000000000000000000, 3.614007241618349300E-016 ) ) ;
#6971 = VECTOR ( 'NONE', #6970, 1000.000000000000000 ) ;
#6972 = CARTESIAN_POINT ( 'NONE',  ( -11.25000000000000000, 0.5999999999999998700, -4.250000000000000900 ) ) ;
#6973 = LINE ( 'NONE', #6972, #6971 ) ;
#6974 = CARTESIAN_POINT ( 'NONE',  ( -11.25000000000000000, 0.5999999999999998700, -4.250000000000000900 ) ) ;
#6975 = DIRECTION ( 'NONE',  ( 0.0000000000000000000, 0.0000000000000000000, 1.000000000000000000 ) ) ;
#6976 = VECTOR ( 'NONE', #6975, 1000.000000000000000 ) ;
#6977 = CARTESIAN_POINT ( 'NONE',  ( -11.25000000000000000, 0.5999999999999998700, -2.850000000000001400 ) ) ;
#6978 = LINE ( 'NONE', #6977, #6976 ) ;
#6979 = DIRECTION ( 'NONE',  ( -1.000000000000000000, 0.0000000000000000000, 0.0000000000000000000 ) ) ;
#6980 = VECTOR ( 'NONE', #6979, 1000.000000000000000 ) ;
#6981 = CARTESIAN_POINT ( 'NONE',  ( -10.75000000000000000, 0.5999999999999998700, -4.250000000000000900 ) ) ;
#6982 = LINE ( 'NONE', #6981, #6980 ) ;
#6983 = LINE ( 'NONE', #7044, #7043 ) ;
#6984 = DIRECTION ( 'NONE',  ( 0.0000000000000000000, 0.0000000000000000000, -1.000000000000000000 ) ) ;
#6985 = DIRECTION ( 'NONE',  ( 1.000000000000000000, 0.0000000000000000000, 0.0000000000000000000 ) ) ;
#6986 = CARTESIAN_POINT ( 'NONE',  ( 7.349999999999999600, 3.199999999999998000, 1.049999999999996700 ) ) ;
#6987 = AXIS2_PLACEMENT_3D ( 'NONE', #6986, #6985, #6984 ) ;
#6988 = PLANE ( 'NONE',  #6987 ) ;
#6989 = FACE_OUTER_BOUND ( 'NONE', #1494, .T. ) ;
#6990 = DIRECTION ( 'NONE',  ( 0.0000000000000000000, 1.000000000000000000, 3.142614992711606900E-016 ) ) ;
#6991 = VECTOR ( 'NONE', #6990, 1000.000000000000000 ) ;
#6992 = CARTESIAN_POINT ( 'NONE',  ( 6.250000000000000000, 3.199999999999998000, 1.249999999999996000 ) ) ;
#6993 = LINE ( 'NONE', #6992, #6991 ) ;
#6994 = DIRECTION ( 'NONE',  ( 0.0000000000000000000, 0.0000000000000000000, 1.000000000000000000 ) ) ;
#6995 = DIRECTION ( 'NONE',  ( -1.000000000000000000, 0.0000000000000000000, 0.0000000000000000000 ) ) ;
#6996 = CARTESIAN_POINT ( 'NONE',  ( 6.250000000000000000, 3.199999999999997100, 1.749999999999995600 ) ) ;
#6997 = AXIS2_PLACEMENT_3D ( 'NONE', #6996, #6995, #6994 ) ;
#6998 = PLANE ( 'NONE',  #6997 ) ;
#6999 = FACE_OUTER_BOUND ( 'NONE', #1485, .T. ) ;
#7000 = DIRECTION ( 'NONE',  ( 0.0000000000000000000, 1.000000000000000000, 3.142614992711606900E-016 ) ) ;
#7001 = VECTOR ( 'NONE', #7000, 1000.000000000000000 ) ;
#7002 = CARTESIAN_POINT ( 'NONE',  ( 6.250000000000000000, 3.199999999999997100, 1.749999999999995600 ) ) ;
#7003 = LINE ( 'NONE', #7002, #7001 ) ;
#7004 = DIRECTION ( 'NONE',  ( 0.0000000000000000000, 0.0000000000000000000, 1.000000000000000000 ) ) ;
#7005 = DIRECTION ( 'NONE',  ( 0.0000000000000000000, 1.000000000000000000, 0.0000000000000000000 ) ) ;
#7006 = CARTESIAN_POINT ( 'NONE',  ( -10.75000000000000000, 0.0000000000000000000, -2.350000000000001400 ) ) ;
#7007 = AXIS2_PLACEMENT_3D ( 'NONE', #7006, #7005, #7004 ) ;
#7008 = PLANE ( 'NONE',  #7007 ) ;
#7009 =( GEOMETRIC_REPRESENTATION_CONTEXT ( 3 ) GLOBAL_UNCERTAINTY_ASSIGNED_CONTEXT ( ( #6950 ) ) GLOBAL_UNIT_ASSIGNED_CONTEXT ( ( #6953, #6952, #6951 ) ) REPRESENTATION_CONTEXT ( 'NONE', 'WORKASPACE' ) );
#7010 = DIRECTION ( 'NONE',  ( 0.0000000000000000000, 1.000000000000000000, 3.142614992711606900E-016 ) ) ;
#7011 = VECTOR ( 'NONE', #7010, 1000.000000000000000 ) ;
#7012 = CARTESIAN_POINT ( 'NONE',  ( -10.85000000000000000, 0.09999999999999939500, 1.999999999999995800 ) ) ;
#7013 = LINE ( 'NONE', #7012, #7011 ) ;
#7014 = DIRECTION ( 'NONE',  ( 0.0000000000000000000, 0.0000000000000000000, 1.000000000000000000 ) ) ;
#7015 = DIRECTION ( 'NONE',  ( -1.000000000000000000, 0.0000000000000000000, 0.0000000000000000000 ) ) ;
#7016 = CARTESIAN_POINT ( 'NONE',  ( 11.40000000000000000, 1.839852949126455700, 1.049999999999996300 ) ) ;
#7017 = AXIS2_PLACEMENT_3D ( 'NONE', #7016, #7015, #7014 ) ;
#7018 = PLANE ( 'NONE',  #7017 ) ;
#7019 = FACE_OUTER_BOUND ( 'NONE', #9465, .T. ) ;
#7020 = DIRECTION ( 'NONE',  ( 0.0000000000000000000, 1.000000000000000000, 3.142614992711606900E-016 ) ) ;
#7021 = VECTOR ( 'NONE', #7020, 1000.000000000000000 ) ;
#7022 = CARTESIAN_POINT ( 'NONE',  ( -7.349999999999998800, 3.199999999999997100, 1.749999999999998000 ) ) ;
#7023 = LINE ( 'NONE', #7022, #7021 ) ;
#7024 = DIRECTION ( 'NONE',  ( 0.0000000000000000000, 0.0000000000000000000, 1.000000000000000000 ) ) ;
#7025 = DIRECTION ( 'NONE',  ( -1.000000000000000000, 0.0000000000000000000, 0.0000000000000000000 ) ) ;
#7026 = CARTESIAN_POINT ( 'NONE',  ( -7.349999999999998800, 3.199999999999997100, 1.749999999999998000 ) ) ;
#7027 = AXIS2_PLACEMENT_3D ( 'NONE', #7026, #7025, #7024 ) ;
#7028 = PLANE ( 'NONE',  #7027 ) ;
#7029 = FACE_OUTER_BOUND ( 'NONE', #1512, .T. ) ;
#7030 = DIRECTION ( 'NONE',  ( 0.0000000000000000000, -1.000000000000000000, -1.257045997084642900E-016 ) ) ;
#7031 = DIRECTION ( 'NONE',  ( 0.0000000000000000000, -1.257045997084642900E-016, 1.000000000000000000 ) ) ;
#7032 = CARTESIAN_POINT ( 'NONE',  ( -12.19999999999999900, 1.839852949126454800, 2.149999999999995500 ) ) ;
#7033 = AXIS2_PLACEMENT_3D ( 'NONE', #7032, #7031, #7030 ) ;
#7034 = PLANE ( 'NONE',  #7033 ) ;
#7035 = FACE_OUTER_BOUND ( 'NONE', #1506, .T. ) ;
#7036 = DIRECTION ( 'NONE',  ( 0.0000000000000000000, -1.000000000000000000, -3.142614992711606900E-016 ) ) ;
#7037 = DIRECTION ( 'NONE',  ( 0.0000000000000000000, -3.142614992711606900E-016, 1.000000000000000000 ) ) ;
#7038 = CARTESIAN_POINT ( 'NONE',  ( 7.349999999999999600, 3.199999999999997100, 1.749999999999995600 ) ) ;
#7039 = AXIS2_PLACEMENT_3D ( 'NONE', #7038, #7037, #7036 ) ;
#7040 = PLANE ( 'NONE',  #7039 ) ;
#7041 = FACE_OUTER_BOUND ( 'NONE', #1501, .T. ) ;
#7042 = DIRECTION ( 'NONE',  ( 0.0000000000000000000, 1.000000000000000000, 3.142614992711606900E-016 ) ) ;
#7043 = VECTOR ( 'NONE', #7042, 1000.000000000000000 ) ;
#7044 = CARTESIAN_POINT ( 'NONE',  ( 7.349999999999999600, 3.199999999999997100, 1.749999999999995600 ) ) ;
#7045 = PLANE ( 'NONE',  #7111 ) ;
#7046 = FACE_OUTER_BOUND ( 'NONE', #1543, .T. ) ;
#7047 = DIRECTION ( 'NONE',  ( 0.0000000000000000000, 0.0000000000000000000, 1.000000000000000000 ) ) ;
#7048 = DIRECTION ( 'NONE',  ( -1.000000000000000000, 0.0000000000000000000, 0.0000000000000000000 ) ) ;
#7049 = CARTESIAN_POINT ( 'NONE',  ( -10.85000000000000000, 0.09999999999999939500, 2.849999999999997400 ) ) ;
#7050 = AXIS2_PLACEMENT_3D ( 'NONE', #7049, #7048, #7047 ) ;
#7051 = PLANE ( 'NONE',  #7050 ) ;
#7052 = FACE_OUTER_BOUND ( 'NONE', #1539, .T. ) ;
#7053 = DIRECTION ( 'NONE',  ( 0.0000000000000000000, -1.000000000000000000, -3.142614992711606900E-016 ) ) ;
#7054 = DIRECTION ( 'NONE',  ( 0.0000000000000000000, -3.142614992711606900E-016, 1.000000000000000000 ) ) ;
#7055 = CARTESIAN_POINT ( 'NONE',  ( -6.250000000000000000, 3.199999999999997100, 1.749999999999998000 ) ) ;
#7056 = AXIS2_PLACEMENT_3D ( 'NONE', #7055, #7054, #7053 ) ;
#7057 = PLANE ( 'NONE',  #7056 ) ;
#7058 = FACE_OUTER_BOUND ( 'NONE', #1533, .T. ) ;
#7059 = DIRECTION ( 'NONE',  ( 0.0000000000000000000, 1.000000000000000000, 3.142614992711606900E-016 ) ) ;
#7060 = VECTOR ( 'NONE', #7059, 1000.000000000000000 ) ;
#7061 = CARTESIAN_POINT ( 'NONE',  ( -6.250000000000000000, 3.199999999999997100, 1.749999999999998000 ) ) ;
#7062 = LINE ( 'NONE', #7061, #7060 ) ;
#7063 = DIRECTION ( 'NONE',  ( 0.0000000000000000000, 0.0000000000000000000, -1.000000000000000000 ) ) ;
#7064 = DIRECTION ( 'NONE',  ( 1.000000000000000000, 0.0000000000000000000, 0.0000000000000000000 ) ) ;
#7065 = CARTESIAN_POINT ( 'NONE',  ( -7.900000000000000400, 0.09999999999999939500, 2.849999999999997400 ) ) ;
#7066 = AXIS2_PLACEMENT_3D ( 'NONE', #7065, #7064, #7063 ) ;
#7067 = PLANE ( 'NONE',  #7066 ) ;
#7068 = FACE_OUTER_BOUND ( 'NONE', #1529, .T. ) ;
#7069 = DIRECTION ( 'NONE',  ( 0.0000000000000000000, 1.000000000000000000, 3.142614992711606900E-016 ) ) ;
#7070 = VECTOR ( 'NONE', #7069, 1000.000000000000000 ) ;
#7071 = CARTESIAN_POINT ( 'NONE',  ( -7.900000000000000400, 0.09999999999999939500, 1.999999999999995800 ) ) ;
#7072 = LINE ( 'NONE', #7071, #7070 ) ;
#7073 = DIRECTION ( 'NONE',  ( 0.0000000000000000000, 1.000000000000000000, 3.142614992711606400E-016 ) ) ;
#7074 = DIRECTION ( 'NONE',  ( 0.0000000000000000000, 3.142614992711606400E-016, -1.000000000000000000 ) ) ;
#7075 = CARTESIAN_POINT ( 'NONE',  ( -10.85000000000000000, 0.09999999999999939500, 1.999999999999995800 ) ) ;
#7076 = AXIS2_PLACEMENT_3D ( 'NONE', #7075, #7074, #7073 ) ;
#7077 = PLANE ( 'NONE',  #7076 ) ;
#7078 = FACE_OUTER_BOUND ( 'NONE', #1522, .T. ) ;
#7079 = DIRECTION ( 'NONE',  ( 0.0000000000000000000, 3.097720492815734100E-016, -1.000000000000000000 ) ) ;
#7080 = VECTOR ( 'NONE', #7079, 1000.000000000000000 ) ;
#7081 = CARTESIAN_POINT ( 'NONE',  ( 7.349999999999999600, 3.199999999999998000, 1.049999999999996700 ) ) ;
#7082 = LINE ( 'NONE', #7081, #7080 ) ;
#7083 = DIRECTION ( 'NONE',  ( -1.000000000000000000, 0.0000000000000000000, 0.0000000000000000000 ) ) ;
#7084 = VECTOR ( 'NONE', #7083, 1000.000000000000000 ) ;
#7085 = CARTESIAN_POINT ( 'NONE',  ( 12.19999999999999900, 3.199999999999998000, 2.149999999999995500 ) ) ;
#7086 = LINE ( 'NONE', #7085, #7084 ) ;
#7087 = CARTESIAN_POINT ( 'NONE',  ( 8.749999999999998200, 3.199999999999998800, -0.5000000000000022200 ) ) ;
#7088 = CARTESIAN_POINT ( 'NONE',  ( 9.250000000000000000, 3.199999999999998800, -0.5000000000000026600 ) ) ;
#7089 = DIRECTION ( 'NONE',  ( 1.000000000000000000, 0.0000000000000000000, 0.0000000000000000000 ) ) ;
#7090 = VECTOR ( 'NONE', #7089, 1000.000000000000000 ) ;
#7091 = CARTESIAN_POINT ( 'NONE',  ( 12.19999999999999900, 3.199999999999998800, -0.5000000000000026600 ) ) ;
#7092 = LINE ( 'NONE', #7091, #7090 ) ;
#7093 = CARTESIAN_POINT ( 'NONE',  ( 11.40000000000000000, 3.199999999999998000, 1.049999999999996300 ) ) ;
#7094 = DIRECTION ( 'NONE',  ( 1.000000000000000000, 0.0000000000000000000, 0.0000000000000000000 ) ) ;
#7095 = VECTOR ( 'NONE', #7094, 1000.000000000000000 ) ;
#7096 = CARTESIAN_POINT ( 'NONE',  ( -12.19999999999999900, 3.199999999999998000, 1.049999999999996300 ) ) ;
#7097 = LINE ( 'NONE', #7096, #7095 ) ;
#7098 = DIRECTION ( 'NONE',  ( 0.0000000000000000000, 0.0000000000000000000, -1.000000000000000000 ) ) ;
#7099 = DIRECTION ( 'NONE',  ( 1.000000000000000000, 0.0000000000000000000, 0.0000000000000000000 ) ) ;
#7100 = CARTESIAN_POINT ( 'NONE',  ( -6.250000000000000000, 3.199999999999998000, 1.249999999999996000 ) ) ;
#7101 = AXIS2_PLACEMENT_3D ( 'NONE', #7100, #7099, #7098 ) ;
#7102 = PLANE ( 'NONE',  #7101 ) ;
#7103 = FACE_OUTER_BOUND ( 'NONE', #1550, .T. ) ;
#7104 = DIRECTION ( 'NONE',  ( 0.0000000000000000000, 1.000000000000000000, 3.142614992711606900E-016 ) ) ;
#7105 = VECTOR ( 'NONE', #7104, 1000.000000000000000 ) ;
#7106 = CARTESIAN_POINT ( 'NONE',  ( -6.250000000000000000, 3.199999999999998000, 1.249999999999996000 ) ) ;
#7107 = LINE ( 'NONE', #7106, #7105 ) ;
#7108 = DIRECTION ( 'NONE',  ( 0.0000000000000000000, -1.000000000000000000, -3.142614992711606900E-016 ) ) ;
#7109 = DIRECTION ( 'NONE',  ( 0.0000000000000000000, -3.142614992711606900E-016, 1.000000000000000000 ) ) ;
#7110 = CARTESIAN_POINT ( 'NONE',  ( 6.250000000000000000, 3.199999999999998000, 1.249999999999996000 ) ) ;
#7111 = AXIS2_PLACEMENT_3D ( 'NONE', #7110, #7109, #7108 ) ;
#7112 = FACE_OUTER_BOUND ( 'NONE', #1596, .T. ) ;
#7113 = DIRECTION ( 'NONE',  ( 0.0000000000000000000, 1.000000000000000000, 3.142614992711606900E-016 ) ) ;
#7114 = VECTOR ( 'NONE', #7113, 1000.000000000000000 ) ;
#7115 = CARTESIAN_POINT ( 'NONE',  ( 7.900000000000000400, 0.09999999999999939500, 1.999999999999994000 ) ) ;
#7116 = LINE ( 'NONE', #7115, #7114 ) ;
#7117 = DIRECTION ( 'NONE',  ( 0.0000000000000000000, 0.0000000000000000000, 1.000000000000000000 ) ) ;
#7118 = DIRECTION ( 'NONE',  ( -1.000000000000000000, 0.0000000000000000000, 0.0000000000000000000 ) ) ;
#7119 = CARTESIAN_POINT ( 'NONE',  ( 7.900000000000000400, 0.09999999999999939500, 2.849999999999997400 ) ) ;
#7120 = AXIS2_PLACEMENT_3D ( 'NONE', #7119, #7118, #7117 ) ;
#7121 = PLANE ( 'NONE',  #7120 ) ;
#7122 = FACE_OUTER_BOUND ( 'NONE', #1589, .T. ) ;
#7123 = DIRECTION ( 'NONE',  ( 0.0000000000000000000, 0.0000000000000000000, -1.000000000000000000 ) ) ;
#7124 = DIRECTION ( 'NONE',  ( 1.000000000000000000, 0.0000000000000000000, 0.0000000000000000000 ) ) ;
#7125 = CARTESIAN_POINT ( 'NONE',  ( 10.85000000000000000, 0.09999999999999939500, 2.849999999999997400 ) ) ;
#7126 = AXIS2_PLACEMENT_3D ( 'NONE', #7125, #7124, #7123 ) ;
#7127 = PLANE ( 'NONE',  #7126 ) ;
#7128 = FACE_OUTER_BOUND ( 'NONE', #1580, .T. ) ;
#7129 = DIRECTION ( 'NONE',  ( 0.0000000000000000000, 1.000000000000000000, 3.142614992711606900E-016 ) ) ;
#7130 = VECTOR ( 'NONE', #7129, 1000.000000000000000 ) ;
#7131 = CARTESIAN_POINT ( 'NONE',  ( 10.85000000000000000, 0.09999999999999939500, 1.999999999999994000 ) ) ;
#7132 = LINE ( 'NONE', #7131, #7130 ) ;
#7133 = CARTESIAN_POINT ( 'NONE',  ( -7.250000000000002700, 3.199999999999998800, -2.168404344971008900E-015 ) ) ;
#7134 = CARTESIAN_POINT ( 'NONE',  ( 7.349999999999998800, 3.199999999999998000, 1.049999999999996300 ) ) ;
#7135 = CARTESIAN_POINT ( 'NONE',  ( 7.349999999999999600, 3.199999999999997100, 1.749999999999995600 ) ) ;
#7136 = DIRECTION ( 'NONE',  ( 1.000000000000000000, 0.0000000000000000000, 0.0000000000000000000 ) ) ;
#7137 = VECTOR ( 'NONE', #7136, 1000.000000000000000 ) ;
#7138 = CARTESIAN_POINT ( 'NONE',  ( 7.349999999999999600, 3.199999999999997100, 1.749999999999995600 ) ) ;
#7139 = LINE ( 'NONE', #7138, #7137 ) ;
#7140 = DIRECTION ( 'NONE',  ( 0.0000000000000000000, -1.224606353822377000E-016, 1.000000000000000000 ) ) ;
#7141 = VECTOR ( 'NONE', #7140, 1000.000000000000000 ) ;
#7142 = CARTESIAN_POINT ( 'NONE',  ( 4.749999999999999100, 3.199999999999998800, -1.750000000000003600 ) ) ;
#7143 = LINE ( 'NONE', #7142, #7141 ) ;
#7144 = CARTESIAN_POINT ( 'NONE',  ( 1.249999999999999300, 3.199999999999998800, -0.5000000000000026600 ) ) ;
#7145 = CARTESIAN_POINT ( 'NONE',  ( 4.749999999999999100, 3.199999999999998800, -2.168404344971008900E-015 ) ) ;
#7146 = DIRECTION ( 'NONE',  ( 0.0000000000000000000, -1.224606353822377000E-016, 1.000000000000000000 ) ) ;
#7147 = VECTOR ( 'NONE', #7146, 1000.000000000000000 ) ;
#7148 = CARTESIAN_POINT ( 'NONE',  ( 1.249999999999999300, 3.199999999999998800, -1.750000000000003600 ) ) ;
#7149 = LINE ( 'NONE', #7148, #7147 ) ;
#7150 = DIRECTION ( 'NONE',  ( 1.000000000000000000, 0.0000000000000000000, 0.0000000000000000000 ) ) ;
#7151 = VECTOR ( 'NONE', #7150, 1000.000000000000000 ) ;
#7152 = CARTESIAN_POINT ( 'NONE',  ( 12.19999999999999900, 3.199999999999998800, -0.5000000000000026600 ) ) ;
#7153 = LINE ( 'NONE', #7152, #7151 ) ;
#7154 = CARTESIAN_POINT ( 'NONE',  ( 0.7499999999999988900, 3.199999999999998800, -0.5000000000000022200 ) ) ;
#7155 = CARTESIAN_POINT ( 'NONE',  ( -2.750000000000000900, 3.199999999999998800, -0.5000000000000026600 ) ) ;
#7156 = DIRECTION ( 'NONE',  ( 0.0000000000000000000, -1.224606353822377000E-016, 1.000000000000000000 ) ) ;
#7157 = VECTOR ( 'NONE', #7156, 1000.000000000000000 ) ;
#7158 = CARTESIAN_POINT ( 'NONE',  ( -2.750000000000000900, 3.199999999999998800, -1.750000000000003600 ) ) ;
#7159 = LINE ( 'NONE', #7158, #7157 ) ;
#7160 = DIRECTION ( 'NONE',  ( 1.000000000000000000, 0.0000000000000000000, 0.0000000000000000000 ) ) ;
#7161 = VECTOR ( 'NONE', #7160, 1000.000000000000000 ) ;
#7162 = CARTESIAN_POINT ( 'NONE',  ( 12.19999999999999900, 3.199999999999998800, -0.5000000000000026600 ) ) ;
#7163 = LINE ( 'NONE', #7162, #7161 ) ;
#7164 = CARTESIAN_POINT ( 'NONE',  ( -3.250000000000001300, 3.199999999999998800, -0.5000000000000022200 ) ) ;
#7165 = DIRECTION ( 'NONE',  ( 0.0000000000000000000, -1.224606353822377000E-016, 1.000000000000000000 ) ) ;
#7166 = VECTOR ( 'NONE', #7165, 1000.000000000000000 ) ;
#7167 = CARTESIAN_POINT ( 'NONE',  ( 0.7499999999999988900, 3.199999999999998800, -1.750000000000003600 ) ) ;
#7168 = LINE ( 'NONE', #7167, #7166 ) ;
#7169 = CARTESIAN_POINT ( 'NONE',  ( -2.750000000000000900, 3.199999999999998800, -2.168404344971008900E-015 ) ) ;
#7170 = DIRECTION ( 'NONE',  ( 0.0000000000000000000, 1.000000000000000000, 3.142614992711606400E-016 ) ) ;
#7171 = DIRECTION ( 'NONE',  ( 0.0000000000000000000, 3.142614992711606400E-016, -1.000000000000000000 ) ) ;
#7172 = CARTESIAN_POINT ( 'NONE',  ( 7.900000000000000400, 0.09999999999999939500, 1.999999999999994000 ) ) ;
#7173 = AXIS2_PLACEMENT_3D ( 'NONE', #7172, #7171, #7170 ) ;
#7174 = PLANE ( 'NONE',  #7173 ) ;
#7175 = DIRECTION ( 'NONE',  ( -1.000000000000000000, 0.0000000000000000000, 0.0000000000000000000 ) ) ;
#7176 = VECTOR ( 'NONE', #7175, 1000.000000000000000 ) ;
#7177 = CARTESIAN_POINT ( 'NONE',  ( 12.19999999999999900, 3.199999999999998800, -2.168404344971008900E-015 ) ) ;
#7178 = LINE ( 'NONE', #7177, #7176 ) ;
#7179 = CARTESIAN_POINT ( 'NONE',  ( 4.749999999999999100, 3.199999999999998800, -0.5000000000000022200 ) ) ;
#7180 = CARTESIAN_POINT ( 'NONE',  ( 5.249999999999999100, 3.199999999999998800, -0.5000000000000026600 ) ) ;
#7181 = DIRECTION ( 'NONE',  ( 0.0000000000000000000, -1.224606353822377000E-016, 1.000000000000000000 ) ) ;
#7182 = VECTOR ( 'NONE', #7181, 1000.000000000000000 ) ;
#7183 = CARTESIAN_POINT ( 'NONE',  ( 8.749999999999998200, 3.199999999999998800, -1.750000000000003600 ) ) ;
#7184 = LINE ( 'NONE', #7183, #7182 ) ;
#7185 = CARTESIAN_POINT ( 'NONE',  ( 9.250000000000000000, 3.199999999999998800, -2.168404344971008900E-015 ) ) ;
#7186 = DIRECTION ( 'NONE',  ( 0.0000000000000000000, -1.224606353822377000E-016, 1.000000000000000000 ) ) ;
#7187 = VECTOR ( 'NONE', #7186, 1000.000000000000000 ) ;
#7188 = CARTESIAN_POINT ( 'NONE',  ( 9.250000000000000000, 3.199999999999998800, -1.750000000000003600 ) ) ;
#7189 = LINE ( 'NONE', #7188, #7187 ) ;
#7190 = CARTESIAN_POINT ( 'NONE',  ( 8.749999999999998200, 3.199999999999998800, -2.168404344971008900E-015 ) ) ;
#7191 = DIRECTION ( 'NONE',  ( -1.000000000000000000, 0.0000000000000000000, 0.0000000000000000000 ) ) ;
#7192 = VECTOR ( 'NONE', #7191, 1000.000000000000000 ) ;
#7193 = CARTESIAN_POINT ( 'NONE',  ( 12.19999999999999900, 3.199999999999998800, -2.168404344971008900E-015 ) ) ;
#7194 = LINE ( 'NONE', #7193, #7192 ) ;
#7195 = CARTESIAN_POINT ( 'NONE',  ( 5.249999999999999100, 3.199999999999998800, -2.168404344971008900E-015 ) ) ;
#7196 = DIRECTION ( 'NONE',  ( 0.0000000000000000000, -1.224606353822377000E-016, 1.000000000000000000 ) ) ;
#7197 = VECTOR ( 'NONE', #7196, 1000.000000000000000 ) ;
#7198 = CARTESIAN_POINT ( 'NONE',  ( 5.249999999999999100, 3.199999999999998800, -1.750000000000003600 ) ) ;
#7199 = LINE ( 'NONE', #7198, #7197 ) ;
#7200 = DIRECTION ( 'NONE',  ( -1.000000000000000000, 0.0000000000000000000, 0.0000000000000000000 ) ) ;
#7201 = VECTOR ( 'NONE', #7200, 1000.000000000000000 ) ;
#7202 = CARTESIAN_POINT ( 'NONE',  ( 12.19999999999999900, 3.199999999999998800, -2.168404344971008900E-015 ) ) ;
#7203 = LINE ( 'NONE', #7202, #7201 ) ;
#7204 = CARTESIAN_POINT ( 'NONE',  ( 1.249999999999999300, 3.199999999999998800, -2.168404344971008900E-015 ) ) ;
#7205 = CARTESIAN_POINT ( 'NONE',  ( 0.7499999999999991100, 3.199999999999998800, -2.168404344971008900E-015 ) ) ;
#7206 = CARTESIAN_POINT ( 'NONE',  ( -11.25000000000000000, 3.199999999999998800, -1.750000000000003600 ) ) ;
#7207 = LINE ( 'NONE', #7206, #7263 ) ;
#7208 = FILL_AREA_STYLE_COLOUR ( '', #7260 ) ;
#7209 = DIRECTION ( 'NONE',  ( 0.0000000000000000000, 1.000000000000000000, 1.224606353822377300E-016 ) ) ;
#7210 = VECTOR ( 'NONE', #7209, 1000.000000000000000 ) ;
#7211 = CARTESIAN_POINT ( 'NONE',  ( -13.30000000000000200, 2.599999999999999200, -1.250000000000000900 ) ) ;
#7212 = LINE ( 'NONE', #7211, #7210 ) ;
#7213 = DIRECTION ( 'NONE',  ( 0.0000000000000000000, 4.336808689941999000E-016, -1.000000000000000000 ) ) ;
#7214 = VECTOR ( 'NONE', #7213, 1000.000000000000000 ) ;
#7215 = CARTESIAN_POINT ( 'NONE',  ( -6.250000000000000000, 3.199999999999998000, 1.249999999999996000 ) ) ;
#7216 = LINE ( 'NONE', #7215, #7214 ) ;
#7217 = CARTESIAN_POINT ( 'NONE',  ( -6.250000000000000000, 3.199999999999998000, 1.249999999999996000 ) ) ;
#7218 = CARTESIAN_POINT ( 'NONE',  ( -6.250000000000000000, 3.199999999999997100, 1.749999999999998000 ) ) ;
#7219 = DIRECTION ( 'NONE',  ( 1.000000000000000000, 0.0000000000000000000, 0.0000000000000000000 ) ) ;
#7220 = VECTOR ( 'NONE', #7219, 1000.000000000000000 ) ;
#7221 = CARTESIAN_POINT ( 'NONE',  ( -6.250000000000000000, 3.199999999999997100, 1.749999999999998000 ) ) ;
#7222 = LINE ( 'NONE', #7221, #7220 ) ;
#7223 = CARTESIAN_POINT ( 'NONE',  ( 6.250000000000000000, 3.199999999999998000, 1.249999999999996000 ) ) ;
#7224 = DIRECTION ( 'NONE',  ( 0.0000000000000000000, -4.336808689942021200E-016, 1.000000000000000000 ) ) ;
#7225 = VECTOR ( 'NONE', #7224, 1000.000000000000000 ) ;
#7226 = CARTESIAN_POINT ( 'NONE',  ( 6.250000000000000000, 3.199999999999997100, 1.749999999999995600 ) ) ;
#7227 = LINE ( 'NONE', #7226, #7225 ) ;
#7228 = DIRECTION ( 'NONE',  ( 0.0000000000000000000, 1.224606353822377000E-016, -1.000000000000000000 ) ) ;
#7229 = VECTOR ( 'NONE', #7228, 1000.000000000000000 ) ;
#7230 = CARTESIAN_POINT ( 'NONE',  ( 11.40000000000000000, 3.199999999999998000, 1.049999999999996300 ) ) ;
#7231 = LINE ( 'NONE', #7230, #7229 ) ;
#7232 = CARTESIAN_POINT ( 'NONE',  ( 11.40000000000000000, 3.199999999999998000, 2.149999999999996400 ) ) ;
#7233 = DIRECTION ( 'NONE',  ( 1.000000000000000000, 0.0000000000000000000, 0.0000000000000000000 ) ) ;
#7234 = VECTOR ( 'NONE', #7233, 1000.000000000000000 ) ;
#7235 = CARTESIAN_POINT ( 'NONE',  ( 12.19999999999999900, 3.199999999999998800, -0.5000000000000026600 ) ) ;
#7236 = LINE ( 'NONE', #7235, #7234 ) ;
#7237 = DIRECTION ( 'NONE',  ( -1.000000000000000000, 0.0000000000000000000, 0.0000000000000000000 ) ) ;
#7238 = VECTOR ( 'NONE', #7237, 1000.000000000000000 ) ;
#7239 = CARTESIAN_POINT ( 'NONE',  ( 12.19999999999999900, 3.199999999999998800, -2.168404344971008900E-015 ) ) ;
#7240 = LINE ( 'NONE', #7239, #7238 ) ;
#7241 = CARTESIAN_POINT ( 'NONE',  ( -11.25000000000000000, 3.199999999999998800, -2.168404344971008900E-015 ) ) ;
#7242 = DIRECTION ( 'NONE',  ( 0.0000000000000000000, 0.0000000000000000000, -1.000000000000000000 ) ) ;
#7243 = DIRECTION ( 'NONE',  ( 1.000000000000000000, 0.0000000000000000000, 0.0000000000000000000 ) ) ;
#7244 = CARTESIAN_POINT ( 'NONE',  ( -13.30000000000000200, 9.000000000000000000, 2.850000000000000100 ) ) ;
#7245 = AXIS2_PLACEMENT_3D ( 'NONE', #7244, #7243, #7242 ) ;
#7246 = PLANE ( 'NONE',  #7245 ) ;
#7247 =( GEOMETRIC_REPRESENTATION_CONTEXT ( 3 ) GLOBAL_UNCERTAINTY_ASSIGNED_CONTEXT ( ( #7248 ) ) GLOBAL_UNIT_ASSIGNED_CONTEXT ( ( #7251, #7250, #7249 ) ) REPRESENTATION_CONTEXT ( 'NONE', 'WORKASPACE' ) );
#7248 = UNCERTAINTY_MEASURE_WITH_UNIT (LENGTH_MEASURE( 1.000000000000000100E-005 ), #7251, 'distance_accuracy_value', 'NONE');
#7249 =( NAMED_UNIT ( * ) SI_UNIT ( $, .STERADIAN. ) SOLID_ANGLE_UNIT ( ) );
#7250 =( NAMED_UNIT ( * ) PLANE_ANGLE_UNIT ( ) SI_UNIT ( $, .RADIAN. ) );
#7251 =( LENGTH_UNIT ( ) NAMED_UNIT ( * ) SI_UNIT ( .MILLI., .METRE. ) );
#7252 = MECHANICAL_DESIGN_GEOMETRIC_PRESENTATION_REPRESENTATION (  '', ( #7254 ), #7247 ) ;
#7253 = PRESENTATION_LAYER_ASSIGNMENT (  '', '', ( #7254 ) ) ;
#7254 = STYLED_ITEM ( 'NONE', ( #7255 ), #1653 ) ;
#7255 = PRESENTATION_STYLE_ASSIGNMENT (( #7256 ) ) ;
#7256 = SURFACE_STYLE_USAGE ( .BOTH. , #7257 ) ;
#7257 = SURFACE_SIDE_STYLE ('',( #7258 ) ) ;
#7258 = SURFACE_STYLE_FILL_AREA ( #7259 ) ;
#7259 = FILL_AREA_STYLE ('',( #7208 ) ) ;
#7260 = COLOUR_RGB ( '',0.0000000000000000000, 0.0000000000000000000, 1.000000000000000000 ) ;
#7261 = FACE_OUTER_BOUND ( 'NONE', #1654, .T. ) ;
#7262 = DIRECTION ( 'NONE',  ( 0.0000000000000000000, -1.224606353822377000E-016, 1.000000000000000000 ) ) ;
#7263 = VECTOR ( 'NONE', #7262, 1000.000000000000000 ) ;
#7264 = CARTESIAN_POINT ( 'NONE',  ( -6.750000000000002700, 3.199999999999998800, -0.5000000000000026600 ) ) ;
#7265 = CARTESIAN_POINT ( 'NONE',  ( -3.250000000000001300, 3.199999999999998800, -2.168404344971008900E-015 ) ) ;
#7266 = DIRECTION ( 'NONE',  ( 0.0000000000000000000, -1.224606353822377000E-016, 1.000000000000000000 ) ) ;
#7267 = VECTOR ( 'NONE', #7266, 1000.000000000000000 ) ;
#7268 = CARTESIAN_POINT ( 'NONE',  ( -6.750000000000002700, 3.199999999999998800, -1.750000000000003600 ) ) ;
#7269 = LINE ( 'NONE', #7268, #7267 ) ;
#7270 = DIRECTION ( 'NONE',  ( -1.000000000000000000, 0.0000000000000000000, 0.0000000000000000000 ) ) ;
#7271 = VECTOR ( 'NONE', #7270, 1000.000000000000000 ) ;
#7272 = CARTESIAN_POINT ( 'NONE',  ( 12.19999999999999900, 3.199999999999998800, -2.168404344971008900E-015 ) ) ;
#7273 = LINE ( 'NONE', #7272, #7271 ) ;
#7274 = DIRECTION ( 'NONE',  ( -1.000000000000000000, 0.0000000000000000000, 0.0000000000000000000 ) ) ;
#7275 = VECTOR ( 'NONE', #7274, 1000.000000000000000 ) ;
#7276 = CARTESIAN_POINT ( 'NONE',  ( 12.19999999999999900, 3.199999999999998800, -2.168404344971008900E-015 ) ) ;
#7277 = LINE ( 'NONE', #7276, #7275 ) ;
#7278 = CARTESIAN_POINT ( 'NONE',  ( -6.750000000000002700, 3.199999999999998800, -2.168404344971008900E-015 ) ) ;
#7279 = DIRECTION ( 'NONE',  ( 0.0000000000000000000, -1.224606353822377000E-016, 1.000000000000000000 ) ) ;
#7280 = VECTOR ( 'NONE', #7279, 1000.000000000000000 ) ;
#7281 = CARTESIAN_POINT ( 'NONE',  ( -7.250000000000002700, 3.199999999999998800, -1.750000000000003600 ) ) ;
#7282 = LINE ( 'NONE', #7281, #7280 ) ;
#7283 = DIRECTION ( 'NONE',  ( 1.000000000000000000, 0.0000000000000000000, 0.0000000000000000000 ) ) ;
#7284 = VECTOR ( 'NONE', #7283, 1000.000000000000000 ) ;
#7285 = CARTESIAN_POINT ( 'NONE',  ( 12.19999999999999900, 3.199999999999998800, -0.5000000000000026600 ) ) ;
#7286 = LINE ( 'NONE', #7285, #7284 ) ;
#7287 = CARTESIAN_POINT ( 'NONE',  ( -10.75000000000000000, 3.199999999999998800, -0.5000000000000026600 ) ) ;
#7288 = CARTESIAN_POINT ( 'NONE',  ( -11.25000000000000000, 3.199999999999998800, -0.5000000000000022200 ) ) ;
#7289 = CARTESIAN_POINT ( 'NONE',  ( -13.30000000000000200, 2.599999999999999200, -1.250000000000000900 ) ) ;
#7290 = CARTESIAN_POINT ( 'NONE',  ( -13.30000000000000100, 2.900000000000000800, -1.250000000000000900 ) ) ;
#7291 = CARTESIAN_POINT ( 'NONE',  ( -10.75000000000000000, 3.199999999999998800, -2.168404344971008900E-015 ) ) ;
#7292 = DIRECTION ( 'NONE',  ( 0.0000000000000000000, -1.224606353822377000E-016, 1.000000000000000000 ) ) ;
#7293 = VECTOR ( 'NONE', #7292, 1000.000000000000000 ) ;
#7294 = CARTESIAN_POINT ( 'NONE',  ( -10.75000000000000000, 3.199999999999998800, -1.750000000000003600 ) ) ;
#7295 = LINE ( 'NONE', #7294, #7293 ) ;
#7296 = CARTESIAN_POINT ( 'NONE',  ( -8.750000000000000000, 0.09999999999999939500, -2.350000000000001400 ) ) ;
#7297 = DIRECTION ( 'NONE',  ( -1.000000000000000000, 0.0000000000000000000, 0.0000000000000000000 ) ) ;
#7298 = VECTOR ( 'NONE', #7297, 1000.000000000000000 ) ;
#7299 = CARTESIAN_POINT ( 'NONE',  ( 14.00000000000000000, 0.09999999999999939500, -2.350000000000001400 ) ) ;
#7300 = LINE ( 'NONE', #7299, #7298 ) ;
#7301 = CARTESIAN_POINT ( 'NONE',  ( -9.250000000000000000, 0.09999999999999939500, -2.350000000000001400 ) ) ;
#7302 = DIRECTION ( 'NONE',  ( 0.0000000000000000000, 0.0000000000000000000, 1.000000000000000000 ) ) ;
#7303 = VECTOR ( 'NONE', #7302, 1000.000000000000000 ) ;
#7304 = CARTESIAN_POINT ( 'NONE',  ( -9.250000000000000000, 0.09999999999999939500, 2.849999999999999200 ) ) ;
#7305 = LINE ( 'NONE', #7304, #7303 ) ;
#7306 = DIRECTION ( 'NONE',  ( 0.0000000000000000000, 0.0000000000000000000, 1.000000000000000000 ) ) ;
#7307 = VECTOR ( 'NONE', #7306, 1000.000000000000000 ) ;
#7308 = CARTESIAN_POINT ( 'NONE',  ( -8.749999999999998200, 0.09999999999999939500, 2.849999999999999200 ) ) ;
#7309 = LINE ( 'NONE', #7308, #7307 ) ;
#7310 = DIRECTION ( 'NONE',  ( 0.0000000000000000000, 0.0000000000000000000, 1.000000000000000000 ) ) ;
#7311 = VECTOR ( 'NONE', #7310, 1000.000000000000000 ) ;
#7312 = CARTESIAN_POINT ( 'NONE',  ( -10.75000000000000000, 0.09999999999999939500, 2.849999999999999200 ) ) ;
#7313 = LINE ( 'NONE', #7312, #7311 ) ;
#7314 = CARTESIAN_POINT ( 'NONE',  ( -0.7500000000000008900, 0.09999999999999939500, -2.350000000000001400 ) ) ;
#7315 = DIRECTION ( 'NONE',  ( 0.0000000000000000000, 0.0000000000000000000, 1.000000000000000000 ) ) ;
#7316 = VECTOR ( 'NONE', #7315, 1000.000000000000000 ) ;
#7317 = CARTESIAN_POINT ( 'NONE',  ( -2.750000000000000900, 0.09999999999999939500, 2.849999999999999200 ) ) ;
#7318 = LINE ( 'NONE', #7317, #7316 ) ;
#7319 = DIRECTION ( 'NONE',  ( 1.000000000000000000, 0.0000000000000000000, 0.0000000000000000000 ) ) ;
#7320 = VECTOR ( 'NONE', #7319, 1000.000000000000000 ) ;
#7321 = CARTESIAN_POINT ( 'NONE',  ( 12.19999999999999900, 3.199999999999998800, -0.5000000000000026600 ) ) ;
#7322 = LINE ( 'NONE', #7321, #7320 ) ;
#7323 = CARTESIAN_POINT ( 'NONE',  ( -7.250000000000002700, 3.199999999999998800, -0.5000000000000022200 ) ) ;
#7324 = DIRECTION ( 'NONE',  ( 0.0000000000000000000, -1.224606353822377000E-016, 1.000000000000000000 ) ) ;
#7325 = VECTOR ( 'NONE', #7324, 1000.000000000000000 ) ;
#7326 = CARTESIAN_POINT ( 'NONE',  ( -3.250000000000001300, 3.199999999999998800, -1.750000000000003600 ) ) ;
#7327 = LINE ( 'NONE', #7326, #7325 ) ;
#7328 = VECTOR ( 'NONE', #7392, 1000.000000000000000 ) ;
#7329 = CARTESIAN_POINT ( 'NONE',  ( -13.30000000000000200, 3.655188679245281700, 1.819339622641511100 ) ) ;
#7330 = LINE ( 'NONE', #7329, #7328 ) ;
#7331 = CARTESIAN_POINT ( 'NONE',  ( -14.00000000000000000, 1.799999999999998700, 0.5500000000000001600 ) ) ;
#7332 = CARTESIAN_POINT ( 'NONE',  ( -13.30000000000000200, 1.799999999999998700, 0.5500000000000001600 ) ) ;
#7333 = DIRECTION ( 'NONE',  ( -1.000000000000000000, 0.0000000000000000000, 0.0000000000000000000 ) ) ;
#7334 = VECTOR ( 'NONE', #7333, 1000.000000000000000 ) ;
#7335 = CARTESIAN_POINT ( 'NONE',  ( -12.90000000000000000, 1.799999999999998700, 0.5500000000000001600 ) ) ;
#7336 = LINE ( 'NONE', #7335, #7334 ) ;
#7337 = DIRECTION ( 'NONE',  ( 0.0000000000000000000, -0.8253072612498315600, -0.5646839155919904900 ) ) ;
#7338 = DIRECTION ( 'NONE',  ( 0.0000000000000000000, -0.5646839155919904900, 0.8253072612498315600 ) ) ;
#7339 = CARTESIAN_POINT ( 'NONE',  ( -12.90000000000000000, 3.699999999999996600, 1.850000000000000100 ) ) ;
#7340 = AXIS2_PLACEMENT_3D ( 'NONE', #7339, #7338, #7337 ) ;
#7341 = PLANE ( 'NONE',  #7340 ) ;
#7342 = FACE_OUTER_BOUND ( 'NONE', #1713, .T. ) ;
#7343 = DIRECTION ( 'NONE',  ( 0.0000000000000000000, 1.224606353822377300E-016, -1.000000000000000000 ) ) ;
#7344 = VECTOR ( 'NONE', #7343, 1000.000000000000000 ) ;
#7345 = CARTESIAN_POINT ( 'NONE',  ( -13.30000000000000200, 2.599999999999999200, -2.850000000000001000 ) ) ;
#7346 = LINE ( 'NONE', #7345, #7344 ) ;
#7347 = DIRECTION ( 'NONE',  ( 0.0000000000000000000, 0.0000000000000000000, -1.000000000000000000 ) ) ;
#7348 = VECTOR ( 'NONE', #7347, 1000.000000000000000 ) ;
#7349 = CARTESIAN_POINT ( 'NONE',  ( -13.30000000000000100, 2.900000000000000800, -2.950000000000000200 ) ) ;
#7350 = LINE ( 'NONE', #7349, #7348 ) ;
#7351 = DIRECTION ( 'NONE',  ( -1.000000000000000000, 0.0000000000000000000, 0.0000000000000000000 ) ) ;
#7352 = VECTOR ( 'NONE', #7351, 1000.000000000000000 ) ;
#7353 = CARTESIAN_POINT ( 'NONE',  ( 14.00000000000000000, 0.09999999999999939500, -2.350000000000001400 ) ) ;
#7354 = LINE ( 'NONE', #7353, #7352 ) ;
#7355 = CARTESIAN_POINT ( 'NONE',  ( -10.75000000000000000, 0.09999999999999939500, -2.350000000000001400 ) ) ;
#7356 = CARTESIAN_POINT ( 'NONE',  ( 4.749999999999999100, 0.09999999999999939500, -2.350000000000001400 ) ) ;
#7357 = DIRECTION ( 'NONE',  ( 0.0000000000000000000, 0.0000000000000000000, 1.000000000000000000 ) ) ;
#7358 = VECTOR ( 'NONE', #7357, 1000.000000000000000 ) ;
#7359 = CARTESIAN_POINT ( 'NONE',  ( 4.749999999999999100, 0.09999999999999939500, 2.849999999999999200 ) ) ;
#7360 = LINE ( 'NONE', #7359, #7358 ) ;
#7361 = CARTESIAN_POINT ( 'NONE',  ( -6.750000000000002700, 0.09999999999999939500, -2.350000000000001400 ) ) ;
#7362 = DIRECTION ( 'NONE',  ( -1.000000000000000000, 0.0000000000000000000, 0.0000000000000000000 ) ) ;
#7363 = VECTOR ( 'NONE', #7362, 1000.000000000000000 ) ;
#7364 = CARTESIAN_POINT ( 'NONE',  ( 14.00000000000000000, 0.09999999999999939500, -2.350000000000001400 ) ) ;
#7365 = LINE ( 'NONE', #7364, #7363 ) ;
#7366 = CARTESIAN_POINT ( 'NONE',  ( -7.250000000000004400, 0.09999999999999939500, -2.350000000000001400 ) ) ;
#7367 = DIRECTION ( 'NONE',  ( 0.0000000000000000000, 0.0000000000000000000, 1.000000000000000000 ) ) ;
#7368 = VECTOR ( 'NONE', #7367, 1000.000000000000000 ) ;
#7369 = CARTESIAN_POINT ( 'NONE',  ( -7.250000000000004400, 0.09999999999999939500, 2.849999999999999200 ) ) ;
#7370 = LINE ( 'NONE', #7369, #7368 ) ;
#7371 = DIRECTION ( 'NONE',  ( 0.0000000000000000000, 0.0000000000000000000, 1.000000000000000000 ) ) ;
#7372 = VECTOR ( 'NONE', #7371, 1000.000000000000000 ) ;
#7373 = CARTESIAN_POINT ( 'NONE',  ( -6.750000000000004400, 0.09999999999999939500, 2.849999999999999200 ) ) ;
#7374 = LINE ( 'NONE', #7373, #7372 ) ;
#7375 = DIRECTION ( 'NONE',  ( 0.0000000000000000000, 0.0000000000000000000, 1.000000000000000000 ) ) ;
#7376 = VECTOR ( 'NONE', #7375, 1000.000000000000000 ) ;
#7377 = CARTESIAN_POINT ( 'NONE',  ( -5.250000000000002700, 0.09999999999999939500, 2.849999999999999200 ) ) ;
#7378 = LINE ( 'NONE', #7377, #7376 ) ;
#7379 = CARTESIAN_POINT ( 'NONE',  ( -4.750000000000000900, 0.09999999999999939500, -2.350000000000001400 ) ) ;
#7380 = CARTESIAN_POINT ( 'NONE',  ( -5.250000000000002700, 0.09999999999999939500, -2.350000000000001400 ) ) ;
#7381 = CARTESIAN_POINT ( 'NONE',  ( 6.250000000000000000, 3.199999999999997100, 1.749999999999995600 ) ) ;
#7382 = DIRECTION ( 'NONE',  ( 1.000000000000000000, 0.0000000000000000000, 0.0000000000000000000 ) ) ;
#7383 = VECTOR ( 'NONE', #7382, 1000.000000000000000 ) ;
#7384 = CARTESIAN_POINT ( 'NONE',  ( 6.250000000000000000, 3.199999999999998000, 1.249999999999996000 ) ) ;
#7385 = LINE ( 'NONE', #7384, #7383 ) ;
#7386 = CARTESIAN_POINT ( 'NONE',  ( -14.00000000000000000, 3.699999999999996600, 1.850000000000000100 ) ) ;
#7387 = DIRECTION ( 'NONE',  ( -1.000000000000000000, 0.0000000000000000000, 0.0000000000000000000 ) ) ;
#7388 = VECTOR ( 'NONE', #7387, 1000.000000000000000 ) ;
#7389 = CARTESIAN_POINT ( 'NONE',  ( -12.90000000000000000, 3.699999999999996600, 1.850000000000000100 ) ) ;
#7390 = LINE ( 'NONE', #7389, #7388 ) ;
#7391 = CARTESIAN_POINT ( 'NONE',  ( -13.30000000000000200, 3.699999999999996600, 1.850000000000000100 ) ) ;
#7392 = DIRECTION ( 'NONE',  ( 0.0000000000000000000, 0.8253072612498315600, 0.5646839155919904900 ) ) ;
#7393 = DIRECTION ( 'NONE',  ( -1.000000000000000000, 0.0000000000000000000, 0.0000000000000000000 ) ) ;
#7394 = VECTOR ( 'NONE', #7393, 1000.000000000000000 ) ;
#7395 = CARTESIAN_POINT ( 'NONE',  ( 14.00000000000000000, 0.09999999999999939500, -2.350000000000001400 ) ) ;
#7396 = LINE ( 'NONE', #7395, #7394 ) ;
#7397 = CARTESIAN_POINT ( 'NONE',  ( 0.7499999999999988900, 0.09999999999999939500, -2.350000000000001400 ) ) ;
#7398 = DIRECTION ( 'NONE',  ( 0.0000000000000000000, 0.0000000000000000000, 1.000000000000000000 ) ) ;
#7399 = VECTOR ( 'NONE', #7398, 1000.000000000000000 ) ;
#7400 = CARTESIAN_POINT ( 'NONE',  ( 0.7499999999999988900, 0.09999999999999939500, 2.849999999999999200 ) ) ;
#7401 = LINE ( 'NONE', #7400, #7399 ) ;
#7402 = CARTESIAN_POINT ( 'NONE',  ( 1.249999999999999100, 0.09999999999999939500, -2.350000000000001400 ) ) ;
#7403 = DIRECTION ( 'NONE',  ( 0.0000000000000000000, 0.0000000000000000000, 1.000000000000000000 ) ) ;
#7404 = VECTOR ( 'NONE', #7403, 1000.000000000000000 ) ;
#7405 = CARTESIAN_POINT ( 'NONE',  ( -0.7500000000000006700, 0.09999999999999939500, 2.849999999999999200 ) ) ;
#7406 = LINE ( 'NONE', #7405, #7404 ) ;
#7407 = CARTESIAN_POINT ( 'NONE',  ( 2.749999999999999100, 0.09999999999999939500, -2.350000000000001400 ) ) ;
#7408 = DIRECTION ( 'NONE',  ( 0.0000000000000000000, 0.0000000000000000000, 1.000000000000000000 ) ) ;
#7409 = VECTOR ( 'NONE', #7408, 1000.000000000000000 ) ;
#7410 = CARTESIAN_POINT ( 'NONE',  ( 2.749999999999999100, 0.09999999999999939500, 2.849999999999999200 ) ) ;
#7411 = LINE ( 'NONE', #7410, #7409 ) ;
#7412 = DIRECTION ( 'NONE',  ( 0.0000000000000000000, 0.0000000000000000000, 1.000000000000000000 ) ) ;
#7413 = VECTOR ( 'NONE', #7412, 1000.000000000000000 ) ;
#7414 = CARTESIAN_POINT ( 'NONE',  ( 1.249999999999999300, 0.09999999999999939500, 2.849999999999999200 ) ) ;
#7415 = LINE ( 'NONE', #7414, #7413 ) ;
#7416 = CARTESIAN_POINT ( 'NONE',  ( 3.249999999999999100, 0.09999999999999939500, -2.350000000000001400 ) ) ;
#7417 = DIRECTION ( 'NONE',  ( -1.000000000000000000, 0.0000000000000000000, 0.0000000000000000000 ) ) ;
#7418 = VECTOR ( 'NONE', #7417, 1000.000000000000000 ) ;
#7419 = CARTESIAN_POINT ( 'NONE',  ( 14.00000000000000000, 0.09999999999999939500, -2.350000000000001400 ) ) ;
#7420 = LINE ( 'NONE', #7419, #7418 ) ;
#7421 = DIRECTION ( 'NONE',  ( 0.0000000000000000000, 0.0000000000000000000, 1.000000000000000000 ) ) ;
#7422 = VECTOR ( 'NONE', #7421, 1000.000000000000000 ) ;
#7423 = CARTESIAN_POINT ( 'NONE',  ( 3.249999999999999600, 0.09999999999999939500, 2.849999999999999200 ) ) ;
#7424 = LINE ( 'NONE', #7423, #7422 ) ;
#7425 = VECTOR ( 'NONE', #6924, 1000.000000000000000 ) ;
#7426 = CARTESIAN_POINT ( 'NONE',  ( 14.00000000000000000, 9.000000000000000000, -2.850000000000000100 ) ) ;
#7427 = LINE ( 'NONE', #7426, #7425 ) ;
#7428 = CARTESIAN_POINT ( 'NONE',  ( 11.00000000000000000, 8.999999999999996400, -2.850000000000000100 ) ) ;
#7429 = DIRECTION ( 'NONE',  ( 0.0000000000000000000, -1.000000000000000000, 0.0000000000000000000 ) ) ;
#7430 = VECTOR ( 'NONE', #7429, 1000.000000000000000 ) ;
#7431 = CARTESIAN_POINT ( 'NONE',  ( 11.00000000000000000, 8.999999999999996400, -2.850000000000000100 ) ) ;
#7432 = LINE ( 'NONE', #7431, #7430 ) ;
#7433 = DIRECTION ( 'NONE',  ( -1.000000000000000000, 0.0000000000000000000, 0.0000000000000000000 ) ) ;
#7434 = VECTOR ( 'NONE', #7433, 1000.000000000000000 ) ;
#7435 = CARTESIAN_POINT ( 'NONE',  ( 14.00000000000000000, 0.09999999999999939500, -2.350000000000001400 ) ) ;
#7436 = LINE ( 'NONE', #7435, #7434 ) ;
#7437 = DIRECTION ( 'NONE',  ( -1.000000000000000000, 0.0000000000000000000, 0.0000000000000000000 ) ) ;
#7438 = VECTOR ( 'NONE', #7437, 1000.000000000000000 ) ;
#7439 = CARTESIAN_POINT ( 'NONE',  ( 14.00000000000000000, 0.09999999999999939500, -2.350000000000001400 ) ) ;
#7440 = LINE ( 'NONE', #7439, #7438 ) ;
#7441 = DIRECTION ( 'NONE',  ( 0.0000000000000000000, 0.0000000000000000000, 1.000000000000000000 ) ) ;
#7442 = VECTOR ( 'NONE', #7441, 1000.000000000000000 ) ;
#7443 = CARTESIAN_POINT ( 'NONE',  ( -1.250000000000001100, 0.09999999999999939500, 2.849999999999999200 ) ) ;
#7444 = LINE ( 'NONE', #7443, #7442 ) ;
#7445 = CARTESIAN_POINT ( 'NONE',  ( -3.250000000000001300, 0.09999999999999939500, -2.350000000000001400 ) ) ;
#7446 = DIRECTION ( 'NONE',  ( 0.0000000000000000000, 0.0000000000000000000, 1.000000000000000000 ) ) ;
#7447 = VECTOR ( 'NONE', #7446, 1000.000000000000000 ) ;
#7448 = CARTESIAN_POINT ( 'NONE',  ( -4.750000000000002700, 0.09999999999999939500, 2.849999999999999200 ) ) ;
#7449 = LINE ( 'NONE', #7448, #7447 ) ;
#7450 = CARTESIAN_POINT ( 'NONE',  ( -2.750000000000001300, 0.09999999999999939500, -2.350000000000001400 ) ) ;
#7451 = DIRECTION ( 'NONE',  ( 0.0000000000000000000, 0.0000000000000000000, 1.000000000000000000 ) ) ;
#7452 = VECTOR ( 'NONE', #7451, 1000.000000000000000 ) ;
#7453 = CARTESIAN_POINT ( 'NONE',  ( -3.250000000000001300, 0.09999999999999939500, 2.849999999999999200 ) ) ;
#7454 = LINE ( 'NONE', #7453, #7452 ) ;
#7455 = CARTESIAN_POINT ( 'NONE',  ( -1.250000000000001100, 0.09999999999999939500, -2.350000000000001400 ) ) ;
#7456 = CARTESIAN_POINT ( 'NONE',  ( -14.00000000000000000, 0.09999999999999939500, -2.850000000000000100 ) ) ;
#7457 = CARTESIAN_POINT ( 'NONE',  ( -13.30000000000000200, 5.700000000000000200, -2.850000000000000100 ) ) ;
#7458 = DIRECTION ( 'NONE',  ( 1.000000000000000000, 0.0000000000000000000, 0.0000000000000000000 ) ) ;
#7459 = VECTOR ( 'NONE', #7458, 1000.000000000000000 ) ;
#7460 = CARTESIAN_POINT ( 'NONE',  ( -13.30000000000000200, 5.699999999999999300, -2.850000000000000100 ) ) ;
#7461 = LINE ( 'NONE', #7460, #7459 ) ;
#7462 = CARTESIAN_POINT ( 'NONE',  ( 14.00000000000000000, 2.599999999999999200, -2.850000000000000500 ) ) ;
#7463 = DIRECTION ( 'NONE',  ( -1.000000000000000000, 3.856270427542661500E-032, -3.148987766971845600E-016 ) ) ;
#7464 = VECTOR ( 'NONE', #7463, 1000.000000000000000 ) ;
#7465 = CARTESIAN_POINT ( 'NONE',  ( 14.00000000000000000, 2.599999999999999200, -2.850000000000000500 ) ) ;
#7466 = LINE ( 'NONE', #7465, #7464 ) ;
#7467 = CARTESIAN_POINT ( 'NONE',  ( 13.30000000000000200, 2.599999999999999200, -2.850000000000001000 ) ) ;
#7468 = DIRECTION ( 'NONE',  ( 0.0000000000000000000, 1.000000000000000000, 0.0000000000000000000 ) ) ;
#7469 = VECTOR ( 'NONE', #7468, 1000.000000000000000 ) ;
#7470 = CARTESIAN_POINT ( 'NONE',  ( 13.30000000000000200, 8.999999999999996400, -2.850000000000000100 ) ) ;
#7471 = LINE ( 'NONE', #7470, #7469 ) ;
#7472 = CARTESIAN_POINT ( 'NONE',  ( 13.30000000000000200, 2.899999999999999900, -2.850000000000000100 ) ) ;
#7473 = DIRECTION ( 'NONE',  ( -1.000000000000000000, 0.0000000000000000000, 0.0000000000000000000 ) ) ;
#7474 = VECTOR ( 'NONE', #7473, 1000.000000000000000 ) ;
#7475 = CARTESIAN_POINT ( 'NONE',  ( 14.00000000000000000, 2.899999999999999900, -2.850000000000000100 ) ) ;
#7476 = LINE ( 'NONE', #7475, #7474 ) ;
#7477 = CARTESIAN_POINT ( 'NONE',  ( 12.90000000000000400, 2.899999999999999900, -2.850000000000000100 ) ) ;
#7478 = DIRECTION ( 'NONE',  ( 0.0000000000000000000, 1.000000000000000000, 0.0000000000000000000 ) ) ;
#7479 = VECTOR ( 'NONE', #7478, 1000.000000000000000 ) ;
#7480 = CARTESIAN_POINT ( 'NONE',  ( 12.90000000000000400, 2.949999999999999300, -2.850000000000000100 ) ) ;
#7481 = LINE ( 'NONE', #7480, #7479 ) ;
#7482 = CARTESIAN_POINT ( 'NONE',  ( 12.90000000000000400, 5.699999999999999300, -2.850000000000000100 ) ) ;
#7483 = DIRECTION ( 'NONE',  ( 1.000000000000000000, 0.0000000000000000000, 0.0000000000000000000 ) ) ;
#7484 = VECTOR ( 'NONE', #7483, 1000.000000000000000 ) ;
#7485 = CARTESIAN_POINT ( 'NONE',  ( 13.30000000000000200, 5.699999999999999300, -2.850000000000000100 ) ) ;
#7486 = LINE ( 'NONE', #7485, #7484 ) ;
#7487 = CARTESIAN_POINT ( 'NONE',  ( 13.30000000000000200, 8.999999999999996400, -2.850000000000000100 ) ) ;
#7488 = LINE ( 'NONE', #7548, #7547 ) ;
#7489 = CARTESIAN_POINT ( 'NONE',  ( 8.749999999999998200, 0.5999999999999998700, -2.850000000000001400 ) ) ;
#7490 = DIRECTION ( 'NONE',  ( -1.000000000000000000, 0.0000000000000000000, 0.0000000000000000000 ) ) ;
#7491 = VECTOR ( 'NONE', #7490, 1000.000000000000000 ) ;
#7492 = CARTESIAN_POINT ( 'NONE',  ( 9.250000000000000000, 0.5999999999999998700, -2.850000000000001400 ) ) ;
#7493 = LINE ( 'NONE', #7492, #7491 ) ;
#7494 = CARTESIAN_POINT ( 'NONE',  ( 9.250000000000000000, 0.5999999999999998700, -2.850000000000001400 ) ) ;
#7495 = DIRECTION ( 'NONE',  ( 0.0000000000000000000, -1.000000000000000000, 0.0000000000000000000 ) ) ;
#7496 = VECTOR ( 'NONE', #7495, 1000.000000000000000 ) ;
#7497 = CARTESIAN_POINT ( 'NONE',  ( 9.250000000000000000, 0.09999999999999939500, -2.850000000000000100 ) ) ;
#7498 = LINE ( 'NONE', #7497, #7496 ) ;
#7499 = CARTESIAN_POINT ( 'NONE',  ( 9.250000000000000000, 0.09999999999999939500, -2.850000000000000100 ) ) ;
#7500 = DIRECTION ( 'NONE',  ( -1.000000000000000000, 0.0000000000000000000, 0.0000000000000000000 ) ) ;
#7501 = VECTOR ( 'NONE', #7500, 1000.000000000000000 ) ;
#7502 = CARTESIAN_POINT ( 'NONE',  ( 14.00000000000000000, 0.09999999999999939500, -2.850000000000000100 ) ) ;
#7503 = LINE ( 'NONE', #7502, #7501 ) ;
#7504 = CARTESIAN_POINT ( 'NONE',  ( 10.75000000000000000, 0.09999999999999939500, -2.850000000000000100 ) ) ;
#7505 = DIRECTION ( 'NONE',  ( 0.0000000000000000000, -1.000000000000000000, 0.0000000000000000000 ) ) ;
#7506 = VECTOR ( 'NONE', #7505, 1000.000000000000000 ) ;
#7507 = CARTESIAN_POINT ( 'NONE',  ( 10.75000000000000000, 0.09999999999999939500, -2.850000000000000100 ) ) ;
#7508 = LINE ( 'NONE', #7507, #7506 ) ;
#7509 = DIRECTION ( 'NONE',  ( -1.000000000000000000, 0.0000000000000000000, 0.0000000000000000000 ) ) ;
#7510 = VECTOR ( 'NONE', #7509, 1000.000000000000000 ) ;
#7511 = CARTESIAN_POINT ( 'NONE',  ( 14.00000000000000000, 0.09999999999999939500, -2.850000000000000100 ) ) ;
#7512 = LINE ( 'NONE', #7511, #7510 ) ;
#7513 = CARTESIAN_POINT ( 'NONE',  ( 13.30000000000000200, 5.699999999999999300, -2.850000000000000100 ) ) ;
#7514 = DIRECTION ( 'NONE',  ( 0.0000000000000000000, 1.000000000000000000, 0.0000000000000000000 ) ) ;
#7515 = VECTOR ( 'NONE', #7514, 1000.000000000000000 ) ;
#7516 = CARTESIAN_POINT ( 'NONE',  ( 13.30000000000000200, 8.999999999999996400, -2.850000000000000100 ) ) ;
#7517 = LINE ( 'NONE', #7516, #7515 ) ;
#7518 = CARTESIAN_POINT ( 'NONE',  ( 7.249999999999999100, 0.09999999999999939500, -2.850000000000000100 ) ) ;
#7519 = DIRECTION ( 'NONE',  ( -1.000000000000000000, 0.0000000000000000000, 0.0000000000000000000 ) ) ;
#7520 = VECTOR ( 'NONE', #7519, 1000.000000000000000 ) ;
#7521 = CARTESIAN_POINT ( 'NONE',  ( 14.00000000000000000, 0.09999999999999939500, -2.850000000000000100 ) ) ;
#7522 = LINE ( 'NONE', #7521, #7520 ) ;
#7523 = DIRECTION ( 'NONE',  ( 0.0000000000000000000, -1.000000000000000000, 0.0000000000000000000 ) ) ;
#7524 = VECTOR ( 'NONE', #7523, 1000.000000000000000 ) ;
#7525 = CARTESIAN_POINT ( 'NONE',  ( -12.90000000000000400, 2.949999999999999300, -2.850000000000000100 ) ) ;
#7526 = LINE ( 'NONE', #7525, #7524 ) ;
#7527 = CARTESIAN_POINT ( 'NONE',  ( -12.90000000000000400, 2.899999999999999900, -2.850000000000000100 ) ) ;
#7528 = DIRECTION ( 'NONE',  ( 1.000000000000000000, 0.0000000000000000000, 0.0000000000000000000 ) ) ;
#7529 = VECTOR ( 'NONE', #7528, 1000.000000000000000 ) ;
#7530 = CARTESIAN_POINT ( 'NONE',  ( 14.00000000000000000, 2.899999999999999900, -2.850000000000000100 ) ) ;
#7531 = LINE ( 'NONE', #7530, #7529 ) ;
#7532 = DIRECTION ( 'NONE',  ( 0.0000000000000000000, -1.000000000000000000, 0.0000000000000000000 ) ) ;
#7533 = VECTOR ( 'NONE', #7532, 1000.000000000000000 ) ;
#7534 = CARTESIAN_POINT ( 'NONE',  ( 11.25000000000000000, 0.09999999999999939500, -2.850000000000000100 ) ) ;
#7535 = LINE ( 'NONE', #7534, #7533 ) ;
#7536 = CARTESIAN_POINT ( 'NONE',  ( 11.25000000000000000, 0.09999999999999939500, -2.850000000000000100 ) ) ;
#7537 = DIRECTION ( 'NONE',  ( -1.000000000000000000, 0.0000000000000000000, 0.0000000000000000000 ) ) ;
#7538 = VECTOR ( 'NONE', #7537, 1000.000000000000000 ) ;
#7539 = CARTESIAN_POINT ( 'NONE',  ( 14.00000000000000000, 0.09999999999999939500, -2.850000000000000100 ) ) ;
#7540 = LINE ( 'NONE', #7539, #7538 ) ;
#7541 = DIRECTION ( 'NONE',  ( -1.000000000000000000, 0.0000000000000000000, 0.0000000000000000000 ) ) ;
#7542 = VECTOR ( 'NONE', #7541, 1000.000000000000000 ) ;
#7543 = CARTESIAN_POINT ( 'NONE',  ( 14.00000000000000000, 0.09999999999999939500, -2.350000000000001400 ) ) ;
#7544 = LINE ( 'NONE', #7543, #7542 ) ;
#7545 = CARTESIAN_POINT ( 'NONE',  ( 8.749999999999998200, 0.09999999999999939500, -2.850000000000000100 ) ) ;
#7546 = DIRECTION ( 'NONE',  ( 0.0000000000000000000, -1.000000000000000000, 0.0000000000000000000 ) ) ;
#7547 = VECTOR ( 'NONE', #7546, 1000.000000000000000 ) ;
#7548 = CARTESIAN_POINT ( 'NONE',  ( 8.749999999999998200, 0.09999999999999939500, -2.850000000000000100 ) ) ;
#7549 = DIRECTION ( 'NONE',  ( 0.0000000000000000000, 1.000000000000000000, 0.0000000000000000000 ) ) ;
#7550 = VECTOR ( 'NONE', #7549, 1000.000000000000000 ) ;
#7551 = CARTESIAN_POINT ( 'NONE',  ( -11.00000000000000000, 9.000000000000000000, -2.850000000000000100 ) ) ;
#7552 = LINE ( 'NONE', #7551, #7550 ) ;
#7553 = CARTESIAN_POINT ( 'NONE',  ( -11.00000000000000000, 9.000000000000000000, -2.850000000000000100 ) ) ;
#7554 = DIRECTION ( 'NONE',  ( -1.000000000000000000, 0.0000000000000000000, 0.0000000000000000000 ) ) ;
#7555 = VECTOR ( 'NONE', #7554, 1000.000000000000000 ) ;
#7556 = CARTESIAN_POINT ( 'NONE',  ( 14.00000000000000000, 9.000000000000000000, -2.850000000000000100 ) ) ;
#7557 = LINE ( 'NONE', #7556, #7555 ) ;
#7558 = CARTESIAN_POINT ( 'NONE',  ( -13.30000000000000200, 9.000000000000000000, -2.850000000000000100 ) ) ;
#7559 = DIRECTION ( 'NONE',  ( 0.0000000000000000000, -1.000000000000000000, 0.0000000000000000000 ) ) ;
#7560 = VECTOR ( 'NONE', #7559, 1000.000000000000000 ) ;
#7561 = CARTESIAN_POINT ( 'NONE',  ( -13.30000000000000200, 9.000000000000000000, -2.850000000000000100 ) ) ;
#7562 = LINE ( 'NONE', #7561, #7560 ) ;
#7563 = CARTESIAN_POINT ( 'NONE',  ( 5.249999999999999100, 0.09999999999999939500, -2.850000000000000100 ) ) ;
#7564 = DIRECTION ( 'NONE',  ( -1.000000000000000000, 0.0000000000000000000, 0.0000000000000000000 ) ) ;
#7565 = VECTOR ( 'NONE', #7564, 1000.000000000000000 ) ;
#7566 = CARTESIAN_POINT ( 'NONE',  ( 14.00000000000000000, 0.09999999999999939500, -2.850000000000000100 ) ) ;
#7567 = LINE ( 'NONE', #7566, #7565 ) ;
#7568 = CARTESIAN_POINT ( 'NONE',  ( 6.749999999999999100, 0.09999999999999939500, -2.850000000000000100 ) ) ;
#7569 = DIRECTION ( 'NONE',  ( 0.0000000000000000000, -1.000000000000000000, 0.0000000000000000000 ) ) ;
#7570 = VECTOR ( 'NONE', #7569, 1000.000000000000000 ) ;
#7571 = CARTESIAN_POINT ( 'NONE',  ( 6.749999999999999100, 0.09999999999999939500, -2.850000000000000100 ) ) ;
#7572 = LINE ( 'NONE', #7571, #7570 ) ;
#7573 = CARTESIAN_POINT ( 'NONE',  ( 6.749999999999999100, 0.5999999999999998700, -2.850000000000001400 ) ) ;
#7574 = DIRECTION ( 'NONE',  ( -1.000000000000000000, 0.0000000000000000000, 0.0000000000000000000 ) ) ;
#7575 = VECTOR ( 'NONE', #7574, 1000.000000000000000 ) ;
#7576 = CARTESIAN_POINT ( 'NONE',  ( 7.249999999999999100, 0.5999999999999998700, -2.850000000000001400 ) ) ;
#7577 = LINE ( 'NONE', #7576, #7575 ) ;
#7578 = CARTESIAN_POINT ( 'NONE',  ( 7.249999999999999100, 0.5999999999999998700, -2.850000000000001400 ) ) ;
#7579 = DIRECTION ( 'NONE',  ( 0.0000000000000000000, -1.000000000000000000, 0.0000000000000000000 ) ) ;
#7580 = VECTOR ( 'NONE', #7579, 1000.000000000000000 ) ;
#7581 = CARTESIAN_POINT ( 'NONE',  ( 7.249999999999999100, 0.09999999999999939500, -2.850000000000000100 ) ) ;
#7582 = LINE ( 'NONE', #7581, #7580 ) ;
#7583 = CARTESIAN_POINT ( 'NONE',  ( -0.7500000000000006700, 0.09999999999999939500, -2.850000000000000100 ) ) ;
#7584 = DIRECTION ( 'NONE',  ( -1.000000000000000000, 0.0000000000000000000, 0.0000000000000000000 ) ) ;
#7585 = VECTOR ( 'NONE', #7584, 1000.000000000000000 ) ;
#7586 = CARTESIAN_POINT ( 'NONE',  ( 14.00000000000000000, 0.09999999999999939500, -2.850000000000000100 ) ) ;
#7587 = LINE ( 'NONE', #7586, #7585 ) ;
#7588 = DIRECTION ( 'NONE',  ( -1.000000000000000000, 1.084202172485504700E-016, 0.0000000000000000000 ) ) ;
#7589 = VECTOR ( 'NONE', #7588, 1000.000000000000000 ) ;
#7590 = CARTESIAN_POINT ( 'NONE',  ( 11.00000000000000000, 7.699999999999996600, -2.850000000000000100 ) ) ;
#7591 = LINE ( 'NONE', #7590, #7589 ) ;
#7592 = CARTESIAN_POINT ( 'NONE',  ( 7.000000000000000000, 7.699999999999997500, -2.850000000000000100 ) ) ;
#7593 = DIRECTION ( 'NONE',  ( 1.734723475976812400E-015, -1.000000000000000000, 0.0000000000000000000 ) ) ;
#7594 = VECTOR ( 'NONE', #7593, 1000.000000000000000 ) ;
#7595 = CARTESIAN_POINT ( 'NONE',  ( 7.000000000000000000, 7.699999999999997500, -2.850000000000000100 ) ) ;
#7596 = LINE ( 'NONE', #7595, #7594 ) ;
#7597 = CARTESIAN_POINT ( 'NONE',  ( 7.000000000000000900, 7.199999999999999300, -2.850000000000000100 ) ) ;
#7598 = DIRECTION ( 'NONE',  ( -1.000000000000000000, 0.0000000000000000000, 0.0000000000000000000 ) ) ;
#7599 = VECTOR ( 'NONE', #7598, 1000.000000000000000 ) ;
#7600 = CARTESIAN_POINT ( 'NONE',  ( 7.000000000000000900, 7.199999999999999300, -2.850000000000000100 ) ) ;
#7601 = LINE ( 'NONE', #7600, #7599 ) ;
#7602 = CARTESIAN_POINT ( 'NONE',  ( -7.000000000000000000, 7.199999999999999300, -2.850000000000000100 ) ) ;
#7603 = DIRECTION ( 'NONE',  ( 0.0000000000000000000, 1.000000000000000000, 0.0000000000000000000 ) ) ;
#7604 = VECTOR ( 'NONE', #7603, 1000.000000000000000 ) ;
#7605 = CARTESIAN_POINT ( 'NONE',  ( -7.000000000000000000, 7.699999999999999300, -2.850000000000000100 ) ) ;
#7606 = LINE ( 'NONE', #7605, #7604 ) ;
#7607 = CARTESIAN_POINT ( 'NONE',  ( -7.000000000000000000, 7.699999999999999300, -2.850000000000000100 ) ) ;
#7608 = DIRECTION ( 'NONE',  ( -1.000000000000000000, 1.084202172485504700E-016, 0.0000000000000000000 ) ) ;
#7609 = VECTOR ( 'NONE', #7608, 1000.000000000000000 ) ;
#7610 = CARTESIAN_POINT ( 'NONE',  ( -11.00000000000000000, 7.699999999999999300, -2.850000000000000100 ) ) ;
#7611 = LINE ( 'NONE', #7610, #7609 ) ;
#7612 = CARTESIAN_POINT ( 'NONE',  ( -11.00000000000000000, 7.699999999999999300, -2.850000000000000100 ) ) ;
#7613 = CARTESIAN_POINT ( 'NONE',  ( -3.250000000000001300, 0.09999999999999939500, -2.850000000000000100 ) ) ;
#7614 = DIRECTION ( 'NONE',  ( 0.0000000000000000000, -1.000000000000000000, 0.0000000000000000000 ) ) ;
#7615 = VECTOR ( 'NONE', #7614, 1000.000000000000000 ) ;
#7616 = CARTESIAN_POINT ( 'NONE',  ( -3.250000000000001300, 0.09999999999999939500, -2.850000000000000100 ) ) ;
#7617 = LINE ( 'NONE', #7616, #7615 ) ;
#7618 = CARTESIAN_POINT ( 'NONE',  ( -3.250000000000001300, 0.5999999999999998700, -2.850000000000001400 ) ) ;
#7619 = DIRECTION ( 'NONE',  ( -1.000000000000000000, 0.0000000000000000000, 0.0000000000000000000 ) ) ;
#7620 = VECTOR ( 'NONE', #7619, 1000.000000000000000 ) ;
#7621 = CARTESIAN_POINT ( 'NONE',  ( -2.750000000000001300, 0.5999999999999998700, -2.850000000000001400 ) ) ;
#7622 = LINE ( 'NONE', #7621, #7620 ) ;
#7623 = CARTESIAN_POINT ( 'NONE',  ( -2.750000000000001300, 0.5999999999999998700, -2.850000000000001400 ) ) ;
#7624 = DIRECTION ( 'NONE',  ( 0.0000000000000000000, -1.000000000000000000, 0.0000000000000000000 ) ) ;
#7625 = VECTOR ( 'NONE', #7624, 1000.000000000000000 ) ;
#7626 = CARTESIAN_POINT ( 'NONE',  ( -2.750000000000000900, 0.09999999999999939500, -2.850000000000000100 ) ) ;
#7627 = LINE ( 'NONE', #7626, #7625 ) ;
#7628 = DIRECTION ( 'NONE',  ( -1.000000000000000000, 0.0000000000000000000, 0.0000000000000000000 ) ) ;
#7629 = VECTOR ( 'NONE', #7628, 1000.000000000000000 ) ;
#7630 = CARTESIAN_POINT ( 'NONE',  ( 14.00000000000000000, 0.09999999999999939500, -2.850000000000000100 ) ) ;
#7631 = LINE ( 'NONE', #7630, #7629 ) ;
#7632 = CARTESIAN_POINT ( 'NONE',  ( -2.750000000000000900, 0.09999999999999939500, -2.850000000000000100 ) ) ;
#7633 = CARTESIAN_POINT ( 'NONE',  ( -1.250000000000001100, 0.09999999999999939500, -2.850000000000000100 ) ) ;
#7634 = DIRECTION ( 'NONE',  ( 0.0000000000000000000, -1.000000000000000000, 0.0000000000000000000 ) ) ;
#7635 = VECTOR ( 'NONE', #7634, 1000.000000000000000 ) ;
#7636 = CARTESIAN_POINT ( 'NONE',  ( -1.250000000000001100, 0.09999999999999939500, -2.850000000000000100 ) ) ;
#7637 = LINE ( 'NONE', #7636, #7635 ) ;
#7638 = CARTESIAN_POINT ( 'NONE',  ( -1.250000000000000900, 0.5999999999999998700, -2.850000000000001400 ) ) ;
#7639 = DIRECTION ( 'NONE',  ( -1.000000000000000000, 0.0000000000000000000, 0.0000000000000000000 ) ) ;
#7640 = VECTOR ( 'NONE', #7639, 1000.000000000000000 ) ;
#7641 = CARTESIAN_POINT ( 'NONE',  ( -0.7500000000000008900, 0.5999999999999998700, -2.850000000000001400 ) ) ;
#7642 = LINE ( 'NONE', #7641, #7640 ) ;
#7643 = CARTESIAN_POINT ( 'NONE',  ( -0.7500000000000008900, 0.5999999999999998700, -2.850000000000001400 ) ) ;
#7644 = DIRECTION ( 'NONE',  ( 0.0000000000000000000, -1.000000000000000000, 0.0000000000000000000 ) ) ;
#7645 = VECTOR ( 'NONE', #7644, 1000.000000000000000 ) ;
#7646 = CARTESIAN_POINT ( 'NONE',  ( -0.7500000000000006700, 0.09999999999999939500, -2.850000000000000100 ) ) ;
#7647 = LINE ( 'NONE', #7646, #7645 ) ;
#7648 = DIRECTION ( 'NONE',  ( -1.000000000000000000, 0.0000000000000000000, 0.0000000000000000000 ) ) ;
#7649 = VECTOR ( 'NONE', #7648, 1000.000000000000000 ) ;
#7650 = CARTESIAN_POINT ( 'NONE',  ( 11.25000000000000000, 0.5999999999999998700, -2.850000000000001400 ) ) ;
#7651 = LINE ( 'NONE', #7650, #7649 ) ;
#7652 = CARTESIAN_POINT ( 'NONE',  ( 11.25000000000000000, 0.5999999999999998700, -2.850000000000001400 ) ) ;
#7653 = CARTESIAN_POINT ( 'NONE',  ( -12.90000000000000400, 5.699999999999999300, -2.850000000000000100 ) ) ;
#7654 = CARTESIAN_POINT ( 'NONE',  ( -13.30000000000000100, 2.900000000000000800, -2.850000000000000100 ) ) ;
#7655 = DIRECTION ( 'NONE',  ( 0.0000000000000000000, 1.000000000000000000, 0.0000000000000000000 ) ) ;
#7656 = VECTOR ( 'NONE', #7655, 1000.000000000000000 ) ;
#7657 = CARTESIAN_POINT ( 'NONE',  ( -14.00000000000000000, 0.09999999999999939500, -2.850000000000000100 ) ) ;
#7658 = LINE ( 'NONE', #7657, #7656 ) ;
#7659 = CARTESIAN_POINT ( 'NONE',  ( -14.00000000000000000, 2.599999999999999200, -2.850000000000000100 ) ) ;
#7660 = CARTESIAN_POINT ( 'NONE',  ( -13.30000000000000200, 2.599999999999999200, -2.850000000000001000 ) ) ;
#7661 = DIRECTION ( 'NONE',  ( -1.000000000000000000, -3.856270427542661500E-032, 3.148987766971845600E-016 ) ) ;
#7662 = VECTOR ( 'NONE', #7661, 1000.000000000000000 ) ;
#7663 = CARTESIAN_POINT ( 'NONE',  ( -14.00000000000000000, 2.599999999999999200, -2.850000000000000500 ) ) ;
#7664 = LINE ( 'NONE', #7663, #7662 ) ;
#7665 = DIRECTION ( 'NONE',  ( 0.0000000000000000000, -1.000000000000000000, 0.0000000000000000000 ) ) ;
#7666 = VECTOR ( 'NONE', #7665, 1000.000000000000000 ) ;
#7667 = CARTESIAN_POINT ( 'NONE',  ( -13.30000000000000200, 9.000000000000000000, -2.850000000000000100 ) ) ;
#7668 = LINE ( 'NONE', #7667, #7666 ) ;
#7669 = CARTESIAN_POINT ( 'NONE',  ( -4.750000000000000900, 0.5999999999999998700, -2.850000000000001400 ) ) ;
#7670 = DIRECTION ( 'NONE',  ( 0.0000000000000000000, -1.000000000000000000, 0.0000000000000000000 ) ) ;
#7671 = VECTOR ( 'NONE', #7670, 1000.000000000000000 ) ;
#7672 = CARTESIAN_POINT ( 'NONE',  ( -4.750000000000002700, 0.09999999999999939500, -2.850000000000000100 ) ) ;
#7673 = LINE ( 'NONE', #7672, #7671 ) ;
#7674 = CARTESIAN_POINT ( 'NONE',  ( -4.750000000000002700, 0.09999999999999939500, -2.850000000000000100 ) ) ;
#7675 = DIRECTION ( 'NONE',  ( -1.000000000000000000, 0.0000000000000000000, 0.0000000000000000000 ) ) ;
#7676 = VECTOR ( 'NONE', #7675, 1000.000000000000000 ) ;
#7677 = CARTESIAN_POINT ( 'NONE',  ( 14.00000000000000000, 0.09999999999999939500, -2.850000000000000100 ) ) ;
#7678 = LINE ( 'NONE', #7677, #7676 ) ;
#7679 = DIRECTION ( 'NONE',  ( -1.000000000000000000, 0.0000000000000000000, 0.0000000000000000000 ) ) ;
#7680 = VECTOR ( 'NONE', #7679, 1000.000000000000000 ) ;
#7681 = CARTESIAN_POINT ( 'NONE',  ( 7.900000000000000400, 0.09999999999999939500, 1.999999999999994000 ) ) ;
#7682 = LINE ( 'NONE', #7681, #7680 ) ;
#7683 = DIRECTION ( 'NONE',  ( 0.0000000000000000000, 0.0000000000000000000, 1.000000000000000000 ) ) ;
#7684 = DIRECTION ( 'NONE',  ( 0.0000000000000000000, 1.000000000000000000, 0.0000000000000000000 ) ) ;
#7685 = CARTESIAN_POINT ( 'NONE',  ( 14.00000000000000000, 0.09999999999999939500, 2.849999999999999200 ) ) ;
#7686 = AXIS2_PLACEMENT_3D ( 'NONE', #7685, #7684, #7683 ) ;
#7687 = PLANE ( 'NONE',  #7686 ) ;
#7688 = FACE_OUTER_BOUND ( 'NONE', #1930, .T. ) ;
#7689 = DIRECTION ( 'NONE',  ( -1.000000000000000000, 0.0000000000000000000, 0.0000000000000000000 ) ) ;
#7690 = VECTOR ( 'NONE', #7689, 1000.000000000000000 ) ;
#7691 = CARTESIAN_POINT ( 'NONE',  ( 14.00000000000000000, 0.09999999999999939500, -2.850000000000000100 ) ) ;
#7692 = LINE ( 'NONE', #7691, #7690 ) ;
#7693 = CARTESIAN_POINT ( 'NONE',  ( -9.250000000000000000, 0.09999999999999939500, -2.850000000000000100 ) ) ;
#7694 = DIRECTION ( 'NONE',  ( 0.0000000000000000000, -1.000000000000000000, 0.0000000000000000000 ) ) ;
#7695 = VECTOR ( 'NONE', #7694, 1000.000000000000000 ) ;
#7696 = CARTESIAN_POINT ( 'NONE',  ( -9.250000000000000000, 0.09999999999999939500, -2.850000000000000100 ) ) ;
#7697 = LINE ( 'NONE', #7696, #7695 ) ;
#7698 = CARTESIAN_POINT ( 'NONE',  ( -9.250000000000001800, 0.5999999999999998700, -2.850000000000001400 ) ) ;
#7699 = DIRECTION ( 'NONE',  ( -1.000000000000000000, 0.0000000000000000000, 0.0000000000000000000 ) ) ;
#7700 = VECTOR ( 'NONE', #7699, 1000.000000000000000 ) ;
#7701 = CARTESIAN_POINT ( 'NONE',  ( -8.750000000000000000, 0.5999999999999998700, -2.850000000000001400 ) ) ;
#7702 = LINE ( 'NONE', #7701, #7700 ) ;
#7703 = CARTESIAN_POINT ( 'NONE',  ( 14.00000000000000000, 0.09999999999999939500, -2.850000000000000100 ) ) ;
#7704 = DIRECTION ( 'NONE',  ( 0.0000000000000000000, 1.000000000000000000, 0.0000000000000000000 ) ) ;
#7705 = VECTOR ( 'NONE', #7704, 1000.000000000000000 ) ;
#7706 = CARTESIAN_POINT ( 'NONE',  ( 14.00000000000000000, 0.09999999999999939500, -2.850000000000000100 ) ) ;
#7707 = LINE ( 'NONE', #7706, #7705 ) ;
#7708 = CARTESIAN_POINT ( 'NONE',  ( 10.75000000000000000, 0.5999999999999998700, -2.850000000000001400 ) ) ;
#7709 = CARTESIAN_POINT ( 'NONE',  ( -7.900000000000000400, 0.09999999999999939500, 1.999999999999995800 ) ) ;
#7710 = DIRECTION ( 'NONE',  ( 0.0000000000000000000, 2.551063935260005100E-016, -1.000000000000000000 ) ) ;
#7711 = VECTOR ( 'NONE', #7710, 1000.000000000000000 ) ;
#7712 = CARTESIAN_POINT ( 'NONE',  ( -7.900000000000000400, 0.09999999999999939500, 2.849999999999997400 ) ) ;
#7713 = LINE ( 'NONE', #7712, #7711 ) ;
#7714 = CARTESIAN_POINT ( 'NONE',  ( -7.900000000000000400, 0.09999999999999939500, 2.849999999999997400 ) ) ;
#7715 = DIRECTION ( 'NONE',  ( -1.000000000000000000, 0.0000000000000000000, 0.0000000000000000000 ) ) ;
#7716 = VECTOR ( 'NONE', #7715, 1000.000000000000000 ) ;
#7717 = CARTESIAN_POINT ( 'NONE',  ( 14.00000000000000000, 0.09999999999999939500, 2.849999999999999200 ) ) ;
#7718 = LINE ( 'NONE', #7717, #7716 ) ;
#7719 = CARTESIAN_POINT ( 'NONE',  ( -5.700000000000000200, 0.09999999999999939500, 2.849999999999999200 ) ) ;
#7720 = DIRECTION ( 'NONE',  ( 0.0000000000000000000, -1.224606353822377500E-016, 1.000000000000000000 ) ) ;
#7721 = VECTOR ( 'NONE', #7720, 1000.000000000000000 ) ;
#7722 = CARTESIAN_POINT ( 'NONE',  ( -5.700000000000000200, 0.09999999999999939500, 2.849999999999999200 ) ) ;
#7723 = LINE ( 'NONE', #7722, #7721 ) ;
#7724 = CARTESIAN_POINT ( 'NONE',  ( -5.699999999999998400, 0.09999999999999939500, 1.699999999999995700 ) ) ;
#7725 = DIRECTION ( 'NONE',  ( -1.000000000000000000, 0.0000000000000000000, 0.0000000000000000000 ) ) ;
#7726 = VECTOR ( 'NONE', #7725, 1000.000000000000000 ) ;
#7727 = CARTESIAN_POINT ( 'NONE',  ( 5.700000000000000200, 0.09999999999999939500, 1.699999999999995700 ) ) ;
#7728 = LINE ( 'NONE', #7727, #7726 ) ;
#7729 = CARTESIAN_POINT ( 'NONE',  ( 5.700000000000000200, 0.09999999999999939500, 1.699999999999995700 ) ) ;
#7730 = DIRECTION ( 'NONE',  ( 0.0000000000000000000, 1.224606353822377500E-016, -1.000000000000000000 ) ) ;
#7731 = VECTOR ( 'NONE', #7730, 1000.000000000000000 ) ;
#7732 = CARTESIAN_POINT ( 'NONE',  ( 5.700000000000000200, 0.09999999999999939500, 2.849999999999999200 ) ) ;
#7733 = LINE ( 'NONE', #7732, #7731 ) ;
#7734 = DIRECTION ( 'NONE',  ( 0.0000000000000000000, -2.551063935260000100E-016, 1.000000000000000000 ) ) ;
#7735 = VECTOR ( 'NONE', #7734, 1000.000000000000000 ) ;
#7736 = CARTESIAN_POINT ( 'NONE',  ( 7.900000000000000400, 0.09999999999999939500, 2.849999999999997400 ) ) ;
#7737 = LINE ( 'NONE', #7736, #7735 ) ;
#7738 = CARTESIAN_POINT ( 'NONE',  ( 7.900000000000000400, 0.09999999999999939500, 1.999999999999994000 ) ) ;
#7739 = CARTESIAN_POINT ( 'NONE',  ( 10.85000000000000000, 0.09999999999999939500, 1.999999999999994000 ) ) ;
#7740 = CARTESIAN_POINT ( 'NONE',  ( -11.25000000000000200, 0.09999999999999939500, -2.850000000000000100 ) ) ;
#7741 = DIRECTION ( 'NONE',  ( 0.0000000000000000000, -1.000000000000000000, 0.0000000000000000000 ) ) ;
#7742 = VECTOR ( 'NONE', #7741, 1000.000000000000000 ) ;
#7743 = CARTESIAN_POINT ( 'NONE',  ( -11.25000000000000200, 0.09999999999999939500, -2.850000000000000100 ) ) ;
#7744 = LINE ( 'NONE', #7743, #7742 ) ;
#7745 = CARTESIAN_POINT ( 'NONE',  ( -11.25000000000000000, 0.5999999999999998700, -2.850000000000001400 ) ) ;
#7746 = DIRECTION ( 'NONE',  ( -1.000000000000000000, 0.0000000000000000000, 0.0000000000000000000 ) ) ;
#7747 = VECTOR ( 'NONE', #7746, 1000.000000000000000 ) ;
#7748 = CARTESIAN_POINT ( 'NONE',  ( -10.75000000000000000, 0.5999999999999998700, -2.850000000000001400 ) ) ;
#7749 = LINE ( 'NONE', #7748, #7747 ) ;
#7750 = CARTESIAN_POINT ( 'NONE',  ( 2.749999999999999100, 0.5999999999999998700, -2.850000000000001400 ) ) ;
#7751 = CARTESIAN_POINT ( 'NONE',  ( 3.249999999999999100, 0.5999999999999998700, -2.850000000000001400 ) ) ;
#7752 = DIRECTION ( 'NONE',  ( 0.0000000000000000000, -1.000000000000000000, 0.0000000000000000000 ) ) ;
#7753 = VECTOR ( 'NONE', #7752, 1000.000000000000000 ) ;
#7754 = CARTESIAN_POINT ( 'NONE',  ( 3.249999999999999600, 0.09999999999999939500, -2.850000000000000100 ) ) ;
#7755 = LINE ( 'NONE', #7754, #7753 ) ;
#7756 = CARTESIAN_POINT ( 'NONE',  ( 3.249999999999999600, 0.09999999999999939500, -2.850000000000000100 ) ) ;
#7757 = DIRECTION ( 'NONE',  ( -1.000000000000000000, 0.0000000000000000000, 0.0000000000000000000 ) ) ;
#7758 = VECTOR ( 'NONE', #7757, 1000.000000000000000 ) ;
#7759 = CARTESIAN_POINT ( 'NONE',  ( 14.00000000000000000, 0.09999999999999939500, -2.850000000000000100 ) ) ;
#7760 = LINE ( 'NONE', #7759, #7758 ) ;
#7761 = CARTESIAN_POINT ( 'NONE',  ( 4.749999999999999100, 0.09999999999999939500, -2.850000000000000100 ) ) ;
#7762 = DIRECTION ( 'NONE',  ( 0.0000000000000000000, -1.000000000000000000, 0.0000000000000000000 ) ) ;
#7763 = VECTOR ( 'NONE', #7762, 1000.000000000000000 ) ;
#7764 = CARTESIAN_POINT ( 'NONE',  ( 4.749999999999999100, 0.09999999999999939500, -2.850000000000000100 ) ) ;
#7765 = LINE ( 'NONE', #7764, #7763 ) ;
#7766 = CARTESIAN_POINT ( 'NONE',  ( 4.749999999999999100, 0.5999999999999998700, -2.850000000000001400 ) ) ;
#7767 = DIRECTION ( 'NONE',  ( -1.000000000000000000, 0.0000000000000000000, 0.0000000000000000000 ) ) ;
#7768 = VECTOR ( 'NONE', #7767, 1000.000000000000000 ) ;
#7769 = CARTESIAN_POINT ( 'NONE',  ( 5.249999999999999100, 0.5999999999999998700, -2.850000000000001400 ) ) ;
#7770 = LINE ( 'NONE', #7769, #7768 ) ;
#7771 = CARTESIAN_POINT ( 'NONE',  ( 1.249999999999999300, 0.09999999999999939500, -2.850000000000000100 ) ) ;
#7772 = DIRECTION ( 'NONE',  ( -1.000000000000000000, 0.0000000000000000000, 0.0000000000000000000 ) ) ;
#7773 = VECTOR ( 'NONE', #7772, 1000.000000000000000 ) ;
#7774 = CARTESIAN_POINT ( 'NONE',  ( 14.00000000000000000, 0.09999999999999939500, -2.850000000000000100 ) ) ;
#7775 = LINE ( 'NONE', #7774, #7773 ) ;
#7776 = CARTESIAN_POINT ( 'NONE',  ( 2.749999999999999100, 0.09999999999999939500, -2.850000000000000100 ) ) ;
#7777 = DIRECTION ( 'NONE',  ( 0.0000000000000000000, -1.000000000000000000, 0.0000000000000000000 ) ) ;
#7778 = VECTOR ( 'NONE', #7777, 1000.000000000000000 ) ;
#7779 = CARTESIAN_POINT ( 'NONE',  ( 2.749999999999999100, 0.09999999999999939500, -2.850000000000000100 ) ) ;
#7780 = LINE ( 'NONE', #7779, #7778 ) ;
#7781 = DIRECTION ( 'NONE',  ( -1.000000000000000000, 0.0000000000000000000, 0.0000000000000000000 ) ) ;
#7782 = VECTOR ( 'NONE', #7781, 1000.000000000000000 ) ;
#7783 = CARTESIAN_POINT ( 'NONE',  ( 3.249999999999999100, 0.5999999999999998700, -2.850000000000001400 ) ) ;
#7784 = LINE ( 'NONE', #7783, #7782 ) ;
#7785 = DIRECTION ( 'NONE',  ( 0.0000000000000000000, -1.000000000000000000, 0.0000000000000000000 ) ) ;
#7786 = VECTOR ( 'NONE', #7785, 1000.000000000000000 ) ;
#7787 = CARTESIAN_POINT ( 'NONE',  ( 5.249999999999999100, 0.09999999999999939500, -2.850000000000000100 ) ) ;
#7788 = LINE ( 'NONE', #7787, #7786 ) ;
#7789 = CARTESIAN_POINT ( 'NONE',  ( 5.249999999999999100, 0.5999999999999998700, -2.850000000000001400 ) ) ;
#7790 = CARTESIAN_POINT ( 'NONE',  ( -6.750000000000004400, 0.09999999999999939500, -2.850000000000000100 ) ) ;
#7791 = DIRECTION ( 'NONE',  ( -1.000000000000000000, 0.0000000000000000000, 0.0000000000000000000 ) ) ;
#7792 = VECTOR ( 'NONE', #7791, 1000.000000000000000 ) ;
#7793 = CARTESIAN_POINT ( 'NONE',  ( 14.00000000000000000, 0.09999999999999939500, -2.850000000000000100 ) ) ;
#7794 = LINE ( 'NONE', #7793, #7792 ) ;
#7795 = CARTESIAN_POINT ( 'NONE',  ( -5.250000000000002700, 0.09999999999999939500, -2.850000000000000100 ) ) ;
#7796 = DIRECTION ( 'NONE',  ( 0.0000000000000000000, -1.000000000000000000, 0.0000000000000000000 ) ) ;
#7797 = VECTOR ( 'NONE', #7796, 1000.000000000000000 ) ;
#7798 = CARTESIAN_POINT ( 'NONE',  ( -5.250000000000002700, 0.09999999999999939500, -2.850000000000000100 ) ) ;
#7799 = LINE ( 'NONE', #7798, #7797 ) ;
#7800 = CARTESIAN_POINT ( 'NONE',  ( -5.250000000000000900, 0.5999999999999998700, -2.850000000000001400 ) ) ;
#7801 = DIRECTION ( 'NONE',  ( -1.000000000000000000, 0.0000000000000000000, 0.0000000000000000000 ) ) ;
#7802 = VECTOR ( 'NONE', #7801, 1000.000000000000000 ) ;
#7803 = CARTESIAN_POINT ( 'NONE',  ( -4.750000000000000900, 0.5999999999999998700, -2.850000000000001400 ) ) ;
#7804 = LINE ( 'NONE', #7803, #7802 ) ;
#7805 = CARTESIAN_POINT ( 'NONE',  ( -7.250000000000004400, 0.09999999999999939500, -2.850000000000000100 ) ) ;
#7806 = DIRECTION ( 'NONE',  ( 0.0000000000000000000, -1.000000000000000000, 0.0000000000000000000 ) ) ;
#7807 = VECTOR ( 'NONE', #7806, 1000.000000000000000 ) ;
#7808 = CARTESIAN_POINT ( 'NONE',  ( -7.250000000000004400, 0.09999999999999939500, -2.850000000000000100 ) ) ;
#7809 = LINE ( 'NONE', #7808, #7807 ) ;
#7810 = CARTESIAN_POINT ( 'NONE',  ( -7.250000000000002700, 0.5999999999999998700, -2.850000000000001400 ) ) ;
#7811 = DIRECTION ( 'NONE',  ( -1.000000000000000000, 0.0000000000000000000, 0.0000000000000000000 ) ) ;
#7812 = VECTOR ( 'NONE', #7811, 1000.000000000000000 ) ;
#7813 = CARTESIAN_POINT ( 'NONE',  ( -6.750000000000002700, 0.5999999999999998700, -2.850000000000001400 ) ) ;
#7814 = LINE ( 'NONE', #7813, #7812 ) ;
#7815 = CARTESIAN_POINT ( 'NONE',  ( -6.750000000000002700, 0.5999999999999998700, -2.850000000000001400 ) ) ;
#7816 = DIRECTION ( 'NONE',  ( 0.0000000000000000000, -1.000000000000000000, 0.0000000000000000000 ) ) ;
#7817 = VECTOR ( 'NONE', #7816, 1000.000000000000000 ) ;
#7818 = CARTESIAN_POINT ( 'NONE',  ( -6.750000000000004400, 0.09999999999999939500, -2.850000000000000100 ) ) ;
#7819 = LINE ( 'NONE', #7818, #7817 ) ;
#7820 = CARTESIAN_POINT ( 'NONE',  ( 0.7499999999999988900, 0.09999999999999939500, -2.850000000000000100 ) ) ;
#7821 = DIRECTION ( 'NONE',  ( 0.0000000000000000000, -1.000000000000000000, 0.0000000000000000000 ) ) ;
#7822 = VECTOR ( 'NONE', #7821, 1000.000000000000000 ) ;
#7823 = CARTESIAN_POINT ( 'NONE',  ( 0.7499999999999988900, 0.09999999999999939500, -2.850000000000000100 ) ) ;
#7824 = LINE ( 'NONE', #7823, #7822 ) ;
#7825 = CARTESIAN_POINT ( 'NONE',  ( 0.7499999999999991100, 0.5999999999999998700, -2.850000000000001400 ) ) ;
#7826 = DIRECTION ( 'NONE',  ( -1.000000000000000000, 0.0000000000000000000, 0.0000000000000000000 ) ) ;
#7827 = VECTOR ( 'NONE', #7826, 1000.000000000000000 ) ;
#7828 = CARTESIAN_POINT ( 'NONE',  ( 1.249999999999999100, 0.5999999999999998700, -2.850000000000001400 ) ) ;
#7829 = LINE ( 'NONE', #7828, #7827 ) ;
#7830 = CARTESIAN_POINT ( 'NONE',  ( 1.249999999999999100, 0.5999999999999998700, -2.850000000000001400 ) ) ;
#7831 = DIRECTION ( 'NONE',  ( 0.0000000000000000000, -1.000000000000000000, 0.0000000000000000000 ) ) ;
#7832 = VECTOR ( 'NONE', #7831, 1000.000000000000000 ) ;
#7833 = CARTESIAN_POINT ( 'NONE',  ( 1.249999999999999300, 0.09999999999999939500, -2.850000000000000100 ) ) ;
#7834 = LINE ( 'NONE', #7833, #7832 ) ;
#7835 = DIRECTION ( 'NONE',  ( -1.000000000000000000, 0.0000000000000000000, 0.0000000000000000000 ) ) ;
#7836 = VECTOR ( 'NONE', #7835, 1000.000000000000000 ) ;
#7837 = CARTESIAN_POINT ( 'NONE',  ( -12.90000000000000000, 3.699999999999996600, 2.850000000000000100 ) ) ;
#7838 = LINE ( 'NONE', #7837, #7836 ) ;
#7839 = CARTESIAN_POINT ( 'NONE',  ( -14.00000000000000000, 3.699999999999996600, 2.850000000000000100 ) ) ;
#7840 = DIRECTION ( 'NONE',  ( 0.0000000000000000000, -1.000000000000000000, -1.221636250687892700E-016 ) ) ;
#7841 = VECTOR ( 'NONE', #7840, 1000.000000000000000 ) ;
#7842 = CARTESIAN_POINT ( 'NONE',  ( -14.00000000000000000, 7.199999999999998400, 2.850000000000000100 ) ) ;
#7843 = LINE ( 'NONE', #7842, #7841 ) ;
#7844 = CARTESIAN_POINT ( 'NONE',  ( -14.00000000000000000, 7.199999999999998400, 2.850000000000000100 ) ) ;
#7845 = DIRECTION ( 'NONE',  ( -1.000000000000000000, 0.0000000000000000000, 0.0000000000000000000 ) ) ;
#7846 = VECTOR ( 'NONE', #7845, 1000.000000000000000 ) ;
#7847 = CARTESIAN_POINT ( 'NONE',  ( 14.00000000000000000, 7.199999999999998400, 2.850000000000000100 ) ) ;
#7848 = LINE ( 'NONE', #7847, #7846 ) ;
#7849 = CARTESIAN_POINT ( 'NONE',  ( -10.85000000000000000, 7.199999999999998400, 2.850000000000000100 ) ) ;
#7850 = DIRECTION ( 'NONE',  ( 0.0000000000000000000, 1.000000000000000000, 3.142614992711606900E-016 ) ) ;
#7851 = VECTOR ( 'NONE', #7850, 1000.000000000000000 ) ;
#7852 = CARTESIAN_POINT ( 'NONE',  ( -10.85000000000000000, 0.09999999999999939500, 2.849999999999997400 ) ) ;
#7853 = LINE ( 'NONE', #7852, #7851 ) ;
#7854 = DIRECTION ( 'NONE',  ( -1.000000000000000000, 0.0000000000000000000, 0.0000000000000000000 ) ) ;
#7855 = VECTOR ( 'NONE', #7854, 1000.000000000000000 ) ;
#7856 = CARTESIAN_POINT ( 'NONE',  ( 14.00000000000000000, 0.09999999999999939500, 2.849999999999999200 ) ) ;
#7857 = LINE ( 'NONE', #7856, #7855 ) ;
#7858 = CARTESIAN_POINT ( 'NONE',  ( -8.750000000000000000, 0.5999999999999998700, -2.850000000000001400 ) ) ;
#7859 = DIRECTION ( 'NONE',  ( 0.0000000000000000000, -1.000000000000000000, 0.0000000000000000000 ) ) ;
#7860 = VECTOR ( 'NONE', #7859, 1000.000000000000000 ) ;
#7861 = CARTESIAN_POINT ( 'NONE',  ( -8.749999999999998200, 0.09999999999999939500, -2.850000000000000100 ) ) ;
#7862 = LINE ( 'NONE', #7861, #7860 ) ;
#7863 = CARTESIAN_POINT ( 'NONE',  ( -8.749999999999998200, 0.09999999999999939500, -2.850000000000000100 ) ) ;
#7864 = DIRECTION ( 'NONE',  ( -1.000000000000000000, 0.0000000000000000000, 0.0000000000000000000 ) ) ;
#7865 = VECTOR ( 'NONE', #7864, 1000.000000000000000 ) ;
#7866 = CARTESIAN_POINT ( 'NONE',  ( 14.00000000000000000, 0.09999999999999939500, -2.850000000000000100 ) ) ;
#7867 = LINE ( 'NONE', #7866, #7865 ) ;
#7868 = CARTESIAN_POINT ( 'NONE',  ( -11.40000000000000000, 3.199999999999998000, 1.049999999999996300 ) ) ;
#7869 = CARTESIAN_POINT ( 'NONE',  ( -7.349999999999998800, 3.199999999999998000, 1.049999999999997200 ) ) ;
#7870 = DIRECTION ( 'NONE',  ( 0.0000000000000000000, 1.000000000000000000, 3.142614992711606900E-016 ) ) ;
#7871 = VECTOR ( 'NONE', #7870, 1000.000000000000000 ) ;
#7872 = CARTESIAN_POINT ( 'NONE',  ( -7.349999999999998800, 3.199999999999998000, 1.049999999999997200 ) ) ;
#7873 = LINE ( 'NONE', #7872, #7871 ) ;
#7874 = CARTESIAN_POINT ( 'NONE',  ( -11.40000000000000000, 7.200000000000000200, 1.049999999999997200 ) ) ;
#7875 = CARTESIAN_POINT ( 'NONE',  ( -7.349999999999998800, 7.199999999999998400, 1.049999999999998500 ) ) ;
#7876 = DIRECTION ( 'NONE',  ( -1.000000000000000000, 0.0000000000000000000, 0.0000000000000000000 ) ) ;
#7877 = VECTOR ( 'NONE', #7876, 1000.000000000000000 ) ;
#7878 = CARTESIAN_POINT ( 'NONE',  ( 14.00000000000000000, 7.199999999999999300, 1.049999999999996700 ) ) ;
#7879 = LINE ( 'NONE', #7878, #7877 ) ;
#7880 = DIRECTION ( 'NONE',  ( 0.0000000000000000000, -1.000000000000000000, -1.224606353822377300E-016 ) ) ;
#7881 = DIRECTION ( 'NONE',  ( 0.0000000000000000000, -1.224606353822377300E-016, 1.000000000000000000 ) ) ;
#7882 = CARTESIAN_POINT ( 'NONE',  ( -12.19999999999999900, 3.199999999999998000, 1.049999999999996300 ) ) ;
#7883 = AXIS2_PLACEMENT_3D ( 'NONE', #7882, #7881, #7880 ) ;
#7884 = PLANE ( 'NONE',  #7883 ) ;
#7885 = FACE_OUTER_BOUND ( 'NONE', #2037, .T. ) ;
#7886 = DIRECTION ( 'NONE',  ( 0.0000000000000000000, -1.000000000000000000, 0.0000000000000000000 ) ) ;
#7887 = VECTOR ( 'NONE', #7886, 1000.000000000000000 ) ;
#7888 = CARTESIAN_POINT ( 'NONE',  ( -12.90000000000000400, 2.949999999999999300, 2.850000000000000100 ) ) ;
#7889 = LINE ( 'NONE', #7888, #7887 ) ;
#7890 = CARTESIAN_POINT ( 'NONE',  ( -12.90000000000000700, 5.699999999999999300, 2.850000000000000100 ) ) ;
#7891 = DIRECTION ( 'NONE',  ( 1.000000000000000000, 0.0000000000000000000, 0.0000000000000000000 ) ) ;
#7892 = VECTOR ( 'NONE', #7891, 1000.000000000000000 ) ;
#7893 = CARTESIAN_POINT ( 'NONE',  ( -13.30000000000000200, 5.699999999999999300, 2.850000000000000100 ) ) ;
#7894 = LINE ( 'NONE', #7893, #7892 ) ;
#7895 = CARTESIAN_POINT ( 'NONE',  ( -13.30000000000000200, 5.699999999999999300, 2.850000000000000100 ) ) ;
#7896 = DIRECTION ( 'NONE',  ( 0.0000000000000000000, 1.000000000000000000, 0.0000000000000000000 ) ) ;
#7897 = VECTOR ( 'NONE', #7896, 1000.000000000000000 ) ;
#7898 = CARTESIAN_POINT ( 'NONE',  ( -13.30000000000000200, 2.949999999999999300, 2.850000000000000100 ) ) ;
#7899 = LINE ( 'NONE', #7898, #7897 ) ;
#7900 = CARTESIAN_POINT ( 'NONE',  ( -13.30000000000000200, 3.699999999999996600, 2.850000000000000100 ) ) ;
#7901 = VECTOR ( 'NONE', #7965, 1000.000000000000000 ) ;
#7902 = CARTESIAN_POINT ( 'NONE',  ( -11.25000000000000200, 0.09999999999999939500, 2.849999999999999200 ) ) ;
#7903 = LINE ( 'NONE', #7902, #7901 ) ;
#7904 = DIRECTION ( 'NONE',  ( 0.0000000000000000000, 0.0000000000000000000, -1.000000000000000000 ) ) ;
#7905 = VECTOR ( 'NONE', #7904, 1000.000000000000000 ) ;
#7906 = CARTESIAN_POINT ( 'NONE',  ( -14.00000000000000000, 0.09999999999999939500, 2.849999999999999200 ) ) ;
#7907 = LINE ( 'NONE', #7906, #7905 ) ;
#7908 = DIRECTION ( 'NONE',  ( -1.000000000000000000, 0.0000000000000000000, 0.0000000000000000000 ) ) ;
#7909 = VECTOR ( 'NONE', #7908, 1000.000000000000000 ) ;
#7910 = CARTESIAN_POINT ( 'NONE',  ( -12.90000000000000000, 0.09999999999999939500, -0.4499999999999999000 ) ) ;
#7911 = LINE ( 'NONE', #7910, #7909 ) ;
#7912 = CARTESIAN_POINT ( 'NONE',  ( -10.75000000000000000, 0.09999999999999939500, -2.850000000000000100 ) ) ;
#7913 = CARTESIAN_POINT ( 'NONE',  ( -10.75000000000000000, 0.5999999999999998700, -2.850000000000001400 ) ) ;
#7914 = DIRECTION ( 'NONE',  ( 0.0000000000000000000, -1.000000000000000000, 0.0000000000000000000 ) ) ;
#7915 = VECTOR ( 'NONE', #7914, 1000.000000000000000 ) ;
#7916 = CARTESIAN_POINT ( 'NONE',  ( -10.75000000000000000, 0.09999999999999939500, -2.850000000000000100 ) ) ;
#7917 = LINE ( 'NONE', #7916, #7915 ) ;
#7918 = DIRECTION ( 'NONE',  ( 1.000000000000000000, 0.0000000000000000000, 0.0000000000000000000 ) ) ;
#7919 = DIRECTION ( 'NONE',  ( 0.0000000000000000000, 0.0000000000000000000, 1.000000000000000000 ) ) ;
#7920 = CARTESIAN_POINT ( 'NONE',  ( 14.00000000000000000, 0.09999999999999939500, -2.850000000000000100 ) ) ;
#7921 = AXIS2_PLACEMENT_3D ( 'NONE', #7920, #7919, #7918 ) ;
#7922 = PLANE ( 'NONE',  #7921 ) ;
#7923 = FACE_OUTER_BOUND ( 'NONE', #2051, .T. ) ;
#7924 = DIRECTION ( 'NONE',  ( 0.0000000000000000000, 1.000000000000000000, 1.257045997084642900E-016 ) ) ;
#7925 = VECTOR ( 'NONE', #7924, 1000.000000000000000 ) ;
#7926 = CARTESIAN_POINT ( 'NONE',  ( -11.40000000000000000, 1.839852949126455700, 1.049999999999996300 ) ) ;
#7927 = LINE ( 'NONE', #7926, #7925 ) ;
#7928 = DIRECTION ( 'NONE',  ( 1.000000000000000000, 0.0000000000000000000, 0.0000000000000000000 ) ) ;
#7929 = VECTOR ( 'NONE', #7928, 1000.000000000000000 ) ;
#7930 = CARTESIAN_POINT ( 'NONE',  ( -12.19999999999999900, 3.199999999999998000, 1.049999999999996300 ) ) ;
#7931 = LINE ( 'NONE', #7930, #7929 ) ;
#7932 = LINE ( 'NONE', #9392, #8000 ) ;
#7933 = CARTESIAN_POINT ( 'NONE',  ( 5.700000000000000200, 0.09999999999999939500, 2.849999999999999200 ) ) ;
#7934 = CARTESIAN_POINT ( 'NONE',  ( 7.900000000000000400, 0.09999999999999939500, 2.849999999999997400 ) ) ;
#7935 = CARTESIAN_POINT ( 'NONE',  ( -11.25000000000000200, 0.09999999999999939500, -2.350000000000001400 ) ) ;
#7936 = CARTESIAN_POINT ( 'NONE',  ( -12.90000000000000400, 0.09999999999999939500, 2.749999999999999100 ) ) ;
#7937 = DIRECTION ( 'NONE',  ( 0.0000000000000000000, 0.0000000000000000000, -1.000000000000000000 ) ) ;
#7938 = VECTOR ( 'NONE', #7937, 1000.000000000000000 ) ;
#7939 = CARTESIAN_POINT ( 'NONE',  ( -12.90000000000000000, 0.09999999999999939500, -0.4499999999999999000 ) ) ;
#7940 = LINE ( 'NONE', #7939, #7938 ) ;
#7941 = DIRECTION ( 'NONE',  ( 0.0000000000000000000, 1.000000000000000000, 1.257045997084642900E-016 ) ) ;
#7942 = VECTOR ( 'NONE', #7941, 1000.000000000000000 ) ;
#7943 = CARTESIAN_POINT ( 'NONE',  ( -12.19999999999999900, 1.839852949126454800, 2.149999999999995500 ) ) ;
#7944 = LINE ( 'NONE', #7943, #7942 ) ;
#7945 = DIRECTION ( 'NONE',  ( -1.000000000000000000, 0.0000000000000000000, 0.0000000000000000000 ) ) ;
#7946 = VECTOR ( 'NONE', #7945, 1000.000000000000000 ) ;
#7947 = CARTESIAN_POINT ( 'NONE',  ( -10.85000000000000000, 0.09999999999999939500, 1.999999999999995800 ) ) ;
#7948 = LINE ( 'NONE', #7947, #7946 ) ;
#7949 = DIRECTION ( 'NONE',  ( 0.0000000000000000000, -2.551063935260005100E-016, 1.000000000000000000 ) ) ;
#7950 = VECTOR ( 'NONE', #7949, 1000.000000000000000 ) ;
#7951 = CARTESIAN_POINT ( 'NONE',  ( -10.85000000000000000, 0.09999999999999939500, 2.849999999999997400 ) ) ;
#7952 = LINE ( 'NONE', #7951, #7950 ) ;
#7953 = CARTESIAN_POINT ( 'NONE',  ( -10.85000000000000000, 0.09999999999999939500, 1.999999999999995800 ) ) ;
#7954 = DIRECTION ( 'NONE',  ( 0.0000000000000000000, 0.0000000000000000000, -1.000000000000000000 ) ) ;
#7955 = VECTOR ( 'NONE', #7954, 1000.000000000000000 ) ;
#7956 = CARTESIAN_POINT ( 'NONE',  ( -12.90000000000000400, 0.09999999999999939500, 2.849999999999999200 ) ) ;
#7957 = LINE ( 'NONE', #7956, #7955 ) ;
#7958 = CARTESIAN_POINT ( 'NONE',  ( -14.00000000000000000, 0.09999999999999939500, -0.4499999999999999000 ) ) ;
#7959 = CARTESIAN_POINT ( 'NONE',  ( -13.30000000000000200, 0.1000000000000011300, -0.4500000000000016200 ) ) ;
#7960 = DIRECTION ( 'NONE',  ( -1.000000000000000000, 0.0000000000000000000, 0.0000000000000000000 ) ) ;
#7961 = VECTOR ( 'NONE', #7960, 1000.000000000000000 ) ;
#7962 = CARTESIAN_POINT ( 'NONE',  ( -12.90000000000000000, 0.09999999999999939500, -0.4499999999999999000 ) ) ;
#7963 = LINE ( 'NONE', #7962, #7961 ) ;
#7964 = CARTESIAN_POINT ( 'NONE',  ( -12.90000000000000400, 0.1000000000000011300, -0.4500000000000016200 ) ) ;
#7965 = DIRECTION ( 'NONE',  ( 0.0000000000000000000, 0.0000000000000000000, 1.000000000000000000 ) ) ;
#7966 =( LENGTH_UNIT ( ) NAMED_UNIT ( * ) SI_UNIT ( .MILLI., .METRE. ) );
#7967 = MECHANICAL_DESIGN_GEOMETRIC_PRESENTATION_REPRESENTATION (  '', ( #7969 ), #8023 ) ;
#7968 = PRESENTATION_LAYER_ASSIGNMENT (  '', '', ( #7969 ) ) ;
#7969 = STYLED_ITEM ( 'NONE', ( #7970 ), #2099 ) ;
#7970 = PRESENTATION_STYLE_ASSIGNMENT (( #7971 ) ) ;
#7971 = SURFACE_STYLE_USAGE ( .BOTH. , #7972 ) ;
#7972 = SURFACE_SIDE_STYLE ('',( #7973 ) ) ;
#7973 = SURFACE_STYLE_FILL_AREA ( #7974 ) ;
#7974 = FILL_AREA_STYLE ('',( #7975 ) ) ;
#7975 = FILL_AREA_STYLE_COLOUR ( '', #7976 ) ;
#7976 = COLOUR_RGB ( '',0.0000000000000000000, 0.0000000000000000000, 0.6274509803921568500 ) ;
#7977 = CARTESIAN_POINT ( 'NONE',  ( -12.90000000000000000, 0.09999999999999939500, 2.849999999999999200 ) ) ;
#7978 = CARTESIAN_POINT ( 'NONE',  ( -10.85000000000000000, 0.09999999999999939500, 2.849999999999997400 ) ) ;
#7979 = DIRECTION ( 'NONE',  ( -1.000000000000000000, 0.0000000000000000000, 0.0000000000000000000 ) ) ;
#7980 = VECTOR ( 'NONE', #7979, 1000.000000000000000 ) ;
#7981 = CARTESIAN_POINT ( 'NONE',  ( 14.00000000000000000, 0.09999999999999939500, 2.849999999999999200 ) ) ;
#7982 = LINE ( 'NONE', #7981, #7980 ) ;
#7983 = DIRECTION ( 'NONE',  ( 0.0000000000000000000, 1.000000000000000000, 1.221636250687892700E-016 ) ) ;
#7984 = DIRECTION ( 'NONE',  ( 0.0000000000000000000, 1.221636250687892700E-016, -1.000000000000000000 ) ) ;
#7985 = CARTESIAN_POINT ( 'NONE',  ( 14.00000000000000000, 7.199999999999998400, 2.850000000000000100 ) ) ;
#7986 = AXIS2_PLACEMENT_3D ( 'NONE', #7985, #7984, #7983 ) ;
#7987 = PLANE ( 'NONE',  #7986 ) ;
#7988 = FACE_OUTER_BOUND ( 'NONE', #2093, .T. ) ;
#7989 = DIRECTION ( 'NONE',  ( 0.0000000000000000000, 1.000000000000000000, 1.224606353822377300E-016 ) ) ;
#7990 = VECTOR ( 'NONE', #7989, 1000.000000000000000 ) ;
#7991 = CARTESIAN_POINT ( 'NONE',  ( 5.700000000000000200, 0.09999999999999939500, 2.849999999999999200 ) ) ;
#7992 = LINE ( 'NONE', #7991, #7990 ) ;
#7993 = CARTESIAN_POINT ( 'NONE',  ( 5.700000000000000200, 7.199999999999998400, 2.850000000000000100 ) ) ;
#7994 = DIRECTION ( 'NONE',  ( -1.000000000000000000, 0.0000000000000000000, 0.0000000000000000000 ) ) ;
#7995 = VECTOR ( 'NONE', #7994, 1000.000000000000000 ) ;
#7996 = CARTESIAN_POINT ( 'NONE',  ( 14.00000000000000000, 7.199999999999998400, 2.850000000000000100 ) ) ;
#7997 = LINE ( 'NONE', #7996, #7995 ) ;
#7998 = CARTESIAN_POINT ( 'NONE',  ( 7.900000000000000400, 7.199999999999998400, 2.850000000000000100 ) ) ;
#7999 = DIRECTION ( 'NONE',  ( 0.0000000000000000000, 1.000000000000000000, 3.142614992711606900E-016 ) ) ;
#8000 = VECTOR ( 'NONE', #7999, 1000.000000000000000 ) ;
#8001 = DIRECTION ( 'NONE',  ( 0.0000000000000000000, 0.0000000000000000000, 1.000000000000000000 ) ) ;
#8002 = DIRECTION ( 'NONE',  ( -1.000000000000000000, 0.0000000000000000000, 0.0000000000000000000 ) ) ;
#8003 = CARTESIAN_POINT ( 'NONE',  ( 13.30000000000000200, 8.999999999999996400, 2.850000000000000100 ) ) ;
#8004 = AXIS2_PLACEMENT_3D ( 'NONE', #8003, #8002, #8001 ) ;
#8005 = PLANE ( 'NONE',  #8004 ) ;
#8006 = FACE_OUTER_BOUND ( 'NONE', #2108, .T. ) ;
#8007 = DIRECTION ( 'NONE',  ( 0.0000000000000000000, 1.000000000000000000, 1.224606353822377300E-016 ) ) ;
#8008 = VECTOR ( 'NONE', #8007, 1000.000000000000000 ) ;
#8009 = CARTESIAN_POINT ( 'NONE',  ( 13.30000000000000200, 2.599999999999999200, -1.250000000000000900 ) ) ;
#8010 = LINE ( 'NONE', #8009, #8008 ) ;
#8011 = CARTESIAN_POINT ( 'NONE',  ( 13.30000000000000200, 7.199999999999995700, -1.250000000000000200 ) ) ;
#8012 = DIRECTION ( 'NONE',  ( 0.0000000000000000000, 0.0000000000000000000, -1.000000000000000000 ) ) ;
#8013 = VECTOR ( 'NONE', #8012, 1000.000000000000000 ) ;
#8014 = CARTESIAN_POINT ( 'NONE',  ( 13.30000000000000200, 7.199999999999995700, 2.850000000000000100 ) ) ;
#8015 = LINE ( 'NONE', #8014, #8013 ) ;
#8016 = CARTESIAN_POINT ( 'NONE',  ( 13.30000000000000200, 7.199999999999995700, -0.5999999999999998700 ) ) ;
#8017 = DIRECTION ( 'NONE',  ( 0.0000000000000000000, 1.000000000000000000, 1.221636250687892700E-016 ) ) ;
#8018 = DIRECTION ( 'NONE',  ( 0.0000000000000000000, 1.221636250687892700E-016, -1.000000000000000000 ) ) ;
#8019 = CARTESIAN_POINT ( 'NONE',  ( 14.00000000000000000, 7.199999999999998400, 2.850000000000000100 ) ) ;
#8020 = AXIS2_PLACEMENT_3D ( 'NONE', #8019, #8018, #8017 ) ;
#8021 = PLANE ( 'NONE',  #8020 ) ;
#8022 = FACE_OUTER_BOUND ( 'NONE', #2014, .T. ) ;
#8023 =( GEOMETRIC_REPRESENTATION_CONTEXT ( 3 ) GLOBAL_UNCERTAINTY_ASSIGNED_CONTEXT ( ( #8024 ) ) GLOBAL_UNIT_ASSIGNED_CONTEXT ( ( #7966, #8026, #8025 ) ) REPRESENTATION_CONTEXT ( 'NONE', 'WORKASPACE' ) );
#8024 = UNCERTAINTY_MEASURE_WITH_UNIT (LENGTH_MEASURE( 1.000000000000000100E-005 ), #7966, 'distance_accuracy_value', 'NONE');
#8025 =( NAMED_UNIT ( * ) SI_UNIT ( $, .STERADIAN. ) SOLID_ANGLE_UNIT ( ) );
#8026 =( NAMED_UNIT ( * ) PLANE_ANGLE_UNIT ( ) SI_UNIT ( $, .RADIAN. ) );
#8027 =( GEOMETRIC_REPRESENTATION_CONTEXT ( 3 ) GLOBAL_UNCERTAINTY_ASSIGNED_CONTEXT ( ( #8028 ) ) GLOBAL_UNIT_ASSIGNED_CONTEXT ( ( #8031, #8030, #8029 ) ) REPRESENTATION_CONTEXT ( 'NONE', 'WORKASPACE' ) );
#8028 = UNCERTAINTY_MEASURE_WITH_UNIT (LENGTH_MEASURE( 1.000000000000000100E-005 ), #8031, 'distance_accuracy_value', 'NONE');
#8029 =( NAMED_UNIT ( * ) SI_UNIT ( $, .STERADIAN. ) SOLID_ANGLE_UNIT ( ) );
#8030 =( NAMED_UNIT ( * ) PLANE_ANGLE_UNIT ( ) SI_UNIT ( $, .RADIAN. ) );
#8031 =( LENGTH_UNIT ( ) NAMED_UNIT ( * ) SI_UNIT ( .MILLI., .METRE. ) );
#8032 = MECHANICAL_DESIGN_GEOMETRIC_PRESENTATION_REPRESENTATION (  '', ( #8034 ), #8027 ) ;
#8033 = PRESENTATION_LAYER_ASSIGNMENT (  '', '', ( #8034 ) ) ;
#8034 = STYLED_ITEM ( 'NONE', ( #8035 ), #2118 ) ;
#8035 = PRESENTATION_STYLE_ASSIGNMENT (( #8036 ) ) ;
#8036 = SURFACE_STYLE_USAGE ( .BOTH. , #8037 ) ;
#8037 = SURFACE_SIDE_STYLE ('',( #8038 ) ) ;
#8038 = SURFACE_STYLE_FILL_AREA ( #8039 ) ;
#8039 = FILL_AREA_STYLE ('',( #8046 ) ) ;
#8040 = COLOUR_RGB ( '',0.0000000000000000000, 0.0000000000000000000, 1.000000000000000000 ) ;
#8041 = FACE_OUTER_BOUND ( 'NONE', #2119, .T. ) ;
#8042 = DIRECTION ( 'NONE',  ( 0.0000000000000000000, 0.0000000000000000000, 1.000000000000000000 ) ) ;
#8043 = VECTOR ( 'NONE', #8042, 1000.000000000000000 ) ;
#8044 = CARTESIAN_POINT ( 'NONE',  ( -14.00000000000000000, 1.799999999999998700, 0.5500000000000001600 ) ) ;
#8045 = LINE ( 'NONE', #8044, #8043 ) ;
#8046 = FILL_AREA_STYLE_COLOUR ( '', #8040 ) ;
#8047 = DIRECTION ( 'NONE',  ( 0.0000000000000000000, 0.0000000000000000000, 1.000000000000000000 ) ) ;
#8048 = VECTOR ( 'NONE', #8047, 1000.000000000000000 ) ;
#8049 = CARTESIAN_POINT ( 'NONE',  ( -13.30000000000000200, 1.799999999999998700, 0.5500000000000001600 ) ) ;
#8050 = LINE ( 'NONE', #8049, #8048 ) ;
#8051 = CARTESIAN_POINT ( 'NONE',  ( 13.30000000000000200, 2.900000000000000800, -1.250000000000000900 ) ) ;
#8052 = DIRECTION ( 'NONE',  ( 0.0000000000000000000, 0.0000000000000000000, -1.000000000000000000 ) ) ;
#8053 = VECTOR ( 'NONE', #8052, 1000.000000000000000 ) ;
#8054 = CARTESIAN_POINT ( 'NONE',  ( 13.30000000000000100, 2.900000000000000800, -2.950000000000000200 ) ) ;
#8055 = LINE ( 'NONE', #8054, #8053 ) ;
#8056 = CARTESIAN_POINT ( 'NONE',  ( -13.30000000000000200, 1.799999999999999600, -0.4500000000000011800 ) ) ;
#8057 = DIRECTION ( 'NONE',  ( 0.0000000000000000000, 1.000000000000000000, 1.495451272393798600E-016 ) ) ;
#8058 = VECTOR ( 'NONE', #8057, 1000.000000000000000 ) ;
#8059 = CARTESIAN_POINT ( 'NONE',  ( -13.30000000000000200, 2.899999999999999900, -0.4500000000000011800 ) ) ;
#8060 = LINE ( 'NONE', #8059, #8058 ) ;
#8061 = DIRECTION ( 'NONE',  ( 1.000000000000000000, 0.0000000000000000000, 0.0000000000000000000 ) ) ;
#8062 = DIRECTION ( 'NONE',  ( 0.0000000000000000000, 0.0000000000000000000, 1.000000000000000000 ) ) ;
#8063 = CARTESIAN_POINT ( 'NONE',  ( -12.90000000000000000, 1.799999999999998700, -0.4499999999999999000 ) ) ;
#8064 = AXIS2_PLACEMENT_3D ( 'NONE', #8063, #8062, #8061 ) ;
#8065 = PLANE ( 'NONE',  #8064 ) ;
#8066 = FACE_OUTER_BOUND ( 'NONE', #2129, .T. ) ;
#8067 = DIRECTION ( 'NONE',  ( 0.0000000000000000000, 0.8253072612498315600, 0.5646839155919904900 ) ) ;
#8068 = VECTOR ( 'NONE', #8067, 1000.000000000000000 ) ;
#8069 = CARTESIAN_POINT ( 'NONE',  ( -14.00000000000000000, 3.699999999999996600, 1.850000000000000100 ) ) ;
#8070 = LINE ( 'NONE', #8069, #8068 ) ;
#8071 = CARTESIAN_POINT ( 'NONE',  ( 13.30000000000000200, 8.999999999999996400, -0.5999999999999998700 ) ) ;
#8072 = DIRECTION ( 'NONE',  ( 0.0000000000000000000, 0.0000000000000000000, -1.000000000000000000 ) ) ;
#8073 = VECTOR ( 'NONE', #8072, 1000.000000000000000 ) ;
#8074 = CARTESIAN_POINT ( 'NONE',  ( 13.30000000000000200, 8.999999999999996400, 2.850000000000000100 ) ) ;
#8075 = LINE ( 'NONE', #8074, #8073 ) ;
#8076 = CARTESIAN_POINT ( 'NONE',  ( 13.30000000000000200, 5.700000000000000200, -1.250000000000000400 ) ) ;
#8077 = DIRECTION ( 'NONE',  ( 0.0000000000000000000, 0.0000000000000000000, 1.000000000000000000 ) ) ;
#8078 = VECTOR ( 'NONE', #8077, 1000.000000000000000 ) ;
#8079 = CARTESIAN_POINT ( 'NONE',  ( 13.30000000000000200, 5.700000000000000200, -2.949999999999999700 ) ) ;
#8080 = LINE ( 'NONE', #8079, #8078 ) ;
#8081 = DIRECTION ( 'NONE',  ( 0.0000000000000000000, 0.0000000000000000000, 1.000000000000000000 ) ) ;
#8082 = DIRECTION ( 'NONE',  ( -1.000000000000000000, 0.0000000000000000000, 0.0000000000000000000 ) ) ;
#8083 = CARTESIAN_POINT ( 'NONE',  ( 13.30000000000000200, 8.999999999999996400, 2.850000000000000100 ) ) ;
#8084 = AXIS2_PLACEMENT_3D ( 'NONE', #8083, #8082, #8081 ) ;
#8085 = PLANE ( 'NONE',  #8084 ) ;
#8086 = LINE ( 'NONE', #8153, #8152 ) ;
#8087 = CARTESIAN_POINT ( 'NONE',  ( 14.00000000000000000, 7.199999999999998400, -1.250000000000000200 ) ) ;
#8088 = CARTESIAN_POINT ( 'NONE',  ( 12.90000000000000400, 5.699999999999999300, 2.749999999999999100 ) ) ;
#8089 = DIRECTION ( 'NONE',  ( 0.0000000000000000000, 0.0000000000000000000, 1.000000000000000000 ) ) ;
#8090 = DIRECTION ( 'NONE',  ( 0.0000000000000000000, 1.000000000000000000, 0.0000000000000000000 ) ) ;
#8091 = CARTESIAN_POINT ( 'NONE',  ( 13.30000000000000200, 5.699999999999999300, 2.850000000000000100 ) ) ;
#8092 = AXIS2_PLACEMENT_3D ( 'NONE', #8091, #8090, #8089 ) ;
#8093 = PLANE ( 'NONE',  #8092 ) ;
#8094 = FACE_OUTER_BOUND ( 'NONE', #2148, .T. ) ;
#8095 = DIRECTION ( 'NONE',  ( 0.0000000000000000000, 0.0000000000000000000, -1.000000000000000000 ) ) ;
#8096 = VECTOR ( 'NONE', #8095, 1000.000000000000000 ) ;
#8097 = CARTESIAN_POINT ( 'NONE',  ( 13.30000000000000200, 5.699999999999999300, 2.850000000000000100 ) ) ;
#8098 = LINE ( 'NONE', #8097, #8096 ) ;
#8099 = CARTESIAN_POINT ( 'NONE',  ( 13.30000000000000200, 5.699999999999999300, 2.850000000000000100 ) ) ;
#8100 = DIRECTION ( 'NONE',  ( 0.0000000000000000000, -1.000000000000000000, 0.0000000000000000000 ) ) ;
#8101 = VECTOR ( 'NONE', #8100, 1000.000000000000000 ) ;
#8102 = CARTESIAN_POINT ( 'NONE',  ( 13.30000000000000200, 2.949999999999999300, 2.850000000000000100 ) ) ;
#8103 = LINE ( 'NONE', #8102, #8101 ) ;
#8104 = CARTESIAN_POINT ( 'NONE',  ( 13.30000000000000200, 3.699999999999996600, 2.850000000000000100 ) ) ;
#8105 = DIRECTION ( 'NONE',  ( 0.0000000000000000000, 0.0000000000000000000, -1.000000000000000000 ) ) ;
#8106 = DIRECTION ( 'NONE',  ( 0.0000000000000000000, -1.000000000000000000, 0.0000000000000000000 ) ) ;
#8107 = CARTESIAN_POINT ( 'NONE',  ( -12.90000000000000000, 1.799999999999998700, 0.5500000000000001600 ) ) ;
#8108 = AXIS2_PLACEMENT_3D ( 'NONE', #8107, #8106, #8105 ) ;
#8109 = PLANE ( 'NONE',  #8108 ) ;
#8110 = FACE_OUTER_BOUND ( 'NONE', #2140, .T. ) ;
#8111 = DIRECTION ( 'NONE',  ( 0.0000000000000000000, 1.000000000000000000, 0.0000000000000000000 ) ) ;
#8112 = VECTOR ( 'NONE', #8111, 1000.000000000000000 ) ;
#8113 = CARTESIAN_POINT ( 'NONE',  ( -14.00000000000000000, 1.799999999999998700, -0.4499999999999999000 ) ) ;
#8114 = LINE ( 'NONE', #8113, #8112 ) ;
#8115 = CARTESIAN_POINT ( 'NONE',  ( -14.00000000000000000, 1.799999999999998700, -0.4499999999999999000 ) ) ;
#8116 = DIRECTION ( 'NONE',  ( -1.000000000000000000, 0.0000000000000000000, 0.0000000000000000000 ) ) ;
#8117 = VECTOR ( 'NONE', #8116, 1000.000000000000000 ) ;
#8118 = CARTESIAN_POINT ( 'NONE',  ( -12.90000000000000000, 1.799999999999998700, -0.4499999999999999000 ) ) ;
#8119 = LINE ( 'NONE', #8118, #8117 ) ;
#8120 = DIRECTION ( 'NONE',  ( 0.0000000000000000000, -1.224606353822377300E-016, 1.000000000000000000 ) ) ;
#8121 = VECTOR ( 'NONE', #8120, 1000.000000000000000 ) ;
#8122 = CARTESIAN_POINT ( 'NONE',  ( 13.30000000000000200, 2.599999999999999200, -2.850000000000001000 ) ) ;
#8123 = LINE ( 'NONE', #8122, #8121 ) ;
#8124 = FACE_OUTER_BOUND ( 'NONE', #2174, .T. ) ;
#8125 = CARTESIAN_POINT ( 'NONE',  ( 13.30000000000000200, 2.599999999999999200, -1.250000000000000900 ) ) ;
#8126 = DIRECTION ( 'NONE',  ( 0.0000000000000000000, 1.000000000000000000, 1.224606353822377300E-016 ) ) ;
#8127 = VECTOR ( 'NONE', #8126, 1000.000000000000000 ) ;
#8128 = CARTESIAN_POINT ( 'NONE',  ( 13.30000000000000200, 2.599999999999999200, -1.250000000000000900 ) ) ;
#8129 = LINE ( 'NONE', #8128, #8127 ) ;
#8130 = CARTESIAN_POINT ( 'NONE',  ( 13.30000000000000200, 5.699999999999999300, 2.749999999999999100 ) ) ;
#8131 = DIRECTION ( 'NONE',  ( 0.0000000000000000000, 0.0000000000000000000, -1.000000000000000000 ) ) ;
#8132 = DIRECTION ( 'NONE',  ( 1.000000000000000000, 0.0000000000000000000, 0.0000000000000000000 ) ) ;
#8133 = CARTESIAN_POINT ( 'NONE',  ( 13.30000000000000200, 2.949999999999999300, 2.850000000000000100 ) ) ;
#8134 = AXIS2_PLACEMENT_3D ( 'NONE', #8133, #8132, #8131 ) ;
#8135 = PLANE ( 'NONE',  #8134 ) ;
#8136 = FACE_OUTER_BOUND ( 'NONE', #2164, .T. ) ;
#8137 = DIRECTION ( 'NONE',  ( -6.195440985631455300E-016, -1.000000000000000000, 0.0000000000000000000 ) ) ;
#8138 = VECTOR ( 'NONE', #8137, 1000.000000000000000 ) ;
#8139 = CARTESIAN_POINT ( 'NONE',  ( 13.30500000000000300, 5.700000000000000200, -1.250000000000000900 ) ) ;
#8140 = LINE ( 'NONE', #8139, #8138 ) ;
#8141 = CARTESIAN_POINT ( 'NONE',  ( 13.30500000000000100, 2.900000000000000800, -1.250000000000000900 ) ) ;
#8142 = DIRECTION ( 'NONE',  ( -1.000000000000000000, 2.409338161078898700E-016, 0.0000000000000000000 ) ) ;
#8143 = VECTOR ( 'NONE', #8142, 1000.000000000000000 ) ;
#8144 = CARTESIAN_POINT ( 'NONE',  ( 13.30500000000000100, 2.900000000000000800, -1.250000000000000900 ) ) ;
#8145 = LINE ( 'NONE', #8144, #8143 ) ;
#8146 = DIRECTION ( 'NONE',  ( 1.000000000000000000, 0.0000000000000000000, 0.0000000000000000000 ) ) ;
#8147 = VECTOR ( 'NONE', #8146, 1000.000000000000000 ) ;
#8148 = CARTESIAN_POINT ( 'NONE',  ( 14.00000000000000000, 2.599999999999999200, -1.250000000000000900 ) ) ;
#8149 = LINE ( 'NONE', #8148, #8147 ) ;
#8150 = CARTESIAN_POINT ( 'NONE',  ( 14.00000000000000000, 2.599999999999999200, -1.250000000000000900 ) ) ;
#8151 = DIRECTION ( 'NONE',  ( 0.0000000000000000000, 1.000000000000000000, 1.224606353822377300E-016 ) ) ;
#8152 = VECTOR ( 'NONE', #8151, 1000.000000000000000 ) ;
#8153 = CARTESIAN_POINT ( 'NONE',  ( 14.00000000000000000, 2.599999999999999200, -1.250000000000000900 ) ) ;
#8154 = DIRECTION ( 'NONE',  ( 0.0000000000000000000, 0.0000000000000000000, 1.000000000000000000 ) ) ;
#8155 = VECTOR ( 'NONE', #8154, 1000.000000000000000 ) ;
#8156 = CARTESIAN_POINT ( 'NONE',  ( 14.00000000000000000, 1.799999999999998700, 0.5500000000000001600 ) ) ;
#8157 = LINE ( 'NONE', #8156, #8155 ) ;
#8158 = CARTESIAN_POINT ( 'NONE',  ( 14.00000000000000000, 1.799999999999998700, -0.4499999999999999000 ) ) ;
#8159 = DIRECTION ( 'NONE',  ( 1.000000000000000000, 0.0000000000000000000, 0.0000000000000000000 ) ) ;
#8160 = VECTOR ( 'NONE', #8159, 1000.000000000000000 ) ;
#8161 = CARTESIAN_POINT ( 'NONE',  ( 12.90000000000000000, 1.799999999999998700, -0.4499999999999999000 ) ) ;
#8162 = LINE ( 'NONE', #8161, #8160 ) ;
#8163 = CARTESIAN_POINT ( 'NONE',  ( 13.30000000000000200, 1.799999999999999600, -0.4500000000000011800 ) ) ;
#8164 = DIRECTION ( 'NONE',  ( 0.0000000000000000000, 0.0000000000000000000, 1.000000000000000000 ) ) ;
#8165 = VECTOR ( 'NONE', #8164, 1000.000000000000000 ) ;
#8166 = CARTESIAN_POINT ( 'NONE',  ( 13.30000000000000200, 1.799999999999998700, 0.5500000000000001600 ) ) ;
#8167 = LINE ( 'NONE', #8166, #8165 ) ;
#8168 = DIRECTION ( 'NONE',  ( 0.0000000000000000000, 1.000000000000000000, 0.0000000000000000000 ) ) ;
#8169 = VECTOR ( 'NONE', #8168, 1000.000000000000000 ) ;
#8170 = CARTESIAN_POINT ( 'NONE',  ( 13.30000000000000200, 9.000000000000000000, -0.5999999999999998700 ) ) ;
#8171 = LINE ( 'NONE', #8170, #8169 ) ;
#8172 = DIRECTION ( 'NONE',  ( -1.000000000000000000, 0.0000000000000000000, 0.0000000000000000000 ) ) ;
#8173 = VECTOR ( 'NONE', #8172, 1000.000000000000000 ) ;
#8174 = CARTESIAN_POINT ( 'NONE',  ( 14.00000000000000000, 7.200000000000000200, -1.250000000000000200 ) ) ;
#8175 = LINE ( 'NONE', #8174, #8173 ) ;
#8176 = CARTESIAN_POINT ( 'NONE',  ( 13.30500000000000300, 5.700000000000000200, -1.250000000000000400 ) ) ;
#8177 = DIRECTION ( 'NONE',  ( -1.000000000000000000, 2.409338161078898700E-016, 0.0000000000000000000 ) ) ;
#8178 = VECTOR ( 'NONE', #8177, 1000.000000000000000 ) ;
#8179 = CARTESIAN_POINT ( 'NONE',  ( 13.30500000000000300, 5.700000000000000200, -1.250000000000000900 ) ) ;
#8180 = LINE ( 'NONE', #8179, #8178 ) ;
#8181 = DIRECTION ( 'NONE',  ( 0.0000000000000000000, -1.000000000000000000, -1.224606353822377300E-016 ) ) ;
#8182 = DIRECTION ( 'NONE',  ( 0.0000000000000000000, -1.224606353822377300E-016, 1.000000000000000000 ) ) ;
#8183 = CARTESIAN_POINT ( 'NONE',  ( 14.00000000000000000, 2.599999999999999200, -1.250000000000000900 ) ) ;
#8184 = AXIS2_PLACEMENT_3D ( 'NONE', #8183, #8182, #8181 ) ;
#8185 = PLANE ( 'NONE',  #8184 ) ;
#8186 = CARTESIAN_POINT ( 'NONE',  ( 14.00000000000000000, 3.699999999999996600, 1.850000000000000100 ) ) ;
#8187 = DIRECTION ( 'NONE',  ( 0.0000000000000000000, 0.8253072612498315600, 0.5646839155919904900 ) ) ;
#8188 = VECTOR ( 'NONE', #8187, 1000.000000000000000 ) ;
#8189 = CARTESIAN_POINT ( 'NONE',  ( 14.00000000000000000, 3.699999999999996600, 1.850000000000000100 ) ) ;
#8190 = LINE ( 'NONE', #8189, #8188 ) ;
#8191 = CARTESIAN_POINT ( 'NONE',  ( 14.00000000000000000, 1.799999999999998700, 0.5500000000000001600 ) ) ;
#8192 = DIRECTION ( 'NONE',  ( 1.000000000000000000, 0.0000000000000000000, 0.0000000000000000000 ) ) ;
#8193 = VECTOR ( 'NONE', #8192, 1000.000000000000000 ) ;
#8194 = CARTESIAN_POINT ( 'NONE',  ( 12.90000000000000000, 1.799999999999998700, 0.5500000000000001600 ) ) ;
#8195 = LINE ( 'NONE', #8194, #8193 ) ;
#8196 = CARTESIAN_POINT ( 'NONE',  ( 13.30000000000000200, 3.699999999999996600, 1.850000000000000100 ) ) ;
#8197 = CARTESIAN_POINT ( 'NONE',  ( 13.30000000000000200, 1.799999999999998700, 0.5500000000000001600 ) ) ;
#8198 = DIRECTION ( 'NONE',  ( 0.0000000000000000000, 0.8253072612498315600, 0.5646839155919904900 ) ) ;
#8199 = VECTOR ( 'NONE', #8198, 1000.000000000000000 ) ;
#8200 = CARTESIAN_POINT ( 'NONE',  ( 13.30000000000000200, 3.655188679245281700, 1.819339622641511100 ) ) ;
#8201 = LINE ( 'NONE', #8200, #8199 ) ;
#8202 = DIRECTION ( 'NONE',  ( 0.0000000000000000000, 0.8253072612498315600, 0.5646839155919904900 ) ) ;
#8203 = DIRECTION ( 'NONE',  ( 0.0000000000000000000, 0.5646839155919904900, -0.8253072612498315600 ) ) ;
#8204 = CARTESIAN_POINT ( 'NONE',  ( 12.90000000000000000, 3.699999999999996600, 1.850000000000000100 ) ) ;
#8205 = AXIS2_PLACEMENT_3D ( 'NONE', #8204, #8203, #8202 ) ;
#8206 = PLANE ( 'NONE',  #8205 ) ;
#8207 = FACE_OUTER_BOUND ( 'NONE', #2196, .T. ) ;
#8208 = DIRECTION ( 'NONE',  ( 0.0000000000000000000, 1.000000000000000000, 0.0000000000000000000 ) ) ;
#8209 = VECTOR ( 'NONE', #8208, 1000.000000000000000 ) ;
#8210 = CARTESIAN_POINT ( 'NONE',  ( 12.90000000000000400, 2.949999999999999300, 2.850000000000000100 ) ) ;
#8211 = LINE ( 'NONE', #8210, #8209 ) ;
#8212 = DIRECTION ( 'NONE',  ( -1.000000000000000000, 0.0000000000000000000, 0.0000000000000000000 ) ) ;
#8213 = DIRECTION ( 'NONE',  ( 0.0000000000000000000, 0.0000000000000000000, -1.000000000000000000 ) ) ;
#8214 = CARTESIAN_POINT ( 'NONE',  ( 12.90000000000000000, 1.799999999999998700, -0.4499999999999999000 ) ) ;
#8215 = AXIS2_PLACEMENT_3D ( 'NONE', #8214, #8213, #8212 ) ;
#8216 = PLANE ( 'NONE',  #8215 ) ;
#8217 = FACE_OUTER_BOUND ( 'NONE', #2192, .T. ) ;
#8218 = DIRECTION ( 'NONE',  ( 0.0000000000000000000, 0.0000000000000000000, 1.000000000000000000 ) ) ;
#8219 = VECTOR ( 'NONE', #8218, 1000.000000000000000 ) ;
#8220 = CARTESIAN_POINT ( 'NONE',  ( 13.30000000000000200, 3.699999999999996600, 2.850000000000000100 ) ) ;
#8221 = LINE ( 'NONE', #8220, #8219 ) ;
#8222 = CARTESIAN_POINT ( 'NONE',  ( 13.30000000000000200, 3.699999999999996600, 2.749999999999999100 ) ) ;
#8223 = DIRECTION ( 'NONE',  ( 0.0000000000000000000, -1.000000000000000000, 0.0000000000000000000 ) ) ;
#8224 = VECTOR ( 'NONE', #8223, 1000.000000000000000 ) ;
#8225 = CARTESIAN_POINT ( 'NONE',  ( 13.30000000000000200, -1.734723475976807100E-015, 2.749999999999999100 ) ) ;
#8226 = LINE ( 'NONE', #8225, #8224 ) ;
#8227 = DIRECTION ( 'NONE',  ( 0.0000000000000000000, -1.000000000000000000, 0.0000000000000000000 ) ) ;
#8228 = VECTOR ( 'NONE', #8227, 1000.000000000000000 ) ;
#8229 = CARTESIAN_POINT ( 'NONE',  ( 12.90000000000000400, -1.734723475976807100E-015, 2.749999999999999100 ) ) ;
#8230 = LINE ( 'NONE', #8229, #8228 ) ;
#8231 = DIRECTION ( 'NONE',  ( 0.0000000000000000000, 0.0000000000000000000, 1.000000000000000000 ) ) ;
#8232 = DIRECTION ( 'NONE',  ( -1.000000000000000000, 0.0000000000000000000, 0.0000000000000000000 ) ) ;
#8233 = CARTESIAN_POINT ( 'NONE',  ( 12.90000000000000400, 2.949999999999999300, 2.850000000000000100 ) ) ;
#8234 = AXIS2_PLACEMENT_3D ( 'NONE', #8233, #8232, #8231 ) ;
#8235 = PLANE ( 'NONE',  #8234 ) ;
#8236 = FACE_OUTER_BOUND ( 'NONE', #2216, .T. ) ;
#8237 = DIRECTION ( 'NONE',  ( 0.0000000000000000000, 0.0000000000000000000, -1.000000000000000000 ) ) ;
#8238 = VECTOR ( 'NONE', #8237, 1000.000000000000000 ) ;
#8239 = CARTESIAN_POINT ( 'NONE',  ( 12.90000000000000400, 5.699999999999999300, 2.850000000000000100 ) ) ;
#8240 = LINE ( 'NONE', #8239, #8238 ) ;
#8241 = CARTESIAN_POINT ( 'NONE',  ( 12.90000000000000400, 5.699999999999999300, 2.850000000000000100 ) ) ;
#8242 = DIRECTION ( 'NONE',  ( 1.000000000000000000, 0.0000000000000000000, 0.0000000000000000000 ) ) ;
#8243 = VECTOR ( 'NONE', #8242, 1000.000000000000000 ) ;
#8244 = CARTESIAN_POINT ( 'NONE',  ( 13.30000000000000200, 5.699999999999999300, 2.850000000000000100 ) ) ;
#8245 = LINE ( 'NONE', #8244, #8243 ) ;
#8246 = DIRECTION ( 'NONE',  ( -1.000000000000000000, 0.0000000000000000000, 0.0000000000000000000 ) ) ;
#8247 = VECTOR ( 'NONE', #8246, 1000.000000000000000 ) ;
#8248 = CARTESIAN_POINT ( 'NONE',  ( 13.30000000000000200, 5.699999999999999300, 2.749999999999999100 ) ) ;
#8249 = LINE ( 'NONE', #8248, #8247 ) ;
#8250 = DIRECTION ( 'NONE',  ( 0.0000000000000000000, 0.0000000000000000000, 1.000000000000000000 ) ) ;
#8251 = VECTOR ( 'NONE', #8250, 1000.000000000000000 ) ;
#8252 = CARTESIAN_POINT ( 'NONE',  ( -14.00000000000000000, 3.699999999999996600, 2.850000000000000100 ) ) ;
#8253 = LINE ( 'NONE', #8252, #8251 ) ;
#8254 = DIRECTION ( 'NONE',  ( 0.0000000000000000000, 0.0000000000000000000, 1.000000000000000000 ) ) ;
#8255 = DIRECTION ( 'NONE',  ( -1.000000000000000000, 0.0000000000000000000, 0.0000000000000000000 ) ) ;
#8256 = CARTESIAN_POINT ( 'NONE',  ( -14.00000000000000000, 0.09999999999999939500, -2.850000000000000100 ) ) ;
#8257 = AXIS2_PLACEMENT_3D ( 'NONE', #8256, #8255, #8254 ) ;
#8258 = PLANE ( 'NONE',  #8257 ) ;
#8259 = FACE_OUTER_BOUND ( 'NONE', #2240, .T. ) ;
#8260 = DIRECTION ( 'NONE',  ( 0.0000000000000000000, 1.000000000000000000, 1.224606353822377300E-016 ) ) ;
#8261 = VECTOR ( 'NONE', #8260, 1000.000000000000000 ) ;
#8262 = CARTESIAN_POINT ( 'NONE',  ( -5.700000000000000200, 0.09999999999999939500, 2.849999999999999200 ) ) ;
#8263 = LINE ( 'NONE', #8262, #8261 ) ;
#8264 = CARTESIAN_POINT ( 'NONE',  ( -13.30000000000000200, 3.699999999999995700, 2.749999999999999100 ) ) ;
#8265 = DIRECTION ( 'NONE',  ( 0.0000000000000000000, 0.0000000000000000000, 1.000000000000000000 ) ) ;
#8266 = VECTOR ( 'NONE', #8265, 1000.000000000000000 ) ;
#8267 = CARTESIAN_POINT ( 'NONE',  ( -13.30000000000000200, 3.699999999999996600, 2.850000000000000100 ) ) ;
#8268 = LINE ( 'NONE', #8267, #8266 ) ;
#8269 = DIRECTION ( 'NONE',  ( 0.0000000000000000000, 0.0000000000000000000, 1.000000000000000000 ) ) ;
#8270 = DIRECTION ( 'NONE',  ( -1.000000000000000000, 0.0000000000000000000, 0.0000000000000000000 ) ) ;
#8271 = CARTESIAN_POINT ( 'NONE',  ( -13.30000000000000200, 2.949999999999999300, 2.850000000000000100 ) ) ;
#8272 = AXIS2_PLACEMENT_3D ( 'NONE', #8271, #8270, #8269 ) ;
#8273 = PLANE ( 'NONE',  #8272 ) ;
#8274 = FACE_OUTER_BOUND ( 'NONE', #2232, .T. ) ;
#8275 = DIRECTION ( 'NONE',  ( 0.0000000000000000000, -1.224606353822377500E-016, 1.000000000000000000 ) ) ;
#8276 = VECTOR ( 'NONE', #8275, 1000.000000000000000 ) ;
#8277 = CARTESIAN_POINT ( 'NONE',  ( -14.00000000000000000, 2.599999999999999200, -2.850000000000000500 ) ) ;
#8278 = LINE ( 'NONE', #8277, #8276 ) ;
#8279 = CARTESIAN_POINT ( 'NONE',  ( -14.00000000000000000, 2.599999999999999200, -1.250000000000000900 ) ) ;
#8280 = DIRECTION ( 'NONE',  ( 0.0000000000000000000, 1.000000000000000000, 1.224606353822377300E-016 ) ) ;
#8281 = VECTOR ( 'NONE', #8280, 1000.000000000000000 ) ;
#8282 = CARTESIAN_POINT ( 'NONE',  ( -14.00000000000000000, 2.599999999999999200, -1.250000000000000900 ) ) ;
#8283 = LINE ( 'NONE', #8282, #8281 ) ;
#8284 = CARTESIAN_POINT ( 'NONE',  ( 12.90000000000000000, 1.799999999999998700, 0.5500000000000001600 ) ) ;
#8285 = AXIS2_PLACEMENT_3D ( 'NONE', #8284, #8346, #8345 ) ;
#8286 = PLANE ( 'NONE',  #8285 ) ;
#8287 = FACE_OUTER_BOUND ( 'NONE', #2263, .T. ) ;
#8288 = DIRECTION ( 'NONE',  ( 1.000000000000000000, 0.0000000000000000000, 0.0000000000000000000 ) ) ;
#8289 = VECTOR ( 'NONE', #8288, 1000.000000000000000 ) ;
#8290 = CARTESIAN_POINT ( 'NONE',  ( 12.90000000000000000, 3.699999999999996600, 1.850000000000000100 ) ) ;
#8291 = LINE ( 'NONE', #8290, #8289 ) ;
#8292 = DIRECTION ( 'NONE',  ( 0.0000000000000000000, 1.000000000000000000, 3.142614992711606900E-016 ) ) ;
#8293 = VECTOR ( 'NONE', #8292, 1000.000000000000000 ) ;
#8294 = CARTESIAN_POINT ( 'NONE',  ( -7.900000000000000400, 0.09999999999999939500, 2.849999999999997400 ) ) ;
#8295 = LINE ( 'NONE', #8294, #8293 ) ;
#8296 = CARTESIAN_POINT ( 'NONE',  ( -7.900000000000002100, 7.199999999999998400, 2.850000000000000100 ) ) ;
#8297 = CARTESIAN_POINT ( 'NONE',  ( -5.700000000000000200, 7.199999999999998400, 2.850000000000000100 ) ) ;
#8298 = DIRECTION ( 'NONE',  ( -1.000000000000000000, 0.0000000000000000000, 0.0000000000000000000 ) ) ;
#8299 = VECTOR ( 'NONE', #8298, 1000.000000000000000 ) ;
#8300 = CARTESIAN_POINT ( 'NONE',  ( 14.00000000000000000, 7.199999999999998400, 2.850000000000000100 ) ) ;
#8301 = LINE ( 'NONE', #8300, #8299 ) ;
#8302 = DIRECTION ( 'NONE',  ( 0.0000000000000000000, 1.000000000000000000, 1.221636250687892700E-016 ) ) ;
#8303 = DIRECTION ( 'NONE',  ( 0.0000000000000000000, 1.221636250687892700E-016, -1.000000000000000000 ) ) ;
#8304 = CARTESIAN_POINT ( 'NONE',  ( 14.00000000000000000, 7.199999999999998400, 2.850000000000000100 ) ) ;
#8305 = AXIS2_PLACEMENT_3D ( 'NONE', #8304, #8303, #8302 ) ;
#8306 = PLANE ( 'NONE',  #8305 ) ;
#8307 = FACE_OUTER_BOUND ( 'NONE', #2254, .T. ) ;
#8308 = DIRECTION ( 'NONE',  ( 0.0000000000000000000, 1.000000000000000000, 0.0000000000000000000 ) ) ;
#8309 = VECTOR ( 'NONE', #8308, 1000.000000000000000 ) ;
#8310 = CARTESIAN_POINT ( 'NONE',  ( 14.00000000000000000, 1.799999999999998700, -0.4499999999999999000 ) ) ;
#8311 = LINE ( 'NONE', #8310, #8309 ) ;
#8312 = DIRECTION ( 'NONE',  ( 0.0000000000000000000, 1.000000000000000000, 0.0000000000000000000 ) ) ;
#8313 = VECTOR ( 'NONE', #8312, 1000.000000000000000 ) ;
#8314 = CARTESIAN_POINT ( 'NONE',  ( 13.30000000000000200, 1.799999999999998700, -0.4499999999999999000 ) ) ;
#8315 = LINE ( 'NONE', #8314, #8313 ) ;
#8316 = PLANE ( 'NONE',  #8381 ) ;
#8317 = FACE_OUTER_BOUND ( 'NONE', #2288, .T. ) ;
#8318 = DIRECTION ( 'NONE',  ( 0.0000000000000000000, -1.000000000000000000, -1.221636250687892700E-016 ) ) ;
#8319 = VECTOR ( 'NONE', #8318, 1000.000000000000000 ) ;
#8320 = CARTESIAN_POINT ( 'NONE',  ( 14.00000000000000000, 7.199999999999998400, 2.850000000000000100 ) ) ;
#8321 = LINE ( 'NONE', #8320, #8319 ) ;
#8322 = CARTESIAN_POINT ( 'NONE',  ( 14.00000000000000000, 3.699999999999996600, 2.850000000000000100 ) ) ;
#8323 = DIRECTION ( 'NONE',  ( 1.000000000000000000, 0.0000000000000000000, 0.0000000000000000000 ) ) ;
#8324 = VECTOR ( 'NONE', #8323, 1000.000000000000000 ) ;
#8325 = CARTESIAN_POINT ( 'NONE',  ( 12.90000000000000000, 3.699999999999996600, 2.850000000000000100 ) ) ;
#8326 = LINE ( 'NONE', #8325, #8324 ) ;
#8327 = DIRECTION ( 'NONE',  ( 0.0000000000000000000, -3.142614992711606900E-016, 1.000000000000000000 ) ) ;
#8328 = VECTOR ( 'NONE', #8327, 1000.000000000000000 ) ;
#8329 = CARTESIAN_POINT ( 'NONE',  ( 14.00000000000000000, 7.199999999999999300, -0.5999999999999998700 ) ) ;
#8330 = LINE ( 'NONE', #8329, #8328 ) ;
#8331 = DIRECTION ( 'NONE',  ( 0.0000000000000000000, 2.551063935260000100E-016, -1.000000000000000000 ) ) ;
#8332 = VECTOR ( 'NONE', #8331, 1000.000000000000000 ) ;
#8333 = CARTESIAN_POINT ( 'NONE',  ( 10.85000000000000000, 7.199999999999998400, 2.850000000000000100 ) ) ;
#8334 = LINE ( 'NONE', #8333, #8332 ) ;
#8335 = CARTESIAN_POINT ( 'NONE',  ( 10.85000000000000000, 7.199999999999998400, 1.999999999999996700 ) ) ;
#8336 = DIRECTION ( 'NONE',  ( -1.000000000000000000, 0.0000000000000000000, 0.0000000000000000000 ) ) ;
#8337 = VECTOR ( 'NONE', #8336, 1000.000000000000000 ) ;
#8338 = CARTESIAN_POINT ( 'NONE',  ( 7.900000000000000400, 7.199999999999998400, 1.999999999999996700 ) ) ;
#8339 = LINE ( 'NONE', #8338, #8337 ) ;
#8340 = DIRECTION ( 'NONE',  ( 0.0000000000000000000, -2.551063935260000100E-016, 1.000000000000000000 ) ) ;
#8341 = VECTOR ( 'NONE', #8340, 1000.000000000000000 ) ;
#8342 = CARTESIAN_POINT ( 'NONE',  ( 7.900000000000000400, 7.199999999999998400, 2.850000000000000100 ) ) ;
#8343 = LINE ( 'NONE', #8342, #8341 ) ;
#8344 = CARTESIAN_POINT ( 'NONE',  ( 7.349999999999999600, 7.199999999999998400, 1.049999999999998000 ) ) ;
#8345 = DIRECTION ( 'NONE',  ( 0.0000000000000000000, 0.0000000000000000000, 1.000000000000000000 ) ) ;
#8346 = DIRECTION ( 'NONE',  ( 0.0000000000000000000, 1.000000000000000000, 0.0000000000000000000 ) ) ;
#8347 = CARTESIAN_POINT ( 'NONE',  ( -14.00000000000000000, 7.199999999999999300, -1.250000000000000200 ) ) ;
#8348 = DIRECTION ( 'NONE',  ( 0.0000000000000000000, -3.142614992711606900E-016, 1.000000000000000000 ) ) ;
#8349 = VECTOR ( 'NONE', #8348, 1000.000000000000000 ) ;
#8350 = CARTESIAN_POINT ( 'NONE',  ( -14.00000000000000000, 7.199999999999999300, -0.5999999999999998700 ) ) ;
#8351 = LINE ( 'NONE', #8350, #8349 ) ;
#8352 = DIRECTION ( 'NONE',  ( 0.0000000000000000000, 1.000000000000000000, 3.142614992711606900E-016 ) ) ;
#8353 = VECTOR ( 'NONE', #8352, 1000.000000000000000 ) ;
#8354 = CARTESIAN_POINT ( 'NONE',  ( 10.85000000000000000, 0.09999999999999939500, 2.849999999999997400 ) ) ;
#8355 = LINE ( 'NONE', #8354, #8353 ) ;
#8356 = CARTESIAN_POINT ( 'NONE',  ( 10.85000000000000000, 7.199999999999998400, 2.850000000000000100 ) ) ;
#8357 = CARTESIAN_POINT ( 'NONE',  ( 14.00000000000000000, 7.199999999999998400, 2.850000000000000100 ) ) ;
#8358 = DIRECTION ( 'NONE',  ( -1.000000000000000000, 0.0000000000000000000, 0.0000000000000000000 ) ) ;
#8359 = VECTOR ( 'NONE', #8358, 1000.000000000000000 ) ;
#8360 = CARTESIAN_POINT ( 'NONE',  ( 14.00000000000000000, 7.199999999999998400, 2.850000000000000100 ) ) ;
#8361 = LINE ( 'NONE', #8360, #8359 ) ;
#8362 = DIRECTION ( 'NONE',  ( 0.0000000000000000000, 1.000000000000000000, 1.221636250687892700E-016 ) ) ;
#8363 = DIRECTION ( 'NONE',  ( 0.0000000000000000000, 1.221636250687892700E-016, -1.000000000000000000 ) ) ;
#8364 = CARTESIAN_POINT ( 'NONE',  ( 14.00000000000000000, 7.199999999999998400, 2.850000000000000100 ) ) ;
#8365 = AXIS2_PLACEMENT_3D ( 'NONE', #8364, #8363, #8362 ) ;
#8366 = PLANE ( 'NONE',  #8365 ) ;
#8367 = FACE_OUTER_BOUND ( 'NONE', #2298, .T. ) ;
#8368 = DIRECTION ( 'NONE',  ( 0.0000000000000000000, 0.0000000000000000000, -1.000000000000000000 ) ) ;
#8369 = VECTOR ( 'NONE', #8368, 1000.000000000000000 ) ;
#8370 = CARTESIAN_POINT ( 'NONE',  ( -13.30000000000000200, 5.699999999999999300, 2.850000000000000100 ) ) ;
#8371 = LINE ( 'NONE', #8370, #8369 ) ;
#8372 = CARTESIAN_POINT ( 'NONE',  ( -13.30000000000000200, 5.699999999999999300, 2.749999999999999100 ) ) ;
#8373 = DIRECTION ( 'NONE',  ( 0.0000000000000000000, -1.000000000000000000, 0.0000000000000000000 ) ) ;
#8374 = VECTOR ( 'NONE', #8373, 1000.000000000000000 ) ;
#8375 = CARTESIAN_POINT ( 'NONE',  ( -13.30000000000000200, -1.734723475976807100E-015, 2.749999999999999100 ) ) ;
#8376 = LINE ( 'NONE', #8375, #8374 ) ;
#8377 = CARTESIAN_POINT ( 'NONE',  ( 7.900000000000000400, 7.199999999999998400, 1.999999999999996700 ) ) ;
#8378 = DIRECTION ( 'NONE',  ( 0.0000000000000000000, 3.142614992711606900E-016, -1.000000000000000000 ) ) ;
#8379 = DIRECTION ( 'NONE',  ( 0.0000000000000000000, -1.000000000000000000, -3.142614992711606900E-016 ) ) ;
#8380 = CARTESIAN_POINT ( 'NONE',  ( 14.00000000000000000, 7.199999999999999300, -0.5999999999999998700 ) ) ;
#8381 = AXIS2_PLACEMENT_3D ( 'NONE', #8380, #8379, #8378 ) ;
#8382 = LINE ( 'NONE', #8443, #8442 ) ;
#8383 = CARTESIAN_POINT ( 'NONE',  ( -12.20000000000000100, 7.199999999999999300, -0.5999999999999998700 ) ) ;
#8384 = DIRECTION ( 'NONE',  ( 0.0000000000000000000, 3.142614992711606900E-016, -1.000000000000000000 ) ) ;
#8385 = VECTOR ( 'NONE', #8384, 1000.000000000000000 ) ;
#8386 = CARTESIAN_POINT ( 'NONE',  ( -12.20000000000000100, 7.199999999999999300, -0.5999999999999998700 ) ) ;
#8387 = LINE ( 'NONE', #8386, #8385 ) ;
#8388 = CARTESIAN_POINT ( 'NONE',  ( -12.19999999999999900, 7.199999999999999300, 2.149999999999996400 ) ) ;
#8389 = DIRECTION ( 'NONE',  ( 1.000000000000000000, 0.0000000000000000000, 0.0000000000000000000 ) ) ;
#8390 = VECTOR ( 'NONE', #8389, 1000.000000000000000 ) ;
#8391 = CARTESIAN_POINT ( 'NONE',  ( -12.19999999999999900, 7.199999999999999300, 2.149999999999996400 ) ) ;
#8392 = LINE ( 'NONE', #8391, #8390 ) ;
#8393 = CARTESIAN_POINT ( 'NONE',  ( -11.40000000000000000, 7.199999999999999300, 2.149999999999996400 ) ) ;
#8394 = DIRECTION ( 'NONE',  ( 0.0000000000000000000, 1.971276677246372800E-016, -1.000000000000000000 ) ) ;
#8395 = VECTOR ( 'NONE', #8394, 1000.000000000000000 ) ;
#8396 = CARTESIAN_POINT ( 'NONE',  ( -11.40000000000000000, 7.200000000000000200, 1.049999999999997200 ) ) ;
#8397 = LINE ( 'NONE', #8396, #8395 ) ;
#8398 = DIRECTION ( 'NONE',  ( 0.0000000000000000000, -3.097720492815724700E-016, 1.000000000000000000 ) ) ;
#8399 = VECTOR ( 'NONE', #8398, 1000.000000000000000 ) ;
#8400 = CARTESIAN_POINT ( 'NONE',  ( -7.349999999999998800, 7.199999999999998400, 1.749999999999998900 ) ) ;
#8401 = LINE ( 'NONE', #8400, #8399 ) ;
#8402 = CARTESIAN_POINT ( 'NONE',  ( -7.349999999999998800, 7.199999999999998400, 1.749999999999998900 ) ) ;
#8403 = DIRECTION ( 'NONE',  ( 1.000000000000000000, 0.0000000000000000000, 0.0000000000000000000 ) ) ;
#8404 = VECTOR ( 'NONE', #8403, 1000.000000000000000 ) ;
#8405 = CARTESIAN_POINT ( 'NONE',  ( -6.250000000000000000, 7.199999999999998400, 1.749999999999998900 ) ) ;
#8406 = LINE ( 'NONE', #8405, #8404 ) ;
#8407 = CARTESIAN_POINT ( 'NONE',  ( -10.85000000000000000, 7.199999999999998400, 1.999999999999998200 ) ) ;
#8408 = DIRECTION ( 'NONE',  ( 0.0000000000000000000, -2.551063935260005100E-016, 1.000000000000000000 ) ) ;
#8409 = VECTOR ( 'NONE', #8408, 1000.000000000000000 ) ;
#8410 = CARTESIAN_POINT ( 'NONE',  ( -10.85000000000000000, 7.199999999999998400, 2.850000000000000100 ) ) ;
#8411 = LINE ( 'NONE', #8410, #8409 ) ;
#8412 = VECTOR ( 'NONE', #8476, 1000.000000000000000 ) ;
#8413 = CARTESIAN_POINT ( 'NONE',  ( 12.19999999999999900, 7.199999999999999300, -0.5999999999999998700 ) ) ;
#8414 = LINE ( 'NONE', #8413, #8412 ) ;
#8415 = CARTESIAN_POINT ( 'NONE',  ( 12.19999999999999900, 7.199999999999999300, -0.5999999999999998700 ) ) ;
#8416 = DIRECTION ( 'NONE',  ( -1.000000000000000000, 0.0000000000000000000, 0.0000000000000000000 ) ) ;
#8417 = VECTOR ( 'NONE', #8416, 1000.000000000000000 ) ;
#8418 = CARTESIAN_POINT ( 'NONE',  ( 14.00000000000000000, 7.199999999999999300, -0.5999999999999998700 ) ) ;
#8419 = LINE ( 'NONE', #8418, #8417 ) ;
#8420 = CARTESIAN_POINT ( 'NONE',  ( -6.250000000000000000, 7.199999999999998400, 1.749999999999998900 ) ) ;
#8421 = DIRECTION ( 'NONE',  ( 0.0000000000000000000, 4.336808689941999000E-016, -1.000000000000000000 ) ) ;
#8422 = VECTOR ( 'NONE', #8421, 1000.000000000000000 ) ;
#8423 = CARTESIAN_POINT ( 'NONE',  ( -6.250000000000000000, 7.199999999999998400, 1.249999999999996700 ) ) ;
#8424 = LINE ( 'NONE', #8423, #8422 ) ;
#8425 = CARTESIAN_POINT ( 'NONE',  ( -6.250000000000000000, 7.199999999999998400, 1.249999999999996700 ) ) ;
#8426 = DIRECTION ( 'NONE',  ( 1.000000000000000000, 0.0000000000000000000, 0.0000000000000000000 ) ) ;
#8427 = VECTOR ( 'NONE', #8426, 1000.000000000000000 ) ;
#8428 = CARTESIAN_POINT ( 'NONE',  ( 6.250000000000000000, 7.199999999999998400, 1.249999999999996700 ) ) ;
#8429 = LINE ( 'NONE', #8428, #8427 ) ;
#8430 = CARTESIAN_POINT ( 'NONE',  ( 6.250000000000000000, 7.199999999999998400, 1.249999999999996700 ) ) ;
#8431 = DIRECTION ( 'NONE',  ( 0.0000000000000000000, -4.336808689942021200E-016, 1.000000000000000000 ) ) ;
#8432 = VECTOR ( 'NONE', #8431, 1000.000000000000000 ) ;
#8433 = CARTESIAN_POINT ( 'NONE',  ( 6.250000000000000000, 7.199999999999998400, 1.749999999999996400 ) ) ;
#8434 = LINE ( 'NONE', #8433, #8432 ) ;
#8435 = CARTESIAN_POINT ( 'NONE',  ( 6.250000000000000000, 7.199999999999998400, 1.749999999999996400 ) ) ;
#8436 = DIRECTION ( 'NONE',  ( 1.000000000000000000, 0.0000000000000000000, 0.0000000000000000000 ) ) ;
#8437 = VECTOR ( 'NONE', #8436, 1000.000000000000000 ) ;
#8438 = CARTESIAN_POINT ( 'NONE',  ( 7.349999999999999600, 7.199999999999998400, 1.749999999999996400 ) ) ;
#8439 = LINE ( 'NONE', #8438, #8437 ) ;
#8440 = CARTESIAN_POINT ( 'NONE',  ( 7.349999999999999600, 7.199999999999998400, 1.749999999999996400 ) ) ;
#8441 = DIRECTION ( 'NONE',  ( 0.0000000000000000000, 3.097720492815734100E-016, -1.000000000000000000 ) ) ;
#8442 = VECTOR ( 'NONE', #8441, 1000.000000000000000 ) ;
#8443 = CARTESIAN_POINT ( 'NONE',  ( 7.349999999999999600, 7.199999999999998400, 1.049999999999998000 ) ) ;
#8444 = FACE_OUTER_BOUND ( 'NONE', #2366, .T. ) ;
#8445 = DIRECTION ( 'NONE',  ( 0.0000000000000000000, -3.142614992711606900E-016, 1.000000000000000000 ) ) ;
#8446 = VECTOR ( 'NONE', #8445, 1000.000000000000000 ) ;
#8447 = CARTESIAN_POINT ( 'NONE',  ( 5.700000000000000200, 7.199999999999999300, -0.5999999999999998700 ) ) ;
#8448 = LINE ( 'NONE', #8447, #8446 ) ;
#8449 = DIRECTION ( 'NONE',  ( 0.0000000000000000000, -1.224606353822377000E-016, 1.000000000000000000 ) ) ;
#8450 = CARTESIAN_POINT ( 'NONE',  ( 12.19999999999999900, 9.000000000000000000, -1.750000000000002900 ) ) ;
#8451 = DIRECTION ( 'NONE',  ( 0.0000000000000000000, 1.224606353822377300E-016, -1.000000000000000000 ) ) ;
#8452 = DIRECTION ( 'NONE',  ( 0.0000000000000000000, -1.000000000000000000, -1.224606353822377300E-016 ) ) ;
#8453 = CARTESIAN_POINT ( 'NONE',  ( 14.00000000000000000, 9.000000000000000000, -2.850000000000000100 ) ) ;
#8454 = AXIS2_PLACEMENT_3D ( 'NONE', #8453, #8452, #8451 ) ;
#8455 = PLANE ( 'NONE',  #8454 ) ;
#8456 = FACE_OUTER_BOUND ( 'NONE', #2361, .T. ) ;
#8457 = DIRECTION ( 'NONE',  ( 0.0000000000000000000, -1.000000000000000000, 0.0000000000000000000 ) ) ;
#8458 = VECTOR ( 'NONE', #8457, 1000.000000000000000 ) ;
#8459 = CARTESIAN_POINT ( 'NONE',  ( -13.30000000000000400, 9.000000000000000000, -0.5999999999999998700 ) ) ;
#8460 = LINE ( 'NONE', #8459, #8458 ) ;
#8461 = DIRECTION ( 'NONE',  ( -1.000000000000000000, 0.0000000000000000000, 0.0000000000000000000 ) ) ;
#8462 = VECTOR ( 'NONE', #8461, 1000.000000000000000 ) ;
#8463 = CARTESIAN_POINT ( 'NONE',  ( 14.00000000000000000, 7.199999999999999300, 1.049999999999996700 ) ) ;
#8464 = LINE ( 'NONE', #8463, #8462 ) ;
#8465 = CARTESIAN_POINT ( 'NONE',  ( 11.40000000000000000, 7.200000000000000200, 1.049999999999997200 ) ) ;
#8466 = DIRECTION ( 'NONE',  ( 0.0000000000000000000, -1.971276677246372800E-016, 1.000000000000000000 ) ) ;
#8467 = VECTOR ( 'NONE', #8466, 1000.000000000000000 ) ;
#8468 = CARTESIAN_POINT ( 'NONE',  ( 11.40000000000000000, 7.200000000000000200, 1.049999999999997200 ) ) ;
#8469 = LINE ( 'NONE', #8468, #8467 ) ;
#8470 = CARTESIAN_POINT ( 'NONE',  ( 11.40000000000000000, 7.199999999999999300, 2.149999999999996400 ) ) ;
#8471 = DIRECTION ( 'NONE',  ( 1.000000000000000000, 0.0000000000000000000, 0.0000000000000000000 ) ) ;
#8472 = VECTOR ( 'NONE', #8471, 1000.000000000000000 ) ;
#8473 = CARTESIAN_POINT ( 'NONE',  ( 12.19999999999999900, 7.199999999999999300, 2.149999999999996400 ) ) ;
#8474 = LINE ( 'NONE', #8473, #8472 ) ;
#8475 = CARTESIAN_POINT ( 'NONE',  ( 12.19999999999999900, 7.199999999999999300, 2.149999999999996400 ) ) ;
#8476 = DIRECTION ( 'NONE',  ( 0.0000000000000000000, -3.142614992711606900E-016, 1.000000000000000000 ) ) ;
#8477 = CARTESIAN_POINT ( 'NONE',  ( -7.900000000000000400, 7.199999999999998400, 2.850000000000000100 ) ) ;
#8478 = LINE ( 'NONE', #8477, #8539 ) ;
#8479 = CARTESIAN_POINT ( 'NONE',  ( -7.900000000000000400, 7.199999999999998400, 1.999999999999998200 ) ) ;
#8480 = DIRECTION ( 'NONE',  ( -1.000000000000000000, 0.0000000000000000000, 0.0000000000000000000 ) ) ;
#8481 = VECTOR ( 'NONE', #8480, 1000.000000000000000 ) ;
#8482 = CARTESIAN_POINT ( 'NONE',  ( -10.85000000000000000, 7.199999999999998400, 1.999999999999998200 ) ) ;
#8483 = LINE ( 'NONE', #8482, #8481 ) ;
#8484 = DIRECTION ( 'NONE',  ( 0.0000000000000000000, 0.0000000000000000000, -1.000000000000000000 ) ) ;
#8485 = VECTOR ( 'NONE', #8484, 1000.000000000000000 ) ;
#8486 = CARTESIAN_POINT ( 'NONE',  ( -11.00000000000000000, 9.000000000000000000, 2.850000000000000100 ) ) ;
#8487 = LINE ( 'NONE', #8486, #8485 ) ;
#8488 = CARTESIAN_POINT ( 'NONE',  ( -11.00000000000000000, 9.000000000000000000, -1.750000000000002900 ) ) ;
#8489 = DIRECTION ( 'NONE',  ( -1.000000000000000000, 0.0000000000000000000, 0.0000000000000000000 ) ) ;
#8490 = VECTOR ( 'NONE', #8489, 1000.000000000000000 ) ;
#8491 = CARTESIAN_POINT ( 'NONE',  ( 12.19999999999999900, 9.000000000000000000, -1.750000000000002900 ) ) ;
#8492 = LINE ( 'NONE', #8491, #8490 ) ;
#8493 = CARTESIAN_POINT ( 'NONE',  ( -12.19999999999999900, 9.000000000000000000, -1.750000000000002900 ) ) ;
#8494 = DIRECTION ( 'NONE',  ( 0.0000000000000000000, -1.224606353822377000E-016, 1.000000000000000000 ) ) ;
#8495 = VECTOR ( 'NONE', #8494, 1000.000000000000000 ) ;
#8496 = CARTESIAN_POINT ( 'NONE',  ( -12.19999999999999900, 9.000000000000000000, 1.049999999999997200 ) ) ;
#8497 = LINE ( 'NONE', #8496, #8495 ) ;
#8498 = CARTESIAN_POINT ( 'NONE',  ( -13.30000000000000200, 9.000000000000000000, -0.5999999999999998700 ) ) ;
#8499 = CARTESIAN_POINT ( 'NONE',  ( -12.19999999999999900, 9.000000000000000000, -0.5999999999999998700 ) ) ;
#8500 = DIRECTION ( 'NONE',  ( -1.000000000000000000, 0.0000000000000000000, 0.0000000000000000000 ) ) ;
#8501 = VECTOR ( 'NONE', #8500, 1000.000000000000000 ) ;
#8502 = CARTESIAN_POINT ( 'NONE',  ( 14.00000000000000000, 9.000000000000000000, -0.5999999999999998700 ) ) ;
#8503 = LINE ( 'NONE', #8502, #8501 ) ;
#8504 = DIRECTION ( 'NONE',  ( 0.0000000000000000000, 1.224606353822377300E-016, -1.000000000000000000 ) ) ;
#8505 = DIRECTION ( 'NONE',  ( 0.0000000000000000000, -1.000000000000000000, -1.224606353822377300E-016 ) ) ;
#8506 = CARTESIAN_POINT ( 'NONE',  ( 14.00000000000000000, 9.000000000000000000, -2.850000000000000100 ) ) ;
#8507 = AXIS2_PLACEMENT_3D ( 'NONE', #8506, #8505, #8504 ) ;
#8508 = PLANE ( 'NONE',  #8507 ) ;
#8509 = LINE ( 'NONE', #8572, #8571 ) ;
#8510 = DIRECTION ( 'NONE',  ( 0.0000000000000000000, 0.0000000000000000000, 1.000000000000000000 ) ) ;
#8511 = VECTOR ( 'NONE', #8510, 1000.000000000000000 ) ;
#8512 = CARTESIAN_POINT ( 'NONE',  ( 14.00000000000000000, 3.699999999999996600, 2.850000000000000100 ) ) ;
#8513 = LINE ( 'NONE', #8512, #8511 ) ;
#8514 = DIRECTION ( 'NONE',  ( -1.000000000000000000, 0.0000000000000000000, 0.0000000000000000000 ) ) ;
#8515 = VECTOR ( 'NONE', #8514, 1000.000000000000000 ) ;
#8516 = CARTESIAN_POINT ( 'NONE',  ( 14.00000000000000000, 7.200000000000000200, -1.250000000000000200 ) ) ;
#8517 = LINE ( 'NONE', #8516, #8515 ) ;
#8518 = CARTESIAN_POINT ( 'NONE',  ( -13.30000000000000200, 7.199999999999999300, -1.250000000000000200 ) ) ;
#8519 = DIRECTION ( 'NONE',  ( 0.0000000000000000000, 0.0000000000000000000, -1.000000000000000000 ) ) ;
#8520 = VECTOR ( 'NONE', #8519, 1000.000000000000000 ) ;
#8521 = CARTESIAN_POINT ( 'NONE',  ( -13.30000000000000200, 7.199999999999999300, 2.850000000000000100 ) ) ;
#8522 = LINE ( 'NONE', #8521, #8520 ) ;
#8523 = CARTESIAN_POINT ( 'NONE',  ( -13.30000000000000200, 7.199999999999999300, -0.5999999999999998700 ) ) ;
#8524 = DIRECTION ( 'NONE',  ( -1.000000000000000000, 0.0000000000000000000, 0.0000000000000000000 ) ) ;
#8525 = VECTOR ( 'NONE', #8524, 1000.000000000000000 ) ;
#8526 = CARTESIAN_POINT ( 'NONE',  ( 14.00000000000000000, 7.199999999999999300, -0.5999999999999998700 ) ) ;
#8527 = LINE ( 'NONE', #8526, #8525 ) ;
#8528 = CARTESIAN_POINT ( 'NONE',  ( 5.700000000000000200, 7.199999999999998400, 1.699999999999996600 ) ) ;
#8529 = DIRECTION ( 'NONE',  ( 1.000000000000000000, 0.0000000000000000000, 0.0000000000000000000 ) ) ;
#8530 = VECTOR ( 'NONE', #8529, 1000.000000000000000 ) ;
#8531 = CARTESIAN_POINT ( 'NONE',  ( 14.00000000000000000, 7.199999999999998400, 1.699999999999996600 ) ) ;
#8532 = LINE ( 'NONE', #8531, #8530 ) ;
#8533 = CARTESIAN_POINT ( 'NONE',  ( -5.700000000000000200, 7.199999999999998400, 1.699999999999996600 ) ) ;
#8534 = DIRECTION ( 'NONE',  ( 0.0000000000000000000, 3.142614992711606900E-016, -1.000000000000000000 ) ) ;
#8535 = VECTOR ( 'NONE', #8534, 1000.000000000000000 ) ;
#8536 = CARTESIAN_POINT ( 'NONE',  ( -5.700000000000002000, 7.199999999999999300, -0.5999999999999998700 ) ) ;
#8537 = LINE ( 'NONE', #8536, #8535 ) ;
#8538 = DIRECTION ( 'NONE',  ( 0.0000000000000000000, 2.551063935260005100E-016, -1.000000000000000000 ) ) ;
#8539 = VECTOR ( 'NONE', #8538, 1000.000000000000000 ) ;
#8540 = DIRECTION ( 'NONE',  ( -1.000000000000000000, 0.0000000000000000000, 0.0000000000000000000 ) ) ;
#8541 = VECTOR ( 'NONE', #8540, 1000.000000000000000 ) ;
#8542 = CARTESIAN_POINT ( 'NONE',  ( 14.00000000000000000, 9.000000000000000000, -0.5999999999999998700 ) ) ;
#8543 = LINE ( 'NONE', #8542, #8541 ) ;
#8544 = CARTESIAN_POINT ( 'NONE',  ( 12.19999999999999900, 9.000000000000000000, -0.5999999999999998700 ) ) ;
#8545 = DIRECTION ( 'NONE',  ( 0.0000000000000000000, 1.224606353822377000E-016, -1.000000000000000000 ) ) ;
#8546 = VECTOR ( 'NONE', #8545, 1000.000000000000000 ) ;
#8547 = CARTESIAN_POINT ( 'NONE',  ( 12.19999999999999900, 9.000000000000000000, 1.049999999999997200 ) ) ;
#8548 = LINE ( 'NONE', #8547, #8546 ) ;
#8549 = CARTESIAN_POINT ( 'NONE',  ( 11.00000000000000000, 9.000000000000000000, -1.750000000000002900 ) ) ;
#8550 = DIRECTION ( 'NONE',  ( -1.000000000000000000, 0.0000000000000000000, 0.0000000000000000000 ) ) ;
#8551 = VECTOR ( 'NONE', #8550, 1000.000000000000000 ) ;
#8552 = CARTESIAN_POINT ( 'NONE',  ( 12.19999999999999900, 9.000000000000000000, -1.750000000000002900 ) ) ;
#8553 = LINE ( 'NONE', #8552, #8551 ) ;
#8554 = CARTESIAN_POINT ( 'NONE',  ( 7.000000000000000900, 7.199999999999999300, -1.750000000000002400 ) ) ;
#8555 = DIRECTION ( 'NONE',  ( 1.000000000000000000, 0.0000000000000000000, 0.0000000000000000000 ) ) ;
#8556 = VECTOR ( 'NONE', #8555, 1000.000000000000000 ) ;
#8557 = CARTESIAN_POINT ( 'NONE',  ( 14.00000000000000000, 7.200000000000000200, -1.750000000000003100 ) ) ;
#8558 = LINE ( 'NONE', #8557, #8556 ) ;
#8559 = CARTESIAN_POINT ( 'NONE',  ( -7.000000000000000900, 7.200000000000000200, -1.750000000000003100 ) ) ;
#8560 = DIRECTION ( 'NONE',  ( 0.0000000000000000000, 0.0000000000000000000, -1.000000000000000000 ) ) ;
#8561 = VECTOR ( 'NONE', #8560, 1000.000000000000000 ) ;
#8562 = CARTESIAN_POINT ( 'NONE',  ( -7.000000000000000000, 7.199999999999999300, 2.850000000000000100 ) ) ;
#8563 = LINE ( 'NONE', #8562, #8561 ) ;
#8564 = DIRECTION ( 'NONE',  ( 0.0000000000000000000, 3.142614992711606900E-016, -1.000000000000000000 ) ) ;
#8565 = DIRECTION ( 'NONE',  ( 0.0000000000000000000, -1.000000000000000000, -3.142614992711606900E-016 ) ) ;
#8566 = CARTESIAN_POINT ( 'NONE',  ( 14.00000000000000000, 7.199999999999999300, -0.5999999999999998700 ) ) ;
#8567 = AXIS2_PLACEMENT_3D ( 'NONE', #8566, #8565, #8564 ) ;
#8568 = PLANE ( 'NONE',  #8567 ) ;
#8569 = FACE_OUTER_BOUND ( 'NONE', #2414, .T. ) ;
#8570 = DIRECTION ( 'NONE',  ( 0.0000000000000000000, -1.000000000000000000, 0.0000000000000000000 ) ) ;
#8571 = VECTOR ( 'NONE', #8570, 1000.000000000000000 ) ;
#8572 = CARTESIAN_POINT ( 'NONE',  ( 12.19999999999999900, 9.000000000000000000, -0.5999999999999998700 ) ) ;
#8573 = DIRECTION ( 'NONE',  ( 0.0000000000000000000, 0.0000000000000000000, -1.000000000000000000 ) ) ;
#8574 = VECTOR ( 'NONE', #8573, 1000.000000000000000 ) ;
#8575 = CARTESIAN_POINT ( 'NONE',  ( -7.000000000000000000, 7.699999999999999300, 2.850000000000000100 ) ) ;
#8576 = LINE ( 'NONE', #8575, #8574 ) ;
#8577 = CARTESIAN_POINT ( 'NONE',  ( -7.000000000000000000, 7.699999999999999300, -1.750000000000002400 ) ) ;
#8578 = DIRECTION ( 'NONE',  ( 1.000000000000000000, -1.084202172485504600E-016, -1.327720869253774000E-032 ) ) ;
#8579 = VECTOR ( 'NONE', #8578, 1000.000000000000000 ) ;
#8580 = CARTESIAN_POINT ( 'NONE',  ( -11.00000000000000000, 7.699999999999999300, -1.750000000000002400 ) ) ;
#8581 = LINE ( 'NONE', #8580, #8579 ) ;
#8582 = DIRECTION ( 'NONE',  ( 0.0000000000000000000, 1.000000000000000000, 0.0000000000000000000 ) ) ;
#8583 = VECTOR ( 'NONE', #8582, 1000.000000000000000 ) ;
#8584 = CARTESIAN_POINT ( 'NONE',  ( -12.20000000000000100, 9.000000000000000000, -0.5999999999999998700 ) ) ;
#8585 = LINE ( 'NONE', #8584, #8583 ) ;
#8586 = DIRECTION ( 'NONE',  ( -1.000000000000000000, 0.0000000000000000000, 0.0000000000000000000 ) ) ;
#8587 = DIRECTION ( 'NONE',  ( 0.0000000000000000000, 0.0000000000000000000, -1.000000000000000000 ) ) ;
#8588 = CARTESIAN_POINT ( 'NONE',  ( 14.00000000000000000, 9.000000000000000000, -0.5999999999999998700 ) ) ;
#8589 = AXIS2_PLACEMENT_3D ( 'NONE', #8588, #8587, #8586 ) ;
#8590 = PLANE ( 'NONE',  #8589 ) ;
#8591 = FACE_OUTER_BOUND ( 'NONE', #2438, .T. ) ;
#8592 = DIRECTION ( 'NONE',  ( 0.0000000000000000000, 0.0000000000000000000, -1.000000000000000000 ) ) ;
#8593 = VECTOR ( 'NONE', #8592, 1000.000000000000000 ) ;
#8594 = CARTESIAN_POINT ( 'NONE',  ( -13.30000000000000200, 9.000000000000000000, 2.850000000000000100 ) ) ;
#8595 = LINE ( 'NONE', #8594, #8593 ) ;
#8596 = DIRECTION ( 'NONE',  ( -1.000000000000000000, 0.0000000000000000000, 0.0000000000000000000 ) ) ;
#8597 = DIRECTION ( 'NONE',  ( 0.0000000000000000000, 0.0000000000000000000, -1.000000000000000000 ) ) ;
#8598 = CARTESIAN_POINT ( 'NONE',  ( 14.00000000000000000, 9.000000000000000000, -0.5999999999999998700 ) ) ;
#8599 = AXIS2_PLACEMENT_3D ( 'NONE', #8598, #8597, #8596 ) ;
#8600 = PLANE ( 'NONE',  #8599 ) ;
#8601 = FACE_OUTER_BOUND ( 'NONE', #2433, .T. ) ;
#8602 = DIRECTION ( 'NONE',  ( 0.0000000000000000000, 0.0000000000000000000, -1.000000000000000000 ) ) ;
#8603 = VECTOR ( 'NONE', #8602, 1000.000000000000000 ) ;
#8604 = CARTESIAN_POINT ( 'NONE',  ( 11.00000000000000000, 8.999999999999996400, 2.850000000000000100 ) ) ;
#8605 = LINE ( 'NONE', #8604, #8603 ) ;
#8606 = FACE_OUTER_BOUND ( 'NONE', #2473, .T. ) ;
#8607 = DIRECTION ( 'NONE',  ( 0.0000000000000000000, 1.224606353822377500E-016, -1.000000000000000000 ) ) ;
#8608 = VECTOR ( 'NONE', #8607, 1000.000000000000000 ) ;
#8609 = CARTESIAN_POINT ( 'NONE',  ( 14.00000000000000000, 2.599999999999999200, -2.850000000000000500 ) ) ;
#8610 = LINE ( 'NONE', #8609, #8608 ) ;
#8611 = DIRECTION ( 'NONE',  ( 0.0000000000000000000, 0.0000000000000000000, -1.000000000000000000 ) ) ;
#8612 = VECTOR ( 'NONE', #8611, 1000.000000000000000 ) ;
#8613 = CARTESIAN_POINT ( 'NONE',  ( -11.00000000000000000, 7.699999999999999300, 2.850000000000000100 ) ) ;
#8614 = LINE ( 'NONE', #8613, #8612 ) ;
#8615 = CARTESIAN_POINT ( 'NONE',  ( -11.00000000000000000, 7.699999999999999300, -1.750000000000002400 ) ) ;
#8616 = DIRECTION ( 'NONE',  ( 0.0000000000000000000, -1.000000000000000000, -1.224606353822377300E-016 ) ) ;
#8617 = VECTOR ( 'NONE', #8616, 1000.000000000000000 ) ;
#8618 = CARTESIAN_POINT ( 'NONE',  ( -11.00000000000000000, 9.000000000000000000, -1.750000000000002400 ) ) ;
#8619 = LINE ( 'NONE', #8618, #8617 ) ;
#8620 = DIRECTION ( 'NONE',  ( 0.0000000000000000000, 0.0000000000000000000, 1.000000000000000000 ) ) ;
#8621 = DIRECTION ( 'NONE',  ( -1.000000000000000000, 0.0000000000000000000, 0.0000000000000000000 ) ) ;
#8622 = CARTESIAN_POINT ( 'NONE',  ( -11.00000000000000000, 9.000000000000000000, 2.850000000000000100 ) ) ;
#8623 = AXIS2_PLACEMENT_3D ( 'NONE', #8622, #8621, #8620 ) ;
#8624 = PLANE ( 'NONE',  #8623 ) ;
#8625 = FACE_OUTER_BOUND ( 'NONE', #2459, .T. ) ;
#8626 = DIRECTION ( 'NONE',  ( 0.0000000000000000000, 1.000000000000000000, 1.224606353822377300E-016 ) ) ;
#8627 = VECTOR ( 'NONE', #8626, 1000.000000000000000 ) ;
#8628 = CARTESIAN_POINT ( 'NONE',  ( -13.30000000000000200, 2.599999999999999200, -1.250000000000000900 ) ) ;
#8629 = LINE ( 'NONE', #8628, #8627 ) ;
#8630 = DIRECTION ( 'NONE',  ( 0.0000000000000000000, 0.0000000000000000000, -1.000000000000000000 ) ) ;
#8631 = VECTOR ( 'NONE', #8630, 1000.000000000000000 ) ;
#8632 = CARTESIAN_POINT ( 'NONE',  ( 7.000000000000000000, 7.699999999999997500, 2.850000000000000100 ) ) ;
#8633 = LINE ( 'NONE', #8632, #8631 ) ;
#8634 = DIRECTION ( 'NONE',  ( 1.000000000000000000, -1.084202172485504600E-016, 0.0000000000000000000 ) ) ;
#8635 = DIRECTION ( 'NONE',  ( -1.084202172485504600E-016, -1.000000000000000000, 0.0000000000000000000 ) ) ;
#8636 = CARTESIAN_POINT ( 'NONE',  ( 11.00000000000000000, 7.699999999999996600, 2.850000000000000100 ) ) ;
#8637 = AXIS2_PLACEMENT_3D ( 'NONE', #8636, #8635, #8634 ) ;
#8638 = PLANE ( 'NONE',  #8637 ) ;
#8639 = FACE_OUTER_BOUND ( 'NONE', #2451, .T. ) ;
#8640 = VECTOR ( 'NONE', #8705, 1000.000000000000000 ) ;
#8641 = CARTESIAN_POINT ( 'NONE',  ( 12.19999999999999900, 1.839852949126454800, 2.149999999999995500 ) ) ;
#8642 = LINE ( 'NONE', #8641, #8640 ) ;
#8643 = DIRECTION ( 'NONE',  ( 0.0000000000000000000, 1.000000000000000000, 1.224606353822377300E-016 ) ) ;
#8644 = VECTOR ( 'NONE', #8643, 1000.000000000000000 ) ;
#8645 = CARTESIAN_POINT ( 'NONE',  ( 12.19999999999999900, 3.199999999999998800, -1.750000000000003600 ) ) ;
#8646 = LINE ( 'NONE', #8645, #8644 ) ;
#8647 = DIRECTION ( 'NONE',  ( 0.0000000000000000000, 0.0000000000000000000, -1.000000000000000000 ) ) ;
#8648 = DIRECTION ( 'NONE',  ( 1.000000000000000000, 0.0000000000000000000, 0.0000000000000000000 ) ) ;
#8649 = CARTESIAN_POINT ( 'NONE',  ( 12.19999999999999900, 3.199999999999998000, 1.049999999999996300 ) ) ;
#8650 = AXIS2_PLACEMENT_3D ( 'NONE', #8649, #8648, #8647 ) ;
#8651 = PLANE ( 'NONE',  #8650 ) ;
#8652 = FACE_OUTER_BOUND ( 'NONE', #2484, .T. ) ;
#8653 = DIRECTION ( 'NONE',  ( 0.0000000000000000000, 0.0000000000000000000, 1.000000000000000000 ) ) ;
#8654 = DIRECTION ( 'NONE',  ( -1.000000000000000000, 0.0000000000000000000, 0.0000000000000000000 ) ) ;
#8655 = CARTESIAN_POINT ( 'NONE',  ( 14.00000000000000000, 0.09999999999999939500, -2.850000000000000100 ) ) ;
#8656 = AXIS2_PLACEMENT_3D ( 'NONE', #8655, #8654, #8653 ) ;
#8657 = PLANE ( 'NONE',  #8656 ) ;
#8658 = FACE_OUTER_BOUND ( 'NONE', #2401, .T. ) ;
#8659 = DIRECTION ( 'NONE',  ( 0.0000000000000000000, 0.0000000000000000000, -1.000000000000000000 ) ) ;
#8660 = VECTOR ( 'NONE', #8659, 1000.000000000000000 ) ;
#8661 = CARTESIAN_POINT ( 'NONE',  ( 7.000000000000000900, 7.199999999999999300, 2.850000000000000100 ) ) ;
#8662 = LINE ( 'NONE', #8661, #8660 ) ;
#8663 = CARTESIAN_POINT ( 'NONE',  ( -13.30000000000000200, 5.700000000000000200, -1.250000000000000900 ) ) ;
#8664 = DIRECTION ( 'NONE',  ( 0.0000000000000000000, 0.0000000000000000000, 1.000000000000000000 ) ) ;
#8665 = VECTOR ( 'NONE', #8664, 1000.000000000000000 ) ;
#8666 = CARTESIAN_POINT ( 'NONE',  ( -13.30000000000000200, 5.700000000000000200, -2.949999999999999700 ) ) ;
#8667 = LINE ( 'NONE', #8666, #8665 ) ;
#8668 = DIRECTION ( 'NONE',  ( 0.0000000000000000000, 0.0000000000000000000, -1.000000000000000000 ) ) ;
#8669 = DIRECTION ( 'NONE',  ( 1.000000000000000000, 0.0000000000000000000, 0.0000000000000000000 ) ) ;
#8670 = CARTESIAN_POINT ( 'NONE',  ( -13.30000000000000200, 9.000000000000000000, 2.850000000000000100 ) ) ;
#8671 = AXIS2_PLACEMENT_3D ( 'NONE', #8670, #8669, #8668 ) ;
#8672 = PLANE ( 'NONE',  #8671 ) ;
#8673 = PLANE ( 'NONE',  #8745 ) ;
#8674 = FACE_OUTER_BOUND ( 'NONE', #2513, .T. ) ;
#8675 = DIRECTION ( 'NONE',  ( 0.0000000000000000000, 0.0000000000000000000, -1.000000000000000000 ) ) ;
#8676 = VECTOR ( 'NONE', #8675, 1000.000000000000000 ) ;
#8677 = CARTESIAN_POINT ( 'NONE',  ( 11.00000000000000000, 7.699999999999996600, 2.850000000000000100 ) ) ;
#8678 = LINE ( 'NONE', #8677, #8676 ) ;
#8679 = CARTESIAN_POINT ( 'NONE',  ( 11.00000000000000000, 7.699999999999996600, -1.750000000000002400 ) ) ;
#8680 = DIRECTION ( 'NONE',  ( 1.000000000000000000, -1.084202172485504600E-016, -1.327720869253774000E-032 ) ) ;
#8681 = VECTOR ( 'NONE', #8680, 1000.000000000000000 ) ;
#8682 = CARTESIAN_POINT ( 'NONE',  ( 11.00000000000000000, 7.699999999999996600, -1.750000000000002400 ) ) ;
#8683 = LINE ( 'NONE', #8682, #8681 ) ;
#8684 = CARTESIAN_POINT ( 'NONE',  ( 7.000000000000000000, 7.699999999999997500, -1.750000000000002400 ) ) ;
#8685 = DIRECTION ( 'NONE',  ( -1.734723475976812400E-015, 1.000000000000000000, 1.224606353822377300E-016 ) ) ;
#8686 = VECTOR ( 'NONE', #8685, 1000.000000000000000 ) ;
#8687 = CARTESIAN_POINT ( 'NONE',  ( 7.000000000000000000, 7.699999999999998400, -1.750000000000002400 ) ) ;
#8688 = LINE ( 'NONE', #8687, #8686 ) ;
#8689 = DIRECTION ( 'NONE',  ( -1.734723475976812400E-015, 1.000000000000000000, 0.0000000000000000000 ) ) ;
#8690 = DIRECTION ( 'NONE',  ( 1.000000000000000000, 1.734723475976812400E-015, 0.0000000000000000000 ) ) ;
#8691 = CARTESIAN_POINT ( 'NONE',  ( 7.000000000000000000, 7.699999999999997500, 2.850000000000000100 ) ) ;
#8692 = AXIS2_PLACEMENT_3D ( 'NONE', #8691, #8690, #8689 ) ;
#8693 = PLANE ( 'NONE',  #8692 ) ;
#8694 = FACE_OUTER_BOUND ( 'NONE', #2501, .T. ) ;
#8695 = DIRECTION ( 'NONE',  ( 0.0000000000000000000, -1.000000000000000000, -1.224606353822377300E-016 ) ) ;
#8696 = VECTOR ( 'NONE', #8695, 1000.000000000000000 ) ;
#8697 = CARTESIAN_POINT ( 'NONE',  ( -7.000000000000000000, 7.700000000000000200, -1.750000000000002400 ) ) ;
#8698 = LINE ( 'NONE', #8697, #8696 ) ;
#8699 = DIRECTION ( 'NONE',  ( 0.0000000000000000000, 0.0000000000000000000, 1.000000000000000000 ) ) ;
#8700 = DIRECTION ( 'NONE',  ( -1.000000000000000000, 0.0000000000000000000, 0.0000000000000000000 ) ) ;
#8701 = CARTESIAN_POINT ( 'NONE',  ( -7.000000000000000000, 7.699999999999999300, 2.850000000000000100 ) ) ;
#8702 = AXIS2_PLACEMENT_3D ( 'NONE', #8701, #8700, #8699 ) ;
#8703 = PLANE ( 'NONE',  #8702 ) ;
#8704 = FACE_OUTER_BOUND ( 'NONE', #2519, .T. ) ;
#8705 = DIRECTION ( 'NONE',  ( 0.0000000000000000000, 1.000000000000000000, 1.257045997084642900E-016 ) ) ;
#8706 = DIRECTION ( 'NONE',  ( 0.0000000000000000000, 1.000000000000000000, 1.224606353822377000E-016 ) ) ;
#8707 = CARTESIAN_POINT ( 'NONE',  ( 12.19999999999999900, 3.199999999999998800, -1.750000000000003600 ) ) ;
#8708 = AXIS2_PLACEMENT_3D ( 'NONE', #8707, #8706, #8449 ) ;
#8709 = PLANE ( 'NONE',  #8708 ) ;
#8710 = MECHANICAL_DESIGN_GEOMETRIC_PRESENTATION_REPRESENTATION (  '', ( #8971 ), #9027 ) ;
#8711 = FACE_BOUND ( 'NONE', #1665, .T. ) ;
#8712 = FACE_BOUND ( 'NONE', #1674, .T. ) ;
#8713 = FACE_BOUND ( 'NONE', #1599, .T. ) ;
#8714 = FACE_BOUND ( 'NONE', #1606, .T. ) ;
#8715 = FACE_BOUND ( 'NONE', #1629, .T. ) ;
#8716 = FACE_BOUND ( 'NONE', #1638, .T. ) ;
#8717 = FACE_OUTER_BOUND ( 'NONE', #2672, .T. ) ;
#8718 = FACE_BOUND ( 'NONE', #2632, .T. ) ;
#8719 = FACE_BOUND ( 'NONE', #2630, .T. ) ;
#8720 = FACE_BOUND ( 'NONE', #2625, .T. ) ;
#8721 = FACE_BOUND ( 'NONE', #2590, .T. ) ;
#8722 = FACE_BOUND ( 'NONE', #2621, .T. ) ;
#8723 = FACE_BOUND ( 'NONE', #2522, .T. ) ;
#8724 = DIRECTION ( 'NONE',  ( 1.000000000000000000, 0.0000000000000000000, 0.0000000000000000000 ) ) ;
#8725 = VECTOR ( 'NONE', #8724, 1000.000000000000000 ) ;
#8726 = CARTESIAN_POINT ( 'NONE',  ( 12.19999999999999900, 3.199999999999998800, -0.5000000000000026600 ) ) ;
#8727 = LINE ( 'NONE', #8726, #8725 ) ;
#8728 = DIRECTION ( 'NONE',  ( 0.0000000000000000000, 2.551063935260000100E-016, -1.000000000000000000 ) ) ;
#8729 = VECTOR ( 'NONE', #8728, 1000.000000000000000 ) ;
#8730 = CARTESIAN_POINT ( 'NONE',  ( 10.85000000000000000, 0.09999999999999939500, 2.849999999999997400 ) ) ;
#8731 = LINE ( 'NONE', #8730, #8729 ) ;
#8732 = DIRECTION ( 'NONE',  ( 1.000000000000000000, -1.084202172485504600E-016, 0.0000000000000000000 ) ) ;
#8733 = DIRECTION ( 'NONE',  ( -1.084202172485504600E-016, -1.000000000000000000, 0.0000000000000000000 ) ) ;
#8734 = CARTESIAN_POINT ( 'NONE',  ( -11.00000000000000000, 7.699999999999999300, 2.850000000000000100 ) ) ;
#8735 = AXIS2_PLACEMENT_3D ( 'NONE', #8734, #8733, #8732 ) ;
#8736 = PLANE ( 'NONE',  #8735 ) ;
#8737 = FACE_OUTER_BOUND ( 'NONE', #2442, .T. ) ;
#8738 = DIRECTION ( 'NONE',  ( 0.0000000000000000000, 1.000000000000000000, 1.224606353822377300E-016 ) ) ;
#8739 = VECTOR ( 'NONE', #8738, 1000.000000000000000 ) ;
#8740 = CARTESIAN_POINT ( 'NONE',  ( 11.00000000000000000, 8.999999999999996400, -1.750000000000002400 ) ) ;
#8741 = LINE ( 'NONE', #8740, #8739 ) ;
#8742 = DIRECTION ( 'NONE',  ( 0.0000000000000000000, 0.0000000000000000000, -1.000000000000000000 ) ) ;
#8743 = DIRECTION ( 'NONE',  ( 1.000000000000000000, 0.0000000000000000000, 0.0000000000000000000 ) ) ;
#8744 = CARTESIAN_POINT ( 'NONE',  ( 11.00000000000000000, 8.999999999999996400, 2.850000000000000100 ) ) ;
#8745 = AXIS2_PLACEMENT_3D ( 'NONE', #8744, #8743, #8742 ) ;
#8746 = CARTESIAN_POINT ( 'NONE',  ( 6.749999999999999100, 0.09999999999999939500, -2.350000000000001400 ) ) ;
#8747 = CARTESIAN_POINT ( 'NONE',  ( 9.250000000000000000, 0.09999999999999939500, -2.350000000000001400 ) ) ;
#8748 = DIRECTION ( 'NONE',  ( -1.000000000000000000, 0.0000000000000000000, 0.0000000000000000000 ) ) ;
#8749 = VECTOR ( 'NONE', #8748, 1000.000000000000000 ) ;
#8750 = CARTESIAN_POINT ( 'NONE',  ( 14.00000000000000000, 0.09999999999999939500, -2.350000000000001400 ) ) ;
#8751 = LINE ( 'NONE', #8750, #8749 ) ;
#8752 = DIRECTION ( 'NONE',  ( 0.0000000000000000000, 0.0000000000000000000, 1.000000000000000000 ) ) ;
#8753 = VECTOR ( 'NONE', #8752, 1000.000000000000000 ) ;
#8754 = CARTESIAN_POINT ( 'NONE',  ( 7.249999999999999100, 0.09999999999999939500, 2.849999999999999200 ) ) ;
#8755 = LINE ( 'NONE', #8754, #8753 ) ;
#8756 = CARTESIAN_POINT ( 'NONE',  ( 7.249999999999999100, 0.09999999999999939500, -2.350000000000001400 ) ) ;
#8757 = CARTESIAN_POINT ( 'NONE',  ( 10.75000000000000000, 0.09999999999999939500, -2.350000000000001400 ) ) ;
#8758 = DIRECTION ( 'NONE',  ( 0.0000000000000000000, 0.0000000000000000000, 1.000000000000000000 ) ) ;
#8759 = VECTOR ( 'NONE', #8758, 1000.000000000000000 ) ;
#8760 = CARTESIAN_POINT ( 'NONE',  ( 9.250000000000000000, 0.09999999999999939500, 2.849999999999999200 ) ) ;
#8761 = LINE ( 'NONE', #8760, #8759 ) ;
#8762 = DIRECTION ( 'NONE',  ( 0.0000000000000000000, 0.0000000000000000000, 1.000000000000000000 ) ) ;
#8763 = VECTOR ( 'NONE', #8762, 1000.000000000000000 ) ;
#8764 = CARTESIAN_POINT ( 'NONE',  ( 11.25000000000000000, 0.09999999999999939500, 2.849999999999999200 ) ) ;
#8765 = LINE ( 'NONE', #8764, #8763 ) ;
#8766 = CARTESIAN_POINT ( 'NONE',  ( 11.25000000000000000, 0.09999999999999939500, -2.350000000000001400 ) ) ;
#8767 = DIRECTION ( 'NONE',  ( -1.000000000000000000, 0.0000000000000000000, 0.0000000000000000000 ) ) ;
#8768 = VECTOR ( 'NONE', #8767, 1000.000000000000000 ) ;
#8769 = CARTESIAN_POINT ( 'NONE',  ( 14.00000000000000000, 0.09999999999999939500, -2.350000000000001400 ) ) ;
#8770 = LINE ( 'NONE', #8769, #8768 ) ;
#8771 = CARTESIAN_POINT ( 'NONE',  ( 8.749999999999998200, 0.09999999999999939500, -2.350000000000001400 ) ) ;
#8772 = DIRECTION ( 'NONE',  ( 0.0000000000000000000, 0.0000000000000000000, 1.000000000000000000 ) ) ;
#8773 = VECTOR ( 'NONE', #8772, 1000.000000000000000 ) ;
#8774 = CARTESIAN_POINT ( 'NONE',  ( 8.749999999999998200, 0.09999999999999939500, 2.849999999999999200 ) ) ;
#8775 = LINE ( 'NONE', #8774, #8773 ) ;
#8776 = CARTESIAN_POINT ( 'NONE',  ( -9.250000000000001800, 3.199999999999998800, -0.5000000000000022200 ) ) ;
#8777 = PLANE ( 'NONE',  #8840 ) ;
#8778 = FACE_OUTER_BOUND ( 'NONE', #9453, .T. ) ;
#8779 = DIRECTION ( 'NONE',  ( 0.0000000000000000000, 1.000000000000000000, 1.257045997084642900E-016 ) ) ;
#8780 = VECTOR ( 'NONE', #8779, 1000.000000000000000 ) ;
#8781 = CARTESIAN_POINT ( 'NONE',  ( 11.40000000000000000, 1.839852949126455700, 1.049999999999996300 ) ) ;
#8782 = LINE ( 'NONE', #8781, #8780 ) ;
#8783 = DIRECTION ( 'NONE',  ( 0.0000000000000000000, 1.000000000000000000, 3.142614992711606900E-016 ) ) ;
#8784 = VECTOR ( 'NONE', #8783, 1000.000000000000000 ) ;
#8785 = CARTESIAN_POINT ( 'NONE',  ( 7.349999999999999600, 3.199999999999998000, 1.049999999999996700 ) ) ;
#8786 = LINE ( 'NONE', #8785, #8784 ) ;
#8787 = DIRECTION ( 'NONE',  ( 0.0000000000000000000, -1.000000000000000000, -1.224606353822377300E-016 ) ) ;
#8788 = DIRECTION ( 'NONE',  ( 0.0000000000000000000, -1.224606353822377300E-016, 1.000000000000000000 ) ) ;
#8789 = CARTESIAN_POINT ( 'NONE',  ( -12.19999999999999900, 3.199999999999998000, 1.049999999999996300 ) ) ;
#8790 = AXIS2_PLACEMENT_3D ( 'NONE', #8789, #8788, #8787 ) ;
#8791 = PLANE ( 'NONE',  #8790 ) ;
#8792 = FACE_OUTER_BOUND ( 'NONE', #2493, .T. ) ;
#8793 = CARTESIAN_POINT ( 'NONE',  ( -8.750000000000003600, 3.199999999999998800, -2.168404344971008900E-015 ) ) ;
#8794 = DIRECTION ( 'NONE',  ( 0.0000000000000000000, 0.0000000000000000000, 1.000000000000000000 ) ) ;
#8795 = VECTOR ( 'NONE', #8794, 1000.000000000000000 ) ;
#8796 = CARTESIAN_POINT ( 'NONE',  ( 5.249999999999999100, 0.09999999999999939500, 2.849999999999999200 ) ) ;
#8797 = LINE ( 'NONE', #8796, #8795 ) ;
#8798 = DIRECTION ( 'NONE',  ( -1.000000000000000000, 0.0000000000000000000, 0.0000000000000000000 ) ) ;
#8799 = VECTOR ( 'NONE', #8798, 1000.000000000000000 ) ;
#8800 = CARTESIAN_POINT ( 'NONE',  ( 14.00000000000000000, 0.09999999999999939500, -2.350000000000001400 ) ) ;
#8801 = LINE ( 'NONE', #8800, #8799 ) ;
#8802 = DIRECTION ( 'NONE',  ( 0.0000000000000000000, 0.0000000000000000000, 1.000000000000000000 ) ) ;
#8803 = VECTOR ( 'NONE', #8802, 1000.000000000000000 ) ;
#8804 = CARTESIAN_POINT ( 'NONE',  ( 6.749999999999999100, 0.09999999999999939500, 2.849999999999999200 ) ) ;
#8805 = LINE ( 'NONE', #8804, #8803 ) ;
#8806 = DIRECTION ( 'NONE',  ( 0.0000000000000000000, 0.0000000000000000000, 1.000000000000000000 ) ) ;
#8807 = VECTOR ( 'NONE', #8806, 1000.000000000000000 ) ;
#8808 = CARTESIAN_POINT ( 'NONE',  ( 10.75000000000000000, 0.09999999999999939500, 2.849999999999999200 ) ) ;
#8809 = LINE ( 'NONE', #8808, #8807 ) ;
#8810 = DIRECTION ( 'NONE',  ( -1.000000000000000000, 0.0000000000000000000, 0.0000000000000000000 ) ) ;
#8811 = VECTOR ( 'NONE', #8810, 1000.000000000000000 ) ;
#8812 = CARTESIAN_POINT ( 'NONE',  ( 12.19999999999999900, 3.199999999999998800, -2.168404344971008900E-015 ) ) ;
#8813 = LINE ( 'NONE', #8812, #8811 ) ;
#8814 = DIRECTION ( 'NONE',  ( 0.0000000000000000000, -1.224606353822377000E-016, 1.000000000000000000 ) ) ;
#8815 = VECTOR ( 'NONE', #8814, 1000.000000000000000 ) ;
#8816 = CARTESIAN_POINT ( 'NONE',  ( 6.749999999999999100, 3.199999999999998800, -1.750000000000003600 ) ) ;
#8817 = LINE ( 'NONE', #8816, #8815 ) ;
#8818 = CARTESIAN_POINT ( 'NONE',  ( -0.7500000000000006700, 3.199999999999998800, -2.168404344971008900E-015 ) ) ;
#8819 = DIRECTION ( 'NONE',  ( 0.0000000000000000000, -1.224606353822377000E-016, 1.000000000000000000 ) ) ;
#8820 = VECTOR ( 'NONE', #8819, 1000.000000000000000 ) ;
#8821 = CARTESIAN_POINT ( 'NONE',  ( -0.7500000000000006700, 3.199999999999998800, -1.750000000000003600 ) ) ;
#8822 = LINE ( 'NONE', #8821, #8820 ) ;
#8823 = CARTESIAN_POINT ( 'NONE',  ( -0.7500000000000006700, 3.199999999999998800, -0.5000000000000026600 ) ) ;
#8824 = DIRECTION ( 'NONE',  ( 1.000000000000000000, 0.0000000000000000000, 0.0000000000000000000 ) ) ;
#8825 = VECTOR ( 'NONE', #8824, 1000.000000000000000 ) ;
#8826 = CARTESIAN_POINT ( 'NONE',  ( 12.19999999999999900, 3.199999999999998800, -0.5000000000000026600 ) ) ;
#8827 = LINE ( 'NONE', #8826, #8825 ) ;
#8828 = DIRECTION ( 'NONE',  ( 0.0000000000000000000, -1.224606353822377000E-016, 1.000000000000000000 ) ) ;
#8829 = VECTOR ( 'NONE', #8828, 1000.000000000000000 ) ;
#8830 = CARTESIAN_POINT ( 'NONE',  ( -9.250000000000001800, 3.199999999999998800, -1.750000000000003600 ) ) ;
#8831 = LINE ( 'NONE', #8830, #8829 ) ;
#8832 = CARTESIAN_POINT ( 'NONE',  ( 3.249999999999999600, 3.199999999999998800, -2.168404344971008900E-015 ) ) ;
#8833 = DIRECTION ( 'NONE',  ( 0.0000000000000000000, -1.224606353822377000E-016, 1.000000000000000000 ) ) ;
#8834 = VECTOR ( 'NONE', #8833, 1000.000000000000000 ) ;
#8835 = CARTESIAN_POINT ( 'NONE',  ( 3.249999999999999600, 3.199999999999998800, -1.750000000000003600 ) ) ;
#8836 = LINE ( 'NONE', #8835, #8834 ) ;
#8837 = DIRECTION ( 'NONE',  ( 0.0000000000000000000, 0.0000000000000000000, 1.000000000000000000 ) ) ;
#8838 = DIRECTION ( 'NONE',  ( -1.000000000000000000, 0.0000000000000000000, 0.0000000000000000000 ) ) ;
#8839 = CARTESIAN_POINT ( 'NONE',  ( -12.19999999999999900, 3.199999999999998000, 1.049999999999996300 ) ) ;
#8840 = AXIS2_PLACEMENT_3D ( 'NONE', #8839, #8838, #8837 ) ;
#8841 = DIRECTION ( 'NONE',  ( 1.000000000000000000, 0.0000000000000000000, 0.0000000000000000000 ) ) ;
#8842 = CARTESIAN_POINT ( 'NONE',  ( 12.90000000000000000, 0.09999999999999939500, -0.4499999999999999000 ) ) ;
#8843 = LINE ( 'NONE', #8842, #8905 ) ;
#8844 = CARTESIAN_POINT ( 'NONE',  ( 14.00000000000000000, 0.09999999999999939500, -0.4499999999999999000 ) ) ;
#8845 = DIRECTION ( 'NONE',  ( 0.0000000000000000000, 0.0000000000000000000, -1.000000000000000000 ) ) ;
#8846 = VECTOR ( 'NONE', #8845, 1000.000000000000000 ) ;
#8847 = CARTESIAN_POINT ( 'NONE',  ( 14.00000000000000000, 0.09999999999999939500, 2.849999999999999200 ) ) ;
#8848 = LINE ( 'NONE', #8847, #8846 ) ;
#8849 = CARTESIAN_POINT ( 'NONE',  ( 12.90000000000000000, 0.09999999999999939500, 2.749999999999999100 ) ) ;
#8850 = DIRECTION ( 'NONE',  ( 0.0000000000000000000, 0.0000000000000000000, 1.000000000000000000 ) ) ;
#8851 = VECTOR ( 'NONE', #8850, 1000.000000000000000 ) ;
#8852 = CARTESIAN_POINT ( 'NONE',  ( 12.90000000000000400, 0.09999999999999939500, 2.849999999999999200 ) ) ;
#8853 = LINE ( 'NONE', #8852, #8851 ) ;
#8854 = CARTESIAN_POINT ( 'NONE',  ( 12.90000000000000000, 0.09999999999999939500, -0.4499999999999999000 ) ) ;
#8855 = DIRECTION ( 'NONE',  ( 1.000000000000000000, 0.0000000000000000000, 0.0000000000000000000 ) ) ;
#8856 = VECTOR ( 'NONE', #8855, 1000.000000000000000 ) ;
#8857 = CARTESIAN_POINT ( 'NONE',  ( 12.90000000000000000, 0.09999999999999939500, -0.4499999999999999000 ) ) ;
#8858 = LINE ( 'NONE', #8857, #8856 ) ;
#8859 = DIRECTION ( 'NONE',  ( 0.0000000000000000000, -1.224606353822377000E-016, 1.000000000000000000 ) ) ;
#8860 = VECTOR ( 'NONE', #8859, 1000.000000000000000 ) ;
#8861 = CARTESIAN_POINT ( 'NONE',  ( -5.250000000000000900, 3.199999999999998800, -1.750000000000003600 ) ) ;
#8862 = LINE ( 'NONE', #8861, #8860 ) ;
#8863 = CARTESIAN_POINT ( 'NONE',  ( -5.250000000000000900, 3.199999999999998800, -2.168404344971008900E-015 ) ) ;
#8864 = CARTESIAN_POINT ( 'NONE',  ( 7.249999999999999100, 3.199999999999998800, -2.168404344971008900E-015 ) ) ;
#8865 = CARTESIAN_POINT ( 'NONE',  ( 7.249999999999999100, 3.199999999999998800, -0.5000000000000026600 ) ) ;
#8866 = DIRECTION ( 'NONE',  ( 1.000000000000000000, 0.0000000000000000000, 0.0000000000000000000 ) ) ;
#8867 = VECTOR ( 'NONE', #8866, 1000.000000000000000 ) ;
#8868 = CARTESIAN_POINT ( 'NONE',  ( 12.19999999999999900, 3.199999999999998800, -0.5000000000000026600 ) ) ;
#8869 = LINE ( 'NONE', #8868, #8867 ) ;
#8870 = CARTESIAN_POINT ( 'NONE',  ( -4.750000000000000900, 3.199999999999998800, -0.5000000000000026600 ) ) ;
#8871 = CARTESIAN_POINT ( 'NONE',  ( -5.250000000000000900, 3.199999999999998800, -0.5000000000000022200 ) ) ;
#8872 = CARTESIAN_POINT ( 'NONE',  ( -9.250000000000001800, 3.199999999999998800, -2.168404344971008900E-015 ) ) ;
#8873 = DIRECTION ( 'NONE',  ( 0.0000000000000000000, -1.224606353822377000E-016, 1.000000000000000000 ) ) ;
#8874 = VECTOR ( 'NONE', #8873, 1000.000000000000000 ) ;
#8875 = CARTESIAN_POINT ( 'NONE',  ( -1.250000000000001100, 3.199999999999998800, -1.750000000000003600 ) ) ;
#8876 = LINE ( 'NONE', #8875, #8874 ) ;
#8877 = CARTESIAN_POINT ( 'NONE',  ( -1.250000000000000900, 3.199999999999998800, -2.168404344971008900E-015 ) ) ;
#8878 = DIRECTION ( 'NONE',  ( -1.000000000000000000, 0.0000000000000000000, 0.0000000000000000000 ) ) ;
#8879 = VECTOR ( 'NONE', #8878, 1000.000000000000000 ) ;
#8880 = CARTESIAN_POINT ( 'NONE',  ( 12.19999999999999900, 3.199999999999998800, -2.168404344971008900E-015 ) ) ;
#8881 = LINE ( 'NONE', #8880, #8879 ) ;
#8882 = CARTESIAN_POINT ( 'NONE',  ( 6.749999999999999100, 3.199999999999998800, -2.168404344971008900E-015 ) ) ;
#8883 = DIRECTION ( 'NONE',  ( 0.0000000000000000000, -1.224606353822377000E-016, 1.000000000000000000 ) ) ;
#8884 = VECTOR ( 'NONE', #8883, 1000.000000000000000 ) ;
#8885 = CARTESIAN_POINT ( 'NONE',  ( 7.249999999999999100, 3.199999999999998800, -1.750000000000003600 ) ) ;
#8886 = LINE ( 'NONE', #8885, #8884 ) ;
#8887 = CARTESIAN_POINT ( 'NONE',  ( 10.75000000000000000, 3.199999999999998800, -2.168404344971008900E-015 ) ) ;
#8888 = CARTESIAN_POINT ( 'NONE',  ( 12.19999999999999900, 3.199999999999998800, -1.750000000000003600 ) ) ;
#8889 = CARTESIAN_POINT ( 'NONE',  ( 10.85000000000000000, 0.09999999999999939500, 2.849999999999997400 ) ) ;
#8890 = DIRECTION ( 'NONE',  ( -1.000000000000000000, 0.0000000000000000000, 0.0000000000000000000 ) ) ;
#8891 = VECTOR ( 'NONE', #8890, 1000.000000000000000 ) ;
#8892 = CARTESIAN_POINT ( 'NONE',  ( 14.00000000000000000, 0.09999999999999939500, 2.849999999999999200 ) ) ;
#8893 = LINE ( 'NONE', #8892, #8891 ) ;
#8894 = CARTESIAN_POINT ( 'NONE',  ( 12.90000000000000000, 0.09999999999999939500, 2.849999999999999200 ) ) ;
#8895 = DIRECTION ( 'NONE',  ( 0.0000000000000000000, 0.0000000000000000000, -1.000000000000000000 ) ) ;
#8896 = VECTOR ( 'NONE', #8895, 1000.000000000000000 ) ;
#8897 = CARTESIAN_POINT ( 'NONE',  ( 12.90000000000000000, 0.09999999999999939500, -0.4499999999999999000 ) ) ;
#8898 = LINE ( 'NONE', #8897, #8896 ) ;
#8899 = DIRECTION ( 'NONE',  ( 0.0000000000000000000, -1.224606353822377000E-016, 1.000000000000000000 ) ) ;
#8900 = VECTOR ( 'NONE', #8899, 1000.000000000000000 ) ;
#8901 = CARTESIAN_POINT ( 'NONE',  ( -8.750000000000000000, 3.199999999999998800, -1.750000000000003600 ) ) ;
#8902 = LINE ( 'NONE', #8901, #8900 ) ;
#8903 = CARTESIAN_POINT ( 'NONE',  ( -8.750000000000003600, 3.199999999999998800, -0.5000000000000026600 ) ) ;
#8904 = CARTESIAN_POINT ( 'NONE',  ( 13.30000000000000200, 0.09999999999999939500, -0.4499999999999999000 ) ) ;
#8905 = VECTOR ( 'NONE', #8841, 1000.000000000000000 ) ;
#8906 = CARTESIAN_POINT ( 'NONE',  ( -4.750000000000000900, 3.199999999999998800, -2.168404344971008900E-015 ) ) ;
#8907 = DIRECTION ( 'NONE',  ( 0.0000000000000000000, -1.224606353822377000E-016, 1.000000000000000000 ) ) ;
#8908 = VECTOR ( 'NONE', #8907, 1000.000000000000000 ) ;
#8909 = CARTESIAN_POINT ( 'NONE',  ( -4.750000000000000900, 3.199999999999998800, -1.750000000000003600 ) ) ;
#8910 = LINE ( 'NONE', #8909, #8908 ) ;
#8911 = DIRECTION ( 'NONE',  ( 0.0000000000000000000, -1.224606353822377000E-016, 1.000000000000000000 ) ) ;
#8912 = VECTOR ( 'NONE', #8911, 1000.000000000000000 ) ;
#8913 = CARTESIAN_POINT ( 'NONE',  ( 11.25000000000000000, 3.199999999999998800, -1.750000000000003600 ) ) ;
#8914 = LINE ( 'NONE', #8913, #8912 ) ;
#8915 = CARTESIAN_POINT ( 'NONE',  ( 10.75000000000000000, 3.199999999999998800, -0.5000000000000022200 ) ) ;
#8916 = CARTESIAN_POINT ( 'NONE',  ( 11.25000000000000000, 3.199999999999998800, -2.168404344971008900E-015 ) ) ;
#8917 = CARTESIAN_POINT ( 'NONE',  ( 11.25000000000000000, 3.199999999999998800, -0.5000000000000026600 ) ) ;
#8918 = DIRECTION ( 'NONE',  ( 1.000000000000000000, 0.0000000000000000000, 0.0000000000000000000 ) ) ;
#8919 = VECTOR ( 'NONE', #8918, 1000.000000000000000 ) ;
#8920 = CARTESIAN_POINT ( 'NONE',  ( 12.19999999999999900, 3.199999999999998800, -0.5000000000000026600 ) ) ;
#8921 = LINE ( 'NONE', #8920, #8919 ) ;
#8922 = CARTESIAN_POINT ( 'NONE',  ( -1.250000000000001100, 3.199999999999998800, -0.5000000000000022200 ) ) ;
#8923 = DIRECTION ( 'NONE',  ( 1.000000000000000000, 0.0000000000000000000, 0.0000000000000000000 ) ) ;
#8924 = VECTOR ( 'NONE', #8923, 1000.000000000000000 ) ;
#8925 = CARTESIAN_POINT ( 'NONE',  ( 12.19999999999999900, 3.199999999999998800, -0.5000000000000026600 ) ) ;
#8926 = LINE ( 'NONE', #8925, #8924 ) ;
#8927 = DIRECTION ( 'NONE',  ( -1.000000000000000000, 0.0000000000000000000, 0.0000000000000000000 ) ) ;
#8928 = VECTOR ( 'NONE', #8927, 1000.000000000000000 ) ;
#8929 = CARTESIAN_POINT ( 'NONE',  ( 12.19999999999999900, 3.199999999999998800, -2.168404344971008900E-015 ) ) ;
#8930 = LINE ( 'NONE', #8929, #8928 ) ;
#8931 = CARTESIAN_POINT ( 'NONE',  ( 6.749999999999999100, 3.199999999999998800, -0.5000000000000022200 ) ) ;
#8932 = DIRECTION ( 'NONE',  ( 0.0000000000000000000, -1.224606353822377000E-016, 1.000000000000000000 ) ) ;
#8933 = VECTOR ( 'NONE', #8932, 1000.000000000000000 ) ;
#8934 = CARTESIAN_POINT ( 'NONE',  ( 2.749999999999999100, 3.199999999999998800, -1.750000000000003600 ) ) ;
#8935 = LINE ( 'NONE', #8934, #8933 ) ;
#8936 = CARTESIAN_POINT ( 'NONE',  ( -11.40000000000000000, 3.199999999999998000, 2.149999999999995500 ) ) ;
#8937 = DIRECTION ( 'NONE',  ( 0.0000000000000000000, -1.224606353822377000E-016, 1.000000000000000000 ) ) ;
#8938 = VECTOR ( 'NONE', #8937, 1000.000000000000000 ) ;
#8939 = CARTESIAN_POINT ( 'NONE',  ( -12.19999999999999900, 3.199999999999998000, 1.049999999999996300 ) ) ;
#8940 = LINE ( 'NONE', #8939, #8938 ) ;
#8941 = CARTESIAN_POINT ( 'NONE',  ( -7.349999999999998800, 3.199999999999997100, 1.749999999999998000 ) ) ;
#8942 = DIRECTION ( 'NONE',  ( 0.0000000000000000000, -3.097720492815724700E-016, 1.000000000000000000 ) ) ;
#8943 = VECTOR ( 'NONE', #8942, 1000.000000000000000 ) ;
#8944 = CARTESIAN_POINT ( 'NONE',  ( -7.349999999999998800, 3.199999999999997100, 1.749999999999998000 ) ) ;
#8945 = LINE ( 'NONE', #8944, #8943 ) ;
#8946 = DIRECTION ( 'NONE',  ( -1.000000000000000000, 0.0000000000000000000, 0.0000000000000000000 ) ) ;
#8947 = VECTOR ( 'NONE', #8946, 1000.000000000000000 ) ;
#8948 = CARTESIAN_POINT ( 'NONE',  ( -12.19999999999999900, 3.199999999999998000, 2.149999999999995500 ) ) ;
#8949 = LINE ( 'NONE', #8948, #8947 ) ;
#8950 = CARTESIAN_POINT ( 'NONE',  ( 5.249999999999999100, 0.09999999999999939500, -2.350000000000001400 ) ) ;
#8951 = DIRECTION ( 'NONE',  ( -1.000000000000000000, 0.0000000000000000000, 0.0000000000000000000 ) ) ;
#8952 = VECTOR ( 'NONE', #8951, 1000.000000000000000 ) ;
#8953 = CARTESIAN_POINT ( 'NONE',  ( 14.00000000000000000, 0.09999999999999939500, -2.350000000000001400 ) ) ;
#8954 = LINE ( 'NONE', #8953, #8952 ) ;
#8955 = CARTESIAN_POINT ( 'NONE',  ( 3.249999999999999600, 3.199999999999998800, -0.5000000000000026600 ) ) ;
#8956 = CARTESIAN_POINT ( 'NONE',  ( 2.749999999999999100, 3.199999999999998800, -0.5000000000000022200 ) ) ;
#8957 = DIRECTION ( 'NONE',  ( 1.000000000000000000, 0.0000000000000000000, 0.0000000000000000000 ) ) ;
#8958 = VECTOR ( 'NONE', #8957, 1000.000000000000000 ) ;
#8959 = CARTESIAN_POINT ( 'NONE',  ( 12.19999999999999900, 3.199999999999998800, -0.5000000000000026600 ) ) ;
#8960 = LINE ( 'NONE', #8959, #8958 ) ;
#8961 = CARTESIAN_POINT ( 'NONE',  ( 2.749999999999999100, 3.199999999999998800, -2.168404344971008900E-015 ) ) ;
#8962 = DIRECTION ( 'NONE',  ( -1.000000000000000000, 0.0000000000000000000, 0.0000000000000000000 ) ) ;
#8963 = VECTOR ( 'NONE', #8962, 1000.000000000000000 ) ;
#8964 = CARTESIAN_POINT ( 'NONE',  ( 12.19999999999999900, 3.199999999999998800, -2.168404344971008900E-015 ) ) ;
#8965 = LINE ( 'NONE', #8964, #8963 ) ;
#8966 = DIRECTION ( 'NONE',  ( -1.000000000000000000, 0.0000000000000000000, 0.0000000000000000000 ) ) ;
#8967 = VECTOR ( 'NONE', #8966, 1000.000000000000000 ) ;
#8968 = CARTESIAN_POINT ( 'NONE',  ( 12.19999999999999900, 3.199999999999998800, -2.168404344971008900E-015 ) ) ;
#8969 = LINE ( 'NONE', #8968, #8967 ) ;
#8970 = PRESENTATION_LAYER_ASSIGNMENT (  '', '', ( #8971 ) ) ;
#8971 = STYLED_ITEM ( 'NONE', ( #8972 ), #9395 ) ;
#8972 = PRESENTATION_STYLE_ASSIGNMENT (( #8973 ) ) ;
#8973 = SURFACE_STYLE_USAGE ( .BOTH. , #8974 ) ;
#8974 = SURFACE_SIDE_STYLE ('',( #8975 ) ) ;
#8975 = SURFACE_STYLE_FILL_AREA ( #8976 ) ;
#8976 = FILL_AREA_STYLE ('',( #8983 ) ) ;
#8977 = COLOUR_RGB ( '',0.7529411764705882200, 0.7529411764705882200, 0.7529411764705882200 ) ;
#8978 = FACE_OUTER_BOUND ( 'NONE', #9472, .T. ) ;
#8979 = DIRECTION ( 'NONE',  ( 0.0000000000000000000, 0.0000000000000000000, 1.000000000000000000 ) ) ;
#8980 = VECTOR ( 'NONE', #8979, 1000.000000000000000 ) ;
#8981 = CARTESIAN_POINT ( 'NONE',  ( 11.25000000000000000, 6.399999999999999500, -1.734723475976807100E-015 ) ) ;
#8982 = LINE ( 'NONE', #8981, #8980 ) ;
#8983 = FILL_AREA_STYLE_COLOUR ( '', #8977 ) ;
#8984 = DIRECTION ( 'NONE',  ( 0.0000000000000000000, -1.224606353822377000E-016, 1.000000000000000000 ) ) ;
#8985 = VECTOR ( 'NONE', #8984, 1000.000000000000000 ) ;
#8986 = CARTESIAN_POINT ( 'NONE',  ( 10.75000000000000000, 3.199999999999998800, -1.750000000000003600 ) ) ;
#8987 = LINE ( 'NONE', #8986, #8985 ) ;
#8988 = DIRECTION ( 'NONE',  ( 0.0000000000000000000, -1.224606353822377000E-016, 1.000000000000000000 ) ) ;
#8989 = VECTOR ( 'NONE', #8988, 1000.000000000000000 ) ;
#8990 = CARTESIAN_POINT ( 'NONE',  ( -11.40000000000000000, 3.199999999999998000, 1.049999999999996300 ) ) ;
#8991 = LINE ( 'NONE', #8990, #8989 ) ;
#8992 = DIRECTION ( 'NONE',  ( -1.000000000000000000, 0.0000000000000000000, 0.0000000000000000000 ) ) ;
#8993 = VECTOR ( 'NONE', #8992, 1000.000000000000000 ) ;
#8994 = CARTESIAN_POINT ( 'NONE',  ( 12.19999999999999900, 3.199999999999998800, -2.168404344971008900E-015 ) ) ;
#8995 = LINE ( 'NONE', #8994, #8993 ) ;
#8996 = CARTESIAN_POINT ( 'NONE',  ( -12.19999999999999900, 3.199999999999998000, 2.149999999999995500 ) ) ;
#8997 = DIRECTION ( 'NONE',  ( -1.000000000000000000, 0.0000000000000000000, 0.0000000000000000000 ) ) ;
#8998 = VECTOR ( 'NONE', #8997, 1000.000000000000000 ) ;
#8999 = CARTESIAN_POINT ( 'NONE',  ( 12.19999999999999900, 3.199999999999998800, -1.750000000000003600 ) ) ;
#9000 = LINE ( 'NONE', #8999, #8998 ) ;
#9001 = CARTESIAN_POINT ( 'NONE',  ( -12.19999999999999900, 3.199999999999998800, -1.750000000000003600 ) ) ;
#9002 = CARTESIAN_POINT ( 'NONE',  ( 12.19999999999999900, 3.199999999999998000, 2.149999999999995500 ) ) ;
#9003 = DIRECTION ( 'NONE',  ( 0.0000000000000000000, 1.224606353822377000E-016, -1.000000000000000000 ) ) ;
#9004 = VECTOR ( 'NONE', #9003, 1000.000000000000000 ) ;
#9005 = CARTESIAN_POINT ( 'NONE',  ( 12.19999999999999900, 3.199999999999998000, 1.049999999999996300 ) ) ;
#9006 = LINE ( 'NONE', #9005, #9004 ) ;
#9007 = UNCERTAINTY_MEASURE_WITH_UNIT (LENGTH_MEASURE( 1.000000000000000100E-005 ), #9010, 'distance_accuracy_value', 'NONE');
#9008 =( NAMED_UNIT ( * ) SI_UNIT ( $, .STERADIAN. ) SOLID_ANGLE_UNIT ( ) );
#9009 =( NAMED_UNIT ( * ) PLANE_ANGLE_UNIT ( ) SI_UNIT ( $, .RADIAN. ) );
#9010 =( LENGTH_UNIT ( ) NAMED_UNIT ( * ) SI_UNIT ( .MILLI., .METRE. ) );
#9011 = MECHANICAL_DESIGN_GEOMETRIC_PRESENTATION_REPRESENTATION (  '', ( #9013 ), #9057 ) ;
#9012 = PRESENTATION_LAYER_ASSIGNMENT (  '', '', ( #9013 ) ) ;
#9013 = STYLED_ITEM ( 'NONE', ( #9014 ), #9398 ) ;
#9014 = PRESENTATION_STYLE_ASSIGNMENT (( #9015 ) ) ;
#9015 = SURFACE_STYLE_USAGE ( .BOTH. , #9016 ) ;
#9016 = SURFACE_SIDE_STYLE ('',( #9017 ) ) ;
#9017 = SURFACE_STYLE_FILL_AREA ( #9018 ) ;
#9018 = FILL_AREA_STYLE ('',( #9025 ) ) ;
#9019 = COLOUR_RGB ( '',0.7529411764705882200, 0.7529411764705882200, 0.7529411764705882200 ) ;
#9020 = FACE_OUTER_BOUND ( 'NONE', #9397, .T. ) ;
#9021 = DIRECTION ( 'NONE',  ( 0.0000000000000000000, 0.0000000000000000000, -1.000000000000000000 ) ) ;
#9022 = DIRECTION ( 'NONE',  ( 0.0000000000000000000, -1.000000000000000000, 0.0000000000000000000 ) ) ;
#9023 = CARTESIAN_POINT ( 'NONE',  ( 11.25000000000000000, 6.399999999999999500, -1.734723475976807100E-015 ) ) ;
#9024 = AXIS2_PLACEMENT_3D ( 'NONE', #9023, #9022, #9021 ) ;
#9025 = FILL_AREA_STYLE_COLOUR ( '', #9019 ) ;
#9026 = PLANE ( 'NONE',  #9024 ) ;
#9027 =( GEOMETRIC_REPRESENTATION_CONTEXT ( 3 ) GLOBAL_UNCERTAINTY_ASSIGNED_CONTEXT ( ( #9028 ) ) GLOBAL_UNIT_ASSIGNED_CONTEXT ( ( #9394, #9030, #9029 ) ) REPRESENTATION_CONTEXT ( 'NONE', 'WORKASPACE' ) );
#9028 = UNCERTAINTY_MEASURE_WITH_UNIT (LENGTH_MEASURE( 1.000000000000000100E-005 ), #9394, 'distance_accuracy_value', 'NONE');
#9029 =( NAMED_UNIT ( * ) SI_UNIT ( $, .STERADIAN. ) SOLID_ANGLE_UNIT ( ) );
#9030 =( NAMED_UNIT ( * ) PLANE_ANGLE_UNIT ( ) SI_UNIT ( $, .RADIAN. ) );
#9031 = UNCERTAINTY_MEASURE_WITH_UNIT (LENGTH_MEASURE( 1.000000000000000100E-005 ), #9034, 'distance_accuracy_value', 'NONE');
#9032 =( NAMED_UNIT ( * ) SI_UNIT ( $, .STERADIAN. ) SOLID_ANGLE_UNIT ( ) );
#9033 =( NAMED_UNIT ( * ) PLANE_ANGLE_UNIT ( ) SI_UNIT ( $, .RADIAN. ) );
#9034 =( LENGTH_UNIT ( ) NAMED_UNIT ( * ) SI_UNIT ( .MILLI., .METRE. ) );
#9035 = MECHANICAL_DESIGN_GEOMETRIC_PRESENTATION_REPRESENTATION (  '', ( #9037 ), #9084 ) ;
#9036 = PRESENTATION_LAYER_ASSIGNMENT (  '', '', ( #9037 ) ) ;
#9037 = STYLED_ITEM ( 'NONE', ( #9038 ), #9407 ) ;
#9038 = PRESENTATION_STYLE_ASSIGNMENT (( #9039 ) ) ;
#9039 = SURFACE_STYLE_USAGE ( .BOTH. , #9040 ) ;
#9040 = SURFACE_SIDE_STYLE ('',( #9041 ) ) ;
#9041 = SURFACE_STYLE_FILL_AREA ( #9042 ) ;
#9042 = FILL_AREA_STYLE ('',( #9043 ) ) ;
#9043 = FILL_AREA_STYLE_COLOUR ( '', #9044 ) ;
#9044 = COLOUR_RGB ( '',0.7529411764705882200, 0.7529411764705882200, 0.7529411764705882200 ) ;
#9045 = FACE_OUTER_BOUND ( 'NONE', #9408, .T. ) ;
#9046 = CARTESIAN_POINT ( 'NONE',  ( 10.75000000000000000, 0.0000000000000000000, -2.350000000000001400 ) ) ;
#9047 = CARTESIAN_POINT ( 'NONE',  ( 11.00000000000000000, 7.699999999999996600, -2.850000000000000100 ) ) ;
#9048 = DIRECTION ( 'NONE',  ( -1.000000000000000000, 0.0000000000000000000, 0.0000000000000000000 ) ) ;
#9049 = VECTOR ( 'NONE', #9048, 1000.000000000000000 ) ;
#9050 = CARTESIAN_POINT ( 'NONE',  ( 11.25000000000000000, 0.0000000000000000000, -2.350000000000001400 ) ) ;
#9051 = LINE ( 'NONE', #9050, #9049 ) ;
#9052 = DIRECTION ( 'NONE',  ( 0.0000000000000000000, 1.000000000000000000, 1.445602896647339200E-016 ) ) ;
#9053 = DIRECTION ( 'NONE',  ( 0.0000000000000000000, 1.445602896647339200E-016, -1.000000000000000000 ) ) ;
#9054 = CARTESIAN_POINT ( 'NONE',  ( 11.25000000000000000, 0.3999999999999993000, -2.602085213965210600E-015 ) ) ;
#9055 = AXIS2_PLACEMENT_3D ( 'NONE', #9054, #9053, #9052 ) ;
#9056 = PLANE ( 'NONE',  #9055 ) ;
#9057 =( GEOMETRIC_REPRESENTATION_CONTEXT ( 3 ) GLOBAL_UNCERTAINTY_ASSIGNED_CONTEXT ( ( #9007 ) ) GLOBAL_UNIT_ASSIGNED_CONTEXT ( ( #9010, #9009, #9008 ) ) REPRESENTATION_CONTEXT ( 'NONE', 'WORKASPACE' ) );
#9058 =( GEOMETRIC_REPRESENTATION_CONTEXT ( 3 ) GLOBAL_UNCERTAINTY_ASSIGNED_CONTEXT ( ( #9059 ) ) GLOBAL_UNIT_ASSIGNED_CONTEXT ( ( #9062, #9061, #9060 ) ) REPRESENTATION_CONTEXT ( 'NONE', 'WORKASPACE' ) );
#9059 = UNCERTAINTY_MEASURE_WITH_UNIT (LENGTH_MEASURE( 1.000000000000000100E-005 ), #9062, 'distance_accuracy_value', 'NONE');
#9060 =( NAMED_UNIT ( * ) SI_UNIT ( $, .STERADIAN. ) SOLID_ANGLE_UNIT ( ) );
#9061 =( NAMED_UNIT ( * ) PLANE_ANGLE_UNIT ( ) SI_UNIT ( $, .RADIAN. ) );
#9062 =( LENGTH_UNIT ( ) NAMED_UNIT ( * ) SI_UNIT ( .MILLI., .METRE. ) );
#9063 = MECHANICAL_DESIGN_GEOMETRIC_PRESENTATION_REPRESENTATION (  '', ( #9065 ), #9058 ) ;
#9064 = PRESENTATION_LAYER_ASSIGNMENT (  '', '', ( #9065 ) ) ;
#9065 = STYLED_ITEM ( 'NONE', ( #9066 ), #9418 ) ;
#9066 = PRESENTATION_STYLE_ASSIGNMENT (( #9067 ) ) ;
#9067 = SURFACE_STYLE_USAGE ( .BOTH. , #9068 ) ;
#9068 = SURFACE_SIDE_STYLE ('',( #9069 ) ) ;
#9069 = SURFACE_STYLE_FILL_AREA ( #9070 ) ;
#9070 = FILL_AREA_STYLE ('',( #9077 ) ) ;
#9071 = COLOUR_RGB ( '',0.7529411764705882200, 0.7529411764705882200, 0.7529411764705882200 ) ;
#9072 = FACE_OUTER_BOUND ( 'NONE', #9419, .T. ) ;
#9073 = DIRECTION ( 'NONE',  ( 0.0000000000000000000, 0.0000000000000000000, -1.000000000000000000 ) ) ;
#9074 = VECTOR ( 'NONE', #9073, 1000.000000000000000 ) ;
#9075 = CARTESIAN_POINT ( 'NONE',  ( 11.25000000000000000, 0.0000000000000000000, -2.350000000000001400 ) ) ;
#9076 = LINE ( 'NONE', #9075, #9074 ) ;
#9077 = FILL_AREA_STYLE_COLOUR ( '', #9071 ) ;
#9078 = CARTESIAN_POINT ( 'NONE',  ( 11.25000000000000000, 0.0000000000000000000, -4.250000000000001800 ) ) ;
#9079 = DIRECTION ( 'NONE',  ( 0.0000000000000000000, 0.0000000000000000000, 1.000000000000000000 ) ) ;
#9080 = DIRECTION ( 'NONE',  ( -1.000000000000000000, 0.0000000000000000000, 0.0000000000000000000 ) ) ;
#9081 = CARTESIAN_POINT ( 'NONE',  ( 11.25000000000000000, 0.3999999999999993000, -2.850000000000001400 ) ) ;
#9082 = AXIS2_PLACEMENT_3D ( 'NONE', #9081, #9080, #9079 ) ;
#9083 = PLANE ( 'NONE',  #9082 ) ;
#9084 =( GEOMETRIC_REPRESENTATION_CONTEXT ( 3 ) GLOBAL_UNCERTAINTY_ASSIGNED_CONTEXT ( ( #9031 ) ) GLOBAL_UNIT_ASSIGNED_CONTEXT ( ( #9034, #9033, #9032 ) ) REPRESENTATION_CONTEXT ( 'NONE', 'WORKASPACE' ) );
#9085 = LINE ( 'NONE', #9148, #9147 ) ;
#9086 = DIRECTION ( 'NONE',  ( 0.0000000000000000000, 1.000000000000000000, -2.710505431213766000E-016 ) ) ;
#9087 = DIRECTION ( 'NONE',  ( 0.0000000000000000000, -2.710505431213766000E-016, -1.000000000000000000 ) ) ;
#9088 = CARTESIAN_POINT ( 'NONE',  ( 11.25000000000000000, 0.3999999999999993000, -2.350000000000001400 ) ) ;
#9089 = AXIS2_PLACEMENT_3D ( 'NONE', #9088, #9087, #9086 ) ;
#9090 = PLANE ( 'NONE',  #9089 ) ;
#9091 =( GEOMETRIC_REPRESENTATION_CONTEXT ( 3 ) GLOBAL_UNCERTAINTY_ASSIGNED_CONTEXT ( ( #9092 ) ) GLOBAL_UNIT_ASSIGNED_CONTEXT ( ( #9095, #9094, #9093 ) ) REPRESENTATION_CONTEXT ( 'NONE', 'WORKASPACE' ) );
#9092 = UNCERTAINTY_MEASURE_WITH_UNIT (LENGTH_MEASURE( 1.000000000000000100E-005 ), #9095, 'distance_accuracy_value', 'NONE');
#9093 =( NAMED_UNIT ( * ) SI_UNIT ( $, .STERADIAN. ) SOLID_ANGLE_UNIT ( ) );
#9094 =( NAMED_UNIT ( * ) PLANE_ANGLE_UNIT ( ) SI_UNIT ( $, .RADIAN. ) );
#9095 =( LENGTH_UNIT ( ) NAMED_UNIT ( * ) SI_UNIT ( .MILLI., .METRE. ) );
#9096 = MECHANICAL_DESIGN_GEOMETRIC_PRESENTATION_REPRESENTATION (  '', ( #9098 ), #9091 ) ;
#9097 = PRESENTATION_LAYER_ASSIGNMENT (  '', '', ( #9098 ) ) ;
#9098 = STYLED_ITEM ( 'NONE', ( #9099 ), #9422 ) ;
#9099 = PRESENTATION_STYLE_ASSIGNMENT (( #9100 ) ) ;
#9100 = SURFACE_STYLE_USAGE ( .BOTH. , #9101 ) ;
#9101 = SURFACE_SIDE_STYLE ('',( #9102 ) ) ;
#9102 = SURFACE_STYLE_FILL_AREA ( #9103 ) ;
#9103 = FILL_AREA_STYLE ('',( #9110 ) ) ;
#9104 = COLOUR_RGB ( '',0.7529411764705882200, 0.7529411764705882200, 0.7529411764705882200 ) ;
#9105 = FACE_OUTER_BOUND ( 'NONE', #9420, .T. ) ;
#9106 = DIRECTION ( 'NONE',  ( 0.0000000000000000000, -1.000000000000000000, -2.502005013428087100E-016 ) ) ;
#9107 = DIRECTION ( 'NONE',  ( 0.0000000000000000000, -2.502005013428087100E-016, 1.000000000000000000 ) ) ;
#9108 = CARTESIAN_POINT ( 'NONE',  ( 11.25000000000000000, 6.399999999999999500, -0.5000000000000017800 ) ) ;
#9109 = AXIS2_PLACEMENT_3D ( 'NONE', #9108, #9107, #9106 ) ;
#9110 = FILL_AREA_STYLE_COLOUR ( '', #9104 ) ;
#9111 = PLANE ( 'NONE',  #9109 ) ;
#9112 = MECHANICAL_DESIGN_GEOMETRIC_PRESENTATION_REPRESENTATION (  '', ( #9114 ), #9174 ) ;
#9113 = PRESENTATION_LAYER_ASSIGNMENT (  '', '', ( #9114 ) ) ;
#9114 = STYLED_ITEM ( 'NONE', ( #9115 ), #9444 ) ;
#9115 = PRESENTATION_STYLE_ASSIGNMENT (( #9116 ) ) ;
#9116 = SURFACE_STYLE_USAGE ( .BOTH. , #9117 ) ;
#9117 = SURFACE_SIDE_STYLE ('',( #9118 ) ) ;
#9118 = SURFACE_STYLE_FILL_AREA ( #9119 ) ;
#9119 = FILL_AREA_STYLE ('',( #9126 ) ) ;
#9120 = COLOUR_RGB ( '',0.7529411764705882200, 0.7529411764705882200, 0.7529411764705882200 ) ;
#9121 = FACE_OUTER_BOUND ( 'NONE', #9441, .T. ) ;
#9122 = DIRECTION ( 'NONE',  ( 0.0000000000000000000, 1.000000000000000000, 3.614007241618349300E-016 ) ) ;
#9123 = VECTOR ( 'NONE', #9122, 1000.000000000000000 ) ;
#9124 = CARTESIAN_POINT ( 'NONE',  ( 10.75000000000000000, 0.5999999999999998700, -4.250000000000000900 ) ) ;
#9125 = LINE ( 'NONE', #9124, #9123 ) ;
#9126 = FILL_AREA_STYLE_COLOUR ( '', #9120 ) ;
#9127 = DIRECTION ( 'NONE',  ( 0.0000000000000000000, 0.0000000000000000000, 1.000000000000000000 ) ) ;
#9128 = VECTOR ( 'NONE', #9127, 1000.000000000000000 ) ;
#9129 = CARTESIAN_POINT ( 'NONE',  ( 10.75000000000000000, 0.5999999999999998700, -2.850000000000001400 ) ) ;
#9130 = LINE ( 'NONE', #9129, #9128 ) ;
#9131 = CARTESIAN_POINT ( 'NONE',  ( 10.75000000000000000, 0.5999999999999998700, -4.250000000000000900 ) ) ;
#9132 = CARTESIAN_POINT ( 'NONE',  ( 10.75000000000000000, 0.0000000000000000000, -4.250000000000001800 ) ) ;
#9133 = DIRECTION ( 'NONE',  ( 0.0000000000000000000, -1.000000000000000000, 2.710505431213766000E-016 ) ) ;
#9134 = VECTOR ( 'NONE', #9133, 1000.000000000000000 ) ;
#9135 = CARTESIAN_POINT ( 'NONE',  ( 10.75000000000000000, 0.3999999999999993000, -2.350000000000001400 ) ) ;
#9136 = LINE ( 'NONE', #9135, #9134 ) ;
#9137 = DIRECTION ( 'NONE',  ( 0.0000000000000000000, -1.000000000000000000, -1.445602896647339200E-016 ) ) ;
#9138 = VECTOR ( 'NONE', #9137, 1000.000000000000000 ) ;
#9139 = CARTESIAN_POINT ( 'NONE',  ( 11.25000000000000000, 0.3999999999999993000, -2.602085213965210600E-015 ) ) ;
#9140 = LINE ( 'NONE', #9139, #9138 ) ;
#9141 = DIRECTION ( 'NONE',  ( 0.0000000000000000000, -1.000000000000000000, 2.710505431213766000E-016 ) ) ;
#9142 = VECTOR ( 'NONE', #9141, 1000.000000000000000 ) ;
#9143 = CARTESIAN_POINT ( 'NONE',  ( 11.25000000000000000, 0.3999999999999993000, -2.350000000000001400 ) ) ;
#9144 = LINE ( 'NONE', #9143, #9142 ) ;
#9145 = CARTESIAN_POINT ( 'NONE',  ( 11.25000000000000000, 0.0000000000000000000, -2.350000000000001400 ) ) ;
#9146 = DIRECTION ( 'NONE',  ( 0.0000000000000000000, 1.000000000000000000, 2.502005013428087100E-016 ) ) ;
#9147 = VECTOR ( 'NONE', #9146, 1000.000000000000000 ) ;
#9148 = CARTESIAN_POINT ( 'NONE',  ( 11.25000000000000000, 6.399999999999999500, -0.5000000000000017800 ) ) ;
#9149 = MECHANICAL_DESIGN_GEOMETRIC_PRESENTATION_REPRESENTATION (  '', ( #9151 ), #9196 ) ;
#9150 = PRESENTATION_LAYER_ASSIGNMENT (  '', '', ( #9151 ) ) ;
#9151 = STYLED_ITEM ( 'NONE', ( #9152 ), #9456 ) ;
#9152 = PRESENTATION_STYLE_ASSIGNMENT (( #9153 ) ) ;
#9153 = SURFACE_STYLE_USAGE ( .BOTH. , #9154 ) ;
#9154 = SURFACE_SIDE_STYLE ('',( #9155 ) ) ;
#9155 = SURFACE_STYLE_FILL_AREA ( #9156 ) ;
#9156 = FILL_AREA_STYLE ('',( #9163 ) ) ;
#9157 = COLOUR_RGB ( '',0.7529411764705882200, 0.7529411764705882200, 0.7529411764705882200 ) ;
#9158 = FACE_OUTER_BOUND ( 'NONE', #9452, .T. ) ;
#9159 = DIRECTION ( 'NONE',  ( 0.0000000000000000000, 1.000000000000000000, 3.614007241618349300E-016 ) ) ;
#9160 = VECTOR ( 'NONE', #9159, 1000.000000000000000 ) ;
#9161 = CARTESIAN_POINT ( 'NONE',  ( 11.25000000000000000, 0.5999999999999998700, -4.250000000000000900 ) ) ;
#9162 = LINE ( 'NONE', #9161, #9160 ) ;
#9163 = FILL_AREA_STYLE_COLOUR ( '', #9157 ) ;
#9164 = DIRECTION ( 'NONE',  ( 0.0000000000000000000, 0.0000000000000000000, 1.000000000000000000 ) ) ;
#9165 = VECTOR ( 'NONE', #9164, 1000.000000000000000 ) ;
#9166 = CARTESIAN_POINT ( 'NONE',  ( 11.25000000000000000, 0.5999999999999998700, -2.850000000000001400 ) ) ;
#9167 = LINE ( 'NONE', #9166, #9165 ) ;
#9168 = CARTESIAN_POINT ( 'NONE',  ( 11.25000000000000000, 0.5999999999999998700, -4.250000000000000900 ) ) ;
#9169 = DIRECTION ( 'NONE',  ( 0.0000000000000000000, 0.0000000000000000000, 1.000000000000000000 ) ) ;
#9170 = DIRECTION ( 'NONE',  ( -1.000000000000000000, 0.0000000000000000000, 0.0000000000000000000 ) ) ;
#9171 = CARTESIAN_POINT ( 'NONE',  ( 10.75000000000000000, 0.3999999999999993000, -2.850000000000001400 ) ) ;
#9172 = AXIS2_PLACEMENT_3D ( 'NONE', #9171, #9170, #9169 ) ;
#9173 = PLANE ( 'NONE',  #9172 ) ;
#9174 =( GEOMETRIC_REPRESENTATION_CONTEXT ( 3 ) GLOBAL_UNCERTAINTY_ASSIGNED_CONTEXT ( ( #9175 ) ) GLOBAL_UNIT_ASSIGNED_CONTEXT ( ( #9178, #9177, #9176 ) ) REPRESENTATION_CONTEXT ( 'NONE', 'WORKASPACE' ) );
#9175 = UNCERTAINTY_MEASURE_WITH_UNIT (LENGTH_MEASURE( 1.000000000000000100E-005 ), #9178, 'distance_accuracy_value', 'NONE');
#9176 =( NAMED_UNIT ( * ) SI_UNIT ( $, .STERADIAN. ) SOLID_ANGLE_UNIT ( ) );
#9177 =( NAMED_UNIT ( * ) PLANE_ANGLE_UNIT ( ) SI_UNIT ( $, .RADIAN. ) );
#9178 =( LENGTH_UNIT ( ) NAMED_UNIT ( * ) SI_UNIT ( .MILLI., .METRE. ) );
#9179 = LINE ( 'NONE', #9228, #9227 ) ;
#9180 = CARTESIAN_POINT ( 'NONE',  ( 10.75000000000000000, 6.399999999999999500, -0.5000000000000017800 ) ) ;
#9181 = DIRECTION ( 'NONE',  ( 0.0000000000000000000, 0.0000000000000000000, 1.000000000000000000 ) ) ;
#9182 = VECTOR ( 'NONE', #9181, 1000.000000000000000 ) ;
#9183 = CARTESIAN_POINT ( 'NONE',  ( 10.75000000000000000, 6.399999999999999500, -1.734723475976807100E-015 ) ) ;
#9184 = LINE ( 'NONE', #9183, #9182 ) ;
#9185 = DIRECTION ( 'NONE',  ( -1.000000000000000000, 0.0000000000000000000, 0.0000000000000000000 ) ) ;
#9186 = VECTOR ( 'NONE', #9185, 1000.000000000000000 ) ;
#9187 = CARTESIAN_POINT ( 'NONE',  ( 11.25000000000000000, 6.399999999999999500, -1.734723475976807100E-015 ) ) ;
#9188 = LINE ( 'NONE', #9187, #9186 ) ;
#9189 = CARTESIAN_POINT ( 'NONE',  ( 10.75000000000000000, 6.399999999999999500, -1.734723475976807100E-015 ) ) ;
#9190 = CARTESIAN_POINT ( 'NONE',  ( 1.249999999999999100, 0.0000000000000000000, -4.250000000000001800 ) ) ;
#9191 = DIRECTION ( 'NONE',  ( 0.0000000000000000000, -1.000000000000000000, -3.614007241618349300E-016 ) ) ;
#9192 = DIRECTION ( 'NONE',  ( 0.0000000000000000000, -3.614007241618349300E-016, 1.000000000000000000 ) ) ;
#9193 = CARTESIAN_POINT ( 'NONE',  ( 11.25000000000000000, 0.5999999999999998700, -4.250000000000000900 ) ) ;
#9194 = AXIS2_PLACEMENT_3D ( 'NONE', #9193, #9192, #9191 ) ;
#9195 = PLANE ( 'NONE',  #9194 ) ;
#9196 =( GEOMETRIC_REPRESENTATION_CONTEXT ( 3 ) GLOBAL_UNCERTAINTY_ASSIGNED_CONTEXT ( ( #9197 ) ) GLOBAL_UNIT_ASSIGNED_CONTEXT ( ( #9200, #9199, #9198 ) ) REPRESENTATION_CONTEXT ( 'NONE', 'WORKASPACE' ) );
#9197 = UNCERTAINTY_MEASURE_WITH_UNIT (LENGTH_MEASURE( 1.000000000000000100E-005 ), #9200, 'distance_accuracy_value', 'NONE');
#9198 =( NAMED_UNIT ( * ) SI_UNIT ( $, .STERADIAN. ) SOLID_ANGLE_UNIT ( ) );
#9199 =( NAMED_UNIT ( * ) PLANE_ANGLE_UNIT ( ) SI_UNIT ( $, .RADIAN. ) );
#9200 =( LENGTH_UNIT ( ) NAMED_UNIT ( * ) SI_UNIT ( .MILLI., .METRE. ) );
#9201 = DIRECTION ( 'NONE',  ( 0.0000000000000000000, 0.0000000000000000000, 1.000000000000000000 ) ) ;
#9202 = DIRECTION ( 'NONE',  ( -1.000000000000000000, 0.0000000000000000000, 0.0000000000000000000 ) ) ;
#9203 = CARTESIAN_POINT ( 'NONE',  ( 11.25000000000000000, 0.3999999999999993000, -2.850000000000001400 ) ) ;
#9204 = AXIS2_PLACEMENT_3D ( 'NONE', #9203, #9202, #9201 ) ;
#9205 = PLANE ( 'NONE',  #9204 ) ;
#9206 =( GEOMETRIC_REPRESENTATION_CONTEXT ( 3 ) GLOBAL_UNCERTAINTY_ASSIGNED_CONTEXT ( ( #9207 ) ) GLOBAL_UNIT_ASSIGNED_CONTEXT ( ( #9210, #9209, #9208 ) ) REPRESENTATION_CONTEXT ( 'NONE', 'WORKASPACE' ) );
#9207 = UNCERTAINTY_MEASURE_WITH_UNIT (LENGTH_MEASURE( 1.000000000000000100E-005 ), #9210, 'distance_accuracy_value', 'NONE');
#9208 =( NAMED_UNIT ( * ) SI_UNIT ( $, .STERADIAN. ) SOLID_ANGLE_UNIT ( ) );
#9209 =( NAMED_UNIT ( * ) PLANE_ANGLE_UNIT ( ) SI_UNIT ( $, .RADIAN. ) );
#9210 =( LENGTH_UNIT ( ) NAMED_UNIT ( * ) SI_UNIT ( .MILLI., .METRE. ) );
#9211 = MECHANICAL_DESIGN_GEOMETRIC_PRESENTATION_REPRESENTATION (  '', ( #9213 ), #9206 ) ;
#9212 = PRESENTATION_LAYER_ASSIGNMENT (  '', '', ( #9213 ) ) ;
#9213 = STYLED_ITEM ( 'NONE', ( #9214 ), #9479 ) ;
#9214 = PRESENTATION_STYLE_ASSIGNMENT (( #9215 ) ) ;
#9215 = SURFACE_STYLE_USAGE ( .BOTH. , #9216 ) ;
#9216 = SURFACE_SIDE_STYLE ('',( #9217 ) ) ;
#9217 = SURFACE_STYLE_FILL_AREA ( #9218 ) ;
#9218 = FILL_AREA_STYLE ('',( #9225 ) ) ;
#9219 = COLOUR_RGB ( '',0.7529411764705882200, 0.7529411764705882200, 0.7529411764705882200 ) ;
#9220 = FACE_OUTER_BOUND ( 'NONE', #9391, .T. ) ;
#9221 = DIRECTION ( 'NONE',  ( 0.0000000000000000000, -1.000000000000000000, -1.445602896647339200E-016 ) ) ;
#9222 = VECTOR ( 'NONE', #9221, 1000.000000000000000 ) ;
#9223 = CARTESIAN_POINT ( 'NONE',  ( 10.75000000000000000, 0.3999999999999993000, -2.602085213965210600E-015 ) ) ;
#9224 = LINE ( 'NONE', #9223, #9222 ) ;
#9225 = FILL_AREA_STYLE_COLOUR ( '', #9219 ) ;
#9226 = DIRECTION ( 'NONE',  ( 0.0000000000000000000, 1.000000000000000000, 2.502005013428087100E-016 ) ) ;
#9227 = VECTOR ( 'NONE', #9226, 1000.000000000000000 ) ;
#9228 = CARTESIAN_POINT ( 'NONE',  ( 10.75000000000000000, 6.399999999999999500, -0.5000000000000017800 ) ) ;
#9229 = DIRECTION ( 'NONE',  ( 0.0000000000000000000, 0.0000000000000000000, 1.000000000000000000 ) ) ;
#9230 = DIRECTION ( 'NONE',  ( 0.0000000000000000000, 1.000000000000000000, 0.0000000000000000000 ) ) ;
#9231 = CARTESIAN_POINT ( 'NONE',  ( 11.25000000000000000, 0.0000000000000000000, -2.350000000000001400 ) ) ;
#9232 = AXIS2_PLACEMENT_3D ( 'NONE', #9231, #9230, #9229 ) ;
#9233 = PLANE ( 'NONE',  #9232 ) ;
#9234 =( GEOMETRIC_REPRESENTATION_CONTEXT ( 3 ) GLOBAL_UNCERTAINTY_ASSIGNED_CONTEXT ( ( #9235 ) ) GLOBAL_UNIT_ASSIGNED_CONTEXT ( ( #9238, #9237, #9236 ) ) REPRESENTATION_CONTEXT ( 'NONE', 'WORKASPACE' ) );
#9235 = UNCERTAINTY_MEASURE_WITH_UNIT (LENGTH_MEASURE( 1.000000000000000100E-005 ), #9238, 'distance_accuracy_value', 'NONE');
#9236 =( NAMED_UNIT ( * ) SI_UNIT ( $, .STERADIAN. ) SOLID_ANGLE_UNIT ( ) );
#9237 =( NAMED_UNIT ( * ) PLANE_ANGLE_UNIT ( ) SI_UNIT ( $, .RADIAN. ) );
#9238 =( LENGTH_UNIT ( ) NAMED_UNIT ( * ) SI_UNIT ( .MILLI., .METRE. ) );
#9239 = MECHANICAL_DESIGN_GEOMETRIC_PRESENTATION_REPRESENTATION (  '', ( #9241 ), #9234 ) ;
#9240 = PRESENTATION_LAYER_ASSIGNMENT (  '', '', ( #9241 ) ) ;
#9241 = STYLED_ITEM ( 'NONE', ( #9242 ), #9484 ) ;
#9242 = PRESENTATION_STYLE_ASSIGNMENT (( #9243 ) ) ;
#9243 = SURFACE_STYLE_USAGE ( .BOTH. , #9244 ) ;
#9244 = SURFACE_SIDE_STYLE ('',( #9245 ) ) ;
#9245 = SURFACE_STYLE_FILL_AREA ( #9246 ) ;
#9246 = FILL_AREA_STYLE ('',( #9253 ) ) ;
#9247 = COLOUR_RGB ( '',0.7529411764705882200, 0.7529411764705882200, 0.7529411764705882200 ) ;
#9248 = FACE_OUTER_BOUND ( 'NONE', #9483, .T. ) ;
#9249 = DIRECTION ( 'NONE',  ( -1.000000000000000000, 0.0000000000000000000, 0.0000000000000000000 ) ) ;
#9250 = VECTOR ( 'NONE', #9249, 1000.000000000000000 ) ;
#9251 = CARTESIAN_POINT ( 'NONE',  ( 11.25000000000000000, 0.0000000000000000000, -4.250000000000001800 ) ) ;
#9252 = LINE ( 'NONE', #9251, #9250 ) ;
#9253 = FILL_AREA_STYLE_COLOUR ( '', #9247 ) ;
#9254 = PRESENTATION_LAYER_ASSIGNMENT (  '', '', ( #9255 ) ) ;
#9255 = STYLED_ITEM ( 'NONE', ( #9256 ), #9494 ) ;
#9256 = PRESENTATION_STYLE_ASSIGNMENT (( #9257 ) ) ;
#9257 = SURFACE_STYLE_USAGE ( .BOTH. , #9258 ) ;
#9258 = SURFACE_SIDE_STYLE ('',( #9259 ) ) ;
#9259 = SURFACE_STYLE_FILL_AREA ( #9260 ) ;
#9260 = FILL_AREA_STYLE ('',( #9267 ) ) ;
#9261 = COLOUR_RGB ( '',0.7529411764705882200, 0.7529411764705882200, 0.7529411764705882200 ) ;
#9262 = FACE_OUTER_BOUND ( 'NONE', #9493, .T. ) ;
#9263 = DIRECTION ( 'NONE',  ( 0.0000000000000000000, 0.0000000000000000000, 1.000000000000000000 ) ) ;
#9264 = DIRECTION ( 'NONE',  ( 0.0000000000000000000, 1.000000000000000000, 0.0000000000000000000 ) ) ;
#9265 = CARTESIAN_POINT ( 'NONE',  ( 13.30000000000000200, -1.734723475976807100E-015, -0.4500000000000016200 ) ) ;
#9266 = AXIS2_PLACEMENT_3D ( 'NONE', #9265, #9264, #9263 ) ;
#9267 = FILL_AREA_STYLE_COLOUR ( '', #9261 ) ;
#9268 = PLANE ( 'NONE',  #9266 ) ;
#9269 =( GEOMETRIC_REPRESENTATION_CONTEXT ( 3 ) GLOBAL_UNCERTAINTY_ASSIGNED_CONTEXT ( ( #9270 ) ) GLOBAL_UNIT_ASSIGNED_CONTEXT ( ( #9273, #9272, #9271 ) ) REPRESENTATION_CONTEXT ( 'NONE', 'WORKASPACE' ) );
#9270 = UNCERTAINTY_MEASURE_WITH_UNIT (LENGTH_MEASURE( 1.000000000000000100E-005 ), #9273, 'distance_accuracy_value', 'NONE');
#9271 =( NAMED_UNIT ( * ) SI_UNIT ( $, .STERADIAN. ) SOLID_ANGLE_UNIT ( ) );
#9272 =( NAMED_UNIT ( * ) PLANE_ANGLE_UNIT ( ) SI_UNIT ( $, .RADIAN. ) );
#9273 =( LENGTH_UNIT ( ) NAMED_UNIT ( * ) SI_UNIT ( .MILLI., .METRE. ) );
#9274 = MECHANICAL_DESIGN_GEOMETRIC_PRESENTATION_REPRESENTATION (  '', ( #9276 ), #9269 ) ;
#9275 = PRESENTATION_LAYER_ASSIGNMENT (  '', '', ( #9276 ) ) ;
#9276 = STYLED_ITEM ( 'NONE', ( #9277 ), #9490 ) ;
#9277 = PRESENTATION_STYLE_ASSIGNMENT (( #9278 ) ) ;
#9278 = SURFACE_STYLE_USAGE ( .BOTH. , #9279 ) ;
#9279 = SURFACE_SIDE_STYLE ('',( #9280 ) ) ;
#9280 = SURFACE_STYLE_FILL_AREA ( #9281 ) ;
#9281 = FILL_AREA_STYLE ('',( #9288 ) ) ;
#9282 = COLOUR_RGB ( '',0.7529411764705882200, 0.7529411764705882200, 0.7529411764705882200 ) ;
#9283 = FACE_OUTER_BOUND ( 'NONE', #1705, .T. ) ;
#9284 = DIRECTION ( 'NONE',  ( 0.0000000000000000000, 0.0000000000000000000, -1.000000000000000000 ) ) ;
#9285 = VECTOR ( 'NONE', #9284, 1000.000000000000000 ) ;
#9286 = CARTESIAN_POINT ( 'NONE',  ( 10.75000000000000000, 0.0000000000000000000, -2.350000000000001400 ) ) ;
#9287 = LINE ( 'NONE', #9286, #9285 ) ;
#9288 = FILL_AREA_STYLE_COLOUR ( '', #9282 ) ;
#9289 =( LENGTH_UNIT ( ) NAMED_UNIT ( * ) SI_UNIT ( .MILLI., .METRE. ) );
#9290 = MECHANICAL_DESIGN_GEOMETRIC_PRESENTATION_REPRESENTATION (  '', ( #9292 ), #9342 ) ;
#9291 = PRESENTATION_LAYER_ASSIGNMENT (  '', '', ( #9292 ) ) ;
#9292 = STYLED_ITEM ( 'NONE', ( #9293 ), #9502 ) ;
#9293 = PRESENTATION_STYLE_ASSIGNMENT (( #9294 ) ) ;
#9294 = SURFACE_STYLE_USAGE ( .BOTH. , #9295 ) ;
#9295 = SURFACE_SIDE_STYLE ('',( #9296 ) ) ;
#9296 = SURFACE_STYLE_FILL_AREA ( #9297 ) ;
#9297 = FILL_AREA_STYLE ('',( #9304 ) ) ;
#9298 = COLOUR_RGB ( '',0.7529411764705882200, 0.7529411764705882200, 0.7529411764705882200 ) ;
#9299 = FACE_OUTER_BOUND ( 'NONE', #9501, .T. ) ;
#9300 = DIRECTION ( 'NONE',  ( -1.000000000000000000, 0.0000000000000000000, 0.0000000000000000000 ) ) ;
#9301 = VECTOR ( 'NONE', #9300, 1000.000000000000000 ) ;
#9302 = CARTESIAN_POINT ( 'NONE',  ( 11.25000000000000000, 0.5999999999999998700, -4.250000000000000900 ) ) ;
#9303 = LINE ( 'NONE', #9302, #9301 ) ;
#9304 = FILL_AREA_STYLE_COLOUR ( '', #9298 ) ;
#9305 = DIRECTION ( 'NONE',  ( 0.0000000000000000000, 0.0000000000000000000, -1.000000000000000000 ) ) ;
#9306 = DIRECTION ( 'NONE',  ( 0.0000000000000000000, -1.000000000000000000, 0.0000000000000000000 ) ) ;
#9307 = CARTESIAN_POINT ( 'NONE',  ( 11.25000000000000000, 0.5999999999999998700, -2.850000000000001400 ) ) ;
#9308 = AXIS2_PLACEMENT_3D ( 'NONE', #9307, #9306, #9305 ) ;
#9309 = PLANE ( 'NONE',  #9308 ) ;
#9310 =( GEOMETRIC_REPRESENTATION_CONTEXT ( 3 ) GLOBAL_UNCERTAINTY_ASSIGNED_CONTEXT ( ( #9311 ) ) GLOBAL_UNIT_ASSIGNED_CONTEXT ( ( #9314, #9313, #9312 ) ) REPRESENTATION_CONTEXT ( 'NONE', 'WORKASPACE' ) );
#9311 = UNCERTAINTY_MEASURE_WITH_UNIT (LENGTH_MEASURE( 1.000000000000000100E-005 ), #9314, 'distance_accuracy_value', 'NONE');
#9312 =( NAMED_UNIT ( * ) SI_UNIT ( $, .STERADIAN. ) SOLID_ANGLE_UNIT ( ) );
#9313 =( NAMED_UNIT ( * ) PLANE_ANGLE_UNIT ( ) SI_UNIT ( $, .RADIAN. ) );
#9314 =( LENGTH_UNIT ( ) NAMED_UNIT ( * ) SI_UNIT ( .MILLI., .METRE. ) );
#9315 = MECHANICAL_DESIGN_GEOMETRIC_PRESENTATION_REPRESENTATION (  '', ( #9255 ), #9310 ) ;
#9316 = PRESENTATION_LAYER_ASSIGNMENT (  '', '', ( #9317 ) ) ;
#9317 = STYLED_ITEM ( 'NONE', ( #9318 ), #9512 ) ;
#9318 = PRESENTATION_STYLE_ASSIGNMENT (( #9319 ) ) ;
#9319 = SURFACE_STYLE_USAGE ( .BOTH. , #9320 ) ;
#9320 = SURFACE_SIDE_STYLE ('',( #9321 ) ) ;
#9321 = SURFACE_STYLE_FILL_AREA ( #9322 ) ;
#9322 = FILL_AREA_STYLE ('',( #9323 ) ) ;
#9323 = FILL_AREA_STYLE_COLOUR ( '', #9324 ) ;
#9324 = COLOUR_RGB ( '',0.7529411764705882200, 0.7529411764705882200, 0.7529411764705882200 ) ;
#9325 = FACE_OUTER_BOUND ( 'NONE', #9477, .T. ) ;
#9326 = CARTESIAN_POINT ( 'NONE',  ( 11.25000000000000000, 6.399999999999999500, -0.5000000000000017800 ) ) ;
#9327 = CARTESIAN_POINT ( 'NONE',  ( 13.30000000000000200, -1.734723475976807100E-015, -0.4500000000000016200 ) ) ;
#9328 = DIRECTION ( 'NONE',  ( 0.0000000000000000000, 0.0000000000000000000, -1.000000000000000000 ) ) ;
#9329 = VECTOR ( 'NONE', #9328, 1000.000000000000000 ) ;
#9330 = CARTESIAN_POINT ( 'NONE',  ( 13.30000000000000200, -1.734723475976807100E-015, -0.4500000000000016200 ) ) ;
#9331 = LINE ( 'NONE', #9330, #9329 ) ;
#9332 = CARTESIAN_POINT ( 'NONE',  ( 13.30000000000000200, -1.734723475976807100E-015, 2.749999999999999100 ) ) ;
#9333 = DIRECTION ( 'NONE',  ( -1.000000000000000000, 0.0000000000000000000, 0.0000000000000000000 ) ) ;
#9334 = VECTOR ( 'NONE', #9333, 1000.000000000000000 ) ;
#9335 = CARTESIAN_POINT ( 'NONE',  ( 13.30000000000000200, -1.734723475976807100E-015, 2.749999999999999100 ) ) ;
#9336 = LINE ( 'NONE', #9335, #9334 ) ;
#9337 = DIRECTION ( 'NONE',  ( 0.0000000000000000000, 0.0000000000000000000, 1.000000000000000000 ) ) ;
#9338 = DIRECTION ( 'NONE',  ( -1.000000000000000000, 0.0000000000000000000, 0.0000000000000000000 ) ) ;
#9339 = CARTESIAN_POINT ( 'NONE',  ( 13.30000000000000200, -1.734723475976807100E-015, 2.749999999999999100 ) ) ;
#9340 = AXIS2_PLACEMENT_3D ( 'NONE', #9339, #9338, #9337 ) ;
#9341 = PLANE ( 'NONE',  #9340 ) ;
#9342 =( GEOMETRIC_REPRESENTATION_CONTEXT ( 3 ) GLOBAL_UNCERTAINTY_ASSIGNED_CONTEXT ( ( #9343 ) ) GLOBAL_UNIT_ASSIGNED_CONTEXT ( ( #9289, #9345, #9344 ) ) REPRESENTATION_CONTEXT ( 'NONE', 'WORKASPACE' ) );
#9343 = UNCERTAINTY_MEASURE_WITH_UNIT (LENGTH_MEASURE( 1.000000000000000100E-005 ), #9289, 'distance_accuracy_value', 'NONE');
#9344 =( NAMED_UNIT ( * ) SI_UNIT ( $, .STERADIAN. ) SOLID_ANGLE_UNIT ( ) );
#9345 =( NAMED_UNIT ( * ) PLANE_ANGLE_UNIT ( ) SI_UNIT ( $, .RADIAN. ) );
#9346 =( NAMED_UNIT ( * ) SI_UNIT ( $, .STERADIAN. ) SOLID_ANGLE_UNIT ( ) );
#9347 =( NAMED_UNIT ( * ) PLANE_ANGLE_UNIT ( ) SI_UNIT ( $, .RADIAN. ) );
#9348 =( LENGTH_UNIT ( ) NAMED_UNIT ( * ) SI_UNIT ( .MILLI., .METRE. ) );
#9349 = DIRECTION ( 'NONE',  ( -1.000000000000000000, 0.0000000000000000000, 0.0000000000000000000 ) ) ;
#9350 = VECTOR ( 'NONE', #9349, 1000.000000000000000 ) ;
#9351 = CARTESIAN_POINT ( 'NONE',  ( 11.25000000000000000, 6.399999999999999500, -0.5000000000000017800 ) ) ;
#9352 = LINE ( 'NONE', #9351, #9350 ) ;
#9353 = DIRECTION ( 'NONE',  ( 0.0000000000000000000, 0.0000000000000000000, 1.000000000000000000 ) ) ;
#9354 = DIRECTION ( 'NONE',  ( -1.000000000000000000, 0.0000000000000000000, 0.0000000000000000000 ) ) ;
#9355 = CARTESIAN_POINT ( 'NONE',  ( 10.75000000000000000, 0.3999999999999993000, -2.850000000000001400 ) ) ;
#9356 = AXIS2_PLACEMENT_3D ( 'NONE', #9355, #9354, #9353 ) ;
#9357 = PLANE ( 'NONE',  #9356 ) ;
#9358 =( GEOMETRIC_REPRESENTATION_CONTEXT ( 3 ) GLOBAL_UNCERTAINTY_ASSIGNED_CONTEXT ( ( #9359 ) ) GLOBAL_UNIT_ASSIGNED_CONTEXT ( ( #9362, #9361, #9360 ) ) REPRESENTATION_CONTEXT ( 'NONE', 'WORKASPACE' ) );
#9359 = UNCERTAINTY_MEASURE_WITH_UNIT (LENGTH_MEASURE( 1.000000000000000100E-005 ), #9362, 'distance_accuracy_value', 'NONE');
#9360 =( NAMED_UNIT ( * ) SI_UNIT ( $, .STERADIAN. ) SOLID_ANGLE_UNIT ( ) );
#9361 =( NAMED_UNIT ( * ) PLANE_ANGLE_UNIT ( ) SI_UNIT ( $, .RADIAN. ) );
#9362 =( LENGTH_UNIT ( ) NAMED_UNIT ( * ) SI_UNIT ( .MILLI., .METRE. ) );
#9363 = MECHANICAL_DESIGN_GEOMETRIC_PRESENTATION_REPRESENTATION (  '', ( #9317 ), #9358 ) ;
#9364 = DIRECTION ( 'NONE',  ( 1.000000000000000000, 0.0000000000000000000, 0.0000000000000000000 ) ) ;
#9365 = DIRECTION ( 'NONE',  ( 0.0000000000000000000, 0.0000000000000000000, 1.000000000000000000 ) ) ;
#9366 = CARTESIAN_POINT ( 'NONE',  ( 0.0000000000000000000, 0.0000000000000000000, 0.0000000000000000000 ) ) ;
#9367 = AXIS2_PLACEMENT_3D ( 'NONE', #9366, #9365, #9364 ) ;
#9368 = SHAPE_DEFINITION_REPRESENTATION ( #9372, #9369 ) ;
#9369 = ADVANCED_BREP_SHAPE_REPRESENTATION ( 'BM12B-PASS', ( #2099, #9367 ), #9370 ) ;
#9370 =( GEOMETRIC_REPRESENTATION_CONTEXT ( 3 ) GLOBAL_UNCERTAINTY_ASSIGNED_CONTEXT ( ( #9371 ) ) GLOBAL_UNIT_ASSIGNED_CONTEXT ( ( #9348, #9347, #9346 ) ) REPRESENTATION_CONTEXT ( 'NONE', 'WORKASPACE' ) );
#9371 = UNCERTAINTY_MEASURE_WITH_UNIT (LENGTH_MEASURE( 1.000000000000000100E-005 ), #9348, 'distance_accuracy_value', 'NONE');
#9372 = PRODUCT_DEFINITION_SHAPE ( 'NONE', 'NONE',  #9375 ) ;
#9373 = PRODUCT_RELATED_PRODUCT_CATEGORY ( 'part', '', ( #9379 ) ) ;
#9374 = PRODUCT_DEFINITION_FORMATION_WITH_SPECIFIED_SOURCE ( 'ANY', '', #9379, .NOT_KNOWN. ) ;
#9375 = PRODUCT_DEFINITION ( 'UNKNOWN', '', #9374, #9376 ) ;
#9376 = PRODUCT_DEFINITION_CONTEXT ( 'detailed design', #9378, 'design' ) ;
#9377 = APPLICATION_PROTOCOL_DEFINITION ( 'draft international standard', 'automotive_design', 1998, #9378 ) ;
#9378 = APPLICATION_CONTEXT ( 'automotive_design' ) ;
#9379 = PRODUCT ( 'BM12B-PASS', 'BM12B-PASS', '', ( #9380 ) ) ;
#9380 = PRODUCT_CONTEXT ( 'NONE', #9382, 'mechanical' ) ;
#9381 = APPLICATION_PROTOCOL_DEFINITION ( 'draft international standard', 'automotive_design', 1998, #9382 ) ;
#9382 = APPLICATION_CONTEXT ( 'automotive_design' ) ;
#9383 = ORIENTED_EDGE ( 'NONE', *, *, #9432, .F. ) ;
#9384 = ORIENTED_EDGE ( 'NONE', *, *, #9467, .T. ) ;
#9385 = ORIENTED_EDGE ( 'NONE', *, *, #9386, .F. ) ;
#9386 = EDGE_CURVE ( 'NONE', #9511, #4, #8982, .T. ) ;
#9387 = ORIENTED_EDGE ( 'NONE', *, *, #189, .F. ) ;
#9388 = ORIENTED_EDGE ( 'NONE', *, *, #181, .F. ) ;
#9389 = ORIENTED_EDGE ( 'NONE', *, *, #51, .F. ) ;
#9390 = ORIENTED_EDGE ( 'NONE', *, *, #195, .F. ) ;
#9391 = EDGE_LOOP ( 'NONE', ( #9429, #9430, #9425, #9426 ) ) ;
#9392 = CARTESIAN_POINT ( 'NONE',  ( 7.900000000000000400, 0.09999999999999939500, 2.849999999999997400 ) ) ;
#9393 = DIRECTION ( 'NONE',  ( 0.0000000000000000000, 0.0000000000000000000, 1.000000000000000000 ) ) ;
#9394 =( LENGTH_UNIT ( ) NAMED_UNIT ( * ) SI_UNIT ( .MILLI., .METRE. ) );
#9395 = ADVANCED_FACE ( 'NONE', ( #8978 ), #9026, .F. ) ;
#9396 = ORIENTED_EDGE ( 'NONE', *, *, #2691, .F. ) ;
#9397 = EDGE_LOOP ( 'NONE', ( #9396, #9383, #9384, #9410 ) ) ;
#9398 = ADVANCED_FACE ( 'NONE', ( #9020 ), #9056, .F. ) ;
#9399 = EDGE_CURVE ( 'NONE', #9427, #9402, #9051, .T. ) ;
#9400 = VERTEX_POINT ( 'NONE', #9047 ) ;
#9401 = ORIENTED_EDGE ( 'NONE', *, *, #1869, .T. ) ;
#9402 = VERTEX_POINT ( 'NONE', #9046 ) ;
#9403 = ORIENTED_EDGE ( 'NONE', *, *, #9399, .F. ) ;
#9404 = ORIENTED_EDGE ( 'NONE', *, *, #9438, .F. ) ;
#9405 = ORIENTED_EDGE ( 'NONE', *, *, #1828, .T. ) ;
#9406 = ORIENTED_EDGE ( 'NONE', *, *, #2535, .T. ) ;
#9407 = ADVANCED_FACE ( 'NONE', ( #9045 ), #9083, .F. ) ;
#9408 = EDGE_LOOP ( 'NONE', ( #9405, #9406, #9413, #9414, #9409, #9447 ) ) ;
#9409 = ORIENTED_EDGE ( 'NONE', *, *, #9451, .T. ) ;
#9410 = ORIENTED_EDGE ( 'NONE', *, *, #9476, .T. ) ;
#9411 = VERTEX_POINT ( 'NONE', #9078 ) ;
#9412 = EDGE_CURVE ( 'NONE', #9427, #9411, #9076, .T. ) ;
#9413 = ORIENTED_EDGE ( 'NONE', *, *, #9431, .T. ) ;
#9414 = ORIENTED_EDGE ( 'NONE', *, *, #9412, .T. ) ;
#9415 = ORIENTED_EDGE ( 'NONE', *, *, #9513, .F. ) ;
#9416 = ORIENTED_EDGE ( 'NONE', *, *, #2636, .F. ) ;
#9417 = ORIENTED_EDGE ( 'NONE', *, *, #9473, .T. ) ;
#9418 = ADVANCED_FACE ( 'NONE', ( #9072 ), #9111, .F. ) ;
#9419 = EDGE_LOOP ( 'NONE', ( #9416, #9417, #9415, #9423 ) ) ;
#9420 = EDGE_LOOP ( 'NONE', ( #9421, #9428, #9434, #9403 ) ) ;
#9421 = ORIENTED_EDGE ( 'NONE', *, *, #9431, .F. ) ;
#9422 = ADVANCED_FACE ( 'NONE', ( #9105 ), #9090, .F. ) ;
#9423 = ORIENTED_EDGE ( 'NONE', *, *, #9424, .F. ) ;
#9424 = EDGE_CURVE ( 'NONE', #2637, #9511, #9085, .T. ) ;
#9425 = ORIENTED_EDGE ( 'NONE', *, *, #9386, .T. ) ;
#9426 = ORIENTED_EDGE ( 'NONE', *, *, #9432, .T. ) ;
#9427 = VERTEX_POINT ( 'NONE', #9145 ) ;
#9428 = ORIENTED_EDGE ( 'NONE', *, *, #2532, .T. ) ;
#9429 = ORIENTED_EDGE ( 'NONE', *, *, #2642, .F. ) ;
#9430 = ORIENTED_EDGE ( 'NONE', *, *, #9424, .T. ) ;
#9431 = EDGE_CURVE ( 'NONE', #2533, #9427, #9144, .T. ) ;
#9432 = EDGE_CURVE ( 'NONE', #4, #2638, #9140, .T. ) ;
#9433 = EDGE_CURVE ( 'NONE', #2540, #9402, #9136, .T. ) ;
#9434 = ORIENTED_EDGE ( 'NONE', *, *, #9433, .T. ) ;
#9435 = VERTEX_POINT ( 'NONE', #9132 ) ;
#9436 = ORIENTED_EDGE ( 'NONE', *, *, #9439, .F. ) ;
#9437 = VERTEX_POINT ( 'NONE', #9131 ) ;
#9438 = EDGE_CURVE ( 'NONE', #9437, #1915, #9130, .T. ) ;
#9439 = EDGE_CURVE ( 'NONE', #9435, #9437, #9125, .T. ) ;
#9440 = ORIENTED_EDGE ( 'NONE', *, *, #2553, .F. ) ;
#9441 = EDGE_LOOP ( 'NONE', ( #9440, #9442, #9404, #9436, #9488, #9485 ) ) ;
#9442 = ORIENTED_EDGE ( 'NONE', *, *, #1807, .F. ) ;
#9443 = ORIENTED_EDGE ( 'NONE', *, *, #2453, .T. ) ;
#9444 = ADVANCED_FACE ( 'NONE', ( #9121 ), #9173, .T. ) ;
#9445 = VERTEX_POINT ( 'NONE', #9168 ) ;
#9446 = ORIENTED_EDGE ( 'NONE', *, *, #9412, .F. ) ;
#9447 = ORIENTED_EDGE ( 'NONE', *, *, #9448, .T. ) ;
#9448 = EDGE_CURVE ( 'NONE', #9445, #1912, #9167, .T. ) ;
#9449 = ORIENTED_EDGE ( 'NONE', *, *, #2325, .F. ) ;
#9450 = ORIENTED_EDGE ( 'NONE', *, *, #2077, .F. ) ;
#9451 = EDGE_CURVE ( 'NONE', #9411, #9445, #9162, .T. ) ;
#9452 = EDGE_LOOP ( 'NONE', ( #9497, #9498, #9496, #9495 ) ) ;
#9453 = EDGE_LOOP ( 'NONE', ( #9449, #9450, #79, #80, #82, #83 ) ) ;
#9454 =( NAMED_UNIT ( * ) PLANE_ANGLE_UNIT ( ) SI_UNIT ( $, .RADIAN. ) );
#9455 = ORIENTED_EDGE ( 'NONE', *, *, #9399, .T. ) ;
#9456 = ADVANCED_FACE ( 'NONE', ( #9158 ), #9195, .F. ) ;
#9457 = DIRECTION ( 'NONE',  ( 0.0000000000000000000, 0.0000000000000000000, -1.000000000000000000 ) ) ;
#9458 = CARTESIAN_POINT ( 'NONE',  ( 4.749999999999999100, 0.5999999999999998700, -2.850000000000001400 ) ) ;
#9459 = ORIENTED_EDGE ( 'NONE', *, *, #2565, .T. ) ;
#9460 = ORIENTED_EDGE ( 'NONE', *, *, #1454, .F. ) ;
#9461 = VERTEX_POINT ( 'NONE', #9190 ) ;
#9462 = ORIENTED_EDGE ( 'NONE', *, *, #2353, .T. ) ;
#9463 = ORIENTED_EDGE ( 'NONE', *, *, #1640, .T. ) ;
#9464 = ORIENTED_EDGE ( 'NONE', *, *, #9467, .F. ) ;
#9465 = EDGE_LOOP ( 'NONE', ( #9463, #9459, #9462, #9460 ) ) ;
#9466 = VERTEX_POINT ( 'NONE', #9189 ) ;
#9467 = EDGE_CURVE ( 'NONE', #4, #9466, #9188, .T. ) ;
#9468 = ORIENTED_EDGE ( 'NONE', *, *, #1777, .F. ) ;
#9469 = EDGE_CURVE ( 'NONE', #9470, #9466, #9184, .T. ) ;
#9470 = VERTEX_POINT ( 'NONE', #9180 ) ;
#9471 = ORIENTED_EDGE ( 'NONE', *, *, #9469, .T. ) ;
#9472 = EDGE_LOOP ( 'NONE', ( #9471, #9464, #9385, #9510 ) ) ;
#9473 = EDGE_CURVE ( 'NONE', #2641, #9470, #9179, .T. ) ;
#9474 = ORIENTED_EDGE ( 'NONE', *, *, #9476, .F. ) ;
#9475 = ORIENTED_EDGE ( 'NONE', *, *, #2693, .T. ) ;
#9476 = EDGE_CURVE ( 'NONE', #9466, #2614, #9224, .T. ) ;
#9477 = EDGE_LOOP ( 'NONE', ( #9509, #9475, #9474, #9478 ) ) ;
#9478 = ORIENTED_EDGE ( 'NONE', *, *, #9469, .F. ) ;
#9479 = ADVANCED_FACE ( 'NONE', ( #9220 ), #9205, .F. ) ;
#9480 = EDGE_CURVE ( 'NONE', #9411, #9435, #9252, .T. ) ;
#9481 = ORIENTED_EDGE ( 'NONE', *, *, #9489, .T. ) ;
#9482 = ORIENTED_EDGE ( 'NONE', *, *, #9480, .F. ) ;
#9483 = EDGE_LOOP ( 'NONE', ( #9481, #9482, #9446, #9455 ) ) ;
#9484 = ADVANCED_FACE ( 'NONE', ( #9248 ), #9233, .F. ) ;
#9485 = ORIENTED_EDGE ( 'NONE', *, *, #9433, .F. ) ;
#9486 = ORIENTED_EDGE ( 'NONE', *, *, #9448, .F. ) ;
#9487 = ORIENTED_EDGE ( 'NONE', *, *, #1914, .F. ) ;
#9488 = ORIENTED_EDGE ( 'NONE', *, *, #9489, .F. ) ;
#9489 = EDGE_CURVE ( 'NONE', #9402, #9435, #9287, .T. ) ;
#9490 = ADVANCED_FACE ( 'NONE', ( #9283 ), #9268, .F. ) ;
#9491 = ORIENTED_EDGE ( 'NONE', *, *, #9499, .T. ) ;
#9492 = ORIENTED_EDGE ( 'NONE', *, *, #9438, .T. ) ;
#9493 = EDGE_LOOP ( 'NONE', ( #9492, #9487, #9486, #9491 ) ) ;
#9494 = ADVANCED_FACE ( 'NONE', ( #9262 ), #9309, .F. ) ;
#9495 = ORIENTED_EDGE ( 'NONE', *, *, #9480, .T. ) ;
#9496 = ORIENTED_EDGE ( 'NONE', *, *, #9451, .F. ) ;
#9497 = ORIENTED_EDGE ( 'NONE', *, *, #9439, .T. ) ;
#9498 = ORIENTED_EDGE ( 'NONE', *, *, #9499, .F. ) ;
#9499 = EDGE_CURVE ( 'NONE', #9445, #9437, #9303, .T. ) ;
#9500 = ORIENTED_EDGE ( 'NONE', *, *, #2198, .T. ) ;
#9501 = EDGE_LOOP ( 'NONE', ( #9500, #231, #232, #234, #235, #237, #238 ) ) ;
#9502 = ADVANCED_FACE ( 'NONE', ( #9299 ), #9341, .F. ) ;
#9503 = EDGE_CURVE ( 'NONE', #9505, #245, #9336, .T. ) ;
#9504 = ORIENTED_EDGE ( 'NONE', *, *, #9503, .T. ) ;
#9505 = VERTEX_POINT ( 'NONE', #9332 ) ;
#9506 = EDGE_CURVE ( 'NONE', #9505, #9508, #9331, .T. ) ;
#9507 = ORIENTED_EDGE ( 'NONE', *, *, #9506, .F. ) ;
#9508 = VERTEX_POINT ( 'NONE', #9327 ) ;
#9509 = ORIENTED_EDGE ( 'NONE', *, *, #9473, .F. ) ;
#9510 = ORIENTED_EDGE ( 'NONE', *, *, #9513, .T. ) ;
#9511 = VERTEX_POINT ( 'NONE', #9326 ) ;
#9512 = ADVANCED_FACE ( 'NONE', ( #9325 ), #9357, .T. ) ;
#9513 = EDGE_CURVE ( 'NONE', #9511, #9470, #9352, .T. ) ;
ENDSEC;
END-ISO-10303-21;
