#VRML V2.0 utf8

Shape {
  appearance Appearance {
    material Material {
      diffuseColor 0.2863 0.2863 0.2863
      specularColor 0.0196 0.0196 0.0196
      ambientIntensity 0.2
      transparency 0.0000
      shininess 0.5
    }
  }
  geometry IndexedFaceSet {
    ccw TRUE
    solid FALSE
    coord DEF co Coordinate {
      point [
        -0.147638 0.019685 0.393701,
        -0.147638 0.019685 0.314961,
        -0.246063 0.019685 0.393701,
        -0.246063 0.019685 0.314961,
        -0.716535 0.433071 0.393701,
        -0.787402 0.433071 0.393701,
        -0.716535 0.019685 0.393701,
        -0.787402 -0.433071 0.393701,
        -0.344488 0.019685 0.393701,
        0.787402 -0.433071 0.393701,
        0.787402 0.433071 0.393701,
        0.716535 0.019685 0.393701,
        0.716535 0.433071 0.393701,
        0.049213 -0.019685 0.393701,
        -0.637795 -0.748031 0.393701,
        0.147638 -0.019685 0.393701,
        0.246063 -0.019685 0.393701,
        0.147638 0.019685 0.393701,
        0.246063 0.019685 0.393701,
        0.344488 0.019685 0.393701,
        0.344488 -0.019685 0.393701,
        0.637795 -0.433071 0.393701,
        0.637795 -0.748031 0.393701,
        -0.147638 -0.019685 0.393701,
        -0.246063 -0.019685 0.393701,
        0.049213 0.019685 0.393701,
        -0.049213 0.019685 0.393701,
        -0.049213 -0.019685 0.393701,
        -0.637795 -0.433071 0.393701,
        -0.344488 -0.019685 0.393701,
        -0.393701 0.019685 0.314961,
        -0.344488 0.019685 0.314961,
        -0.716535 0.019685 0.196850,
        -0.696850 0.019685 0.212598,
        -0.637795 0.019685 0.212598,
        -0.696850 0.019685 0.275591,
        -0.637795 0.019685 0.275591,
        -0.393701 0.019685 0.196850,
        -0.147638 -0.472441 0.314961,
        -0.246063 -0.472441 0.314961,
        -0.246063 -0.472441 0.275591,
        -0.147638 -0.472441 0.275591,
        -0.246063 -0.669291 0.275591,
        -0.147638 -0.669291 0.275591,
        -0.147638 -0.748031 0.314961,
        -0.246063 -0.748031 0.314961,
        -0.059055 -0.748031 -0.000000,
        0.637795 -0.748031 -0.000000,
        0.246063 -0.748031 0.019685,
        0.344488 -0.748031 0.019685,
        -0.049213 -0.748031 0.314961,
        0.049213 -0.748031 0.314961,
        -0.049213 -0.748031 0.374016,
        0.049213 -0.748031 0.374016,
        0.049213 -0.748031 0.019685,
        0.147638 -0.748031 0.019685,
        0.147638 -0.748031 0.059055,
        0.246063 -0.748031 0.059055,
        0.147638 -0.748031 0.314961,
        0.246063 -0.748031 0.314961,
        0.147638 -0.748031 0.374016,
        0.246063 -0.748031 0.374016,
        -0.147638 -0.748031 0.059055,
        -0.246063 -0.748031 0.059055,
        -0.147638 -0.748031 0.019685,
        -0.246063 -0.748031 0.019685,
        0.049213 -0.748031 0.059055,
        -0.049213 -0.748031 0.059055,
        -0.049213 -0.748031 0.019685,
        -0.637795 -0.748031 -0.000000,
        0.344488 -0.748031 0.374016,
        0.344488 -0.748031 0.314961,
        0.393701 -0.748031 0.314961,
        0.344488 -0.748031 0.059055,
        0.393701 -0.748031 0.059055,
        -0.344488 -0.748031 0.019685,
        -0.344488 -0.748031 0.059055,
        -0.393701 -0.748031 0.059055,
        -0.393701 -0.748031 0.314961,
        -0.246063 -0.748031 0.374016,
        -0.344488 -0.748031 0.374016,
        -0.344488 -0.748031 0.314961,
        -0.147638 -0.748031 0.374016,
        -0.344488 -0.472441 0.314961,
        -0.393701 -0.472441 0.314961,
        -0.393701 -0.472441 0.275591,
        -0.344488 -0.472441 0.275591,
        -0.393701 -0.669291 0.275591,
        -0.344488 -0.669291 0.275591,
        -0.246063 -0.019685 0.374016,
        -0.344488 -0.019685 0.374016,
        -0.265748 -0.708661 0.374016,
        -0.265748 -0.157480 0.374016,
        -0.324803 -0.708661 0.374016,
        -0.324803 -0.157480 0.374016,
        0.127953 -0.708661 0.374016,
        0.127953 -0.157480 0.374016,
        0.068898 -0.708661 0.374016,
        0.068898 -0.157480 0.374016,
        0.049213 -0.019685 0.374016,
        0.147638 -0.019685 0.374016,
      ]
    }
    coordIndex [
      0, 1, 2, -1,
      2, 1, 3, -1,
      4, 5, 6, -1,
      6, 5, 7, -1,
      6, 7, 8, -1,
      9, 10, 11, -1,
      11, 10, 12, -1,
      13, 14, 15, -1,
      15, 14, 16, -1,
      15, 16, 17, -1,
      17, 16, 18, -1,
      11, 19, 9, -1,
      9, 19, 20, -1,
      9, 20, 21, -1,
      21, 20, 16, -1,
      21, 16, 22, -1,
      22, 16, 14, -1,
      0, 2, 23, -1,
      23, 2, 24, -1,
      25, 26, 13, -1,
      13, 26, 27, -1,
      13, 27, 14, -1,
      14, 27, 28, -1,
      27, 23, 28, -1,
      28, 23, 24, -1,
      28, 24, 7, -1,
      7, 24, 29, -1,
      7, 29, 8, -1,
      6, 8, 30, -1,
      30, 8, 31, -1,
      32, 33, 34, -1,
      33, 32, 35, -1,
      35, 32, 6, -1,
      35, 6, 36, -1,
      36, 6, 30, -1,
      36, 30, 34, -1,
      34, 30, 37, -1,
      34, 37, 32, -1,
      1, 38, 3, -1,
      3, 38, 39, -1,
      39, 38, 40, -1,
      40, 38, 41, -1,
      40, 41, 42, -1,
      42, 41, 43, -1,
      43, 44, 42, -1,
      42, 44, 45, -1,
      46, 47, 48, -1,
      48, 47, 49, -1,
      50, 51, 52, -1,
      52, 51, 53, -1,
      54, 46, 55, -1,
      55, 46, 48, -1,
      55, 48, 56, -1,
      56, 48, 57, -1,
      58, 59, 60, -1,
      60, 59, 61, -1,
      60, 61, 22, -1,
      62, 63, 64, -1,
      64, 63, 65, -1,
      66, 67, 54, -1,
      54, 67, 68, -1,
      54, 68, 46, -1,
      46, 68, 64, -1,
      46, 64, 69, -1,
      69, 64, 65, -1,
      70, 71, 72, -1,
      73, 49, 74, -1,
      74, 49, 47, -1,
      74, 47, 72, -1,
      72, 47, 22, -1,
      72, 22, 70, -1,
      70, 22, 61, -1,
      75, 76, 77, -1,
      65, 75, 69, -1,
      69, 75, 77, -1,
      69, 77, 14, -1,
      14, 77, 78, -1,
      79, 14, 80, -1,
      80, 14, 78, -1,
      80, 78, 81, -1,
      45, 44, 79, -1,
      79, 44, 82, -1,
      79, 82, 14, -1,
      14, 82, 52, -1,
      14, 52, 22, -1,
      22, 52, 53, -1,
      22, 53, 60, -1,
      83, 84, 31, -1,
      31, 84, 30, -1,
      85, 84, 86, -1,
      86, 84, 83, -1,
      87, 85, 88, -1,
      88, 85, 86, -1,
      81, 78, 88, -1,
      88, 78, 87, -1,
      89, 24, 2, -1,
      42, 45, 79, -1,
      2, 3, 89, -1,
      89, 3, 39, -1,
      89, 39, 79, -1,
      79, 39, 40, -1,
      79, 40, 42, -1,
      88, 86, 83, -1,
      8, 29, 31, -1,
      31, 29, 90, -1,
      31, 90, 83, -1,
      83, 90, 80, -1,
      83, 80, 88, -1,
      88, 80, 81, -1,
      79, 91, 92, -1,
      91, 79, 93, -1,
      93, 79, 80, -1,
      93, 80, 94, -1,
      94, 80, 90, -1,
      94, 90, 92, -1,
      92, 90, 89, -1,
      92, 89, 79, -1,
      24, 89, 29, -1,
      29, 89, 90, -1,
      60, 95, 96, -1,
      95, 60, 97, -1,
      97, 60, 53, -1,
      97, 53, 98, -1,
      98, 53, 99, -1,
      98, 99, 96, -1,
      96, 99, 100, -1,
      96, 100, 60, -1,
    ]
  }
}

Shape {
  appearance Appearance {
    material Material {
      diffuseColor 0.8314 0.6706 0.1294
      specularColor 0.6667 0.5373 0.1020
      ambientIntensity 0.2
      transparency 0.0000
      shininess 0.5
    }
  }
  geometry IndexedFaceSet {
    ccw TRUE
    solid FALSE
    coord DEF co Coordinate {
      point [
        0.068898 -0.708661 0.019685,
        0.127953 -0.708661 0.019685,
        0.127953 -0.703966 0.055349,
        0.068898 -0.703966 0.055349,
        0.127953 -0.690200 0.088583,
        0.068898 -0.690200 0.088583,
        0.127953 -0.668302 0.117121,
        0.068898 -0.668302 0.117121,
        0.127953 -0.639764 0.139019,
        0.068898 -0.639764 0.139019,
        0.127953 -0.606530 0.152785,
        0.068898 -0.606530 0.152785,
        0.127953 -0.570866 0.157480,
        0.068898 -0.570866 0.157480,
        0.127953 -0.560676 0.156139,
        0.068898 -0.560676 0.156139,
        0.127953 -0.551181 0.152206,
        0.068898 -0.551181 0.152206,
        0.127953 -0.543027 0.145949,
        0.068898 -0.543027 0.145949,
        0.127953 -0.536770 0.137795,
        0.068898 -0.536770 0.137795,
        0.127953 -0.532837 0.128300,
        0.068898 -0.532837 0.128300,
        0.127953 -0.531496 0.118110,
        0.068898 -0.531496 0.118110,
        0.068898 -0.531496 0.098425,
        0.127953 -0.531496 0.098425,
        0.068898 0.472441 0.098425,
        0.127953 0.472441 0.098425,
        0.068898 0.472441 0.118110,
        0.127953 0.472441 0.118110,
        0.068898 0.590551 0.118110,
        0.127953 0.590551 0.118110,
        0.068898 0.590551 0.000000,
        0.127953 0.590551 0.000000,
        0.068898 0.588513 -0.000268,
        0.127953 0.588513 -0.000268,
        0.068898 0.586614 -0.001055,
        0.127953 0.586614 -0.001055,
        0.068898 0.584983 -0.002306,
        0.127953 0.584983 -0.002306,
        0.068898 0.583732 -0.003937,
        0.127953 0.583732 -0.003937,
        0.068898 0.582945 -0.005836,
        0.127953 0.582945 -0.005836,
        0.068898 0.582677 -0.007874,
        0.127953 0.582677 -0.007874,
        0.068898 0.433071 -0.007874,
        0.127953 0.433071 -0.007874,
        0.068898 0.433071 0.000000,
        0.127953 0.433071 0.000000,
        0.068898 0.433071 0.019685,
        0.127953 0.433071 0.019685,
      ]
    }
    coordIndex [
      0, 1, 2, -1,
      0, 2, 3, -1,
      3, 2, 4, -1,
      3, 4, 5, -1,
      5, 4, 6, -1,
      5, 6, 7, -1,
      7, 6, 8, -1,
      7, 8, 9, -1,
      9, 8, 10, -1,
      9, 10, 11, -1,
      11, 10, 12, -1,
      11, 12, 13, -1,
      13, 12, 14, -1,
      13, 14, 15, -1,
      15, 14, 16, -1,
      15, 16, 17, -1,
      17, 16, 18, -1,
      17, 18, 19, -1,
      19, 18, 20, -1,
      19, 20, 21, -1,
      21, 20, 22, -1,
      21, 22, 23, -1,
      23, 22, 24, -1,
      23, 24, 25, -1,
      26, 25, 27, -1,
      27, 25, 24, -1,
      28, 26, 29, -1,
      29, 26, 27, -1,
      30, 28, 31, -1,
      31, 28, 29, -1,
      32, 30, 33, -1,
      33, 30, 31, -1,
      34, 32, 35, -1,
      35, 32, 33, -1,
      34, 35, 36, -1,
      36, 35, 37, -1,
      36, 37, 38, -1,
      38, 37, 39, -1,
      38, 39, 40, -1,
      40, 39, 41, -1,
      40, 41, 42, -1,
      42, 41, 43, -1,
      42, 43, 44, -1,
      44, 43, 45, -1,
      44, 45, 46, -1,
      46, 45, 47, -1,
      48, 46, 49, -1,
      49, 46, 47, -1,
      48, 49, 50, -1,
      50, 49, 51, -1,
      44, 46, 28, -1,
      17, 19, 7, -1,
      7, 19, 21, -1,
      21, 23, 7, -1,
      7, 23, 25, -1,
      7, 25, 5, -1,
      5, 25, 26, -1,
      5, 26, 3, -1,
      3, 26, 0, -1,
      0, 26, 52, -1,
      52, 26, 28, -1,
      52, 28, 50, -1,
      50, 28, 46, -1,
      50, 46, 48, -1,
      32, 34, 36, -1,
      9, 11, 13, -1,
      32, 36, 30, -1,
      36, 38, 30, -1,
      30, 38, 40, -1,
      30, 40, 28, -1,
      28, 40, 42, -1,
      28, 42, 44, -1,
      9, 13, 7, -1,
      7, 13, 15, -1,
      7, 15, 17, -1,
      33, 31, 29, -1,
      2, 1, 27, -1,
      35, 33, 37, -1,
      37, 33, 39, -1,
      6, 24, 22, -1,
      49, 47, 51, -1,
      51, 47, 45, -1,
      51, 45, 53, -1,
      53, 45, 43, -1,
      53, 43, 41, -1,
      27, 1, 29, -1,
      29, 1, 53, -1,
      29, 53, 33, -1,
      33, 53, 41, -1,
      33, 41, 39, -1,
      24, 6, 27, -1,
      27, 6, 4, -1,
      27, 4, 2, -1,
      22, 20, 6, -1,
      6, 20, 18, -1,
      6, 18, 16, -1,
      16, 14, 6, -1,
      6, 14, 12, -1,
      6, 12, 8, -1,
      8, 12, 10, -1,
    ]
  }
}

Shape {
  appearance Appearance {
    material Material {
      diffuseColor 0.7922 0.8078 0.7059
      specularColor 0.2392 0.2431 0.2118
      ambientIntensity 0.2
      transparency 0.0000
      shininess 0.5
    }
  }
  geometry IndexedFaceSet {
    ccw TRUE
    solid FALSE
    coord DEF co Coordinate {
      point [
        0.246063 -0.748031 0.019685,
        0.344488 -0.748031 0.019685,
        0.049213 -0.748031 0.019685,
        0.147638 -0.748031 0.019685,
        -0.147638 -0.748031 0.019685,
        -0.246063 -0.748031 0.019685,
        -0.049213 -0.748031 0.019685,
        -0.344488 -0.748031 0.019685,
        0.068898 -0.708661 0.019685,
        0.127953 -0.708661 0.019685,
        0.127953 0.433071 0.000000,
        0.068898 0.433071 0.019685,
        0.127953 0.433071 0.019685,
        -0.246063 -0.354331 0.019685,
        -0.246063 0.433071 0.019685,
        -0.265748 0.433071 0.019685,
        0.147638 -0.354331 0.019685,
        0.147638 0.433071 0.019685,
        -0.127953 -0.708661 0.019685,
        -0.127953 0.433071 0.019685,
        -0.147638 -0.354331 0.019685,
        -0.147638 0.433071 0.019685,
        0.344488 -0.354331 0.019685,
        0.344488 0.433071 0.019685,
        0.324803 0.433071 0.019685,
        0.265748 -0.708661 0.019685,
        0.265748 0.433071 0.019685,
        0.246063 -0.354331 0.019685,
        0.246063 0.433071 0.019685,
        -0.324803 -0.708661 0.019685,
        -0.324803 0.433071 0.019685,
        -0.344488 -0.354331 0.019685,
        -0.344488 0.433071 0.019685,
        0.393701 -0.393701 0.019685,
        0.393701 -0.354331 0.019685,
        0.344488 -0.393701 0.019685,
        0.324803 -0.708661 0.019685,
        0.049213 -0.354331 0.019685,
        0.049213 0.433071 0.019685,
        -0.393701 -0.354331 0.019685,
        -0.393701 -0.393701 0.019685,
        -0.344488 -0.393701 0.019685,
        -0.265748 -0.708661 0.019685,
        -0.246063 -0.393701 0.019685,
        0.147638 -0.393701 0.019685,
        0.246063 -0.393701 0.019685,
        -0.049213 -0.354331 0.019685,
        -0.049213 0.433071 0.019685,
        -0.068898 0.433071 0.019685,
        -0.147638 -0.393701 0.019685,
        -0.068898 -0.708661 0.019685,
        -0.049213 -0.393701 0.019685,
        0.049213 -0.393701 0.019685,
        0.265748 0.433071 -0.000000,
        0.147638 0.433071 0.039370,
        0.246063 0.433071 0.039370,
      ]
    }
    coordIndex [
      13, 14, 15, -1,
      16, 17, 12, -1,
      18, 19, 20, -1,
      20, 19, 21, -1,
      22, 23, 24, -1,
      25, 26, 27, -1,
      27, 26, 28, -1,
      29, 30, 31, -1,
      31, 30, 32, -1,
      33, 34, 35, -1,
      35, 34, 22, -1,
      35, 22, 36, -1,
      36, 22, 24, -1,
      8, 11, 37, -1,
      37, 11, 38, -1,
      39, 40, 31, -1,
      31, 40, 41, -1,
      31, 41, 29, -1,
      29, 41, 7, -1,
      29, 7, 42, -1,
      42, 7, 5, -1,
      42, 5, 43, -1,
      12, 9, 16, -1,
      16, 9, 44, -1,
      16, 44, 27, -1,
      27, 44, 45, -1,
      27, 45, 25, -1,
      25, 45, 0, -1,
      25, 0, 36, -1,
      36, 0, 1, -1,
      36, 1, 35, -1,
      46, 47, 48, -1,
      15, 42, 13, -1,
      13, 42, 43, -1,
      13, 43, 20, -1,
      20, 43, 49, -1,
      20, 49, 18, -1,
      18, 49, 4, -1,
      18, 4, 50, -1,
      50, 4, 6, -1,
      50, 6, 51, -1,
      48, 50, 46, -1,
      46, 50, 51, -1,
      46, 51, 37, -1,
      37, 51, 52, -1,
      37, 52, 8, -1,
      8, 52, 2, -1,
      8, 2, 9, -1,
      9, 2, 3, -1,
      9, 3, 44, -1,
      28, 26, 53, -1,
      10, 12, 17, -1,
      54, 55, 17, -1,
      17, 55, 28, -1,
      17, 28, 10, -1,
      10, 28, 53, -1,
    ]
  }
}

Shape {
  appearance Appearance {
    material Material {
      diffuseColor 0.1098 0.1098 0.1098
      specularColor 0.0078 0.0078 0.0078
      ambientIntensity 0.2
      transparency 0.0000
      shininess 0.5
    }
  }
  geometry IndexedFaceSet {
    ccw TRUE
    solid FALSE
    coord DEF co Coordinate {
      point [
        -0.669291 0.433071 0.393701,
        -0.708661 0.433071 0.393701,
        -0.669291 0.433071 0.196850,
        -0.708661 0.433071 0.196850,
        0.637795 0.039370 0.275591,
        0.669291 0.039370 0.275591,
        0.669291 0.039370 0.393701,
        0.669291 0.039370 0.196850,
        0.669291 0.039370 0.212598,
        0.637795 0.039370 0.212598,
        -0.669291 0.039370 0.212598,
        -0.669291 0.039370 0.196850,
        -0.637795 0.039370 0.212598,
        -0.393701 0.039370 0.196850,
        0.068898 0.039370 0.295276,
        -0.393701 0.039370 0.157480,
        -0.669291 0.039370 0.393701,
        0.265748 0.039370 0.354331,
        0.324803 0.039370 0.354331,
        0.324803 0.039370 0.295276,
        -0.669291 0.039370 0.275591,
        -0.637795 0.039370 0.275591,
        -0.265748 0.039370 0.354331,
        -0.324803 0.039370 0.354331,
        -0.324803 0.039370 0.295276,
        -0.265748 0.039370 0.295276,
        0.127953 0.039370 0.354331,
        0.127953 0.039370 0.295276,
        0.265748 0.039370 0.295276,
        0.393701 0.039370 0.196850,
        0.393701 0.039370 0.157480,
        -0.068898 0.039370 0.354331,
        -0.127953 0.039370 0.354331,
        -0.127953 0.039370 0.295276,
        -0.068898 0.039370 0.295276,
        0.068898 0.039370 0.354331,
        -0.393701 0.433071 0.157480,
        -0.708661 0.433071 0.157480,
        -0.708661 0.590551 0.157480,
        0.708661 0.590551 0.157480,
        0.708661 0.433071 0.157480,
        0.393701 0.433071 0.157480,
        -0.669291 0.334646 0.275591,
        -0.669291 0.342798 0.274517,
        -0.669291 0.342798 0.213672,
        -0.669291 0.334646 0.212598,
        -0.669291 0.361922 0.259843,
        -0.669291 0.356917 0.266366,
        -0.669291 0.350394 0.271371,
        -0.669291 0.350394 0.216818,
        -0.669291 0.356917 0.221824,
        -0.669291 0.361922 0.228346,
        -0.669291 0.365069 0.235943,
        -0.669291 0.366142 0.244094,
        -0.669291 0.365069 0.252246,
        0.669291 0.334646 0.212598,
        0.669291 0.433071 0.196850,
        0.669291 0.342798 0.213672,
        0.669291 0.433071 0.393701,
        0.669291 0.334646 0.275591,
        0.669291 0.365069 0.235943,
        0.669291 0.361922 0.228346,
        0.669291 0.342798 0.274517,
        0.669291 0.350394 0.271371,
        0.669291 0.356917 0.266366,
        0.669291 0.356917 0.221824,
        0.669291 0.350394 0.216818,
        0.669291 0.361922 0.259843,
        0.669291 0.365069 0.252246,
        0.669291 0.366142 0.244094,
        0.708661 0.748031 0.393701,
        -0.708661 0.748031 0.393701,
        0.708661 0.433071 0.393701,
        -0.708661 0.590551 0.255906,
        0.708661 0.590551 0.255906,
        -0.708661 0.748031 0.295276,
        0.708661 0.748031 0.295276,
        0.708661 0.433071 0.196850,
      ]
    }
    coordIndex [
      0, 1, 2, -1,
      2, 1, 3, -1,
      4, 5, 6, -1,
      7, 8, 9, -1,
      10, 11, 12, -1,
      12, 11, 13, -1,
      12, 13, 14, -1,
      14, 13, 15, -1,
      16, 17, 6, -1,
      6, 17, 18, -1,
      6, 18, 4, -1,
      4, 18, 19, -1,
      4, 19, 9, -1,
      16, 20, 21, -1,
      22, 16, 23, -1,
      23, 16, 21, -1,
      23, 21, 24, -1,
      24, 21, 12, -1,
      24, 12, 25, -1,
      26, 27, 28, -1,
      7, 9, 29, -1,
      29, 9, 19, -1,
      29, 19, 30, -1,
      30, 19, 28, -1,
      30, 28, 15, -1,
      15, 28, 27, -1,
      15, 27, 14, -1,
      31, 16, 32, -1,
      32, 16, 22, -1,
      32, 22, 33, -1,
      22, 25, 33, -1,
      33, 25, 12, -1,
      33, 12, 34, -1,
      34, 12, 14, -1,
      34, 14, 31, -1,
      31, 14, 35, -1,
      31, 35, 16, -1,
      16, 35, 26, -1,
      16, 26, 17, -1,
      17, 26, 28, -1,
      36, 37, 38, -1,
      39, 40, 41, -1,
      30, 15, 41, -1,
      41, 15, 36, -1,
      41, 36, 39, -1,
      39, 36, 38, -1,
      20, 16, 42, -1,
      42, 16, 0, -1,
      42, 0, 43, -1,
      44, 2, 45, -1,
      45, 2, 11, -1,
      45, 11, 10, -1,
      46, 47, 0, -1,
      0, 47, 48, -1,
      0, 48, 43, -1,
      44, 49, 2, -1,
      2, 49, 50, -1,
      2, 50, 51, -1,
      51, 52, 2, -1,
      2, 52, 53, -1,
      2, 53, 0, -1,
      0, 53, 54, -1,
      0, 54, 46, -1,
      8, 7, 55, -1,
      55, 7, 56, -1,
      55, 56, 57, -1,
      6, 5, 58, -1,
      58, 5, 59, -1,
      56, 60, 61, -1,
      59, 62, 58, -1,
      58, 62, 63, -1,
      58, 63, 64, -1,
      61, 65, 56, -1,
      56, 65, 66, -1,
      56, 66, 57, -1,
      64, 67, 58, -1,
      58, 67, 68, -1,
      58, 68, 56, -1,
      56, 68, 69, -1,
      56, 69, 60, -1,
      70, 71, 0, -1,
      0, 71, 1, -1,
      72, 70, 58, -1,
      58, 70, 0, -1,
      58, 0, 6, -1,
      6, 0, 16, -1,
      73, 74, 38, -1,
      38, 74, 39, -1,
      75, 76, 73, -1,
      73, 76, 74, -1,
      71, 70, 75, -1,
      75, 70, 76, -1,
      76, 70, 74, -1,
      74, 70, 72, -1,
      74, 72, 39, -1,
      39, 72, 77, -1,
      39, 77, 40, -1,
      71, 75, 1, -1,
      1, 75, 73, -1,
      1, 73, 3, -1,
      3, 73, 38, -1,
      3, 38, 37, -1,
      77, 72, 56, -1,
      56, 72, 58, -1,
    ]
  }
}

Shape {
  appearance Appearance {
    material Material {
      diffuseColor 0.7922 0.8196 0.9333
      specularColor 0.3961 0.4118 0.4667
      ambientIntensity 0.2
      transparency 0.0000
      shininess 0.5
    }
  }
  geometry IndexedFaceSet {
    ccw TRUE
    solid FALSE
    coord DEF co Coordinate {
      point [
        -0.669291 0.334646 0.275591,
        -0.669291 0.342798 0.274517,
        -0.669291 0.342798 0.213672,
        -0.669291 0.334646 0.212598,
        -0.669291 0.361922 0.259843,
        -0.669291 0.356917 0.266366,
        -0.669291 0.350394 0.271371,
        -0.669291 0.350394 0.216818,
        -0.669291 0.356917 0.221824,
        -0.669291 0.361922 0.228346,
        -0.669291 0.365069 0.235943,
        -0.669291 0.366142 0.244094,
        -0.669291 0.365069 0.252246,
        -0.696850 0.334646 0.275591,
        -0.696850 0.342798 0.274517,
        -0.696850 0.350394 0.271371,
        -0.696850 0.356917 0.266366,
        -0.696850 0.361922 0.259843,
        -0.696850 0.365069 0.252246,
        -0.696850 0.366142 0.244094,
        -0.696850 0.365069 0.235943,
        -0.696850 0.361922 0.228346,
        -0.696850 0.356917 0.221824,
        -0.696850 0.350394 0.216818,
        -0.696850 0.342798 0.213672,
        -0.696850 0.334646 0.212598,
      ]
    }
    coordIndex [
      13, 0, 1, -1,
      13, 1, 14, -1,
      14, 1, 6, -1,
      14, 6, 15, -1,
      15, 6, 5, -1,
      15, 5, 16, -1,
      16, 5, 4, -1,
      16, 4, 17, -1,
      17, 4, 12, -1,
      17, 12, 18, -1,
      18, 12, 11, -1,
      18, 11, 19, -1,
      19, 11, 10, -1,
      19, 10, 20, -1,
      20, 10, 9, -1,
      20, 9, 21, -1,
      21, 9, 8, -1,
      21, 8, 22, -1,
      22, 8, 7, -1,
      22, 7, 23, -1,
      23, 7, 2, -1,
      23, 2, 24, -1,
      24, 2, 3, -1,
      24, 3, 25, -1,
    ]
  }
}

Shape {
  appearance Appearance {
    material Material {
      diffuseColor 0.6784 0.6784 0.6784
      specularColor 0.0471 0.0471 0.0471
      ambientIntensity 0.2
      transparency 0.0000
      shininess 0.5
    }
  }
  geometry IndexedFaceSet {
    ccw TRUE
    solid FALSE
    coord DEF co Coordinate {
      point [
        0.787402 0.433071 0.393701,
        0.716535 0.433071 0.393701,
        0.344488 0.433071 0.019685,
        0.324803 0.433071 0.019685,
        0.708661 0.433071 0.157480,
        0.393701 0.433071 0.157480,
        0.708661 0.433071 0.196850,
        0.344488 0.433071 0.039370,
        0.393701 0.433071 0.039370,
        0.787402 0.433071 0.000000,
        0.324803 0.433071 -0.000000,
        0.716535 0.433071 0.196850,
      ]
    }
    coordIndex [
      2, 7, 8, -1,
      5, 4, 8, -1,
      8, 4, 9, -1,
      8, 9, 2, -1,
      2, 9, 10, -1,
      2, 10, 3, -1,
      1, 0, 11, -1,
      11, 0, 9, -1,
      11, 9, 6, -1,
      6, 9, 4, -1,
    ]
  }
}

Shape {
  appearance Appearance {
    material Material {
      diffuseColor 0.7922 0.8196 0.9333
      specularColor 0.3961 0.4118 0.4667
      ambientIntensity 0.2
      transparency 0.0000
      shininess 0.5
    }
  }
  geometry IndexedFaceSet {
    ccw TRUE
    solid FALSE
    coord DEF co Coordinate {
      point [
        0.669291 0.334646 0.212598,
        0.669291 0.342798 0.213672,
        0.669291 0.334646 0.275591,
        0.669291 0.365069 0.235943,
        0.669291 0.361922 0.228346,
        0.669291 0.342798 0.274517,
        0.669291 0.350394 0.271371,
        0.669291 0.356917 0.266366,
        0.669291 0.356917 0.221824,
        0.669291 0.350394 0.216818,
        0.669291 0.361922 0.259843,
        0.669291 0.365069 0.252246,
        0.669291 0.366142 0.244094,
        0.696850 0.334646 0.212598,
        0.696850 0.342798 0.213672,
        0.696850 0.350394 0.216818,
        0.696850 0.356917 0.221824,
        0.696850 0.361922 0.228346,
        0.696850 0.365069 0.235943,
        0.696850 0.366142 0.244094,
        0.696850 0.365069 0.252246,
        0.696850 0.361922 0.259843,
        0.696850 0.356917 0.266366,
        0.696850 0.350394 0.271371,
        0.696850 0.342798 0.274517,
        0.696850 0.334646 0.275591,
      ]
    }
    coordIndex [
      13, 0, 1, -1,
      13, 1, 14, -1,
      14, 1, 9, -1,
      14, 9, 15, -1,
      15, 9, 8, -1,
      15, 8, 16, -1,
      16, 8, 4, -1,
      16, 4, 17, -1,
      17, 4, 3, -1,
      17, 3, 18, -1,
      18, 3, 12, -1,
      18, 12, 19, -1,
      19, 12, 11, -1,
      19, 11, 20, -1,
      20, 11, 10, -1,
      20, 10, 21, -1,
      21, 10, 7, -1,
      21, 7, 22, -1,
      22, 7, 6, -1,
      22, 6, 23, -1,
      23, 6, 5, -1,
      23, 5, 24, -1,
      24, 5, 2, -1,
      24, 2, 25, -1,
    ]
  }
}

Shape {
  appearance Appearance {
    material Material {
      diffuseColor 0.8314 0.6706 0.1294
      specularColor 0.6667 0.5373 0.1020
      ambientIntensity 0.2
      transparency 0.0000
      shininess 0.5
    }
  }
  geometry IndexedFaceSet {
    ccw TRUE
    solid FALSE
    coord DEF co Coordinate {
      point [
        0.265748 0.039370 0.354331,
        0.324803 0.039370 0.354331,
        0.324803 0.039370 0.295276,
        0.265748 0.039370 0.295276,
        0.265748 -0.570866 0.236220,
        0.324803 -0.570866 0.236220,
        0.324803 -0.606530 0.240916,
        0.265748 -0.606530 0.240916,
        0.324803 -0.639764 0.254681,
        0.265748 -0.639764 0.254681,
        0.324803 -0.668302 0.276580,
        0.265748 -0.668302 0.276580,
        0.324803 -0.690200 0.305118,
        0.265748 -0.690200 0.305118,
        0.324803 -0.703966 0.338352,
        0.265748 -0.703966 0.338352,
        0.324803 -0.708661 0.374016,
        0.265748 -0.708661 0.374016,
        0.265748 -0.157480 0.354331,
        0.265748 -0.157480 0.374016,
        0.324803 -0.157480 0.354331,
        0.324803 -0.157480 0.374016,
        0.324803 -0.531496 0.295276,
        0.265748 -0.531496 0.295276,
        0.265748 -0.531496 0.275591,
        0.324803 -0.531496 0.275591,
        0.324803 -0.532837 0.265401,
        0.265748 -0.532837 0.265401,
        0.324803 -0.536770 0.255906,
        0.265748 -0.536770 0.255906,
        0.324803 -0.543027 0.247752,
        0.265748 -0.543027 0.247752,
        0.324803 -0.551181 0.241495,
        0.265748 -0.551181 0.241495,
        0.324803 -0.560676 0.237562,
        0.265748 -0.560676 0.237562,
      ]
    }
    coordIndex [
      4, 5, 6, -1,
      4, 6, 7, -1,
      7, 6, 8, -1,
      7, 8, 9, -1,
      9, 8, 10, -1,
      9, 10, 11, -1,
      11, 10, 12, -1,
      11, 12, 13, -1,
      13, 12, 14, -1,
      13, 14, 15, -1,
      15, 14, 16, -1,
      15, 16, 17, -1,
      18, 19, 20, -1,
      20, 19, 21, -1,
      0, 18, 1, -1,
      1, 18, 20, -1,
      22, 23, 2, -1,
      2, 23, 3, -1,
      24, 23, 25, -1,
      25, 23, 22, -1,
      24, 25, 26, -1,
      24, 26, 27, -1,
      27, 26, 28, -1,
      27, 28, 29, -1,
      29, 28, 30, -1,
      29, 30, 31, -1,
      31, 30, 32, -1,
      31, 32, 33, -1,
      33, 32, 34, -1,
      33, 34, 35, -1,
      35, 34, 5, -1,
      35, 5, 4, -1,
      9, 11, 24, -1,
      15, 17, 23, -1,
      0, 3, 18, -1,
      18, 3, 23, -1,
      18, 23, 19, -1,
      19, 23, 17, -1,
      24, 11, 23, -1,
      23, 11, 13, -1,
      23, 13, 15, -1,
      24, 27, 29, -1,
      29, 31, 24, -1,
      24, 31, 33, -1,
      24, 33, 35, -1,
      35, 4, 24, -1,
      24, 4, 7, -1,
      24, 7, 9, -1,
      2, 1, 20, -1,
      21, 16, 20, -1,
      20, 16, 22, -1,
      20, 22, 2, -1,
      8, 6, 5, -1,
      32, 30, 10, -1,
      10, 30, 28, -1,
      28, 26, 10, -1,
      10, 26, 25, -1,
      10, 25, 12, -1,
      12, 25, 22, -1,
      12, 22, 14, -1,
      14, 22, 16, -1,
      8, 5, 10, -1,
      10, 5, 34, -1,
      10, 34, 32, -1,
    ]
  }
}

Shape {
  appearance Appearance {
    material Material {
      diffuseColor 0.2863 0.2863 0.2863
      specularColor 0.0196 0.0196 0.0196
      ambientIntensity 0.2
      transparency 0.0000
      shininess 0.5
    }
  }
  geometry IndexedFaceSet {
    ccw TRUE
    solid FALSE
    coord DEF co Coordinate {
      point [
        0.246063 -0.748031 0.374016,
        0.344488 -0.748031 0.374016,
        0.324803 -0.708661 0.374016,
        0.265748 -0.708661 0.374016,
        0.265748 -0.157480 0.374016,
        0.324803 -0.157480 0.374016,
        0.246063 -0.019685 0.374016,
        0.344488 -0.019685 0.374016,
      ]
    }
    coordIndex [
      1, 2, 5, -1,
      2, 1, 3, -1,
      3, 1, 0, -1,
      3, 0, 4, -1,
      4, 0, 6, -1,
      4, 6, 5, -1,
      5, 6, 7, -1,
      5, 7, 1, -1,
    ]
  }
}

Shape {
  appearance Appearance {
    material Material {
      diffuseColor 0.8314 0.6706 0.1294
      specularColor 0.6667 0.5373 0.1020
      ambientIntensity 0.2
      transparency 0.0000
      shininess 0.5
    }
  }
  geometry IndexedFaceSet {
    ccw TRUE
    solid FALSE
    coord DEF co Coordinate {
      point [
        -0.265748 0.433071 0.019685,
        -0.324803 -0.708661 0.019685,
        -0.324803 0.433071 0.019685,
        -0.265748 -0.708661 0.019685,
        -0.265748 -0.703966 0.055349,
        -0.324803 -0.703966 0.055349,
        -0.265748 -0.690200 0.088583,
        -0.324803 -0.690200 0.088583,
        -0.265748 -0.668302 0.117121,
        -0.324803 -0.668302 0.117121,
        -0.265748 -0.639764 0.139019,
        -0.324803 -0.639764 0.139019,
        -0.265748 -0.606530 0.152785,
        -0.324803 -0.606530 0.152785,
        -0.265748 -0.570866 0.157480,
        -0.324803 -0.570866 0.157480,
        -0.265748 -0.560676 0.156139,
        -0.324803 -0.560676 0.156139,
        -0.265748 -0.551181 0.152206,
        -0.324803 -0.551181 0.152206,
        -0.265748 -0.543027 0.145949,
        -0.324803 -0.543027 0.145949,
        -0.265748 -0.536770 0.137795,
        -0.324803 -0.536770 0.137795,
        -0.265748 -0.532837 0.128300,
        -0.324803 -0.532837 0.128300,
        -0.265748 -0.531496 0.118110,
        -0.324803 -0.531496 0.118110,
        -0.324803 -0.531496 0.098425,
        -0.265748 -0.531496 0.098425,
        -0.324803 0.472441 0.098425,
        -0.265748 0.472441 0.098425,
        -0.324803 0.472441 0.118110,
        -0.265748 0.472441 0.118110,
        -0.324803 0.590551 0.118110,
        -0.265748 0.590551 0.118110,
        -0.324803 0.590551 0.000000,
        -0.265748 0.590551 0.000000,
        -0.324803 0.588513 -0.000268,
        -0.265748 0.588513 -0.000268,
        -0.324803 0.586614 -0.001055,
        -0.265748 0.586614 -0.001055,
        -0.324803 0.584983 -0.002306,
        -0.265748 0.584983 -0.002306,
        -0.324803 0.583732 -0.003937,
        -0.265748 0.583732 -0.003937,
        -0.324803 0.582945 -0.005836,
        -0.265748 0.582945 -0.005836,
        -0.324803 0.582677 -0.007874,
        -0.265748 0.582677 -0.007874,
        -0.324803 0.433071 -0.007874,
        -0.265748 0.433071 -0.007874,
        -0.324803 0.433071 -0.000000,
        -0.265748 0.433071 0.000000,
      ]
    }
    coordIndex [
      1, 3, 4, -1,
      1, 4, 5, -1,
      5, 4, 6, -1,
      5, 6, 7, -1,
      7, 6, 8, -1,
      7, 8, 9, -1,
      9, 8, 10, -1,
      9, 10, 11, -1,
      11, 10, 12, -1,
      11, 12, 13, -1,
      13, 12, 14, -1,
      13, 14, 15, -1,
      15, 14, 16, -1,
      15, 16, 17, -1,
      17, 16, 18, -1,
      17, 18, 19, -1,
      19, 18, 20, -1,
      19, 20, 21, -1,
      21, 20, 22, -1,
      21, 22, 23, -1,
      23, 22, 24, -1,
      23, 24, 25, -1,
      25, 24, 26, -1,
      25, 26, 27, -1,
      28, 27, 29, -1,
      29, 27, 26, -1,
      30, 28, 31, -1,
      31, 28, 29, -1,
      32, 30, 33, -1,
      33, 30, 31, -1,
      34, 32, 35, -1,
      35, 32, 33, -1,
      36, 34, 37, -1,
      37, 34, 35, -1,
      36, 37, 38, -1,
      38, 37, 39, -1,
      38, 39, 40, -1,
      40, 39, 41, -1,
      40, 41, 42, -1,
      42, 41, 43, -1,
      42, 43, 44, -1,
      44, 43, 45, -1,
      44, 45, 46, -1,
      46, 45, 47, -1,
      46, 47, 48, -1,
      48, 47, 49, -1,
      50, 48, 51, -1,
      51, 48, 49, -1,
      50, 51, 52, -1,
      52, 51, 53, -1,
      46, 48, 30, -1,
      19, 21, 9, -1,
      9, 21, 23, -1,
      23, 25, 9, -1,
      9, 25, 27, -1,
      9, 27, 7, -1,
      7, 27, 28, -1,
      7, 28, 5, -1,
      5, 28, 1, -1,
      1, 28, 2, -1,
      2, 28, 30, -1,
      2, 30, 52, -1,
      52, 30, 48, -1,
      52, 48, 50, -1,
      34, 36, 38, -1,
      11, 13, 15, -1,
      34, 38, 32, -1,
      38, 40, 32, -1,
      32, 40, 42, -1,
      32, 42, 30, -1,
      30, 42, 44, -1,
      30, 44, 46, -1,
      11, 15, 9, -1,
      9, 15, 17, -1,
      9, 17, 19, -1,
      35, 33, 31, -1,
      4, 3, 29, -1,
      37, 35, 39, -1,
      39, 35, 41, -1,
      8, 26, 24, -1,
      51, 49, 53, -1,
      53, 49, 47, -1,
      53, 47, 0, -1,
      0, 47, 45, -1,
      0, 45, 43, -1,
      29, 3, 31, -1,
      31, 3, 0, -1,
      31, 0, 35, -1,
      35, 0, 43, -1,
      35, 43, 41, -1,
      26, 8, 29, -1,
      29, 8, 6, -1,
      29, 6, 4, -1,
      24, 22, 8, -1,
      8, 22, 20, -1,
      8, 20, 18, -1,
      18, 16, 8, -1,
      8, 16, 14, -1,
      8, 14, 10, -1,
      10, 14, 12, -1,
    ]
  }
}

Shape {
  appearance Appearance {
    material Material {
      diffuseColor 0.2863 0.2863 0.2863
      specularColor 0.0196 0.0196 0.0196
      ambientIntensity 0.2
      transparency 0.0000
      shininess 0.5
    }
  }
  geometry IndexedFaceSet {
    ccw TRUE
    solid FALSE
    coord DEF co Coordinate {
      point [
        -0.246063 0.433071 0.019685,
        -0.265748 0.433071 0.019685,
        -0.127953 0.433071 0.019685,
        -0.147638 0.433071 0.019685,
        -0.265748 0.433071 0.000000,
        -0.127953 0.433071 0.000000,
        -0.246063 0.433071 0.039370,
        -0.147638 0.433071 0.039370,
      ]
    }
    coordIndex [
      3, 2, 5, -1,
      4, 1, 0, -1,
      6, 7, 0, -1,
      0, 7, 3, -1,
      0, 3, 4, -1,
      4, 3, 5, -1,
    ]
  }
}

Shape {
  appearance Appearance {
    material Material {
      diffuseColor 0.8314 0.6706 0.1294
      specularColor 0.6667 0.5373 0.1020
      ambientIntensity 0.2
      transparency 0.0000
      shininess 0.5
    }
  }
  geometry IndexedFaceSet {
    ccw TRUE
    solid FALSE
    coord DEF co Coordinate {
      point [
        -0.127953 -0.708661 0.019685,
        -0.127953 0.433071 0.019685,
        -0.068898 0.433071 0.019685,
        -0.068898 -0.708661 0.019685,
        -0.127953 0.433071 0.000000,
        -0.068898 -0.703966 0.055349,
        -0.127953 -0.703966 0.055349,
        -0.068898 -0.690200 0.088583,
        -0.127953 -0.690200 0.088583,
        -0.068898 -0.668302 0.117121,
        -0.127953 -0.668302 0.117121,
        -0.068898 -0.639764 0.139019,
        -0.127953 -0.639764 0.139019,
        -0.068898 -0.606530 0.152785,
        -0.127953 -0.606530 0.152785,
        -0.068898 -0.570866 0.157480,
        -0.127953 -0.570866 0.157480,
        -0.068898 -0.560676 0.156139,
        -0.127953 -0.560676 0.156139,
        -0.068898 -0.551181 0.152206,
        -0.127953 -0.551181 0.152206,
        -0.068898 -0.543027 0.145949,
        -0.127953 -0.543027 0.145949,
        -0.068898 -0.536770 0.137795,
        -0.127953 -0.536770 0.137795,
        -0.068898 -0.532837 0.128300,
        -0.127953 -0.532837 0.128300,
        -0.068898 -0.531496 0.118110,
        -0.127953 -0.531496 0.118110,
        -0.127953 -0.531496 0.098425,
        -0.068898 -0.531496 0.098425,
        -0.127953 0.472441 0.098425,
        -0.068898 0.472441 0.098425,
        -0.127953 0.472441 0.118110,
        -0.068898 0.472441 0.118110,
        -0.127953 0.590551 0.118110,
        -0.068898 0.590551 0.118110,
        -0.127953 0.590551 0.000000,
        -0.068898 0.590551 0.000000,
        -0.127953 0.588513 -0.000268,
        -0.068898 0.588513 -0.000268,
        -0.127953 0.586614 -0.001055,
        -0.068898 0.586614 -0.001055,
        -0.127953 0.584983 -0.002306,
        -0.068898 0.584983 -0.002306,
        -0.127953 0.583732 -0.003937,
        -0.068898 0.583732 -0.003937,
        -0.127953 0.582945 -0.005836,
        -0.068898 0.582945 -0.005836,
        -0.127953 0.582677 -0.007874,
        -0.068898 0.582677 -0.007874,
        -0.127953 0.433071 -0.007874,
        -0.068898 0.433071 -0.007874,
        -0.068898 0.433071 0.000000,
      ]
    }
    coordIndex [
      0, 3, 5, -1,
      0, 5, 6, -1,
      6, 5, 7, -1,
      6, 7, 8, -1,
      8, 7, 9, -1,
      8, 9, 10, -1,
      10, 9, 11, -1,
      10, 11, 12, -1,
      12, 11, 13, -1,
      12, 13, 14, -1,
      14, 13, 15, -1,
      14, 15, 16, -1,
      16, 15, 17, -1,
      16, 17, 18, -1,
      18, 17, 19, -1,
      18, 19, 20, -1,
      20, 19, 21, -1,
      20, 21, 22, -1,
      22, 21, 23, -1,
      22, 23, 24, -1,
      24, 23, 25, -1,
      24, 25, 26, -1,
      26, 25, 27, -1,
      26, 27, 28, -1,
      29, 28, 30, -1,
      30, 28, 27, -1,
      31, 29, 32, -1,
      32, 29, 30, -1,
      33, 31, 34, -1,
      34, 31, 32, -1,
      35, 33, 36, -1,
      36, 33, 34, -1,
      37, 35, 38, -1,
      38, 35, 36, -1,
      37, 38, 39, -1,
      39, 38, 40, -1,
      39, 40, 41, -1,
      41, 40, 42, -1,
      41, 42, 43, -1,
      43, 42, 44, -1,
      43, 44, 45, -1,
      45, 44, 46, -1,
      45, 46, 47, -1,
      47, 46, 48, -1,
      47, 48, 49, -1,
      49, 48, 50, -1,
      51, 49, 52, -1,
      52, 49, 50, -1,
      51, 52, 4, -1,
      4, 52, 53, -1,
      47, 49, 31, -1,
      20, 22, 10, -1,
      10, 22, 24, -1,
      24, 26, 10, -1,
      10, 26, 28, -1,
      10, 28, 8, -1,
      8, 28, 29, -1,
      8, 29, 6, -1,
      6, 29, 0, -1,
      0, 29, 1, -1,
      1, 29, 31, -1,
      1, 31, 4, -1,
      4, 31, 49, -1,
      4, 49, 51, -1,
      35, 37, 39, -1,
      12, 14, 16, -1,
      35, 39, 33, -1,
      39, 41, 33, -1,
      33, 41, 43, -1,
      33, 43, 31, -1,
      31, 43, 45, -1,
      31, 45, 47, -1,
      12, 16, 10, -1,
      10, 16, 18, -1,
      10, 18, 20, -1,
      36, 34, 32, -1,
      5, 3, 30, -1,
      38, 36, 40, -1,
      40, 36, 42, -1,
      9, 27, 25, -1,
      52, 50, 53, -1,
      53, 50, 48, -1,
      53, 48, 2, -1,
      2, 48, 46, -1,
      2, 46, 44, -1,
      30, 3, 32, -1,
      32, 3, 2, -1,
      32, 2, 36, -1,
      36, 2, 44, -1,
      36, 44, 42, -1,
      27, 9, 30, -1,
      30, 9, 7, -1,
      30, 7, 5, -1,
      25, 23, 9, -1,
      9, 23, 21, -1,
      9, 21, 19, -1,
      19, 17, 9, -1,
      9, 17, 15, -1,
      9, 15, 11, -1,
      11, 15, 13, -1,
    ]
  }
}

Shape {
  appearance Appearance {
    material Material {
      diffuseColor 0.7922 0.8078 0.7059
      specularColor 0.2392 0.2431 0.2118
      ambientIntensity 0.2
      transparency 0.0000
      shininess 0.5
    }
  }
  geometry IndexedFaceSet {
    ccw TRUE
    solid FALSE
    coord DEF co Coordinate {
      point [
        0.068898 0.433071 0.000000,
        0.068898 0.433071 0.019685,
        0.049213 0.433071 0.019685,
        -0.049213 0.433071 0.019685,
        -0.068898 0.433071 0.019685,
        -0.068898 0.433071 0.000000,
        -0.049213 0.433071 0.039370,
        0.049213 0.433071 0.039370,
        -0.059055 0.433071 -0.000000,
      ]
    }
    coordIndex [
      6, 7, 3, -1,
      3, 7, 2, -1,
      5, 4, 8, -1,
      8, 4, 3, -1,
      8, 3, 0, -1,
      0, 3, 2, -1,
      0, 2, 1, -1,
    ]
  }
}

Shape {
  appearance Appearance {
    material Material {
      diffuseColor 0.8314 0.6706 0.1294
      specularColor 0.6667 0.5373 0.1020
      ambientIntensity 0.2
      transparency 0.0000
      shininess 0.5
    }
  }
  geometry IndexedFaceSet {
    ccw TRUE
    solid FALSE
    coord DEF co Coordinate {
      point [
        -0.068898 0.039370 0.354331,
        -0.127953 0.039370 0.354331,
        -0.127953 0.039370 0.295276,
        -0.068898 0.039370 0.295276,
        -0.127953 -0.570866 0.236220,
        -0.068898 -0.570866 0.236220,
        -0.068898 -0.606530 0.240916,
        -0.127953 -0.606530 0.240916,
        -0.068898 -0.639764 0.254681,
        -0.127953 -0.639764 0.254681,
        -0.068898 -0.668302 0.276580,
        -0.127953 -0.668302 0.276580,
        -0.068898 -0.690200 0.305118,
        -0.127953 -0.690200 0.305118,
        -0.068898 -0.703966 0.338352,
        -0.127953 -0.703966 0.338352,
        -0.068898 -0.708661 0.374016,
        -0.127953 -0.708661 0.374016,
        -0.127953 -0.157480 0.354331,
        -0.127953 -0.157480 0.374016,
        -0.068898 -0.157480 0.354331,
        -0.068898 -0.157480 0.374016,
        -0.068898 -0.531496 0.295276,
        -0.127953 -0.531496 0.295276,
        -0.127953 -0.531496 0.275591,
        -0.068898 -0.531496 0.275591,
        -0.068898 -0.532837 0.265401,
        -0.127953 -0.532837 0.265401,
        -0.068898 -0.536770 0.255906,
        -0.127953 -0.536770 0.255906,
        -0.068898 -0.543027 0.247752,
        -0.127953 -0.543027 0.247752,
        -0.068898 -0.551181 0.241495,
        -0.127953 -0.551181 0.241495,
        -0.068898 -0.560676 0.237562,
        -0.127953 -0.560676 0.237562,
      ]
    }
    coordIndex [
      4, 5, 6, -1,
      4, 6, 7, -1,
      7, 6, 8, -1,
      7, 8, 9, -1,
      9, 8, 10, -1,
      9, 10, 11, -1,
      11, 10, 12, -1,
      11, 12, 13, -1,
      13, 12, 14, -1,
      13, 14, 15, -1,
      15, 14, 16, -1,
      15, 16, 17, -1,
      18, 19, 20, -1,
      20, 19, 21, -1,
      1, 18, 0, -1,
      0, 18, 20, -1,
      22, 23, 3, -1,
      3, 23, 2, -1,
      24, 23, 25, -1,
      25, 23, 22, -1,
      24, 25, 26, -1,
      24, 26, 27, -1,
      27, 26, 28, -1,
      27, 28, 29, -1,
      29, 28, 30, -1,
      29, 30, 31, -1,
      31, 30, 32, -1,
      31, 32, 33, -1,
      33, 32, 34, -1,
      33, 34, 35, -1,
      35, 34, 5, -1,
      35, 5, 4, -1,
      9, 11, 24, -1,
      15, 17, 23, -1,
      1, 2, 18, -1,
      18, 2, 23, -1,
      18, 23, 19, -1,
      19, 23, 17, -1,
      24, 11, 23, -1,
      23, 11, 13, -1,
      23, 13, 15, -1,
      24, 27, 29, -1,
      29, 31, 24, -1,
      24, 31, 33, -1,
      24, 33, 35, -1,
      35, 4, 24, -1,
      24, 4, 7, -1,
      24, 7, 9, -1,
      3, 0, 20, -1,
      21, 16, 20, -1,
      20, 16, 22, -1,
      20, 22, 3, -1,
      8, 6, 5, -1,
      32, 30, 10, -1,
      10, 30, 28, -1,
      28, 26, 10, -1,
      10, 26, 25, -1,
      10, 25, 12, -1,
      12, 25, 22, -1,
      12, 22, 14, -1,
      14, 22, 16, -1,
      8, 5, 10, -1,
      10, 5, 34, -1,
      10, 34, 32, -1,
    ]
  }
}

Shape {
  appearance Appearance {
    material Material {
      diffuseColor 0.2863 0.2863 0.2863
      specularColor 0.0196 0.0196 0.0196
      ambientIntensity 0.2
      transparency 0.0000
      shininess 0.5
    }
  }
  geometry IndexedFaceSet {
    ccw TRUE
    solid FALSE
    coord DEF co Coordinate {
      point [
        -0.716535 0.433071 0.393701,
        -0.787402 0.433071 0.393701,
        -0.716535 0.019685 0.393701,
        -0.787402 -0.433071 0.393701,
        -0.637795 -0.748031 0.393701,
        0.637795 -0.433071 0.393701,
        0.637795 -0.748031 0.393701,
        -0.637795 -0.433071 0.393701,
        -0.393701 0.019685 0.314961,
        -0.716535 0.019685 0.196850,
        -0.393701 0.019685 0.196850,
        -0.059055 -0.748031 -0.000000,
        0.637795 -0.748031 -0.000000,
        -0.049213 -0.748031 0.374016,
        -0.147638 -0.748031 0.059055,
        -0.246063 -0.748031 0.059055,
        -0.637795 -0.748031 -0.000000,
        -0.393701 -0.748031 0.059055,
        -0.393701 -0.748031 0.314961,
        -0.147638 -0.748031 0.374016,
        -0.393701 -0.472441 0.314961,
        -0.393701 -0.472441 0.275591,
        -0.393701 -0.669291 0.275591,
        0.068898 0.433071 0.000000,
        0.127953 0.433071 0.000000,
        -0.324803 0.433071 0.019685,
        -0.344488 0.433071 0.019685,
        -0.393701 -0.354331 0.019685,
        -0.393701 -0.393701 0.019685,
        0.265748 0.433071 -0.000000,
        -0.669291 0.433071 0.196850,
        -0.708661 0.433071 0.196850,
        -0.669291 0.039370 0.196850,
        -0.393701 0.039370 0.196850,
        -0.393701 0.039370 0.157480,
        -0.393701 0.433071 0.157480,
        -0.708661 0.433071 0.157480,
        0.787402 0.433071 0.000000,
        0.324803 0.433071 -0.000000,
        -0.324803 0.433071 -0.000000,
        -0.265748 0.433071 0.000000,
        -0.127953 0.433071 0.000000,
        -0.068898 0.433071 0.000000,
        -0.059055 0.433071 -0.000000,
        -0.068898 -0.708661 0.374016,
        -0.127953 -0.708661 0.374016,
        -0.127953 -0.157480 0.374016,
        -0.068898 -0.157480 0.374016,
        -0.147638 -0.019685 0.374016,
        -0.049213 -0.019685 0.374016,
        0.637795 -0.433071 0.059055,
        0.637795 -0.444882 0.059055,
        0.637795 -0.374016 0.000000,
        0.637795 -0.449977 0.058384,
        0.637795 -0.454724 0.056418,
        0.637795 -0.458801 0.053289,
        0.637795 -0.461930 0.049213,
        0.637795 -0.463896 0.044465,
        0.637795 -0.740157 0.267717,
        0.637795 -0.740157 0.106299,
        0.637795 -0.464567 0.039370,
        0.637795 -0.464567 0.007874,
        0.637795 -0.661417 0.007874,
        0.637795 -0.661417 0.086614,
        0.637795 -0.681102 0.106299,
        0.637795 -0.662088 0.091709,
        0.637795 -0.664055 0.096457,
        0.637795 -0.712319 0.334926,
        0.637795 -0.720472 0.341182,
        0.637795 -0.667183 0.100533,
        0.637795 -0.671260 0.103662,
        0.637795 -0.676007 0.105628,
        0.637795 -0.433071 0.385827,
        0.637795 -0.740157 0.385827,
        0.637795 -0.740157 0.346457,
        0.637795 -0.729968 0.345115,
        0.637795 -0.712319 0.279248,
        0.637795 -0.720472 0.272991,
        0.637795 -0.729968 0.269058,
        0.637795 -0.706062 0.287402,
        0.637795 -0.702129 0.296897,
        0.637795 -0.700787 0.307087,
        0.637795 -0.702129 0.317276,
        0.637795 -0.706062 0.326772,
        -0.637795 -0.433071 0.385827,
        -0.696850 -0.433071 0.385827,
        -0.696850 -0.433071 0.059055,
        -0.787402 -0.433071 0.059055,
        -0.393701 -0.354331 0.039370,
        -0.393701 0.433071 0.039370,
        -0.393701 -0.669291 0.118110,
        -0.393701 -0.393701 0.039370,
        -0.393701 -0.472441 0.039370,
        -0.393701 -0.472441 0.118110,
        -0.787402 0.433071 -0.000000,
        -0.787402 0.163006 -0.000000,
        -0.787402 -0.374016 0.000000,
        0.787402 0.163006 0.000000,
        0.787402 -0.374016 0.000000,
        -0.043860 0.144587 0.000000,
        0.024290 0.144587 0.000000,
        0.024290 0.095778 0.000000,
        0.045471 0.162085 0.000000,
        -0.043860 0.162085 0.000000,
        -0.059055 0.163006 0.000000,
        0.106415 0.163006 0.000000,
        0.101385 0.162363 0.000000,
        0.092362 0.158771 0.000000,
        0.067574 0.105908 0.000000,
        0.067993 0.118711 0.000000,
        0.071243 0.133557 0.000000,
        0.024290 0.078280 0.000000,
        0.024290 0.022102 0.000000,
        -0.038334 0.078280 0.000000,
        -0.048464 0.022102 0.000000,
        -0.038334 0.095778 0.000000,
        0.140011 0.125010 0.000000,
        0.143953 0.109119 0.000000,
        0.087834 0.067228 0.000000,
        0.145854 0.080122 0.000000,
        0.088569 0.052272 0.000000,
        0.144182 0.054900 0.000000,
        0.091322 0.038947 0.000000,
        0.094332 0.032360 0.000000,
        0.146152 0.150572 0.000000,
        0.136641 0.157922 0.000000,
        0.261892 0.162085 0.000000,
        0.084165 0.152933 0.000000,
        0.076493 0.144102 0.000000,
        0.154506 0.140174 0.000000,
        0.127539 0.161915 0.000000,
        0.121551 0.163006 0.000000,
        0.283073 0.162085 0.000000,
        0.283073 0.004605 0.000000,
        0.068736 0.045887 0.000000,
        0.072903 0.031224 0.000000,
        0.045471 0.004605 0.000000,
        0.098130 0.027769 0.000000,
        0.140748 0.040975 0.000000,
        0.136911 0.033275 0.000000,
        0.145947 0.014398 0.000000,
        0.154209 0.023056 0.000000,
        0.187296 0.022102 0.000000,
        0.160132 0.033071 0.000000,
        0.165445 0.050098 0.000000,
        -0.048464 0.004605 0.000000,
        0.066653 0.067228 0.000000,
        0.078114 0.021536 0.000000,
        0.086222 0.012948 0.000000,
        0.095727 0.006833 0.000000,
        0.126676 0.004243 0.000000,
        0.114542 0.002763 0.000000,
        0.105045 0.003723 0.000000,
        0.089009 0.121356 0.000000,
        0.091689 0.131208 0.000000,
        0.112265 0.146381 0.000000,
        0.094272 0.136284 0.000000,
        0.106259 0.145444 0.000000,
        0.097511 0.140362 0.000000,
        0.101581 0.143492 0.000000,
        0.120342 0.145552 0.000000,
        0.125632 0.143371 0.000000,
        0.087834 0.105908 0.000000,
        0.130531 0.139762 0.000000,
        0.135254 0.134203 0.000000,
        0.187296 0.004605 0.000000,
        0.136943 0.008215 0.000000,
        0.113620 0.146429 0.000000,
        0.261892 0.022102 0.000000,
        0.160910 0.127000 0.000000,
        0.167956 0.078280 0.000000,
        0.166274 0.104540 0.000000,
        0.131632 0.027015 0.000000,
        0.126665 0.023354 0.000000,
        0.103753 0.023310 0.000000,
        0.121545 0.021196 0.000000,
        0.108810 0.021091 0.000000,
        0.114542 0.020261 0.000000,
        -0.142831 0.151120 -0.000000,
        -0.150880 0.143954 -0.000000,
        -0.225939 0.163006 -0.000000,
        -0.157631 0.134065 -0.000000,
        -0.163614 0.117819 -0.000000,
        -0.161694 0.043315 -0.000000,
        -0.156017 0.031085 -0.000000,
        -0.180158 0.004605 -0.000000,
        -0.149768 0.023035 -0.000000,
        -0.140715 0.015478 -0.000000,
        -0.128330 0.009139 -0.000000,
        -0.111174 0.005140 -0.000000,
        -0.069646 0.162085 -0.000000,
        -0.069646 0.004605 0.000000,
        -0.100958 0.004605 0.000000,
        -0.167168 0.089227 -0.000000,
        -0.167265 0.082884 -0.000000,
        -0.165833 0.060931 -0.000000,
        -0.100958 0.162085 -0.000000,
        -0.118161 0.160714 -0.000000,
        -0.132275 0.156811 -0.000000,
        -0.202261 0.004605 -0.000000,
        -0.215154 0.053415 -0.000000,
        -0.637795 -0.374016 -0.000000,
        0.117425 0.163758 0.000000,
        0.113620 0.163927 0.000000,
        -0.255675 0.053415 -0.000000,
        -0.268569 0.004605 -0.000000,
        -0.290671 0.004605 -0.000000,
        -0.244890 0.163006 -0.000000,
        -0.244624 0.163927 -0.000000,
        -0.226205 0.163927 -0.000000,
        -0.344488 0.433071 0.039370,
        -0.716535 0.433071 0.196850,
        -0.637795 -0.433071 0.059055,
        -0.637795 -0.444882 0.059055,
        -0.637795 -0.740157 0.385827,
        -0.637795 -0.740157 0.346457,
        -0.637795 -0.712319 0.279248,
        -0.637795 -0.720472 0.272991,
        -0.637795 -0.661417 0.086614,
        -0.637795 -0.661417 0.007874,
        -0.637795 -0.464567 0.007874,
        -0.637795 -0.464567 0.039370,
        -0.637795 -0.681102 0.106299,
        -0.637795 -0.740157 0.106299,
        -0.637795 -0.740157 0.267717,
        -0.637795 -0.729968 0.269058,
        -0.637795 -0.671260 0.103662,
        -0.637795 -0.667183 0.100533,
        -0.637795 -0.676007 0.105628,
        -0.637795 -0.664055 0.096457,
        -0.637795 -0.662088 0.091709,
        -0.637795 -0.712319 0.334926,
        -0.637795 -0.720472 0.341182,
        -0.637795 -0.729968 0.345115,
        -0.637795 -0.706062 0.326772,
        -0.637795 -0.702129 0.317276,
        -0.637795 -0.700787 0.307087,
        -0.637795 -0.702129 0.296897,
        -0.637795 -0.706062 0.287402,
        -0.637795 -0.463896 0.044465,
        -0.637795 -0.461930 0.049213,
        -0.637795 -0.458801 0.053289,
        -0.637795 -0.454724 0.056418,
        -0.637795 -0.449977 0.058384,
        -0.246063 -0.669291 0.118110,
        -0.147638 -0.669291 0.118110,
      ]
    }
    coordIndex [
      13, 44, 47, -1,
      44, 13, 45, -1,
      45, 13, 19, -1,
      45, 19, 46, -1,
      46, 19, 48, -1,
      46, 48, 47, -1,
      47, 48, 49, -1,
      47, 49, 13, -1,
      50, 51, 52, -1,
      52, 51, 53, -1,
      52, 53, 54, -1,
      54, 55, 52, -1,
      52, 55, 56, -1,
      52, 56, 57, -1,
      6, 12, 58, -1,
      58, 12, 59, -1,
      57, 60, 52, -1,
      52, 60, 61, -1,
      52, 61, 12, -1,
      12, 61, 62, -1,
      12, 62, 59, -1,
      59, 62, 63, -1,
      59, 63, 64, -1,
      64, 63, 65, -1,
      64, 65, 66, -1,
      67, 68, 58, -1,
      69, 70, 66, -1,
      66, 70, 71, -1,
      66, 71, 64, -1,
      72, 5, 73, -1,
      73, 5, 6, -1,
      73, 6, 74, -1,
      74, 6, 58, -1,
      74, 58, 75, -1,
      75, 58, 68, -1,
      76, 58, 77, -1,
      77, 58, 78, -1,
      76, 79, 58, -1,
      58, 79, 80, -1,
      58, 80, 81, -1,
      81, 82, 58, -1,
      58, 82, 83, -1,
      58, 83, 67, -1,
      84, 7, 85, -1,
      85, 7, 3, -1,
      85, 3, 86, -1,
      86, 3, 87, -1,
      88, 89, 34, -1,
      34, 89, 35, -1,
      18, 17, 90, -1,
      28, 27, 91, -1,
      91, 27, 88, -1,
      91, 88, 21, -1,
      34, 33, 88, -1,
      88, 33, 10, -1,
      88, 10, 21, -1,
      21, 10, 8, -1,
      21, 8, 20, -1,
      92, 91, 93, -1,
      93, 91, 21, -1,
      93, 21, 90, -1,
      90, 21, 22, -1,
      90, 22, 18, -1,
      1, 94, 95, -1,
      1, 95, 3, -1,
      3, 95, 96, -1,
      3, 96, 87, -1,
      52, 12, 11, -1,
      97, 98, 52, -1,
      99, 100, 101, -1,
      102, 103, 104, -1,
      104, 103, 99, -1,
      104, 105, 102, -1,
      102, 105, 106, -1,
      102, 106, 107, -1,
      108, 102, 109, -1,
      109, 102, 110, -1,
      111, 112, 113, -1,
      113, 112, 114, -1,
      113, 114, 115, -1,
      116, 117, 118, -1,
      118, 117, 119, -1,
      118, 119, 120, -1,
      120, 119, 121, -1,
      120, 121, 122, -1,
      122, 121, 123, -1,
      124, 125, 126, -1,
      107, 127, 102, -1,
      102, 127, 128, -1,
      102, 128, 110, -1,
      124, 126, 129, -1,
      125, 130, 126, -1,
      126, 130, 131, -1,
      126, 131, 132, -1,
      132, 131, 97, -1,
      132, 97, 133, -1,
      134, 135, 136, -1,
      123, 121, 137, -1,
      137, 121, 138, -1,
      137, 138, 139, -1,
      140, 141, 142, -1,
      142, 141, 143, -1,
      142, 143, 144, -1,
      101, 115, 99, -1,
      99, 115, 114, -1,
      99, 114, 104, -1,
      104, 114, 145, -1,
      104, 145, 11, -1,
      11, 145, 136, -1,
      134, 136, 146, -1,
      135, 147, 136, -1,
      136, 147, 148, -1,
      136, 148, 149, -1,
      150, 11, 151, -1,
      151, 11, 136, -1,
      151, 136, 152, -1,
      152, 136, 149, -1,
      153, 154, 155, -1,
      155, 154, 156, -1,
      155, 156, 157, -1,
      157, 156, 158, -1,
      157, 158, 159, -1,
      160, 161, 162, -1,
      162, 161, 163, -1,
      162, 163, 164, -1,
      97, 52, 133, -1,
      133, 52, 11, -1,
      133, 11, 165, -1,
      165, 11, 150, -1,
      165, 150, 142, -1,
      142, 150, 166, -1,
      142, 166, 140, -1,
      164, 116, 162, -1,
      162, 116, 118, -1,
      162, 118, 108, -1,
      108, 118, 146, -1,
      108, 146, 102, -1,
      102, 146, 136, -1,
      153, 155, 162, -1,
      162, 155, 167, -1,
      162, 167, 160, -1,
      168, 142, 126, -1,
      126, 142, 169, -1,
      126, 169, 129, -1,
      144, 170, 142, -1,
      142, 170, 171, -1,
      142, 171, 169, -1,
      139, 172, 137, -1,
      137, 172, 173, -1,
      137, 173, 174, -1,
      174, 173, 175, -1,
      174, 175, 176, -1,
      176, 175, 177, -1,
      178, 179, 180, -1,
      180, 179, 181, -1,
      180, 181, 182, -1,
      183, 184, 185, -1,
      186, 187, 11, -1,
      11, 187, 188, -1,
      11, 188, 189, -1,
      190, 104, 191, -1,
      191, 104, 11, -1,
      191, 11, 192, -1,
      192, 11, 189, -1,
      182, 193, 180, -1,
      180, 193, 194, -1,
      180, 194, 185, -1,
      185, 194, 195, -1,
      185, 195, 183, -1,
      196, 197, 180, -1,
      180, 197, 198, -1,
      180, 198, 178, -1,
      184, 186, 185, -1,
      185, 186, 11, -1,
      185, 11, 199, -1,
      199, 11, 16, -1,
      199, 16, 200, -1,
      200, 16, 201, -1,
      131, 202, 24, -1,
      24, 202, 203, -1,
      24, 203, 23, -1,
      23, 203, 105, -1,
      23, 105, 43, -1,
      43, 105, 104, -1,
      37, 97, 38, -1,
      38, 97, 131, -1,
      38, 131, 29, -1,
      29, 131, 24, -1,
      204, 200, 205, -1,
      205, 200, 201, -1,
      205, 201, 206, -1,
      206, 201, 96, -1,
      206, 96, 207, -1,
      207, 96, 95, -1,
      207, 95, 208, -1,
      208, 95, 94, -1,
      94, 39, 208, -1,
      208, 39, 40, -1,
      208, 40, 209, -1,
      209, 40, 41, -1,
      190, 196, 104, -1,
      104, 196, 180, -1,
      104, 180, 43, -1,
      43, 180, 209, -1,
      43, 209, 42, -1,
      42, 209, 41, -1,
      89, 210, 26, -1,
      94, 1, 0, -1,
      0, 211, 94, -1,
      94, 211, 31, -1,
      94, 31, 36, -1,
      25, 39, 26, -1,
      26, 39, 94, -1,
      26, 94, 89, -1,
      89, 94, 36, -1,
      89, 36, 35, -1,
      87, 96, 86, -1,
      86, 96, 201, -1,
      86, 201, 212, -1,
      213, 212, 201, -1,
      4, 7, 84, -1,
      84, 214, 4, -1,
      4, 214, 215, -1,
      4, 215, 16, -1,
      216, 217, 215, -1,
      218, 219, 16, -1,
      16, 219, 220, -1,
      16, 220, 201, -1,
      201, 220, 221, -1,
      222, 218, 223, -1,
      223, 218, 16, -1,
      223, 16, 224, -1,
      224, 16, 215, -1,
      224, 215, 225, -1,
      225, 215, 217, -1,
      226, 227, 228, -1,
      228, 227, 229, -1,
      228, 229, 222, -1,
      222, 229, 230, -1,
      222, 230, 218, -1,
      231, 215, 232, -1,
      232, 215, 233, -1,
      231, 234, 215, -1,
      215, 234, 235, -1,
      215, 235, 236, -1,
      236, 237, 215, -1,
      215, 237, 238, -1,
      215, 238, 216, -1,
      221, 239, 201, -1,
      201, 239, 240, -1,
      201, 240, 241, -1,
      241, 242, 201, -1,
      201, 242, 243, -1,
      201, 243, 213, -1,
      9, 211, 2, -1,
      2, 211, 0, -1,
      31, 211, 9, -1,
      30, 31, 32, -1,
      32, 31, 9, -1,
      32, 9, 33, -1,
      33, 9, 10, -1,
      15, 14, 244, -1,
      244, 14, 245, -1,
    ]
  }
}

Shape {
  appearance Appearance {
    material Material {
      diffuseColor 0.7922 0.8078 0.7059
      specularColor 0.2392 0.2431 0.2118
      ambientIntensity 0.2
      transparency 0.0000
      shininess 0.5
    }
  }
  geometry IndexedFaceSet {
    ccw TRUE
    solid FALSE
    coord DEF co Coordinate {
      point [
        -0.246063 -0.354331 0.019685,
        -0.147638 -0.354331 0.019685,
        -0.246063 -0.393701 0.019685,
        -0.147638 -0.393701 0.019685,
        -0.246063 0.433071 0.039370,
        -0.147638 0.433071 0.039370,
        -0.246063 -0.669291 0.118110,
        -0.147638 -0.669291 0.118110,
        -0.147638 -0.472441 0.118110,
        -0.246063 -0.472441 0.118110,
        -0.147638 -0.472441 0.039370,
        -0.246063 -0.472441 0.039370,
        -0.147638 -0.393701 0.039370,
        -0.246063 -0.393701 0.039370,
        -0.246063 -0.354331 0.039370,
        -0.147638 -0.354331 0.039370,
      ]
    }
    coordIndex [
      7, 8, 6, -1,
      6, 8, 9, -1,
      8, 10, 9, -1,
      9, 10, 11, -1,
      10, 12, 11, -1,
      11, 12, 13, -1,
      12, 3, 13, -1,
      13, 3, 2, -1,
      0, 1, 14, -1,
      14, 1, 15, -1,
      14, 15, 4, -1,
      4, 15, 5, -1,
    ]
  }
}

Shape {
  appearance Appearance {
    material Material {
      diffuseColor 0.2863 0.2863 0.2863
      specularColor 0.0196 0.0196 0.0196
      ambientIntensity 0.2
      transparency 0.0000
      shininess 0.5
    }
  }
  geometry IndexedFaceSet {
    ccw TRUE
    solid FALSE
    coord DEF co Coordinate {
      point [
        -0.246063 -0.748031 0.059055,
        -0.246063 -0.748031 0.019685,
        -0.344488 -0.748031 0.019685,
        -0.344488 -0.748031 0.059055,
        -0.393701 -0.748031 0.059055,
        -0.246063 -0.354331 0.019685,
        -0.246063 0.433071 0.019685,
        -0.344488 -0.354331 0.019685,
        -0.344488 0.433071 0.019685,
        -0.393701 -0.354331 0.019685,
        -0.393701 -0.393701 0.019685,
        -0.344488 -0.393701 0.019685,
        -0.246063 -0.393701 0.019685,
        -0.246063 0.433071 0.039370,
        -0.393701 -0.354331 0.039370,
        -0.393701 0.433071 0.039370,
        -0.393701 -0.669291 0.118110,
        -0.393701 -0.393701 0.039370,
        -0.393701 -0.472441 0.039370,
        -0.393701 -0.472441 0.118110,
        -0.344488 0.433071 0.039370,
        -0.246063 -0.669291 0.118110,
        -0.246063 -0.472441 0.118110,
        -0.246063 -0.472441 0.039370,
        -0.246063 -0.393701 0.039370,
        -0.246063 -0.354331 0.039370,
        -0.344488 -0.669291 0.118110,
        -0.344488 -0.472441 0.118110,
        -0.344488 -0.472441 0.039370,
        -0.344488 -0.393701 0.039370,
        -0.344488 -0.354331 0.039370,
      ]
    }
    coordIndex [
      16, 4, 26, -1,
      26, 4, 3, -1,
      27, 19, 26, -1,
      26, 19, 16, -1,
      28, 18, 27, -1,
      27, 18, 19, -1,
      29, 17, 28, -1,
      28, 17, 18, -1,
      11, 10, 29, -1,
      29, 10, 17, -1,
      14, 9, 30, -1,
      30, 9, 7, -1,
      15, 14, 20, -1,
      20, 14, 30, -1,
      24, 12, 23, -1,
      23, 12, 1, -1,
      1, 0, 23, -1,
      23, 0, 21, -1,
      23, 21, 22, -1,
      11, 29, 28, -1,
      28, 27, 26, -1,
      11, 28, 2, -1,
      2, 28, 26, -1,
      2, 26, 3, -1,
      6, 5, 13, -1,
      13, 5, 25, -1,
      8, 20, 7, -1,
      7, 20, 30, -1,
    ]
  }
}

Shape {
  appearance Appearance {
    material Material {
      diffuseColor 0.7922 0.8078 0.7059
      specularColor 0.2392 0.2431 0.2118
      ambientIntensity 0.2
      transparency 0.0000
      shininess 0.5
    }
  }
  geometry IndexedFaceSet {
    ccw TRUE
    solid FALSE
    coord DEF co Coordinate {
      point [
        0.049213 -0.748031 0.059055,
        -0.049213 -0.748031 0.059055,
        0.049213 -0.354331 0.019685,
        -0.049213 -0.354331 0.019685,
        -0.049213 -0.393701 0.019685,
        0.049213 -0.393701 0.019685,
        -0.049213 0.433071 0.039370,
        0.049213 0.433071 0.039370,
        -0.049213 -0.669291 0.118110,
        0.049213 -0.669291 0.118110,
        0.049213 -0.472441 0.118110,
        -0.049213 -0.472441 0.118110,
        0.049213 -0.472441 0.039370,
        -0.049213 -0.472441 0.039370,
        0.049213 -0.393701 0.039370,
        -0.049213 -0.393701 0.039370,
        -0.049213 -0.354331 0.039370,
        0.049213 -0.354331 0.039370,
      ]
    }
    coordIndex [
      1, 0, 8, -1,
      8, 0, 9, -1,
      9, 10, 8, -1,
      8, 10, 11, -1,
      10, 12, 11, -1,
      11, 12, 13, -1,
      12, 14, 13, -1,
      13, 14, 15, -1,
      14, 5, 15, -1,
      15, 5, 4, -1,
      3, 2, 16, -1,
      16, 2, 17, -1,
      16, 17, 6, -1,
      6, 17, 7, -1,
    ]
  }
}

Shape {
  appearance Appearance {
    material Material {
      diffuseColor 0.2863 0.2863 0.2863
      specularColor 0.0196 0.0196 0.0196
      ambientIntensity 0.2
      transparency 0.0000
      shininess 0.5
    }
  }
  geometry IndexedFaceSet {
    ccw TRUE
    solid FALSE
    coord DEF co Coordinate {
      point [
        -0.147638 -0.748031 0.059055,
        -0.147638 -0.748031 0.019685,
        -0.049213 -0.748031 0.059055,
        -0.049213 -0.748031 0.019685,
        -0.147638 -0.354331 0.019685,
        -0.147638 0.433071 0.019685,
        -0.049213 -0.354331 0.019685,
        -0.049213 0.433071 0.019685,
        -0.147638 -0.393701 0.019685,
        -0.049213 -0.393701 0.019685,
        -0.147638 0.433071 0.039370,
        -0.049213 0.433071 0.039370,
        -0.147638 -0.669291 0.118110,
        -0.147638 -0.472441 0.118110,
        -0.147638 -0.472441 0.039370,
        -0.147638 -0.393701 0.039370,
        -0.147638 -0.354331 0.039370,
        -0.049213 -0.669291 0.118110,
        -0.049213 -0.472441 0.118110,
        -0.049213 -0.472441 0.039370,
        -0.049213 -0.393701 0.039370,
        -0.049213 -0.354331 0.039370,
      ]
    }
    coordIndex [
      20, 9, 19, -1,
      19, 9, 3, -1,
      3, 2, 19, -1,
      19, 2, 17, -1,
      19, 17, 18, -1,
      8, 15, 14, -1,
      14, 13, 12, -1,
      8, 14, 1, -1,
      1, 14, 12, -1,
      1, 12, 0, -1,
      7, 6, 11, -1,
      11, 6, 21, -1,
      5, 10, 4, -1,
      4, 10, 16, -1,
    ]
  }
}

Shape {
  appearance Appearance {
    material Material {
      diffuseColor 0.7922 0.8078 0.7059
      specularColor 0.2392 0.2431 0.2118
      ambientIntensity 0.2
      transparency 0.0000
      shininess 0.5
    }
  }
  geometry IndexedFaceSet {
    ccw TRUE
    solid FALSE
    coord DEF co Coordinate {
      point [
        0.147638 -0.748031 0.059055,
        0.246063 -0.748031 0.059055,
        0.147638 -0.354331 0.019685,
        0.246063 -0.354331 0.019685,
        0.147638 -0.393701 0.019685,
        0.246063 -0.393701 0.019685,
        0.147638 0.433071 0.039370,
        0.246063 0.433071 0.039370,
        0.147638 -0.669291 0.118110,
        0.246063 -0.669291 0.118110,
        0.246063 -0.472441 0.118110,
        0.147638 -0.472441 0.118110,
        0.246063 -0.472441 0.039370,
        0.147638 -0.472441 0.039370,
        0.246063 -0.393701 0.039370,
        0.147638 -0.393701 0.039370,
        0.147638 -0.354331 0.039370,
        0.246063 -0.354331 0.039370,
      ]
    }
    coordIndex [
      0, 1, 8, -1,
      8, 1, 9, -1,
      9, 10, 8, -1,
      8, 10, 11, -1,
      10, 12, 11, -1,
      11, 12, 13, -1,
      12, 14, 13, -1,
      13, 14, 15, -1,
      14, 5, 15, -1,
      15, 5, 4, -1,
      2, 3, 16, -1,
      16, 3, 17, -1,
      16, 17, 6, -1,
      6, 17, 7, -1,
    ]
  }
}

Shape {
  appearance Appearance {
    material Material {
      diffuseColor 0.2863 0.2863 0.2863
      specularColor 0.0196 0.0196 0.0196
      ambientIntensity 0.2
      transparency 0.0000
      shininess 0.5
    }
  }
  geometry IndexedFaceSet {
    ccw TRUE
    solid FALSE
    coord DEF co Coordinate {
      point [
        0.787402 -0.433071 0.393701,
        0.787402 0.433071 0.393701,
        0.716535 0.019685 0.393701,
        0.716535 0.433071 0.393701,
        0.344488 0.019685 0.393701,
        0.637795 -0.433071 0.393701,
        0.246063 -0.748031 0.019685,
        0.344488 -0.748031 0.019685,
        0.049213 -0.748031 0.019685,
        0.147638 -0.748031 0.019685,
        0.147638 -0.748031 0.059055,
        0.246063 -0.748031 0.059055,
        0.049213 -0.748031 0.059055,
        0.393701 -0.748031 0.314961,
        0.344488 -0.748031 0.059055,
        0.393701 -0.748031 0.059055,
        0.147638 -0.354331 0.019685,
        0.147638 0.433071 0.019685,
        0.344488 -0.354331 0.019685,
        0.344488 0.433071 0.019685,
        0.246063 -0.354331 0.019685,
        0.246063 0.433071 0.019685,
        0.393701 -0.393701 0.019685,
        0.393701 -0.354331 0.019685,
        0.344488 -0.393701 0.019685,
        0.049213 -0.354331 0.019685,
        0.049213 0.433071 0.019685,
        0.147638 -0.393701 0.019685,
        0.246063 -0.393701 0.019685,
        0.049213 -0.393701 0.019685,
        0.147638 0.433071 0.039370,
        0.246063 0.433071 0.039370,
        0.669291 0.039370 0.196850,
        0.393701 0.039370 0.196850,
        0.393701 0.039370 0.157480,
        0.393701 0.433071 0.157480,
        0.669291 0.433071 0.196850,
        0.708661 0.433071 0.196850,
        0.344488 0.433071 0.039370,
        0.393701 0.433071 0.039370,
        0.787402 0.433071 0.000000,
        0.716535 0.433071 0.196850,
        0.049213 0.433071 0.039370,
        0.637795 -0.433071 0.059055,
        0.637795 -0.374016 0.000000,
        0.637795 -0.433071 0.385827,
        0.787402 0.163006 0.000000,
        0.787402 -0.374016 0.000000,
        0.049213 -0.669291 0.118110,
        0.049213 -0.472441 0.118110,
        0.049213 -0.472441 0.039370,
        0.049213 -0.393701 0.039370,
        0.049213 -0.354331 0.039370,
        0.147638 -0.669291 0.118110,
        0.246063 -0.669291 0.118110,
        0.246063 -0.472441 0.118110,
        0.147638 -0.472441 0.118110,
        0.246063 -0.472441 0.039370,
        0.147638 -0.472441 0.039370,
        0.246063 -0.393701 0.039370,
        0.147638 -0.393701 0.039370,
        0.147638 -0.354331 0.039370,
        0.246063 -0.354331 0.039370,
        0.344488 -0.669291 0.118110,
        0.393701 -0.669291 0.118110,
        0.393701 -0.472441 0.118110,
        0.344488 -0.472441 0.118110,
        0.393701 -0.472441 0.039370,
        0.344488 -0.472441 0.039370,
        0.393701 -0.393701 0.039370,
        0.344488 -0.393701 0.039370,
        0.344488 -0.354331 0.039370,
        0.393701 -0.354331 0.039370,
        0.393701 0.019685 0.196850,
        0.393701 0.019685 0.314961,
        0.393701 -0.472441 0.314961,
        0.393701 -0.472441 0.275591,
        0.393701 -0.669291 0.275591,
        0.787402 -0.433071 0.059055,
        0.696850 -0.433071 0.385827,
        0.696850 -0.433071 0.059055,
        0.344488 0.019685 0.314961,
        0.716535 0.019685 0.196850,
        0.696850 0.019685 0.275591,
        0.637795 0.019685 0.275591,
        0.637795 0.019685 0.212598,
        0.696850 0.019685 0.212598,
      ]
    }
    coordIndex [
      60, 27, 58, -1,
      58, 27, 9, -1,
      9, 10, 58, -1,
      58, 10, 53, -1,
      58, 53, 56, -1,
      29, 51, 50, -1,
      50, 49, 48, -1,
      29, 50, 8, -1,
      8, 50, 48, -1,
      8, 48, 12, -1,
      17, 16, 30, -1,
      30, 16, 61, -1,
      26, 42, 25, -1,
      25, 42, 52, -1,
      14, 15, 63, -1,
      63, 15, 64, -1,
      64, 65, 63, -1,
      63, 65, 66, -1,
      65, 67, 66, -1,
      66, 67, 68, -1,
      67, 69, 68, -1,
      68, 69, 70, -1,
      69, 22, 70, -1,
      70, 22, 24, -1,
      18, 23, 71, -1,
      71, 23, 72, -1,
      71, 72, 38, -1,
      38, 72, 39, -1,
      70, 24, 68, -1,
      68, 24, 7, -1,
      7, 14, 68, -1,
      68, 14, 63, -1,
      68, 63, 66, -1,
      28, 59, 57, -1,
      57, 55, 54, -1,
      28, 57, 6, -1,
      6, 57, 54, -1,
      6, 54, 11, -1,
      19, 18, 38, -1,
      38, 18, 71, -1,
      21, 31, 20, -1,
      20, 31, 62, -1,
      34, 35, 39, -1,
      39, 72, 34, -1,
      34, 72, 73, -1,
      34, 73, 33, -1,
      69, 67, 74, -1,
      74, 67, 65, -1,
      23, 22, 72, -1,
      72, 22, 69, -1,
      72, 69, 73, -1,
      73, 69, 74, -1,
      75, 74, 76, -1,
      76, 74, 65, -1,
      76, 65, 77, -1,
      77, 65, 64, -1,
      77, 64, 13, -1,
      13, 64, 15, -1,
      46, 40, 1, -1,
      46, 1, 47, -1,
      47, 1, 0, -1,
      47, 0, 78, -1,
      5, 45, 79, -1,
      80, 78, 79, -1,
      79, 78, 0, -1,
      79, 0, 5, -1,
      47, 78, 44, -1,
      44, 78, 80, -1,
      44, 80, 43, -1,
      74, 81, 4, -1,
      82, 83, 2, -1,
      2, 83, 84, -1,
      4, 2, 74, -1,
      74, 2, 84, -1,
      74, 84, 73, -1,
      73, 84, 85, -1,
      73, 85, 82, -1,
      82, 85, 86, -1,
      82, 86, 83, -1,
      41, 82, 3, -1,
      3, 82, 2, -1,
      37, 36, 32, -1,
      41, 37, 82, -1,
      82, 37, 32, -1,
      82, 32, 73, -1,
      73, 32, 33, -1,
    ]
  }
}

Shape {
  appearance Appearance {
    material Material {
      diffuseColor 0.2078 0.2078 0.2078
      specularColor 0.0157 0.0157 0.0157
      ambientIntensity 0.2
      transparency 0.0000
      shininess 0.5
    }
  }
  geometry IndexedFaceSet {
    ccw TRUE
    solid FALSE
    coord DEF co Coordinate {
      point [
        -0.043860 0.144587 0.000000,
        0.024290 0.144587 0.000000,
        0.024290 0.095778 0.000000,
        0.045471 0.162085 0.000000,
        -0.043860 0.162085 0.000000,
        0.106415 0.163006 0.000000,
        0.101385 0.162363 0.000000,
        0.092362 0.158771 0.000000,
        0.067574 0.105908 0.000000,
        0.067993 0.118711 0.000000,
        0.071243 0.133557 0.000000,
        0.024290 0.078280 0.000000,
        0.024290 0.022102 0.000000,
        -0.038334 0.078280 0.000000,
        -0.048464 0.022102 0.000000,
        -0.038334 0.095778 0.000000,
        0.140011 0.125010 0.000000,
        0.143953 0.109119 0.000000,
        0.087834 0.067228 0.000000,
        0.145854 0.080122 0.000000,
        0.088569 0.052272 0.000000,
        0.144182 0.054900 0.000000,
        0.091322 0.038947 0.000000,
        0.094332 0.032360 0.000000,
        0.146152 0.150572 0.000000,
        0.136641 0.157922 0.000000,
        0.261892 0.162085 0.000000,
        0.084165 0.152933 0.000000,
        0.076493 0.144102 0.000000,
        0.154506 0.140174 0.000000,
        0.127539 0.161915 0.000000,
        0.121551 0.163006 0.000000,
        0.283073 0.162085 0.000000,
        0.283073 0.004605 0.000000,
        0.068736 0.045887 0.000000,
        0.072903 0.031224 0.000000,
        0.045471 0.004605 0.000000,
        0.098130 0.027769 0.000000,
        0.140748 0.040975 0.000000,
        0.136911 0.033275 0.000000,
        0.145947 0.014398 0.000000,
        0.154209 0.023056 0.000000,
        0.187296 0.022102 0.000000,
        0.160132 0.033071 0.000000,
        0.165445 0.050098 0.000000,
        -0.048464 0.004605 0.000000,
        0.066653 0.067228 0.000000,
        0.078114 0.021536 0.000000,
        0.086222 0.012948 0.000000,
        0.095727 0.006833 0.000000,
        0.126676 0.004243 0.000000,
        0.114542 0.002763 0.000000,
        0.105045 0.003723 0.000000,
        0.089009 0.121356 0.000000,
        0.091689 0.131208 0.000000,
        0.112265 0.146381 0.000000,
        0.094272 0.136284 0.000000,
        0.106259 0.145444 0.000000,
        0.097511 0.140362 0.000000,
        0.101581 0.143492 0.000000,
        0.120342 0.145552 0.000000,
        0.125632 0.143371 0.000000,
        0.087834 0.105908 0.000000,
        0.130531 0.139762 0.000000,
        0.135254 0.134203 0.000000,
        0.187296 0.004605 0.000000,
        0.136943 0.008215 0.000000,
        0.113620 0.146429 0.000000,
        0.261892 0.022102 0.000000,
        0.160910 0.127000 0.000000,
        0.167956 0.078280 0.000000,
        0.166274 0.104540 0.000000,
        0.131632 0.027015 0.000000,
        0.126665 0.023354 0.000000,
        0.103753 0.023310 0.000000,
        0.121545 0.021196 0.000000,
        0.108810 0.021091 0.000000,
        0.114542 0.020261 0.000000,
        -0.142831 0.151120 -0.000000,
        -0.150880 0.143954 -0.000000,
        -0.225939 0.163006 -0.000000,
        -0.157631 0.134065 -0.000000,
        -0.163614 0.117819 -0.000000,
        -0.161694 0.043315 -0.000000,
        -0.156017 0.031085 -0.000000,
        -0.180158 0.004605 -0.000000,
        -0.149768 0.023035 -0.000000,
        -0.140715 0.015478 -0.000000,
        -0.128330 0.009139 -0.000000,
        -0.111174 0.005140 -0.000000,
        -0.069646 0.162085 -0.000000,
        -0.069646 0.004605 0.000000,
        -0.100958 0.004605 0.000000,
        -0.167168 0.089227 -0.000000,
        -0.167265 0.082884 -0.000000,
        -0.165833 0.060931 -0.000000,
        -0.100958 0.162085 -0.000000,
        -0.118161 0.160714 -0.000000,
        -0.132275 0.156811 -0.000000,
        -0.202261 0.004605 -0.000000,
        -0.215154 0.053415 -0.000000,
        0.117425 0.163758 0.000000,
        0.113620 0.163927 0.000000,
        -0.255675 0.053415 -0.000000,
        -0.268569 0.004605 -0.000000,
        -0.290671 0.004605 -0.000000,
        -0.244890 0.163006 -0.000000,
        -0.244624 0.163927 -0.000000,
        -0.226205 0.163927 -0.000000,
        0.283073 0.162085 0.003937,
        0.283073 0.004605 0.003937,
        0.261892 0.162085 0.003937,
        0.261892 0.022102 0.003937,
        0.187296 0.022102 0.003937,
        0.187296 0.004605 0.003937,
        0.114542 0.002763 0.003937,
        0.126676 0.004243 0.003937,
        0.136943 0.008215 0.003937,
        0.145947 0.014398 0.003937,
        0.154209 0.023056 0.003937,
        0.160132 0.033071 0.003937,
        0.165445 0.050098 0.003937,
        0.167956 0.078280 0.003937,
        0.166274 0.104540 0.003937,
        0.160910 0.127000 0.003937,
        0.154506 0.140174 0.003937,
        0.146152 0.150572 0.003937,
        0.136641 0.157922 0.003937,
        0.127539 0.161915 0.003937,
        0.117425 0.163758 0.003937,
        0.113620 0.163927 0.003937,
        0.101385 0.162363 0.003937,
        0.092362 0.158771 0.003937,
        0.084165 0.152933 0.003937,
        0.076493 0.144102 0.003937,
        0.071243 0.133557 0.003937,
        0.067993 0.118711 0.003937,
        0.067574 0.105908 0.003937,
        0.087834 0.105908 0.003937,
        0.089009 0.121356 0.003937,
        0.091689 0.131208 0.003937,
        0.094272 0.136284 0.003937,
        0.097511 0.140362 0.003937,
        0.101581 0.143492 0.003937,
        0.106259 0.145444 0.003937,
        0.112265 0.146381 0.003937,
        0.113620 0.146429 0.003937,
        0.120342 0.145552 0.003937,
        0.125632 0.143371 0.003937,
        0.130531 0.139762 0.003937,
        0.135254 0.134203 0.003937,
        0.140011 0.125010 0.003937,
        0.143953 0.109119 0.003937,
        0.145854 0.080122 0.003937,
        0.144182 0.054900 0.003937,
        0.140748 0.040975 0.003937,
        0.136911 0.033275 0.003937,
        0.131632 0.027015 0.003937,
        0.126665 0.023354 0.003937,
        0.121545 0.021196 0.003937,
        0.114542 0.020261 0.003937,
        0.108810 0.021091 0.003937,
        0.103753 0.023310 0.003937,
        0.098130 0.027769 0.003937,
        0.094332 0.032360 0.003937,
        0.091322 0.038947 0.003937,
        0.088569 0.052272 0.003937,
        0.087834 0.067228 0.003937,
        0.066653 0.067228 0.003937,
        0.068736 0.045887 0.003937,
        0.072903 0.031224 0.003937,
        0.078114 0.021536 0.003937,
        0.086222 0.012948 0.003937,
        0.095727 0.006833 0.003937,
        0.105045 0.003723 0.003937,
        0.045471 0.162085 0.003937,
        0.045471 0.004605 0.003937,
        -0.043860 0.162085 0.003937,
        -0.043860 0.144587 0.003937,
        0.024290 0.144587 0.003937,
        0.024290 0.095778 0.003937,
        -0.038334 0.095778 0.003937,
        -0.038334 0.078280 0.003937,
        0.024290 0.078280 0.003937,
        0.024290 0.022102 0.003937,
        -0.048464 0.022102 0.003937,
        -0.048464 0.004605 0.003937,
        -0.069646 0.004605 0.003937,
        -0.100958 0.004605 0.003937,
        -0.069646 0.162085 0.003937,
        -0.100958 0.162085 0.003937,
        -0.118161 0.160714 0.003937,
        -0.132275 0.156811 0.003937,
        -0.142831 0.151120 0.003937,
        -0.150880 0.143954 0.003937,
        -0.157631 0.134065 0.003937,
        -0.163614 0.117819 0.003937,
        -0.167168 0.089227 0.003937,
        -0.167265 0.082884 0.003937,
        -0.165833 0.060931 0.003937,
        -0.161694 0.043315 0.003937,
        -0.156017 0.031085 0.003937,
        -0.149768 0.023035 0.003937,
        -0.140715 0.015478 0.003937,
        -0.128330 0.009139 0.003937,
        -0.111174 0.005140 0.003937,
        -0.142792 0.055783 0.003937,
        -0.145163 0.082884 0.003937,
        -0.143765 0.104471 0.003937,
        -0.140276 0.119219 0.003937,
        -0.136063 0.128027 0.003937,
        -0.131025 0.134161 0.003937,
        -0.124393 0.139118 0.003937,
        -0.116357 0.142529 0.003937,
        -0.104654 0.144482 0.003937,
        -0.138697 0.042848 0.003937,
        -0.134489 0.035908 0.003937,
        -0.129043 0.030464 0.003937,
        -0.122033 0.026199 0.003937,
        -0.113407 0.023335 0.003937,
        -0.100958 0.022102 0.003937,
        -0.090828 0.022102 0.003937,
        -0.090828 0.144587 0.003937,
        -0.100958 0.144587 0.003937,
        -0.090828 0.144587 -0.000000,
        -0.100958 0.144587 -0.000000,
        -0.090828 0.022102 0.000000,
        -0.100958 0.022102 0.000000,
        -0.113407 0.023335 -0.000000,
        -0.122033 0.026199 -0.000000,
        -0.129043 0.030464 -0.000000,
        -0.134489 0.035908 -0.000000,
        -0.138697 0.042848 -0.000000,
        -0.142792 0.055783 -0.000000,
        -0.145163 0.082884 -0.000000,
        -0.143765 0.104471 -0.000000,
        -0.140276 0.119219 -0.000000,
        -0.136063 0.128027 -0.000000,
        -0.131025 0.134161 -0.000000,
        -0.124393 0.139118 -0.000000,
        -0.116357 0.142529 -0.000000,
        -0.104654 0.144482 -0.000000,
        -0.255675 0.053415 0.003937,
        -0.268569 0.004605 0.003937,
        -0.215154 0.053415 0.003937,
        -0.202261 0.004605 0.003937,
        -0.180158 0.004605 0.003937,
        -0.226205 0.163927 0.003937,
        -0.244624 0.163927 0.003937,
        -0.290671 0.004605 0.003937,
        -0.251070 0.070912 0.003937,
        -0.219759 0.070912 0.003937,
        -0.234494 0.127089 0.003937,
        -0.236335 0.127089 0.003937,
        -0.234494 0.127089 -0.000000,
        -0.236335 0.127089 -0.000000,
        -0.219759 0.070912 -0.000000,
        -0.251070 0.070912 -0.000000,
      ]
    }
    coordIndex [
      109, 32, 110, -1,
      110, 32, 33, -1,
      111, 26, 109, -1,
      109, 26, 32, -1,
      112, 68, 111, -1,
      111, 68, 26, -1,
      113, 42, 112, -1,
      112, 42, 68, -1,
      114, 65, 113, -1,
      113, 65, 42, -1,
      114, 110, 65, -1,
      65, 110, 33, -1,
      111, 109, 112, -1,
      112, 109, 110, -1,
      112, 110, 113, -1,
      113, 110, 114, -1,
      51, 115, 116, -1,
      51, 116, 50, -1,
      50, 116, 117, -1,
      50, 117, 66, -1,
      66, 117, 118, -1,
      66, 118, 40, -1,
      40, 118, 119, -1,
      40, 119, 41, -1,
      41, 119, 120, -1,
      41, 120, 43, -1,
      43, 120, 121, -1,
      43, 121, 44, -1,
      44, 121, 122, -1,
      44, 122, 70, -1,
      70, 122, 123, -1,
      70, 123, 71, -1,
      71, 123, 124, -1,
      71, 124, 69, -1,
      69, 124, 125, -1,
      69, 125, 29, -1,
      29, 125, 126, -1,
      29, 126, 24, -1,
      24, 126, 127, -1,
      24, 127, 25, -1,
      25, 127, 128, -1,
      25, 128, 30, -1,
      30, 128, 31, -1,
      31, 128, 129, -1,
      31, 129, 101, -1,
      101, 129, 130, -1,
      101, 130, 102, -1,
      102, 130, 5, -1,
      5, 130, 131, -1,
      5, 131, 6, -1,
      6, 131, 132, -1,
      6, 132, 7, -1,
      7, 132, 133, -1,
      7, 133, 27, -1,
      27, 133, 134, -1,
      27, 134, 28, -1,
      28, 134, 135, -1,
      28, 135, 10, -1,
      10, 135, 136, -1,
      10, 136, 9, -1,
      9, 136, 137, -1,
      9, 137, 8, -1,
      138, 62, 137, -1,
      137, 62, 8, -1,
      62, 138, 139, -1,
      62, 139, 53, -1,
      53, 139, 140, -1,
      53, 140, 54, -1,
      54, 140, 141, -1,
      54, 141, 56, -1,
      56, 141, 142, -1,
      56, 142, 58, -1,
      58, 142, 143, -1,
      58, 143, 59, -1,
      59, 143, 144, -1,
      59, 144, 57, -1,
      57, 144, 145, -1,
      57, 145, 55, -1,
      55, 145, 146, -1,
      55, 146, 67, -1,
      67, 146, 147, -1,
      67, 147, 60, -1,
      60, 147, 148, -1,
      60, 148, 61, -1,
      61, 148, 149, -1,
      61, 149, 63, -1,
      63, 149, 150, -1,
      63, 150, 64, -1,
      64, 150, 151, -1,
      64, 151, 16, -1,
      16, 151, 152, -1,
      16, 152, 17, -1,
      17, 152, 153, -1,
      17, 153, 19, -1,
      19, 153, 154, -1,
      19, 154, 21, -1,
      21, 154, 155, -1,
      21, 155, 38, -1,
      38, 155, 156, -1,
      38, 156, 39, -1,
      39, 156, 157, -1,
      39, 157, 72, -1,
      72, 157, 158, -1,
      72, 158, 73, -1,
      73, 158, 159, -1,
      73, 159, 75, -1,
      75, 159, 160, -1,
      75, 160, 77, -1,
      77, 160, 161, -1,
      77, 161, 76, -1,
      76, 161, 162, -1,
      76, 162, 74, -1,
      74, 162, 163, -1,
      74, 163, 37, -1,
      37, 163, 164, -1,
      37, 164, 23, -1,
      23, 164, 165, -1,
      23, 165, 22, -1,
      22, 165, 166, -1,
      22, 166, 20, -1,
      20, 166, 167, -1,
      20, 167, 18, -1,
      168, 46, 167, -1,
      167, 46, 18, -1,
      46, 168, 169, -1,
      46, 169, 34, -1,
      34, 169, 170, -1,
      34, 170, 35, -1,
      35, 170, 171, -1,
      35, 171, 47, -1,
      47, 171, 172, -1,
      47, 172, 48, -1,
      48, 172, 173, -1,
      48, 173, 49, -1,
      49, 173, 174, -1,
      49, 174, 52, -1,
      52, 174, 115, -1,
      52, 115, 51, -1,
      138, 137, 139, -1,
      139, 137, 136, -1,
      139, 136, 140, -1,
      140, 136, 135, -1,
      140, 135, 141, -1,
      141, 135, 134, -1,
      141, 134, 142, -1,
      142, 134, 133, -1,
      142, 133, 143, -1,
      143, 133, 132, -1,
      143, 132, 144, -1,
      144, 132, 131, -1,
      144, 131, 145, -1,
      145, 131, 130, -1,
      145, 130, 146, -1,
      146, 130, 129, -1,
      146, 129, 147, -1,
      147, 129, 128, -1,
      147, 128, 148, -1,
      148, 128, 127, -1,
      148, 127, 149, -1,
      149, 127, 126, -1,
      149, 126, 150, -1,
      150, 126, 125, -1,
      150, 125, 151, -1,
      151, 125, 124, -1,
      151, 124, 152, -1,
      152, 124, 123, -1,
      152, 123, 153, -1,
      153, 123, 122, -1,
      153, 122, 154, -1,
      154, 122, 121, -1,
      154, 121, 155, -1,
      155, 121, 120, -1,
      155, 120, 156, -1,
      156, 120, 119, -1,
      156, 119, 157, -1,
      157, 119, 118, -1,
      157, 118, 158, -1,
      158, 118, 117, -1,
      158, 117, 159, -1,
      159, 117, 116, -1,
      159, 116, 160, -1,
      160, 116, 115, -1,
      160, 115, 161, -1,
      161, 115, 174, -1,
      161, 174, 162, -1,
      162, 174, 173, -1,
      162, 173, 163, -1,
      163, 173, 172, -1,
      163, 172, 164, -1,
      164, 172, 171, -1,
      164, 171, 165, -1,
      165, 171, 170, -1,
      165, 170, 166, -1,
      166, 170, 169, -1,
      166, 169, 167, -1,
      167, 169, 168, -1,
      175, 3, 176, -1,
      176, 3, 36, -1,
      177, 4, 175, -1,
      175, 4, 3, -1,
      178, 0, 177, -1,
      177, 0, 4, -1,
      179, 1, 178, -1,
      178, 1, 0, -1,
      180, 2, 179, -1,
      179, 2, 1, -1,
      181, 15, 180, -1,
      180, 15, 2, -1,
      182, 13, 181, -1,
      181, 13, 15, -1,
      183, 11, 182, -1,
      182, 11, 13, -1,
      184, 12, 183, -1,
      183, 12, 11, -1,
      185, 14, 184, -1,
      184, 14, 12, -1,
      186, 45, 185, -1,
      185, 45, 14, -1,
      186, 176, 45, -1,
      45, 176, 36, -1,
      176, 186, 185, -1,
      185, 184, 176, -1,
      176, 184, 183, -1,
      176, 183, 175, -1,
      178, 177, 179, -1,
      179, 177, 175, -1,
      179, 175, 180, -1,
      180, 175, 183, -1,
      180, 183, 181, -1,
      181, 183, 182, -1,
      187, 91, 188, -1,
      188, 91, 92, -1,
      189, 90, 187, -1,
      187, 90, 91, -1,
      190, 96, 189, -1,
      189, 96, 90, -1,
      96, 190, 191, -1,
      96, 191, 97, -1,
      97, 191, 192, -1,
      97, 192, 98, -1,
      98, 192, 193, -1,
      98, 193, 78, -1,
      78, 193, 194, -1,
      78, 194, 79, -1,
      79, 194, 195, -1,
      79, 195, 81, -1,
      81, 195, 196, -1,
      81, 196, 82, -1,
      82, 196, 197, -1,
      82, 197, 93, -1,
      93, 197, 198, -1,
      93, 198, 94, -1,
      94, 198, 199, -1,
      94, 199, 95, -1,
      95, 199, 200, -1,
      95, 200, 83, -1,
      83, 200, 201, -1,
      83, 201, 84, -1,
      84, 201, 202, -1,
      84, 202, 86, -1,
      86, 202, 203, -1,
      86, 203, 87, -1,
      87, 203, 204, -1,
      87, 204, 88, -1,
      88, 204, 205, -1,
      88, 205, 89, -1,
      89, 205, 188, -1,
      89, 188, 92, -1,
      206, 200, 199, -1,
      206, 199, 207, -1,
      199, 198, 207, -1,
      207, 198, 197, -1,
      207, 197, 208, -1,
      208, 197, 196, -1,
      208, 196, 209, -1,
      209, 196, 195, -1,
      209, 195, 210, -1,
      210, 195, 194, -1,
      210, 194, 211, -1,
      211, 194, 193, -1,
      211, 193, 212, -1,
      212, 193, 192, -1,
      212, 192, 213, -1,
      213, 192, 191, -1,
      213, 191, 214, -1,
      214, 191, 190, -1,
      200, 206, 201, -1,
      201, 206, 215, -1,
      201, 215, 202, -1,
      202, 215, 216, -1,
      202, 216, 203, -1,
      203, 216, 217, -1,
      203, 217, 204, -1,
      204, 217, 218, -1,
      204, 218, 205, -1,
      205, 218, 219, -1,
      205, 219, 188, -1,
      188, 219, 220, -1,
      188, 220, 187, -1,
      187, 220, 221, -1,
      187, 221, 189, -1,
      189, 221, 222, -1,
      189, 222, 190, -1,
      190, 222, 223, -1,
      190, 223, 214, -1,
      222, 224, 223, -1,
      223, 224, 225, -1,
      221, 226, 222, -1,
      222, 226, 224, -1,
      220, 227, 221, -1,
      221, 227, 226, -1,
      227, 220, 219, -1,
      227, 219, 228, -1,
      228, 219, 218, -1,
      228, 218, 229, -1,
      229, 218, 217, -1,
      229, 217, 230, -1,
      230, 217, 216, -1,
      230, 216, 231, -1,
      231, 216, 215, -1,
      231, 215, 232, -1,
      232, 215, 206, -1,
      232, 206, 233, -1,
      233, 206, 207, -1,
      233, 207, 234, -1,
      234, 207, 208, -1,
      234, 208, 235, -1,
      235, 208, 209, -1,
      235, 209, 236, -1,
      236, 209, 210, -1,
      236, 210, 237, -1,
      237, 210, 211, -1,
      237, 211, 238, -1,
      238, 211, 212, -1,
      238, 212, 239, -1,
      239, 212, 213, -1,
      239, 213, 240, -1,
      240, 213, 214, -1,
      240, 214, 241, -1,
      241, 214, 223, -1,
      241, 223, 225, -1,
      242, 103, 243, -1,
      243, 103, 104, -1,
      244, 100, 242, -1,
      242, 100, 103, -1,
      245, 99, 244, -1,
      244, 99, 100, -1,
      246, 85, 245, -1,
      245, 85, 99, -1,
      85, 246, 80, -1,
      80, 246, 247, -1,
      80, 247, 108, -1,
      248, 107, 247, -1,
      247, 107, 108, -1,
      107, 248, 106, -1,
      106, 248, 249, -1,
      106, 249, 105, -1,
      249, 243, 105, -1,
      105, 243, 104, -1,
      250, 249, 248, -1,
      243, 249, 242, -1,
      242, 249, 250, -1,
      242, 250, 244, -1,
      244, 250, 251, -1,
      245, 244, 246, -1,
      246, 244, 251, -1,
      246, 251, 247, -1,
      247, 251, 252, -1,
      247, 252, 248, -1,
      248, 252, 253, -1,
      248, 253, 250, -1,
      252, 254, 253, -1,
      253, 254, 255, -1,
      251, 256, 252, -1,
      252, 256, 254, -1,
      250, 257, 251, -1,
      251, 257, 256, -1,
      255, 257, 253, -1,
      253, 257, 250, -1,
    ]
  }
}

Shape {
  appearance Appearance {
    material Material {
      diffuseColor 0.2863 0.2863 0.2863
      specularColor 0.0196 0.0196 0.0196
      ambientIntensity 0.2
      transparency 0.0000
      shininess 0.5
    }
  }
  geometry IndexedFaceSet {
    ccw TRUE
    solid FALSE
    coord DEF co Coordinate {
      point [
        -0.090828 0.144587 -0.000000,
        -0.100958 0.144587 -0.000000,
        -0.090828 0.022102 0.000000,
        -0.100958 0.022102 0.000000,
        -0.113407 0.023335 -0.000000,
        -0.122033 0.026199 -0.000000,
        -0.129043 0.030464 -0.000000,
        -0.134489 0.035908 -0.000000,
        -0.138697 0.042848 -0.000000,
        -0.142792 0.055783 -0.000000,
        -0.145163 0.082884 -0.000000,
        -0.143765 0.104471 -0.000000,
        -0.140276 0.119219 -0.000000,
        -0.136063 0.128027 -0.000000,
        -0.131025 0.134161 -0.000000,
        -0.124393 0.139118 -0.000000,
        -0.116357 0.142529 -0.000000,
        -0.104654 0.144482 -0.000000,
        -0.234494 0.127089 -0.000000,
        -0.236335 0.127089 -0.000000,
        -0.219759 0.070912 -0.000000,
        -0.251070 0.070912 -0.000000,
      ]
    }
    coordIndex [
      0, 2, 1, -1,
      1, 2, 3, -1,
      9, 10, 3, -1,
      3, 10, 11, -1,
      3, 11, 12, -1,
      15, 16, 3, -1,
      3, 16, 17, -1,
      3, 17, 1, -1,
      3, 4, 9, -1,
      9, 4, 5, -1,
      9, 5, 8, -1,
      8, 5, 6, -1,
      8, 6, 7, -1,
      12, 13, 3, -1,
      3, 13, 14, -1,
      3, 14, 15, -1,
      20, 21, 18, -1,
      18, 21, 19, -1,
    ]
  }
}

Shape {
  appearance Appearance {
    material Material {
      diffuseColor 0.7922 0.8196 0.9333
      specularColor 0.3961 0.4118 0.4667
      ambientIntensity 0.2
      transparency 0.0000
      shininess 0.5
    }
  }
  geometry IndexedFaceSet {
    ccw TRUE
    solid FALSE
    coord DEF co Coordinate {
      point [
        -0.696850 0.019685 0.212598,
        -0.637795 0.019685 0.212598,
        -0.696850 0.019685 0.275591,
        -0.637795 0.019685 0.275591,
        -0.669291 0.039370 0.212598,
        -0.637795 0.039370 0.212598,
        -0.669291 0.039370 0.275591,
        -0.637795 0.039370 0.275591,
        -0.669291 0.334646 0.275591,
        -0.669291 0.334646 0.212598,
        -0.696850 0.334646 0.275591,
        -0.696850 0.342798 0.274517,
        -0.696850 0.350394 0.271371,
        -0.696850 0.356917 0.266366,
        -0.696850 0.361922 0.259843,
        -0.696850 0.365069 0.252246,
        -0.696850 0.366142 0.244094,
        -0.696850 0.365069 0.235943,
        -0.696850 0.361922 0.228346,
        -0.696850 0.356917 0.221824,
        -0.696850 0.350394 0.216818,
        -0.696850 0.342798 0.213672,
        -0.696850 0.334646 0.212598,
        -0.637795 -0.433071 0.385827,
        -0.696850 -0.433071 0.385827,
        -0.696850 -0.433071 0.059055,
        -0.637795 -0.433071 0.059055,
        -0.637795 -0.444882 0.059055,
        -0.637795 -0.740157 0.385827,
        -0.637795 -0.740157 0.346457,
        -0.637795 -0.712319 0.279248,
        -0.637795 -0.720472 0.272991,
        -0.637795 -0.661417 0.086614,
        -0.637795 -0.661417 0.007874,
        -0.637795 -0.464567 0.007874,
        -0.637795 -0.464567 0.039370,
        -0.637795 -0.681102 0.106299,
        -0.637795 -0.740157 0.106299,
        -0.637795 -0.740157 0.267717,
        -0.637795 -0.729968 0.269058,
        -0.637795 -0.671260 0.103662,
        -0.637795 -0.667183 0.100533,
        -0.637795 -0.676007 0.105628,
        -0.637795 -0.664055 0.096457,
        -0.637795 -0.662088 0.091709,
        -0.637795 -0.712319 0.334926,
        -0.637795 -0.720472 0.341182,
        -0.637795 -0.729968 0.345115,
        -0.637795 -0.706062 0.326772,
        -0.637795 -0.702129 0.317276,
        -0.637795 -0.700787 0.307087,
        -0.637795 -0.702129 0.296897,
        -0.637795 -0.706062 0.287402,
        -0.637795 -0.463896 0.044465,
        -0.637795 -0.461930 0.049213,
        -0.637795 -0.458801 0.053289,
        -0.637795 -0.454724 0.056418,
        -0.637795 -0.449977 0.058384,
        -0.696850 -0.464567 0.007874,
        -0.696850 -0.661417 0.007874,
        -0.696850 -0.464567 0.039370,
        -0.696850 -0.661417 0.086614,
        -0.696850 -0.463896 0.044465,
        -0.696850 -0.662088 0.091709,
        -0.696850 -0.444882 0.059055,
        -0.696850 -0.449977 0.058384,
        -0.696850 -0.702129 0.296897,
        -0.696850 -0.700787 0.307087,
        -0.696850 -0.702129 0.317276,
        -0.696850 -0.706062 0.326772,
        -0.696850 -0.676007 0.105628,
        -0.696850 -0.712319 0.279248,
        -0.696850 -0.671260 0.103662,
        -0.696850 -0.706062 0.287402,
        -0.696850 -0.712319 0.334926,
        -0.696850 -0.720472 0.341182,
        -0.696850 -0.740157 0.385827,
        -0.696850 -0.729968 0.345115,
        -0.696850 -0.740157 0.346457,
        -0.696850 -0.664055 0.096457,
        -0.696850 -0.667183 0.100533,
        -0.696850 -0.461930 0.049213,
        -0.696850 -0.458801 0.053289,
        -0.696850 -0.454724 0.056418,
        -0.696850 -0.740157 0.106299,
        -0.696850 -0.740157 0.267717,
        -0.696850 -0.681102 0.106299,
        -0.696850 -0.729968 0.269058,
        -0.696850 -0.720472 0.272991,
      ]
    }
    coordIndex [
      3, 1, 7, -1,
      7, 1, 5, -1,
      0, 2, 22, -1,
      22, 2, 10, -1,
      22, 10, 11, -1,
      11, 12, 22, -1,
      22, 12, 13, -1,
      22, 13, 21, -1,
      21, 13, 20, -1,
      15, 16, 19, -1,
      19, 16, 17, -1,
      19, 17, 18, -1,
      20, 13, 19, -1,
      19, 13, 14, -1,
      19, 14, 15, -1,
      5, 1, 4, -1,
      4, 1, 0, -1,
      4, 0, 9, -1,
      9, 0, 22, -1,
      8, 10, 6, -1,
      6, 10, 2, -1,
      6, 2, 7, -1,
      7, 2, 3, -1,
      58, 59, 60, -1,
      60, 59, 61, -1,
      60, 61, 62, -1,
      62, 61, 63, -1,
      64, 65, 66, -1,
      67, 68, 24, -1,
      24, 68, 69, -1,
      67, 24, 66, -1,
      66, 24, 25, -1,
      66, 25, 64, -1,
      70, 71, 72, -1,
      72, 71, 73, -1,
      72, 73, 66, -1,
      69, 74, 24, -1,
      24, 74, 75, -1,
      24, 75, 76, -1,
      76, 75, 77, -1,
      76, 77, 78, -1,
      63, 79, 62, -1,
      62, 79, 80, -1,
      62, 80, 81, -1,
      81, 80, 72, -1,
      81, 72, 82, -1,
      82, 72, 66, -1,
      82, 66, 83, -1,
      83, 66, 65, -1,
      84, 85, 86, -1,
      86, 85, 87, -1,
      86, 87, 70, -1,
      70, 87, 88, -1,
      70, 88, 71, -1,
      64, 25, 27, -1,
      27, 25, 26, -1,
      64, 27, 65, -1,
      65, 27, 57, -1,
      65, 57, 83, -1,
      83, 57, 56, -1,
      83, 56, 82, -1,
      82, 56, 55, -1,
      82, 55, 81, -1,
      81, 55, 54, -1,
      81, 54, 62, -1,
      62, 54, 53, -1,
      62, 53, 60, -1,
      60, 53, 35, -1,
      58, 60, 34, -1,
      34, 60, 35, -1,
      59, 58, 33, -1,
      33, 58, 34, -1,
      61, 59, 32, -1,
      32, 59, 33, -1,
      61, 32, 63, -1,
      63, 32, 44, -1,
      63, 44, 79, -1,
      79, 44, 43, -1,
      79, 43, 80, -1,
      80, 43, 41, -1,
      80, 41, 72, -1,
      72, 41, 40, -1,
      72, 40, 70, -1,
      70, 40, 42, -1,
      70, 42, 86, -1,
      86, 42, 36, -1,
      84, 86, 37, -1,
      37, 86, 36, -1,
      85, 84, 38, -1,
      38, 84, 37, -1,
      85, 38, 87, -1,
      87, 38, 39, -1,
      87, 39, 88, -1,
      88, 39, 31, -1,
      88, 31, 71, -1,
      71, 31, 30, -1,
      71, 30, 73, -1,
      73, 30, 52, -1,
      73, 52, 66, -1,
      66, 52, 51, -1,
      66, 51, 67, -1,
      67, 51, 50, -1,
      67, 50, 68, -1,
      68, 50, 49, -1,
      68, 49, 69, -1,
      69, 49, 48, -1,
      69, 48, 74, -1,
      74, 48, 45, -1,
      74, 45, 75, -1,
      75, 45, 46, -1,
      75, 46, 77, -1,
      77, 46, 47, -1,
      77, 47, 78, -1,
      78, 47, 29, -1,
      76, 78, 28, -1,
      28, 78, 29, -1,
      24, 76, 23, -1,
      23, 76, 28, -1,
    ]
  }
}

Shape {
  appearance Appearance {
    material Material {
      diffuseColor 0.2863 0.2863 0.2863
      specularColor 0.0196 0.0196 0.0196
      ambientIntensity 0.2
      transparency 0.0000
      shininess 0.5
    }
  }
  geometry IndexedFaceSet {
    ccw TRUE
    solid FALSE
    coord DEF co Coordinate {
      point [
        0.147638 0.019685 0.393701,
        0.246063 0.019685 0.393701,
        0.147638 -0.748031 0.314961,
        0.246063 -0.748031 0.314961,
        0.344488 -0.748031 0.314961,
        0.393701 -0.748031 0.314961,
        0.393701 0.019685 0.314961,
        0.393701 -0.472441 0.314961,
        0.393701 -0.472441 0.275591,
        0.393701 -0.669291 0.275591,
        0.344488 0.019685 0.314961,
        0.246063 0.019685 0.314961,
        0.147638 0.019685 0.314961,
        0.344488 -0.472441 0.314961,
        0.344488 -0.472441 0.275591,
        0.344488 -0.669291 0.275591,
        0.246063 -0.472441 0.314961,
        0.147638 -0.472441 0.314961,
        0.147638 -0.472441 0.275591,
        0.246063 -0.472441 0.275591,
        0.147638 -0.669291 0.275591,
        0.246063 -0.669291 0.275591,
      ]
    }
    coordIndex [
      11, 12, 1, -1,
      1, 12, 0, -1,
      6, 7, 10, -1,
      10, 7, 13, -1,
      13, 7, 14, -1,
      14, 7, 8, -1,
      14, 8, 15, -1,
      15, 8, 9, -1,
      9, 5, 15, -1,
      15, 5, 4, -1,
      16, 17, 11, -1,
      11, 17, 12, -1,
      18, 17, 19, -1,
      19, 17, 16, -1,
      20, 18, 21, -1,
      21, 18, 19, -1,
      3, 2, 21, -1,
      21, 2, 20, -1,
    ]
  }
}

Shape {
  appearance Appearance {
    material Material {
      diffuseColor 0.7922 0.8078 0.7059
      specularColor 0.2392 0.2431 0.2118
      ambientIntensity 0.2
      transparency 0.0000
      shininess 0.5
    }
  }
  geometry IndexedFaceSet {
    ccw TRUE
    solid FALSE
    coord DEF co Coordinate {
      point [
        0.246063 -0.019685 0.393701,
        0.246063 0.019685 0.393701,
        0.344488 0.019685 0.393701,
        0.344488 -0.019685 0.393701,
        0.246063 -0.748031 0.314961,
        0.246063 -0.748031 0.374016,
        0.344488 -0.748031 0.374016,
        0.344488 -0.748031 0.314961,
        0.246063 -0.019685 0.374016,
        0.344488 -0.019685 0.374016,
        0.344488 0.019685 0.314961,
        0.246063 0.019685 0.314961,
        0.344488 -0.472441 0.314961,
        0.344488 -0.472441 0.275591,
        0.344488 -0.669291 0.275591,
        0.246063 -0.472441 0.314961,
        0.246063 -0.472441 0.275591,
        0.246063 -0.669291 0.275591,
      ]
    }
    coordIndex [
      9, 3, 2, -1,
      14, 7, 6, -1,
      2, 10, 9, -1,
      9, 10, 12, -1,
      9, 12, 6, -1,
      6, 12, 13, -1,
      6, 13, 14, -1,
      17, 16, 15, -1,
      1, 0, 11, -1,
      11, 0, 8, -1,
      11, 8, 15, -1,
      15, 8, 5, -1,
      15, 5, 17, -1,
      17, 5, 4, -1,
    ]
  }
}

Shape {
  appearance Appearance {
    material Material {
      diffuseColor 0.2863 0.2863 0.2863
      specularColor 0.0196 0.0196 0.0196
      ambientIntensity 0.2
      transparency 0.0000
      shininess 0.5
    }
  }
  geometry IndexedFaceSet {
    ccw TRUE
    solid FALSE
    coord DEF co Coordinate {
      point [
        0.246063 -0.019685 0.393701,
        0.344488 -0.019685 0.393701,
        0.049213 0.019685 0.393701,
        -0.049213 0.019685 0.393701,
        -0.049213 -0.748031 0.314961,
        0.049213 -0.748031 0.314961,
        0.246063 -0.019685 0.374016,
        0.344488 -0.019685 0.374016,
        0.049213 0.019685 0.314961,
        -0.049213 0.019685 0.314961,
        0.049213 -0.472441 0.314961,
        -0.049213 -0.472441 0.314961,
        -0.049213 -0.472441 0.275591,
        0.049213 -0.472441 0.275591,
        -0.049213 -0.669291 0.275591,
        0.049213 -0.669291 0.275591,
      ]
    }
    coordIndex [
      1, 7, 0, -1,
      0, 7, 6, -1,
      8, 9, 2, -1,
      2, 9, 3, -1,
      10, 11, 8, -1,
      8, 11, 9, -1,
      12, 11, 13, -1,
      13, 11, 10, -1,
      14, 12, 15, -1,
      15, 12, 13, -1,
      5, 4, 15, -1,
      15, 4, 14, -1,
    ]
  }
}

Shape {
  appearance Appearance {
    material Material {
      diffuseColor 0.7922 0.8078 0.7059
      specularColor 0.2392 0.2431 0.2118
      ambientIntensity 0.2
      transparency 0.0000
      shininess 0.5
    }
  }
  geometry IndexedFaceSet {
    ccw TRUE
    solid FALSE
    coord DEF co Coordinate {
      point [
        0.049213 -0.019685 0.393701,
        0.147638 -0.019685 0.393701,
        0.147638 0.019685 0.393701,
        0.049213 0.019685 0.393701,
        0.049213 -0.748031 0.314961,
        0.049213 -0.748031 0.374016,
        0.147638 -0.748031 0.314961,
        0.147638 -0.748031 0.374016,
        0.049213 -0.019685 0.374016,
        0.147638 -0.019685 0.374016,
        0.147638 0.019685 0.314961,
        0.147638 -0.472441 0.314961,
        0.147638 -0.472441 0.275591,
        0.147638 -0.669291 0.275591,
        0.049213 0.019685 0.314961,
        0.049213 -0.472441 0.314961,
        0.049213 -0.472441 0.275591,
        0.049213 -0.669291 0.275591,
      ]
    }
    coordIndex [
      9, 1, 2, -1,
      13, 6, 7, -1,
      2, 10, 9, -1,
      9, 10, 11, -1,
      9, 11, 7, -1,
      7, 11, 12, -1,
      7, 12, 13, -1,
      17, 16, 15, -1,
      3, 0, 14, -1,
      14, 0, 8, -1,
      14, 8, 15, -1,
      15, 8, 5, -1,
      15, 5, 17, -1,
      17, 5, 4, -1,
    ]
  }
}

Shape {
  appearance Appearance {
    material Material {
      diffuseColor 0.2863 0.2863 0.2863
      specularColor 0.0196 0.0196 0.0196
      ambientIntensity 0.2
      transparency 0.0000
      shininess 0.5
    }
  }
  geometry IndexedFaceSet {
    ccw TRUE
    solid FALSE
    coord DEF co Coordinate {
      point [
        0.049213 -0.019685 0.393701,
        0.147638 -0.019685 0.393701,
        0.049213 -0.019685 0.374016,
        0.147638 -0.019685 0.374016,
      ]
    }
    coordIndex [
      1, 3, 0, -1,
      0, 3, 2, -1,
    ]
  }
}

Shape {
  appearance Appearance {
    material Material {
      diffuseColor 0.7922 0.8078 0.7059
      specularColor 0.2392 0.2431 0.2118
      ambientIntensity 0.2
      transparency 0.0000
      shininess 0.5
    }
  }
  geometry IndexedFaceSet {
    ccw TRUE
    solid FALSE
    coord DEF co Coordinate {
      point [
        -0.147638 0.019685 0.393701,
        -0.147638 0.019685 0.314961,
        -0.147638 -0.019685 0.393701,
        -0.049213 0.019685 0.393701,
        -0.049213 -0.019685 0.393701,
        -0.147638 -0.472441 0.314961,
        -0.147638 -0.472441 0.275591,
        -0.147638 -0.669291 0.275591,
        -0.147638 -0.748031 0.314961,
        -0.049213 -0.748031 0.314961,
        -0.049213 -0.748031 0.374016,
        -0.147638 -0.748031 0.374016,
        -0.147638 -0.019685 0.374016,
        -0.049213 -0.019685 0.374016,
        -0.049213 0.019685 0.314961,
        -0.049213 -0.472441 0.314961,
        -0.049213 -0.472441 0.275591,
        -0.049213 -0.669291 0.275591,
      ]
    }
    coordIndex [
      13, 4, 3, -1,
      17, 9, 10, -1,
      3, 14, 13, -1,
      13, 14, 15, -1,
      13, 15, 10, -1,
      10, 15, 16, -1,
      10, 16, 17, -1,
      7, 6, 5, -1,
      0, 2, 1, -1,
      1, 2, 12, -1,
      1, 12, 5, -1,
      5, 12, 11, -1,
      5, 11, 7, -1,
      7, 11, 8, -1,
    ]
  }
}

Shape {
  appearance Appearance {
    material Material {
      diffuseColor 0.2863 0.2863 0.2863
      specularColor 0.0196 0.0196 0.0196
      ambientIntensity 0.2
      transparency 0.0000
      shininess 0.5
    }
  }
  geometry IndexedFaceSet {
    ccw TRUE
    solid FALSE
    coord DEF co Coordinate {
      point [
        -0.147638 -0.019685 0.393701,
        -0.049213 -0.019685 0.393701,
        -0.147638 -0.019685 0.374016,
        -0.049213 -0.019685 0.374016,
      ]
    }
    coordIndex [
      1, 3, 0, -1,
      0, 3, 2, -1,
    ]
  }
}

Shape {
  appearance Appearance {
    material Material {
      diffuseColor 0.7922 0.8196 0.9333
      specularColor 0.3961 0.4118 0.4667
      ambientIntensity 0.2
      transparency 0.0000
      shininess 0.5
    }
  }
  geometry IndexedFaceSet {
    ccw TRUE
    solid FALSE
    coord DEF co Coordinate {
      point [
        0.637795 0.039370 0.275591,
        0.669291 0.039370 0.275591,
        0.669291 0.039370 0.212598,
        0.637795 0.039370 0.212598,
        0.669291 0.334646 0.212598,
        0.669291 0.334646 0.275591,
        0.696850 0.334646 0.212598,
        0.696850 0.342798 0.213672,
        0.696850 0.350394 0.216818,
        0.696850 0.356917 0.221824,
        0.696850 0.361922 0.228346,
        0.696850 0.365069 0.235943,
        0.696850 0.366142 0.244094,
        0.696850 0.365069 0.252246,
        0.696850 0.361922 0.259843,
        0.696850 0.356917 0.266366,
        0.696850 0.350394 0.271371,
        0.696850 0.342798 0.274517,
        0.696850 0.334646 0.275591,
        0.637795 -0.433071 0.059055,
        0.637795 -0.444882 0.059055,
        0.637795 -0.449977 0.058384,
        0.637795 -0.454724 0.056418,
        0.637795 -0.458801 0.053289,
        0.637795 -0.461930 0.049213,
        0.637795 -0.463896 0.044465,
        0.637795 -0.740157 0.267717,
        0.637795 -0.740157 0.106299,
        0.637795 -0.464567 0.039370,
        0.637795 -0.464567 0.007874,
        0.637795 -0.661417 0.007874,
        0.637795 -0.661417 0.086614,
        0.637795 -0.681102 0.106299,
        0.637795 -0.662088 0.091709,
        0.637795 -0.664055 0.096457,
        0.637795 -0.712319 0.334926,
        0.637795 -0.720472 0.341182,
        0.637795 -0.667183 0.100533,
        0.637795 -0.671260 0.103662,
        0.637795 -0.676007 0.105628,
        0.637795 -0.433071 0.385827,
        0.637795 -0.740157 0.385827,
        0.637795 -0.740157 0.346457,
        0.637795 -0.729968 0.345115,
        0.637795 -0.712319 0.279248,
        0.637795 -0.720472 0.272991,
        0.637795 -0.729968 0.269058,
        0.637795 -0.706062 0.287402,
        0.637795 -0.702129 0.296897,
        0.637795 -0.700787 0.307087,
        0.637795 -0.702129 0.317276,
        0.637795 -0.706062 0.326772,
        0.696850 -0.433071 0.385827,
        0.696850 -0.433071 0.059055,
        0.696850 0.019685 0.275591,
        0.637795 0.019685 0.275591,
        0.637795 0.019685 0.212598,
        0.696850 0.019685 0.212598,
        0.696850 -0.671260 0.103662,
        0.696850 -0.667183 0.100533,
        0.696850 -0.720472 0.272991,
        0.696850 -0.740157 0.385827,
        0.696850 -0.740157 0.346457,
        0.696850 -0.729968 0.345115,
        0.696850 -0.661417 0.007874,
        0.696850 -0.464567 0.007874,
        0.696850 -0.661417 0.086614,
        0.696850 -0.464567 0.039370,
        0.696850 -0.662088 0.091709,
        0.696850 -0.463896 0.044465,
        0.696850 -0.664055 0.096457,
        0.696850 -0.712319 0.334926,
        0.696850 -0.706062 0.326772,
        0.696850 -0.702129 0.317276,
        0.696850 -0.700787 0.307087,
        0.696850 -0.702129 0.296897,
        0.696850 -0.444882 0.059055,
        0.696850 -0.720472 0.341182,
        0.696850 -0.740157 0.267717,
        0.696850 -0.740157 0.106299,
        0.696850 -0.729968 0.269058,
        0.696850 -0.681102 0.106299,
        0.696850 -0.676007 0.105628,
        0.696850 -0.461930 0.049213,
        0.696850 -0.458801 0.053289,
        0.696850 -0.706062 0.287402,
        0.696850 -0.454724 0.056418,
        0.696850 -0.449977 0.058384,
        0.696850 -0.712319 0.279248,
      ]
    }
    coordIndex [
      56, 55, 3, -1,
      3, 55, 0, -1,
      54, 57, 18, -1,
      18, 57, 6, -1,
      18, 6, 7, -1,
      7, 8, 18, -1,
      18, 8, 9, -1,
      18, 9, 17, -1,
      17, 9, 16, -1,
      11, 12, 15, -1,
      15, 12, 13, -1,
      15, 13, 14, -1,
      16, 9, 15, -1,
      15, 9, 10, -1,
      15, 10, 11, -1,
      4, 6, 2, -1,
      2, 6, 57, -1,
      2, 57, 3, -1,
      3, 57, 56, -1,
      0, 55, 1, -1,
      1, 55, 54, -1,
      1, 54, 5, -1,
      5, 54, 18, -1,
      58, 59, 60, -1,
      61, 62, 63, -1,
      64, 65, 66, -1,
      66, 65, 67, -1,
      66, 67, 68, -1,
      68, 67, 69, -1,
      68, 69, 70, -1,
      52, 71, 72, -1,
      72, 73, 52, -1,
      52, 73, 74, -1,
      52, 74, 53, -1,
      53, 74, 75, -1,
      53, 75, 76, -1,
      61, 63, 52, -1,
      52, 63, 77, -1,
      52, 77, 71, -1,
      78, 79, 80, -1,
      80, 79, 81, -1,
      80, 81, 60, -1,
      60, 81, 82, -1,
      60, 82, 58, -1,
      83, 84, 85, -1,
      85, 84, 86, -1,
      85, 86, 75, -1,
      75, 86, 87, -1,
      75, 87, 76, -1,
      85, 88, 83, -1,
      83, 88, 60, -1,
      83, 60, 69, -1,
      69, 60, 59, -1,
      69, 59, 70, -1,
      53, 76, 19, -1,
      19, 76, 20, -1,
      67, 28, 69, -1,
      69, 28, 25, -1,
      69, 25, 83, -1,
      83, 25, 24, -1,
      83, 24, 84, -1,
      84, 24, 23, -1,
      84, 23, 86, -1,
      86, 23, 22, -1,
      86, 22, 87, -1,
      87, 22, 21, -1,
      87, 21, 76, -1,
      76, 21, 20, -1,
      67, 65, 28, -1,
      28, 65, 29, -1,
      65, 64, 29, -1,
      29, 64, 30, -1,
      64, 66, 30, -1,
      30, 66, 31, -1,
      81, 32, 82, -1,
      82, 32, 39, -1,
      82, 39, 58, -1,
      58, 39, 38, -1,
      58, 38, 59, -1,
      59, 38, 37, -1,
      59, 37, 70, -1,
      70, 37, 34, -1,
      70, 34, 68, -1,
      68, 34, 33, -1,
      68, 33, 66, -1,
      66, 33, 31, -1,
      81, 79, 32, -1,
      32, 79, 27, -1,
      79, 78, 27, -1,
      27, 78, 26, -1,
      62, 42, 63, -1,
      63, 42, 43, -1,
      63, 43, 77, -1,
      77, 43, 36, -1,
      77, 36, 71, -1,
      71, 36, 35, -1,
      71, 35, 72, -1,
      72, 35, 51, -1,
      72, 51, 73, -1,
      73, 51, 50, -1,
      73, 50, 74, -1,
      74, 50, 49, -1,
      74, 49, 75, -1,
      75, 49, 48, -1,
      75, 48, 85, -1,
      85, 48, 47, -1,
      85, 47, 88, -1,
      88, 47, 44, -1,
      88, 44, 60, -1,
      60, 44, 45, -1,
      60, 45, 80, -1,
      80, 45, 46, -1,
      80, 46, 78, -1,
      78, 46, 26, -1,
      62, 61, 42, -1,
      42, 61, 41, -1,
      61, 52, 41, -1,
      41, 52, 40, -1,
    ]
  }
}

Shape {
  appearance Appearance {
    material Material {
      diffuseColor 0.8314 0.6706 0.1294
      specularColor 0.6667 0.5373 0.1020
      ambientIntensity 0.2
      transparency 0.0000
      shininess 0.5
    }
  }
  geometry IndexedFaceSet {
    ccw TRUE
    solid FALSE
    coord DEF co Coordinate {
      point [
        -0.265748 -0.708661 0.374016,
        -0.265748 -0.157480 0.374016,
        -0.324803 -0.708661 0.374016,
        -0.324803 -0.157480 0.374016,
        0.127953 -0.708661 0.374016,
        0.127953 -0.157480 0.374016,
        0.068898 -0.708661 0.374016,
        0.068898 -0.157480 0.374016,
        0.324803 0.433071 0.019685,
        0.265748 -0.708661 0.019685,
        0.265748 0.433071 0.019685,
        0.324803 -0.708661 0.019685,
        0.265748 0.433071 -0.000000,
        0.068898 0.039370 0.295276,
        -0.265748 0.039370 0.354331,
        -0.324803 0.039370 0.354331,
        -0.324803 0.039370 0.295276,
        -0.265748 0.039370 0.295276,
        0.127953 0.039370 0.354331,
        0.127953 0.039370 0.295276,
        0.068898 0.039370 0.354331,
        0.324803 0.433071 -0.000000,
        0.265748 0.433071 -0.007874,
        0.324803 0.433071 -0.007874,
        0.324803 -0.703966 0.055349,
        0.265748 -0.703966 0.055349,
        0.324803 -0.690200 0.088583,
        0.265748 -0.690200 0.088583,
        0.324803 -0.668302 0.117121,
        0.265748 -0.668302 0.117121,
        0.324803 -0.639764 0.139019,
        0.265748 -0.639764 0.139019,
        0.324803 -0.606530 0.152785,
        0.265748 -0.606530 0.152785,
        0.324803 -0.570866 0.157480,
        0.265748 -0.570866 0.157480,
        0.324803 -0.560676 0.156139,
        0.265748 -0.560676 0.156139,
        0.324803 -0.551181 0.152206,
        0.265748 -0.551181 0.152206,
        0.324803 -0.543027 0.145949,
        0.265748 -0.543027 0.145949,
        0.324803 -0.536770 0.137795,
        0.265748 -0.536770 0.137795,
        0.324803 -0.532837 0.128300,
        0.265748 -0.532837 0.128300,
        0.324803 -0.531496 0.118110,
        0.265748 -0.531496 0.118110,
        0.265748 -0.531496 0.098425,
        0.324803 -0.531496 0.098425,
        0.265748 0.472441 0.098425,
        0.324803 0.472441 0.098425,
        0.265748 0.472441 0.118110,
        0.324803 0.472441 0.118110,
        0.265748 0.590551 0.118110,
        0.324803 0.590551 0.118110,
        0.265748 0.590551 0.000000,
        0.324803 0.590551 0.000000,
        0.265748 0.588513 -0.000268,
        0.324803 0.588513 -0.000268,
        0.265748 0.586614 -0.001055,
        0.324803 0.586614 -0.001055,
        0.265748 0.584983 -0.002306,
        0.324803 0.584983 -0.002306,
        0.265748 0.583732 -0.003937,
        0.324803 0.583732 -0.003937,
        0.265748 0.582945 -0.005836,
        0.324803 0.582945 -0.005836,
        0.265748 0.582677 -0.007874,
        0.324803 0.582677 -0.007874,
        -0.324803 -0.570866 0.236220,
        -0.265748 -0.570866 0.236220,
        -0.265748 -0.606530 0.240916,
        -0.324803 -0.606530 0.240916,
        -0.265748 -0.639764 0.254681,
        -0.324803 -0.639764 0.254681,
        -0.265748 -0.668302 0.276580,
        -0.324803 -0.668302 0.276580,
        -0.265748 -0.690200 0.305118,
        -0.324803 -0.690200 0.305118,
        -0.265748 -0.703966 0.338352,
        -0.324803 -0.703966 0.338352,
        -0.324803 -0.157480 0.354331,
        -0.265748 -0.157480 0.354331,
        -0.265748 -0.531496 0.295276,
        -0.324803 -0.531496 0.295276,
        -0.324803 -0.531496 0.275591,
        -0.265748 -0.531496 0.275591,
        -0.265748 -0.532837 0.265401,
        -0.324803 -0.532837 0.265401,
        -0.265748 -0.536770 0.255906,
        -0.324803 -0.536770 0.255906,
        -0.265748 -0.543027 0.247752,
        -0.324803 -0.543027 0.247752,
        -0.265748 -0.551181 0.241495,
        -0.324803 -0.551181 0.241495,
        -0.265748 -0.560676 0.237562,
        -0.324803 -0.560676 0.237562,
        0.068898 -0.570866 0.236220,
        0.127953 -0.570866 0.236220,
        0.127953 -0.606530 0.240916,
        0.068898 -0.606530 0.240916,
        0.127953 -0.639764 0.254681,
        0.068898 -0.639764 0.254681,
        0.127953 -0.668302 0.276580,
        0.068898 -0.668302 0.276580,
        0.127953 -0.690200 0.305118,
        0.068898 -0.690200 0.305118,
        0.127953 -0.703966 0.338352,
        0.068898 -0.703966 0.338352,
        0.068898 -0.157480 0.354331,
        0.127953 -0.157480 0.354331,
        0.127953 -0.531496 0.295276,
        0.068898 -0.531496 0.295276,
        0.068898 -0.531496 0.275591,
        0.127953 -0.531496 0.275591,
        0.127953 -0.532837 0.265401,
        0.068898 -0.532837 0.265401,
        0.127953 -0.536770 0.255906,
        0.068898 -0.536770 0.255906,
        0.127953 -0.543027 0.247752,
        0.068898 -0.543027 0.247752,
        0.127953 -0.551181 0.241495,
        0.068898 -0.551181 0.241495,
        0.127953 -0.560676 0.237562,
        0.068898 -0.560676 0.237562,
      ]
    }
    coordIndex [
      22, 23, 12, -1,
      12, 23, 21, -1,
      9, 11, 24, -1,
      9, 24, 25, -1,
      25, 24, 26, -1,
      25, 26, 27, -1,
      27, 26, 28, -1,
      27, 28, 29, -1,
      29, 28, 30, -1,
      29, 30, 31, -1,
      31, 30, 32, -1,
      31, 32, 33, -1,
      33, 32, 34, -1,
      33, 34, 35, -1,
      35, 34, 36, -1,
      35, 36, 37, -1,
      37, 36, 38, -1,
      37, 38, 39, -1,
      39, 38, 40, -1,
      39, 40, 41, -1,
      41, 40, 42, -1,
      41, 42, 43, -1,
      43, 42, 44, -1,
      43, 44, 45, -1,
      45, 44, 46, -1,
      45, 46, 47, -1,
      48, 47, 49, -1,
      49, 47, 46, -1,
      50, 48, 51, -1,
      51, 48, 49, -1,
      52, 50, 53, -1,
      53, 50, 51, -1,
      54, 52, 55, -1,
      55, 52, 53, -1,
      56, 54, 57, -1,
      57, 54, 55, -1,
      56, 57, 58, -1,
      58, 57, 59, -1,
      58, 59, 60, -1,
      60, 59, 61, -1,
      60, 61, 62, -1,
      62, 61, 63, -1,
      62, 63, 64, -1,
      64, 63, 65, -1,
      64, 65, 66, -1,
      66, 65, 67, -1,
      66, 67, 68, -1,
      68, 67, 69, -1,
      22, 68, 23, -1,
      23, 68, 69, -1,
      66, 68, 50, -1,
      39, 41, 29, -1,
      29, 41, 43, -1,
      43, 45, 29, -1,
      29, 45, 47, -1,
      29, 47, 27, -1,
      27, 47, 48, -1,
      27, 48, 25, -1,
      25, 48, 9, -1,
      9, 48, 10, -1,
      10, 48, 50, -1,
      10, 50, 12, -1,
      12, 50, 68, -1,
      12, 68, 22, -1,
      54, 56, 58, -1,
      31, 33, 35, -1,
      54, 58, 52, -1,
      58, 60, 52, -1,
      52, 60, 62, -1,
      52, 62, 50, -1,
      50, 62, 64, -1,
      50, 64, 66, -1,
      31, 35, 29, -1,
      29, 35, 37, -1,
      29, 37, 39, -1,
      55, 53, 51, -1,
      24, 11, 49, -1,
      57, 55, 59, -1,
      59, 55, 61, -1,
      28, 46, 44, -1,
      23, 69, 21, -1,
      21, 69, 67, -1,
      21, 67, 8, -1,
      8, 67, 65, -1,
      8, 65, 63, -1,
      49, 11, 51, -1,
      51, 11, 8, -1,
      51, 8, 55, -1,
      55, 8, 63, -1,
      55, 63, 61, -1,
      46, 28, 49, -1,
      49, 28, 26, -1,
      49, 26, 24, -1,
      44, 42, 28, -1,
      28, 42, 40, -1,
      28, 40, 38, -1,
      38, 36, 28, -1,
      28, 36, 34, -1,
      28, 34, 30, -1,
      30, 34, 32, -1,
      70, 71, 72, -1,
      70, 72, 73, -1,
      73, 72, 74, -1,
      73, 74, 75, -1,
      75, 74, 76, -1,
      75, 76, 77, -1,
      77, 76, 78, -1,
      77, 78, 79, -1,
      79, 78, 80, -1,
      79, 80, 81, -1,
      81, 80, 0, -1,
      81, 0, 2, -1,
      82, 3, 83, -1,
      83, 3, 1, -1,
      15, 82, 14, -1,
      14, 82, 83, -1,
      84, 85, 17, -1,
      17, 85, 16, -1,
      86, 85, 87, -1,
      87, 85, 84, -1,
      86, 87, 88, -1,
      86, 88, 89, -1,
      89, 88, 90, -1,
      89, 90, 91, -1,
      91, 90, 92, -1,
      91, 92, 93, -1,
      93, 92, 94, -1,
      93, 94, 95, -1,
      95, 94, 96, -1,
      95, 96, 97, -1,
      97, 96, 71, -1,
      97, 71, 70, -1,
      75, 77, 86, -1,
      81, 2, 85, -1,
      15, 16, 82, -1,
      82, 16, 85, -1,
      82, 85, 3, -1,
      3, 85, 2, -1,
      86, 77, 85, -1,
      85, 77, 79, -1,
      85, 79, 81, -1,
      86, 89, 91, -1,
      91, 93, 86, -1,
      86, 93, 95, -1,
      86, 95, 97, -1,
      97, 70, 86, -1,
      86, 70, 73, -1,
      86, 73, 75, -1,
      17, 14, 83, -1,
      1, 0, 83, -1,
      83, 0, 84, -1,
      83, 84, 17, -1,
      74, 72, 71, -1,
      94, 92, 76, -1,
      76, 92, 90, -1,
      90, 88, 76, -1,
      76, 88, 87, -1,
      76, 87, 78, -1,
      78, 87, 84, -1,
      78, 84, 80, -1,
      80, 84, 0, -1,
      74, 71, 76, -1,
      76, 71, 96, -1,
      76, 96, 94, -1,
      98, 99, 100, -1,
      98, 100, 101, -1,
      101, 100, 102, -1,
      101, 102, 103, -1,
      103, 102, 104, -1,
      103, 104, 105, -1,
      105, 104, 106, -1,
      105, 106, 107, -1,
      107, 106, 108, -1,
      107, 108, 109, -1,
      109, 108, 4, -1,
      109, 4, 6, -1,
      110, 7, 111, -1,
      111, 7, 5, -1,
      110, 111, 20, -1,
      20, 111, 18, -1,
      19, 112, 13, -1,
      13, 112, 113, -1,
      114, 113, 115, -1,
      115, 113, 112, -1,
      114, 115, 116, -1,
      114, 116, 117, -1,
      117, 116, 118, -1,
      117, 118, 119, -1,
      119, 118, 120, -1,
      119, 120, 121, -1,
      121, 120, 122, -1,
      121, 122, 123, -1,
      123, 122, 124, -1,
      123, 124, 125, -1,
      125, 124, 99, -1,
      125, 99, 98, -1,
      103, 105, 114, -1,
      109, 6, 113, -1,
      20, 13, 110, -1,
      110, 13, 113, -1,
      110, 113, 7, -1,
      7, 113, 6, -1,
      114, 105, 113, -1,
      113, 105, 107, -1,
      113, 107, 109, -1,
      114, 117, 119, -1,
      119, 121, 114, -1,
      114, 121, 123, -1,
      114, 123, 125, -1,
      125, 98, 114, -1,
      114, 98, 101, -1,
      114, 101, 103, -1,
      19, 18, 111, -1,
      5, 4, 111, -1,
      111, 4, 112, -1,
      111, 112, 19, -1,
      102, 100, 99, -1,
      122, 120, 104, -1,
      104, 120, 118, -1,
      118, 116, 104, -1,
      104, 116, 115, -1,
      104, 115, 106, -1,
      106, 115, 112, -1,
      106, 112, 108, -1,
      108, 112, 4, -1,
      102, 99, 104, -1,
      104, 99, 124, -1,
      104, 124, 122, -1,
    ]
  }
}
