#VRML V2.0 utf8

Shape {
  appearance Appearance {
    material Material {
      diffuseColor 1.0000 1.0000 0.5020
      specularColor 0.5020 0.5020 0.2510
      ambientIntensity 0.2
      transparency 0.0000
      shininess 0.5
    }
  }
  geometry IndexedFaceSet {
    ccw TRUE
    solid FALSE
    coord DEF co Coordinate {
      point [
        -0.531496 -1.161417 0.720472,
        -0.531496 -0.275591 0.720472,
        -0.413386 -1.161417 0.720472,
        -0.413386 -0.275591 0.720472,
        -0.413386 -0.275591 0.759843,
        -0.531496 -0.275591 0.759843,
        -0.413386 -1.161417 0.759843,
        -0.531496 -1.161417 0.759843,
        -0.354331 -1.102362 0.720472,
        -0.354331 -0.275591 0.720472,
        -0.236220 -1.102362 0.720472,
        -0.236220 -0.275591 0.720472,
        -0.236220 -0.275591 0.759843,
        -0.354331 -0.275591 0.759843,
        -0.236220 -1.102362 0.759843,
        -0.354331 -1.102362 0.759843,
        0.413386 -0.275591 0.523622,
        0.531496 -0.275591 0.523622,
        0.413386 -0.275591 0.484252,
        0.531496 -0.275591 0.484252,
        0.413386 -1.161417 0.523622,
        0.413386 -1.161417 0.484252,
        0.531496 -1.161417 0.523622,
        0.531496 -1.161417 0.484252,
        -0.413386 -0.275591 0.523622,
        -0.413386 -0.275591 0.484252,
        -0.531496 -0.275591 0.523622,
        -0.531496 -0.275591 0.484252,
        -0.413386 -1.161417 0.523622,
        -0.531496 -1.161417 0.523622,
        -0.413386 -1.161417 0.484252,
        -0.531496 -1.161417 0.484252,
        -0.177165 -1.102362 0.720472,
        -0.177165 -0.275591 0.720472,
        -0.059055 -1.102362 0.720472,
        -0.059055 -0.275591 0.720472,
        -0.059055 -0.275591 0.759843,
        -0.177165 -0.275591 0.759843,
        -0.059055 -1.102362 0.759843,
        -0.177165 -1.102362 0.759843,
      ]
    }
    coordIndex [
      0, 1, 2, -1,
      2, 1, 3, -1,
      4, 5, 6, -1,
      6, 5, 7, -1,
      1, 5, 3, -1,
      3, 5, 4, -1,
      7, 5, 0, -1,
      0, 5, 1, -1,
      3, 4, 2, -1,
      2, 4, 6, -1,
      7, 0, 6, -1,
      6, 0, 2, -1,
      8, 9, 10, -1,
      10, 9, 11, -1,
      12, 13, 14, -1,
      14, 13, 15, -1,
      9, 13, 11, -1,
      11, 13, 12, -1,
      15, 13, 8, -1,
      8, 13, 9, -1,
      11, 12, 10, -1,
      10, 12, 14, -1,
      15, 8, 14, -1,
      14, 8, 10, -1,
      16, 17, 18, -1,
      18, 17, 19, -1,
      20, 16, 21, -1,
      21, 16, 18, -1,
      22, 17, 20, -1,
      20, 17, 16, -1,
      23, 19, 22, -1,
      22, 19, 17, -1,
      21, 18, 23, -1,
      23, 18, 19, -1,
      20, 21, 22, -1,
      22, 21, 23, -1,
      24, 25, 26, -1,
      26, 25, 27, -1,
      28, 24, 29, -1,
      29, 24, 26, -1,
      30, 25, 28, -1,
      28, 25, 24, -1,
      31, 27, 30, -1,
      30, 27, 25, -1,
      29, 26, 31, -1,
      31, 26, 27, -1,
      28, 29, 30, -1,
      30, 29, 31, -1,
      32, 33, 34, -1,
      34, 33, 35, -1,
      36, 37, 38, -1,
      38, 37, 39, -1,
      33, 37, 35, -1,
      35, 37, 36, -1,
      39, 37, 32, -1,
      32, 37, 33, -1,
      35, 36, 34, -1,
      34, 36, 38, -1,
      39, 32, 38, -1,
      38, 32, 34, -1,
    ]
  }
}

Shape {
  appearance Appearance {
    material Material {
      diffuseColor 0.2510 0.2510 0.2510
      specularColor 0.1255 0.1255 0.1255
      ambientIntensity 0.2
      transparency 0.0000
      shininess 0.5
    }
  }
  geometry IndexedFaceSet {
    ccw TRUE
    solid FALSE
    coord DEF co Coordinate {
      point [
        1.641732 1.338583 0.000000,
        1.200787 1.338583 0.000000,
        1.641732 1.338583 0.850394,
        1.200787 1.338583 0.015748,
        0.480315 1.338583 0.015748,
        -0.866142 1.338583 0.875353,
        -0.677014 1.338583 0.875353,
        0.283313 1.338583 1.125984,
        0.677014 1.338583 0.898681,
        -0.283313 1.338583 1.125984,
        0.677014 1.338583 0.875353,
        0.964567 1.338583 0.015748,
        0.866142 1.338583 0.875353,
        0.866142 1.338583 1.125984,
        1.366142 1.338583 1.125984,
        1.437470 1.338583 1.116594,
        1.503937 1.338583 1.089062,
        1.561014 1.338583 1.045266,
        -0.677014 1.338583 0.898681,
        0.716535 1.338583 0.015748,
        0.716535 1.338583 0.000000,
        0.964567 1.338583 0.000000,
        1.604810 1.338583 0.988189,
        1.632342 1.338583 0.921722,
        0.480315 1.338583 0.000000,
        0.295276 1.338583 0.000000,
        0.295276 1.338583 0.015748,
        0.098425 1.338583 0.015748,
        -0.964567 1.338583 0.015748,
        0.098425 1.338583 0.000000,
        -0.964567 1.338583 0.000000,
        -1.366142 1.338583 1.125984,
        -0.866142 1.338583 1.125984,
        -1.200787 1.338583 0.000000,
        -1.641732 1.338583 0.000000,
        -1.200787 1.338583 0.015748,
        -1.641732 1.338583 0.850394,
        -1.604810 1.338583 0.988189,
        -1.561014 1.338583 1.045266,
        -1.503937 1.338583 1.089062,
        -1.437470 1.338583 1.116594,
        -1.632342 1.338583 0.921722,
        -1.641732 0.787402 0.000000,
        0.716535 1.149606 0.000000,
        1.200787 1.149606 -0.000000,
        1.641732 0.787402 -0.000000,
        0.964567 1.149606 0.000000,
        -0.964567 1.149606 0.000000,
        0.098425 1.149606 0.000000,
        -1.200787 1.149606 0.000000,
        0.295276 1.149606 0.000000,
        0.480315 1.149606 0.000000,
        -0.551181 -0.275591 0.484252,
        -0.551181 -1.181102 0.484252,
        -0.964567 -0.275591 0.484252,
        -0.964567 -1.181102 0.484252,
        -1.235381 -0.870918 0.484252,
        -1.216611 -0.846457 0.484252,
        -1.122047 -1.181102 0.484252,
        -1.318898 -0.984252 0.484252,
        -1.318898 -0.905512 0.484252,
        -1.234533 -1.181102 0.484252,
        -1.288328 -0.901487 0.484252,
        -1.259843 -0.889688 0.484252,
        -1.200787 -0.275591 0.484252,
        -1.122047 -0.275591 0.484252,
        -1.200787 -0.787402 0.484252,
        -1.204812 -0.817971 0.484252,
        -0.393701 -1.181102 0.484252,
        -0.393701 -0.275591 0.484252,
        -0.374016 -1.181102 0.484252,
        -0.374016 -0.275591 0.484252,
        -0.196850 -0.275591 0.484252,
        -0.196850 -1.181102 0.484252,
        -0.216535 -0.275591 0.484252,
        -0.216535 -1.181102 0.484252,
        -0.964567 -1.259843 0.562992,
        -0.551181 -1.259843 0.562992,
        -1.122047 -1.231372 0.534521,
        -1.231805 -1.187469 0.490619,
        -0.374016 -1.259843 0.562992,
        -0.393701 -1.259843 0.562992,
        -0.216535 -1.259843 0.562992,
        -0.196850 -1.259843 0.562992,
        -1.231805 -1.187469 0.753476,
        -1.122047 -1.231372 0.562992,
        -1.122047 -1.231372 0.709573,
        -1.122047 -1.231372 0.681102,
        -1.050870 -1.259843 0.681102,
        -1.050870 -1.259843 0.562992,
        -0.039370 -1.181102 0.484252,
        -0.039370 -0.275591 0.484252,
        0.039370 -1.181102 0.484252,
        0.039370 -0.275591 0.484252,
        0.216535 -0.275591 0.484252,
        0.216535 -1.181102 0.484252,
        0.196850 -0.275591 0.484252,
        0.196850 -1.181102 0.484252,
        1.204812 -0.817971 0.484252,
        1.216611 -0.846457 0.484252,
        1.122047 -1.181102 0.484252,
        1.318898 -0.905512 0.484252,
        1.318898 -0.984252 0.484252,
        1.288328 -0.901487 0.484252,
        1.234533 -1.181102 0.484252,
        1.259843 -0.889688 0.484252,
        1.235381 -0.870918 0.484252,
        1.200787 -0.787402 0.484252,
        1.122047 -0.275591 0.484252,
        1.200787 -0.275591 0.484252,
        0.551181 -1.181102 0.484252,
        0.551181 -0.275591 0.484252,
        0.964567 -1.181102 0.484252,
        0.964567 -0.275591 0.484252,
        0.374016 -1.181102 0.484252,
        0.374016 -0.275591 0.484252,
        0.393701 -1.181102 0.484252,
        0.393701 -0.275591 0.484252,
        0.039370 -1.259843 0.562992,
        -0.039370 -1.259843 0.562992,
        0.196850 -1.259843 0.562992,
        0.216535 -1.259843 0.562992,
        1.122047 -1.231372 0.534521,
        1.231805 -1.187469 0.490619,
        0.964567 -1.259843 0.562992,
        0.551181 -1.259843 0.562992,
        0.393701 -1.259843 0.562992,
        0.374016 -1.259843 0.562992,
        1.122047 -1.231372 0.562992,
        1.231805 -1.187469 0.753476,
        1.122047 -1.231372 0.709573,
        1.122047 -1.231372 0.681102,
        1.050870 -1.259843 0.681102,
        1.050870 -1.259843 0.562992,
        -0.283313 1.023622 1.125984,
        -0.677014 1.023622 0.898681,
        0.059055 -0.275591 0.759843,
        0.039370 -0.275591 0.759843,
        0.059055 -0.275591 0.720472,
        0.039370 -0.275591 0.681102,
        0.177165 -0.275591 0.720472,
        0.196850 -0.275591 0.681102,
        0.177165 -0.275591 0.759843,
        0.196850 -0.275591 0.759843,
        0.413386 -0.275591 0.759843,
        0.393701 -0.275591 0.759843,
        0.413386 -0.275591 0.720472,
        0.393701 -0.275591 0.681102,
        0.531496 -0.275591 0.720472,
        0.551181 -0.275591 0.681102,
        0.531496 -0.275591 0.759843,
        0.551181 -0.275591 0.759843,
        0.236220 -0.275591 0.759843,
        0.216535 -0.275591 0.759843,
        0.236220 -0.275591 0.720472,
        0.216535 -0.275591 0.681102,
        0.354331 -0.275591 0.720472,
        0.374016 -0.275591 0.681102,
        0.354331 -0.275591 0.759843,
        0.374016 -0.275591 0.759843,
        -1.102362 -0.275591 0.759843,
        -1.122047 -0.275591 0.759843,
        -1.102362 -0.275591 0.720472,
        -1.122047 -0.275591 0.681102,
        -0.984252 -0.275591 0.720472,
        -0.964567 -0.275591 0.681102,
        -0.984252 -0.275591 0.759843,
        -0.964567 -0.275591 0.759843,
        -1.204812 -0.817971 0.759843,
        -1.216611 -0.846457 0.759843,
        -1.122047 -1.181102 0.759843,
        -1.318898 -0.905512 0.759843,
        -1.318898 -0.984252 0.759843,
        -1.288328 -0.901487 0.759843,
        -1.234533 -1.181102 0.759843,
        -1.259843 -0.889688 0.759843,
        -1.235381 -0.870918 0.759843,
        -1.200787 -0.787402 0.759843,
        -1.200787 -0.275591 0.759843,
        -0.551181 -1.181102 0.759843,
        -0.551181 -0.275591 0.759843,
        -0.964567 -1.181102 0.759843,
        -0.964567 -1.259843 0.681102,
        -0.551181 -1.259843 0.681102,
        -0.393701 -0.275591 0.759843,
        -0.393701 -1.181102 0.759843,
        -0.374016 -0.275591 0.759843,
        -0.374016 -1.181102 0.759843,
        -0.374016 -1.259843 0.681102,
        -0.393701 -1.259843 0.681102,
        -0.216535 -1.181102 0.759843,
        -0.196850 -1.181102 0.759843,
        -0.216535 -0.275591 0.759843,
        -0.196850 -0.275591 0.759843,
        -0.196850 -1.259843 0.681102,
        -0.216535 -1.259843 0.681102,
        -1.604810 0.787402 0.988189,
        -1.632342 0.787402 0.921722,
        -1.397638 0.787402 0.838583,
        -1.641732 0.787402 0.850394,
        -1.397638 0.787402 0.405512,
        1.397638 0.787402 0.405512,
        1.397638 0.787402 0.838583,
        1.641732 0.787402 0.850394,
        1.632342 0.787402 0.921722,
        1.604810 0.787402 0.988189,
        1.561014 0.787402 1.045266,
        1.503937 0.787402 1.089062,
        -1.437470 0.787402 1.116594,
        -1.503937 0.787402 1.089062,
        -1.561014 0.787402 1.045266,
        1.437470 0.787402 1.116594,
        1.366142 0.787402 1.125984,
        -1.366142 0.787402 1.125984,
        -0.866142 1.023622 1.125984,
        0.866142 1.023622 1.125984,
        0.283313 1.023622 1.125984,
        1.279528 -0.196850 0.838583,
        1.397638 -0.196850 0.838583,
        -1.279528 -0.196850 0.838583,
        -1.397638 -0.196850 0.838583,
        -1.397638 -0.196850 0.405512,
        -1.279528 -0.196850 0.405512,
        1.279528 -0.196850 0.405512,
        1.397638 -0.196850 0.405512,
        -0.039370 -1.181102 0.759843,
        0.039370 -1.181102 0.759843,
        -0.039370 -0.275591 0.759843,
        -0.039370 -1.259843 0.681102,
        0.039370 -1.259843 0.681102,
        0.196850 -1.259843 0.681102,
        0.216535 -1.259843 0.681102,
        0.374016 -1.259843 0.681102,
        0.393701 -1.259843 0.681102,
        0.551181 -1.259843 0.681102,
        0.964567 -1.259843 0.681102,
        0.984252 -0.275591 0.759843,
        1.102362 -0.275591 0.759843,
        1.122047 -0.275591 0.759843,
        1.200787 -0.275591 0.759843,
        0.964567 -0.275591 0.759843,
        -0.196850 -0.275591 0.681102,
        -0.039370 -0.275591 0.681102,
        -0.393701 -0.275591 0.681102,
        -0.551181 -0.275591 0.681102,
        -0.374016 -0.275591 0.681102,
        -0.216535 -0.275591 0.681102,
      ]
    }
    coordIndex [
      0, 1, 2, -1,
      2, 1, 3, -1,
      4, 5, 6, -1,
      7, 8, 9, -1,
      9, 8, 10, -1,
      9, 10, 11, -1,
      11, 10, 3, -1,
      10, 12, 3, -1,
      3, 12, 13, -1,
      3, 13, 14, -1,
      14, 15, 3, -1,
      3, 15, 16, -1,
      3, 16, 17, -1,
      6, 18, 4, -1,
      4, 18, 9, -1,
      4, 9, 19, -1,
      19, 9, 11, -1,
      19, 11, 20, -1,
      20, 11, 21, -1,
      17, 22, 3, -1,
      3, 22, 23, -1,
      3, 23, 2, -1,
      24, 25, 4, -1,
      4, 25, 26, -1,
      4, 26, 5, -1,
      5, 26, 27, -1,
      5, 27, 28, -1,
      28, 27, 29, -1,
      28, 29, 30, -1,
      31, 32, 5, -1,
      33, 34, 35, -1,
      35, 34, 36, -1,
      37, 38, 39, -1,
      39, 40, 37, -1,
      37, 40, 31, -1,
      37, 31, 41, -1,
      41, 31, 5, -1,
      41, 5, 36, -1,
      36, 5, 28, -1,
      36, 28, 35, -1,
      42, 34, 33, -1,
      43, 20, 21, -1,
      1, 0, 44, -1,
      44, 0, 45, -1,
      44, 45, 46, -1,
      30, 29, 47, -1,
      47, 29, 48, -1,
      33, 49, 42, -1,
      42, 49, 47, -1,
      42, 47, 45, -1,
      45, 47, 48, -1,
      45, 48, 50, -1,
      21, 46, 43, -1,
      43, 46, 45, -1,
      43, 45, 51, -1,
      51, 45, 50, -1,
      51, 50, 24, -1,
      24, 50, 25, -1,
      52, 53, 54, -1,
      54, 53, 55, -1,
      56, 57, 58, -1,
      59, 60, 61, -1,
      61, 60, 62, -1,
      61, 62, 58, -1,
      58, 62, 63, -1,
      58, 63, 56, -1,
      64, 65, 66, -1,
      66, 65, 58, -1,
      66, 58, 67, -1,
      67, 58, 57, -1,
      68, 69, 70, -1,
      70, 69, 71, -1,
      72, 73, 74, -1,
      74, 73, 75, -1,
      55, 53, 76, -1,
      76, 53, 77, -1,
      78, 79, 58, -1,
      58, 79, 61, -1,
      80, 81, 70, -1,
      70, 81, 68, -1,
      75, 73, 82, -1,
      82, 73, 83, -1,
      79, 78, 84, -1,
      84, 78, 85, -1,
      86, 84, 87, -1,
      87, 84, 85, -1,
      87, 85, 88, -1,
      88, 85, 89, -1,
      90, 91, 92, -1,
      92, 91, 93, -1,
      94, 95, 96, -1,
      96, 95, 97, -1,
      98, 99, 100, -1,
      101, 102, 103, -1,
      103, 102, 104, -1,
      103, 104, 105, -1,
      105, 104, 100, -1,
      105, 100, 106, -1,
      106, 100, 99, -1,
      98, 100, 107, -1,
      107, 100, 108, -1,
      107, 108, 109, -1,
      110, 111, 112, -1,
      112, 111, 113, -1,
      114, 115, 116, -1,
      116, 115, 117, -1,
      118, 119, 92, -1,
      92, 119, 90, -1,
      97, 95, 120, -1,
      120, 95, 121, -1,
      100, 104, 122, -1,
      122, 104, 123, -1,
      124, 125, 112, -1,
      112, 125, 110, -1,
      126, 127, 116, -1,
      116, 127, 114, -1,
      128, 122, 123, -1,
      129, 130, 131, -1,
      132, 133, 131, -1,
      131, 133, 128, -1,
      131, 128, 129, -1,
      129, 128, 123, -1,
      134, 9, 135, -1,
      135, 9, 18, -1,
      136, 137, 138, -1,
      138, 137, 139, -1,
      138, 139, 140, -1,
      140, 139, 141, -1,
      140, 141, 142, -1,
      142, 141, 143, -1,
      144, 145, 146, -1,
      146, 145, 147, -1,
      146, 147, 148, -1,
      148, 147, 149, -1,
      148, 149, 150, -1,
      150, 149, 151, -1,
      152, 153, 154, -1,
      154, 153, 155, -1,
      154, 155, 156, -1,
      156, 155, 157, -1,
      156, 157, 158, -1,
      158, 157, 159, -1,
      160, 161, 162, -1,
      162, 161, 163, -1,
      162, 163, 164, -1,
      164, 163, 165, -1,
      164, 165, 166, -1,
      166, 165, 167, -1,
      168, 169, 170, -1,
      171, 172, 173, -1,
      173, 172, 174, -1,
      173, 174, 175, -1,
      175, 174, 170, -1,
      175, 170, 176, -1,
      176, 170, 169, -1,
      168, 170, 177, -1,
      177, 170, 161, -1,
      177, 161, 178, -1,
      179, 180, 181, -1,
      181, 180, 167, -1,
      170, 174, 86, -1,
      86, 174, 84, -1,
      182, 183, 181, -1,
      181, 183, 179, -1,
      184, 185, 186, -1,
      186, 185, 187, -1,
      187, 185, 188, -1,
      188, 185, 189, -1,
      190, 191, 192, -1,
      192, 191, 193, -1,
      194, 191, 195, -1,
      195, 191, 190, -1,
      196, 197, 198, -1,
      198, 197, 199, -1,
      198, 199, 200, -1,
      200, 199, 42, -1,
      200, 42, 201, -1,
      201, 42, 45, -1,
      201, 45, 202, -1,
      202, 45, 203, -1,
      202, 203, 204, -1,
      204, 205, 202, -1,
      202, 205, 206, -1,
      202, 206, 207, -1,
      208, 209, 198, -1,
      198, 209, 210, -1,
      198, 210, 196, -1,
      207, 211, 202, -1,
      202, 211, 212, -1,
      202, 212, 198, -1,
      198, 212, 213, -1,
      198, 213, 208, -1,
      199, 36, 42, -1,
      42, 36, 34, -1,
      213, 31, 40, -1,
      213, 40, 208, -1,
      208, 40, 39, -1,
      208, 39, 209, -1,
      209, 39, 38, -1,
      209, 38, 210, -1,
      210, 38, 37, -1,
      210, 37, 196, -1,
      196, 37, 41, -1,
      196, 41, 197, -1,
      197, 41, 36, -1,
      197, 36, 199, -1,
      32, 31, 214, -1,
      214, 31, 213, -1,
      214, 213, 134, -1,
      14, 13, 212, -1,
      212, 13, 215, -1,
      212, 215, 216, -1,
      7, 9, 216, -1,
      216, 9, 134, -1,
      216, 134, 212, -1,
      212, 134, 213, -1,
      217, 218, 202, -1,
      217, 202, 219, -1,
      219, 202, 198, -1,
      219, 198, 220, -1,
      221, 220, 200, -1,
      200, 220, 198, -1,
      221, 200, 222, -1,
      222, 200, 201, -1,
      222, 201, 223, -1,
      223, 201, 224, -1,
      219, 220, 222, -1,
      222, 220, 221, -1,
      172, 171, 59, -1,
      59, 171, 60, -1,
      225, 226, 227, -1,
      227, 226, 137, -1,
      88, 89, 182, -1,
      182, 89, 76, -1,
      182, 76, 183, -1,
      183, 76, 77, -1,
      183, 77, 189, -1,
      189, 77, 81, -1,
      189, 81, 188, -1,
      188, 81, 80, -1,
      188, 80, 195, -1,
      195, 80, 82, -1,
      195, 82, 194, -1,
      194, 82, 83, -1,
      194, 83, 228, -1,
      228, 83, 119, -1,
      228, 119, 229, -1,
      229, 119, 118, -1,
      229, 118, 230, -1,
      230, 118, 120, -1,
      230, 120, 231, -1,
      231, 120, 121, -1,
      231, 121, 232, -1,
      232, 121, 127, -1,
      232, 127, 233, -1,
      233, 127, 126, -1,
      233, 126, 234, -1,
      234, 126, 125, -1,
      234, 125, 235, -1,
      235, 125, 124, -1,
      235, 124, 132, -1,
      132, 124, 133, -1,
      64, 66, 178, -1,
      178, 66, 177, -1,
      177, 66, 168, -1,
      168, 66, 67, -1,
      168, 67, 169, -1,
      169, 67, 57, -1,
      169, 57, 176, -1,
      176, 57, 56, -1,
      176, 56, 175, -1,
      175, 56, 63, -1,
      175, 63, 173, -1,
      173, 63, 62, -1,
      173, 62, 171, -1,
      171, 62, 60, -1,
      172, 59, 61, -1,
      79, 84, 61, -1,
      61, 84, 174, -1,
      61, 174, 172, -1,
      229, 226, 228, -1,
      228, 226, 225, -1,
      222, 64, 219, -1,
      219, 64, 178, -1,
      222, 72, 74, -1,
      74, 71, 222, -1,
      222, 71, 69, -1,
      222, 69, 52, -1,
      52, 54, 222, -1,
      222, 54, 65, -1,
      222, 65, 64, -1,
      113, 223, 108, -1,
      108, 223, 109, -1,
      223, 93, 222, -1,
      222, 93, 91, -1,
      222, 91, 72, -1,
      113, 111, 223, -1,
      223, 111, 117, -1,
      223, 117, 115, -1,
      115, 94, 223, -1,
      223, 94, 96, -1,
      223, 96, 93, -1,
      217, 144, 150, -1,
      192, 193, 219, -1,
      178, 161, 219, -1,
      219, 161, 160, -1,
      142, 143, 217, -1,
      236, 237, 217, -1,
      217, 237, 238, -1,
      217, 238, 239, -1,
      160, 166, 219, -1,
      219, 166, 167, -1,
      219, 167, 180, -1,
      180, 184, 219, -1,
      219, 184, 186, -1,
      219, 186, 192, -1,
      150, 151, 217, -1,
      217, 151, 240, -1,
      217, 240, 236, -1,
      143, 153, 217, -1,
      217, 153, 152, -1,
      217, 152, 158, -1,
      158, 159, 217, -1,
      217, 159, 145, -1,
      217, 145, 144, -1,
      193, 227, 219, -1,
      219, 227, 137, -1,
      219, 137, 217, -1,
      217, 137, 136, -1,
      217, 136, 142, -1,
      194, 228, 241, -1,
      241, 228, 242, -1,
      241, 242, 193, -1,
      193, 242, 227, -1,
      193, 191, 241, -1,
      241, 191, 194, -1,
      227, 242, 225, -1,
      225, 242, 228, -1,
      243, 244, 189, -1,
      189, 244, 183, -1,
      244, 243, 180, -1,
      180, 243, 184, -1,
      180, 179, 244, -1,
      244, 179, 183, -1,
      184, 243, 185, -1,
      185, 243, 189, -1,
      188, 195, 245, -1,
      245, 195, 246, -1,
      245, 246, 186, -1,
      186, 246, 192, -1,
      186, 187, 245, -1,
      245, 187, 188, -1,
      192, 246, 190, -1,
      190, 246, 195, -1,
      182, 165, 88, -1,
      88, 165, 163, -1,
      88, 163, 87, -1,
      161, 170, 163, -1,
      163, 170, 86, -1,
      163, 86, 87, -1,
      165, 182, 167, -1,
      167, 182, 181, -1,
    ]
  }
}

Shape {
  appearance Appearance {
    material Material {
      diffuseColor 1.0000 1.0000 0.5020
      specularColor 0.5020 0.5020 0.2510
      ambientIntensity 0.2
      transparency 0.0000
      shininess 0.5
    }
  }
  geometry IndexedFaceSet {
    ccw TRUE
    solid FALSE
    coord DEF co Coordinate {
      point [
        -1.102362 -0.275591 0.759843,
        -1.102362 -0.275591 0.720472,
        -0.984252 -0.275591 0.720472,
        -0.984252 -0.275591 0.759843,
        -1.102362 -1.161417 0.759843,
        -1.102362 -1.161417 0.720472,
        -0.984252 -1.161417 0.720472,
        -0.984252 -1.161417 0.759843,
      ]
    }
    coordIndex [
      4, 0, 5, -1,
      5, 0, 1, -1,
      5, 1, 6, -1,
      6, 1, 2, -1,
      6, 2, 7, -1,
      7, 2, 3, -1,
      7, 3, 4, -1,
      4, 3, 0, -1,
      4, 5, 7, -1,
      7, 5, 6, -1,
    ]
  }
}

Shape {
  appearance Appearance {
    material Material {
      diffuseColor 0.2510 0.2510 0.2510
      specularColor 0.1255 0.1255 0.1255
      ambientIntensity 0.2
      transparency 0.0000
      shininess 0.5
    }
  }
  geometry IndexedFaceSet {
    ccw TRUE
    solid FALSE
    coord DEF co Coordinate {
      point [
        1.641732 1.338583 0.000000,
        1.641732 1.338583 0.850394,
        0.283313 1.338583 1.125984,
        0.677014 1.338583 0.898681,
        1.366142 1.338583 1.125984,
        1.437470 1.338583 1.116594,
        1.503937 1.338583 1.089062,
        1.561014 1.338583 1.045266,
        1.604810 1.338583 0.988189,
        1.632342 1.338583 0.921722,
        1.641732 0.787402 -0.000000,
        1.204812 -0.817971 0.484252,
        1.216611 -0.846457 0.484252,
        1.318898 -0.905512 0.484252,
        1.318898 -0.984252 0.484252,
        1.288328 -0.901487 0.484252,
        1.234533 -1.181102 0.484252,
        1.259843 -0.889688 0.484252,
        1.235381 -0.870918 0.484252,
        1.200787 -0.787402 0.484252,
        1.200787 -0.275591 0.484252,
        1.231805 -1.187469 0.490619,
        1.231805 -1.187469 0.753476,
        1.122047 -1.231372 0.709573,
        1.122047 -1.231372 0.681102,
        1.050870 -1.259843 0.681102,
        0.039370 -0.275591 0.759843,
        0.039370 -0.275591 0.681102,
        0.196850 -0.275591 0.681102,
        0.196850 -0.275591 0.759843,
        0.393701 -0.275591 0.759843,
        0.393701 -0.275591 0.681102,
        0.551181 -0.275591 0.681102,
        0.551181 -0.275591 0.759843,
        0.216535 -0.275591 0.759843,
        0.216535 -0.275591 0.681102,
        0.374016 -0.275591 0.681102,
        0.374016 -0.275591 0.759843,
        1.397638 0.787402 0.405512,
        1.397638 0.787402 0.838583,
        1.641732 0.787402 0.850394,
        1.632342 0.787402 0.921722,
        1.604810 0.787402 0.988189,
        1.561014 0.787402 1.045266,
        1.503937 0.787402 1.089062,
        1.437470 0.787402 1.116594,
        1.366142 0.787402 1.125984,
        0.283313 1.023622 1.125984,
        1.279528 -0.196850 0.838583,
        1.397638 -0.196850 0.838583,
        1.279528 -0.196850 0.405512,
        1.397638 -0.196850 0.405512,
        0.039370 -1.181102 0.759843,
        0.039370 -1.259843 0.681102,
        0.196850 -1.259843 0.681102,
        0.216535 -1.259843 0.681102,
        0.374016 -1.259843 0.681102,
        0.393701 -1.259843 0.681102,
        0.551181 -1.259843 0.681102,
        0.964567 -1.259843 0.681102,
        0.984252 -0.275591 0.759843,
        1.102362 -0.275591 0.759843,
        1.122047 -0.275591 0.759843,
        1.200787 -0.275591 0.759843,
        0.964567 -0.275591 0.759843,
        0.984252 -0.275591 0.720472,
        0.964567 -0.275591 0.681102,
        1.102362 -0.275591 0.720472,
        1.122047 -0.275591 0.681102,
        1.122047 -1.181102 0.759843,
        1.235381 -0.870918 0.759843,
        1.216611 -0.846457 0.759843,
        1.318898 -0.984252 0.759843,
        1.318898 -0.905512 0.759843,
        1.234533 -1.181102 0.759843,
        1.288328 -0.901487 0.759843,
        1.259843 -0.889688 0.759843,
        1.200787 -0.787402 0.759843,
        1.204812 -0.817971 0.759843,
        0.551181 -1.181102 0.759843,
        0.964567 -1.181102 0.759843,
        0.393701 -1.181102 0.759843,
        0.374016 -1.181102 0.759843,
        0.196850 -1.181102 0.759843,
        0.216535 -1.181102 0.759843,
        0.677014 1.023622 0.898681,
      ]
    }
    coordIndex [
      60, 64, 65, -1,
      65, 64, 66, -1,
      65, 66, 67, -1,
      67, 66, 68, -1,
      67, 68, 61, -1,
      61, 68, 62, -1,
      69, 70, 71, -1,
      72, 73, 74, -1,
      74, 73, 75, -1,
      74, 75, 69, -1,
      69, 75, 76, -1,
      69, 76, 70, -1,
      63, 62, 77, -1,
      77, 62, 69, -1,
      77, 69, 78, -1,
      78, 69, 71, -1,
      33, 79, 64, -1,
      64, 79, 80, -1,
      74, 69, 22, -1,
      22, 69, 23, -1,
      58, 59, 79, -1,
      79, 59, 80, -1,
      81, 30, 82, -1,
      82, 30, 37, -1,
      81, 82, 57, -1,
      57, 82, 56, -1,
      83, 84, 29, -1,
      29, 84, 34, -1,
      83, 54, 84, -1,
      84, 54, 55, -1,
      1, 40, 0, -1,
      0, 40, 10, -1,
      40, 1, 9, -1,
      40, 9, 41, -1,
      41, 9, 8, -1,
      41, 8, 42, -1,
      42, 8, 7, -1,
      42, 7, 43, -1,
      43, 7, 6, -1,
      43, 6, 44, -1,
      44, 6, 5, -1,
      44, 5, 45, -1,
      45, 5, 4, -1,
      45, 4, 46, -1,
      3, 2, 85, -1,
      85, 2, 47, -1,
      49, 51, 39, -1,
      39, 51, 38, -1,
      49, 48, 51, -1,
      51, 48, 50, -1,
      73, 72, 13, -1,
      13, 72, 14, -1,
      19, 20, 77, -1,
      77, 20, 63, -1,
      73, 13, 75, -1,
      75, 13, 15, -1,
      75, 15, 76, -1,
      76, 15, 17, -1,
      76, 17, 70, -1,
      70, 17, 18, -1,
      70, 18, 71, -1,
      71, 18, 12, -1,
      71, 12, 78, -1,
      78, 12, 11, -1,
      78, 11, 77, -1,
      77, 11, 19, -1,
      22, 21, 74, -1,
      74, 21, 16, -1,
      74, 16, 72, -1,
      72, 16, 14, -1,
      20, 50, 63, -1,
      63, 50, 48, -1,
      53, 54, 27, -1,
      27, 54, 28, -1,
      83, 29, 54, -1,
      54, 29, 28, -1,
      27, 26, 53, -1,
      53, 26, 52, -1,
      32, 31, 58, -1,
      58, 31, 57, -1,
      79, 33, 58, -1,
      58, 33, 32, -1,
      31, 30, 57, -1,
      57, 30, 81, -1,
      55, 56, 35, -1,
      35, 56, 36, -1,
      82, 37, 56, -1,
      56, 37, 36, -1,
      35, 34, 55, -1,
      55, 34, 84, -1,
      24, 68, 25, -1,
      25, 68, 66, -1,
      25, 66, 59, -1,
      69, 62, 23, -1,
      23, 62, 68, -1,
      23, 68, 24, -1,
      59, 66, 80, -1,
      80, 66, 64, -1,
    ]
  }
}

Shape {
  appearance Appearance {
    material Material {
      diffuseColor 1.0000 1.0000 0.5020
      specularColor 0.5020 0.5020 0.2510
      ambientIntensity 0.2
      transparency 0.0000
      shininess 0.5
    }
  }
  geometry IndexedFaceSet {
    ccw TRUE
    solid FALSE
    coord DEF co Coordinate {
      point [
        0.059055 -0.275591 0.759843,
        0.059055 -0.275591 0.720472,
        0.177165 -0.275591 0.720472,
        0.177165 -0.275591 0.759843,
        0.413386 -0.275591 0.759843,
        0.413386 -0.275591 0.720472,
        0.531496 -0.275591 0.720472,
        0.531496 -0.275591 0.759843,
        0.236220 -0.275591 0.759843,
        0.236220 -0.275591 0.720472,
        0.354331 -0.275591 0.720472,
        0.354331 -0.275591 0.759843,
        0.984252 -0.275591 0.759843,
        1.102362 -0.275591 0.759843,
        0.984252 -0.275591 0.720472,
        1.102362 -0.275591 0.720472,
        1.102362 -1.161417 0.759843,
        1.102362 -1.161417 0.720472,
        0.984252 -1.161417 0.720472,
        0.984252 -1.161417 0.759843,
        0.354331 -1.102362 0.759843,
        0.236220 -1.102362 0.759843,
        0.354331 -1.102362 0.720472,
        0.236220 -1.102362 0.720472,
        0.531496 -1.161417 0.759843,
        0.413386 -1.161417 0.759843,
        0.531496 -1.161417 0.720472,
        0.413386 -1.161417 0.720472,
        0.177165 -1.102362 0.759843,
        0.059055 -1.102362 0.759843,
        0.177165 -1.102362 0.720472,
        0.059055 -1.102362 0.720472,
      ]
    }
    coordIndex [
      13, 16, 15, -1,
      15, 16, 17, -1,
      15, 17, 14, -1,
      14, 17, 18, -1,
      14, 18, 12, -1,
      12, 18, 19, -1,
      12, 19, 13, -1,
      13, 19, 16, -1,
      17, 16, 18, -1,
      18, 16, 19, -1,
      20, 21, 22, -1,
      22, 21, 23, -1,
      10, 22, 9, -1,
      9, 22, 23, -1,
      11, 8, 20, -1,
      20, 8, 21, -1,
      11, 20, 10, -1,
      10, 20, 22, -1,
      8, 9, 21, -1,
      21, 9, 23, -1,
      24, 25, 26, -1,
      26, 25, 27, -1,
      6, 26, 5, -1,
      5, 26, 27, -1,
      7, 4, 24, -1,
      24, 4, 25, -1,
      7, 24, 6, -1,
      6, 24, 26, -1,
      4, 5, 25, -1,
      25, 5, 27, -1,
      28, 29, 30, -1,
      30, 29, 31, -1,
      2, 30, 1, -1,
      1, 30, 31, -1,
      3, 0, 28, -1,
      28, 0, 29, -1,
      3, 28, 2, -1,
      2, 28, 30, -1,
      0, 1, 29, -1,
      29, 1, 31, -1,
    ]
  }
}

Shape {
  appearance Appearance {
    material Material {
      diffuseColor 0.2510 0.2510 0.2510
      specularColor 0.1255 0.1255 0.1255
      ambientIntensity 0.2
      transparency 0.0000
      shininess 0.5
    }
  }
  geometry IndexedFaceSet {
    ccw TRUE
    solid FALSE
    coord DEF co Coordinate {
      point [
        -0.866142 1.338583 0.875353,
        -0.677014 1.338583 0.875353,
        0.677014 1.338583 0.898681,
        0.677014 1.338583 0.875353,
        0.866142 1.338583 0.875353,
        0.866142 1.338583 1.125984,
        -0.677014 1.338583 0.898681,
        -0.866142 1.338583 1.125984,
        -0.551181 -0.275591 0.484252,
        -0.551181 -1.181102 0.484252,
        -0.964567 -0.275591 0.484252,
        -0.964567 -1.181102 0.484252,
        -1.122047 -1.181102 0.484252,
        -1.122047 -0.275591 0.484252,
        -0.393701 -1.181102 0.484252,
        -0.393701 -0.275591 0.484252,
        -0.374016 -1.181102 0.484252,
        -0.374016 -0.275591 0.484252,
        -0.196850 -0.275591 0.484252,
        -0.196850 -1.181102 0.484252,
        -0.216535 -0.275591 0.484252,
        -0.216535 -1.181102 0.484252,
        -0.964567 -1.259843 0.562992,
        -0.551181 -1.259843 0.562992,
        -1.122047 -1.231372 0.534521,
        -0.374016 -1.259843 0.562992,
        -0.393701 -1.259843 0.562992,
        -0.216535 -1.259843 0.562992,
        -0.196850 -1.259843 0.562992,
        -1.122047 -1.231372 0.562992,
        -1.050870 -1.259843 0.562992,
        -0.039370 -1.181102 0.484252,
        -0.039370 -0.275591 0.484252,
        0.039370 -1.181102 0.484252,
        0.039370 -0.275591 0.484252,
        0.216535 -0.275591 0.484252,
        0.216535 -1.181102 0.484252,
        0.196850 -0.275591 0.484252,
        0.196850 -1.181102 0.484252,
        1.122047 -1.181102 0.484252,
        1.122047 -0.275591 0.484252,
        0.551181 -1.181102 0.484252,
        0.551181 -0.275591 0.484252,
        0.964567 -1.181102 0.484252,
        0.964567 -0.275591 0.484252,
        0.374016 -1.181102 0.484252,
        0.374016 -0.275591 0.484252,
        0.393701 -1.181102 0.484252,
        0.393701 -0.275591 0.484252,
        0.039370 -1.259843 0.562992,
        -0.039370 -1.259843 0.562992,
        0.196850 -1.259843 0.562992,
        0.216535 -1.259843 0.562992,
        1.122047 -1.231372 0.534521,
        0.964567 -1.259843 0.562992,
        0.551181 -1.259843 0.562992,
        0.393701 -1.259843 0.562992,
        0.374016 -1.259843 0.562992,
        1.122047 -1.231372 0.562992,
        1.050870 -1.259843 0.562992,
        -0.283313 1.023622 1.125984,
        -0.677014 1.023622 0.898681,
        -0.866142 1.023622 1.125984,
        0.866142 1.023622 1.125984,
        0.283313 1.023622 1.125984,
        0.677014 1.023622 0.898681,
        0.866142 1.023622 0.875353,
        0.677014 1.023622 0.875353,
        -0.677014 1.023622 0.875353,
        -0.866142 1.023622 0.875353,
        -0.039370 -0.275591 0.562992,
        -0.196850 -0.275591 0.562992,
        1.122047 -0.275591 0.562992,
        0.964567 -0.275591 0.562992,
        -0.551181 -0.275591 0.562992,
        -0.393701 -0.275591 0.562992,
        -0.374016 -0.275591 0.562992,
        -0.216535 -0.275591 0.562992,
        0.216535 -0.275591 0.562992,
        0.374016 -0.275591 0.562992,
        0.393701 -0.275591 0.562992,
        0.551181 -0.275591 0.562992,
        0.196850 -0.275591 0.562992,
        0.039370 -0.275591 0.562992,
        -0.964567 -0.275591 0.562992,
        -1.122047 -0.275591 0.562992,
      ]
    }
    coordIndex [
      66, 67, 63, -1,
      63, 67, 65, -1,
      63, 65, 64, -1,
      4, 3, 66, -1,
      66, 3, 67, -1,
      4, 66, 5, -1,
      5, 66, 63, -1,
      67, 3, 65, -1,
      65, 3, 2, -1,
      68, 69, 61, -1,
      61, 69, 62, -1,
      61, 62, 60, -1,
      1, 0, 68, -1,
      68, 0, 69, -1,
      69, 0, 62, -1,
      62, 0, 7, -1,
      1, 68, 6, -1,
      6, 68, 61, -1,
      70, 32, 50, -1,
      50, 32, 31, -1,
      19, 18, 28, -1,
      28, 18, 71, -1,
      70, 71, 32, -1,
      32, 71, 18, -1,
      50, 28, 70, -1,
      70, 28, 71, -1,
      40, 39, 72, -1,
      72, 39, 53, -1,
      72, 53, 58, -1,
      54, 73, 59, -1,
      59, 73, 72, -1,
      59, 72, 58, -1,
      73, 54, 44, -1,
      44, 54, 43, -1,
      72, 73, 40, -1,
      40, 73, 44, -1,
      74, 75, 23, -1,
      23, 75, 26, -1,
      74, 23, 8, -1,
      8, 23, 9, -1,
      15, 14, 75, -1,
      75, 14, 26, -1,
      8, 15, 74, -1,
      74, 15, 75, -1,
      76, 77, 25, -1,
      25, 77, 27, -1,
      76, 25, 17, -1,
      17, 25, 16, -1,
      20, 21, 77, -1,
      77, 21, 27, -1,
      17, 20, 76, -1,
      76, 20, 77, -1,
      78, 52, 35, -1,
      35, 52, 36, -1,
      46, 45, 79, -1,
      79, 45, 57, -1,
      79, 57, 78, -1,
      78, 57, 52, -1,
      46, 79, 35, -1,
      35, 79, 78, -1,
      80, 56, 48, -1,
      48, 56, 47, -1,
      42, 41, 81, -1,
      81, 41, 55, -1,
      81, 55, 80, -1,
      80, 55, 56, -1,
      42, 81, 48, -1,
      48, 81, 80, -1,
      82, 51, 83, -1,
      83, 51, 49, -1,
      83, 49, 34, -1,
      34, 49, 33, -1,
      37, 38, 82, -1,
      82, 38, 51, -1,
      34, 37, 83, -1,
      83, 37, 82, -1,
      10, 11, 84, -1,
      84, 11, 22, -1,
      29, 85, 30, -1,
      30, 85, 84, -1,
      30, 84, 22, -1,
      12, 13, 24, -1,
      24, 13, 85, -1,
      24, 85, 29, -1,
      85, 13, 84, -1,
      84, 13, 10, -1,
    ]
  }
}

Shape {
  appearance Appearance {
    material Material {
      diffuseColor 1.0000 1.0000 0.5020
      specularColor 0.5020 0.5020 0.2510
      ambientIntensity 0.2
      transparency 0.0000
      shininess 0.5
    }
  }
  geometry IndexedFaceSet {
    ccw TRUE
    solid FALSE
    coord DEF co Coordinate {
      point [
        1.200787 1.338583 0.000000,
        1.200787 1.338583 0.015748,
        0.480315 1.338583 0.015748,
        0.964567 1.338583 0.015748,
        0.716535 1.338583 0.015748,
        0.716535 1.338583 0.000000,
        0.964567 1.338583 0.000000,
        0.480315 1.338583 0.000000,
        0.295276 1.338583 0.000000,
        0.295276 1.338583 0.015748,
        0.098425 1.338583 0.015748,
        -0.964567 1.338583 0.015748,
        0.098425 1.338583 0.000000,
        -0.964567 1.338583 0.000000,
        -1.200787 1.338583 0.000000,
        -1.200787 1.338583 0.015748,
        0.716535 1.149606 0.000000,
        1.200787 1.149606 -0.000000,
        0.964567 1.149606 0.000000,
        -0.964567 1.149606 0.000000,
        0.098425 1.149606 0.000000,
        -1.200787 1.149606 0.000000,
        0.295276 1.149606 0.000000,
        0.480315 1.149606 0.000000,
        -0.964567 1.562992 0.015748,
        -1.200787 1.562992 0.015748,
        -1.200787 1.562992 -0.019685,
        -0.964567 1.562992 -0.019685,
        -1.200787 1.169291 -0.019685,
        -0.964567 1.169291 -0.019685,
        -0.964567 1.164196 -0.019014,
        -1.200787 1.164196 -0.019014,
        -0.964567 1.159449 -0.017048,
        -1.200787 1.159449 -0.017048,
        -0.964567 1.155372 -0.013919,
        -1.200787 1.155372 -0.013919,
        -0.964567 1.152244 -0.009843,
        -1.200787 1.152244 -0.009843,
        -0.964567 1.150277 -0.005095,
        -1.200787 1.150277 -0.005095,
        0.480315 1.562992 -0.019685,
        0.480315 1.562992 0.015748,
        0.716535 1.562992 -0.019685,
        0.716535 1.562992 0.015748,
        0.480315 1.169291 -0.019685,
        0.716535 1.169291 -0.019685,
        0.716535 1.164196 -0.019014,
        0.480315 1.164196 -0.019014,
        0.716535 1.159449 -0.017048,
        0.480315 1.159449 -0.017048,
        0.716535 1.155372 -0.013919,
        0.480315 1.155372 -0.013919,
        0.716535 1.152244 -0.009843,
        0.480315 1.152244 -0.009843,
        0.716535 1.150277 -0.005095,
        0.480315 1.150277 -0.005095,
        0.295276 1.562992 0.015748,
        0.098425 1.562992 0.015748,
        0.295276 1.562992 -0.019685,
        0.098425 1.562992 -0.019685,
        0.295276 1.169291 -0.019685,
        0.098425 1.169291 -0.019685,
        0.098425 1.150277 -0.005095,
        0.295276 1.150277 -0.005095,
        0.098425 1.152244 -0.009843,
        0.295276 1.152244 -0.009843,
        0.098425 1.155372 -0.013919,
        0.295276 1.155372 -0.013919,
        0.098425 1.159449 -0.017048,
        0.295276 1.159449 -0.017048,
        0.098425 1.164196 -0.019014,
        0.295276 1.164196 -0.019014,
        1.200787 1.562992 0.015748,
        0.964567 1.562992 0.015748,
        1.200787 1.562992 -0.019685,
        0.964567 1.562992 -0.019685,
        1.200787 1.169291 -0.019685,
        0.964567 1.169291 -0.019685,
        1.200787 1.159449 -0.017048,
        1.200787 1.150277 -0.005095,
        1.200787 1.155372 -0.013919,
        1.200787 1.152244 -0.009843,
        1.200787 1.164196 -0.019014,
        0.964567 1.150277 -0.005095,
        0.964567 1.152244 -0.009843,
        0.964567 1.155372 -0.013919,
        0.964567 1.159449 -0.017048,
        0.964567 1.164196 -0.019014,
        0.984252 -0.275591 0.523622,
        1.102362 -0.275591 0.523622,
        0.984252 -0.275591 0.484252,
        1.102362 -0.275591 0.484252,
        0.984252 -1.161417 0.523622,
        0.984252 -1.161417 0.484252,
        1.102362 -1.161417 0.523622,
        1.102362 -1.161417 0.484252,
        -0.236220 -0.275591 0.523622,
        -0.236220 -0.275591 0.484252,
        -0.354331 -0.275591 0.523622,
        -0.354331 -0.275591 0.484252,
        -0.236220 -1.161417 0.523622,
        -0.354331 -1.161417 0.523622,
        -0.236220 -1.161417 0.484252,
        -0.354331 -1.161417 0.484252,
        -0.295276 1.562992 0.015748,
        -0.295276 1.185039 0.015748,
        -0.098425 1.562992 0.015748,
        -0.098425 1.185039 0.015748,
        -0.295276 1.562992 -0.019685,
        -0.098425 1.562992 -0.019685,
        -0.295276 1.169291 -0.019685,
        -0.098425 1.169291 -0.019685,
        -0.098425 1.164196 -0.019014,
        -0.295276 1.164196 -0.019014,
        -0.098425 1.159449 -0.017048,
        -0.295276 1.159449 -0.017048,
        -0.098425 1.155372 -0.013919,
        -0.295276 1.155372 -0.013919,
        -0.098425 1.152244 -0.009843,
        -0.295276 1.152244 -0.009843,
        -0.098425 1.150277 -0.005095,
        -0.295276 1.150277 -0.005095,
        -0.098425 1.149606 0.000000,
        -0.295276 1.149606 0.000000,
        -0.295276 1.149606 0.036503,
        -0.098425 1.149606 0.036503,
        -0.295276 1.185039 0.036503,
        -0.098425 1.185039 0.036503,
        -0.059055 -0.275591 0.523622,
        -0.059055 -0.275591 0.484252,
        -0.177165 -0.275591 0.523622,
        -0.177165 -0.275591 0.484252,
        -0.059055 -1.161417 0.523622,
        -0.177165 -1.161417 0.523622,
        -0.059055 -1.161417 0.484252,
        -0.177165 -1.161417 0.484252,
        0.177165 -0.275591 0.484252,
        0.059055 -0.275591 0.484252,
        0.177165 -0.275591 0.523622,
        0.059055 -0.275591 0.523622,
        0.177165 -1.161417 0.484252,
        0.177165 -1.161417 0.523622,
        0.059055 -1.161417 0.484252,
        0.059055 -1.161417 0.523622,
        0.236220 -0.275591 0.523622,
        0.354331 -0.275591 0.523622,
        0.236220 -0.275591 0.484252,
        0.354331 -0.275591 0.484252,
        0.236220 -1.161417 0.523622,
        0.236220 -1.161417 0.484252,
        0.354331 -1.161417 0.523622,
        0.354331 -1.161417 0.484252,
        -0.984252 -0.275591 0.523622,
        -0.984252 -0.275591 0.484252,
        -1.102362 -0.275591 0.523622,
        -1.102362 -0.275591 0.484252,
        -0.984252 -1.161417 0.523622,
        -1.102362 -1.161417 0.523622,
        -0.984252 -1.161417 0.484252,
        -1.102362 -1.161417 0.484252,
        -0.480315 1.562992 0.015748,
        -0.480315 1.562992 -0.019685,
        -0.716535 1.562992 0.015748,
        -0.716535 1.562992 -0.019685,
        -0.480315 1.185039 0.015748,
        -0.716535 1.185039 0.015748,
        -0.480315 1.185039 0.036503,
        -0.716535 1.185039 0.036503,
        -0.480315 1.149606 0.036503,
        -0.716535 1.149606 0.036503,
        -0.480315 1.149606 0.000000,
        -0.716535 1.149606 0.000000,
        -0.716535 1.150277 -0.005095,
        -0.480315 1.150277 -0.005095,
        -0.716535 1.152244 -0.009843,
        -0.480315 1.152244 -0.009843,
        -0.716535 1.155372 -0.013919,
        -0.480315 1.155372 -0.013919,
        -0.716535 1.159449 -0.017048,
        -0.480315 1.159449 -0.017048,
        -0.716535 1.164196 -0.019014,
        -0.480315 1.164196 -0.019014,
        -0.716535 1.169291 -0.019685,
        -0.480315 1.169291 -0.019685,
      ]
    }
    coordIndex [
      24, 25, 11, -1,
      11, 25, 15, -1,
      26, 25, 27, -1,
      27, 25, 24, -1,
      28, 26, 29, -1,
      29, 26, 27, -1,
      28, 29, 30, -1,
      28, 30, 31, -1,
      31, 30, 32, -1,
      31, 32, 33, -1,
      33, 32, 34, -1,
      33, 34, 35, -1,
      35, 34, 36, -1,
      35, 36, 37, -1,
      37, 36, 38, -1,
      37, 38, 39, -1,
      39, 38, 19, -1,
      39, 19, 21, -1,
      15, 25, 14, -1,
      14, 25, 26, -1,
      14, 26, 28, -1,
      31, 39, 28, -1,
      28, 39, 21, -1,
      28, 21, 14, -1,
      31, 33, 39, -1,
      39, 33, 35, -1,
      39, 35, 37, -1,
      24, 11, 27, -1,
      27, 11, 13, -1,
      27, 13, 29, -1,
      32, 38, 34, -1,
      34, 38, 36, -1,
      13, 19, 29, -1,
      29, 19, 38, -1,
      29, 38, 30, -1,
      30, 38, 32, -1,
      40, 41, 42, -1,
      42, 41, 43, -1,
      4, 43, 2, -1,
      2, 43, 41, -1,
      44, 45, 46, -1,
      44, 46, 47, -1,
      47, 46, 48, -1,
      47, 48, 49, -1,
      49, 48, 50, -1,
      49, 50, 51, -1,
      51, 50, 52, -1,
      51, 52, 53, -1,
      53, 52, 54, -1,
      53, 54, 55, -1,
      55, 54, 16, -1,
      55, 16, 23, -1,
      44, 40, 45, -1,
      45, 40, 42, -1,
      7, 2, 41, -1,
      55, 23, 44, -1,
      44, 23, 7, -1,
      44, 7, 40, -1,
      40, 7, 41, -1,
      44, 47, 49, -1,
      49, 51, 44, -1,
      44, 51, 53, -1,
      44, 53, 55, -1,
      54, 52, 45, -1,
      43, 4, 42, -1,
      42, 4, 5, -1,
      42, 5, 45, -1,
      45, 5, 16, -1,
      45, 16, 54, -1,
      50, 48, 52, -1,
      52, 48, 46, -1,
      52, 46, 45, -1,
      56, 57, 9, -1,
      9, 57, 10, -1,
      56, 58, 57, -1,
      57, 58, 59, -1,
      58, 60, 59, -1,
      59, 60, 61, -1,
      22, 20, 62, -1,
      22, 62, 63, -1,
      63, 62, 64, -1,
      63, 64, 65, -1,
      65, 64, 66, -1,
      65, 66, 67, -1,
      67, 66, 68, -1,
      67, 68, 69, -1,
      69, 68, 70, -1,
      69, 70, 71, -1,
      71, 70, 61, -1,
      71, 61, 60, -1,
      56, 9, 58, -1,
      58, 9, 8, -1,
      58, 8, 60, -1,
      60, 8, 22, -1,
      60, 22, 63, -1,
      63, 65, 60, -1,
      60, 65, 67, -1,
      60, 67, 71, -1,
      71, 67, 69, -1,
      12, 10, 57, -1,
      62, 20, 61, -1,
      61, 20, 12, -1,
      61, 12, 59, -1,
      59, 12, 57, -1,
      70, 68, 66, -1,
      70, 66, 61, -1,
      61, 66, 64, -1,
      61, 64, 62, -1,
      72, 73, 1, -1,
      1, 73, 3, -1,
      72, 74, 73, -1,
      73, 74, 75, -1,
      74, 76, 75, -1,
      75, 76, 77, -1,
      72, 1, 74, -1,
      74, 1, 0, -1,
      74, 0, 76, -1,
      78, 79, 80, -1,
      80, 79, 81, -1,
      0, 17, 76, -1,
      76, 17, 79, -1,
      76, 79, 82, -1,
      82, 79, 78, -1,
      17, 18, 83, -1,
      17, 83, 79, -1,
      79, 83, 84, -1,
      79, 84, 81, -1,
      81, 84, 85, -1,
      81, 85, 80, -1,
      80, 85, 86, -1,
      80, 86, 78, -1,
      78, 86, 87, -1,
      78, 87, 82, -1,
      82, 87, 77, -1,
      82, 77, 76, -1,
      3, 73, 6, -1,
      6, 73, 75, -1,
      6, 75, 77, -1,
      87, 83, 77, -1,
      77, 83, 18, -1,
      77, 18, 6, -1,
      87, 86, 83, -1,
      83, 86, 85, -1,
      83, 85, 84, -1,
      88, 89, 90, -1,
      90, 89, 91, -1,
      92, 88, 93, -1,
      93, 88, 90, -1,
      94, 89, 92, -1,
      92, 89, 88, -1,
      95, 91, 94, -1,
      94, 91, 89, -1,
      93, 90, 95, -1,
      95, 90, 91, -1,
      92, 93, 94, -1,
      94, 93, 95, -1,
      96, 97, 98, -1,
      98, 97, 99, -1,
      100, 96, 101, -1,
      101, 96, 98, -1,
      102, 97, 100, -1,
      100, 97, 96, -1,
      103, 99, 102, -1,
      102, 99, 97, -1,
      101, 98, 103, -1,
      103, 98, 99, -1,
      100, 101, 102, -1,
      102, 101, 103, -1,
      104, 105, 106, -1,
      106, 105, 107, -1,
      108, 104, 109, -1,
      109, 104, 106, -1,
      110, 108, 111, -1,
      111, 108, 109, -1,
      110, 111, 112, -1,
      110, 112, 113, -1,
      113, 112, 114, -1,
      113, 114, 115, -1,
      115, 114, 116, -1,
      115, 116, 117, -1,
      117, 116, 118, -1,
      117, 118, 119, -1,
      119, 118, 120, -1,
      119, 120, 121, -1,
      121, 120, 122, -1,
      121, 122, 123, -1,
      124, 123, 125, -1,
      125, 123, 122, -1,
      126, 124, 127, -1,
      127, 124, 125, -1,
      105, 126, 107, -1,
      107, 126, 127, -1,
      124, 126, 123, -1,
      123, 126, 105, -1,
      123, 105, 121, -1,
      121, 105, 119, -1,
      104, 108, 105, -1,
      105, 108, 110, -1,
      105, 110, 113, -1,
      113, 115, 105, -1,
      105, 115, 117, -1,
      105, 117, 119, -1,
      109, 106, 111, -1,
      111, 106, 107, -1,
      127, 125, 107, -1,
      107, 125, 122, -1,
      116, 114, 107, -1,
      107, 114, 112, -1,
      107, 112, 111, -1,
      122, 120, 107, -1,
      107, 120, 118, -1,
      107, 118, 116, -1,
      128, 129, 130, -1,
      130, 129, 131, -1,
      132, 128, 133, -1,
      133, 128, 130, -1,
      134, 129, 132, -1,
      132, 129, 128, -1,
      135, 131, 134, -1,
      134, 131, 129, -1,
      133, 130, 135, -1,
      135, 130, 131, -1,
      132, 133, 134, -1,
      134, 133, 135, -1,
      136, 137, 138, -1,
      138, 137, 139, -1,
      140, 136, 141, -1,
      141, 136, 138, -1,
      142, 137, 140, -1,
      140, 137, 136, -1,
      143, 139, 142, -1,
      142, 139, 137, -1,
      141, 138, 143, -1,
      143, 138, 139, -1,
      140, 141, 142, -1,
      142, 141, 143, -1,
      144, 145, 146, -1,
      146, 145, 147, -1,
      148, 144, 149, -1,
      149, 144, 146, -1,
      150, 145, 148, -1,
      148, 145, 144, -1,
      151, 147, 150, -1,
      150, 147, 145, -1,
      149, 146, 151, -1,
      151, 146, 147, -1,
      148, 149, 150, -1,
      150, 149, 151, -1,
      152, 153, 154, -1,
      154, 153, 155, -1,
      156, 152, 157, -1,
      157, 152, 154, -1,
      158, 153, 156, -1,
      156, 153, 152, -1,
      159, 155, 158, -1,
      158, 155, 153, -1,
      157, 154, 159, -1,
      159, 154, 155, -1,
      156, 157, 158, -1,
      158, 157, 159, -1,
      160, 161, 162, -1,
      162, 161, 163, -1,
      164, 160, 165, -1,
      165, 160, 162, -1,
      166, 164, 167, -1,
      167, 164, 165, -1,
      168, 166, 169, -1,
      169, 166, 167, -1,
      170, 168, 171, -1,
      171, 168, 169, -1,
      170, 171, 172, -1,
      170, 172, 173, -1,
      173, 172, 174, -1,
      173, 174, 175, -1,
      175, 174, 176, -1,
      175, 176, 177, -1,
      177, 176, 178, -1,
      177, 178, 179, -1,
      179, 178, 180, -1,
      179, 180, 181, -1,
      181, 180, 182, -1,
      181, 182, 183, -1,
      161, 183, 163, -1,
      163, 183, 182, -1,
      164, 177, 179, -1,
      166, 168, 164, -1,
      164, 168, 170, -1,
      161, 160, 183, -1,
      183, 160, 164, -1,
      183, 164, 181, -1,
      181, 164, 179, -1,
      170, 173, 164, -1,
      164, 173, 175, -1,
      164, 175, 177, -1,
      165, 176, 174, -1,
      162, 163, 165, -1,
      165, 163, 182, -1,
      169, 167, 171, -1,
      171, 167, 165, -1,
      171, 165, 172, -1,
      172, 165, 174, -1,
      182, 180, 165, -1,
      165, 180, 178, -1,
      165, 178, 176, -1,
    ]
  }
}

Shape {
  appearance Appearance {
    material Material {
      diffuseColor 0.7529 0.7529 0.7529
      specularColor 0.3765 0.3765 0.3765
      ambientIntensity 0.2
      transparency 0.0000
      shininess 0.5
    }
  }
  geometry IndexedFaceSet {
    ccw TRUE
    solid FALSE
    coord DEF co Coordinate {
      point [
        1.641732 1.338583 0.850394,
        1.366142 1.338583 1.125984,
        1.437470 1.338583 1.116594,
        1.503937 1.338583 1.089062,
        1.561014 1.338583 1.045266,
        1.604810 1.338583 0.988189,
        1.632342 1.338583 0.921722,
        -1.366142 1.338583 1.125984,
        -1.641732 1.338583 0.850394,
        -1.604810 1.338583 0.988189,
        -1.561014 1.338583 1.045266,
        -1.503937 1.338583 1.089062,
        -1.437470 1.338583 1.116594,
        -1.632342 1.338583 0.921722,
        -1.759843 0.944882 0.000000,
        -1.759843 0.944882 -0.330709,
        -1.641732 0.944882 0.000000,
        -1.641732 0.944882 -0.330709,
        0.237096 0.827335 1.244094,
        0.238428 0.816310 1.244094,
        0.240649 0.855997 1.244094,
        0.003909 0.855321 1.244094,
        0.003909 0.784380 1.244094,
        0.035798 0.784380 1.244094,
        0.102400 0.531567 1.244094,
        0.102400 -1.318898 1.244094,
        0.147009 -1.318898 1.244094,
        0.225656 0.717513 1.244094,
        0.225656 0.693463 1.244094,
        0.240649 0.693463 1.244094,
        0.225656 0.684294 1.244094,
        0.225656 0.657358 1.244094,
        0.240649 0.657358 1.244094,
        0.160835 0.705416 1.244094,
        0.165676 0.691491 1.244094,
        0.165676 0.717513 1.244094,
        0.130283 0.647937 1.244094,
        0.127029 0.647554 1.244094,
        0.147009 0.647554 1.244094,
        0.393701 1.062992 1.244094,
        0.393701 1.338583 1.244094,
        0.326807 1.338583 1.244094,
        -0.944882 1.338583 1.244094,
        -1.366142 1.338583 1.244094,
        -1.366142 0.855997 1.244094,
        0.068478 0.855267 1.244094,
        0.074489 0.855997 1.244094,
        0.037855 0.855997 1.244094,
        0.090533 0.855848 1.244094,
        0.095604 0.854384 1.244094,
        0.095604 0.855997 1.244094,
        0.273509 0.648230 1.244094,
        0.273509 0.717513 1.244094,
        0.265947 0.717513 1.244094,
        -0.278921 0.714507 1.244094,
        -0.268975 0.705450 1.244094,
        -0.245883 0.717513 1.244094,
        -0.433071 0.984252 1.244094,
        -0.512879 0.984252 1.244094,
        -0.512879 0.855997 1.244094,
        -0.039215 0.855997 1.244094,
        -0.159103 0.847202 1.244094,
        -0.139240 0.823857 1.244094,
        -0.108611 0.792872 1.244094,
        -0.093174 0.779808 1.244094,
        -0.081558 0.763610 1.244094,
        -0.039215 0.751100 1.244094,
        -0.128362 0.802228 1.244094,
        -0.125551 0.801283 1.244094,
        -0.393701 1.023622 1.244094,
        -0.395042 1.013432 1.244094,
        -0.398975 1.003937 1.244094,
        -0.422881 0.985593 1.244094,
        -0.236526 0.876805 1.244094,
        -0.209233 0.873461 1.244094,
        -0.181014 0.862448 1.244094,
        -0.171743 0.855997 1.244094,
        -0.039215 1.338583 1.244094,
        -0.393701 1.338583 1.244094,
        -0.393701 1.062992 1.244094,
        -0.413386 0.989526 1.244094,
        -0.302528 0.855997 1.244094,
        -0.405232 0.995783 1.244094,
        -0.288345 0.864550 1.244094,
        -0.261914 0.873997 1.244094,
        -0.304841 0.854603 1.244094,
        -0.512879 0.751100 1.244094,
        -0.431219 0.765342 1.244094,
        -0.422130 0.785835 1.244094,
        -0.408450 0.803367 1.244094,
        -0.365402 0.827924 1.244094,
        -0.342983 0.830693 1.244094,
        -0.318219 0.843146 1.244094,
        -0.336436 0.830337 1.244094,
        -0.329889 0.829554 1.244094,
        -0.404600 0.807011 1.244094,
        -0.386491 0.819738 1.244094,
        -0.512879 0.717513 1.244094,
        -0.432620 0.717513 1.244094,
        -0.435207 0.738469 1.244094,
        -0.435045 0.743947 1.244094,
        -0.433766 0.751100 1.244094,
        -0.373038 0.651274 1.244094,
        -0.393602 0.661314 1.244094,
        -0.512879 0.647554 1.244094,
        -0.365754 0.649091 1.244094,
        -0.411297 0.676416 1.244094,
        -0.424305 0.694993 1.244094,
        -0.432457 0.716187 1.244094,
        -0.327310 0.612517 1.244094,
        -0.340444 0.618035 1.244094,
        -0.512879 0.531567 1.244094,
        -0.351580 0.626430 1.244094,
        -0.360046 0.636878 1.244094,
        -0.365036 0.647554 1.244094,
        -0.258376 0.647346 1.244094,
        -0.265108 0.634656 1.244094,
        -0.039215 0.531567 1.244094,
        -0.273859 0.624841 1.244094,
        -0.285199 0.616951 1.244094,
        -0.297896 0.612075 1.244094,
        -0.311672 0.610379 1.244094,
        -0.313869 0.610420 1.244094,
        -0.039215 0.717513 1.244094,
        -0.073307 0.717513 1.244094,
        -0.074617 0.707322 1.244094,
        -0.185638 0.681138 1.244094,
        -0.181732 0.682681 1.244094,
        -0.175043 0.715128 1.244094,
        -0.093066 0.673570 1.244094,
        -0.108561 0.660454 1.244094,
        -0.039215 0.647554 1.244094,
        -0.189139 0.678657 1.244094,
        -0.177320 0.683248 1.244094,
        -0.176766 0.683207 1.244094,
        -0.175058 0.682829 1.244094,
        -0.081772 0.689301 1.244094,
        -0.194968 0.665600 1.244094,
        -0.194824 0.667846 1.244094,
        -0.254743 0.673000 1.244094,
        -0.193680 0.672179 1.244094,
        -0.191491 0.676063 1.244094,
        -0.118851 0.696974 1.244094,
        -0.112588 0.705854 1.244094,
        -0.181666 0.648469 1.244094,
        -0.185431 0.649951 1.244094,
        -0.258327 0.647554 1.244094,
        -0.189124 0.652576 1.244094,
        -0.190447 0.653923 1.244094,
        -0.192928 0.657499 1.244094,
        -0.194428 0.661359 1.244094,
        -0.255050 0.661401 1.244094,
        -0.254743 0.667307 1.244094,
        -0.125931 0.651956 1.244094,
        -0.144871 0.647952 1.244094,
        -0.178459 0.647952 1.244094,
        -0.173905 0.682678 1.244094,
        -0.148287 0.682678 1.244094,
        -0.138078 0.684633 1.244094,
        -0.128032 0.689284 1.244094,
        -0.119613 0.696156 1.244094,
        -0.108665 0.716000 1.244094,
        -0.108478 0.717513 1.244094,
        -0.176438 0.717513 1.244094,
        -0.107298 0.727083 1.244094,
        -0.337834 0.718323 1.244094,
        -0.325259 0.723132 1.244094,
        -0.397927 0.751100 1.244094,
        -0.107575 0.732060 1.244094,
        -0.110246 0.742995 1.244094,
        -0.192691 0.745300 1.244094,
        -0.311672 0.724806 1.244094,
        -0.114613 0.751100 1.244094,
        -0.394760 0.717513 1.244094,
        -0.339001 0.717513 1.244094,
        -0.398664 0.730850 1.244094,
        -0.399342 0.739607 1.244094,
        -0.304742 0.724394 1.244094,
        -0.291001 0.720981 1.244094,
        -0.284530 0.717513 1.244094,
        -0.394585 0.716915 1.244094,
        -0.358888 0.699478 1.244094,
        -0.349475 0.710238 1.244094,
        -0.387794 0.705356 1.244094,
        -0.377587 0.694870 1.244094,
        -0.365185 0.687233 1.244094,
        -0.168517 0.805669 1.244094,
        -0.181354 0.821012 1.244094,
        -0.312241 0.787996 1.244094,
        -0.182811 0.822340 1.244094,
        -0.198807 0.833438 1.244094,
        -0.303548 0.805998 1.244094,
        -0.316322 0.790227 1.244094,
        -0.329088 0.794887 1.244094,
        -0.115539 0.752818 1.244094,
        -0.122112 0.760160 1.244094,
        -0.151702 0.771487 1.244094,
        -0.130942 0.766326 1.244094,
        -0.140878 0.770152 1.244094,
        -0.156257 0.771487 1.244094,
        -0.159736 0.787324 1.244094,
        -0.362375 0.792903 1.244094,
        -0.375065 0.786171 1.244094,
        -0.348320 0.796229 1.244094,
        -0.384880 0.777419 1.244094,
        -0.392770 0.766080 1.244094,
        -0.290781 0.821253 1.244094,
        -0.216659 0.840276 1.244094,
        -0.275506 0.832414 1.244094,
        -0.235957 0.842648 1.244094,
        -0.256907 0.839950 1.244094,
        -0.342413 0.796535 1.244094,
        -0.397646 0.753383 1.244094,
        -0.076554 0.751100 1.244094,
        -0.074603 0.746222 1.244094,
        -0.072002 0.727652 1.244094,
        0.326807 0.647554 1.244094,
        0.326623 0.659446 1.244094,
        0.318252 0.653446 1.244094,
        0.309123 0.649883 1.244094,
        0.295533 0.648230 1.244094,
        0.265947 0.647554 1.244094,
        0.354561 0.648230 1.244094,
        0.343141 0.648230 1.244094,
        0.403766 0.648230 1.244094,
        0.395599 0.670130 1.244094,
        0.362257 0.670130 1.244094,
        0.334406 0.707950 1.244094,
        0.337367 0.700313 1.244094,
        0.369529 0.717513 1.244094,
        0.332574 0.666530 1.244094,
        0.326807 0.659665 1.244094,
        0.415187 0.648230 1.244094,
        0.502869 0.647554 1.244094,
        0.388798 0.717513 1.244094,
        0.502869 0.717513 1.244094,
        0.384690 0.728299 1.244094,
        0.338699 0.689288 1.244094,
        0.338458 0.684185 1.244094,
        0.336518 0.674811 1.244094,
        0.308578 0.726949 1.244094,
        0.318241 0.723419 1.244094,
        0.326807 0.751100 1.244094,
        0.265947 0.751100 1.244094,
        0.273509 0.728299 1.244094,
        0.296352 0.728299 1.244094,
        0.003909 0.717513 1.244094,
        0.003909 0.693463 1.244094,
        0.036217 0.717513 1.244094,
        0.032544 0.693463 1.244094,
        0.032544 0.684294 1.244094,
        0.003909 0.719089 1.244094,
        0.034815 0.719089 1.244094,
        0.034815 0.728299 1.244094,
        0.036217 0.751100 1.244094,
        -0.006427 0.728299 1.244094,
        -0.006427 0.717513 1.244094,
        -0.006427 0.648230 1.244094,
        0.036217 0.647554 1.244094,
        0.037855 0.647554 1.244094,
        0.036637 0.648230 1.244094,
        0.036217 0.648230 1.244094,
        0.036217 0.657358 1.244094,
        0.036637 0.657358 1.244094,
        0.037855 0.717513 1.244094,
        0.265947 0.835841 1.244094,
        0.273366 0.855321 1.244094,
        0.265947 0.855997 1.244094,
        0.284419 0.855321 1.244094,
        0.326807 0.855997 1.244094,
        0.314916 0.775252 1.244094,
        0.242869 0.775252 1.244094,
        0.240649 0.751100 1.244094,
        0.254290 0.775252 1.244094,
        0.261986 0.797152 1.244094,
        0.265947 0.797152 1.244094,
        0.125385 0.784380 1.244094,
        0.147009 0.784380 1.244094,
        0.125385 0.811316 1.244094,
        0.147009 0.811316 1.244094,
        0.154019 0.820485 1.244094,
        0.154019 0.811316 1.244094,
        0.165676 0.751100 1.244094,
        0.156291 0.846111 1.244094,
        0.165676 0.855997 1.244094,
        0.156291 0.855321 1.244094,
        0.147009 0.855997 1.244094,
        0.147009 0.855321 1.244094,
        0.158113 0.784380 1.244094,
        0.147009 0.846111 1.244094,
        0.147009 0.820485 1.244094,
        0.125385 0.846111 1.244094,
        0.125385 0.820485 1.244094,
        0.115049 0.855321 1.244094,
        0.102400 0.855997 1.244094,
        0.115049 0.775252 1.244094,
        0.147009 0.775252 1.244094,
        0.102400 0.751100 1.244094,
        0.099022 0.853397 1.244094,
        0.099022 0.842591 1.244094,
        0.099022 0.788474 1.244094,
        0.099022 0.778568 1.244094,
        0.090009 0.846162 1.244094,
        0.080151 0.847339 1.244094,
        0.095604 0.786939 1.244094,
        0.098131 0.843072 1.244094,
        0.095604 0.844033 1.244094,
        0.076274 0.847143 1.244094,
        0.069415 0.845652 1.244094,
        0.063194 0.842574 1.244094,
        0.051239 0.825383 1.244094,
        0.049920 0.814386 1.244094,
        0.078350 0.783111 1.244094,
        0.058333 0.838456 1.244094,
        0.057791 0.837863 1.244094,
        0.091137 0.784934 1.244094,
        0.082080 0.783250 1.244094,
        0.053921 0.832299 1.244094,
        0.050061 0.810650 1.244094,
        0.051462 0.802816 1.244094,
        0.054158 0.796464 1.244094,
        0.057780 0.791544 1.244094,
        0.060095 0.789336 1.244094,
        0.071440 0.783811 1.244094,
        0.065532 0.785811 1.244094,
        0.095604 1.338583 1.244094,
        0.080049 0.856672 1.244094,
        0.088645 0.855997 1.244094,
        0.037855 1.338583 1.244094,
        0.097657 0.777887 1.244094,
        0.095604 0.777214 1.244094,
        0.095604 0.751100 1.244094,
        0.089060 0.775068 1.244094,
        0.076856 0.773901 1.244094,
        0.072013 0.774130 1.244094,
        0.037855 0.751100 1.244094,
        0.063337 0.775919 1.244094,
        0.055781 0.779483 1.244094,
        0.049348 0.784831 1.244094,
        0.048689 0.785550 1.244094,
        0.043911 0.792385 1.244094,
        0.041030 0.828406 1.244094,
        0.044833 0.837300 1.244094,
        0.050637 0.844883 1.244094,
        0.040651 0.800741 1.244094,
        0.039073 0.813772 1.244094,
        0.039214 0.817953 1.244094,
        0.052614 0.846770 1.244094,
        0.060110 0.852020 1.244094,
        -0.866142 0.984252 1.244094,
        -0.876331 0.985593 1.244094,
        -0.885827 0.989526 1.244094,
        -0.893981 0.995783 1.244094,
        -0.900237 1.003937 1.244094,
        -0.905512 1.299213 1.244094,
        -0.906499 1.307973 1.244094,
        -0.909411 1.316295 1.244094,
        -0.914101 1.323759 1.244094,
        -0.920335 1.329993 1.244094,
        -0.927800 1.334684 1.244094,
        -0.904170 1.013432 1.244094,
        -0.905512 1.023622 1.244094,
        -0.936121 1.337596 1.244094,
        0.413386 0.989526 1.244094,
        0.405232 0.995783 1.244094,
        0.398975 1.003937 1.244094,
        0.866142 0.984252 1.244094,
        0.502869 0.984252 1.244094,
        0.502869 0.855997 1.244094,
        0.433071 0.984252 1.244094,
        0.422881 0.985593 1.244094,
        0.395042 1.013432 1.244094,
        0.393701 1.023622 1.244094,
        0.904170 1.013432 1.244094,
        0.900237 1.003937 1.244094,
        1.175197 0.855997 1.244094,
        0.893981 0.995783 1.244094,
        0.885827 0.989526 1.244094,
        0.876331 0.985593 1.244094,
        0.905512 1.299213 1.244094,
        0.905512 1.023622 1.244094,
        0.944882 1.338583 1.244094,
        1.175197 1.338583 1.244094,
        0.936121 1.337596 1.244094,
        0.927800 1.334684 1.244094,
        0.906499 1.307973 1.244094,
        0.920335 1.329993 1.244094,
        0.909411 1.316295 1.244094,
        0.914101 1.323759 1.244094,
        0.070009 0.647567 1.244094,
        0.069902 0.647554 1.244094,
        0.082157 0.648230 1.244094,
        0.095604 0.647554 1.244094,
        0.058554 0.647554 1.244094,
        0.058371 0.647575 1.244094,
        0.054526 0.649025 1.244094,
        0.051149 0.651381 1.244094,
        0.050044 0.652499 1.244094,
        0.051824 0.691662 1.244094,
        0.082157 0.657072 1.244094,
        0.081891 0.657072 1.244094,
        0.079409 0.653537 1.244094,
        0.051824 0.701405 1.244094,
        0.053904 0.702609 1.244094,
        0.061364 0.705496 1.244094,
        0.076119 0.650459 1.244094,
        0.073996 0.649122 1.244094,
        0.047956 0.655574 1.244094,
        0.046738 0.658961 1.244094,
        0.046237 0.663539 1.244094,
        0.046284 0.665107 1.244094,
        0.046980 0.669358 1.244094,
        0.048411 0.672856 1.244094,
        0.050468 0.675691 1.244094,
        0.053626 0.678329 1.244094,
        0.058052 0.680497 1.244094,
        0.057642 0.695478 1.244094,
        0.065210 0.682206 1.244094,
        0.073970 0.698224 1.244094,
        0.070572 0.698580 1.244094,
        0.063895 0.697799 1.244094,
        0.085267 0.702879 1.244094,
        0.087914 0.700281 1.244094,
        0.095604 0.717513 1.244094,
        0.089941 0.696983 1.244094,
        0.071514 0.706726 1.244094,
        0.077798 0.706132 1.244094,
        0.081966 0.704818 1.244094,
        0.082157 0.684580 1.244094,
        0.081808 0.689015 1.244094,
        0.080771 0.692586 1.244094,
        0.079593 0.694651 1.244094,
        0.091481 0.692313 1.244094,
        0.092186 0.685030 1.244094,
        0.092186 0.648230 1.244094,
        0.078077 0.696264 1.244094,
        0.076296 0.697411 1.244094,
        0.037855 0.531567 1.244094,
        0.064371 0.646879 1.244094,
        0.095604 0.531567 1.244094,
        0.111803 0.648003 1.244094,
        0.105777 0.650235 1.244094,
        0.102400 0.647554 1.244094,
        0.105777 0.660592 1.244094,
        0.102400 0.717513 1.244094,
        0.147009 0.717513 1.244094,
        0.141657 0.694446 1.244094,
        0.141657 0.704188 1.244094,
        0.143922 0.659755 1.244094,
        0.142691 0.656577 1.244094,
        0.140821 0.653932 1.244094,
        0.141043 0.673241 1.244094,
        0.142915 0.670478 1.244094,
        0.143985 0.667521 1.244094,
        0.144399 0.663785 1.244094,
        0.108683 0.680937 1.244094,
        0.107376 0.683027 1.244094,
        0.106270 0.686090 1.244094,
        0.105838 0.689983 1.244094,
        0.106234 0.693569 1.244094,
        0.107428 0.696798 1.244094,
        0.109291 0.699508 1.244094,
        0.112265 0.702182 1.244094,
        0.115585 0.704128 1.244094,
        0.137952 0.651422 1.244094,
        0.135574 0.649964 1.244094,
        0.121180 0.706025 1.244094,
        0.128107 0.706726 1.244094,
        0.135143 0.706102 1.244094,
        0.116171 0.655757 1.244094,
        0.121025 0.673364 1.244094,
        0.109874 0.658076 1.244094,
        0.115047 0.676104 1.244094,
        0.110324 0.679221 1.244094,
        0.127125 0.698580 1.244094,
        0.124156 0.698357 1.244094,
        0.116174 0.690884 1.244094,
        0.121473 0.697647 1.244094,
        0.119224 0.696451 1.244094,
        0.116266 0.689550 1.244094,
        0.116664 0.687992 1.244094,
        0.117386 0.686639 1.244094,
        0.122274 0.655066 1.244094,
        0.122717 0.655069 1.244094,
        0.127611 0.670606 1.244094,
        0.127858 0.655644 1.244094,
        0.134104 0.662802 1.244094,
        0.134006 0.664050 1.244094,
        0.118365 0.685563 1.244094,
        0.121900 0.683352 1.244094,
        0.133471 0.697887 1.244094,
        0.128107 0.680650 1.244094,
        0.139150 0.695867 1.244094,
        0.131991 0.679079 1.244094,
        0.138651 0.675375 1.244094,
        0.130446 0.656592 1.244094,
        0.131360 0.657146 1.244094,
        0.132511 0.658168 1.244094,
        0.117711 0.695114 1.244094,
        0.116851 0.693838 1.244094,
        0.116356 0.692484 1.244094,
        0.133387 0.659463 1.244094,
        0.133896 0.660889 1.244094,
        0.133550 0.665616 1.244094,
        0.132775 0.666946 1.244094,
        0.131525 0.668247 1.244094,
        0.115593 0.647554 1.244094,
        0.121291 0.646879 1.244094,
        0.147009 0.531567 1.244094,
        0.240649 0.647554 1.244094,
        0.240649 0.648230 1.244094,
        0.215320 0.648230 1.244094,
        0.175776 0.662434 1.244094,
        0.177004 0.657726 1.244094,
        0.177270 0.657726 1.244094,
        0.149619 0.705416 1.244094,
        0.171713 0.647554 1.244094,
        0.172051 0.648352 1.244094,
        0.165676 0.664571 1.244094,
        0.165676 0.531567 1.244094,
        0.162206 0.621760 1.244094,
        0.158154 0.621294 1.244094,
        0.163784 0.632230 1.244094,
        0.165653 0.634305 1.244094,
        0.165676 0.647554 1.244094,
        0.165676 0.634346 1.244094,
        0.167651 0.637955 1.244094,
        0.155940 0.621374 1.244094,
        0.151686 0.622113 1.244094,
        0.151686 0.631037 1.244094,
        0.153738 0.630364 1.244094,
        0.157376 0.629891 1.244094,
        0.159922 0.630194 1.244094,
        0.162103 0.631050 1.244094,
        0.178560 0.639592 1.244094,
        0.181699 0.647554 1.244094,
        0.204513 0.705416 1.244094,
        0.215320 0.717513 1.244094,
        0.194115 0.705416 1.244094,
        0.174020 0.630750 1.244094,
        0.240649 0.531567 1.244094,
        0.170350 0.626343 1.244094,
        0.169666 0.625716 1.244094,
        0.166163 0.623268 1.244094,
        0.165676 0.623082 1.244094,
        0.254290 0.684294 1.244094,
        0.258384 0.648230 1.244094,
        0.258384 0.657358 1.244094,
        0.240649 0.684294 1.244094,
        0.225656 0.719089 1.244094,
        0.240649 0.717513 1.244094,
        0.254290 0.693463 1.244094,
        0.177731 0.659686 1.244094,
        0.178498 0.662352 1.244094,
        0.215320 0.728299 1.244094,
        0.240649 0.728299 1.244094,
        0.256562 0.728299 1.244094,
        0.256562 0.719089 1.244094,
        0.240649 0.719089 1.244094,
        0.326623 0.717697 1.244094,
        0.326809 0.717515 1.244094,
        0.329450 0.714932 1.244094,
        0.373637 0.728299 1.244094,
        0.502869 0.751100 1.244094,
        -0.955072 0.257247 1.244094,
        -0.964567 0.261180 1.244094,
        -1.366142 -1.318898 1.244094,
        -0.972721 0.267437 1.244094,
        -1.366142 0.531567 1.244094,
        -0.591893 0.423576 1.244094,
        -0.590551 0.413386 1.244094,
        -0.590551 0.295276 1.244094,
        -0.591893 0.285086 1.244094,
        -0.595826 0.275591 1.244094,
        -0.512879 -1.318898 1.244094,
        -0.602082 0.267437 1.244094,
        -0.610236 0.261180 1.244094,
        -0.978978 0.433071 1.244094,
        -0.972721 0.441225 1.244094,
        -0.964567 0.447481 1.244094,
        -0.955072 0.451414 1.244094,
        -0.610236 0.447481 1.244094,
        -0.602082 0.441225 1.244094,
        -0.595826 0.433071 1.244094,
        -0.978978 0.275591 1.244094,
        -0.982911 0.285086 1.244094,
        -0.984252 0.295276 1.244094,
        -0.944882 0.452756 1.244094,
        -0.629921 0.452756 1.244094,
        -0.619731 0.451414 1.244094,
        -0.619731 0.257247 1.244094,
        -0.629921 0.255906 1.244094,
        -0.944882 0.255906 1.244094,
        -0.984252 0.413386 1.244094,
        -0.982911 0.423576 1.244094,
        -0.039215 -1.318898 1.244094,
        0.036217 -1.318898 1.244094,
        0.036217 0.531567 1.244094,
        0.037855 -1.318898 1.244094,
        0.095604 -1.318898 1.244094,
        0.165676 -1.318898 1.244094,
        0.240649 -1.318898 1.244094,
        0.265947 -1.318898 1.244094,
        0.265947 0.531567 1.244094,
        0.326807 -1.318898 1.244094,
        0.326807 0.531567 1.244094,
        0.502869 -1.318898 1.244094,
        0.502869 0.531567 1.244094,
        0.972721 0.267437 1.244094,
        0.964567 0.261180 1.244094,
        1.175197 -1.318898 1.244094,
        0.964567 0.447481 1.244094,
        0.972721 0.441225 1.244094,
        1.175197 0.531567 1.244094,
        0.978978 0.433071 1.244094,
        0.982911 0.423576 1.244094,
        0.984252 0.413386 1.244094,
        0.984252 0.295276 1.244094,
        0.982911 0.285086 1.244094,
        0.978978 0.275591 1.244094,
        0.602082 0.267437 1.244094,
        0.610236 0.261180 1.244094,
        0.619731 0.257247 1.244094,
        0.590551 0.413386 1.244094,
        0.591893 0.423576 1.244094,
        0.595826 0.433071 1.244094,
        0.595826 0.275591 1.244094,
        0.591893 0.285086 1.244094,
        0.590551 0.295276 1.244094,
        0.602082 0.441225 1.244094,
        0.610236 0.447481 1.244094,
        0.619731 0.451414 1.244094,
        0.629921 0.452756 1.244094,
        0.944882 0.452756 1.244094,
        0.955072 0.451414 1.244094,
        0.955072 0.257247 1.244094,
        0.944882 0.255906 1.244094,
        0.629921 0.255906 1.244094,
        0.147009 0.751100 1.244094,
        0.158113 0.775252 1.244094,
        -1.366142 0.647554 1.244094,
        -1.366142 0.717513 1.244094,
        -1.366142 0.751100 1.244094,
        -0.006427 0.855321 1.244094,
        0.036217 0.855997 1.244094,
        0.035798 0.775252 1.244094,
        -0.006427 0.775252 1.244094,
        0.173238 0.775252 1.244094,
        0.234134 0.834973 1.244094,
        0.238187 0.811207 1.244094,
        0.236247 0.801833 1.244094,
        0.232303 0.793552 1.244094,
        0.226352 0.786468 1.244094,
        0.217981 0.780468 1.244094,
        0.208852 0.776905 1.244094,
        0.195261 0.775252 1.244094,
        0.173238 0.855321 1.244094,
        0.196080 0.855321 1.244094,
        0.208306 0.853971 1.244094,
        0.217970 0.850441 1.244094,
        0.226352 0.844719 1.244094,
        0.229178 0.841954 1.244094,
        0.295328 0.797152 1.244094,
        0.303494 0.775252 1.244094,
        1.175197 0.647554 1.244094,
        1.175197 0.717513 1.244094,
        1.175197 0.751100 1.244094,
        0.036217 1.338583 1.244094,
        0.003909 0.684294 1.244094,
        0.003909 0.657358 1.244094,
        0.265947 1.338583 1.244094,
        0.240649 1.338583 1.244094,
        0.165676 1.338583 1.244094,
        0.147009 1.338583 1.244094,
        0.102400 1.338583 1.244094,
        1.366142 -1.318898 1.244094,
        1.366142 0.531567 1.244094,
        1.366142 0.647554 1.244094,
        1.366142 0.717513 1.244094,
        1.366142 0.751100 1.244094,
        1.366142 0.855997 1.244094,
        1.366142 1.338583 1.244094,
        -0.362053 1.338583 1.125984,
        0.362053 1.338583 1.125984,
        -0.362053 1.102362 1.125984,
        0.362053 1.102362 1.125984,
        1.366142 -1.318898 1.125984,
        0.900237 1.003937 1.125984,
        0.904170 1.013432 1.125984,
        0.395042 1.013432 1.125984,
        0.398975 1.003937 1.125984,
        -1.366142 -1.318898 1.125984,
        0.422881 0.985593 1.125984,
        0.433071 1.102362 1.125984,
        0.422881 1.101021 1.125984,
        0.433071 0.984252 1.125984,
        0.866142 0.984252 1.125984,
        0.876331 0.985593 1.125984,
        0.885827 0.989526 1.125984,
        0.893981 0.995783 1.125984,
        0.905512 1.023622 1.125984,
        0.905512 1.299213 1.125984,
        0.944882 1.338583 1.125984,
        0.936121 1.337596 1.125984,
        -0.893981 0.995783 1.125984,
        -0.885827 0.989526 1.125984,
        -0.876331 0.985593 1.125984,
        -0.866142 0.984252 1.125984,
        -0.413386 0.989526 1.125984,
        -0.405232 0.995783 1.125984,
        0.413386 1.097087 1.125984,
        0.405232 1.090831 1.125984,
        0.398975 1.082677 1.125984,
        0.405232 0.995783 1.125984,
        0.413386 0.989526 1.125984,
        -0.936121 1.337596 1.125984,
        -0.905512 1.299213 1.125984,
        -0.944882 1.338583 1.125984,
        -0.905512 1.023622 1.125984,
        -0.904170 1.013432 1.125984,
        -0.900237 1.003937 1.125984,
        -0.433071 0.984252 1.125984,
        -0.422881 0.985593 1.125984,
        -0.398975 1.003937 1.125984,
        -0.395042 1.013432 1.125984,
        -0.393701 1.023622 1.125984,
        -0.405232 1.090831 1.125984,
        -0.413386 1.097087 1.125984,
        -0.422881 1.101021 1.125984,
        -0.433071 1.102362 1.125984,
        0.914101 1.323759 1.125984,
        0.909411 1.316295 1.125984,
        0.906499 1.307973 1.125984,
        0.920335 1.329993 1.125984,
        0.927800 1.334684 1.125984,
        -0.927800 1.334684 1.125984,
        -0.920335 1.329993 1.125984,
        -0.906499 1.307973 1.125984,
        -0.914101 1.323759 1.125984,
        -0.909411 1.316295 1.125984,
        -0.393701 1.062992 1.125984,
        -0.395042 1.073182 1.125984,
        -0.398975 1.082677 1.125984,
        0.395042 1.073182 1.125984,
        0.393701 1.062992 1.125984,
        0.393701 1.023622 1.125984,
        -1.759843 1.338583 -0.330709,
        -1.759843 1.259843 -0.409449,
        -1.759843 1.023622 -0.409449,
        -1.759843 0.884150 0.538328,
        -1.759843 0.879233 0.550197,
        -1.759843 1.338583 0.850394,
        -1.759843 -0.157480 -0.330709,
        -1.759843 -0.236220 -0.409449,
        -1.759843 -0.393701 -0.409449,
        -1.759843 0.885827 0.525591,
        -1.759843 0.017002 0.729041,
        -1.759843 0.009136 0.748031,
        -1.759843 -0.154797 0.729041,
        -1.759843 -0.157480 0.708661,
        -1.759843 -0.472441 -0.039370,
        -1.759843 -0.472441 -0.330709,
        -1.759843 0.871413 0.560389,
        -1.759843 0.861220 0.568210,
        -1.759843 0.849351 0.573126,
        -1.759843 0.885827 0.000000,
        -1.759843 -1.318898 0.850394,
        -1.759843 -0.784024 0.764339,
        -1.759843 -0.796537 0.748031,
        -1.759843 -0.003378 0.764339,
        -1.759843 -0.019685 0.776852,
        -1.759843 -0.038676 0.784719,
        -1.759843 -0.767717 0.776852,
        -1.759843 -0.099120 0.784719,
        -1.759843 -0.660156 0.748031,
        -1.759843 -0.078740 0.787402,
        -1.759843 -0.672669 0.764339,
        -1.759843 -0.688976 0.776852,
        -1.759843 -0.707967 0.784719,
        -1.759843 -0.728346 0.787402,
        -1.759843 -0.748726 0.784719,
        -1.759843 -0.807087 0.393701,
        -1.759843 -1.318898 0.393701,
        -1.759843 -0.807087 0.708661,
        -1.759843 -0.804404 0.729041,
        -1.759843 0.836614 0.574803,
        -1.759843 0.825663 0.573569,
        -1.759843 0.815262 0.569930,
        -1.759843 0.805931 0.564067,
        -1.759843 0.798138 0.556274,
        -1.759843 0.792275 0.546943,
        -1.759843 0.019685 0.708661,
        -1.759843 0.787402 0.393701,
        -1.759843 0.019685 0.393701,
        -1.759843 0.787402 0.525591,
        -1.759843 0.788635 0.536541,
        -1.759843 -0.649606 -0.039370,
        -1.759843 -0.649606 0.708661,
        -1.759843 -0.146931 0.748031,
        -1.759843 -0.652289 0.729041,
        -1.759843 -0.134418 0.764339,
        -1.759843 -0.118110 0.776852,
        -1.759843 -0.059055 0.787402,
        -1.641732 0.885827 0.525591,
        -1.641732 0.885827 0.000000,
        -1.641732 1.023622 -0.409449,
        -1.641732 0.849351 0.573126,
        -1.641732 0.861220 0.568210,
        -1.641732 -1.318898 0.393701,
        -1.641732 -0.807087 0.393701,
        -1.641732 -1.318898 0.850394,
        -1.641732 -0.807087 0.708661,
        -1.641732 -0.804404 0.729041,
        -1.641732 -0.038676 0.784719,
        -1.641732 -0.019685 0.776852,
        -1.641732 0.871413 0.560389,
        -1.641732 0.879233 0.550197,
        -1.641732 0.884150 0.538328,
        -1.641732 -0.157480 0.708661,
        -1.641732 -0.154797 0.729041,
        -1.641732 -0.649606 0.708661,
        -1.641732 -0.652289 0.729041,
        -1.641732 -0.688976 0.776852,
        -1.641732 -0.672669 0.764339,
        -1.641732 -0.660156 0.748031,
        -1.641732 -0.393701 -0.409449,
        -1.641732 -0.236220 -0.409449,
        -1.641732 -0.472441 -0.330709,
        -1.641732 -0.157480 -0.330709,
        -1.641732 -0.472441 -0.039370,
        -1.641732 -0.649606 -0.039370,
        -1.641732 -0.146931 0.748031,
        -1.641732 -0.134418 0.764339,
        -1.641732 -0.118110 0.776852,
        -1.641732 -0.003378 0.764339,
        -1.641732 0.009136 0.748031,
        -1.641732 0.017002 0.729041,
        -1.641732 1.338583 -0.330709,
        -1.641732 1.259843 -0.409449,
        -1.641732 -0.796537 0.748031,
        -1.641732 -0.784024 0.764339,
        -1.641732 -0.767717 0.776852,
        -1.641732 -0.748726 0.784719,
        -1.641732 -0.728346 0.787402,
        -1.641732 -0.707967 0.784719,
        -1.641732 -0.099120 0.784719,
        -1.641732 -0.078740 0.787402,
        -1.641732 -0.059055 0.787402,
        -1.641732 0.798138 0.556274,
        -1.641732 0.805931 0.564067,
        -1.641732 0.019685 0.708661,
        -1.641732 0.019685 0.393701,
        -1.641732 0.787402 0.393701,
        -1.641732 0.815262 0.569930,
        -1.641732 0.825663 0.573569,
        -1.641732 0.836614 0.574803,
        -1.641732 0.787402 0.525591,
        -1.641732 0.788635 0.536541,
        -1.641732 0.792275 0.546943,
        -1.366142 0.787402 0.000000,
        -1.366142 0.019685 0.000000,
        -1.453748 0.019685 0.009871,
        -1.453748 0.787402 0.009871,
        -1.536962 0.019685 0.038989,
        -1.536962 0.787402 0.038989,
        -1.611610 0.019685 0.085893,
        -1.611610 0.787402 0.085893,
        -1.673950 0.019685 0.148232,
        -1.673950 0.787402 0.148232,
        -1.720854 0.019685 0.222880,
        -1.720854 0.787402 0.222880,
        -1.749972 0.019685 0.306094,
        -1.749972 0.787402 0.306094,
        -1.673950 1.338583 1.095862,
        -1.611610 1.338583 1.158202,
        -1.536962 1.338583 1.205106,
        -1.453748 1.338583 1.234224,
        -1.749972 1.338583 0.938000,
        -1.720854 1.338583 1.021214,
        -1.453748 -1.318898 1.234224,
        -1.536962 -1.318898 1.205106,
        -1.611610 -1.318898 1.158202,
        -1.673950 -1.318898 1.095862,
        -1.720854 -1.318898 1.021214,
        -1.749972 -1.318898 0.938000,
        -0.677014 1.338583 0.962851,
        -0.677014 1.338583 1.080524,
        0.677014 1.338583 0.962851,
        0.668913 1.338583 0.948819,
        -0.668913 1.338583 0.948819,
        0.677014 1.338583 1.080524,
        -1.366142 -0.807087 0.000000,
        -1.366142 -1.318898 0.000000,
        -1.453748 -1.318898 0.009871,
        -1.453748 -0.807087 0.009871,
        -1.536962 -1.318898 0.038989,
        -1.536962 -0.807087 0.038989,
        -1.611610 -1.318898 0.085893,
        -1.611610 -0.807087 0.085893,
        -1.673950 -1.318898 0.148232,
        -1.673950 -0.807087 0.148232,
        -1.720854 -1.318898 0.222880,
        -1.720854 -0.807087 0.222880,
        -1.749972 -1.318898 0.306094,
        -1.749972 -0.807087 0.306094,
        -1.632342 -0.807087 0.322373,
        -1.632342 -1.318898 0.322373,
        -1.604810 -0.807087 0.255906,
        -1.604810 -1.318898 0.255906,
        -1.561014 -0.807087 0.198829,
        -1.561014 -1.318898 0.198829,
        -1.503937 -0.807087 0.155032,
        -1.503937 -1.318898 0.155032,
        -1.437470 -0.807087 0.127501,
        -1.437470 -1.318898 0.127501,
        -1.366142 -0.807087 0.118110,
        -1.366142 -1.318898 0.118110,
        1.574933 -1.338583 0.184909,
        1.658559 -1.338583 0.160506,
        1.621858 -1.338583 0.246063,
        1.703118 -1.338583 0.231421,
        1.651356 -1.338583 0.317278,
        1.730780 -1.338583 0.310474,
        1.661417 -1.338583 0.393701,
        1.740157 -1.338583 0.393701,
        1.661417 -1.338583 0.850394,
        1.740157 -1.338583 0.850394,
        1.651356 -1.338583 0.926817,
        1.730780 -1.338583 0.933620,
        1.621858 -1.338583 0.998031,
        1.703118 -1.338583 1.012673,
        1.574933 -1.338583 1.059185,
        -1.513780 -1.338583 1.106110,
        -1.599337 -1.338583 1.142811,
        -1.574933 -1.338583 1.059185,
        -1.658559 -1.338583 1.083589,
        -1.621858 -1.338583 0.998031,
        -1.703118 -1.338583 1.012673,
        -1.651356 -1.338583 0.926817,
        -1.730780 -1.338583 0.933620,
        -1.661417 -1.338583 0.850394,
        -1.740157 -1.338583 0.850394,
        -1.661417 -1.338583 0.393701,
        -1.740157 -1.338583 0.393701,
        -1.651356 -1.338583 0.317278,
        -1.730780 -1.338583 0.310474,
        -1.621858 -1.338583 0.246063,
        -1.703118 -1.338583 0.231421,
        -1.574933 -1.338583 0.184909,
        -1.658559 -1.338583 0.160506,
        -1.599337 -1.338583 0.101283,
        -1.513780 -1.338583 0.137985,
        -1.528421 -1.338583 0.056724,
        -1.442565 -1.338583 0.108487,
        -1.449368 -1.338583 0.029062,
        -1.366142 -1.338583 0.098425,
        -1.366142 -1.338583 0.019685,
        1.366142 -1.338583 0.098425,
        1.366142 -1.338583 0.019685,
        1.442565 -1.338583 0.108487,
        1.449368 -1.338583 0.029062,
        1.513780 -1.338583 0.137985,
        1.528421 -1.338583 0.056724,
        1.599337 -1.338583 0.101283,
        1.658559 -1.338583 1.083589,
        1.599337 -1.338583 1.142811,
        1.513780 -1.338583 1.106110,
        1.528421 -1.338583 1.187370,
        1.442565 -1.338583 1.135608,
        1.449368 -1.338583 1.215032,
        1.366142 -1.338583 1.145669,
        1.366142 -1.338583 1.224409,
        -1.366142 -1.338583 1.145669,
        -1.366142 -1.338583 1.224409,
        -1.442565 -1.338583 1.135608,
        -1.449368 -1.338583 1.215032,
        -1.528421 -1.338583 1.187370,
        1.366142 -1.318898 0.000000,
        -0.972441 -0.807087 0.000000,
        0.972441 -0.807087 0.000000,
        1.366142 -0.807087 0.000000,
        -0.619731 0.257247 0.000000,
        0.590551 0.413386 0.000000,
        0.590551 0.295276 0.000000,
        -0.955072 0.257247 0.000000,
        -0.944882 0.255906 0.000000,
        -0.972441 0.019685 0.000000,
        -0.629921 0.255906 0.000000,
        0.982911 0.423576 0.000000,
        0.978978 0.433071 0.000000,
        1.366142 0.787402 0.000000,
        0.610236 0.447481 0.000000,
        0.602082 0.441225 0.000000,
        0.595826 0.433071 0.000000,
        0.591893 0.423576 0.000000,
        -0.595826 0.433071 0.000000,
        -0.602082 0.441225 0.000000,
        -0.972721 0.441225 0.000000,
        -0.978978 0.433071 0.000000,
        0.595826 0.275591 0.000000,
        0.602082 0.267437 0.000000,
        0.610236 0.261180 0.000000,
        -0.982911 0.285086 0.000000,
        -0.978978 0.275591 0.000000,
        -0.972721 0.267437 0.000000,
        -0.964567 0.261180 0.000000,
        0.944882 0.255906 0.000000,
        0.955072 0.257247 0.000000,
        1.366142 0.019685 0.000000,
        0.591893 0.285086 0.000000,
        -0.982911 0.423576 0.000000,
        -0.984252 0.413386 0.000000,
        -0.984252 0.295276 0.000000,
        0.972721 0.441225 0.000000,
        0.964567 0.447481 0.000000,
        0.955072 0.451414 0.000000,
        -0.610236 0.261180 0.000000,
        -0.602082 0.267437 0.000000,
        0.972441 0.019685 0.000000,
        0.619731 0.257247 0.000000,
        0.629921 0.255906 0.000000,
        0.964567 0.261180 0.000000,
        0.972721 0.267437 0.000000,
        0.978978 0.275591 0.000000,
        -0.595826 0.275591 0.000000,
        -0.591893 0.285086 0.000000,
        -0.590551 0.295276 0.000000,
        -0.944882 0.452756 0.000000,
        -0.955072 0.451414 0.000000,
        -0.964567 0.447481 0.000000,
        0.944882 0.452756 0.000000,
        0.629921 0.452756 0.000000,
        0.619731 0.451414 0.000000,
        -0.590551 0.413386 0.000000,
        -0.591893 0.423576 0.000000,
        0.982911 0.285086 0.000000,
        0.984252 0.295276 0.000000,
        0.984252 0.413386 0.000000,
        -0.610236 0.447481 0.000000,
        -0.619731 0.451414 0.000000,
        -0.629921 0.452756 0.000000,
        0.972441 0.019685 0.118110,
        1.366142 0.019685 0.118110,
        1.366142 0.787402 0.118110,
        1.366142 -1.318898 0.118110,
        0.972441 -0.807087 0.118110,
        1.366142 -0.807087 0.118110,
        -1.366142 0.787402 0.118110,
        -1.366142 0.019685 0.118110,
        -0.972441 0.019685 0.118110,
        -0.972441 -0.807087 0.118110,
        -1.632342 0.787402 0.322373,
        -1.632342 0.019685 0.322373,
        -1.604810 0.787402 0.255906,
        -1.604810 0.019685 0.255906,
        -1.561014 0.787402 0.198829,
        -1.561014 0.019685 0.198829,
        -1.503937 0.787402 0.155032,
        -1.503937 0.019685 0.155032,
        -1.437470 0.787402 0.127501,
        -1.437470 0.019685 0.127501,
        -1.437470 -1.318898 1.116594,
        -1.503937 -1.318898 1.089062,
        -1.561014 -1.318898 1.045266,
        -1.604810 -1.318898 0.988189,
        -1.632342 -1.318898 0.921722,
        -0.669291 0.374016 0.078740,
        -0.669291 0.334646 0.078740,
        -0.905512 0.374016 0.078740,
        -0.905512 0.334646 0.078740,
        -0.641698 0.279459 0.055219,
        -0.933105 0.279459 0.055219,
        -0.930411 0.284846 0.060992,
        -0.644392 0.284846 0.060992,
        -0.924942 0.295786 0.067306,
        -0.649862 0.295786 0.067306,
        -0.919463 0.306744 0.073631,
        -0.655341 0.306744 0.073631,
        -0.915606 0.314457 0.075043,
        -0.659197 0.314457 0.075043,
        -0.937657 0.270355 0.045461,
        -0.637146 0.270355 0.045461,
        -0.939392 0.266885 0.039133,
        -0.631440 0.258942 0.020275,
        -0.941961 0.261746 0.029761,
        -0.632842 0.261746 0.029761,
        -0.635411 0.266885 0.039133,
        -0.630609 0.257282 0.014658,
        -0.944194 0.257282 0.014658,
        -0.943363 0.258942 0.020275,
        -0.953995 0.258882 0.016212,
        -0.944603 0.273344 0.048258,
        -0.935203 0.288017 0.062976,
        -0.928989 0.315863 0.074709,
        -0.931243 0.318270 0.074303,
        -0.924295 0.311168 0.074709,
        -0.926668 0.313490 0.074844,
        -0.921887 0.308914 0.074303,
        -0.933413 0.320695 0.073631,
        -0.925700 0.324552 0.075043,
        -0.952140 0.304955 0.062976,
        -0.955311 0.309746 0.060992,
        -0.944371 0.315216 0.067306,
        -0.939880 0.291707 0.064185,
        -0.944331 0.295826 0.064591,
        -0.948450 0.300278 0.064185,
        -0.966813 0.295554 0.048258,
        -0.969803 0.302500 0.045461,
        -0.960698 0.307052 0.055219,
        -0.951258 0.277556 0.049985,
        -0.957343 0.282815 0.050569,
        -0.962601 0.288899 0.049985,
        -0.976144 0.289517 0.032379,
        -0.978411 0.298196 0.029761,
        -0.973272 0.300766 0.039133,
        -0.950641 0.264013 0.032379,
        -0.958831 0.268205 0.034011,
        -0.966070 0.274087 0.034565,
        -0.971952 0.281327 0.034011,
        -0.981275 0.286162 0.016212,
        -0.982876 0.295964 0.014658,
        -0.981215 0.296794 0.020275,
        -0.963157 0.262900 0.017187,
        -0.971084 0.269074 0.017519,
        -0.977257 0.277000 0.017187,
        -0.593588 0.296794 0.020275,
        -0.591928 0.295964 0.014658,
        -0.593528 0.286162 0.016212,
        -0.614105 0.307052 0.055219,
        -0.605000 0.302500 0.045461,
        -0.607990 0.295554 0.048258,
        -0.630432 0.315216 0.067306,
        -0.619492 0.309746 0.060992,
        -0.622663 0.304955 0.062976,
        -0.650508 0.311168 0.074709,
        -0.652916 0.308914 0.074303,
        -0.645814 0.315863 0.074709,
        -0.648135 0.313490 0.074844,
        -0.641390 0.320695 0.073631,
        -0.643560 0.318270 0.074303,
        -0.649103 0.324552 0.075043,
        -0.639600 0.288017 0.062976,
        -0.626353 0.300278 0.064185,
        -0.630472 0.295826 0.064591,
        -0.634923 0.291707 0.064185,
        -0.630200 0.273344 0.048258,
        -0.612202 0.288899 0.049985,
        -0.617461 0.282815 0.050569,
        -0.623545 0.277556 0.049985,
        -0.624163 0.264013 0.032379,
        -0.598659 0.289517 0.032379,
        -0.602851 0.281327 0.034011,
        -0.608733 0.274087 0.034565,
        -0.615972 0.268205 0.034011,
        -0.601531 0.300766 0.039133,
        -0.596392 0.298196 0.029761,
        -0.620808 0.258882 0.016212,
        -0.597546 0.277000 0.017187,
        -0.603719 0.269074 0.017519,
        -0.611645 0.262900 0.017187,
        -0.925700 0.384110 0.075043,
        -0.933413 0.387967 0.073631,
        -0.944371 0.393446 0.067306,
        -0.955311 0.398916 0.060992,
        -0.960698 0.401609 0.055219,
        -0.969803 0.406161 0.045461,
        -0.973272 0.407896 0.039133,
        -0.978411 0.410465 0.029761,
        -0.981215 0.411867 0.020275,
        -0.982876 0.412698 0.014658,
        -0.591928 0.412698 0.014658,
        -0.593588 0.411867 0.020275,
        -0.596392 0.410465 0.029761,
        -0.601531 0.407896 0.039133,
        -0.605000 0.406161 0.045461,
        -0.614105 0.401609 0.055219,
        -0.619492 0.398916 0.060992,
        -0.630432 0.393446 0.067306,
        -0.641390 0.387967 0.073631,
        -0.649103 0.384110 0.075043,
        -0.981275 0.422499 0.016212,
        -0.966813 0.413107 0.048258,
        -0.952140 0.403707 0.062976,
        -0.924295 0.397493 0.074709,
        -0.921887 0.399747 0.074303,
        -0.928989 0.392799 0.074709,
        -0.926668 0.395172 0.074844,
        -0.931243 0.390391 0.074303,
        -0.919463 0.401917 0.073631,
        -0.915606 0.394204 0.075043,
        -0.935203 0.420644 0.062976,
        -0.930411 0.423815 0.060992,
        -0.924942 0.412875 0.067306,
        -0.948450 0.408384 0.064185,
        -0.944331 0.412835 0.064591,
        -0.939880 0.416954 0.064185,
        -0.944603 0.435317 0.048258,
        -0.937657 0.438307 0.045461,
        -0.933105 0.429202 0.055219,
        -0.962601 0.419762 0.049985,
        -0.957343 0.425846 0.050569,
        -0.951258 0.431105 0.049985,
        -0.950641 0.444648 0.032379,
        -0.941961 0.446915 0.029761,
        -0.939392 0.441776 0.039133,
        -0.976144 0.419144 0.032379,
        -0.971952 0.427335 0.034011,
        -0.966070 0.434574 0.034565,
        -0.958831 0.440456 0.034011,
        -0.953995 0.449779 0.016212,
        -0.944194 0.451380 0.014658,
        -0.943363 0.449719 0.020275,
        -0.977257 0.431662 0.017187,
        -0.971084 0.439588 0.017519,
        -0.963157 0.445761 0.017187,
        -0.631440 0.449719 0.020275,
        -0.630609 0.451380 0.014658,
        -0.620808 0.449779 0.016212,
        -0.641698 0.429202 0.055219,
        -0.637146 0.438307 0.045461,
        -0.630200 0.435317 0.048258,
        -0.649862 0.412875 0.067306,
        -0.644392 0.423815 0.060992,
        -0.639600 0.420644 0.062976,
        -0.645814 0.392799 0.074709,
        -0.643560 0.390391 0.074303,
        -0.650508 0.397493 0.074709,
        -0.648135 0.395172 0.074844,
        -0.655341 0.401917 0.073631,
        -0.652916 0.399747 0.074303,
        -0.659197 0.394204 0.075043,
        -0.622663 0.403707 0.062976,
        -0.634923 0.416954 0.064185,
        -0.630472 0.412835 0.064591,
        -0.626353 0.408384 0.064185,
        -0.607990 0.413107 0.048258,
        -0.623545 0.431105 0.049985,
        -0.617461 0.425846 0.050569,
        -0.612202 0.419762 0.049985,
        -0.598659 0.419144 0.032379,
        -0.624163 0.444648 0.032379,
        -0.615972 0.440456 0.034011,
        -0.608733 0.434574 0.034565,
        -0.602851 0.427335 0.034011,
        -0.635411 0.441776 0.039133,
        -0.632842 0.446915 0.029761,
        -0.593528 0.422499 0.016212,
        -0.611645 0.445761 0.017187,
        -0.603719 0.439588 0.017519,
        -0.597546 0.431662 0.017187,
        1.641732 0.787402 0.525591,
        1.759843 0.787402 0.525591,
        1.641732 0.787402 0.393701,
        1.759843 0.787402 0.393701,
        1.632342 0.787402 0.322373,
        1.749972 0.787402 0.306094,
        1.604810 0.787402 0.255906,
        1.720854 0.787402 0.222880,
        1.561014 0.787402 0.198829,
        1.673950 0.787402 0.148232,
        1.611610 0.787402 0.085893,
        1.503937 0.787402 0.155032,
        1.536962 0.787402 0.038989,
        1.437470 0.787402 0.127501,
        1.453748 0.787402 0.009871,
        -0.422881 1.101021 1.227247,
        -0.413386 1.097087 1.232730,
        -0.405232 1.090831 1.237437,
        -0.677014 1.102362 1.080524,
        -0.433071 1.102362 1.221364,
        -0.396698 1.078058 1.242364,
        -0.395042 1.073182 1.243320,
        -0.394037 1.068131 1.243900,
        -0.401837 1.086959 1.239397,
        -0.398975 1.082677 1.241049,
        -0.677014 1.103490 0.944142,
        -0.677014 1.337455 0.944142,
        -0.668913 1.102362 0.948819,
        -0.677014 1.102362 0.962851,
        -0.669291 0.374016 1.165354,
        -0.905512 0.374016 1.165354,
        -0.669291 0.334646 1.165354,
        -0.905512 0.334646 1.165354,
        -0.924295 0.311168 1.169386,
        -0.921887 0.308914 1.169791,
        -0.935203 0.288017 1.181119,
        -0.939392 0.266885 1.204961,
        -0.937657 0.270355 1.198634,
        -0.944603 0.273344 1.195836,
        -0.943363 0.258942 1.223820,
        -0.941961 0.261746 1.214333,
        -0.950641 0.264013 1.211716,
        -0.981275 0.286162 1.227883,
        -0.982876 0.295964 1.229437,
        -0.944194 0.257282 1.229437,
        -0.953995 0.258882 1.227883,
        -0.963157 0.262900 1.226908,
        -0.958831 0.268205 1.210083,
        -0.981215 0.296794 1.223820,
        -0.976144 0.289517 1.211716,
        -0.978411 0.298196 1.214333,
        -0.971084 0.269074 1.226576,
        -0.966070 0.274087 1.209529,
        -0.957343 0.282815 1.193525,
        -0.977257 0.277000 1.226908,
        -0.971952 0.281327 1.210083,
        -0.962601 0.288899 1.194109,
        -0.948450 0.300278 1.179909,
        -0.966813 0.295554 1.195836,
        -0.952140 0.304955 1.181119,
        -0.955311 0.309746 1.183103,
        -0.960698 0.307052 1.188876,
        -0.969803 0.302500 1.198634,
        -0.973272 0.300766 1.204961,
        -0.919463 0.306744 1.170463,
        -0.924942 0.295786 1.176788,
        -0.930411 0.284846 1.183103,
        -0.933105 0.279459 1.188876,
        -0.939880 0.291707 1.179909,
        -0.926668 0.313490 1.169250,
        -0.931243 0.318270 1.169791,
        -0.915606 0.314457 1.169051,
        -0.925700 0.324552 1.169051,
        -0.933413 0.320695 1.170463,
        -0.944371 0.315216 1.176788,
        -0.951258 0.277556 1.194109,
        -0.944331 0.295826 1.179503,
        -0.928989 0.315863 1.169386,
        -0.637146 0.270355 1.198634,
        -0.641698 0.279459 1.188876,
        -0.644392 0.284846 1.183103,
        -0.649862 0.295786 1.176788,
        -0.655341 0.306744 1.170463,
        -0.659197 0.314457 1.169051,
        -0.630609 0.257282 1.229437,
        -0.631440 0.258942 1.223820,
        -0.632842 0.261746 1.214333,
        -0.635411 0.266885 1.204961,
        -0.982876 0.412698 1.229437,
        -0.981215 0.411867 1.223820,
        -0.978411 0.410465 1.214333,
        -0.973272 0.407896 1.204961,
        -0.969803 0.406161 1.198634,
        -0.960698 0.401609 1.188876,
        -0.955311 0.398916 1.183103,
        -0.944371 0.393446 1.176788,
        -0.933413 0.387967 1.170463,
        -0.925700 0.384110 1.169051,
        -0.645814 0.315863 1.169386,
        -0.643560 0.318270 1.169791,
        -0.622663 0.304955 1.181119,
        -0.601531 0.300766 1.204961,
        -0.605000 0.302500 1.198634,
        -0.607990 0.295554 1.195836,
        -0.593588 0.296794 1.223820,
        -0.596392 0.298196 1.214333,
        -0.598659 0.289517 1.211716,
        -0.620808 0.258882 1.227883,
        -0.591928 0.295964 1.229437,
        -0.593528 0.286162 1.227883,
        -0.597546 0.277000 1.226908,
        -0.602851 0.281327 1.210083,
        -0.624163 0.264013 1.211716,
        -0.603719 0.269074 1.226576,
        -0.608733 0.274087 1.209529,
        -0.617461 0.282815 1.193525,
        -0.611645 0.262900 1.226908,
        -0.615972 0.268205 1.210083,
        -0.623545 0.277556 1.194109,
        -0.634923 0.291707 1.179909,
        -0.630200 0.273344 1.195836,
        -0.639600 0.288017 1.181119,
        -0.641390 0.320695 1.170463,
        -0.630432 0.315216 1.176788,
        -0.619492 0.309746 1.183103,
        -0.614105 0.307052 1.188876,
        -0.626353 0.300278 1.179909,
        -0.648135 0.313490 1.169250,
        -0.652916 0.308914 1.169791,
        -0.649103 0.324552 1.169051,
        -0.612202 0.288899 1.194109,
        -0.630472 0.295826 1.179503,
        -0.650508 0.311168 1.169386,
        -0.928989 0.392799 1.169386,
        -0.931243 0.390391 1.169791,
        -0.952140 0.403707 1.181119,
        -0.966813 0.413107 1.195836,
        -0.976144 0.419144 1.211716,
        -0.953995 0.449779 1.227883,
        -0.944194 0.451380 1.229437,
        -0.981275 0.422499 1.227883,
        -0.977257 0.431662 1.226908,
        -0.971952 0.427335 1.210083,
        -0.943363 0.449719 1.223820,
        -0.950641 0.444648 1.211716,
        -0.941961 0.446915 1.214333,
        -0.971084 0.439588 1.226576,
        -0.966070 0.434574 1.209529,
        -0.957343 0.425846 1.193525,
        -0.963157 0.445761 1.226908,
        -0.958831 0.440456 1.210083,
        -0.951258 0.431105 1.194109,
        -0.939880 0.416954 1.179909,
        -0.944603 0.435317 1.195836,
        -0.935203 0.420644 1.181119,
        -0.930411 0.423815 1.183103,
        -0.933105 0.429202 1.188876,
        -0.937657 0.438307 1.198634,
        -0.939392 0.441776 1.204961,
        -0.948450 0.408384 1.179909,
        -0.926668 0.395172 1.169250,
        -0.921887 0.399747 1.169791,
        -0.915606 0.394204 1.169051,
        -0.919463 0.401917 1.170463,
        -0.924942 0.412875 1.176788,
        -0.962601 0.419762 1.194109,
        -0.944331 0.412835 1.179503,
        -0.924295 0.397493 1.169386,
        -0.649103 0.384110 1.169051,
        -0.641390 0.387967 1.170463,
        -0.630432 0.393446 1.176788,
        -0.605000 0.406161 1.198634,
        -0.614105 0.401609 1.188876,
        -0.619492 0.398916 1.183103,
        -0.591928 0.412698 1.229437,
        -0.593588 0.411867 1.223820,
        -0.596392 0.410465 1.214333,
        -0.601531 0.407896 1.204961,
        -0.630609 0.451380 1.229437,
        -0.631440 0.449719 1.223820,
        -0.632842 0.446915 1.214333,
        -0.635411 0.441776 1.204961,
        -0.637146 0.438307 1.198634,
        -0.641698 0.429202 1.188876,
        -0.644392 0.423815 1.183103,
        -0.649862 0.412875 1.176788,
        -0.655341 0.401917 1.170463,
        -0.659197 0.394204 1.169051,
        -0.650508 0.397493 1.169386,
        -0.652916 0.399747 1.169791,
        -0.639600 0.420644 1.181119,
        -0.630200 0.435317 1.195836,
        -0.624163 0.444648 1.211716,
        -0.593528 0.422499 1.227883,
        -0.620808 0.449779 1.227883,
        -0.611645 0.445761 1.226908,
        -0.615972 0.440456 1.210083,
        -0.598659 0.419144 1.211716,
        -0.603719 0.439588 1.226576,
        -0.608733 0.434574 1.209529,
        -0.617461 0.425846 1.193525,
        -0.597546 0.431662 1.226908,
        -0.602851 0.427335 1.210083,
        -0.612202 0.419762 1.194109,
        -0.626353 0.408384 1.179909,
        -0.607990 0.413107 1.195836,
        -0.622663 0.403707 1.181119,
        -0.634923 0.416954 1.179909,
        -0.648135 0.395172 1.169250,
        -0.643560 0.390391 1.169791,
        -0.623545 0.431105 1.194109,
        -0.630472 0.412835 1.179503,
        -0.645814 0.392799 1.169386,
        1.759843 1.338583 -0.330709,
        1.641732 1.338583 -0.330709,
        1.759843 1.338583 0.850394,
        1.749972 1.338583 0.938000,
        1.720854 1.338583 1.021214,
        1.673950 1.338583 1.095862,
        1.453748 1.338583 1.234224,
        1.536962 1.338583 1.205106,
        1.611610 1.338583 1.158202,
        1.759843 0.885827 0.525591,
        1.759843 0.885827 0.000000,
        1.759843 0.944882 0.000000,
        1.759843 0.944882 -0.330709,
        1.759843 1.023622 -0.409449,
        1.759843 0.801816 0.560389,
        1.759843 0.812008 0.568210,
        1.759843 -0.038676 0.784719,
        1.759843 0.884150 0.538328,
        1.759843 1.259843 -0.409449,
        1.759843 0.793995 0.550197,
        1.759843 -0.019685 0.776852,
        1.759843 0.789078 0.538328,
        1.759843 -0.003378 0.764339,
        1.759843 0.009136 0.748031,
        1.759843 0.019685 0.708661,
        1.759843 0.019685 0.393701,
        1.759843 -1.318898 0.393701,
        1.759843 -0.807087 0.393701,
        1.759843 -1.318898 0.850394,
        1.759843 -0.807087 0.708661,
        1.759843 -0.804404 0.729041,
        1.759843 -0.796537 0.748031,
        1.759843 -0.784024 0.764339,
        1.759843 -0.767717 0.776852,
        1.759843 -0.688976 0.776852,
        1.759843 -0.672669 0.764339,
        1.759843 0.017002 0.729041,
        1.759843 -0.134418 0.764339,
        1.759843 -0.118110 0.776852,
        1.759843 -0.748726 0.784719,
        1.759843 -0.728346 0.787402,
        1.759843 -0.707967 0.784719,
        1.759843 -0.660156 0.748031,
        1.759843 -0.652289 0.729041,
        1.759843 -0.154797 0.729041,
        1.759843 -0.649606 0.708661,
        1.759843 -0.157480 0.708661,
        1.759843 -0.146931 0.748031,
        1.759843 -0.393701 -0.409449,
        1.759843 -0.236220 -0.409449,
        1.759843 -0.472441 -0.330709,
        1.759843 -0.157480 -0.330709,
        1.759843 -0.472441 -0.039370,
        1.759843 -0.649606 -0.039370,
        1.759843 0.861220 0.568210,
        1.759843 0.871413 0.560389,
        1.759843 0.879233 0.550197,
        1.759843 0.823877 0.573126,
        1.759843 0.836614 0.574803,
        1.759843 0.849351 0.573126,
        1.759843 -0.099120 0.784719,
        1.759843 -0.078740 0.787402,
        1.759843 -0.059055 0.787402,
        1.641732 -0.157480 -0.330709,
        1.641732 -0.236220 -0.409449,
        1.641732 -0.393701 -0.409449,
        1.641732 -0.154797 0.729041,
        1.641732 -0.157480 0.708661,
        1.641732 -0.472441 -0.039370,
        1.641732 -0.472441 -0.330709,
        1.641732 1.259843 -0.409449,
        1.641732 0.944882 0.000000,
        1.641732 1.023622 -0.409449,
        1.641732 0.944882 -0.330709,
        1.641732 0.884150 0.538328,
        1.641732 0.879233 0.550197,
        1.641732 0.885827 0.525591,
        1.641732 0.871413 0.560389,
        1.641732 0.861220 0.568210,
        1.641732 0.849351 0.573126,
        1.641732 -0.019685 0.776852,
        1.641732 -0.038676 0.784719,
        1.641732 0.801816 0.560389,
        1.641732 -0.807087 0.393701,
        1.641732 -1.318898 0.393701,
        1.641732 -0.807087 0.708661,
        1.641732 -1.318898 0.850394,
        1.641732 0.885827 0.000000,
        1.641732 -0.118110 0.776852,
        1.641732 -0.134418 0.764339,
        1.641732 -0.660156 0.748031,
        1.641732 -0.146931 0.748031,
        1.641732 -0.767717 0.776852,
        1.641732 -0.784024 0.764339,
        1.641732 -0.796537 0.748031,
        1.641732 -0.804404 0.729041,
        1.641732 -0.688976 0.776852,
        1.641732 -0.707967 0.784719,
        1.641732 -0.728346 0.787402,
        1.641732 -0.748726 0.784719,
        1.641732 0.017002 0.729041,
        1.641732 0.009136 0.748031,
        1.641732 -0.003378 0.764339,
        1.641732 -0.649606 -0.039370,
        1.641732 -0.649606 0.708661,
        1.641732 -0.652289 0.729041,
        1.641732 -0.059055 0.787402,
        1.641732 -0.078740 0.787402,
        1.641732 0.019685 0.393701,
        1.641732 0.019685 0.708661,
        1.641732 0.789078 0.538328,
        1.641732 0.793995 0.550197,
        1.641732 0.836614 0.574803,
        1.641732 0.823877 0.573126,
        1.641732 0.812008 0.568210,
        1.641732 -0.672669 0.764339,
        1.641732 -0.099120 0.784719,
        1.749972 0.019685 0.306094,
        1.720854 0.019685 0.222880,
        1.673950 0.019685 0.148232,
        1.611610 0.019685 0.085893,
        1.536962 0.019685 0.038989,
        1.453748 0.019685 0.009871,
        1.749972 -1.318898 0.938000,
        1.720854 -1.318898 1.021214,
        1.673950 -1.318898 1.095862,
        1.611610 -1.318898 1.158202,
        1.536962 -1.318898 1.205106,
        1.453748 -1.318898 1.234224,
        1.749972 -1.318898 0.306094,
        1.749972 -0.807087 0.306094,
        1.720854 -1.318898 0.222880,
        1.720854 -0.807087 0.222880,
        1.673950 -1.318898 0.148232,
        1.673950 -0.807087 0.148232,
        1.611610 -1.318898 0.085893,
        1.611610 -0.807087 0.085893,
        1.536962 -1.318898 0.038989,
        1.536962 -0.807087 0.038989,
        1.453748 -1.318898 0.009871,
        1.453748 -0.807087 0.009871,
        1.437470 -0.807087 0.127501,
        1.437470 -1.318898 0.127501,
        1.503937 -0.807087 0.155032,
        1.503937 -1.318898 0.155032,
        1.561014 -0.807087 0.198829,
        1.561014 -1.318898 0.198829,
        1.604810 -0.807087 0.255906,
        1.604810 -1.318898 0.255906,
        1.632342 -0.807087 0.322373,
        1.632342 -1.318898 0.322373,
        1.437470 0.019685 0.127501,
        1.503937 0.019685 0.155032,
        1.561014 0.019685 0.198829,
        1.604810 0.019685 0.255906,
        1.632342 0.019685 0.322373,
        1.632342 -1.318898 0.921722,
        1.604810 -1.318898 0.988189,
        1.561014 -1.318898 1.045266,
        1.503937 -1.318898 1.089062,
        1.437470 -1.318898 1.116594,
        0.669291 0.334646 0.078740,
        0.669291 0.374016 0.078740,
        0.905512 0.334646 0.078740,
        0.905512 0.374016 0.078740,
        0.944194 0.257282 0.014658,
        0.630609 0.257282 0.014658,
        0.943363 0.258942 0.020275,
        0.631440 0.258942 0.020275,
        0.632842 0.261746 0.029761,
        0.941961 0.261746 0.029761,
        0.635411 0.266885 0.039133,
        0.939392 0.266885 0.039133,
        0.937657 0.270355 0.045461,
        0.637146 0.270355 0.045461,
        0.933105 0.279459 0.055219,
        0.641698 0.279459 0.055219,
        0.644392 0.284846 0.060992,
        0.930411 0.284846 0.060992,
        0.649862 0.295786 0.067306,
        0.924942 0.295786 0.067306,
        0.919463 0.306744 0.073631,
        0.655341 0.306744 0.073631,
        0.915606 0.314457 0.075043,
        0.659197 0.314457 0.075043,
        0.981215 0.296794 0.020275,
        0.982876 0.295964 0.014658,
        0.981275 0.286162 0.016212,
        0.960698 0.307052 0.055219,
        0.969803 0.302500 0.045461,
        0.966813 0.295554 0.048258,
        0.944371 0.315216 0.067306,
        0.955311 0.309746 0.060992,
        0.952140 0.304955 0.062976,
        0.924295 0.311168 0.074709,
        0.921887 0.308914 0.074303,
        0.928989 0.315863 0.074709,
        0.926668 0.313490 0.074844,
        0.933413 0.320695 0.073631,
        0.931243 0.318270 0.074303,
        0.925700 0.324552 0.075043,
        0.935203 0.288017 0.062976,
        0.948450 0.300278 0.064185,
        0.944331 0.295826 0.064591,
        0.939880 0.291707 0.064185,
        0.944603 0.273344 0.048258,
        0.962601 0.288899 0.049985,
        0.957343 0.282815 0.050569,
        0.951258 0.277556 0.049985,
        0.950641 0.264013 0.032379,
        0.976144 0.289517 0.032379,
        0.971952 0.281327 0.034011,
        0.966070 0.274087 0.034565,
        0.958831 0.268205 0.034011,
        0.973272 0.300766 0.039133,
        0.978411 0.298196 0.029761,
        0.953995 0.258882 0.016212,
        0.977257 0.277000 0.017187,
        0.971084 0.269074 0.017519,
        0.963157 0.262900 0.017187,
        0.620808 0.258882 0.016212,
        0.630200 0.273344 0.048258,
        0.639600 0.288017 0.062976,
        0.645814 0.315863 0.074709,
        0.643560 0.318270 0.074303,
        0.650508 0.311168 0.074709,
        0.648135 0.313490 0.074844,
        0.652916 0.308914 0.074303,
        0.641390 0.320695 0.073631,
        0.649103 0.324552 0.075043,
        0.622663 0.304955 0.062976,
        0.619492 0.309746 0.060992,
        0.630432 0.315216 0.067306,
        0.634923 0.291707 0.064185,
        0.630472 0.295826 0.064591,
        0.626353 0.300278 0.064185,
        0.607990 0.295554 0.048258,
        0.605000 0.302500 0.045461,
        0.614105 0.307052 0.055219,
        0.623545 0.277556 0.049985,
        0.617461 0.282815 0.050569,
        0.612202 0.288899 0.049985,
        0.598659 0.289517 0.032379,
        0.596392 0.298196 0.029761,
        0.601531 0.300766 0.039133,
        0.624163 0.264013 0.032379,
        0.615972 0.268205 0.034011,
        0.608733 0.274087 0.034565,
        0.602851 0.281327 0.034011,
        0.593528 0.286162 0.016212,
        0.591928 0.295964 0.014658,
        0.593588 0.296794 0.020275,
        0.611645 0.262900 0.017187,
        0.603719 0.269074 0.017519,
        0.597546 0.277000 0.017187,
        0.982876 0.412698 0.014658,
        0.981215 0.411867 0.020275,
        0.978411 0.410465 0.029761,
        0.973272 0.407896 0.039133,
        0.969803 0.406161 0.045461,
        0.960698 0.401609 0.055219,
        0.955311 0.398916 0.060992,
        0.944371 0.393446 0.067306,
        0.933413 0.387967 0.073631,
        0.925700 0.384110 0.075043,
        0.614105 0.401609 0.055219,
        0.619492 0.398916 0.060992,
        0.630432 0.393446 0.067306,
        0.641390 0.387967 0.073631,
        0.649103 0.384110 0.075043,
        0.605000 0.406161 0.045461,
        0.601531 0.407896 0.039133,
        0.596392 0.410465 0.029761,
        0.593588 0.411867 0.020275,
        0.591928 0.412698 0.014658,
        0.943363 0.449719 0.020275,
        0.944194 0.451380 0.014658,
        0.953995 0.449779 0.016212,
        0.933105 0.429202 0.055219,
        0.937657 0.438307 0.045461,
        0.944603 0.435317 0.048258,
        0.924942 0.412875 0.067306,
        0.930411 0.423815 0.060992,
        0.935203 0.420644 0.062976,
        0.928989 0.392799 0.074709,
        0.931243 0.390391 0.074303,
        0.924295 0.397493 0.074709,
        0.926668 0.395172 0.074844,
        0.919463 0.401917 0.073631,
        0.921887 0.399747 0.074303,
        0.915606 0.394204 0.075043,
        0.952140 0.403707 0.062976,
        0.939880 0.416954 0.064185,
        0.944331 0.412835 0.064591,
        0.948450 0.408384 0.064185,
        0.966813 0.413107 0.048258,
        0.951258 0.431105 0.049985,
        0.957343 0.425846 0.050569,
        0.962601 0.419762 0.049985,
        0.976144 0.419144 0.032379,
        0.950641 0.444648 0.032379,
        0.958831 0.440456 0.034011,
        0.966070 0.434574 0.034565,
        0.971952 0.427335 0.034011,
        0.939392 0.441776 0.039133,
        0.941961 0.446915 0.029761,
        0.981275 0.422499 0.016212,
        0.963157 0.445761 0.017187,
        0.971084 0.439588 0.017519,
        0.977257 0.431662 0.017187,
        0.593528 0.422499 0.016212,
        0.607990 0.413107 0.048258,
        0.622663 0.403707 0.062976,
        0.650508 0.397493 0.074709,
        0.652916 0.399747 0.074303,
        0.645814 0.392799 0.074709,
        0.648135 0.395172 0.074844,
        0.643560 0.390391 0.074303,
        0.655341 0.401917 0.073631,
        0.659197 0.394204 0.075043,
        0.639600 0.420644 0.062976,
        0.644392 0.423815 0.060992,
        0.649862 0.412875 0.067306,
        0.626353 0.408384 0.064185,
        0.630472 0.412835 0.064591,
        0.634923 0.416954 0.064185,
        0.630200 0.435317 0.048258,
        0.637146 0.438307 0.045461,
        0.641698 0.429202 0.055219,
        0.612202 0.419762 0.049985,
        0.617461 0.425846 0.050569,
        0.623545 0.431105 0.049985,
        0.624163 0.444648 0.032379,
        0.632842 0.446915 0.029761,
        0.635411 0.441776 0.039133,
        0.598659 0.419144 0.032379,
        0.602851 0.427335 0.034011,
        0.608733 0.434574 0.034565,
        0.615972 0.440456 0.034011,
        0.620808 0.449779 0.016212,
        0.630609 0.451380 0.014658,
        0.631440 0.449719 0.020275,
        0.597546 0.431662 0.017187,
        0.603719 0.439588 0.017519,
        0.611645 0.445761 0.017187,
        0.394037 1.068131 1.243900,
        0.677014 1.102362 1.080524,
        0.433071 1.102362 1.221364,
        0.422881 1.101021 1.227247,
        0.413386 1.097087 1.232730,
        0.395042 1.073182 1.243320,
        0.396698 1.078058 1.242364,
        0.398975 1.082677 1.241049,
        0.401837 1.086959 1.239397,
        0.405232 1.090831 1.237437,
        0.677014 1.337455 0.944142,
        0.677014 1.103490 0.944142,
        0.668913 1.102362 0.948819,
        0.677014 1.102362 0.962851,
        0.905512 0.374016 1.165354,
        0.669291 0.374016 1.165354,
        0.905512 0.334646 1.165354,
        0.669291 0.334646 1.165354,
        0.928989 0.315863 1.169386,
        0.931243 0.318270 1.169791,
        0.952140 0.304955 1.181119,
        0.973272 0.300766 1.204961,
        0.969803 0.302500 1.198634,
        0.966813 0.295554 1.195836,
        0.981215 0.296794 1.223820,
        0.978411 0.298196 1.214333,
        0.976144 0.289517 1.211716,
        0.953995 0.258882 1.227883,
        0.944194 0.257282 1.229437,
        0.982876 0.295964 1.229437,
        0.981275 0.286162 1.227883,
        0.977257 0.277000 1.226908,
        0.971952 0.281327 1.210083,
        0.943363 0.258942 1.223820,
        0.950641 0.264013 1.211716,
        0.941961 0.261746 1.214333,
        0.971084 0.269074 1.226576,
        0.966070 0.274087 1.209529,
        0.957343 0.282815 1.193525,
        0.963157 0.262900 1.226908,
        0.958831 0.268205 1.210083,
        0.951258 0.277556 1.194109,
        0.939880 0.291707 1.179909,
        0.944603 0.273344 1.195836,
        0.935203 0.288017 1.181119,
        0.930411 0.284846 1.183103,
        0.933105 0.279459 1.188876,
        0.937657 0.270355 1.198634,
        0.939392 0.266885 1.204961,
        0.933413 0.320695 1.170463,
        0.944371 0.315216 1.176788,
        0.955311 0.309746 1.183103,
        0.960698 0.307052 1.188876,
        0.948450 0.300278 1.179909,
        0.926668 0.313490 1.169250,
        0.921887 0.308914 1.169791,
        0.925700 0.324552 1.169051,
        0.915606 0.314457 1.169051,
        0.919463 0.306744 1.170463,
        0.924942 0.295786 1.176788,
        0.962601 0.288899 1.194109,
        0.944331 0.295826 1.179503,
        0.924295 0.311168 1.169386,
        0.630609 0.257282 1.229437,
        0.631440 0.258942 1.223820,
        0.632842 0.261746 1.214333,
        0.635411 0.266885 1.204961,
        0.637146 0.270355 1.198634,
        0.641698 0.279459 1.188876,
        0.644392 0.284846 1.183103,
        0.649862 0.295786 1.176788,
        0.655341 0.306744 1.170463,
        0.659197 0.314457 1.169051,
        0.955311 0.398916 1.183103,
        0.944371 0.393446 1.176788,
        0.933413 0.387967 1.170463,
        0.925700 0.384110 1.169051,
        0.982876 0.412698 1.229437,
        0.981215 0.411867 1.223820,
        0.978411 0.410465 1.214333,
        0.973272 0.407896 1.204961,
        0.969803 0.406161 1.198634,
        0.960698 0.401609 1.188876,
        0.650508 0.311168 1.169386,
        0.652916 0.308914 1.169791,
        0.639600 0.288017 1.181119,
        0.630200 0.273344 1.195836,
        0.624163 0.264013 1.211716,
        0.593528 0.286162 1.227883,
        0.591928 0.295964 1.229437,
        0.620808 0.258882 1.227883,
        0.611645 0.262900 1.226908,
        0.615972 0.268205 1.210083,
        0.593588 0.296794 1.223820,
        0.598659 0.289517 1.211716,
        0.596392 0.298196 1.214333,
        0.603719 0.269074 1.226576,
        0.608733 0.274087 1.209529,
        0.617461 0.282815 1.193525,
        0.597546 0.277000 1.226908,
        0.602851 0.281327 1.210083,
        0.612202 0.288899 1.194109,
        0.626353 0.300278 1.179909,
        0.607990 0.295554 1.195836,
        0.622663 0.304955 1.181119,
        0.619492 0.309746 1.183103,
        0.614105 0.307052 1.188876,
        0.605000 0.302500 1.198634,
        0.601531 0.300766 1.204961,
        0.634923 0.291707 1.179909,
        0.648135 0.313490 1.169250,
        0.643560 0.318270 1.169791,
        0.649103 0.324552 1.169051,
        0.641390 0.320695 1.170463,
        0.630432 0.315216 1.176788,
        0.623545 0.277556 1.194109,
        0.630472 0.295826 1.179503,
        0.645814 0.315863 1.169386,
        0.924295 0.397493 1.169386,
        0.921887 0.399747 1.169791,
        0.935203 0.420644 1.181119,
        0.939392 0.441776 1.204961,
        0.937657 0.438307 1.198634,
        0.944603 0.435317 1.195836,
        0.943363 0.449719 1.223820,
        0.941961 0.446915 1.214333,
        0.950641 0.444648 1.211716,
        0.981275 0.422499 1.227883,
        0.944194 0.451380 1.229437,
        0.953995 0.449779 1.227883,
        0.963157 0.445761 1.226908,
        0.958831 0.440456 1.210083,
        0.976144 0.419144 1.211716,
        0.971084 0.439588 1.226576,
        0.966070 0.434574 1.209529,
        0.957343 0.425846 1.193525,
        0.977257 0.431662 1.226908,
        0.971952 0.427335 1.210083,
        0.962601 0.419762 1.194109,
        0.948450 0.408384 1.179909,
        0.966813 0.413107 1.195836,
        0.952140 0.403707 1.181119,
        0.919463 0.401917 1.170463,
        0.924942 0.412875 1.176788,
        0.930411 0.423815 1.183103,
        0.933105 0.429202 1.188876,
        0.939880 0.416954 1.179909,
        0.926668 0.395172 1.169250,
        0.931243 0.390391 1.169791,
        0.915606 0.394204 1.169051,
        0.951258 0.431105 1.194109,
        0.944331 0.412835 1.179503,
        0.928989 0.392799 1.169386,
        0.591928 0.412698 1.229437,
        0.593588 0.411867 1.223820,
        0.596392 0.410465 1.214333,
        0.601531 0.407896 1.204961,
        0.605000 0.406161 1.198634,
        0.614105 0.401609 1.188876,
        0.619492 0.398916 1.183103,
        0.630432 0.393446 1.176788,
        0.641390 0.387967 1.170463,
        0.649103 0.384110 1.169051,
        0.659197 0.394204 1.169051,
        0.655341 0.401917 1.170463,
        0.649862 0.412875 1.176788,
        0.644392 0.423815 1.183103,
        0.641698 0.429202 1.188876,
        0.637146 0.438307 1.198634,
        0.635411 0.441776 1.204961,
        0.632842 0.446915 1.214333,
        0.630609 0.451380 1.229437,
        0.631440 0.449719 1.223820,
        0.645814 0.392799 1.169386,
        0.643560 0.390391 1.169791,
        0.622663 0.403707 1.181119,
        0.607990 0.413107 1.195836,
        0.598659 0.419144 1.211716,
        0.620808 0.449779 1.227883,
        0.593528 0.422499 1.227883,
        0.597546 0.431662 1.226908,
        0.602851 0.427335 1.210083,
        0.624163 0.444648 1.211716,
        0.603719 0.439588 1.226576,
        0.608733 0.434574 1.209529,
        0.617461 0.425846 1.193525,
        0.611645 0.445761 1.226908,
        0.615972 0.440456 1.210083,
        0.623545 0.431105 1.194109,
        0.634923 0.416954 1.179909,
        0.630200 0.435317 1.195836,
        0.639600 0.420644 1.181119,
        0.626353 0.408384 1.179909,
        0.648135 0.395172 1.169250,
        0.652916 0.399747 1.169791,
        0.612202 0.419762 1.194109,
        0.630472 0.412835 1.179503,
        0.650508 0.397493 1.169386,
      ]
    }
    coordIndex [
      14, 15, 16, -1,
      16, 15, 17, -1,
      18, 19, 20, -1,
      21, 22, 23, -1,
      24, 25, 26, -1,
      27, 28, 29, -1,
      30, 31, 32, -1,
      33, 34, 35, -1,
      36, 37, 38, -1,
      39, 40, 41, -1,
      42, 43, 44, -1,
      45, 46, 47, -1,
      48, 49, 50, -1,
      51, 52, 53, -1,
      54, 55, 56, -1,
      57, 58, 59, -1,
      60, 61, 62, -1,
      63, 64, 60, -1,
      60, 64, 65, -1,
      60, 65, 66, -1,
      62, 67, 60, -1,
      60, 67, 68, -1,
      60, 68, 63, -1,
      69, 70, 60, -1,
      60, 70, 71, -1,
      57, 59, 72, -1,
      73, 74, 71, -1,
      71, 74, 75, -1,
      71, 75, 60, -1,
      60, 75, 76, -1,
      60, 76, 61, -1,
      77, 78, 60, -1,
      60, 78, 79, -1,
      60, 79, 69, -1,
      80, 81, 82, -1,
      82, 81, 83, -1,
      82, 83, 71, -1,
      71, 83, 84, -1,
      71, 84, 73, -1,
      80, 72, 81, -1,
      81, 72, 59, -1,
      81, 59, 85, -1,
      86, 87, 59, -1,
      59, 87, 88, -1,
      59, 88, 89, -1,
      59, 90, 85, -1,
      85, 90, 91, -1,
      85, 91, 92, -1,
      92, 91, 93, -1,
      92, 93, 94, -1,
      89, 95, 59, -1,
      59, 95, 96, -1,
      59, 96, 90, -1,
      97, 98, 86, -1,
      86, 98, 99, -1,
      99, 100, 86, -1,
      86, 100, 101, -1,
      86, 101, 87, -1,
      102, 103, 104, -1,
      102, 104, 105, -1,
      103, 106, 104, -1,
      104, 106, 107, -1,
      104, 107, 97, -1,
      97, 107, 108, -1,
      97, 108, 98, -1,
      109, 110, 111, -1,
      110, 112, 111, -1,
      111, 112, 113, -1,
      111, 113, 104, -1,
      104, 113, 114, -1,
      104, 114, 105, -1,
      115, 116, 117, -1,
      117, 116, 118, -1,
      117, 118, 119, -1,
      119, 120, 117, -1,
      117, 120, 121, -1,
      117, 121, 111, -1,
      111, 121, 122, -1,
      111, 122, 109, -1,
      123, 124, 125, -1,
      126, 127, 128, -1,
      129, 130, 131, -1,
      126, 128, 132, -1,
      127, 133, 128, -1,
      128, 133, 134, -1,
      128, 134, 135, -1,
      123, 125, 131, -1,
      131, 125, 136, -1,
      131, 136, 129, -1,
      137, 138, 139, -1,
      139, 138, 140, -1,
      139, 140, 128, -1,
      128, 140, 141, -1,
      128, 141, 132, -1,
      128, 142, 143, -1,
      144, 145, 146, -1,
      146, 145, 147, -1,
      146, 147, 148, -1,
      148, 149, 146, -1,
      146, 149, 150, -1,
      146, 150, 151, -1,
      151, 150, 137, -1,
      151, 137, 152, -1,
      152, 137, 139, -1,
      130, 153, 131, -1,
      131, 153, 154, -1,
      131, 154, 146, -1,
      146, 154, 155, -1,
      146, 155, 144, -1,
      135, 156, 128, -1,
      128, 156, 157, -1,
      128, 157, 158, -1,
      158, 159, 128, -1,
      128, 159, 160, -1,
      128, 160, 142, -1,
      143, 161, 128, -1,
      128, 161, 162, -1,
      128, 162, 163, -1,
      163, 162, 164, -1,
      165, 166, 167, -1,
      164, 168, 163, -1,
      163, 168, 169, -1,
      163, 169, 170, -1,
      166, 171, 167, -1,
      167, 171, 170, -1,
      167, 170, 172, -1,
      172, 170, 169, -1,
      173, 174, 175, -1,
      175, 174, 165, -1,
      175, 165, 176, -1,
      176, 165, 167, -1,
      171, 177, 170, -1,
      170, 177, 178, -1,
      170, 178, 56, -1,
      56, 178, 179, -1,
      56, 179, 54, -1,
      180, 181, 173, -1,
      173, 181, 182, -1,
      173, 182, 174, -1,
      180, 183, 181, -1,
      181, 183, 184, -1,
      181, 184, 185, -1,
      186, 187, 188, -1,
      187, 189, 188, -1,
      188, 189, 190, -1,
      188, 190, 191, -1,
      172, 188, 167, -1,
      167, 188, 192, -1,
      167, 192, 193, -1,
      194, 195, 196, -1,
      196, 195, 197, -1,
      196, 197, 198, -1,
      194, 196, 172, -1,
      172, 196, 199, -1,
      172, 199, 188, -1,
      188, 199, 200, -1,
      188, 200, 186, -1,
      201, 202, 203, -1,
      203, 202, 204, -1,
      203, 204, 205, -1,
      191, 190, 206, -1,
      206, 190, 207, -1,
      206, 207, 208, -1,
      208, 207, 209, -1,
      208, 209, 210, -1,
      193, 211, 167, -1,
      167, 211, 203, -1,
      167, 203, 212, -1,
      212, 203, 205, -1,
      65, 213, 66, -1,
      66, 213, 214, -1,
      66, 214, 123, -1,
      123, 214, 215, -1,
      123, 215, 124, -1,
      216, 217, 218, -1,
      218, 219, 216, -1,
      216, 219, 220, -1,
      216, 220, 221, -1,
      222, 223, 216, -1,
      224, 225, 226, -1,
      227, 228, 229, -1,
      223, 230, 216, -1,
      216, 230, 231, -1,
      216, 231, 217, -1,
      226, 222, 224, -1,
      224, 222, 216, -1,
      224, 216, 232, -1,
      232, 216, 233, -1,
      232, 233, 234, -1,
      234, 233, 235, -1,
      234, 235, 236, -1,
      228, 237, 229, -1,
      229, 237, 238, -1,
      229, 238, 223, -1,
      223, 238, 239, -1,
      223, 239, 230, -1,
      240, 241, 242, -1,
      53, 52, 243, -1,
      243, 52, 244, -1,
      243, 244, 242, -1,
      242, 244, 245, -1,
      242, 245, 240, -1,
      246, 247, 248, -1,
      248, 247, 249, -1,
      248, 249, 250, -1,
      251, 246, 252, -1,
      252, 246, 248, -1,
      252, 248, 253, -1,
      253, 248, 254, -1,
      253, 254, 255, -1,
      255, 254, 66, -1,
      255, 66, 256, -1,
      256, 66, 123, -1,
      256, 123, 257, -1,
      257, 123, 131, -1,
      257, 131, 258, -1,
      259, 260, 258, -1,
      258, 260, 261, -1,
      258, 261, 257, -1,
      262, 263, 264, -1,
      265, 266, 267, -1,
      267, 266, 268, -1,
      267, 268, 269, -1,
      269, 268, 270, -1,
      271, 272, 273, -1,
      273, 272, 243, -1,
      273, 243, 274, -1,
      274, 243, 275, -1,
      276, 277, 278, -1,
      278, 277, 279, -1,
      280, 281, 282, -1,
      283, 284, 285, -1,
      285, 284, 286, -1,
      285, 286, 287, -1,
      279, 277, 281, -1,
      281, 277, 288, -1,
      281, 288, 282, -1,
      283, 289, 290, -1,
      290, 289, 291, -1,
      290, 291, 292, -1,
      287, 286, 293, -1,
      293, 286, 294, -1,
      293, 294, 295, -1,
      296, 295, 297, -1,
      50, 49, 294, -1,
      294, 49, 298, -1,
      294, 298, 299, -1,
      300, 301, 297, -1,
      302, 303, 304, -1,
      295, 294, 297, -1,
      297, 294, 299, -1,
      297, 299, 300, -1,
      300, 299, 305, -1,
      300, 305, 304, -1,
      304, 305, 306, -1,
      304, 306, 302, -1,
      303, 307, 304, -1,
      304, 307, 308, -1,
      304, 308, 309, -1,
      310, 311, 312, -1,
      309, 313, 304, -1,
      304, 313, 314, -1,
      304, 314, 315, -1,
      315, 314, 316, -1,
      316, 314, 312, -1,
      312, 314, 317, -1,
      312, 317, 310, -1,
      311, 318, 312, -1,
      312, 318, 319, -1,
      312, 319, 320, -1,
      320, 321, 312, -1,
      312, 321, 322, -1,
      312, 322, 323, -1,
      323, 322, 324, -1,
      325, 326, 327, -1,
      326, 325, 46, -1,
      46, 325, 328, -1,
      46, 328, 47, -1,
      329, 330, 331, -1,
      331, 330, 332, -1,
      333, 334, 335, -1,
      335, 334, 336, -1,
      335, 336, 337, -1,
      337, 338, 335, -1,
      335, 338, 339, -1,
      335, 339, 340, -1,
      341, 342, 47, -1,
      47, 342, 343, -1,
      340, 344, 335, -1,
      335, 344, 345, -1,
      335, 345, 47, -1,
      47, 345, 346, -1,
      47, 346, 341, -1,
      343, 347, 47, -1,
      47, 347, 348, -1,
      47, 348, 45, -1,
      349, 350, 44, -1,
      350, 351, 44, -1,
      44, 351, 352, -1,
      44, 352, 353, -1,
      354, 355, 356, -1,
      356, 357, 354, -1,
      354, 357, 358, -1,
      354, 358, 359, -1,
      353, 360, 44, -1,
      44, 360, 361, -1,
      44, 361, 42, -1,
      42, 361, 354, -1,
      42, 354, 362, -1,
      362, 354, 359, -1,
      363, 364, 269, -1,
      269, 364, 365, -1,
      366, 367, 368, -1,
      368, 367, 369, -1,
      368, 369, 269, -1,
      269, 369, 370, -1,
      269, 370, 363, -1,
      365, 371, 269, -1,
      269, 371, 372, -1,
      269, 372, 39, -1,
      373, 374, 375, -1,
      374, 376, 375, -1,
      375, 376, 377, -1,
      375, 377, 378, -1,
      379, 380, 381, -1,
      373, 375, 380, -1,
      380, 375, 382, -1,
      380, 382, 381, -1,
      381, 383, 379, -1,
      379, 383, 384, -1,
      379, 384, 385, -1,
      385, 384, 386, -1,
      385, 386, 387, -1,
      387, 386, 388, -1,
      389, 390, 391, -1,
      391, 390, 392, -1,
      259, 393, 394, -1,
      394, 395, 259, -1,
      259, 395, 396, -1,
      259, 396, 397, -1,
      398, 264, 259, -1,
      259, 264, 263, -1,
      259, 263, 260, -1,
      399, 400, 391, -1,
      391, 400, 401, -1,
      398, 402, 264, -1,
      264, 402, 403, -1,
      264, 403, 404, -1,
      401, 405, 391, -1,
      391, 405, 406, -1,
      391, 406, 389, -1,
      397, 407, 259, -1,
      259, 407, 408, -1,
      259, 408, 409, -1,
      409, 410, 259, -1,
      259, 410, 411, -1,
      259, 411, 398, -1,
      398, 411, 412, -1,
      398, 412, 413, -1,
      413, 414, 398, -1,
      398, 414, 415, -1,
      398, 415, 416, -1,
      416, 415, 417, -1,
      418, 419, 417, -1,
      417, 419, 420, -1,
      417, 420, 416, -1,
      421, 422, 423, -1,
      423, 422, 424, -1,
      425, 426, 423, -1,
      423, 426, 427, -1,
      423, 427, 421, -1,
      428, 429, 417, -1,
      417, 429, 430, -1,
      417, 430, 431, -1,
      424, 432, 423, -1,
      423, 432, 433, -1,
      423, 433, 392, -1,
      392, 433, 434, -1,
      392, 434, 391, -1,
      431, 435, 417, -1,
      417, 435, 436, -1,
      417, 436, 418, -1,
      437, 438, 393, -1,
      438, 437, 390, -1,
      390, 437, 439, -1,
      390, 439, 392, -1,
      440, 441, 442, -1,
      442, 441, 443, -1,
      442, 443, 444, -1,
      38, 445, 446, -1,
      446, 445, 447, -1,
      448, 449, 38, -1,
      38, 449, 450, -1,
      451, 452, 446, -1,
      446, 452, 453, -1,
      446, 453, 38, -1,
      38, 453, 454, -1,
      38, 454, 448, -1,
      455, 456, 443, -1,
      456, 457, 443, -1,
      443, 457, 458, -1,
      443, 458, 444, -1,
      444, 458, 459, -1,
      444, 459, 460, -1,
      460, 461, 444, -1,
      444, 461, 462, -1,
      444, 462, 463, -1,
      450, 464, 38, -1,
      38, 464, 465, -1,
      38, 465, 36, -1,
      466, 467, 445, -1,
      445, 467, 468, -1,
      445, 468, 447, -1,
      469, 470, 471, -1,
      471, 470, 472, -1,
      471, 472, 443, -1,
      443, 472, 473, -1,
      443, 473, 455, -1,
      474, 475, 476, -1,
      476, 475, 477, -1,
      476, 477, 478, -1,
      476, 479, 474, -1,
      474, 479, 480, -1,
      474, 480, 481, -1,
      469, 482, 470, -1,
      470, 482, 483, -1,
      470, 483, 484, -1,
      484, 483, 485, -1,
      484, 486, 487, -1,
      481, 488, 474, -1,
      474, 488, 489, -1,
      474, 489, 490, -1,
      490, 489, 491, -1,
      490, 491, 492, -1,
      492, 491, 493, -1,
      492, 493, 446, -1,
      446, 493, 494, -1,
      446, 494, 451, -1,
      485, 495, 484, -1,
      484, 495, 496, -1,
      484, 496, 497, -1,
      498, 499, 478, -1,
      478, 499, 500, -1,
      478, 500, 476, -1,
      497, 501, 484, -1,
      484, 501, 502, -1,
      484, 502, 486, -1,
      487, 503, 484, -1,
      484, 503, 504, -1,
      484, 504, 505, -1,
      440, 442, 506, -1,
      506, 442, 24, -1,
      506, 24, 507, -1,
      507, 24, 37, -1,
      37, 24, 508, -1,
      37, 508, 38, -1,
      509, 510, 511, -1,
      512, 513, 514, -1,
      33, 35, 515, -1,
      516, 517, 518, -1,
      519, 520, 521, -1,
      522, 523, 524, -1,
      524, 523, 525, -1,
      524, 525, 526, -1,
      519, 521, 508, -1,
      521, 527, 508, -1,
      508, 527, 528, -1,
      508, 528, 38, -1,
      38, 528, 529, -1,
      38, 529, 524, -1,
      524, 529, 530, -1,
      524, 530, 531, -1,
      531, 532, 524, -1,
      524, 532, 533, -1,
      524, 533, 522, -1,
      534, 509, 535, -1,
      535, 509, 511, -1,
      535, 511, 536, -1,
      536, 511, 537, -1,
      536, 537, 538, -1,
      534, 539, 540, -1,
      540, 539, 541, -1,
      541, 542, 540, -1,
      540, 542, 543, -1,
      540, 543, 519, -1,
      519, 543, 544, -1,
      519, 544, 520, -1,
      220, 51, 221, -1,
      221, 51, 53, -1,
      221, 53, 545, -1,
      510, 509, 546, -1,
      546, 509, 221, -1,
      546, 221, 547, -1,
      547, 221, 545, -1,
      547, 545, 32, -1,
      32, 545, 548, -1,
      32, 548, 30, -1,
      549, 27, 550, -1,
      550, 27, 29, -1,
      550, 29, 53, -1,
      53, 29, 551, -1,
      53, 551, 545, -1,
      514, 552, 512, -1,
      512, 552, 553, -1,
      512, 553, 34, -1,
      34, 553, 538, -1,
      34, 538, 35, -1,
      35, 538, 537, -1,
      35, 537, 282, -1,
      282, 537, 554, -1,
      282, 554, 272, -1,
      272, 554, 555, -1,
      272, 555, 243, -1,
      243, 555, 556, -1,
      243, 556, 53, -1,
      53, 556, 557, -1,
      53, 557, 550, -1,
      550, 557, 558, -1,
      550, 558, 549, -1,
      241, 559, 242, -1,
      242, 559, 560, -1,
      242, 560, 229, -1,
      229, 560, 561, -1,
      229, 561, 227, -1,
      229, 562, 242, -1,
      242, 562, 236, -1,
      242, 236, 563, -1,
      563, 236, 235, -1,
      564, 565, 566, -1,
      566, 565, 567, -1,
      566, 567, 568, -1,
      569, 570, 111, -1,
      111, 570, 571, -1,
      111, 571, 572, -1,
      572, 573, 574, -1,
      574, 573, 575, -1,
      574, 575, 576, -1,
      577, 578, 568, -1,
      568, 578, 579, -1,
      568, 579, 580, -1,
      581, 582, 111, -1,
      111, 582, 583, -1,
      111, 583, 569, -1,
      567, 584, 568, -1,
      568, 584, 585, -1,
      568, 585, 586, -1,
      587, 588, 111, -1,
      111, 588, 589, -1,
      111, 589, 581, -1,
      576, 590, 574, -1,
      574, 590, 591, -1,
      574, 591, 566, -1,
      566, 591, 592, -1,
      566, 592, 564, -1,
      586, 593, 568, -1,
      568, 593, 594, -1,
      568, 594, 577, -1,
      572, 574, 111, -1,
      111, 574, 595, -1,
      111, 595, 117, -1,
      117, 595, 596, -1,
      117, 596, 597, -1,
      597, 596, 598, -1,
      597, 598, 437, -1,
      437, 598, 599, -1,
      437, 599, 439, -1,
      24, 26, 508, -1,
      508, 26, 600, -1,
      508, 600, 519, -1,
      519, 600, 601, -1,
      519, 601, 540, -1,
      540, 601, 602, -1,
      540, 602, 603, -1,
      603, 602, 604, -1,
      603, 604, 605, -1,
      605, 604, 606, -1,
      605, 606, 607, -1,
      608, 609, 610, -1,
      611, 612, 613, -1,
      612, 614, 613, -1,
      613, 614, 615, -1,
      613, 615, 616, -1,
      616, 617, 613, -1,
      613, 617, 618, -1,
      613, 618, 610, -1,
      610, 618, 619, -1,
      610, 619, 608, -1,
      620, 606, 621, -1,
      621, 606, 622, -1,
      623, 624, 607, -1,
      607, 624, 625, -1,
      620, 626, 606, -1,
      606, 626, 627, -1,
      606, 627, 607, -1,
      607, 627, 628, -1,
      607, 628, 623, -1,
      625, 629, 607, -1,
      607, 629, 630, -1,
      607, 630, 631, -1,
      632, 633, 613, -1,
      613, 633, 634, -1,
      613, 634, 611, -1,
      609, 635, 610, -1,
      610, 635, 636, -1,
      610, 636, 606, -1,
      606, 636, 637, -1,
      606, 637, 622, -1,
      393, 259, 437, -1,
      437, 259, 258, -1,
      437, 258, 597, -1,
      597, 258, 131, -1,
      597, 131, 117, -1,
      117, 131, 146, -1,
      117, 146, 115, -1,
      534, 540, 509, -1,
      509, 540, 603, -1,
      509, 603, 221, -1,
      221, 603, 605, -1,
      221, 605, 216, -1,
      216, 605, 607, -1,
      216, 607, 233, -1,
      404, 425, 264, -1,
      264, 425, 423, -1,
      264, 423, 335, -1,
      335, 423, 331, -1,
      335, 331, 333, -1,
      333, 331, 332, -1,
      599, 25, 439, -1,
      439, 25, 24, -1,
      439, 24, 392, -1,
      392, 24, 442, -1,
      392, 442, 423, -1,
      423, 442, 444, -1,
      423, 444, 331, -1,
      331, 444, 297, -1,
      331, 297, 329, -1,
      329, 297, 301, -1,
      463, 466, 444, -1,
      444, 466, 445, -1,
      444, 445, 297, -1,
      297, 445, 638, -1,
      297, 638, 296, -1,
      296, 638, 639, -1,
      526, 516, 524, -1,
      524, 516, 518, -1,
      524, 518, 38, -1,
      38, 518, 515, -1,
      38, 515, 445, -1,
      445, 515, 35, -1,
      445, 35, 638, -1,
      638, 35, 282, -1,
      638, 282, 639, -1,
      639, 282, 288, -1,
      580, 587, 568, -1,
      568, 587, 111, -1,
      568, 111, 640, -1,
      640, 111, 104, -1,
      640, 104, 641, -1,
      641, 104, 97, -1,
      641, 97, 642, -1,
      642, 97, 86, -1,
      642, 86, 44, -1,
      44, 86, 59, -1,
      44, 59, 349, -1,
      349, 59, 58, -1,
      643, 21, 644, -1,
      644, 21, 23, -1,
      644, 23, 254, -1,
      254, 23, 645, -1,
      254, 645, 66, -1,
      66, 645, 646, -1,
      66, 646, 60, -1,
      290, 280, 283, -1,
      283, 280, 282, -1,
      283, 282, 284, -1,
      284, 282, 647, -1,
      18, 20, 648, -1,
      649, 650, 272, -1,
      272, 650, 651, -1,
      272, 651, 652, -1,
      265, 267, 271, -1,
      271, 267, 20, -1,
      271, 20, 272, -1,
      272, 20, 19, -1,
      272, 19, 649, -1,
      652, 653, 272, -1,
      272, 653, 654, -1,
      272, 654, 282, -1,
      282, 654, 655, -1,
      282, 655, 647, -1,
      647, 656, 284, -1,
      284, 656, 657, -1,
      284, 657, 20, -1,
      20, 657, 658, -1,
      20, 658, 659, -1,
      659, 660, 20, -1,
      20, 660, 661, -1,
      20, 661, 648, -1,
      662, 275, 663, -1,
      663, 275, 243, -1,
      663, 243, 270, -1,
      270, 243, 242, -1,
      270, 242, 269, -1,
      269, 242, 563, -1,
      269, 563, 368, -1,
      631, 632, 607, -1,
      607, 632, 613, -1,
      607, 613, 233, -1,
      233, 613, 664, -1,
      233, 664, 235, -1,
      235, 664, 665, -1,
      235, 665, 563, -1,
      563, 665, 666, -1,
      563, 666, 368, -1,
      368, 666, 375, -1,
      368, 375, 366, -1,
      366, 375, 378, -1,
      646, 643, 60, -1,
      60, 643, 644, -1,
      60, 644, 77, -1,
      77, 644, 667, -1,
      668, 669, 250, -1,
      250, 669, 262, -1,
      250, 262, 248, -1,
      248, 262, 264, -1,
      248, 264, 254, -1,
      254, 264, 335, -1,
      254, 335, 644, -1,
      644, 335, 47, -1,
      644, 47, 667, -1,
      667, 47, 328, -1,
      39, 41, 269, -1,
      269, 41, 670, -1,
      269, 670, 267, -1,
      267, 670, 671, -1,
      267, 671, 20, -1,
      20, 671, 672, -1,
      20, 672, 284, -1,
      284, 672, 673, -1,
      284, 673, 286, -1,
      286, 673, 674, -1,
      286, 674, 294, -1,
      294, 674, 325, -1,
      294, 325, 50, -1,
      50, 325, 327, -1,
      50, 327, 48, -1,
      610, 675, 613, -1,
      613, 675, 676, -1,
      613, 676, 664, -1,
      664, 676, 677, -1,
      664, 677, 665, -1,
      665, 677, 678, -1,
      665, 678, 666, -1,
      666, 678, 679, -1,
      666, 679, 375, -1,
      375, 679, 680, -1,
      375, 680, 382, -1,
      382, 680, 681, -1,
      682, 683, 684, -1,
      684, 683, 685, -1,
      686, 687, 1, -1,
      1, 687, 688, -1,
      689, 690, 691, -1,
      686, 691, 692, -1,
      685, 693, 694, -1,
      692, 695, 686, -1,
      686, 695, 696, -1,
      686, 696, 697, -1,
      697, 698, 686, -1,
      686, 698, 699, -1,
      686, 699, 687, -1,
      688, 700, 1, -1,
      1, 700, 701, -1,
      1, 701, 702, -1,
      702, 701, 703, -1,
      704, 705, 691, -1,
      691, 705, 706, -1,
      691, 706, 707, -1,
      691, 708, 685, -1,
      685, 708, 709, -1,
      694, 710, 685, -1,
      685, 710, 711, -1,
      685, 711, 712, -1,
      690, 713, 691, -1,
      691, 713, 714, -1,
      691, 714, 692, -1,
      715, 716, 717, -1,
      717, 716, 718, -1,
      717, 718, 7, -1,
      7, 718, 719, -1,
      7, 719, 691, -1,
      691, 719, 720, -1,
      691, 720, 704, -1,
      707, 721, 691, -1,
      691, 721, 722, -1,
      691, 722, 708, -1,
      709, 723, 685, -1,
      685, 723, 724, -1,
      685, 724, 725, -1,
      726, 727, 684, -1,
      684, 727, 728, -1,
      684, 728, 729, -1,
      730, 701, 731, -1,
      731, 701, 732, -1,
      730, 733, 701, -1,
      701, 733, 734, -1,
      701, 734, 703, -1,
      715, 735, 716, -1,
      716, 735, 736, -1,
      716, 736, 737, -1,
      737, 736, 738, -1,
      737, 738, 739, -1,
      725, 740, 685, -1,
      685, 740, 741, -1,
      685, 741, 684, -1,
      684, 741, 742, -1,
      684, 742, 726, -1,
      712, 743, 685, -1,
      685, 743, 744, -1,
      685, 744, 691, -1,
      691, 744, 745, -1,
      691, 745, 689, -1,
      740, 725, 79, -1,
      79, 725, 69, -1,
      746, 747, 14, -1,
      14, 747, 748, -1,
      14, 748, 15, -1,
      749, 750, 751, -1,
      752, 753, 754, -1,
      749, 751, 755, -1,
      756, 757, 751, -1,
      758, 759, 760, -1,
      760, 759, 752, -1,
      760, 752, 761, -1,
      761, 752, 754, -1,
      750, 762, 751, -1,
      751, 762, 763, -1,
      751, 763, 764, -1,
      746, 14, 751, -1,
      751, 14, 765, -1,
      751, 765, 755, -1,
      766, 767, 768, -1,
      757, 769, 751, -1,
      751, 769, 770, -1,
      751, 770, 771, -1,
      767, 766, 772, -1,
      773, 774, 775, -1,
      775, 774, 776, -1,
      777, 778, 751, -1,
      751, 778, 779, -1,
      751, 779, 766, -1,
      766, 779, 780, -1,
      766, 780, 772, -1,
      781, 782, 783, -1,
      783, 782, 766, -1,
      783, 766, 784, -1,
      784, 766, 768, -1,
      764, 785, 751, -1,
      751, 785, 786, -1,
      751, 786, 756, -1,
      756, 786, 787, -1,
      756, 787, 788, -1,
      788, 789, 756, -1,
      756, 789, 790, -1,
      756, 790, 791, -1,
      792, 793, 794, -1,
      794, 793, 791, -1,
      794, 791, 795, -1,
      795, 791, 790, -1,
      760, 796, 758, -1,
      758, 796, 797, -1,
      758, 797, 798, -1,
      798, 797, 799, -1,
      798, 799, 800, -1,
      800, 799, 774, -1,
      800, 774, 801, -1,
      801, 774, 773, -1,
      771, 802, 751, -1,
      751, 802, 775, -1,
      751, 775, 777, -1,
      777, 775, 776, -1,
      803, 804, 16, -1,
      16, 17, 805, -1,
      8, 806, 807, -1,
      808, 809, 810, -1,
      810, 809, 811, -1,
      810, 811, 812, -1,
      813, 814, 8, -1,
      807, 815, 8, -1,
      8, 815, 816, -1,
      8, 816, 817, -1,
      818, 819, 820, -1,
      820, 819, 821, -1,
      822, 823, 819, -1,
      819, 823, 824, -1,
      819, 824, 821, -1,
      825, 826, 827, -1,
      827, 826, 828, -1,
      827, 828, 829, -1,
      829, 828, 818, -1,
      829, 818, 830, -1,
      830, 818, 820, -1,
      819, 831, 810, -1,
      810, 831, 832, -1,
      810, 832, 833, -1,
      814, 834, 8, -1,
      8, 834, 835, -1,
      8, 835, 836, -1,
      817, 803, 8, -1,
      8, 803, 16, -1,
      8, 16, 837, -1,
      837, 16, 805, -1,
      837, 805, 838, -1,
      812, 839, 810, -1,
      810, 839, 840, -1,
      810, 840, 841, -1,
      841, 842, 810, -1,
      810, 842, 843, -1,
      810, 843, 819, -1,
      819, 843, 844, -1,
      819, 844, 822, -1,
      833, 845, 810, -1,
      810, 845, 846, -1,
      810, 846, 8, -1,
      8, 846, 847, -1,
      8, 847, 813, -1,
      836, 848, 849, -1,
      850, 851, 852, -1,
      849, 853, 836, -1,
      836, 853, 854, -1,
      836, 854, 8, -1,
      8, 854, 855, -1,
      8, 855, 806, -1,
      852, 856, 850, -1,
      850, 856, 857, -1,
      850, 857, 836, -1,
      836, 857, 858, -1,
      836, 858, 848, -1,
      859, 860, 861, -1,
      859, 861, 862, -1,
      862, 861, 863, -1,
      862, 863, 864, -1,
      864, 863, 865, -1,
      864, 865, 866, -1,
      866, 865, 867, -1,
      866, 867, 868, -1,
      868, 867, 869, -1,
      868, 869, 870, -1,
      870, 869, 871, -1,
      870, 871, 872, -1,
      872, 871, 793, -1,
      872, 793, 792, -1,
      9, 873, 10, -1,
      10, 873, 874, -1,
      10, 874, 11, -1,
      11, 874, 875, -1,
      11, 875, 12, -1,
      12, 875, 876, -1,
      12, 876, 7, -1,
      7, 876, 43, -1,
      7, 43, 717, -1,
      717, 43, 42, -1,
      837, 746, 8, -1,
      8, 746, 751, -1,
      8, 751, 13, -1,
      13, 751, 877, -1,
      13, 877, 9, -1,
      9, 877, 878, -1,
      9, 878, 873, -1,
      640, 641, 876, -1,
      640, 876, 568, -1,
      879, 566, 568, -1,
      641, 642, 876, -1,
      876, 642, 44, -1,
      876, 44, 43, -1,
      568, 876, 879, -1,
      879, 876, 875, -1,
      879, 875, 880, -1,
      880, 875, 874, -1,
      880, 874, 881, -1,
      881, 874, 873, -1,
      881, 873, 882, -1,
      882, 873, 878, -1,
      882, 878, 883, -1,
      883, 878, 877, -1,
      883, 877, 884, -1,
      884, 877, 751, -1,
      884, 751, 766, -1,
      885, 886, 78, -1,
      887, 888, 683, -1,
      682, 889, 885, -1,
      887, 683, 890, -1,
      885, 78, 682, -1,
      682, 78, 77, -1,
      682, 77, 683, -1,
      683, 77, 667, -1,
      683, 667, 328, -1,
      328, 325, 683, -1,
      683, 325, 674, -1,
      683, 674, 673, -1,
      673, 672, 683, -1,
      683, 672, 671, -1,
      683, 671, 670, -1,
      670, 41, 683, -1,
      683, 41, 40, -1,
      683, 40, 890, -1,
      891, 892, 893, -1,
      891, 893, 894, -1,
      894, 893, 895, -1,
      894, 895, 896, -1,
      896, 895, 897, -1,
      896, 897, 898, -1,
      898, 897, 899, -1,
      898, 899, 900, -1,
      900, 899, 901, -1,
      900, 901, 902, -1,
      902, 901, 903, -1,
      902, 903, 904, -1,
      904, 903, 782, -1,
      904, 782, 781, -1,
      809, 808, 905, -1,
      905, 808, 906, -1,
      905, 906, 907, -1,
      907, 906, 908, -1,
      907, 908, 909, -1,
      909, 908, 910, -1,
      909, 910, 911, -1,
      911, 910, 912, -1,
      911, 912, 913, -1,
      913, 912, 914, -1,
      913, 914, 915, -1,
      915, 914, 916, -1,
      917, 918, 919, -1,
      919, 918, 920, -1,
      919, 920, 921, -1,
      921, 920, 922, -1,
      921, 922, 923, -1,
      923, 922, 924, -1,
      923, 924, 925, -1,
      925, 924, 926, -1,
      925, 926, 927, -1,
      927, 926, 928, -1,
      927, 928, 929, -1,
      929, 928, 930, -1,
      929, 930, 931, -1,
      932, 933, 934, -1,
      934, 933, 935, -1,
      934, 935, 936, -1,
      936, 935, 937, -1,
      936, 937, 938, -1,
      938, 937, 939, -1,
      938, 939, 940, -1,
      940, 939, 941, -1,
      940, 941, 942, -1,
      942, 941, 943, -1,
      942, 943, 944, -1,
      944, 943, 945, -1,
      944, 945, 946, -1,
      946, 945, 947, -1,
      946, 947, 948, -1,
      947, 949, 948, -1,
      948, 949, 950, -1,
      948, 950, 951, -1,
      951, 950, 952, -1,
      951, 952, 953, -1,
      953, 952, 954, -1,
      953, 954, 955, -1,
      955, 954, 956, -1,
      955, 956, 957, -1,
      957, 956, 958, -1,
      957, 958, 959, -1,
      959, 958, 960, -1,
      959, 960, 961, -1,
      961, 960, 962, -1,
      961, 962, 917, -1,
      917, 962, 963, -1,
      917, 963, 918, -1,
      930, 964, 931, -1,
      931, 964, 965, -1,
      931, 965, 966, -1,
      966, 965, 967, -1,
      966, 967, 968, -1,
      968, 967, 969, -1,
      968, 969, 970, -1,
      970, 969, 971, -1,
      970, 971, 972, -1,
      972, 971, 973, -1,
      972, 973, 974, -1,
      974, 973, 975, -1,
      974, 975, 932, -1,
      932, 975, 976, -1,
      932, 976, 933, -1,
      977, 892, 978, -1,
      978, 892, 891, -1,
      979, 980, 977, -1,
      981, 982, 983, -1,
      984, 985, 986, -1,
      986, 985, 987, -1,
      988, 989, 990, -1,
      991, 992, 859, -1,
      859, 992, 993, -1,
      859, 993, 994, -1,
      994, 995, 996, -1,
      997, 998, 859, -1,
      999, 1000, 978, -1,
      978, 1000, 1001, -1,
      1002, 1003, 860, -1,
      860, 1003, 1004, -1,
      860, 1004, 986, -1,
      986, 1004, 1005, -1,
      986, 1005, 984, -1,
      1006, 1007, 1008, -1,
      999, 978, 1009, -1,
      1009, 978, 986, -1,
      1009, 986, 983, -1,
      983, 986, 987, -1,
      983, 987, 981, -1,
      998, 1010, 859, -1,
      859, 1010, 1011, -1,
      859, 1011, 860, -1,
      860, 1011, 1012, -1,
      860, 1012, 1002, -1,
      989, 1013, 990, -1,
      990, 1013, 1014, -1,
      990, 1014, 1015, -1,
      982, 981, 994, -1,
      994, 981, 1016, -1,
      994, 1016, 1017, -1,
      977, 978, 979, -1,
      979, 978, 1001, -1,
      979, 1001, 1018, -1,
      1018, 1001, 1019, -1,
      1018, 1019, 1008, -1,
      1008, 1019, 1020, -1,
      1008, 1020, 1006, -1,
      1007, 1021, 1008, -1,
      1008, 1021, 1022, -1,
      1008, 1022, 1023, -1,
      1017, 1024, 994, -1,
      994, 1024, 1025, -1,
      994, 1025, 1026, -1,
      1027, 1028, 859, -1,
      859, 1028, 1029, -1,
      859, 1029, 997, -1,
      1015, 1030, 990, -1,
      990, 1030, 1031, -1,
      990, 1031, 859, -1,
      859, 1031, 1032, -1,
      859, 1032, 991, -1,
      1026, 1033, 994, -1,
      994, 1033, 1034, -1,
      994, 1034, 995, -1,
      1023, 1035, 1008, -1,
      1008, 1035, 1036, -1,
      1008, 1036, 990, -1,
      990, 1036, 1037, -1,
      990, 1037, 988, -1,
      996, 1038, 994, -1,
      994, 1038, 1039, -1,
      994, 1039, 859, -1,
      859, 1039, 1040, -1,
      859, 1040, 1027, -1,
      1041, 1042, 1043, -1,
      916, 1044, 1045, -1,
      1045, 1044, 1046, -1,
      1047, 1048, 1049, -1,
      915, 916, 1050, -1,
      1050, 916, 1045, -1,
      1050, 1045, 1049, -1,
      1049, 1045, 1041, -1,
      1049, 1041, 1047, -1,
      1047, 1041, 1043, -1,
      852, 851, 1051, -1,
      1051, 851, 1052, -1,
      1051, 1052, 1053, -1,
      1053, 1052, 1054, -1,
      1053, 1054, 1055, -1,
      1055, 1054, 1056, -1,
      1055, 1056, 1057, -1,
      1057, 1056, 1058, -1,
      1057, 1058, 1059, -1,
      1059, 1058, 1060, -1,
      1059, 1060, 1047, -1,
      1047, 1060, 1048, -1,
      7, 691, 12, -1,
      12, 691, 1061, -1,
      12, 1061, 11, -1,
      11, 1061, 1062, -1,
      11, 1062, 10, -1,
      10, 1062, 1063, -1,
      10, 1063, 9, -1,
      9, 1063, 1064, -1,
      9, 1064, 13, -1,
      13, 1064, 1065, -1,
      13, 1065, 8, -1,
      8, 1065, 810, -1,
      978, 1050, 986, -1,
      986, 1050, 1049, -1,
      1050, 978, 915, -1,
      915, 978, 891, -1,
      915, 891, 913, -1,
      913, 891, 894, -1,
      913, 894, 911, -1,
      911, 894, 896, -1,
      911, 896, 909, -1,
      896, 898, 909, -1,
      909, 898, 900, -1,
      909, 900, 907, -1,
      907, 900, 902, -1,
      907, 902, 905, -1,
      905, 902, 904, -1,
      905, 904, 809, -1,
      809, 904, 781, -1,
      809, 781, 811, -1,
      811, 781, 783, -1,
      986, 1049, 860, -1,
      860, 1049, 1048, -1,
      860, 1048, 861, -1,
      861, 1048, 1060, -1,
      861, 1060, 863, -1,
      863, 1060, 1058, -1,
      863, 1058, 865, -1,
      865, 1058, 1056, -1,
      865, 1056, 867, -1,
      867, 1056, 1054, -1,
      850, 791, 851, -1,
      851, 791, 793, -1,
      851, 793, 1052, -1,
      1052, 793, 871, -1,
      1052, 871, 1054, -1,
      1054, 871, 869, -1,
      1054, 869, 867, -1,
      847, 846, 802, -1,
      802, 846, 775, -1,
      754, 753, 825, -1,
      825, 753, 826, -1,
      827, 829, 761, -1,
      761, 829, 760, -1,
      752, 759, 828, -1,
      828, 759, 818, -1,
      1066, 1067, 1068, -1,
      1068, 1067, 1069, -1,
      829, 830, 760, -1,
      760, 830, 796, -1,
      797, 796, 820, -1,
      820, 796, 830, -1,
      1070, 1071, 1072, -1,
      1070, 1072, 1073, -1,
      1073, 1072, 1074, -1,
      1073, 1074, 1075, -1,
      1075, 1074, 1076, -1,
      1075, 1076, 1077, -1,
      1077, 1076, 1078, -1,
      1077, 1078, 1079, -1,
      1079, 1078, 1069, -1,
      1079, 1069, 1067, -1,
      1071, 1070, 1080, -1,
      1080, 1070, 1081, -1,
      1080, 1081, 1082, -1,
      1083, 1084, 1085, -1,
      1085, 1084, 1082, -1,
      1085, 1082, 1086, -1,
      1086, 1082, 1081, -1,
      987, 985, 1087, -1,
      1087, 985, 1088, -1,
      1087, 1088, 1083, -1,
      1083, 1088, 1089, -1,
      1083, 1089, 1084, -1,
      1089, 1088, 1090, -1,
      1071, 1080, 1091, -1,
      1074, 1072, 1092, -1,
      1093, 1094, 1069, -1,
      1095, 1096, 1069, -1,
      1076, 1097, 1078, -1,
      1078, 1097, 1069, -1,
      1095, 1069, 1097, -1,
      1098, 1099, 1094, -1,
      1094, 1099, 1069, -1,
      1096, 1093, 1069, -1,
      1074, 1092, 1076, -1,
      1100, 1101, 1102, -1,
      1076, 1092, 1097, -1,
      1097, 1092, 1103, -1,
      1097, 1103, 1095, -1,
      1095, 1103, 1104, -1,
      1095, 1104, 1096, -1,
      1096, 1104, 1105, -1,
      1096, 1105, 1093, -1,
      1093, 1105, 1100, -1,
      1093, 1100, 1094, -1,
      1094, 1100, 1102, -1,
      1094, 1102, 1098, -1,
      1071, 1091, 1072, -1,
      1106, 1107, 1108, -1,
      1072, 1091, 1092, -1,
      1092, 1091, 1109, -1,
      1092, 1109, 1103, -1,
      1103, 1109, 1110, -1,
      1103, 1110, 1104, -1,
      1104, 1110, 1111, -1,
      1104, 1111, 1105, -1,
      1105, 1111, 1106, -1,
      1105, 1106, 1100, -1,
      1100, 1106, 1108, -1,
      1100, 1108, 1101, -1,
      1112, 1113, 1114, -1,
      1080, 1115, 1091, -1,
      1091, 1115, 1116, -1,
      1091, 1116, 1109, -1,
      1109, 1116, 1117, -1,
      1109, 1117, 1110, -1,
      1110, 1117, 1118, -1,
      1110, 1118, 1111, -1,
      1111, 1118, 1112, -1,
      1111, 1112, 1106, -1,
      1106, 1112, 1114, -1,
      1106, 1114, 1107, -1,
      1080, 1082, 1115, -1,
      1115, 1082, 1084, -1,
      1115, 1084, 1089, -1,
      1119, 1120, 1121, -1,
      1089, 1090, 1115, -1,
      1115, 1090, 1122, -1,
      1115, 1122, 1116, -1,
      1116, 1122, 1123, -1,
      1116, 1123, 1117, -1,
      1117, 1123, 1124, -1,
      1117, 1124, 1118, -1,
      1118, 1124, 1119, -1,
      1118, 1119, 1112, -1,
      1112, 1119, 1121, -1,
      1112, 1121, 1113, -1,
      1012, 1120, 1002, -1,
      1002, 1120, 1119, -1,
      1002, 1119, 1003, -1,
      1003, 1119, 1124, -1,
      1003, 1124, 1004, -1,
      1004, 1124, 1123, -1,
      1004, 1123, 1005, -1,
      1005, 1123, 1122, -1,
      1005, 1122, 984, -1,
      984, 1122, 1090, -1,
      984, 1090, 985, -1,
      985, 1090, 1088, -1,
      1125, 1126, 1127, -1,
      1128, 1129, 1130, -1,
      1131, 1132, 1133, -1,
      1134, 1135, 1067, -1,
      1136, 1137, 1067, -1,
      1138, 1139, 1140, -1,
      1140, 1139, 1067, -1,
      1136, 1067, 1139, -1,
      1077, 1079, 1135, -1,
      1135, 1079, 1067, -1,
      1137, 1134, 1067, -1,
      1131, 1133, 1138, -1,
      1141, 1073, 1075, -1,
      1138, 1133, 1139, -1,
      1139, 1133, 1142, -1,
      1139, 1142, 1136, -1,
      1136, 1142, 1143, -1,
      1136, 1143, 1137, -1,
      1137, 1143, 1144, -1,
      1137, 1144, 1134, -1,
      1134, 1144, 1141, -1,
      1134, 1141, 1135, -1,
      1135, 1141, 1075, -1,
      1135, 1075, 1077, -1,
      1128, 1130, 1132, -1,
      1145, 1081, 1070, -1,
      1132, 1130, 1133, -1,
      1133, 1130, 1146, -1,
      1133, 1146, 1142, -1,
      1142, 1146, 1147, -1,
      1142, 1147, 1143, -1,
      1143, 1147, 1148, -1,
      1143, 1148, 1144, -1,
      1144, 1148, 1145, -1,
      1144, 1145, 1141, -1,
      1141, 1145, 1070, -1,
      1141, 1070, 1073, -1,
      1149, 1085, 1086, -1,
      1129, 1150, 1130, -1,
      1130, 1150, 1151, -1,
      1130, 1151, 1146, -1,
      1146, 1151, 1152, -1,
      1146, 1152, 1147, -1,
      1147, 1152, 1153, -1,
      1147, 1153, 1148, -1,
      1148, 1153, 1149, -1,
      1148, 1149, 1145, -1,
      1145, 1149, 1086, -1,
      1145, 1086, 1081, -1,
      1129, 1154, 1150, -1,
      1150, 1154, 1155, -1,
      1150, 1155, 1125, -1,
      1156, 1087, 1083, -1,
      1125, 1127, 1150, -1,
      1150, 1127, 1157, -1,
      1150, 1157, 1151, -1,
      1151, 1157, 1158, -1,
      1151, 1158, 1152, -1,
      1152, 1158, 1159, -1,
      1152, 1159, 1153, -1,
      1153, 1159, 1156, -1,
      1153, 1156, 1149, -1,
      1149, 1156, 1083, -1,
      1149, 1083, 1085, -1,
      987, 1087, 981, -1,
      981, 1087, 1156, -1,
      981, 1156, 1016, -1,
      1016, 1156, 1159, -1,
      1016, 1159, 1017, -1,
      1017, 1159, 1158, -1,
      1017, 1158, 1024, -1,
      1024, 1158, 1157, -1,
      1024, 1157, 1025, -1,
      1025, 1157, 1127, -1,
      1025, 1127, 1026, -1,
      1026, 1127, 1126, -1,
      1069, 1099, 1068, -1,
      1068, 1099, 1160, -1,
      1160, 1099, 1161, -1,
      1161, 1099, 1098, -1,
      1161, 1098, 1162, -1,
      1098, 1102, 1162, -1,
      1162, 1102, 1101, -1,
      1162, 1101, 1163, -1,
      1163, 1101, 1108, -1,
      1163, 1108, 1164, -1,
      1164, 1108, 1165, -1,
      1165, 1108, 1107, -1,
      1165, 1107, 1166, -1,
      1107, 1114, 1166, -1,
      1166, 1114, 1113, -1,
      1166, 1113, 1167, -1,
      1167, 1113, 1121, -1,
      1167, 1121, 1168, -1,
      1168, 1121, 1120, -1,
      1168, 1120, 1169, -1,
      1169, 1120, 1012, -1,
      1169, 1012, 1011, -1,
      1033, 1026, 1126, -1,
      1033, 1126, 1170, -1,
      1170, 1126, 1125, -1,
      1170, 1125, 1171, -1,
      1171, 1125, 1172, -1,
      1172, 1125, 1155, -1,
      1172, 1155, 1173, -1,
      1173, 1155, 1154, -1,
      1173, 1154, 1174, -1,
      1174, 1154, 1129, -1,
      1174, 1129, 1175, -1,
      1175, 1129, 1128, -1,
      1175, 1128, 1176, -1,
      1176, 1128, 1132, -1,
      1176, 1132, 1177, -1,
      1132, 1131, 1177, -1,
      1177, 1131, 1138, -1,
      1177, 1138, 1178, -1,
      1178, 1138, 1140, -1,
      1178, 1140, 1179, -1,
      1179, 1140, 1067, -1,
      1179, 1067, 1066, -1,
      1168, 1169, 1180, -1,
      1164, 1165, 1181, -1,
      1162, 1163, 1182, -1,
      1183, 1184, 1068, -1,
      1185, 1186, 1068, -1,
      1161, 1187, 1160, -1,
      1160, 1187, 1068, -1,
      1185, 1068, 1187, -1,
      1188, 1189, 1184, -1,
      1184, 1189, 1068, -1,
      1186, 1183, 1068, -1,
      1162, 1182, 1161, -1,
      1190, 1191, 1192, -1,
      1161, 1182, 1187, -1,
      1187, 1182, 1193, -1,
      1187, 1193, 1185, -1,
      1185, 1193, 1194, -1,
      1185, 1194, 1186, -1,
      1186, 1194, 1195, -1,
      1186, 1195, 1183, -1,
      1183, 1195, 1190, -1,
      1183, 1190, 1184, -1,
      1184, 1190, 1192, -1,
      1184, 1192, 1188, -1,
      1164, 1181, 1163, -1,
      1196, 1197, 1198, -1,
      1163, 1181, 1182, -1,
      1182, 1181, 1199, -1,
      1182, 1199, 1193, -1,
      1193, 1199, 1200, -1,
      1193, 1200, 1194, -1,
      1194, 1200, 1201, -1,
      1194, 1201, 1195, -1,
      1195, 1201, 1196, -1,
      1195, 1196, 1190, -1,
      1190, 1196, 1198, -1,
      1190, 1198, 1191, -1,
      1202, 1203, 1204, -1,
      1165, 1205, 1181, -1,
      1181, 1205, 1206, -1,
      1181, 1206, 1199, -1,
      1199, 1206, 1207, -1,
      1199, 1207, 1200, -1,
      1200, 1207, 1208, -1,
      1200, 1208, 1201, -1,
      1201, 1208, 1202, -1,
      1201, 1202, 1196, -1,
      1196, 1202, 1204, -1,
      1196, 1204, 1197, -1,
      1165, 1166, 1205, -1,
      1205, 1166, 1167, -1,
      1205, 1167, 1168, -1,
      1209, 1210, 1211, -1,
      1168, 1180, 1205, -1,
      1205, 1180, 1212, -1,
      1205, 1212, 1206, -1,
      1206, 1212, 1213, -1,
      1206, 1213, 1207, -1,
      1207, 1213, 1214, -1,
      1207, 1214, 1208, -1,
      1208, 1214, 1209, -1,
      1208, 1209, 1202, -1,
      1202, 1209, 1211, -1,
      1202, 1211, 1203, -1,
      1027, 1210, 1028, -1,
      1028, 1210, 1209, -1,
      1028, 1209, 1029, -1,
      1029, 1209, 1214, -1,
      1029, 1214, 997, -1,
      997, 1214, 1213, -1,
      997, 1213, 998, -1,
      998, 1213, 1212, -1,
      998, 1212, 1010, -1,
      1010, 1212, 1180, -1,
      1010, 1180, 1011, -1,
      1011, 1180, 1169, -1,
      1215, 1216, 1217, -1,
      1218, 1219, 1220, -1,
      1221, 1222, 1223, -1,
      1224, 1225, 1066, -1,
      1226, 1227, 1066, -1,
      1228, 1229, 1230, -1,
      1230, 1229, 1066, -1,
      1226, 1066, 1229, -1,
      1178, 1179, 1225, -1,
      1225, 1179, 1066, -1,
      1227, 1224, 1066, -1,
      1221, 1223, 1228, -1,
      1231, 1176, 1177, -1,
      1228, 1223, 1229, -1,
      1229, 1223, 1232, -1,
      1229, 1232, 1226, -1,
      1226, 1232, 1233, -1,
      1226, 1233, 1227, -1,
      1227, 1233, 1234, -1,
      1227, 1234, 1224, -1,
      1224, 1234, 1231, -1,
      1224, 1231, 1225, -1,
      1225, 1231, 1177, -1,
      1225, 1177, 1178, -1,
      1218, 1220, 1222, -1,
      1235, 1174, 1175, -1,
      1222, 1220, 1223, -1,
      1223, 1220, 1236, -1,
      1223, 1236, 1232, -1,
      1232, 1236, 1237, -1,
      1232, 1237, 1233, -1,
      1233, 1237, 1238, -1,
      1233, 1238, 1234, -1,
      1234, 1238, 1235, -1,
      1234, 1235, 1231, -1,
      1231, 1235, 1175, -1,
      1231, 1175, 1176, -1,
      1239, 1172, 1173, -1,
      1219, 1240, 1220, -1,
      1220, 1240, 1241, -1,
      1220, 1241, 1236, -1,
      1236, 1241, 1242, -1,
      1236, 1242, 1237, -1,
      1237, 1242, 1243, -1,
      1237, 1243, 1238, -1,
      1238, 1243, 1239, -1,
      1238, 1239, 1235, -1,
      1235, 1239, 1173, -1,
      1235, 1173, 1174, -1,
      1219, 1244, 1240, -1,
      1240, 1244, 1245, -1,
      1240, 1245, 1215, -1,
      1246, 1170, 1171, -1,
      1215, 1217, 1240, -1,
      1240, 1217, 1247, -1,
      1240, 1247, 1241, -1,
      1241, 1247, 1248, -1,
      1241, 1248, 1242, -1,
      1242, 1248, 1249, -1,
      1242, 1249, 1243, -1,
      1243, 1249, 1246, -1,
      1243, 1246, 1239, -1,
      1239, 1246, 1171, -1,
      1239, 1171, 1172, -1,
      1033, 1170, 1034, -1,
      1034, 1170, 1246, -1,
      1034, 1246, 995, -1,
      995, 1246, 1249, -1,
      995, 1249, 996, -1,
      996, 1249, 1248, -1,
      996, 1248, 1038, -1,
      1038, 1248, 1247, -1,
      1038, 1247, 1039, -1,
      1039, 1247, 1217, -1,
      1039, 1217, 1040, -1,
      1040, 1217, 1216, -1,
      1068, 1189, 1066, -1,
      1066, 1189, 1230, -1,
      1230, 1189, 1228, -1,
      1228, 1189, 1188, -1,
      1228, 1188, 1221, -1,
      1211, 1245, 1203, -1,
      1203, 1245, 1244, -1,
      1203, 1244, 1204, -1,
      1204, 1244, 1219, -1,
      1204, 1219, 1197, -1,
      1197, 1219, 1218, -1,
      1197, 1218, 1198, -1,
      1198, 1218, 1222, -1,
      1198, 1222, 1191, -1,
      1191, 1222, 1221, -1,
      1191, 1221, 1192, -1,
      1192, 1221, 1188, -1,
      1027, 1040, 1210, -1,
      1210, 1040, 1216, -1,
      1210, 1216, 1211, -1,
      1211, 1216, 1215, -1,
      1211, 1215, 1245, -1,
      794, 856, 792, -1,
      792, 856, 852, -1,
      792, 852, 872, -1,
      872, 852, 1051, -1,
      872, 1051, 870, -1,
      870, 1051, 1053, -1,
      870, 1053, 868, -1,
      868, 1053, 1055, -1,
      1250, 1251, 1252, -1,
      1252, 1251, 1253, -1,
      1252, 1253, 1254, -1,
      1254, 1253, 1255, -1,
      1254, 1255, 1256, -1,
      1256, 1255, 1257, -1,
      1256, 1257, 1258, -1,
      1257, 1259, 1258, -1,
      1258, 1259, 1260, -1,
      1258, 1260, 1261, -1,
      1261, 1260, 1262, -1,
      1261, 1262, 1263, -1,
      1263, 1262, 1264, -1,
      1263, 1264, 1043, -1,
      1043, 1264, 990, -1,
      1043, 990, 1047, -1,
      1047, 990, 859, -1,
      1047, 859, 1059, -1,
      1059, 859, 862, -1,
      1059, 862, 1057, -1,
      1057, 862, 864, -1,
      1057, 864, 1055, -1,
      1055, 864, 866, -1,
      1055, 866, 868, -1,
      748, 747, 805, -1,
      805, 747, 838, -1,
      805, 17, 748, -1,
      748, 17, 15, -1,
      747, 746, 838, -1,
      838, 746, 837, -1,
      797, 820, 799, -1,
      799, 820, 821, -1,
      799, 821, 774, -1,
      774, 821, 824, -1,
      774, 824, 776, -1,
      776, 824, 823, -1,
      776, 823, 777, -1,
      777, 823, 822, -1,
      777, 822, 778, -1,
      778, 822, 844, -1,
      778, 844, 779, -1,
      779, 844, 843, -1,
      811, 783, 812, -1,
      812, 783, 784, -1,
      812, 784, 839, -1,
      839, 784, 768, -1,
      839, 768, 840, -1,
      840, 768, 767, -1,
      840, 767, 841, -1,
      841, 767, 772, -1,
      841, 772, 842, -1,
      842, 772, 780, -1,
      842, 780, 843, -1,
      843, 780, 779, -1,
      791, 850, 756, -1,
      756, 850, 836, -1,
      756, 836, 757, -1,
      757, 836, 835, -1,
      757, 835, 769, -1,
      769, 835, 834, -1,
      769, 834, 770, -1,
      770, 834, 814, -1,
      770, 814, 771, -1,
      771, 814, 813, -1,
      771, 813, 802, -1,
      802, 813, 847, -1,
      818, 759, 819, -1,
      819, 759, 758, -1,
      819, 758, 831, -1,
      831, 758, 798, -1,
      831, 798, 832, -1,
      832, 798, 800, -1,
      832, 800, 833, -1,
      833, 800, 801, -1,
      833, 801, 845, -1,
      845, 801, 773, -1,
      845, 773, 846, -1,
      846, 773, 775, -1,
      707, 349, 721, -1,
      721, 349, 58, -1,
      721, 58, 57, -1,
      354, 361, 716, -1,
      716, 361, 718, -1,
      1265, 1266, 78, -1,
      78, 1266, 1267, -1,
      886, 1268, 78, -1,
      78, 1268, 1269, -1,
      78, 1269, 1265, -1,
      1270, 1271, 78, -1,
      78, 1271, 1272, -1,
      78, 1272, 79, -1,
      1267, 1273, 78, -1,
      78, 1273, 1274, -1,
      78, 1274, 1270, -1,
      1275, 1276, 1277, -1,
      1277, 1276, 889, -1,
      1277, 889, 684, -1,
      684, 889, 682, -1,
      1277, 684, 729, -1,
      1269, 1268, 729, -1,
      729, 1268, 1278, -1,
      729, 1278, 1277, -1,
      1275, 1277, 1278, -1,
      885, 889, 1276, -1,
      717, 42, 362, -1,
      717, 362, 715, -1,
      715, 362, 359, -1,
      715, 359, 735, -1,
      735, 359, 358, -1,
      735, 358, 736, -1,
      736, 358, 357, -1,
      736, 357, 738, -1,
      738, 357, 356, -1,
      738, 356, 739, -1,
      739, 356, 355, -1,
      739, 355, 737, -1,
      737, 355, 354, -1,
      737, 354, 716, -1,
      349, 707, 350, -1,
      350, 707, 706, -1,
      350, 706, 351, -1,
      351, 706, 705, -1,
      351, 705, 352, -1,
      352, 705, 704, -1,
      352, 704, 353, -1,
      353, 704, 720, -1,
      353, 720, 360, -1,
      360, 720, 719, -1,
      360, 719, 361, -1,
      361, 719, 718, -1,
      1269, 729, 728, -1,
      1269, 728, 1265, -1,
      1265, 728, 727, -1,
      1265, 727, 1266, -1,
      1266, 727, 726, -1,
      1266, 726, 1267, -1,
      1267, 726, 1273, -1,
      1273, 726, 742, -1,
      1273, 742, 1274, -1,
      1274, 742, 1270, -1,
      1270, 742, 741, -1,
      1270, 741, 1271, -1,
      1271, 741, 1272, -1,
      1272, 741, 740, -1,
      1272, 740, 79, -1,
      69, 725, 70, -1,
      70, 725, 724, -1,
      70, 724, 71, -1,
      71, 724, 723, -1,
      71, 723, 82, -1,
      82, 723, 709, -1,
      82, 709, 80, -1,
      80, 709, 708, -1,
      80, 708, 72, -1,
      72, 708, 722, -1,
      72, 722, 57, -1,
      57, 722, 721, -1,
      1279, 1280, 1281, -1,
      1281, 1280, 1282, -1,
      1282, 1283, 1284, -1,
      1284, 1283, 1285, -1,
      1286, 1287, 1288, -1,
      1289, 1290, 1291, -1,
      1292, 1293, 586, -1,
      592, 1294, 564, -1,
      564, 1294, 1295, -1,
      564, 1295, 565, -1,
      567, 565, 1296, -1,
      1296, 565, 1295, -1,
      1296, 1295, 1297, -1,
      1293, 1292, 1298, -1,
      1298, 1292, 1299, -1,
      1298, 1299, 1300, -1,
      584, 567, 1301, -1,
      1301, 567, 1296, -1,
      1301, 1296, 1302, -1,
      1302, 1296, 1297, -1,
      1302, 1297, 1303, -1,
      585, 584, 1304, -1,
      1304, 584, 1301, -1,
      1304, 1301, 1305, -1,
      1305, 1301, 1302, -1,
      1305, 1302, 1306, -1,
      1306, 1302, 1303, -1,
      1306, 1303, 1307, -1,
      1308, 1309, 1310, -1,
      1310, 1311, 1308, -1,
      1308, 1311, 1312, -1,
      1308, 1312, 1299, -1,
      1299, 1312, 1313, -1,
      1299, 1313, 1300, -1,
      1314, 1284, 1315, -1,
      1315, 1284, 1285, -1,
      1315, 1285, 1316, -1,
      1316, 1285, 1317, -1,
      1287, 1317, 1288, -1,
      1288, 1317, 1285, -1,
      1288, 1285, 1318, -1,
      1318, 1285, 1283, -1,
      1318, 1283, 1319, -1,
      1319, 1283, 1282, -1,
      586, 585, 1292, -1,
      1292, 585, 1304, -1,
      1292, 1304, 1299, -1,
      1299, 1304, 1305, -1,
      1299, 1305, 1308, -1,
      1308, 1305, 1306, -1,
      1308, 1306, 1309, -1,
      1309, 1306, 1307, -1,
      1309, 1307, 1320, -1,
      1314, 1321, 1284, -1,
      1284, 1321, 1282, -1,
      1282, 1322, 1320, -1,
      1320, 1322, 1323, -1,
      1320, 1323, 1309, -1,
      1309, 1323, 1324, -1,
      1309, 1324, 1310, -1,
      1294, 1289, 1295, -1,
      1295, 1289, 1291, -1,
      1295, 1291, 1297, -1,
      1297, 1291, 1325, -1,
      1297, 1325, 1303, -1,
      1303, 1325, 1326, -1,
      1303, 1326, 1307, -1,
      1307, 1326, 1327, -1,
      1307, 1327, 1320, -1,
      1320, 1327, 1282, -1,
      1290, 1286, 1291, -1,
      1291, 1286, 1288, -1,
      1291, 1288, 1325, -1,
      1325, 1288, 1318, -1,
      1325, 1318, 1326, -1,
      1326, 1318, 1319, -1,
      1326, 1319, 1327, -1,
      1327, 1319, 1282, -1,
      1286, 1328, 1287, -1,
      1287, 1328, 1329, -1,
      1287, 1329, 1317, -1,
      1317, 1329, 1330, -1,
      1317, 1330, 1316, -1,
      1316, 1330, 1331, -1,
      1316, 1331, 1315, -1,
      1315, 1331, 1332, -1,
      1315, 1332, 1314, -1,
      1314, 1332, 1333, -1,
      1314, 1333, 1321, -1,
      1321, 1333, 1281, -1,
      1321, 1281, 1282, -1,
      592, 591, 1294, -1,
      1294, 591, 1334, -1,
      1294, 1334, 1289, -1,
      1289, 1334, 1335, -1,
      1289, 1335, 1290, -1,
      1290, 1335, 1336, -1,
      1290, 1336, 1286, -1,
      1286, 1336, 1337, -1,
      1286, 1337, 1328, -1,
      593, 586, 1293, -1,
      593, 1293, 1338, -1,
      1338, 1293, 1298, -1,
      1338, 1298, 1339, -1,
      1339, 1298, 1300, -1,
      1339, 1300, 1340, -1,
      1340, 1300, 1313, -1,
      1340, 1313, 1341, -1,
      1341, 1313, 1342, -1,
      1342, 1313, 1312, -1,
      1342, 1312, 1343, -1,
      1312, 1311, 1343, -1,
      1343, 1311, 1310, -1,
      1343, 1310, 1344, -1,
      1344, 1310, 1324, -1,
      1344, 1324, 1345, -1,
      1345, 1324, 1323, -1,
      1345, 1323, 1346, -1,
      1346, 1323, 1322, -1,
      1346, 1322, 1347, -1,
      1347, 1322, 1282, -1,
      1347, 1282, 1280, -1,
      1281, 1348, 1349, -1,
      1349, 1348, 1350, -1,
      1351, 1352, 1353, -1,
      1354, 1355, 1356, -1,
      1357, 1334, 591, -1,
      571, 1358, 572, -1,
      572, 1358, 1359, -1,
      572, 1359, 573, -1,
      575, 573, 1360, -1,
      1360, 573, 1359, -1,
      1360, 1359, 1361, -1,
      1334, 1357, 1335, -1,
      1335, 1357, 1362, -1,
      1335, 1362, 1336, -1,
      576, 575, 1363, -1,
      1363, 575, 1360, -1,
      1363, 1360, 1364, -1,
      1364, 1360, 1361, -1,
      1364, 1361, 1365, -1,
      590, 576, 1366, -1,
      1366, 576, 1363, -1,
      1366, 1363, 1367, -1,
      1367, 1363, 1364, -1,
      1367, 1364, 1368, -1,
      1368, 1364, 1365, -1,
      1368, 1365, 1369, -1,
      1370, 1371, 1330, -1,
      1330, 1329, 1370, -1,
      1370, 1329, 1328, -1,
      1370, 1328, 1362, -1,
      1362, 1328, 1337, -1,
      1362, 1337, 1336, -1,
      1372, 1349, 1373, -1,
      1373, 1349, 1350, -1,
      1373, 1350, 1374, -1,
      1374, 1350, 1375, -1,
      1352, 1375, 1353, -1,
      1353, 1375, 1350, -1,
      1353, 1350, 1376, -1,
      1376, 1350, 1348, -1,
      1376, 1348, 1377, -1,
      1377, 1348, 1281, -1,
      591, 590, 1357, -1,
      1357, 590, 1366, -1,
      1357, 1366, 1362, -1,
      1362, 1366, 1367, -1,
      1362, 1367, 1370, -1,
      1370, 1367, 1368, -1,
      1370, 1368, 1371, -1,
      1371, 1368, 1369, -1,
      1371, 1369, 1378, -1,
      1372, 1379, 1349, -1,
      1349, 1379, 1281, -1,
      1281, 1333, 1378, -1,
      1378, 1333, 1332, -1,
      1378, 1332, 1371, -1,
      1371, 1332, 1331, -1,
      1371, 1331, 1330, -1,
      1358, 1354, 1359, -1,
      1359, 1354, 1356, -1,
      1359, 1356, 1361, -1,
      1361, 1356, 1380, -1,
      1361, 1380, 1365, -1,
      1365, 1380, 1381, -1,
      1365, 1381, 1369, -1,
      1369, 1381, 1382, -1,
      1369, 1382, 1378, -1,
      1378, 1382, 1281, -1,
      1355, 1351, 1356, -1,
      1356, 1351, 1353, -1,
      1356, 1353, 1380, -1,
      1380, 1353, 1376, -1,
      1380, 1376, 1381, -1,
      1381, 1376, 1377, -1,
      1381, 1377, 1382, -1,
      1382, 1377, 1281, -1,
      1280, 1383, 1384, -1,
      1384, 1383, 1385, -1,
      1341, 1342, 1386, -1,
      1339, 1340, 1387, -1,
      1388, 1389, 587, -1,
      593, 1338, 594, -1,
      594, 1338, 1390, -1,
      594, 1390, 577, -1,
      578, 577, 1391, -1,
      1391, 577, 1390, -1,
      1391, 1390, 1392, -1,
      1389, 1388, 1393, -1,
      1393, 1388, 1394, -1,
      1393, 1394, 1395, -1,
      579, 578, 1396, -1,
      1396, 578, 1391, -1,
      1396, 1391, 1397, -1,
      1397, 1391, 1392, -1,
      1397, 1392, 1398, -1,
      580, 579, 1399, -1,
      1399, 579, 1396, -1,
      1399, 1396, 1400, -1,
      1400, 1396, 1397, -1,
      1400, 1397, 1401, -1,
      1401, 1397, 1398, -1,
      1401, 1398, 1402, -1,
      1403, 1404, 1405, -1,
      1405, 1406, 1403, -1,
      1403, 1406, 1407, -1,
      1403, 1407, 1394, -1,
      1394, 1407, 1408, -1,
      1394, 1408, 1395, -1,
      1346, 1384, 1345, -1,
      1345, 1384, 1385, -1,
      1345, 1385, 1344, -1,
      1344, 1385, 1343, -1,
      1342, 1343, 1386, -1,
      1386, 1343, 1385, -1,
      1386, 1385, 1409, -1,
      1409, 1385, 1383, -1,
      1409, 1383, 1410, -1,
      1410, 1383, 1280, -1,
      587, 580, 1388, -1,
      1388, 580, 1399, -1,
      1388, 1399, 1394, -1,
      1394, 1399, 1400, -1,
      1394, 1400, 1403, -1,
      1403, 1400, 1401, -1,
      1403, 1401, 1404, -1,
      1404, 1401, 1402, -1,
      1404, 1402, 1411, -1,
      1346, 1347, 1384, -1,
      1384, 1347, 1280, -1,
      1280, 1412, 1411, -1,
      1411, 1412, 1413, -1,
      1411, 1413, 1404, -1,
      1404, 1413, 1414, -1,
      1404, 1414, 1405, -1,
      1338, 1339, 1390, -1,
      1390, 1339, 1387, -1,
      1390, 1387, 1392, -1,
      1392, 1387, 1415, -1,
      1392, 1415, 1398, -1,
      1398, 1415, 1416, -1,
      1398, 1416, 1402, -1,
      1402, 1416, 1417, -1,
      1402, 1417, 1411, -1,
      1411, 1417, 1280, -1,
      1340, 1341, 1387, -1,
      1387, 1341, 1386, -1,
      1387, 1386, 1415, -1,
      1415, 1386, 1409, -1,
      1415, 1409, 1416, -1,
      1416, 1409, 1410, -1,
      1416, 1410, 1417, -1,
      1417, 1410, 1280, -1,
      1281, 1379, 1279, -1,
      1279, 1379, 1418, -1,
      1418, 1379, 1419, -1,
      1419, 1379, 1372, -1,
      1419, 1372, 1420, -1,
      1351, 1421, 1352, -1,
      1352, 1421, 1422, -1,
      1352, 1422, 1375, -1,
      1375, 1422, 1423, -1,
      1375, 1423, 1374, -1,
      1374, 1423, 1420, -1,
      1374, 1420, 1373, -1,
      1373, 1420, 1372, -1,
      571, 570, 1358, -1,
      1358, 570, 1424, -1,
      1358, 1424, 1354, -1,
      1354, 1424, 1425, -1,
      1354, 1425, 1355, -1,
      1355, 1425, 1426, -1,
      1355, 1426, 1351, -1,
      1351, 1426, 1427, -1,
      1351, 1427, 1421, -1,
      588, 587, 1389, -1,
      588, 1389, 1428, -1,
      1428, 1389, 1393, -1,
      1428, 1393, 1429, -1,
      1429, 1393, 1395, -1,
      1429, 1395, 1430, -1,
      1430, 1395, 1408, -1,
      1430, 1408, 1431, -1,
      1431, 1408, 1432, -1,
      1432, 1408, 1407, -1,
      1432, 1407, 1433, -1,
      1407, 1406, 1433, -1,
      1433, 1406, 1405, -1,
      1433, 1405, 1434, -1,
      1434, 1405, 1414, -1,
      1434, 1414, 1435, -1,
      1435, 1414, 1436, -1,
      1436, 1414, 1413, -1,
      1436, 1413, 1437, -1,
      1413, 1412, 1437, -1,
      1437, 1412, 1280, -1,
      1437, 1280, 1279, -1,
      1279, 1438, 1439, -1,
      1439, 1438, 1440, -1,
      1431, 1432, 1441, -1,
      1429, 1430, 1442, -1,
      1443, 1424, 570, -1,
      588, 1428, 589, -1,
      589, 1428, 1444, -1,
      589, 1444, 581, -1,
      582, 581, 1445, -1,
      1445, 581, 1444, -1,
      1445, 1444, 1446, -1,
      1424, 1443, 1425, -1,
      1425, 1443, 1447, -1,
      1425, 1447, 1426, -1,
      583, 582, 1448, -1,
      1448, 582, 1445, -1,
      1448, 1445, 1449, -1,
      1449, 1445, 1446, -1,
      1449, 1446, 1450, -1,
      569, 583, 1451, -1,
      1451, 583, 1448, -1,
      1451, 1448, 1452, -1,
      1452, 1448, 1449, -1,
      1452, 1449, 1453, -1,
      1453, 1449, 1450, -1,
      1453, 1450, 1454, -1,
      1455, 1456, 1423, -1,
      1423, 1422, 1455, -1,
      1455, 1422, 1421, -1,
      1455, 1421, 1447, -1,
      1447, 1421, 1427, -1,
      1447, 1427, 1426, -1,
      1436, 1439, 1435, -1,
      1435, 1439, 1440, -1,
      1435, 1440, 1434, -1,
      1434, 1440, 1433, -1,
      1432, 1433, 1441, -1,
      1441, 1433, 1440, -1,
      1441, 1440, 1457, -1,
      1457, 1440, 1438, -1,
      1457, 1438, 1458, -1,
      1458, 1438, 1279, -1,
      570, 569, 1443, -1,
      1443, 569, 1451, -1,
      1443, 1451, 1447, -1,
      1447, 1451, 1452, -1,
      1447, 1452, 1455, -1,
      1455, 1452, 1453, -1,
      1455, 1453, 1456, -1,
      1456, 1453, 1454, -1,
      1456, 1454, 1459, -1,
      1436, 1437, 1439, -1,
      1439, 1437, 1279, -1,
      1279, 1418, 1459, -1,
      1459, 1418, 1419, -1,
      1459, 1419, 1456, -1,
      1456, 1419, 1420, -1,
      1456, 1420, 1423, -1,
      1428, 1429, 1444, -1,
      1444, 1429, 1442, -1,
      1444, 1442, 1446, -1,
      1446, 1442, 1460, -1,
      1446, 1460, 1450, -1,
      1450, 1460, 1461, -1,
      1450, 1461, 1454, -1,
      1454, 1461, 1462, -1,
      1454, 1462, 1459, -1,
      1459, 1462, 1279, -1,
      1430, 1431, 1442, -1,
      1442, 1431, 1441, -1,
      1442, 1441, 1460, -1,
      1460, 1441, 1457, -1,
      1460, 1457, 1461, -1,
      1461, 1457, 1458, -1,
      1461, 1458, 1462, -1,
      1462, 1458, 1279, -1,
      745, 744, 372, -1,
      372, 744, 39, -1,
      1463, 1464, 1465, -1,
      1465, 1464, 0, -1,
      1465, 0, 1466, -1,
      1466, 0, 6, -1,
      1466, 6, 1467, -1,
      1467, 6, 5, -1,
      1467, 5, 1468, -1,
      1468, 5, 4, -1,
      1, 702, 381, -1,
      381, 382, 1, -1,
      1, 382, 681, -1,
      1, 681, 2, -1,
      2, 681, 1469, -1,
      2, 1469, 3, -1,
      3, 1469, 1470, -1,
      3, 1470, 4, -1,
      4, 1470, 1471, -1,
      4, 1471, 1468, -1,
      1472, 1473, 1474, -1,
      1474, 1475, 1476, -1,
      1477, 1478, 1479, -1,
      1480, 1472, 1465, -1,
      1465, 1472, 1474, -1,
      1465, 1474, 1463, -1,
      1463, 1474, 1476, -1,
      1463, 1476, 1481, -1,
      1477, 1479, 1482, -1,
      1482, 1479, 1483, -1,
      1482, 1483, 1484, -1,
      1484, 1483, 1485, -1,
      1484, 1485, 1486, -1,
      1487, 1488, 1253, -1,
      1489, 1490, 1491, -1,
      1491, 1490, 1492, -1,
      1491, 1492, 1493, -1,
      1493, 1494, 1491, -1,
      1491, 1494, 1495, -1,
      1491, 1495, 1496, -1,
      1497, 1498, 1465, -1,
      1486, 1499, 1484, -1,
      1484, 1499, 1487, -1,
      1484, 1487, 1251, -1,
      1251, 1487, 1253, -1,
      1500, 1501, 1498, -1,
      1496, 1502, 1491, -1,
      1491, 1502, 1503, -1,
      1491, 1503, 1465, -1,
      1465, 1503, 1504, -1,
      1465, 1504, 1497, -1,
      1505, 1506, 1507, -1,
      1507, 1506, 1508, -1,
      1507, 1508, 1509, -1,
      1505, 1507, 1498, -1,
      1498, 1507, 1510, -1,
      1498, 1510, 1500, -1,
      1511, 1512, 1513, -1,
      1513, 1512, 1514, -1,
      1513, 1514, 1515, -1,
      1515, 1514, 1509, -1,
      1515, 1509, 1516, -1,
      1516, 1509, 1508, -1,
      1517, 1518, 1465, -1,
      1465, 1518, 1519, -1,
      1465, 1519, 1480, -1,
      1478, 1520, 1479, -1,
      1479, 1520, 1521, -1,
      1479, 1521, 1465, -1,
      1465, 1521, 1522, -1,
      1465, 1522, 1517, -1,
      1501, 1523, 1498, -1,
      1498, 1523, 1524, -1,
      1498, 1524, 1465, -1,
      1465, 1524, 1525, -1,
      1465, 1525, 1479, -1,
      1526, 1527, 1528, -1,
      1529, 1530, 1531, -1,
      1531, 1530, 1526, -1,
      1531, 1526, 1532, -1,
      1532, 1526, 1528, -1,
      1464, 1533, 1534, -1,
      1534, 1533, 1535, -1,
      1534, 1535, 1536, -1,
      1537, 1538, 0, -1,
      1537, 0, 1539, -1,
      1538, 1540, 0, -1,
      0, 1540, 1541, -1,
      0, 1541, 1542, -1,
      1543, 1544, 1545, -1,
      1546, 1547, 1548, -1,
      1548, 1547, 1549, -1,
      1464, 1534, 0, -1,
      0, 1534, 1550, -1,
      0, 1550, 1539, -1,
      1551, 1552, 1553, -1,
      1553, 1552, 1554, -1,
      1549, 1555, 1556, -1,
      1556, 1557, 1549, -1,
      1549, 1557, 1558, -1,
      1549, 1558, 1548, -1,
      1559, 1560, 0, -1,
      0, 1560, 1561, -1,
      0, 1561, 1549, -1,
      1549, 1561, 1562, -1,
      1549, 1562, 1555, -1,
      1563, 1564, 1545, -1,
      1545, 1564, 1565, -1,
      1545, 1565, 1543, -1,
      1531, 1566, 1529, -1,
      1529, 1566, 1567, -1,
      1529, 1567, 1554, -1,
      1554, 1567, 1568, -1,
      1554, 1568, 1553, -1,
      1544, 1569, 0, -1,
      0, 1569, 1570, -1,
      1252, 1571, 1250, -1,
      1250, 1571, 1572, -1,
      1250, 1572, 1573, -1,
      1573, 1572, 1563, -1,
      1573, 1563, 1574, -1,
      1574, 1563, 1545, -1,
      1542, 1575, 0, -1,
      0, 1575, 1576, -1,
      0, 1576, 1544, -1,
      1544, 1576, 1577, -1,
      1544, 1577, 1545, -1,
      1559, 0, 1578, -1,
      1578, 0, 1570, -1,
      1578, 1570, 1553, -1,
      1553, 1570, 1579, -1,
      1553, 1579, 1551, -1,
      1253, 1488, 1580, -1,
      1253, 1580, 1255, -1,
      1255, 1580, 1581, -1,
      1255, 1581, 1257, -1,
      1257, 1581, 1582, -1,
      1257, 1582, 1259, -1,
      1259, 1582, 1583, -1,
      1259, 1583, 1260, -1,
      1260, 1583, 1584, -1,
      1260, 1584, 1262, -1,
      1262, 1584, 1585, -1,
      1262, 1585, 1264, -1,
      1264, 1585, 1008, -1,
      1264, 1008, 990, -1,
      1491, 1465, 1466, -1,
      679, 1469, 680, -1,
      680, 1469, 681, -1,
      679, 678, 1469, -1,
      1469, 678, 677, -1,
      1469, 677, 676, -1,
      1491, 1466, 1586, -1,
      1586, 1466, 1467, -1,
      1586, 1467, 1587, -1,
      1587, 1467, 1468, -1,
      1587, 1468, 1588, -1,
      1588, 1468, 1471, -1,
      1588, 1471, 1589, -1,
      1589, 1471, 1470, -1,
      1589, 1470, 1590, -1,
      1590, 1470, 1469, -1,
      1590, 1469, 1591, -1,
      1591, 1469, 676, -1,
      1591, 676, 675, -1,
      1490, 1489, 1592, -1,
      1490, 1592, 1593, -1,
      1593, 1592, 1594, -1,
      1593, 1594, 1595, -1,
      1595, 1594, 1596, -1,
      1595, 1596, 1597, -1,
      1597, 1596, 1598, -1,
      1597, 1598, 1599, -1,
      1599, 1598, 1600, -1,
      1599, 1600, 1601, -1,
      1601, 1600, 1602, -1,
      1601, 1602, 1603, -1,
      1603, 1602, 977, -1,
      1603, 977, 980, -1,
      1046, 1044, 1604, -1,
      1604, 1044, 1605, -1,
      1604, 1605, 1606, -1,
      1606, 1605, 1607, -1,
      1606, 1607, 1608, -1,
      1608, 1607, 1609, -1,
      1608, 1609, 1610, -1,
      1610, 1609, 1611, -1,
      1610, 1611, 1612, -1,
      1612, 1611, 1613, -1,
      1612, 1613, 1546, -1,
      1546, 1613, 1547, -1,
      1043, 1042, 1263, -1,
      1263, 1042, 1614, -1,
      1263, 1614, 1261, -1,
      1261, 1614, 1615, -1,
      1261, 1615, 1258, -1,
      1258, 1615, 1616, -1,
      1258, 1616, 1256, -1,
      1256, 1616, 1617, -1,
      1256, 1617, 1254, -1,
      1254, 1617, 1618, -1,
      1254, 1618, 1252, -1,
      1252, 1618, 1571, -1,
      0, 1549, 6, -1,
      6, 1549, 1619, -1,
      6, 1619, 5, -1,
      5, 1619, 1620, -1,
      5, 1620, 4, -1,
      4, 1620, 1621, -1,
      4, 1621, 3, -1,
      3, 1621, 1622, -1,
      3, 1622, 2, -1,
      2, 1622, 1623, -1,
      2, 1623, 1, -1,
      1, 1623, 686, -1,
      1045, 979, 1041, -1,
      1041, 979, 1018, -1,
      1610, 1597, 1608, -1,
      1608, 1597, 1599, -1,
      1608, 1599, 1606, -1,
      1606, 1599, 1601, -1,
      1606, 1601, 1604, -1,
      1604, 1601, 1603, -1,
      1604, 1603, 1046, -1,
      1046, 1603, 980, -1,
      1046, 980, 1045, -1,
      1045, 980, 979, -1,
      1548, 1492, 1546, -1,
      1546, 1492, 1490, -1,
      1546, 1490, 1612, -1,
      1612, 1490, 1593, -1,
      1612, 1593, 1610, -1,
      1610, 1593, 1595, -1,
      1610, 1595, 1597, -1,
      1487, 1572, 1488, -1,
      1488, 1572, 1571, -1,
      1488, 1571, 1580, -1,
      1580, 1571, 1618, -1,
      1580, 1618, 1581, -1,
      1581, 1618, 1617, -1,
      1581, 1617, 1582, -1,
      1582, 1617, 1616, -1,
      1041, 1018, 1042, -1,
      1042, 1018, 1008, -1,
      1042, 1008, 1614, -1,
      1614, 1008, 1585, -1,
      1614, 1585, 1615, -1,
      1615, 1585, 1584, -1,
      1615, 1584, 1616, -1,
      1616, 1584, 1583, -1,
      1616, 1583, 1582, -1,
      1570, 1569, 1524, -1,
      1524, 1569, 1525, -1,
      1528, 1527, 1511, -1,
      1511, 1527, 1512, -1,
      1513, 1515, 1532, -1,
      1532, 1515, 1531, -1,
      1526, 1530, 1514, -1,
      1514, 1530, 1509, -1,
      1624, 1625, 1626, -1,
      1626, 1625, 1627, -1,
      1566, 1531, 1516, -1,
      1516, 1531, 1515, -1,
      1516, 1508, 1566, -1,
      1566, 1508, 1567, -1,
      1006, 1020, 1628, -1,
      1628, 1020, 1629, -1,
      1628, 1629, 1630, -1,
      1629, 1631, 1630, -1,
      1630, 1631, 1632, -1,
      1630, 1632, 1633, -1,
      1633, 1632, 1634, -1,
      1633, 1634, 1635, -1,
      1635, 1634, 1636, -1,
      1636, 1634, 1637, -1,
      1636, 1637, 1638, -1,
      1637, 1639, 1638, -1,
      1638, 1639, 1640, -1,
      1638, 1640, 1641, -1,
      1641, 1640, 1642, -1,
      1641, 1642, 1643, -1,
      1643, 1642, 1644, -1,
      1644, 1642, 1645, -1,
      1644, 1645, 1646, -1,
      1645, 1647, 1646, -1,
      1646, 1647, 1624, -1,
      1646, 1624, 1626, -1,
      1648, 1649, 1650, -1,
      1651, 1652, 1653, -1,
      1654, 1655, 1656, -1,
      1657, 1658, 1626, -1,
      1659, 1660, 1626, -1,
      1661, 1662, 1663, -1,
      1663, 1662, 1626, -1,
      1659, 1626, 1662, -1,
      1644, 1646, 1658, -1,
      1658, 1646, 1626, -1,
      1660, 1657, 1626, -1,
      1654, 1656, 1661, -1,
      1664, 1641, 1643, -1,
      1661, 1656, 1662, -1,
      1662, 1656, 1665, -1,
      1662, 1665, 1659, -1,
      1659, 1665, 1666, -1,
      1659, 1666, 1660, -1,
      1660, 1666, 1667, -1,
      1660, 1667, 1657, -1,
      1657, 1667, 1664, -1,
      1657, 1664, 1658, -1,
      1658, 1664, 1643, -1,
      1658, 1643, 1644, -1,
      1651, 1653, 1655, -1,
      1668, 1636, 1638, -1,
      1655, 1653, 1656, -1,
      1656, 1653, 1669, -1,
      1656, 1669, 1665, -1,
      1665, 1669, 1670, -1,
      1665, 1670, 1666, -1,
      1666, 1670, 1671, -1,
      1666, 1671, 1667, -1,
      1667, 1671, 1668, -1,
      1667, 1668, 1664, -1,
      1664, 1668, 1638, -1,
      1664, 1638, 1641, -1,
      1672, 1633, 1635, -1,
      1652, 1673, 1653, -1,
      1653, 1673, 1674, -1,
      1653, 1674, 1669, -1,
      1669, 1674, 1675, -1,
      1669, 1675, 1670, -1,
      1670, 1675, 1676, -1,
      1670, 1676, 1671, -1,
      1671, 1676, 1672, -1,
      1671, 1672, 1668, -1,
      1668, 1672, 1635, -1,
      1668, 1635, 1636, -1,
      1652, 1677, 1673, -1,
      1673, 1677, 1678, -1,
      1673, 1678, 1648, -1,
      1679, 1628, 1630, -1,
      1648, 1650, 1673, -1,
      1673, 1650, 1680, -1,
      1673, 1680, 1674, -1,
      1674, 1680, 1681, -1,
      1674, 1681, 1675, -1,
      1675, 1681, 1682, -1,
      1675, 1682, 1676, -1,
      1676, 1682, 1679, -1,
      1676, 1679, 1672, -1,
      1672, 1679, 1630, -1,
      1672, 1630, 1633, -1,
      1006, 1628, 1007, -1,
      1007, 1628, 1679, -1,
      1007, 1679, 1021, -1,
      1021, 1679, 1682, -1,
      1021, 1682, 1022, -1,
      1022, 1682, 1681, -1,
      1022, 1681, 1023, -1,
      1023, 1681, 1680, -1,
      1023, 1680, 1035, -1,
      1035, 1680, 1650, -1,
      1035, 1650, 1036, -1,
      1036, 1650, 1649, -1,
      1631, 1629, 1683, -1,
      1639, 1637, 1684, -1,
      1642, 1640, 1685, -1,
      1686, 1687, 1624, -1,
      1688, 1689, 1624, -1,
      1645, 1690, 1647, -1,
      1647, 1690, 1624, -1,
      1688, 1624, 1690, -1,
      1691, 1692, 1687, -1,
      1687, 1692, 1624, -1,
      1689, 1686, 1624, -1,
      1642, 1685, 1645, -1,
      1693, 1694, 1695, -1,
      1645, 1685, 1690, -1,
      1690, 1685, 1696, -1,
      1690, 1696, 1688, -1,
      1688, 1696, 1697, -1,
      1688, 1697, 1689, -1,
      1689, 1697, 1698, -1,
      1689, 1698, 1686, -1,
      1686, 1698, 1693, -1,
      1686, 1693, 1687, -1,
      1687, 1693, 1695, -1,
      1687, 1695, 1691, -1,
      1639, 1684, 1640, -1,
      1699, 1700, 1701, -1,
      1640, 1684, 1685, -1,
      1685, 1684, 1702, -1,
      1685, 1702, 1696, -1,
      1696, 1702, 1703, -1,
      1696, 1703, 1697, -1,
      1697, 1703, 1704, -1,
      1697, 1704, 1698, -1,
      1698, 1704, 1699, -1,
      1698, 1699, 1693, -1,
      1693, 1699, 1701, -1,
      1693, 1701, 1694, -1,
      1705, 1706, 1707, -1,
      1637, 1708, 1684, -1,
      1684, 1708, 1709, -1,
      1684, 1709, 1702, -1,
      1702, 1709, 1710, -1,
      1702, 1710, 1703, -1,
      1703, 1710, 1711, -1,
      1703, 1711, 1704, -1,
      1704, 1711, 1705, -1,
      1704, 1705, 1699, -1,
      1699, 1705, 1707, -1,
      1699, 1707, 1700, -1,
      1637, 1634, 1708, -1,
      1708, 1634, 1632, -1,
      1708, 1632, 1631, -1,
      1712, 1713, 1714, -1,
      1631, 1683, 1708, -1,
      1708, 1683, 1715, -1,
      1708, 1715, 1709, -1,
      1709, 1715, 1716, -1,
      1709, 1716, 1710, -1,
      1710, 1716, 1717, -1,
      1710, 1717, 1711, -1,
      1711, 1717, 1712, -1,
      1711, 1712, 1705, -1,
      1705, 1712, 1714, -1,
      1705, 1714, 1706, -1,
      983, 1713, 1009, -1,
      1009, 1713, 1712, -1,
      1009, 1712, 999, -1,
      999, 1712, 1717, -1,
      999, 1717, 1000, -1,
      1000, 1717, 1716, -1,
      1000, 1716, 1001, -1,
      1001, 1716, 1715, -1,
      1001, 1715, 1019, -1,
      1019, 1715, 1683, -1,
      1019, 1683, 1020, -1,
      1020, 1683, 1629, -1,
      1037, 1036, 1718, -1,
      1718, 1036, 1649, -1,
      1718, 1649, 1719, -1,
      1719, 1649, 1648, -1,
      1719, 1648, 1720, -1,
      1720, 1648, 1678, -1,
      1720, 1678, 1721, -1,
      1678, 1677, 1721, -1,
      1721, 1677, 1652, -1,
      1721, 1652, 1722, -1,
      1722, 1652, 1651, -1,
      1722, 1651, 1723, -1,
      1723, 1651, 1724, -1,
      1724, 1651, 1655, -1,
      1724, 1655, 1725, -1,
      1725, 1655, 1654, -1,
      1725, 1654, 1726, -1,
      1726, 1654, 1661, -1,
      1726, 1661, 1727, -1,
      1661, 1663, 1727, -1,
      1727, 1663, 1626, -1,
      1727, 1626, 1627, -1,
      1701, 1728, 1729, -1,
      1701, 1729, 1694, -1,
      1694, 1729, 1730, -1,
      1694, 1730, 1695, -1,
      1695, 1730, 1731, -1,
      1695, 1731, 1691, -1,
      1691, 1731, 1732, -1,
      1691, 1732, 1692, -1,
      1692, 1732, 1625, -1,
      1692, 1625, 1624, -1,
      1728, 1701, 1733, -1,
      1733, 1701, 1700, -1,
      1733, 1700, 1734, -1,
      1700, 1707, 1734, -1,
      1734, 1707, 1706, -1,
      1734, 1706, 1735, -1,
      1735, 1706, 1714, -1,
      1735, 1714, 1736, -1,
      1736, 1714, 1713, -1,
      1736, 1713, 1737, -1,
      1737, 1713, 983, -1,
      1737, 983, 982, -1,
      1738, 1739, 1740, -1,
      1741, 1742, 1743, -1,
      1744, 1745, 1746, -1,
      1747, 1748, 1627, -1,
      1749, 1750, 1627, -1,
      1751, 1752, 1753, -1,
      1753, 1752, 1627, -1,
      1749, 1627, 1752, -1,
      1726, 1727, 1748, -1,
      1748, 1727, 1627, -1,
      1750, 1747, 1627, -1,
      1744, 1746, 1751, -1,
      1754, 1724, 1725, -1,
      1751, 1746, 1752, -1,
      1752, 1746, 1755, -1,
      1752, 1755, 1749, -1,
      1749, 1755, 1756, -1,
      1749, 1756, 1750, -1,
      1750, 1756, 1757, -1,
      1750, 1757, 1747, -1,
      1747, 1757, 1754, -1,
      1747, 1754, 1748, -1,
      1748, 1754, 1725, -1,
      1748, 1725, 1726, -1,
      1741, 1743, 1745, -1,
      1758, 1722, 1723, -1,
      1745, 1743, 1746, -1,
      1746, 1743, 1759, -1,
      1746, 1759, 1755, -1,
      1755, 1759, 1760, -1,
      1755, 1760, 1756, -1,
      1756, 1760, 1761, -1,
      1756, 1761, 1757, -1,
      1757, 1761, 1758, -1,
      1757, 1758, 1754, -1,
      1754, 1758, 1723, -1,
      1754, 1723, 1724, -1,
      1762, 1720, 1721, -1,
      1742, 1763, 1743, -1,
      1743, 1763, 1764, -1,
      1743, 1764, 1759, -1,
      1759, 1764, 1765, -1,
      1759, 1765, 1760, -1,
      1760, 1765, 1766, -1,
      1760, 1766, 1761, -1,
      1761, 1766, 1762, -1,
      1761, 1762, 1758, -1,
      1758, 1762, 1721, -1,
      1758, 1721, 1722, -1,
      1742, 1767, 1763, -1,
      1763, 1767, 1768, -1,
      1763, 1768, 1738, -1,
      1769, 1718, 1719, -1,
      1738, 1740, 1763, -1,
      1763, 1740, 1770, -1,
      1763, 1770, 1764, -1,
      1764, 1770, 1771, -1,
      1764, 1771, 1765, -1,
      1765, 1771, 1772, -1,
      1765, 1772, 1766, -1,
      1766, 1772, 1769, -1,
      1766, 1769, 1762, -1,
      1762, 1769, 1719, -1,
      1762, 1719, 1720, -1,
      1037, 1718, 988, -1,
      988, 1718, 1769, -1,
      988, 1769, 989, -1,
      989, 1769, 1772, -1,
      989, 1772, 1013, -1,
      1013, 1772, 1771, -1,
      1013, 1771, 1014, -1,
      1014, 1771, 1770, -1,
      1014, 1770, 1015, -1,
      1015, 1770, 1740, -1,
      1015, 1740, 1030, -1,
      1030, 1740, 1739, -1,
      1736, 1737, 1773, -1,
      1728, 1733, 1774, -1,
      1730, 1729, 1775, -1,
      1776, 1777, 1625, -1,
      1778, 1779, 1625, -1,
      1731, 1780, 1732, -1,
      1732, 1780, 1625, -1,
      1778, 1625, 1780, -1,
      1781, 1782, 1777, -1,
      1777, 1782, 1625, -1,
      1779, 1776, 1625, -1,
      1730, 1775, 1731, -1,
      1783, 1784, 1785, -1,
      1731, 1775, 1780, -1,
      1780, 1775, 1786, -1,
      1780, 1786, 1778, -1,
      1778, 1786, 1787, -1,
      1778, 1787, 1779, -1,
      1779, 1787, 1788, -1,
      1779, 1788, 1776, -1,
      1776, 1788, 1783, -1,
      1776, 1783, 1777, -1,
      1777, 1783, 1785, -1,
      1777, 1785, 1781, -1,
      1728, 1774, 1729, -1,
      1789, 1790, 1791, -1,
      1729, 1774, 1775, -1,
      1775, 1774, 1792, -1,
      1775, 1792, 1786, -1,
      1786, 1792, 1793, -1,
      1786, 1793, 1787, -1,
      1787, 1793, 1794, -1,
      1787, 1794, 1788, -1,
      1788, 1794, 1789, -1,
      1788, 1789, 1783, -1,
      1783, 1789, 1791, -1,
      1783, 1791, 1784, -1,
      1795, 1796, 1797, -1,
      1733, 1798, 1774, -1,
      1774, 1798, 1799, -1,
      1774, 1799, 1792, -1,
      1792, 1799, 1800, -1,
      1792, 1800, 1793, -1,
      1793, 1800, 1801, -1,
      1793, 1801, 1794, -1,
      1794, 1801, 1795, -1,
      1794, 1795, 1789, -1,
      1789, 1795, 1797, -1,
      1789, 1797, 1790, -1,
      1733, 1734, 1798, -1,
      1798, 1734, 1735, -1,
      1798, 1735, 1736, -1,
      1802, 1803, 1804, -1,
      1736, 1773, 1798, -1,
      1798, 1773, 1805, -1,
      1798, 1805, 1799, -1,
      1799, 1805, 1806, -1,
      1799, 1806, 1800, -1,
      1800, 1806, 1807, -1,
      1800, 1807, 1801, -1,
      1801, 1807, 1802, -1,
      1801, 1802, 1795, -1,
      1795, 1802, 1804, -1,
      1795, 1804, 1796, -1,
      1031, 1803, 1032, -1,
      1032, 1803, 1802, -1,
      1032, 1802, 991, -1,
      991, 1802, 1807, -1,
      991, 1807, 992, -1,
      992, 1807, 1806, -1,
      992, 1806, 993, -1,
      993, 1806, 1805, -1,
      993, 1805, 994, -1,
      994, 1805, 1773, -1,
      994, 1773, 982, -1,
      982, 1773, 1737, -1,
      1031, 1030, 1739, -1,
      1031, 1739, 1803, -1,
      1803, 1739, 1738, -1,
      1803, 1738, 1804, -1,
      1804, 1738, 1796, -1,
      1796, 1738, 1768, -1,
      1796, 1768, 1797, -1,
      1768, 1767, 1797, -1,
      1797, 1767, 1742, -1,
      1797, 1742, 1790, -1,
      1790, 1742, 1741, -1,
      1790, 1741, 1791, -1,
      1791, 1741, 1745, -1,
      1791, 1745, 1784, -1,
      1784, 1745, 1744, -1,
      1784, 1744, 1785, -1,
      1785, 1744, 1781, -1,
      1781, 1744, 1751, -1,
      1781, 1751, 1782, -1,
      1751, 1753, 1782, -1,
      1782, 1753, 1627, -1,
      1782, 1627, 1625, -1,
      1536, 1475, 1534, -1,
      1534, 1475, 1474, -1,
      1481, 1476, 1533, -1,
      1533, 1476, 1535, -1,
      1536, 1535, 1475, -1,
      1475, 1535, 1476, -1,
      1463, 1481, 1464, -1,
      1464, 1481, 1533, -1,
      1503, 1561, 1504, -1,
      1504, 1561, 1560, -1,
      1504, 1560, 1497, -1,
      1497, 1560, 1559, -1,
      1497, 1559, 1498, -1,
      1498, 1559, 1578, -1,
      1498, 1578, 1505, -1,
      1505, 1578, 1553, -1,
      1505, 1553, 1506, -1,
      1506, 1553, 1568, -1,
      1506, 1568, 1508, -1,
      1508, 1568, 1567, -1,
      1561, 1503, 1562, -1,
      1562, 1503, 1502, -1,
      1562, 1502, 1555, -1,
      1555, 1502, 1496, -1,
      1555, 1496, 1556, -1,
      1556, 1496, 1495, -1,
      1556, 1495, 1557, -1,
      1557, 1495, 1494, -1,
      1557, 1494, 1558, -1,
      1558, 1494, 1493, -1,
      1558, 1493, 1548, -1,
      1548, 1493, 1492, -1,
      1525, 1569, 1479, -1,
      1479, 1569, 1544, -1,
      1479, 1544, 1483, -1,
      1483, 1544, 1543, -1,
      1483, 1543, 1485, -1,
      1485, 1543, 1565, -1,
      1485, 1565, 1486, -1,
      1486, 1565, 1564, -1,
      1486, 1564, 1499, -1,
      1499, 1564, 1563, -1,
      1499, 1563, 1487, -1,
      1487, 1563, 1572, -1,
      1570, 1524, 1579, -1,
      1579, 1524, 1523, -1,
      1579, 1523, 1551, -1,
      1551, 1523, 1501, -1,
      1551, 1501, 1552, -1,
      1552, 1501, 1500, -1,
      1552, 1500, 1554, -1,
      1554, 1500, 1510, -1,
      1554, 1510, 1529, -1,
      1529, 1510, 1507, -1,
      1529, 1507, 1530, -1,
      1530, 1507, 1509, -1,
      366, 696, 367, -1,
      367, 696, 695, -1,
      367, 695, 369, -1,
      380, 379, 700, -1,
      700, 379, 701, -1,
      40, 39, 1808, -1,
      1809, 890, 1810, -1,
      1810, 890, 40, -1,
      1810, 40, 1811, -1,
      1811, 40, 1812, -1,
      1808, 1813, 40, -1,
      40, 1813, 1814, -1,
      40, 1814, 1815, -1,
      1815, 1816, 40, -1,
      40, 1816, 1817, -1,
      40, 1817, 1812, -1,
      1818, 1819, 888, -1,
      888, 1819, 1820, -1,
      888, 1820, 683, -1,
      683, 1820, 685, -1,
      1809, 1810, 1821, -1,
      1821, 1810, 693, -1,
      1821, 693, 1820, -1,
      1820, 693, 685, -1,
      1821, 1820, 1819, -1,
      1818, 888, 887, -1,
      701, 379, 385, -1,
      701, 385, 732, -1,
      732, 385, 387, -1,
      732, 387, 731, -1,
      731, 387, 388, -1,
      731, 388, 730, -1,
      730, 388, 386, -1,
      730, 386, 733, -1,
      733, 386, 384, -1,
      733, 384, 734, -1,
      734, 384, 383, -1,
      734, 383, 703, -1,
      703, 383, 381, -1,
      703, 381, 702, -1,
      380, 700, 373, -1,
      373, 700, 688, -1,
      373, 688, 374, -1,
      374, 688, 687, -1,
      374, 687, 376, -1,
      376, 687, 699, -1,
      376, 699, 377, -1,
      377, 699, 698, -1,
      377, 698, 378, -1,
      378, 698, 697, -1,
      378, 697, 366, -1,
      366, 697, 696, -1,
      39, 744, 1808, -1,
      1808, 744, 743, -1,
      1808, 743, 1813, -1,
      1813, 743, 1814, -1,
      1814, 743, 712, -1,
      1814, 712, 1815, -1,
      1815, 712, 1816, -1,
      1816, 712, 711, -1,
      1816, 711, 1817, -1,
      1817, 711, 710, -1,
      1817, 710, 1812, -1,
      1812, 710, 694, -1,
      1812, 694, 1811, -1,
      1811, 694, 693, -1,
      1811, 693, 1810, -1,
      369, 695, 370, -1,
      370, 695, 692, -1,
      370, 692, 363, -1,
      363, 692, 714, -1,
      363, 714, 364, -1,
      364, 714, 713, -1,
      364, 713, 365, -1,
      365, 713, 690, -1,
      365, 690, 371, -1,
      371, 690, 689, -1,
      371, 689, 372, -1,
      372, 689, 745, -1,
      1822, 1823, 1824, -1,
      1824, 1823, 1825, -1,
      1824, 1826, 1827, -1,
      1827, 1826, 1828, -1,
      1829, 1830, 1831, -1,
      1832, 1833, 1834, -1,
      1835, 1836, 636, -1,
      617, 1837, 618, -1,
      618, 1837, 1838, -1,
      618, 1838, 619, -1,
      608, 619, 1839, -1,
      1839, 619, 1838, -1,
      1839, 1838, 1840, -1,
      1836, 1835, 1841, -1,
      1841, 1835, 1842, -1,
      1841, 1842, 1843, -1,
      609, 608, 1844, -1,
      1844, 608, 1839, -1,
      1844, 1839, 1845, -1,
      1845, 1839, 1840, -1,
      1845, 1840, 1846, -1,
      635, 609, 1847, -1,
      1847, 609, 1844, -1,
      1847, 1844, 1848, -1,
      1848, 1844, 1845, -1,
      1848, 1845, 1849, -1,
      1849, 1845, 1846, -1,
      1849, 1846, 1850, -1,
      1851, 1852, 1853, -1,
      1853, 1854, 1851, -1,
      1851, 1854, 1855, -1,
      1851, 1855, 1842, -1,
      1842, 1855, 1856, -1,
      1842, 1856, 1843, -1,
      1857, 1827, 1858, -1,
      1858, 1827, 1828, -1,
      1858, 1828, 1859, -1,
      1859, 1828, 1860, -1,
      1830, 1860, 1831, -1,
      1831, 1860, 1828, -1,
      1831, 1828, 1861, -1,
      1861, 1828, 1826, -1,
      1861, 1826, 1862, -1,
      1862, 1826, 1824, -1,
      636, 635, 1835, -1,
      1835, 635, 1847, -1,
      1835, 1847, 1842, -1,
      1842, 1847, 1848, -1,
      1842, 1848, 1851, -1,
      1851, 1848, 1849, -1,
      1851, 1849, 1852, -1,
      1852, 1849, 1850, -1,
      1852, 1850, 1863, -1,
      1857, 1864, 1827, -1,
      1827, 1864, 1824, -1,
      1824, 1865, 1863, -1,
      1863, 1865, 1866, -1,
      1863, 1866, 1852, -1,
      1852, 1866, 1867, -1,
      1852, 1867, 1853, -1,
      1837, 1832, 1838, -1,
      1838, 1832, 1834, -1,
      1838, 1834, 1840, -1,
      1840, 1834, 1868, -1,
      1840, 1868, 1846, -1,
      1846, 1868, 1869, -1,
      1846, 1869, 1850, -1,
      1850, 1869, 1870, -1,
      1850, 1870, 1863, -1,
      1863, 1870, 1824, -1,
      1833, 1829, 1834, -1,
      1834, 1829, 1831, -1,
      1834, 1831, 1868, -1,
      1868, 1831, 1861, -1,
      1868, 1861, 1869, -1,
      1869, 1861, 1862, -1,
      1869, 1862, 1870, -1,
      1870, 1862, 1824, -1,
      637, 636, 1871, -1,
      1871, 636, 1836, -1,
      1871, 1836, 1872, -1,
      1836, 1841, 1872, -1,
      1872, 1841, 1843, -1,
      1872, 1843, 1873, -1,
      1873, 1843, 1856, -1,
      1873, 1856, 1874, -1,
      1874, 1856, 1875, -1,
      1875, 1856, 1855, -1,
      1875, 1855, 1876, -1,
      1855, 1854, 1876, -1,
      1876, 1854, 1853, -1,
      1876, 1853, 1877, -1,
      1877, 1853, 1867, -1,
      1877, 1867, 1878, -1,
      1878, 1867, 1879, -1,
      1879, 1867, 1866, -1,
      1879, 1866, 1880, -1,
      1866, 1865, 1880, -1,
      1880, 1865, 1824, -1,
      1880, 1824, 1825, -1,
      1860, 1881, 1859, -1,
      1859, 1881, 1882, -1,
      1859, 1882, 1858, -1,
      1858, 1882, 1883, -1,
      1858, 1883, 1857, -1,
      1857, 1883, 1884, -1,
      1857, 1884, 1864, -1,
      1864, 1884, 1822, -1,
      1864, 1822, 1824, -1,
      617, 616, 1837, -1,
      1837, 616, 1885, -1,
      1837, 1885, 1832, -1,
      1832, 1885, 1886, -1,
      1832, 1886, 1833, -1,
      1833, 1886, 1887, -1,
      1833, 1887, 1829, -1,
      1829, 1887, 1888, -1,
      1829, 1888, 1830, -1,
      1830, 1888, 1889, -1,
      1830, 1889, 1860, -1,
      1860, 1889, 1890, -1,
      1860, 1890, 1881, -1,
      1825, 1891, 1892, -1,
      1892, 1891, 1893, -1,
      1874, 1875, 1894, -1,
      1872, 1873, 1895, -1,
      1896, 1897, 628, -1,
      637, 1871, 622, -1,
      622, 1871, 1898, -1,
      622, 1898, 621, -1,
      620, 621, 1899, -1,
      1899, 621, 1898, -1,
      1899, 1898, 1900, -1,
      1897, 1896, 1901, -1,
      1901, 1896, 1902, -1,
      1901, 1902, 1903, -1,
      626, 620, 1904, -1,
      1904, 620, 1899, -1,
      1904, 1899, 1905, -1,
      1905, 1899, 1900, -1,
      1905, 1900, 1906, -1,
      627, 626, 1907, -1,
      1907, 626, 1904, -1,
      1907, 1904, 1908, -1,
      1908, 1904, 1905, -1,
      1908, 1905, 1909, -1,
      1909, 1905, 1906, -1,
      1909, 1906, 1910, -1,
      1911, 1912, 1913, -1,
      1913, 1914, 1911, -1,
      1911, 1914, 1915, -1,
      1911, 1915, 1902, -1,
      1902, 1915, 1916, -1,
      1902, 1916, 1903, -1,
      1879, 1892, 1878, -1,
      1878, 1892, 1893, -1,
      1878, 1893, 1877, -1,
      1877, 1893, 1876, -1,
      1875, 1876, 1894, -1,
      1894, 1876, 1893, -1,
      1894, 1893, 1917, -1,
      1917, 1893, 1891, -1,
      1917, 1891, 1918, -1,
      1918, 1891, 1825, -1,
      628, 627, 1896, -1,
      1896, 627, 1907, -1,
      1896, 1907, 1902, -1,
      1902, 1907, 1908, -1,
      1902, 1908, 1911, -1,
      1911, 1908, 1909, -1,
      1911, 1909, 1912, -1,
      1912, 1909, 1910, -1,
      1912, 1910, 1919, -1,
      1879, 1880, 1892, -1,
      1892, 1880, 1825, -1,
      1825, 1920, 1919, -1,
      1919, 1920, 1921, -1,
      1919, 1921, 1912, -1,
      1912, 1921, 1922, -1,
      1912, 1922, 1913, -1,
      1871, 1872, 1898, -1,
      1898, 1872, 1895, -1,
      1898, 1895, 1900, -1,
      1900, 1895, 1923, -1,
      1900, 1923, 1906, -1,
      1906, 1923, 1924, -1,
      1906, 1924, 1910, -1,
      1910, 1924, 1925, -1,
      1910, 1925, 1919, -1,
      1919, 1925, 1825, -1,
      1873, 1874, 1895, -1,
      1895, 1874, 1894, -1,
      1895, 1894, 1923, -1,
      1923, 1894, 1917, -1,
      1923, 1917, 1924, -1,
      1924, 1917, 1918, -1,
      1924, 1918, 1925, -1,
      1925, 1918, 1825, -1,
      1822, 1926, 1927, -1,
      1927, 1926, 1928, -1,
      1929, 1930, 1931, -1,
      1932, 1933, 1934, -1,
      1935, 1885, 616, -1,
      633, 1936, 634, -1,
      634, 1936, 1937, -1,
      634, 1937, 611, -1,
      612, 611, 1938, -1,
      1938, 611, 1937, -1,
      1938, 1937, 1939, -1,
      1885, 1935, 1886, -1,
      1886, 1935, 1940, -1,
      1886, 1940, 1887, -1,
      614, 612, 1941, -1,
      1941, 612, 1938, -1,
      1941, 1938, 1942, -1,
      1942, 1938, 1939, -1,
      1942, 1939, 1943, -1,
      615, 614, 1944, -1,
      1944, 614, 1941, -1,
      1944, 1941, 1945, -1,
      1945, 1941, 1942, -1,
      1945, 1942, 1946, -1,
      1946, 1942, 1943, -1,
      1946, 1943, 1947, -1,
      1948, 1949, 1881, -1,
      1881, 1890, 1948, -1,
      1948, 1890, 1889, -1,
      1948, 1889, 1940, -1,
      1940, 1889, 1888, -1,
      1940, 1888, 1887, -1,
      1950, 1927, 1951, -1,
      1951, 1927, 1928, -1,
      1951, 1928, 1952, -1,
      1952, 1928, 1953, -1,
      1930, 1953, 1931, -1,
      1931, 1953, 1928, -1,
      1931, 1928, 1954, -1,
      1954, 1928, 1926, -1,
      1954, 1926, 1955, -1,
      1955, 1926, 1822, -1,
      616, 615, 1935, -1,
      1935, 615, 1944, -1,
      1935, 1944, 1940, -1,
      1940, 1944, 1945, -1,
      1940, 1945, 1948, -1,
      1948, 1945, 1946, -1,
      1948, 1946, 1949, -1,
      1949, 1946, 1947, -1,
      1949, 1947, 1956, -1,
      1950, 1957, 1927, -1,
      1927, 1957, 1822, -1,
      1822, 1884, 1956, -1,
      1956, 1884, 1883, -1,
      1956, 1883, 1949, -1,
      1949, 1883, 1882, -1,
      1949, 1882, 1881, -1,
      1936, 1932, 1937, -1,
      1937, 1932, 1934, -1,
      1937, 1934, 1939, -1,
      1939, 1934, 1958, -1,
      1939, 1958, 1943, -1,
      1943, 1958, 1959, -1,
      1943, 1959, 1947, -1,
      1947, 1959, 1960, -1,
      1947, 1960, 1956, -1,
      1956, 1960, 1822, -1,
      1933, 1929, 1934, -1,
      1934, 1929, 1931, -1,
      1934, 1931, 1958, -1,
      1958, 1931, 1954, -1,
      1958, 1954, 1959, -1,
      1959, 1954, 1955, -1,
      1959, 1955, 1960, -1,
      1960, 1955, 1822, -1,
      623, 628, 1897, -1,
      623, 1897, 1961, -1,
      1961, 1897, 1901, -1,
      1961, 1901, 1962, -1,
      1962, 1901, 1903, -1,
      1962, 1903, 1963, -1,
      1963, 1903, 1916, -1,
      1963, 1916, 1964, -1,
      1964, 1916, 1915, -1,
      1964, 1915, 1965, -1,
      1965, 1915, 1914, -1,
      1965, 1914, 1966, -1,
      1966, 1914, 1913, -1,
      1966, 1913, 1967, -1,
      1967, 1913, 1922, -1,
      1967, 1922, 1968, -1,
      1968, 1922, 1921, -1,
      1968, 1921, 1969, -1,
      1969, 1921, 1920, -1,
      1969, 1920, 1970, -1,
      1970, 1920, 1825, -1,
      1970, 1825, 1823, -1,
      1822, 1957, 1823, -1,
      1823, 1957, 1971, -1,
      1971, 1957, 1972, -1,
      1972, 1957, 1950, -1,
      1972, 1950, 1973, -1,
      1973, 1950, 1951, -1,
      1973, 1951, 1974, -1,
      1974, 1951, 1952, -1,
      1974, 1952, 1975, -1,
      1975, 1952, 1953, -1,
      1975, 1953, 1976, -1,
      1976, 1953, 1930, -1,
      1976, 1930, 1977, -1,
      1932, 1978, 1933, -1,
      1933, 1978, 1977, -1,
      1933, 1977, 1929, -1,
      1929, 1977, 1930, -1,
      633, 632, 1936, -1,
      1936, 632, 1979, -1,
      1936, 1979, 1932, -1,
      1932, 1979, 1980, -1,
      1932, 1980, 1978, -1,
      1823, 1981, 1982, -1,
      1982, 1981, 1983, -1,
      1964, 1965, 1984, -1,
      1962, 1963, 1985, -1,
      1986, 1979, 632, -1,
      623, 1961, 624, -1,
      624, 1961, 1987, -1,
      624, 1987, 625, -1,
      629, 625, 1988, -1,
      1988, 625, 1987, -1,
      1988, 1987, 1989, -1,
      1979, 1986, 1980, -1,
      1980, 1986, 1990, -1,
      1980, 1990, 1978, -1,
      630, 629, 1991, -1,
      1991, 629, 1988, -1,
      1991, 1988, 1992, -1,
      1992, 1988, 1989, -1,
      1992, 1989, 1993, -1,
      631, 630, 1994, -1,
      1994, 630, 1991, -1,
      1994, 1991, 1995, -1,
      1995, 1991, 1992, -1,
      1995, 1992, 1996, -1,
      1996, 1992, 1993, -1,
      1996, 1993, 1997, -1,
      1998, 1999, 1974, -1,
      1974, 1975, 1998, -1,
      1998, 1975, 1976, -1,
      1998, 1976, 1990, -1,
      1990, 1976, 1977, -1,
      1990, 1977, 1978, -1,
      1969, 1982, 1968, -1,
      1968, 1982, 1983, -1,
      1968, 1983, 1967, -1,
      1967, 1983, 1966, -1,
      1965, 1966, 1984, -1,
      1984, 1966, 1983, -1,
      1984, 1983, 2000, -1,
      2000, 1983, 1981, -1,
      2000, 1981, 2001, -1,
      2001, 1981, 1823, -1,
      632, 631, 1986, -1,
      1986, 631, 1994, -1,
      1986, 1994, 1990, -1,
      1990, 1994, 1995, -1,
      1990, 1995, 1998, -1,
      1998, 1995, 1996, -1,
      1998, 1996, 1999, -1,
      1999, 1996, 1997, -1,
      1999, 1997, 2002, -1,
      1969, 1970, 1982, -1,
      1982, 1970, 1823, -1,
      1823, 1971, 2002, -1,
      2002, 1971, 1972, -1,
      2002, 1972, 1999, -1,
      1999, 1972, 1973, -1,
      1999, 1973, 1974, -1,
      1961, 1962, 1987, -1,
      1987, 1962, 1985, -1,
      1987, 1985, 1989, -1,
      1989, 1985, 2003, -1,
      1989, 2003, 1993, -1,
      1993, 2003, 2004, -1,
      1993, 2004, 1997, -1,
      1997, 2004, 2005, -1,
      1997, 2005, 2002, -1,
      2002, 2005, 1823, -1,
      1963, 1964, 1985, -1,
      1985, 1964, 1984, -1,
      1985, 1984, 2003, -1,
      2003, 1984, 2000, -1,
      2003, 2000, 2004, -1,
      2004, 2000, 2001, -1,
      2004, 2001, 2005, -1,
      2005, 2001, 1823, -1,
    ]
  }
}

Shape {
  appearance Appearance {
    material Material {
      diffuseColor 0.2510 0.2510 0.2510
      specularColor 0.1255 0.1255 0.1255
      ambientIntensity 0.2
      transparency 0.0000
      shininess 0.5
    }
  }
  geometry IndexedFaceSet {
    ccw TRUE
    solid FALSE
    coord DEF co Coordinate {
      point [
        -0.677014 1.338583 0.962851,
        -0.677014 1.338583 1.080524,
        0.677014 1.338583 0.962851,
        0.677014 1.338583 1.080524,
        -0.677014 1.102362 1.080524,
        -0.677014 1.103490 0.944142,
        -0.677014 1.337455 0.944142,
        -0.677014 1.102362 0.962851,
        0.677014 1.102362 1.080524,
        0.677014 1.337455 0.944142,
        0.677014 1.103490 0.944142,
        0.677014 1.102362 0.962851,
      ]
    }
    coordIndex [
      3, 8, 2, -1,
      2, 8, 11, -1,
      2, 11, 9, -1,
      9, 11, 10, -1,
      4, 1, 7, -1,
      7, 1, 0, -1,
      7, 0, 5, -1,
      5, 0, 6, -1,
    ]
  }
}

Shape {
  appearance Appearance {
    material Material {
      diffuseColor 0.7529 0.7529 0.7529
      specularColor 0.3765 0.3765 0.3765
      ambientIntensity 0.2
      transparency 0.0000
      shininess 0.5
    }
  }
  geometry IndexedFaceSet {
    ccw TRUE
    solid FALSE
    coord DEF co Coordinate {
      point [
        0.102400 -1.318898 1.244094,
        0.147009 -1.318898 1.244094,
        -1.366142 -1.318898 1.244094,
        -0.512879 -1.318898 1.244094,
        -0.039215 -1.318898 1.244094,
        0.036217 -1.318898 1.244094,
        0.037855 -1.318898 1.244094,
        0.095604 -1.318898 1.244094,
        0.165676 -1.318898 1.244094,
        0.240649 -1.318898 1.244094,
        0.265947 -1.318898 1.244094,
        0.326807 -1.318898 1.244094,
        0.502869 -1.318898 1.244094,
        1.175197 -1.318898 1.244094,
        1.366142 -1.318898 1.244094,
        1.366142 -1.318898 1.125984,
        -1.366142 -1.318898 1.125984,
        -1.759843 -0.157480 -0.330709,
        -1.759843 -0.236220 -0.409449,
        -1.759843 -0.393701 -0.409449,
        -1.759843 -0.472441 -0.330709,
        -1.759843 -1.318898 0.850394,
        -1.759843 -1.318898 0.393701,
        -1.641732 -1.318898 0.393701,
        -1.641732 -1.318898 0.850394,
        -1.641732 -0.393701 -0.409449,
        -1.641732 -0.236220 -0.409449,
        -1.641732 -0.472441 -0.330709,
        -1.641732 -0.157480 -0.330709,
        -1.453748 -1.318898 1.234224,
        -1.536962 -1.318898 1.205106,
        -1.611610 -1.318898 1.158202,
        -1.673950 -1.318898 1.095862,
        -1.720854 -1.318898 1.021214,
        -1.749972 -1.318898 0.938000,
        -1.366142 -1.318898 0.000000,
        -1.453748 -1.318898 0.009871,
        -1.536962 -1.318898 0.038989,
        -1.611610 -1.318898 0.085893,
        -1.673950 -1.318898 0.148232,
        -1.720854 -1.318898 0.222880,
        -1.749972 -1.318898 0.306094,
        -1.632342 -1.318898 0.322373,
        -1.604810 -1.318898 0.255906,
        -1.561014 -1.318898 0.198829,
        -1.503937 -1.318898 0.155032,
        -1.437470 -1.318898 0.127501,
        -1.366142 -1.318898 0.118110,
        1.574933 -1.338583 0.184909,
        1.658559 -1.338583 0.160506,
        1.621858 -1.338583 0.246063,
        1.703118 -1.338583 0.231421,
        1.651356 -1.338583 0.317278,
        1.730780 -1.338583 0.310474,
        1.661417 -1.338583 0.393701,
        1.740157 -1.338583 0.393701,
        1.661417 -1.338583 0.850394,
        1.740157 -1.338583 0.850394,
        1.651356 -1.338583 0.926817,
        1.730780 -1.338583 0.933620,
        1.621858 -1.338583 0.998031,
        1.703118 -1.338583 1.012673,
        1.574933 -1.338583 1.059185,
        -1.513780 -1.338583 1.106110,
        -1.599337 -1.338583 1.142811,
        -1.574933 -1.338583 1.059185,
        -1.658559 -1.338583 1.083589,
        -1.621858 -1.338583 0.998031,
        -1.703118 -1.338583 1.012673,
        -1.651356 -1.338583 0.926817,
        -1.730780 -1.338583 0.933620,
        -1.661417 -1.338583 0.850394,
        -1.740157 -1.338583 0.850394,
        -1.661417 -1.338583 0.393701,
        -1.740157 -1.338583 0.393701,
        -1.651356 -1.338583 0.317278,
        -1.730780 -1.338583 0.310474,
        -1.621858 -1.338583 0.246063,
        -1.703118 -1.338583 0.231421,
        -1.574933 -1.338583 0.184909,
        -1.658559 -1.338583 0.160506,
        -1.599337 -1.338583 0.101283,
        -1.513780 -1.338583 0.137985,
        -1.528421 -1.338583 0.056724,
        -1.442565 -1.338583 0.108487,
        -1.449368 -1.338583 0.029062,
        -1.366142 -1.338583 0.098425,
        -1.366142 -1.338583 0.019685,
        1.366142 -1.338583 0.098425,
        1.366142 -1.338583 0.019685,
        1.442565 -1.338583 0.108487,
        1.449368 -1.338583 0.029062,
        1.513780 -1.338583 0.137985,
        1.528421 -1.338583 0.056724,
        1.599337 -1.338583 0.101283,
        1.658559 -1.338583 1.083589,
        1.599337 -1.338583 1.142811,
        1.513780 -1.338583 1.106110,
        1.528421 -1.338583 1.187370,
        1.442565 -1.338583 1.135608,
        1.449368 -1.338583 1.215032,
        1.366142 -1.338583 1.145669,
        1.366142 -1.338583 1.224409,
        -1.366142 -1.338583 1.145669,
        -1.366142 -1.338583 1.224409,
        -1.442565 -1.338583 1.135608,
        -1.449368 -1.338583 1.215032,
        -1.528421 -1.338583 1.187370,
        1.366142 -1.318898 0.000000,
        1.366142 -1.318898 0.118110,
        -1.437470 -1.318898 1.116594,
        -1.503937 -1.318898 1.089062,
        -1.561014 -1.318898 1.045266,
        -1.604810 -1.318898 0.988189,
        -1.632342 -1.318898 0.921722,
        1.759843 -1.318898 0.393701,
        1.759843 -1.318898 0.850394,
        1.759843 -0.393701 -0.409449,
        1.759843 -0.236220 -0.409449,
        1.759843 -0.472441 -0.330709,
        1.759843 -0.157480 -0.330709,
        1.641732 -0.157480 -0.330709,
        1.641732 -0.236220 -0.409449,
        1.641732 -0.393701 -0.409449,
        1.641732 -0.472441 -0.330709,
        1.641732 -1.318898 0.393701,
        1.641732 -1.318898 0.850394,
        1.749972 -1.318898 0.938000,
        1.720854 -1.318898 1.021214,
        1.673950 -1.318898 1.095862,
        1.611610 -1.318898 1.158202,
        1.536962 -1.318898 1.205106,
        1.453748 -1.318898 1.234224,
        1.749972 -1.318898 0.306094,
        1.720854 -1.318898 0.222880,
        1.673950 -1.318898 0.148232,
        1.611610 -1.318898 0.085893,
        1.536962 -1.318898 0.038989,
        1.453748 -1.318898 0.009871,
        1.437470 -1.318898 0.127501,
        1.503937 -1.318898 0.155032,
        1.561014 -1.318898 0.198829,
        1.604810 -1.318898 0.255906,
        1.632342 -1.318898 0.322373,
        1.632342 -1.318898 0.921722,
        1.604810 -1.318898 0.988189,
        1.561014 -1.318898 1.045266,
        1.503937 -1.318898 1.089062,
        1.437470 -1.318898 1.116594,
      ]
    }
    coordIndex [
      57, 116, 127, -1,
      57, 127, 59, -1,
      59, 127, 128, -1,
      59, 128, 61, -1,
      61, 128, 129, -1,
      61, 129, 95, -1,
      95, 129, 130, -1,
      95, 130, 96, -1,
      96, 130, 131, -1,
      96, 131, 98, -1,
      98, 131, 132, -1,
      98, 132, 100, -1,
      100, 132, 14, -1,
      100, 14, 102, -1,
      3, 2, 104, -1,
      102, 0, 7, -1,
      7, 6, 102, -1,
      102, 6, 5, -1,
      102, 5, 104, -1,
      104, 5, 4, -1,
      104, 4, 3, -1,
      14, 13, 102, -1,
      102, 13, 12, -1,
      12, 11, 102, -1,
      102, 11, 10, -1,
      102, 10, 9, -1,
      9, 8, 102, -1,
      102, 8, 1, -1,
      102, 1, 0, -1,
      55, 115, 57, -1,
      57, 115, 116, -1,
      104, 2, 29, -1,
      104, 29, 106, -1,
      106, 29, 30, -1,
      106, 30, 107, -1,
      107, 30, 31, -1,
      107, 31, 64, -1,
      64, 31, 32, -1,
      64, 32, 66, -1,
      66, 32, 33, -1,
      66, 33, 68, -1,
      68, 33, 34, -1,
      68, 34, 70, -1,
      70, 34, 21, -1,
      70, 21, 72, -1,
      89, 108, 138, -1,
      89, 138, 91, -1,
      91, 138, 137, -1,
      91, 137, 93, -1,
      93, 137, 136, -1,
      93, 136, 94, -1,
      94, 136, 135, -1,
      94, 135, 49, -1,
      49, 135, 134, -1,
      49, 134, 51, -1,
      51, 134, 133, -1,
      51, 133, 53, -1,
      53, 133, 115, -1,
      53, 115, 55, -1,
      22, 74, 21, -1,
      21, 74, 72, -1,
      87, 35, 89, -1,
      89, 35, 108, -1,
      74, 22, 41, -1,
      74, 41, 76, -1,
      76, 41, 40, -1,
      76, 40, 78, -1,
      78, 40, 39, -1,
      78, 39, 80, -1,
      80, 39, 38, -1,
      80, 38, 81, -1,
      81, 38, 37, -1,
      81, 37, 83, -1,
      83, 37, 36, -1,
      83, 36, 85, -1,
      85, 36, 35, -1,
      85, 35, 87, -1,
      24, 71, 23, -1,
      23, 71, 73, -1,
      16, 103, 110, -1,
      110, 103, 105, -1,
      110, 105, 111, -1,
      111, 105, 63, -1,
      111, 63, 112, -1,
      112, 63, 65, -1,
      112, 65, 113, -1,
      113, 65, 67, -1,
      113, 67, 114, -1,
      114, 67, 69, -1,
      114, 69, 24, -1,
      24, 69, 71, -1,
      23, 73, 42, -1,
      42, 73, 75, -1,
      42, 75, 43, -1,
      43, 75, 77, -1,
      43, 77, 44, -1,
      44, 77, 79, -1,
      44, 79, 45, -1,
      45, 79, 82, -1,
      45, 82, 46, -1,
      46, 82, 84, -1,
      46, 84, 47, -1,
      47, 84, 86, -1,
      15, 101, 16, -1,
      16, 101, 103, -1,
      88, 109, 86, -1,
      86, 109, 47, -1,
      126, 56, 144, -1,
      144, 56, 58, -1,
      144, 58, 145, -1,
      145, 58, 60, -1,
      145, 60, 146, -1,
      146, 60, 62, -1,
      146, 62, 147, -1,
      147, 62, 97, -1,
      147, 97, 148, -1,
      148, 97, 99, -1,
      148, 99, 15, -1,
      15, 99, 101, -1,
      109, 88, 139, -1,
      139, 88, 90, -1,
      139, 90, 140, -1,
      140, 90, 92, -1,
      140, 92, 141, -1,
      141, 92, 48, -1,
      141, 48, 142, -1,
      142, 48, 50, -1,
      142, 50, 143, -1,
      143, 50, 52, -1,
      143, 52, 125, -1,
      125, 52, 54, -1,
      125, 54, 126, -1,
      126, 54, 56, -1,
      117, 119, 123, -1,
      123, 119, 124, -1,
      120, 118, 121, -1,
      121, 118, 122, -1,
      20, 19, 27, -1,
      27, 19, 25, -1,
      18, 17, 26, -1,
      26, 17, 28, -1,
    ]
  }
}

Shape {
  appearance Appearance {
    material Material {
      diffuseColor 0.0000 0.0000 0.0000
      specularColor 0.0000 0.0000 0.0000
      ambientIntensity 0.2
      transparency 0.0000
      shininess 0.5
    }
  }
  geometry IndexedFaceSet {
    ccw TRUE
    solid FALSE
    coord DEF co Coordinate {
      point [
        0.237096 0.827335 1.244094,
        0.238428 0.816310 1.244094,
        0.003909 0.855321 1.244094,
        0.003909 0.784380 1.244094,
        0.035798 0.784380 1.244094,
        0.068478 0.855267 1.244094,
        0.074489 0.855997 1.244094,
        0.090533 0.855848 1.244094,
        0.095604 0.854384 1.244094,
        0.125385 0.784380 1.244094,
        0.147009 0.784380 1.244094,
        0.125385 0.811316 1.244094,
        0.147009 0.811316 1.244094,
        0.154019 0.820485 1.244094,
        0.154019 0.811316 1.244094,
        0.156291 0.846111 1.244094,
        0.156291 0.855321 1.244094,
        0.147009 0.855321 1.244094,
        0.158113 0.784380 1.244094,
        0.147009 0.846111 1.244094,
        0.147009 0.820485 1.244094,
        0.125385 0.846111 1.244094,
        0.125385 0.820485 1.244094,
        0.115049 0.855321 1.244094,
        0.115049 0.775252 1.244094,
        0.147009 0.775252 1.244094,
        0.099022 0.853397 1.244094,
        0.099022 0.842591 1.244094,
        0.099022 0.788474 1.244094,
        0.099022 0.778568 1.244094,
        0.090009 0.846162 1.244094,
        0.080151 0.847339 1.244094,
        0.095604 0.786939 1.244094,
        0.098131 0.843072 1.244094,
        0.095604 0.844033 1.244094,
        0.076274 0.847143 1.244094,
        0.069415 0.845652 1.244094,
        0.063194 0.842574 1.244094,
        0.051239 0.825383 1.244094,
        0.049920 0.814386 1.244094,
        0.078350 0.783111 1.244094,
        0.058333 0.838456 1.244094,
        0.057791 0.837863 1.244094,
        0.091137 0.784934 1.244094,
        0.082080 0.783250 1.244094,
        0.053921 0.832299 1.244094,
        0.050061 0.810650 1.244094,
        0.051462 0.802816 1.244094,
        0.054158 0.796464 1.244094,
        0.057780 0.791544 1.244094,
        0.060095 0.789336 1.244094,
        0.071440 0.783811 1.244094,
        0.065532 0.785811 1.244094,
        0.080049 0.856672 1.244094,
        0.088645 0.855997 1.244094,
        0.097657 0.777887 1.244094,
        0.095604 0.777214 1.244094,
        0.089060 0.775068 1.244094,
        0.076856 0.773901 1.244094,
        0.072013 0.774130 1.244094,
        0.063337 0.775919 1.244094,
        0.055781 0.779483 1.244094,
        0.049348 0.784831 1.244094,
        0.048689 0.785550 1.244094,
        0.043911 0.792385 1.244094,
        0.041030 0.828406 1.244094,
        0.044833 0.837300 1.244094,
        0.050637 0.844883 1.244094,
        0.040651 0.800741 1.244094,
        0.039073 0.813772 1.244094,
        0.039214 0.817953 1.244094,
        0.052614 0.846770 1.244094,
        0.060110 0.852020 1.244094,
        0.158113 0.775252 1.244094,
        -0.006427 0.855321 1.244094,
        0.035798 0.775252 1.244094,
        -0.006427 0.775252 1.244094,
        0.173238 0.775252 1.244094,
        0.234134 0.834973 1.244094,
        0.238187 0.811207 1.244094,
        0.236247 0.801833 1.244094,
        0.232303 0.793552 1.244094,
        0.226352 0.786468 1.244094,
        0.217981 0.780468 1.244094,
        0.208852 0.776905 1.244094,
        0.195261 0.775252 1.244094,
        0.173238 0.855321 1.244094,
        0.196080 0.855321 1.244094,
        0.208306 0.853971 1.244094,
        0.217970 0.850441 1.244094,
        0.226352 0.844719 1.244094,
        0.229178 0.841954 1.244094,
        0.035798 0.784380 1.248031,
        0.035798 0.775252 1.248031,
        0.003909 0.784380 1.248031,
        0.003909 0.855321 1.248031,
        -0.006427 0.855321 1.248031,
        -0.006427 0.775252 1.248031,
        0.099022 0.778568 1.248031,
        0.097657 0.777887 1.248031,
        0.076856 0.773901 1.248031,
        0.089060 0.775068 1.248031,
        0.099022 0.788474 1.248031,
        0.091137 0.784934 1.248031,
        0.082080 0.783250 1.248031,
        0.078350 0.783111 1.248031,
        0.071440 0.783811 1.248031,
        0.065532 0.785811 1.248031,
        0.060095 0.789336 1.248031,
        0.057780 0.791544 1.248031,
        0.054158 0.796464 1.248031,
        0.051462 0.802816 1.248031,
        0.050061 0.810650 1.248031,
        0.049920 0.814386 1.248031,
        0.051239 0.825383 1.248031,
        0.053921 0.832299 1.248031,
        0.057791 0.837863 1.248031,
        0.058333 0.838456 1.248031,
        0.063194 0.842574 1.248031,
        0.069415 0.845652 1.248031,
        0.076274 0.847143 1.248031,
        0.080151 0.847339 1.248031,
        0.098131 0.843072 1.248031,
        0.090009 0.846162 1.248031,
        0.099022 0.842591 1.248031,
        0.099022 0.853397 1.248031,
        0.090533 0.855848 1.248031,
        0.080049 0.856672 1.248031,
        0.068478 0.855267 1.248031,
        0.060110 0.852020 1.248031,
        0.052614 0.846770 1.248031,
        0.050637 0.844883 1.248031,
        0.044833 0.837300 1.248031,
        0.041030 0.828406 1.248031,
        0.039214 0.817953 1.248031,
        0.039073 0.813772 1.248031,
        0.040651 0.800741 1.248031,
        0.043911 0.792385 1.248031,
        0.048689 0.785550 1.248031,
        0.049348 0.784831 1.248031,
        0.055781 0.779483 1.248031,
        0.063337 0.775919 1.248031,
        0.072013 0.774130 1.248031,
        0.158113 0.784380 1.248031,
        0.158113 0.775252 1.248031,
        0.125385 0.784380 1.248031,
        0.125385 0.811316 1.248031,
        0.154019 0.811316 1.248031,
        0.154019 0.820485 1.248031,
        0.125385 0.820485 1.248031,
        0.125385 0.846111 1.248031,
        0.156291 0.846111 1.248031,
        0.156291 0.855321 1.248031,
        0.115049 0.855321 1.248031,
        0.115049 0.775252 1.248031,
        0.226352 0.786468 1.248031,
        0.218068 0.791858 1.248031,
        0.217981 0.780468 1.248031,
        0.212904 0.788270 1.248031,
        0.208852 0.776905 1.248031,
        0.206291 0.785705 1.248031,
        0.195261 0.775252 1.248031,
        0.195200 0.784380 1.248031,
        0.173238 0.775252 1.248031,
        0.183574 0.784380 1.248031,
        0.173238 0.855321 1.248031,
        0.183574 0.846111 1.248031,
        0.196080 0.855321 1.248031,
        0.195671 0.846111 1.248031,
        0.196601 0.846103 1.248031,
        0.208306 0.853971 1.248031,
        0.206809 0.844763 1.248031,
        0.217970 0.850441 1.248031,
        0.213610 0.842114 1.248031,
        0.226352 0.844719 1.248031,
        0.218779 0.838579 1.248031,
        0.229178 0.841954 1.248031,
        0.221014 0.836376 1.248031,
        0.234134 0.834973 1.248031,
        0.224117 0.831887 1.248031,
        0.237096 0.827335 1.248031,
        0.226374 0.826039 1.248031,
        0.238428 0.816310 1.248031,
        0.227559 0.816024 1.248031,
        0.238187 0.811207 1.248031,
        0.227235 0.810435 1.248031,
        0.236247 0.801833 1.248031,
        0.225606 0.803215 1.248031,
        0.232303 0.793552 1.248031,
        0.222777 0.797339 1.248031,
        0.219004 0.792731 1.248031,
        0.195671 0.846111 1.244094,
        0.183574 0.846111 1.244094,
        0.183574 0.784380 1.244094,
        0.195200 0.784380 1.244094,
        0.219004 0.792731 1.244094,
        0.218068 0.791858 1.244094,
        0.212904 0.788270 1.244094,
        0.206291 0.785705 1.244094,
        0.227559 0.816024 1.244094,
        0.227235 0.810435 1.244094,
        0.225606 0.803215 1.244094,
        0.222777 0.797339 1.244094,
        0.218779 0.838579 1.244094,
        0.221014 0.836376 1.244094,
        0.224117 0.831887 1.244094,
        0.226374 0.826039 1.244094,
        0.196601 0.846103 1.244094,
        0.206809 0.844763 1.244094,
        0.213610 0.842114 1.244094,
      ]
    }
    coordIndex [
      92, 93, 4, -1,
      4, 93, 75, -1,
      94, 92, 3, -1,
      3, 92, 4, -1,
      95, 94, 2, -1,
      2, 94, 3, -1,
      96, 95, 74, -1,
      74, 95, 2, -1,
      97, 96, 76, -1,
      76, 96, 74, -1,
      93, 97, 75, -1,
      75, 97, 76, -1,
      95, 96, 94, -1,
      94, 96, 97, -1,
      94, 97, 92, -1,
      92, 97, 93, -1,
      29, 98, 99, -1,
      100, 58, 57, -1,
      100, 57, 101, -1,
      101, 57, 56, -1,
      101, 56, 99, -1,
      99, 56, 55, -1,
      99, 55, 29, -1,
      102, 98, 28, -1,
      28, 98, 29, -1,
      102, 28, 32, -1,
      102, 32, 103, -1,
      32, 43, 103, -1,
      103, 43, 44, -1,
      103, 44, 104, -1,
      104, 44, 40, -1,
      104, 40, 105, -1,
      105, 40, 51, -1,
      105, 51, 106, -1,
      106, 51, 52, -1,
      106, 52, 107, -1,
      107, 52, 50, -1,
      107, 50, 108, -1,
      108, 50, 49, -1,
      108, 49, 109, -1,
      109, 49, 48, -1,
      109, 48, 110, -1,
      110, 48, 47, -1,
      110, 47, 111, -1,
      111, 47, 46, -1,
      111, 46, 112, -1,
      112, 46, 39, -1,
      112, 39, 113, -1,
      113, 39, 38, -1,
      113, 38, 114, -1,
      114, 38, 45, -1,
      114, 45, 115, -1,
      115, 45, 42, -1,
      115, 42, 116, -1,
      116, 42, 41, -1,
      116, 41, 117, -1,
      117, 41, 37, -1,
      117, 37, 118, -1,
      118, 37, 36, -1,
      118, 36, 119, -1,
      119, 36, 35, -1,
      119, 35, 120, -1,
      120, 35, 31, -1,
      120, 31, 121, -1,
      121, 31, 30, -1,
      34, 122, 30, -1,
      30, 122, 123, -1,
      30, 123, 121, -1,
      34, 33, 122, -1,
      122, 33, 27, -1,
      122, 27, 124, -1,
      125, 124, 26, -1,
      26, 124, 27, -1,
      125, 26, 8, -1,
      125, 8, 126, -1,
      53, 127, 54, -1,
      54, 127, 126, -1,
      54, 126, 7, -1,
      7, 126, 8, -1,
      127, 53, 6, -1,
      127, 6, 128, -1,
      6, 5, 128, -1,
      128, 5, 72, -1,
      128, 72, 129, -1,
      129, 72, 71, -1,
      129, 71, 130, -1,
      130, 71, 67, -1,
      130, 67, 131, -1,
      131, 67, 66, -1,
      131, 66, 132, -1,
      132, 66, 65, -1,
      132, 65, 133, -1,
      133, 65, 70, -1,
      133, 70, 134, -1,
      134, 70, 69, -1,
      134, 69, 135, -1,
      135, 69, 68, -1,
      135, 68, 136, -1,
      136, 68, 64, -1,
      136, 64, 137, -1,
      137, 64, 63, -1,
      137, 63, 138, -1,
      138, 63, 62, -1,
      138, 62, 139, -1,
      139, 62, 61, -1,
      139, 61, 140, -1,
      140, 61, 60, -1,
      140, 60, 141, -1,
      141, 60, 59, -1,
      141, 59, 142, -1,
      142, 59, 58, -1,
      142, 58, 100, -1,
      118, 119, 128, -1,
      114, 115, 132, -1,
      132, 115, 131, -1,
      128, 119, 127, -1,
      135, 113, 134, -1,
      134, 113, 114, -1,
      134, 114, 133, -1,
      133, 114, 132, -1,
      119, 120, 127, -1,
      127, 120, 121, -1,
      127, 121, 126, -1,
      126, 121, 123, -1,
      126, 123, 125, -1,
      125, 123, 122, -1,
      125, 122, 124, -1,
      98, 102, 99, -1,
      99, 102, 103, -1,
      99, 103, 101, -1,
      101, 103, 104, -1,
      101, 104, 100, -1,
      100, 104, 105, -1,
      100, 105, 142, -1,
      142, 105, 106, -1,
      142, 106, 141, -1,
      141, 106, 107, -1,
      141, 107, 140, -1,
      140, 107, 108, -1,
      140, 108, 139, -1,
      139, 108, 109, -1,
      139, 109, 138, -1,
      138, 109, 110, -1,
      138, 110, 137, -1,
      137, 110, 136, -1,
      136, 110, 111, -1,
      136, 111, 135, -1,
      135, 111, 112, -1,
      135, 112, 113, -1,
      115, 116, 131, -1,
      131, 116, 117, -1,
      131, 117, 130, -1,
      130, 117, 118, -1,
      130, 118, 129, -1,
      129, 118, 128, -1,
      143, 144, 18, -1,
      18, 144, 73, -1,
      9, 145, 10, -1,
      10, 145, 143, -1,
      10, 143, 18, -1,
      146, 145, 11, -1,
      11, 145, 9, -1,
      146, 11, 147, -1,
      147, 11, 12, -1,
      147, 12, 14, -1,
      148, 147, 13, -1,
      13, 147, 14, -1,
      22, 149, 20, -1,
      20, 149, 148, -1,
      20, 148, 13, -1,
      150, 149, 21, -1,
      21, 149, 22, -1,
      150, 21, 151, -1,
      151, 21, 19, -1,
      151, 19, 15, -1,
      152, 151, 16, -1,
      16, 151, 15, -1,
      23, 153, 17, -1,
      17, 153, 152, -1,
      17, 152, 16, -1,
      154, 153, 24, -1,
      24, 153, 23, -1,
      154, 24, 144, -1,
      144, 24, 25, -1,
      144, 25, 73, -1,
      154, 144, 143, -1,
      143, 145, 154, -1,
      154, 145, 146, -1,
      154, 146, 153, -1,
      151, 152, 150, -1,
      150, 152, 153, -1,
      150, 153, 149, -1,
      149, 153, 146, -1,
      149, 146, 148, -1,
      148, 146, 147, -1,
      155, 156, 157, -1,
      157, 156, 158, -1,
      157, 158, 159, -1,
      159, 158, 160, -1,
      159, 160, 161, -1,
      161, 160, 162, -1,
      161, 162, 163, -1,
      163, 162, 164, -1,
      163, 164, 165, -1,
      165, 164, 166, -1,
      165, 166, 167, -1,
      166, 168, 167, -1,
      167, 168, 169, -1,
      167, 169, 170, -1,
      170, 169, 171, -1,
      170, 171, 172, -1,
      172, 171, 173, -1,
      172, 173, 174, -1,
      174, 173, 175, -1,
      174, 175, 176, -1,
      176, 175, 177, -1,
      176, 177, 178, -1,
      178, 177, 179, -1,
      178, 179, 180, -1,
      180, 179, 181, -1,
      180, 181, 182, -1,
      182, 181, 183, -1,
      182, 183, 184, -1,
      184, 183, 185, -1,
      184, 185, 186, -1,
      186, 185, 187, -1,
      186, 187, 188, -1,
      188, 187, 189, -1,
      188, 189, 155, -1,
      155, 189, 190, -1,
      155, 190, 156, -1,
      161, 163, 85, -1,
      85, 163, 77, -1,
      161, 85, 84, -1,
      161, 84, 159, -1,
      159, 84, 83, -1,
      159, 83, 157, -1,
      157, 83, 82, -1,
      157, 82, 155, -1,
      155, 82, 81, -1,
      155, 81, 188, -1,
      188, 81, 80, -1,
      188, 80, 186, -1,
      186, 80, 79, -1,
      186, 79, 184, -1,
      184, 79, 1, -1,
      184, 1, 182, -1,
      182, 1, 0, -1,
      182, 0, 180, -1,
      180, 0, 78, -1,
      180, 78, 178, -1,
      178, 78, 91, -1,
      178, 91, 176, -1,
      176, 91, 90, -1,
      176, 90, 174, -1,
      174, 90, 89, -1,
      174, 89, 172, -1,
      172, 89, 88, -1,
      172, 88, 170, -1,
      170, 88, 87, -1,
      170, 87, 167, -1,
      165, 167, 86, -1,
      86, 167, 87, -1,
      163, 165, 77, -1,
      77, 165, 86, -1,
      168, 166, 191, -1,
      191, 166, 192, -1,
      166, 164, 192, -1,
      192, 164, 193, -1,
      164, 162, 193, -1,
      193, 162, 194, -1,
      190, 195, 196, -1,
      190, 196, 156, -1,
      156, 196, 197, -1,
      156, 197, 158, -1,
      158, 197, 198, -1,
      158, 198, 160, -1,
      160, 198, 194, -1,
      160, 194, 162, -1,
      183, 199, 200, -1,
      183, 200, 185, -1,
      185, 200, 201, -1,
      185, 201, 187, -1,
      187, 201, 202, -1,
      187, 202, 189, -1,
      189, 202, 195, -1,
      189, 195, 190, -1,
      175, 203, 204, -1,
      175, 204, 177, -1,
      177, 204, 205, -1,
      177, 205, 179, -1,
      179, 205, 206, -1,
      179, 206, 181, -1,
      181, 206, 199, -1,
      181, 199, 183, -1,
      168, 191, 207, -1,
      168, 207, 169, -1,
      169, 207, 208, -1,
      169, 208, 171, -1,
      171, 208, 209, -1,
      171, 209, 173, -1,
      173, 209, 203, -1,
      173, 203, 175, -1,
    ]
  }
}

Shape {
  appearance Appearance {
    material Material {
      diffuseColor 0.7529 0.7529 0.7529
      specularColor 0.3765 0.3765 0.3765
      ambientIntensity 0.2
      transparency 0.0000
      shininess 0.5
    }
  }
  geometry IndexedFaceSet {
    ccw TRUE
    solid FALSE
    coord DEF co Coordinate {
      point [
        0.195671 0.846111 1.244094,
        0.183574 0.846111 1.244094,
        0.183574 0.784380 1.244094,
        0.195200 0.784380 1.244094,
        0.219004 0.792731 1.244094,
        0.218068 0.791858 1.244094,
        0.212904 0.788270 1.244094,
        0.206291 0.785705 1.244094,
        0.227559 0.816024 1.244094,
        0.227235 0.810435 1.244094,
        0.225606 0.803215 1.244094,
        0.222777 0.797339 1.244094,
        0.218779 0.838579 1.244094,
        0.221014 0.836376 1.244094,
        0.224117 0.831887 1.244094,
        0.226374 0.826039 1.244094,
        0.196601 0.846103 1.244094,
        0.206809 0.844763 1.244094,
        0.213610 0.842114 1.244094,
      ]
    }
    coordIndex [
      6, 5, 16, -1,
      1, 2, 0, -1,
      0, 2, 3, -1,
      0, 3, 16, -1,
      16, 3, 7, -1,
      16, 7, 6, -1,
      5, 4, 16, -1,
      16, 4, 11, -1,
      16, 11, 10, -1,
      8, 12, 18, -1,
      15, 14, 8, -1,
      8, 14, 13, -1,
      8, 13, 12, -1,
      10, 9, 16, -1,
      16, 9, 8, -1,
      16, 8, 17, -1,
      17, 8, 18, -1,
    ]
  }
}

Shape {
  appearance Appearance {
    material Material {
      diffuseColor 0.0000 0.0000 0.0000
      specularColor 0.0000 0.0000 0.0000
      ambientIntensity 0.2
      transparency 0.0000
      shininess 0.5
    }
  }
  geometry IndexedFaceSet {
    ccw TRUE
    solid FALSE
    coord DEF co Coordinate {
      point [
        0.265947 0.835841 1.244094,
        0.273366 0.855321 1.244094,
        0.284419 0.855321 1.244094,
        0.314916 0.775252 1.244094,
        0.242869 0.775252 1.244094,
        0.254290 0.775252 1.244094,
        0.261986 0.797152 1.244094,
        0.265947 0.797152 1.244094,
        0.295328 0.797152 1.244094,
        0.303494 0.775252 1.244094,
        0.265261 0.806199 1.248031,
        0.261986 0.797152 1.248031,
        0.292135 0.806199 1.248031,
        0.295328 0.797152 1.248031,
        0.277235 0.839480 1.248031,
        0.273366 0.855321 1.248031,
        0.242869 0.775252 1.248031,
        0.254290 0.775252 1.248031,
        0.277928 0.841869 1.248031,
        0.278544 0.845088 1.248031,
        0.284419 0.855321 1.248031,
        0.278790 0.845088 1.248031,
        0.279437 0.841700 1.248031,
        0.280039 0.839480 1.248031,
        0.314916 0.775252 1.248031,
        0.303494 0.775252 1.248031,
        0.265261 0.806199 1.244094,
        0.292135 0.806199 1.244094,
        0.280039 0.839480 1.244094,
        0.278790 0.845088 1.244094,
        0.279437 0.841700 1.244094,
        0.278544 0.845088 1.244094,
        0.277235 0.839480 1.244094,
        0.277928 0.841869 1.244094,
      ]
    }
    coordIndex [
      10, 11, 12, -1,
      12, 11, 13, -1,
      14, 15, 10, -1,
      10, 15, 16, -1,
      10, 16, 11, -1,
      11, 16, 17, -1,
      14, 18, 15, -1,
      15, 18, 19, -1,
      15, 19, 20, -1,
      20, 19, 21, -1,
      20, 21, 22, -1,
      22, 23, 20, -1,
      20, 23, 12, -1,
      20, 12, 24, -1,
      24, 12, 13, -1,
      24, 13, 25, -1,
      20, 24, 2, -1,
      2, 24, 3, -1,
      15, 20, 1, -1,
      1, 20, 2, -1,
      4, 16, 0, -1,
      0, 16, 15, -1,
      0, 15, 1, -1,
      17, 16, 5, -1,
      5, 16, 4, -1,
      11, 17, 6, -1,
      6, 17, 5, -1,
      8, 13, 7, -1,
      7, 13, 11, -1,
      7, 11, 6, -1,
      25, 13, 9, -1,
      9, 13, 8, -1,
      24, 25, 3, -1,
      3, 25, 9, -1,
      10, 12, 26, -1,
      26, 12, 27, -1,
      12, 23, 27, -1,
      27, 23, 28, -1,
      21, 29, 30, -1,
      21, 30, 22, -1,
      22, 30, 28, -1,
      22, 28, 23, -1,
      21, 19, 29, -1,
      29, 19, 31, -1,
      14, 32, 33, -1,
      14, 33, 18, -1,
      18, 33, 31, -1,
      18, 31, 19, -1,
      14, 10, 32, -1,
      32, 10, 26, -1,
    ]
  }
}

Shape {
  appearance Appearance {
    material Material {
      diffuseColor 0.7529 0.7529 0.7529
      specularColor 0.3765 0.3765 0.3765
      ambientIntensity 0.2
      transparency 0.0000
      shininess 0.5
    }
  }
  geometry IndexedFaceSet {
    ccw TRUE
    solid FALSE
    coord DEF co Coordinate {
      point [
        0.265261 0.806199 1.244094,
        0.292135 0.806199 1.244094,
        0.280039 0.839480 1.244094,
        0.278790 0.845088 1.244094,
        0.279437 0.841700 1.244094,
        0.278544 0.845088 1.244094,
        0.277235 0.839480 1.244094,
        0.277928 0.841869 1.244094,
      ]
    }
    coordIndex [
      3, 5, 4, -1,
      4, 5, 7, -1,
      4, 7, 2, -1,
      2, 7, 6, -1,
      2, 6, 1, -1,
      1, 6, 0, -1,
    ]
  }
}

Shape {
  appearance Appearance {
    material Material {
      diffuseColor 0.0000 0.0000 0.0000
      specularColor 0.0000 0.0000 0.0000
      ambientIntensity 0.2
      transparency 0.0000
      shininess 0.5
    }
  }
  geometry IndexedFaceSet {
    ccw TRUE
    solid FALSE
    coord DEF co Coordinate {
      point [
        0.003909 0.717513 1.244094,
        0.003909 0.693463 1.244094,
        0.032544 0.693463 1.244094,
        0.032544 0.684294 1.244094,
        0.003909 0.719089 1.244094,
        0.034815 0.719089 1.244094,
        0.034815 0.728299 1.244094,
        -0.006427 0.728299 1.244094,
        -0.006427 0.717513 1.244094,
        -0.006427 0.648230 1.244094,
        0.036637 0.648230 1.244094,
        0.036217 0.648230 1.244094,
        0.036217 0.657358 1.244094,
        0.036637 0.657358 1.244094,
        0.070009 0.647567 1.244094,
        0.069902 0.647554 1.244094,
        0.082157 0.648230 1.244094,
        0.058554 0.647554 1.244094,
        0.058371 0.647575 1.244094,
        0.054526 0.649025 1.244094,
        0.051149 0.651381 1.244094,
        0.050044 0.652499 1.244094,
        0.051824 0.691662 1.244094,
        0.082157 0.657072 1.244094,
        0.081891 0.657072 1.244094,
        0.079409 0.653537 1.244094,
        0.051824 0.701405 1.244094,
        0.053904 0.702609 1.244094,
        0.061364 0.705496 1.244094,
        0.076119 0.650459 1.244094,
        0.073996 0.649122 1.244094,
        0.047956 0.655574 1.244094,
        0.046738 0.658961 1.244094,
        0.046237 0.663539 1.244094,
        0.046284 0.665107 1.244094,
        0.046980 0.669358 1.244094,
        0.048411 0.672856 1.244094,
        0.050468 0.675691 1.244094,
        0.053626 0.678329 1.244094,
        0.058052 0.680497 1.244094,
        0.057642 0.695478 1.244094,
        0.065210 0.682206 1.244094,
        0.073970 0.698224 1.244094,
        0.070572 0.698580 1.244094,
        0.063895 0.697799 1.244094,
        0.085267 0.702879 1.244094,
        0.087914 0.700281 1.244094,
        0.089941 0.696983 1.244094,
        0.071514 0.706726 1.244094,
        0.077798 0.706132 1.244094,
        0.081966 0.704818 1.244094,
        0.082157 0.684580 1.244094,
        0.081808 0.689015 1.244094,
        0.080771 0.692586 1.244094,
        0.079593 0.694651 1.244094,
        0.091481 0.692313 1.244094,
        0.092186 0.685030 1.244094,
        0.092186 0.648230 1.244094,
        0.078077 0.696264 1.244094,
        0.076296 0.697411 1.244094,
        0.064371 0.646879 1.244094,
        0.003909 0.684294 1.244094,
        0.003909 0.657358 1.244094,
        0.036637 0.657358 1.248031,
        0.036637 0.648230 1.248031,
        0.003909 0.657358 1.248031,
        0.003909 0.684294 1.248031,
        0.032544 0.684294 1.248031,
        0.032544 0.693463 1.248031,
        0.003909 0.693463 1.248031,
        0.003909 0.719089 1.248031,
        0.034815 0.719089 1.248031,
        0.034815 0.728299 1.248031,
        -0.006427 0.728299 1.248031,
        -0.006427 0.648230 1.248031,
        0.082157 0.648230 1.248031,
        0.092186 0.648230 1.248031,
        0.082157 0.657072 1.248031,
        0.092186 0.685030 1.248031,
        0.068771 0.675124 1.248031,
        0.082157 0.676925 1.248031,
        0.082157 0.671440 1.248031,
        0.081891 0.657072 1.248031,
        0.076602 0.658544 1.248031,
        0.079409 0.653537 1.248031,
        0.073767 0.656632 1.248031,
        0.082148 0.670774 1.248031,
        0.081502 0.666300 1.248031,
        0.080031 0.662721 1.248031,
        0.077859 0.659773 1.248031,
        0.058052 0.680497 1.248031,
        0.053626 0.678329 1.248031,
        0.059948 0.672324 1.248031,
        0.059070 0.671604 1.248031,
        0.082157 0.684580 1.248031,
        0.081808 0.689015 1.248031,
        0.091481 0.692313 1.248031,
        0.080771 0.692586 1.248031,
        0.089941 0.696983 1.248031,
        0.079593 0.694651 1.248031,
        0.087914 0.700281 1.248031,
        0.078077 0.696264 1.248031,
        0.085267 0.702879 1.248031,
        0.076296 0.697411 1.248031,
        0.081966 0.704818 1.248031,
        0.073970 0.698224 1.248031,
        0.077798 0.706132 1.248031,
        0.070572 0.698580 1.248031,
        0.071514 0.706726 1.248031,
        0.063895 0.697799 1.248031,
        0.061364 0.705496 1.248031,
        0.057642 0.695478 1.248031,
        0.053904 0.702609 1.248031,
        0.051824 0.691662 1.248031,
        0.051824 0.701405 1.248031,
        0.057869 0.670117 1.248031,
        0.050468 0.675691 1.248031,
        0.056989 0.668247 1.248031,
        0.048411 0.672856 1.248031,
        0.056494 0.665950 1.248031,
        0.058463 0.658543 1.248031,
        0.051149 0.651381 1.248031,
        0.059315 0.657685 1.248031,
        0.054526 0.649025 1.248031,
        0.061314 0.656321 1.248031,
        0.058371 0.647575 1.248031,
        0.063583 0.655488 1.248031,
        0.064371 0.646879 1.248031,
        0.066970 0.655107 1.248031,
        0.070009 0.647567 1.248031,
        0.070724 0.655526 1.248031,
        0.073996 0.649122 1.248031,
        0.076119 0.650459 1.248031,
        0.062033 0.673452 1.248031,
        0.065210 0.682206 1.248031,
        0.046980 0.669358 1.248031,
        0.046284 0.665107 1.248031,
        0.056409 0.664358 1.248031,
        0.046237 0.663539 1.248031,
        0.056664 0.662056 1.248031,
        0.046738 0.658961 1.248031,
        0.057323 0.660233 1.248031,
        0.047956 0.655574 1.248031,
        0.050044 0.652499 1.248031,
        0.059070 0.671604 1.244094,
        0.059948 0.672324 1.244094,
        0.062033 0.673452 1.244094,
        0.068771 0.675124 1.244094,
        0.056409 0.664358 1.244094,
        0.056494 0.665950 1.244094,
        0.056989 0.668247 1.244094,
        0.057869 0.670117 1.244094,
        0.059315 0.657685 1.244094,
        0.058463 0.658543 1.244094,
        0.057323 0.660233 1.244094,
        0.056664 0.662056 1.244094,
        0.066970 0.655107 1.244094,
        0.063583 0.655488 1.244094,
        0.061314 0.656321 1.244094,
        0.077859 0.659773 1.244094,
        0.076602 0.658544 1.244094,
        0.073767 0.656632 1.244094,
        0.070724 0.655526 1.244094,
        0.082157 0.671440 1.244094,
        0.082148 0.670774 1.244094,
        0.081502 0.666300 1.244094,
        0.080031 0.662721 1.244094,
        0.082157 0.676925 1.244094,
      ]
    }
    coordIndex [
      63, 64, 13, -1,
      13, 64, 10, -1,
      62, 65, 12, -1,
      12, 65, 63, -1,
      12, 63, 13, -1,
      66, 65, 61, -1,
      61, 65, 62, -1,
      67, 66, 3, -1,
      3, 66, 61, -1,
      68, 67, 2, -1,
      2, 67, 3, -1,
      69, 68, 1, -1,
      1, 68, 2, -1,
      4, 70, 0, -1,
      0, 70, 69, -1,
      0, 69, 1, -1,
      71, 70, 5, -1,
      5, 70, 4, -1,
      72, 71, 6, -1,
      6, 71, 5, -1,
      73, 72, 7, -1,
      7, 72, 6, -1,
      9, 74, 8, -1,
      8, 74, 73, -1,
      8, 73, 7, -1,
      10, 64, 11, -1,
      11, 64, 74, -1,
      11, 74, 9, -1,
      74, 64, 63, -1,
      63, 65, 74, -1,
      74, 65, 66, -1,
      74, 66, 73, -1,
      71, 72, 70, -1,
      70, 72, 73, -1,
      70, 73, 69, -1,
      69, 73, 66, -1,
      69, 66, 68, -1,
      68, 66, 67, -1,
      75, 76, 77, -1,
      77, 76, 78, -1,
      79, 80, 78, -1,
      78, 80, 81, -1,
      82, 83, 84, -1,
      84, 83, 85, -1,
      81, 86, 78, -1,
      78, 86, 87, -1,
      78, 87, 77, -1,
      77, 87, 88, -1,
      77, 88, 82, -1,
      82, 88, 89, -1,
      82, 89, 83, -1,
      90, 91, 92, -1,
      92, 91, 93, -1,
      94, 78, 95, -1,
      95, 78, 96, -1,
      95, 96, 97, -1,
      97, 96, 98, -1,
      97, 98, 99, -1,
      99, 98, 100, -1,
      99, 100, 101, -1,
      101, 100, 102, -1,
      101, 102, 103, -1,
      103, 102, 104, -1,
      103, 104, 105, -1,
      105, 104, 106, -1,
      105, 106, 107, -1,
      107, 106, 108, -1,
      107, 108, 109, -1,
      109, 108, 110, -1,
      109, 110, 111, -1,
      111, 110, 112, -1,
      111, 112, 113, -1,
      113, 112, 114, -1,
      93, 91, 115, -1,
      115, 91, 116, -1,
      115, 116, 117, -1,
      117, 116, 118, -1,
      117, 118, 119, -1,
      120, 121, 122, -1,
      122, 121, 123, -1,
      122, 123, 124, -1,
      124, 123, 125, -1,
      124, 125, 126, -1,
      126, 125, 127, -1,
      126, 127, 128, -1,
      128, 127, 129, -1,
      128, 129, 130, -1,
      130, 129, 131, -1,
      130, 131, 85, -1,
      85, 131, 132, -1,
      85, 132, 84, -1,
      79, 78, 133, -1,
      133, 78, 94, -1,
      133, 94, 92, -1,
      92, 94, 134, -1,
      92, 134, 90, -1,
      118, 135, 119, -1,
      119, 135, 136, -1,
      119, 136, 137, -1,
      137, 136, 138, -1,
      137, 138, 139, -1,
      139, 138, 140, -1,
      139, 140, 141, -1,
      141, 140, 142, -1,
      141, 142, 120, -1,
      120, 142, 143, -1,
      120, 143, 121, -1,
      108, 48, 28, -1,
      108, 28, 110, -1,
      110, 28, 27, -1,
      110, 27, 112, -1,
      112, 27, 26, -1,
      112, 26, 114, -1,
      113, 114, 22, -1,
      22, 114, 26, -1,
      113, 22, 40, -1,
      113, 40, 111, -1,
      111, 40, 44, -1,
      111, 44, 109, -1,
      109, 44, 43, -1,
      109, 43, 107, -1,
      107, 43, 42, -1,
      107, 42, 105, -1,
      105, 42, 59, -1,
      105, 59, 103, -1,
      103, 59, 58, -1,
      103, 58, 101, -1,
      101, 58, 54, -1,
      101, 54, 99, -1,
      99, 54, 53, -1,
      99, 53, 97, -1,
      97, 53, 52, -1,
      97, 52, 95, -1,
      95, 52, 51, -1,
      95, 51, 94, -1,
      134, 94, 41, -1,
      41, 94, 51, -1,
      134, 41, 39, -1,
      134, 39, 90, -1,
      90, 39, 38, -1,
      90, 38, 91, -1,
      91, 38, 37, -1,
      91, 37, 116, -1,
      116, 37, 36, -1,
      116, 36, 118, -1,
      118, 36, 35, -1,
      118, 35, 135, -1,
      135, 35, 34, -1,
      135, 34, 136, -1,
      136, 34, 33, -1,
      136, 33, 138, -1,
      138, 33, 32, -1,
      138, 32, 140, -1,
      140, 32, 31, -1,
      140, 31, 142, -1,
      142, 31, 21, -1,
      142, 21, 143, -1,
      143, 21, 20, -1,
      143, 20, 121, -1,
      60, 127, 17, -1,
      17, 127, 125, -1,
      17, 125, 18, -1,
      18, 125, 123, -1,
      18, 123, 19, -1,
      19, 123, 121, -1,
      19, 121, 20, -1,
      60, 15, 127, -1,
      127, 15, 129, -1,
      15, 14, 129, -1,
      129, 14, 30, -1,
      129, 30, 131, -1,
      131, 30, 29, -1,
      131, 29, 132, -1,
      132, 29, 25, -1,
      132, 25, 84, -1,
      84, 25, 24, -1,
      84, 24, 82, -1,
      77, 82, 23, -1,
      23, 82, 24, -1,
      75, 77, 16, -1,
      16, 77, 23, -1,
      76, 75, 57, -1,
      57, 75, 16, -1,
      78, 76, 56, -1,
      56, 76, 57, -1,
      78, 56, 55, -1,
      78, 55, 96, -1,
      96, 55, 47, -1,
      96, 47, 98, -1,
      98, 47, 46, -1,
      98, 46, 100, -1,
      100, 46, 45, -1,
      100, 45, 102, -1,
      102, 45, 50, -1,
      102, 50, 104, -1,
      104, 50, 49, -1,
      104, 49, 106, -1,
      106, 49, 48, -1,
      106, 48, 108, -1,
      93, 144, 145, -1,
      93, 145, 92, -1,
      92, 145, 146, -1,
      92, 146, 133, -1,
      133, 146, 147, -1,
      133, 147, 79, -1,
      137, 148, 149, -1,
      137, 149, 119, -1,
      119, 149, 150, -1,
      119, 150, 117, -1,
      117, 150, 151, -1,
      117, 151, 115, -1,
      115, 151, 144, -1,
      115, 144, 93, -1,
      122, 152, 153, -1,
      122, 153, 120, -1,
      120, 153, 154, -1,
      120, 154, 141, -1,
      141, 154, 155, -1,
      141, 155, 139, -1,
      139, 155, 148, -1,
      139, 148, 137, -1,
      128, 156, 157, -1,
      128, 157, 126, -1,
      126, 157, 158, -1,
      126, 158, 124, -1,
      124, 158, 152, -1,
      124, 152, 122, -1,
      89, 159, 160, -1,
      89, 160, 83, -1,
      83, 160, 161, -1,
      83, 161, 85, -1,
      85, 161, 162, -1,
      85, 162, 130, -1,
      130, 162, 156, -1,
      130, 156, 128, -1,
      81, 163, 164, -1,
      81, 164, 86, -1,
      86, 164, 165, -1,
      86, 165, 87, -1,
      87, 165, 166, -1,
      87, 166, 88, -1,
      88, 166, 159, -1,
      88, 159, 89, -1,
      81, 80, 163, -1,
      163, 80, 167, -1,
      80, 79, 167, -1,
      167, 79, 147, -1,
    ]
  }
}

Shape {
  appearance Appearance {
    material Material {
      diffuseColor 0.7529 0.7529 0.7529
      specularColor 0.3765 0.3765 0.3765
      ambientIntensity 0.2
      transparency 0.0000
      shininess 0.5
    }
  }
  geometry IndexedFaceSet {
    ccw TRUE
    solid FALSE
    coord DEF co Coordinate {
      point [
        0.059070 0.671604 1.244094,
        0.059948 0.672324 1.244094,
        0.062033 0.673452 1.244094,
        0.068771 0.675124 1.244094,
        0.056409 0.664358 1.244094,
        0.056494 0.665950 1.244094,
        0.056989 0.668247 1.244094,
        0.057869 0.670117 1.244094,
        0.059315 0.657685 1.244094,
        0.058463 0.658543 1.244094,
        0.057323 0.660233 1.244094,
        0.056664 0.662056 1.244094,
        0.066970 0.655107 1.244094,
        0.063583 0.655488 1.244094,
        0.061314 0.656321 1.244094,
        0.077859 0.659773 1.244094,
        0.076602 0.658544 1.244094,
        0.073767 0.656632 1.244094,
        0.070724 0.655526 1.244094,
        0.082157 0.671440 1.244094,
        0.082148 0.670774 1.244094,
        0.081502 0.666300 1.244094,
        0.080031 0.662721 1.244094,
        0.082157 0.676925 1.244094,
      ]
    }
    coordIndex [
      20, 19, 0, -1,
      19, 23, 3, -1,
      3, 2, 19, -1,
      19, 2, 1, -1,
      19, 1, 0, -1,
      20, 0, 21, -1,
      21, 0, 7, -1,
      21, 7, 22, -1,
      9, 8, 16, -1,
      9, 16, 10, -1,
      17, 16, 18, -1,
      18, 16, 12, -1,
      7, 6, 22, -1,
      22, 6, 5, -1,
      22, 5, 15, -1,
      15, 5, 4, -1,
      15, 4, 16, -1,
      16, 4, 11, -1,
      16, 11, 10, -1,
      8, 14, 16, -1,
      16, 14, 13, -1,
      16, 13, 12, -1,
    ]
  }
}

Shape {
  appearance Appearance {
    material Material {
      diffuseColor 0.0000 0.0000 0.0000
      specularColor 0.0000 0.0000 0.0000
      ambientIntensity 0.2
      transparency 0.0000
      shininess 0.5
    }
  }
  geometry IndexedFaceSet {
    ccw TRUE
    solid FALSE
    coord DEF co Coordinate {
      point [
        0.225656 0.717513 1.244094,
        0.225656 0.693463 1.244094,
        0.240649 0.693463 1.244094,
        0.225656 0.684294 1.244094,
        0.225656 0.657358 1.244094,
        0.240649 0.657358 1.244094,
        0.160835 0.705416 1.244094,
        0.165676 0.691491 1.244094,
        0.130283 0.647937 1.244094,
        0.127029 0.647554 1.244094,
        0.273509 0.648230 1.244094,
        0.273509 0.717513 1.244094,
        0.326623 0.659446 1.244094,
        0.318252 0.653446 1.244094,
        0.309123 0.649883 1.244094,
        0.295533 0.648230 1.244094,
        0.334406 0.707950 1.244094,
        0.337367 0.700313 1.244094,
        0.332574 0.666530 1.244094,
        0.326807 0.659665 1.244094,
        0.338699 0.689288 1.244094,
        0.338458 0.684185 1.244094,
        0.336518 0.674811 1.244094,
        0.308578 0.726949 1.244094,
        0.318241 0.723419 1.244094,
        0.273509 0.728299 1.244094,
        0.296352 0.728299 1.244094,
        0.111803 0.648003 1.244094,
        0.105777 0.650235 1.244094,
        0.105777 0.660592 1.244094,
        0.141657 0.694446 1.244094,
        0.141657 0.704188 1.244094,
        0.143922 0.659755 1.244094,
        0.142691 0.656577 1.244094,
        0.140821 0.653932 1.244094,
        0.141043 0.673241 1.244094,
        0.142915 0.670478 1.244094,
        0.143985 0.667521 1.244094,
        0.144399 0.663785 1.244094,
        0.108683 0.680937 1.244094,
        0.107376 0.683027 1.244094,
        0.106270 0.686090 1.244094,
        0.105838 0.689983 1.244094,
        0.106234 0.693569 1.244094,
        0.107428 0.696798 1.244094,
        0.109291 0.699508 1.244094,
        0.112265 0.702182 1.244094,
        0.115585 0.704128 1.244094,
        0.137952 0.651422 1.244094,
        0.135574 0.649964 1.244094,
        0.121180 0.706025 1.244094,
        0.128107 0.706726 1.244094,
        0.135143 0.706102 1.244094,
        0.116171 0.655757 1.244094,
        0.121025 0.673364 1.244094,
        0.109874 0.658076 1.244094,
        0.115047 0.676104 1.244094,
        0.110324 0.679221 1.244094,
        0.127125 0.698580 1.244094,
        0.124156 0.698357 1.244094,
        0.116174 0.690884 1.244094,
        0.121473 0.697647 1.244094,
        0.119224 0.696451 1.244094,
        0.116266 0.689550 1.244094,
        0.116664 0.687992 1.244094,
        0.117386 0.686639 1.244094,
        0.122274 0.655066 1.244094,
        0.122717 0.655069 1.244094,
        0.127611 0.670606 1.244094,
        0.127858 0.655644 1.244094,
        0.134104 0.662802 1.244094,
        0.134006 0.664050 1.244094,
        0.118365 0.685563 1.244094,
        0.121900 0.683352 1.244094,
        0.133471 0.697887 1.244094,
        0.128107 0.680650 1.244094,
        0.139150 0.695867 1.244094,
        0.131991 0.679079 1.244094,
        0.138651 0.675375 1.244094,
        0.130446 0.656592 1.244094,
        0.131360 0.657146 1.244094,
        0.132511 0.658168 1.244094,
        0.117711 0.695114 1.244094,
        0.116851 0.693838 1.244094,
        0.116356 0.692484 1.244094,
        0.133387 0.659463 1.244094,
        0.133896 0.660889 1.244094,
        0.133550 0.665616 1.244094,
        0.132775 0.666946 1.244094,
        0.131525 0.668247 1.244094,
        0.115593 0.647554 1.244094,
        0.121291 0.646879 1.244094,
        0.240649 0.648230 1.244094,
        0.215320 0.648230 1.244094,
        0.175776 0.662434 1.244094,
        0.177004 0.657726 1.244094,
        0.177270 0.657726 1.244094,
        0.149619 0.705416 1.244094,
        0.171713 0.647554 1.244094,
        0.172051 0.648352 1.244094,
        0.165676 0.664571 1.244094,
        0.162206 0.621760 1.244094,
        0.158154 0.621294 1.244094,
        0.163784 0.632230 1.244094,
        0.165653 0.634305 1.244094,
        0.165676 0.634346 1.244094,
        0.167651 0.637955 1.244094,
        0.155940 0.621374 1.244094,
        0.151686 0.622113 1.244094,
        0.151686 0.631037 1.244094,
        0.153738 0.630364 1.244094,
        0.157376 0.629891 1.244094,
        0.159922 0.630194 1.244094,
        0.162103 0.631050 1.244094,
        0.178560 0.639592 1.244094,
        0.181699 0.647554 1.244094,
        0.204513 0.705416 1.244094,
        0.215320 0.717513 1.244094,
        0.194115 0.705416 1.244094,
        0.174020 0.630750 1.244094,
        0.170350 0.626343 1.244094,
        0.169666 0.625716 1.244094,
        0.166163 0.623268 1.244094,
        0.165676 0.623082 1.244094,
        0.254290 0.684294 1.244094,
        0.258384 0.648230 1.244094,
        0.258384 0.657358 1.244094,
        0.240649 0.684294 1.244094,
        0.225656 0.719089 1.244094,
        0.254290 0.693463 1.244094,
        0.177731 0.659686 1.244094,
        0.178498 0.662352 1.244094,
        0.215320 0.728299 1.244094,
        0.240649 0.728299 1.244094,
        0.256562 0.728299 1.244094,
        0.256562 0.719089 1.244094,
        0.240649 0.719089 1.244094,
        0.326623 0.717697 1.244094,
        0.326809 0.717515 1.244094,
        0.329450 0.714932 1.244094,
        0.122274 0.655066 1.248031,
        0.116171 0.655757 1.248031,
        0.109874 0.658076 1.248031,
        0.105777 0.660592 1.248031,
        0.105777 0.650235 1.248031,
        0.121291 0.646879 1.248031,
        0.111803 0.648003 1.248031,
        0.130283 0.647937 1.248031,
        0.135574 0.649964 1.248031,
        0.137952 0.651422 1.248031,
        0.140821 0.653932 1.248031,
        0.142691 0.656577 1.248031,
        0.143922 0.659755 1.248031,
        0.144399 0.663785 1.248031,
        0.143985 0.667521 1.248031,
        0.142915 0.670478 1.248031,
        0.141043 0.673241 1.248031,
        0.138651 0.675375 1.248031,
        0.131991 0.679079 1.248031,
        0.128107 0.680650 1.248031,
        0.121900 0.683352 1.248031,
        0.118365 0.685563 1.248031,
        0.117386 0.686639 1.248031,
        0.116664 0.687992 1.248031,
        0.116266 0.689550 1.248031,
        0.116174 0.690884 1.248031,
        0.116356 0.692484 1.248031,
        0.116851 0.693838 1.248031,
        0.117711 0.695114 1.248031,
        0.119224 0.696451 1.248031,
        0.121473 0.697647 1.248031,
        0.124156 0.698357 1.248031,
        0.127125 0.698580 1.248031,
        0.133471 0.697887 1.248031,
        0.139150 0.695867 1.248031,
        0.141657 0.694446 1.248031,
        0.141657 0.704188 1.248031,
        0.135143 0.706102 1.248031,
        0.128107 0.706726 1.248031,
        0.121180 0.706025 1.248031,
        0.115585 0.704128 1.248031,
        0.112265 0.702182 1.248031,
        0.109291 0.699508 1.248031,
        0.107428 0.696798 1.248031,
        0.106234 0.693569 1.248031,
        0.105838 0.689983 1.248031,
        0.106270 0.686090 1.248031,
        0.107376 0.683027 1.248031,
        0.108683 0.680937 1.248031,
        0.110324 0.679221 1.248031,
        0.115047 0.676104 1.248031,
        0.121025 0.673364 1.248031,
        0.127611 0.670606 1.248031,
        0.131525 0.668247 1.248031,
        0.132775 0.666946 1.248031,
        0.133550 0.665616 1.248031,
        0.134006 0.664050 1.248031,
        0.134104 0.662802 1.248031,
        0.133896 0.660889 1.248031,
        0.133387 0.659463 1.248031,
        0.132511 0.658168 1.248031,
        0.131360 0.657146 1.248031,
        0.130446 0.656592 1.248031,
        0.127858 0.655644 1.248031,
        0.122717 0.655069 1.248031,
        0.194115 0.705416 1.248031,
        0.204513 0.705416 1.248031,
        0.178498 0.662352 1.248031,
        0.177731 0.659686 1.248031,
        0.177270 0.657726 1.248031,
        0.177004 0.657726 1.248031,
        0.175776 0.662434 1.248031,
        0.160835 0.705416 1.248031,
        0.149619 0.705416 1.248031,
        0.172051 0.648352 1.248031,
        0.167651 0.637955 1.248031,
        0.165653 0.634305 1.248031,
        0.163784 0.632230 1.248031,
        0.162103 0.631050 1.248031,
        0.159922 0.630194 1.248031,
        0.157376 0.629891 1.248031,
        0.153738 0.630364 1.248031,
        0.151686 0.631037 1.248031,
        0.151686 0.622113 1.248031,
        0.155940 0.621374 1.248031,
        0.158154 0.621294 1.248031,
        0.162206 0.621760 1.248031,
        0.166163 0.623268 1.248031,
        0.169666 0.625716 1.248031,
        0.170350 0.626343 1.248031,
        0.174020 0.630750 1.248031,
        0.178560 0.639592 1.248031,
        0.258384 0.657358 1.248031,
        0.258384 0.648230 1.248031,
        0.225656 0.657358 1.248031,
        0.225656 0.684294 1.248031,
        0.254290 0.684294 1.248031,
        0.254290 0.693463 1.248031,
        0.225656 0.693463 1.248031,
        0.225656 0.719089 1.248031,
        0.256562 0.719089 1.248031,
        0.256562 0.728299 1.248031,
        0.215320 0.728299 1.248031,
        0.215320 0.648230 1.248031,
        0.326623 0.659446 1.248031,
        0.318339 0.664836 1.248031,
        0.318252 0.653446 1.248031,
        0.313175 0.661248 1.248031,
        0.309123 0.649883 1.248031,
        0.306562 0.658683 1.248031,
        0.295533 0.648230 1.248031,
        0.295471 0.657358 1.248031,
        0.273509 0.648230 1.248031,
        0.283846 0.657358 1.248031,
        0.273509 0.728299 1.248031,
        0.283846 0.719089 1.248031,
        0.296352 0.728299 1.248031,
        0.295942 0.719089 1.248031,
        0.296872 0.719081 1.248031,
        0.308578 0.726949 1.248031,
        0.307080 0.717741 1.248031,
        0.318241 0.723419 1.248031,
        0.313881 0.715092 1.248031,
        0.326623 0.717697 1.248031,
        0.319050 0.711557 1.248031,
        0.329450 0.714932 1.248031,
        0.321285 0.709353 1.248031,
        0.334406 0.707950 1.248031,
        0.324388 0.704864 1.248031,
        0.337367 0.700313 1.248031,
        0.326645 0.699016 1.248031,
        0.338699 0.689288 1.248031,
        0.327831 0.689001 1.248031,
        0.338458 0.684185 1.248031,
        0.327506 0.683413 1.248031,
        0.336518 0.674811 1.248031,
        0.325876 0.676193 1.248031,
        0.332574 0.666530 1.248031,
        0.323048 0.670317 1.248031,
        0.319275 0.665709 1.248031,
        0.295942 0.719089 1.244094,
        0.283846 0.719089 1.244094,
        0.283846 0.657358 1.244094,
        0.295471 0.657358 1.244094,
        0.319275 0.665709 1.244094,
        0.318339 0.664836 1.244094,
        0.313175 0.661248 1.244094,
        0.306562 0.658683 1.244094,
        0.327831 0.689001 1.244094,
        0.327506 0.683413 1.244094,
        0.325876 0.676193 1.244094,
        0.323048 0.670317 1.244094,
        0.319050 0.711557 1.244094,
        0.321285 0.709353 1.244094,
        0.324388 0.704864 1.244094,
        0.326645 0.699016 1.244094,
        0.296872 0.719081 1.244094,
        0.307080 0.717741 1.244094,
        0.313881 0.715092 1.244094,
      ]
    }
    coordIndex [
      140, 66, 53, -1,
      140, 53, 141, -1,
      141, 53, 55, -1,
      141, 55, 142, -1,
      142, 55, 29, -1,
      142, 29, 143, -1,
      144, 143, 28, -1,
      28, 143, 29, -1,
      91, 145, 90, -1,
      90, 145, 146, -1,
      90, 146, 27, -1,
      27, 146, 144, -1,
      27, 144, 28, -1,
      145, 91, 147, -1,
      147, 91, 9, -1,
      9, 8, 147, -1,
      147, 8, 49, -1,
      147, 49, 148, -1,
      148, 49, 48, -1,
      148, 48, 149, -1,
      149, 48, 34, -1,
      149, 34, 150, -1,
      150, 34, 33, -1,
      150, 33, 151, -1,
      151, 33, 32, -1,
      151, 32, 152, -1,
      152, 32, 38, -1,
      152, 38, 153, -1,
      153, 38, 37, -1,
      153, 37, 154, -1,
      154, 37, 36, -1,
      154, 36, 155, -1,
      155, 36, 35, -1,
      155, 35, 156, -1,
      156, 35, 78, -1,
      156, 78, 157, -1,
      157, 78, 77, -1,
      157, 77, 158, -1,
      158, 77, 75, -1,
      158, 75, 159, -1,
      159, 75, 73, -1,
      159, 73, 160, -1,
      160, 73, 72, -1,
      160, 72, 161, -1,
      161, 72, 65, -1,
      161, 65, 162, -1,
      162, 65, 64, -1,
      162, 64, 163, -1,
      163, 64, 63, -1,
      163, 63, 164, -1,
      164, 63, 60, -1,
      164, 60, 165, -1,
      165, 60, 84, -1,
      165, 84, 166, -1,
      166, 84, 83, -1,
      166, 83, 167, -1,
      167, 83, 82, -1,
      167, 82, 168, -1,
      168, 82, 62, -1,
      168, 62, 169, -1,
      169, 62, 61, -1,
      169, 61, 170, -1,
      170, 61, 59, -1,
      170, 59, 171, -1,
      171, 59, 58, -1,
      171, 58, 172, -1,
      172, 58, 74, -1,
      172, 74, 173, -1,
      173, 74, 76, -1,
      173, 76, 174, -1,
      174, 76, 30, -1,
      174, 30, 175, -1,
      176, 175, 31, -1,
      31, 175, 30, -1,
      176, 31, 52, -1,
      176, 52, 177, -1,
      177, 52, 51, -1,
      177, 51, 178, -1,
      178, 51, 50, -1,
      178, 50, 179, -1,
      179, 50, 47, -1,
      179, 47, 180, -1,
      180, 47, 46, -1,
      180, 46, 181, -1,
      181, 46, 45, -1,
      181, 45, 182, -1,
      182, 45, 44, -1,
      182, 44, 183, -1,
      183, 44, 43, -1,
      183, 43, 184, -1,
      184, 43, 42, -1,
      184, 42, 185, -1,
      185, 42, 41, -1,
      185, 41, 186, -1,
      186, 41, 40, -1,
      186, 40, 187, -1,
      187, 40, 39, -1,
      187, 39, 188, -1,
      188, 39, 57, -1,
      188, 57, 189, -1,
      189, 57, 56, -1,
      189, 56, 190, -1,
      190, 56, 54, -1,
      190, 54, 191, -1,
      191, 54, 68, -1,
      191, 68, 192, -1,
      192, 68, 89, -1,
      192, 89, 193, -1,
      193, 89, 88, -1,
      193, 88, 194, -1,
      194, 88, 87, -1,
      194, 87, 195, -1,
      195, 87, 71, -1,
      195, 71, 196, -1,
      196, 71, 70, -1,
      196, 70, 197, -1,
      197, 70, 86, -1,
      197, 86, 198, -1,
      198, 86, 85, -1,
      198, 85, 199, -1,
      199, 85, 81, -1,
      199, 81, 200, -1,
      200, 81, 80, -1,
      200, 80, 201, -1,
      201, 80, 79, -1,
      201, 79, 202, -1,
      202, 79, 69, -1,
      202, 69, 203, -1,
      203, 69, 67, -1,
      203, 67, 204, -1,
      204, 67, 66, -1,
      204, 66, 140, -1,
      168, 169, 180, -1,
      180, 169, 179, -1,
      192, 159, 191, -1,
      191, 159, 160, -1,
      148, 149, 200, -1,
      200, 149, 150, -1,
      200, 150, 199, -1,
      199, 150, 151, -1,
      199, 151, 198, -1,
      198, 151, 152, -1,
      198, 152, 197, -1,
      197, 152, 153, -1,
      197, 153, 196, -1,
      196, 153, 154, -1,
      196, 154, 195, -1,
      195, 154, 155, -1,
      195, 155, 194, -1,
      194, 155, 156, -1,
      194, 156, 193, -1,
      193, 156, 157, -1,
      193, 157, 192, -1,
      192, 157, 158, -1,
      192, 158, 159, -1,
      145, 140, 146, -1,
      146, 140, 141, -1,
      146, 141, 144, -1,
      144, 141, 142, -1,
      144, 142, 143, -1,
      169, 170, 179, -1,
      179, 170, 171, -1,
      179, 171, 178, -1,
      178, 171, 172, -1,
      178, 172, 177, -1,
      177, 172, 173, -1,
      177, 173, 176, -1,
      176, 173, 174, -1,
      176, 174, 175, -1,
      200, 201, 148, -1,
      148, 201, 202, -1,
      148, 202, 147, -1,
      147, 202, 203, -1,
      147, 203, 145, -1,
      145, 203, 204, -1,
      145, 204, 140, -1,
      180, 181, 168, -1,
      168, 181, 182, -1,
      168, 182, 167, -1,
      167, 182, 183, -1,
      167, 183, 166, -1,
      166, 183, 184, -1,
      166, 184, 165, -1,
      165, 184, 185, -1,
      165, 185, 164, -1,
      164, 185, 186, -1,
      164, 186, 163, -1,
      163, 186, 187, -1,
      163, 187, 162, -1,
      162, 187, 188, -1,
      162, 188, 161, -1,
      161, 188, 189, -1,
      161, 189, 160, -1,
      160, 189, 190, -1,
      160, 190, 191, -1,
      205, 206, 118, -1,
      118, 206, 116, -1,
      207, 205, 131, -1,
      131, 205, 118, -1,
      207, 131, 130, -1,
      207, 130, 208, -1,
      208, 130, 96, -1,
      208, 96, 209, -1,
      210, 209, 95, -1,
      95, 209, 96, -1,
      211, 210, 94, -1,
      94, 210, 95, -1,
      6, 212, 7, -1,
      7, 212, 211, -1,
      7, 211, 94, -1,
      213, 212, 97, -1,
      97, 212, 6, -1,
      99, 214, 100, -1,
      100, 214, 213, -1,
      100, 213, 97, -1,
      106, 215, 98, -1,
      98, 215, 214, -1,
      98, 214, 99, -1,
      106, 105, 215, -1,
      215, 105, 216, -1,
      105, 104, 216, -1,
      216, 104, 103, -1,
      216, 103, 217, -1,
      217, 103, 113, -1,
      217, 113, 218, -1,
      218, 113, 112, -1,
      218, 112, 219, -1,
      219, 112, 111, -1,
      219, 111, 220, -1,
      220, 111, 110, -1,
      220, 110, 221, -1,
      221, 110, 109, -1,
      221, 109, 222, -1,
      223, 222, 108, -1,
      108, 222, 109, -1,
      223, 108, 107, -1,
      223, 107, 224, -1,
      224, 107, 102, -1,
      224, 102, 225, -1,
      225, 102, 101, -1,
      225, 101, 226, -1,
      226, 101, 123, -1,
      226, 123, 227, -1,
      123, 122, 227, -1,
      227, 122, 121, -1,
      227, 121, 228, -1,
      228, 121, 120, -1,
      228, 120, 229, -1,
      229, 120, 119, -1,
      229, 119, 230, -1,
      230, 119, 114, -1,
      230, 114, 231, -1,
      116, 206, 115, -1,
      115, 206, 231, -1,
      115, 231, 114, -1,
      208, 209, 231, -1,
      206, 205, 231, -1,
      231, 205, 207, -1,
      231, 207, 208, -1,
      212, 213, 211, -1,
      211, 213, 214, -1,
      211, 214, 210, -1,
      222, 223, 221, -1,
      221, 223, 224, -1,
      221, 224, 220, -1,
      220, 224, 225, -1,
      220, 225, 219, -1,
      219, 225, 226, -1,
      219, 226, 218, -1,
      218, 226, 227, -1,
      218, 227, 217, -1,
      209, 210, 231, -1,
      231, 210, 214, -1,
      231, 214, 230, -1,
      214, 215, 230, -1,
      230, 215, 216, -1,
      230, 216, 229, -1,
      229, 216, 217, -1,
      229, 217, 228, -1,
      228, 217, 227, -1,
      232, 233, 126, -1,
      126, 233, 125, -1,
      4, 234, 5, -1,
      5, 234, 232, -1,
      5, 232, 126, -1,
      235, 234, 3, -1,
      3, 234, 4, -1,
      124, 236, 127, -1,
      127, 236, 235, -1,
      127, 235, 3, -1,
      237, 236, 129, -1,
      129, 236, 124, -1,
      1, 238, 2, -1,
      2, 238, 237, -1,
      2, 237, 129, -1,
      128, 239, 0, -1,
      0, 239, 238, -1,
      0, 238, 1, -1,
      135, 240, 136, -1,
      136, 240, 239, -1,
      136, 239, 128, -1,
      241, 240, 134, -1,
      134, 240, 135, -1,
      132, 242, 133, -1,
      133, 242, 241, -1,
      133, 241, 134, -1,
      93, 243, 117, -1,
      117, 243, 242, -1,
      117, 242, 132, -1,
      125, 233, 92, -1,
      92, 233, 243, -1,
      92, 243, 93, -1,
      243, 233, 232, -1,
      232, 234, 243, -1,
      243, 234, 235, -1,
      243, 235, 242, -1,
      240, 241, 239, -1,
      239, 241, 242, -1,
      239, 242, 238, -1,
      238, 242, 235, -1,
      238, 235, 237, -1,
      237, 235, 236, -1,
      244, 245, 246, -1,
      246, 245, 247, -1,
      246, 247, 248, -1,
      248, 247, 249, -1,
      248, 249, 250, -1,
      250, 249, 251, -1,
      250, 251, 252, -1,
      252, 251, 253, -1,
      252, 253, 254, -1,
      254, 253, 255, -1,
      254, 255, 256, -1,
      255, 257, 256, -1,
      256, 257, 258, -1,
      256, 258, 259, -1,
      259, 258, 260, -1,
      259, 260, 261, -1,
      261, 260, 262, -1,
      261, 262, 263, -1,
      263, 262, 264, -1,
      263, 264, 265, -1,
      265, 264, 266, -1,
      265, 266, 267, -1,
      267, 266, 268, -1,
      267, 268, 269, -1,
      269, 268, 270, -1,
      269, 270, 271, -1,
      271, 270, 272, -1,
      271, 272, 273, -1,
      273, 272, 274, -1,
      273, 274, 275, -1,
      275, 274, 276, -1,
      275, 276, 277, -1,
      277, 276, 278, -1,
      277, 278, 244, -1,
      244, 278, 279, -1,
      244, 279, 245, -1,
      250, 252, 15, -1,
      15, 252, 10, -1,
      250, 15, 14, -1,
      250, 14, 248, -1,
      248, 14, 13, -1,
      248, 13, 246, -1,
      246, 13, 12, -1,
      246, 12, 244, -1,
      244, 12, 19, -1,
      244, 19, 277, -1,
      19, 18, 277, -1,
      277, 18, 22, -1,
      277, 22, 275, -1,
      275, 22, 21, -1,
      275, 21, 273, -1,
      273, 21, 20, -1,
      273, 20, 271, -1,
      137, 263, 138, -1,
      138, 263, 265, -1,
      138, 265, 139, -1,
      139, 265, 267, -1,
      139, 267, 16, -1,
      16, 267, 269, -1,
      16, 269, 17, -1,
      17, 269, 271, -1,
      17, 271, 20, -1,
      263, 137, 24, -1,
      263, 24, 261, -1,
      261, 24, 23, -1,
      261, 23, 259, -1,
      259, 23, 26, -1,
      259, 26, 256, -1,
      254, 256, 25, -1,
      25, 256, 26, -1,
      10, 252, 11, -1,
      11, 252, 254, -1,
      11, 254, 25, -1,
      257, 255, 280, -1,
      280, 255, 281, -1,
      255, 253, 281, -1,
      281, 253, 282, -1,
      253, 251, 282, -1,
      282, 251, 283, -1,
      279, 284, 285, -1,
      279, 285, 245, -1,
      245, 285, 286, -1,
      245, 286, 247, -1,
      247, 286, 287, -1,
      247, 287, 249, -1,
      249, 287, 283, -1,
      249, 283, 251, -1,
      272, 288, 289, -1,
      272, 289, 274, -1,
      274, 289, 290, -1,
      274, 290, 276, -1,
      276, 290, 291, -1,
      276, 291, 278, -1,
      278, 291, 284, -1,
      278, 284, 279, -1,
      264, 292, 293, -1,
      264, 293, 266, -1,
      266, 293, 294, -1,
      266, 294, 268, -1,
      268, 294, 295, -1,
      268, 295, 270, -1,
      270, 295, 288, -1,
      270, 288, 272, -1,
      257, 280, 296, -1,
      257, 296, 258, -1,
      258, 296, 297, -1,
      258, 297, 260, -1,
      260, 297, 298, -1,
      260, 298, 262, -1,
      262, 298, 292, -1,
      262, 292, 264, -1,
    ]
  }
}

Shape {
  appearance Appearance {
    material Material {
      diffuseColor 0.7529 0.7529 0.7529
      specularColor 0.3765 0.3765 0.3765
      ambientIntensity 0.2
      transparency 0.0000
      shininess 0.5
    }
  }
  geometry IndexedFaceSet {
    ccw TRUE
    solid FALSE
    coord DEF co Coordinate {
      point [
        0.295942 0.719089 1.244094,
        0.283846 0.719089 1.244094,
        0.283846 0.657358 1.244094,
        0.295471 0.657358 1.244094,
        0.319275 0.665709 1.244094,
        0.318339 0.664836 1.244094,
        0.313175 0.661248 1.244094,
        0.306562 0.658683 1.244094,
        0.327831 0.689001 1.244094,
        0.327506 0.683413 1.244094,
        0.325876 0.676193 1.244094,
        0.323048 0.670317 1.244094,
        0.319050 0.711557 1.244094,
        0.321285 0.709353 1.244094,
        0.324388 0.704864 1.244094,
        0.326645 0.699016 1.244094,
        0.296872 0.719081 1.244094,
        0.307080 0.717741 1.244094,
        0.313881 0.715092 1.244094,
      ]
    }
    coordIndex [
      6, 5, 16, -1,
      1, 2, 0, -1,
      0, 2, 3, -1,
      0, 3, 16, -1,
      16, 3, 7, -1,
      16, 7, 6, -1,
      5, 4, 16, -1,
      16, 4, 11, -1,
      16, 11, 10, -1,
      8, 12, 18, -1,
      15, 14, 8, -1,
      8, 14, 13, -1,
      8, 13, 12, -1,
      10, 9, 16, -1,
      16, 9, 8, -1,
      16, 8, 17, -1,
      17, 8, 18, -1,
    ]
  }
}

Shape {
  appearance Appearance {
    material Material {
      diffuseColor 0.0000 0.0000 0.0000
      specularColor 0.0000 0.0000 0.0000
      ambientIntensity 0.2
      transparency 0.0000
      shininess 0.5
    }
  }
  geometry IndexedFaceSet {
    ccw TRUE
    solid FALSE
    coord DEF co Coordinate {
      point [
        0.354561 0.648230 1.244094,
        0.343141 0.648230 1.244094,
        0.403766 0.648230 1.244094,
        0.395599 0.670130 1.244094,
        0.362257 0.670130 1.244094,
        0.369529 0.717513 1.244094,
        0.415187 0.648230 1.244094,
        0.388798 0.717513 1.244094,
        0.384690 0.728299 1.244094,
        0.373637 0.728299 1.244094,
        0.365532 0.679177 1.248031,
        0.362257 0.670130 1.248031,
        0.392406 0.679177 1.248031,
        0.395599 0.670130 1.248031,
        0.377506 0.712457 1.248031,
        0.373637 0.728299 1.248031,
        0.343141 0.648230 1.248031,
        0.354561 0.648230 1.248031,
        0.378199 0.714847 1.248031,
        0.378816 0.718065 1.248031,
        0.384690 0.728299 1.248031,
        0.379061 0.718065 1.248031,
        0.379709 0.714678 1.248031,
        0.380310 0.712457 1.248031,
        0.415187 0.648230 1.248031,
        0.403766 0.648230 1.248031,
        0.365532 0.679177 1.244094,
        0.392406 0.679177 1.244094,
        0.380310 0.712457 1.244094,
        0.379061 0.718065 1.244094,
        0.379709 0.714678 1.244094,
        0.378816 0.718065 1.244094,
        0.377506 0.712457 1.244094,
        0.378199 0.714847 1.244094,
      ]
    }
    coordIndex [
      10, 11, 12, -1,
      12, 11, 13, -1,
      14, 15, 10, -1,
      10, 15, 16, -1,
      10, 16, 11, -1,
      11, 16, 17, -1,
      14, 18, 15, -1,
      15, 18, 19, -1,
      15, 19, 20, -1,
      20, 19, 21, -1,
      20, 21, 22, -1,
      22, 23, 20, -1,
      20, 23, 12, -1,
      20, 12, 24, -1,
      24, 12, 13, -1,
      24, 13, 25, -1,
      24, 6, 20, -1,
      20, 6, 7, -1,
      20, 7, 8, -1,
      15, 20, 9, -1,
      9, 20, 8, -1,
      1, 16, 5, -1,
      5, 16, 15, -1,
      5, 15, 9, -1,
      17, 16, 0, -1,
      0, 16, 1, -1,
      11, 17, 4, -1,
      4, 17, 0, -1,
      13, 11, 3, -1,
      3, 11, 4, -1,
      25, 13, 2, -1,
      2, 13, 3, -1,
      24, 25, 6, -1,
      6, 25, 2, -1,
      10, 12, 26, -1,
      26, 12, 27, -1,
      12, 23, 27, -1,
      27, 23, 28, -1,
      21, 29, 30, -1,
      21, 30, 22, -1,
      22, 30, 28, -1,
      22, 28, 23, -1,
      21, 19, 29, -1,
      29, 19, 31, -1,
      14, 32, 33, -1,
      14, 33, 18, -1,
      18, 33, 31, -1,
      18, 31, 19, -1,
      14, 10, 32, -1,
      32, 10, 26, -1,
    ]
  }
}

Shape {
  appearance Appearance {
    material Material {
      diffuseColor 0.7529 0.7529 0.7529
      specularColor 0.3765 0.3765 0.3765
      ambientIntensity 0.2
      transparency 0.0000
      shininess 0.5
    }
  }
  geometry IndexedFaceSet {
    ccw TRUE
    solid FALSE
    coord DEF co Coordinate {
      point [
        0.365532 0.679177 1.244094,
        0.392406 0.679177 1.244094,
        0.380310 0.712457 1.244094,
        0.379061 0.718065 1.244094,
        0.379709 0.714678 1.244094,
        0.378816 0.718065 1.244094,
        0.377506 0.712457 1.244094,
        0.378199 0.714847 1.244094,
      ]
    }
    coordIndex [
      3, 5, 4, -1,
      4, 5, 7, -1,
      4, 7, 2, -1,
      2, 7, 6, -1,
      2, 6, 1, -1,
      1, 6, 0, -1,
    ]
  }
}

Shape {
  appearance Appearance {
    material Material {
      diffuseColor 0.0000 0.0000 0.0000
      specularColor 0.0000 0.0000 0.0000
      ambientIntensity 0.2
      transparency 0.0000
      shininess 0.5
    }
  }
  geometry IndexedFaceSet {
    ccw TRUE
    solid FALSE
    coord DEF co Coordinate {
      point [
        -0.278921 0.714507 1.244094,
        -0.268975 0.705450 1.244094,
        -0.245883 0.717513 1.244094,
        -0.159103 0.847202 1.244094,
        -0.139240 0.823857 1.244094,
        -0.108611 0.792872 1.244094,
        -0.093174 0.779808 1.244094,
        -0.081558 0.763610 1.244094,
        -0.128362 0.802228 1.244094,
        -0.125551 0.801283 1.244094,
        -0.236526 0.876805 1.244094,
        -0.209233 0.873461 1.244094,
        -0.181014 0.862448 1.244094,
        -0.171743 0.855997 1.244094,
        -0.302528 0.855997 1.244094,
        -0.288345 0.864550 1.244094,
        -0.261914 0.873997 1.244094,
        -0.304841 0.854603 1.244094,
        -0.431219 0.765342 1.244094,
        -0.422130 0.785835 1.244094,
        -0.408450 0.803367 1.244094,
        -0.365402 0.827924 1.244094,
        -0.342983 0.830693 1.244094,
        -0.318219 0.843146 1.244094,
        -0.336436 0.830337 1.244094,
        -0.329889 0.829554 1.244094,
        -0.404600 0.807011 1.244094,
        -0.386491 0.819738 1.244094,
        -0.432620 0.717513 1.244094,
        -0.435207 0.738469 1.244094,
        -0.435045 0.743947 1.244094,
        -0.433766 0.751100 1.244094,
        -0.373038 0.651274 1.244094,
        -0.393602 0.661314 1.244094,
        -0.365754 0.649091 1.244094,
        -0.411297 0.676416 1.244094,
        -0.424305 0.694993 1.244094,
        -0.432457 0.716187 1.244094,
        -0.327310 0.612517 1.244094,
        -0.340444 0.618035 1.244094,
        -0.351580 0.626430 1.244094,
        -0.360046 0.636878 1.244094,
        -0.365036 0.647554 1.244094,
        -0.258376 0.647346 1.244094,
        -0.265108 0.634656 1.244094,
        -0.273859 0.624841 1.244094,
        -0.285199 0.616951 1.244094,
        -0.297896 0.612075 1.244094,
        -0.311672 0.610379 1.244094,
        -0.313869 0.610420 1.244094,
        -0.073307 0.717513 1.244094,
        -0.074617 0.707322 1.244094,
        -0.185638 0.681138 1.244094,
        -0.181732 0.682681 1.244094,
        -0.175043 0.715128 1.244094,
        -0.093066 0.673570 1.244094,
        -0.108561 0.660454 1.244094,
        -0.189139 0.678657 1.244094,
        -0.177320 0.683248 1.244094,
        -0.176766 0.683207 1.244094,
        -0.175058 0.682829 1.244094,
        -0.081772 0.689301 1.244094,
        -0.194968 0.665600 1.244094,
        -0.194824 0.667846 1.244094,
        -0.254743 0.673000 1.244094,
        -0.193680 0.672179 1.244094,
        -0.191491 0.676063 1.244094,
        -0.118851 0.696974 1.244094,
        -0.112588 0.705854 1.244094,
        -0.181666 0.648469 1.244094,
        -0.185431 0.649951 1.244094,
        -0.258327 0.647554 1.244094,
        -0.189124 0.652576 1.244094,
        -0.190447 0.653923 1.244094,
        -0.192928 0.657499 1.244094,
        -0.194428 0.661359 1.244094,
        -0.255050 0.661401 1.244094,
        -0.254743 0.667307 1.244094,
        -0.125931 0.651956 1.244094,
        -0.144871 0.647952 1.244094,
        -0.178459 0.647952 1.244094,
        -0.173905 0.682678 1.244094,
        -0.148287 0.682678 1.244094,
        -0.138078 0.684633 1.244094,
        -0.128032 0.689284 1.244094,
        -0.119613 0.696156 1.244094,
        -0.108665 0.716000 1.244094,
        -0.108478 0.717513 1.244094,
        -0.176438 0.717513 1.244094,
        -0.107298 0.727083 1.244094,
        -0.337834 0.718323 1.244094,
        -0.325259 0.723132 1.244094,
        -0.397927 0.751100 1.244094,
        -0.107575 0.732060 1.244094,
        -0.110246 0.742995 1.244094,
        -0.192691 0.745300 1.244094,
        -0.311672 0.724806 1.244094,
        -0.114613 0.751100 1.244094,
        -0.394760 0.717513 1.244094,
        -0.339001 0.717513 1.244094,
        -0.398664 0.730850 1.244094,
        -0.399342 0.739607 1.244094,
        -0.304742 0.724394 1.244094,
        -0.291001 0.720981 1.244094,
        -0.284530 0.717513 1.244094,
        -0.394585 0.716915 1.244094,
        -0.358888 0.699478 1.244094,
        -0.349475 0.710238 1.244094,
        -0.387794 0.705356 1.244094,
        -0.377587 0.694870 1.244094,
        -0.365185 0.687233 1.244094,
        -0.168517 0.805669 1.244094,
        -0.181354 0.821012 1.244094,
        -0.312241 0.787996 1.244094,
        -0.182811 0.822340 1.244094,
        -0.198807 0.833438 1.244094,
        -0.303548 0.805998 1.244094,
        -0.316322 0.790227 1.244094,
        -0.329088 0.794887 1.244094,
        -0.115539 0.752818 1.244094,
        -0.122112 0.760160 1.244094,
        -0.151702 0.771487 1.244094,
        -0.130942 0.766326 1.244094,
        -0.140878 0.770152 1.244094,
        -0.156257 0.771487 1.244094,
        -0.159736 0.787324 1.244094,
        -0.362375 0.792903 1.244094,
        -0.375065 0.786171 1.244094,
        -0.348320 0.796229 1.244094,
        -0.384880 0.777419 1.244094,
        -0.392770 0.766080 1.244094,
        -0.290781 0.821253 1.244094,
        -0.216659 0.840276 1.244094,
        -0.275506 0.832414 1.244094,
        -0.235957 0.842648 1.244094,
        -0.256907 0.839950 1.244094,
        -0.342413 0.796535 1.244094,
        -0.397646 0.753383 1.244094,
        -0.076554 0.751100 1.244094,
        -0.074603 0.746222 1.244094,
        -0.072002 0.727652 1.244094,
        -0.360046 0.636878 1.248031,
        -0.351580 0.626430 1.248031,
        -0.365185 0.687233 1.248031,
        -0.375065 0.786171 1.248031,
        -0.362375 0.792903 1.248031,
        -0.365402 0.827924 1.248031,
        -0.329889 0.829554 1.248031,
        -0.312241 0.787996 1.248031,
        -0.303548 0.805998 1.248031,
        -0.254743 0.667307 1.248031,
        -0.254743 0.673000 1.248031,
        -0.302966 0.686898 1.248031,
        -0.308327 0.688591 1.248031,
        -0.377587 0.694870 1.248031,
        -0.373038 0.651274 1.248031,
        -0.365754 0.649091 1.248031,
        -0.342983 0.830693 1.248031,
        -0.294449 0.680015 1.248031,
        -0.291802 0.675433 1.248031,
        -0.255050 0.661401 1.248031,
        -0.175043 0.715128 1.248031,
        -0.192691 0.745300 1.248031,
        -0.268975 0.705450 1.248031,
        -0.312241 0.688941 1.248031,
        -0.317582 0.688284 1.248031,
        -0.325259 0.723132 1.248031,
        -0.322570 0.686376 1.248031,
        -0.337834 0.718323 1.248031,
        -0.327050 0.683263 1.248031,
        -0.349475 0.710238 1.248031,
        -0.329937 0.680142 1.248031,
        -0.358888 0.699478 1.248031,
        -0.332729 0.675319 1.248031,
        -0.334222 0.669901 1.248031,
        -0.291001 0.720981 1.248031,
        -0.304742 0.724394 1.248031,
        -0.311672 0.724806 1.248031,
        -0.298260 0.683967 1.248031,
        -0.327068 0.650230 1.248031,
        -0.322536 0.647082 1.248031,
        -0.340444 0.618035 1.248031,
        -0.317278 0.645119 1.248031,
        -0.156257 0.771487 1.248031,
        -0.151702 0.771487 1.248031,
        -0.128362 0.802228 1.248031,
        -0.140878 0.770152 1.248031,
        -0.125551 0.801283 1.248031,
        -0.130942 0.766326 1.248031,
        -0.108611 0.792872 1.248031,
        -0.093174 0.779808 1.248031,
        -0.318219 0.843146 1.248031,
        -0.290781 0.821253 1.248031,
        -0.304841 0.854603 1.248031,
        -0.275506 0.832414 1.248031,
        -0.288345 0.864550 1.248031,
        -0.348320 0.796229 1.248031,
        -0.342413 0.796535 1.248031,
        -0.336436 0.830337 1.248031,
        -0.329088 0.794887 1.248031,
        -0.316322 0.790227 1.248031,
        -0.278921 0.714507 1.248031,
        -0.093066 0.673570 1.248031,
        -0.119613 0.696156 1.248031,
        -0.108561 0.660454 1.248031,
        -0.128032 0.689284 1.248031,
        -0.125931 0.651956 1.248031,
        -0.138078 0.684633 1.248031,
        -0.144871 0.647952 1.248031,
        -0.148287 0.682678 1.248031,
        -0.178459 0.647952 1.248031,
        -0.173905 0.682678 1.248031,
        -0.181666 0.648469 1.248031,
        -0.330683 0.654374 1.248031,
        -0.333092 0.659081 1.248031,
        -0.334317 0.664347 1.248031,
        -0.122112 0.760160 1.248031,
        -0.115539 0.752818 1.248031,
        -0.081558 0.763610 1.248031,
        -0.110246 0.742995 1.248031,
        -0.074603 0.746222 1.248031,
        -0.107575 0.732060 1.248031,
        -0.072002 0.727652 1.248031,
        -0.107298 0.727083 1.248031,
        -0.074617 0.707322 1.248031,
        -0.108665 0.716000 1.248031,
        -0.081772 0.689301 1.248031,
        -0.112588 0.705854 1.248031,
        -0.118851 0.696974 1.248031,
        -0.159103 0.847202 1.248031,
        -0.181354 0.821012 1.248031,
        -0.139240 0.823857 1.248031,
        -0.168517 0.805669 1.248031,
        -0.159736 0.787324 1.248031,
        -0.397646 0.753383 1.248031,
        -0.435045 0.743947 1.248031,
        -0.399342 0.739607 1.248031,
        -0.435207 0.738469 1.248031,
        -0.398664 0.730850 1.248031,
        -0.432457 0.716187 1.248031,
        -0.394585 0.716915 1.248031,
        -0.424305 0.694993 1.248031,
        -0.387794 0.705356 1.248031,
        -0.411297 0.676416 1.248031,
        -0.393602 0.661314 1.248031,
        -0.290313 0.670247 1.248031,
        -0.290131 0.664728 1.248031,
        -0.258376 0.647346 1.248031,
        -0.291356 0.659230 1.248031,
        -0.265108 0.634656 1.248031,
        -0.293895 0.654261 1.248031,
        -0.273859 0.624841 1.248031,
        -0.297530 0.650120 1.248031,
        -0.285199 0.616951 1.248031,
        -0.301894 0.647087 1.248031,
        -0.297896 0.612075 1.248031,
        -0.306855 0.645190 1.248031,
        -0.311672 0.610379 1.248031,
        -0.312241 0.644536 1.248031,
        -0.313869 0.610420 1.248031,
        -0.327310 0.612517 1.248031,
        -0.261914 0.873997 1.248031,
        -0.256907 0.839950 1.248031,
        -0.236526 0.876805 1.248031,
        -0.235957 0.842648 1.248031,
        -0.209233 0.873461 1.248031,
        -0.216659 0.840276 1.248031,
        -0.181014 0.862448 1.248031,
        -0.198807 0.833438 1.248031,
        -0.182811 0.822340 1.248031,
        -0.386491 0.819738 1.248031,
        -0.404600 0.807011 1.248031,
        -0.384880 0.777419 1.248031,
        -0.408450 0.803367 1.248031,
        -0.392770 0.766080 1.248031,
        -0.422130 0.785835 1.248031,
        -0.431219 0.765342 1.248031,
        -0.176766 0.683207 1.248031,
        -0.190447 0.653923 1.248031,
        -0.189124 0.652576 1.248031,
        -0.175058 0.682829 1.248031,
        -0.185431 0.649951 1.248031,
        -0.194968 0.665600 1.248031,
        -0.194428 0.661359 1.248031,
        -0.192928 0.657499 1.248031,
        -0.181732 0.682681 1.248031,
        -0.185638 0.681138 1.248031,
        -0.194824 0.667846 1.248031,
        -0.189139 0.678657 1.248031,
        -0.191491 0.676063 1.248031,
        -0.193680 0.672179 1.248031,
        -0.177320 0.683248 1.248031,
        -0.312241 0.688941 1.244094,
        -0.308327 0.688591 1.244094,
        -0.302966 0.686898 1.244094,
        -0.298260 0.683967 1.244094,
        -0.294449 0.680015 1.244094,
        -0.291802 0.675433 1.244094,
        -0.290313 0.670247 1.244094,
        -0.290131 0.664728 1.244094,
        -0.291356 0.659230 1.244094,
        -0.293895 0.654261 1.244094,
        -0.297530 0.650120 1.244094,
        -0.301894 0.647087 1.244094,
        -0.306855 0.645190 1.244094,
        -0.312241 0.644536 1.244094,
        -0.317278 0.645119 1.244094,
        -0.322536 0.647082 1.244094,
        -0.327068 0.650230 1.244094,
        -0.330683 0.654374 1.244094,
        -0.333092 0.659081 1.244094,
        -0.334317 0.664347 1.244094,
        -0.334222 0.669901 1.244094,
        -0.332729 0.675319 1.244094,
        -0.329937 0.680142 1.244094,
        -0.327050 0.683263 1.244094,
        -0.322570 0.686376 1.244094,
        -0.317582 0.688284 1.244094,
      ]
    }
    coordIndex [
      141, 142, 143, -1,
      144, 145, 146, -1,
      147, 148, 149, -1,
      150, 151, 152, -1,
      152, 151, 153, -1,
      154, 155, 143, -1,
      143, 155, 156, -1,
      143, 156, 141, -1,
      146, 145, 157, -1,
      158, 159, 160, -1,
      161, 162, 151, -1,
      151, 162, 163, -1,
      151, 163, 153, -1,
      153, 163, 164, -1,
      165, 166, 167, -1,
      167, 166, 168, -1,
      167, 168, 169, -1,
      169, 168, 170, -1,
      169, 170, 171, -1,
      171, 170, 172, -1,
      171, 172, 173, -1,
      173, 172, 143, -1,
      173, 143, 174, -1,
      175, 176, 165, -1,
      165, 176, 177, -1,
      165, 177, 166, -1,
      150, 152, 160, -1,
      160, 152, 178, -1,
      160, 178, 158, -1,
      179, 142, 180, -1,
      180, 142, 181, -1,
      180, 181, 182, -1,
      183, 184, 185, -1,
      185, 184, 186, -1,
      185, 186, 187, -1,
      187, 186, 188, -1,
      187, 188, 189, -1,
      189, 188, 190, -1,
      147, 149, 191, -1,
      191, 149, 192, -1,
      191, 192, 193, -1,
      193, 192, 194, -1,
      193, 194, 195, -1,
      145, 196, 157, -1,
      157, 196, 197, -1,
      157, 197, 198, -1,
      198, 197, 199, -1,
      198, 199, 147, -1,
      147, 199, 200, -1,
      147, 200, 148, -1,
      164, 163, 165, -1,
      165, 163, 201, -1,
      165, 201, 175, -1,
      202, 203, 204, -1,
      204, 203, 205, -1,
      204, 205, 206, -1,
      206, 205, 207, -1,
      206, 207, 208, -1,
      208, 207, 209, -1,
      208, 209, 210, -1,
      210, 209, 211, -1,
      210, 211, 212, -1,
      179, 213, 142, -1,
      142, 213, 214, -1,
      142, 214, 143, -1,
      143, 214, 215, -1,
      143, 215, 174, -1,
      188, 216, 190, -1,
      190, 216, 217, -1,
      190, 217, 218, -1,
      218, 217, 219, -1,
      218, 219, 220, -1,
      220, 219, 221, -1,
      220, 221, 222, -1,
      222, 221, 223, -1,
      222, 223, 224, -1,
      224, 223, 225, -1,
      224, 225, 226, -1,
      226, 225, 227, -1,
      226, 227, 202, -1,
      202, 227, 228, -1,
      202, 228, 203, -1,
      229, 230, 231, -1,
      231, 230, 232, -1,
      231, 232, 185, -1,
      185, 232, 233, -1,
      185, 233, 183, -1,
      234, 235, 236, -1,
      236, 235, 237, -1,
      236, 237, 238, -1,
      238, 237, 239, -1,
      238, 239, 240, -1,
      240, 239, 241, -1,
      240, 241, 242, -1,
      242, 241, 243, -1,
      242, 243, 154, -1,
      154, 243, 244, -1,
      154, 244, 155, -1,
      159, 245, 160, -1,
      160, 245, 246, -1,
      160, 246, 247, -1,
      247, 246, 248, -1,
      247, 248, 249, -1,
      249, 248, 250, -1,
      249, 250, 251, -1,
      251, 250, 252, -1,
      251, 252, 253, -1,
      253, 252, 254, -1,
      253, 254, 255, -1,
      255, 254, 256, -1,
      255, 256, 257, -1,
      257, 256, 258, -1,
      257, 258, 259, -1,
      259, 258, 182, -1,
      259, 182, 260, -1,
      260, 182, 181, -1,
      195, 194, 261, -1,
      261, 194, 262, -1,
      261, 262, 263, -1,
      263, 262, 264, -1,
      263, 264, 265, -1,
      265, 264, 266, -1,
      265, 266, 267, -1,
      267, 266, 268, -1,
      267, 268, 229, -1,
      229, 268, 269, -1,
      229, 269, 230, -1,
      146, 270, 144, -1,
      144, 270, 271, -1,
      144, 271, 272, -1,
      272, 271, 273, -1,
      272, 273, 274, -1,
      274, 273, 275, -1,
      274, 275, 234, -1,
      234, 275, 276, -1,
      234, 276, 235, -1,
      277, 278, 279, -1,
      211, 280, 212, -1,
      212, 280, 277, -1,
      212, 277, 281, -1,
      281, 277, 279, -1,
      282, 283, 277, -1,
      277, 283, 284, -1,
      277, 284, 278, -1,
      285, 286, 287, -1,
      286, 288, 287, -1,
      287, 288, 289, -1,
      287, 289, 290, -1,
      282, 277, 287, -1,
      287, 277, 291, -1,
      287, 291, 285, -1,
      222, 140, 139, -1,
      222, 139, 220, -1,
      220, 139, 138, -1,
      220, 138, 218, -1,
      138, 7, 218, -1,
      218, 7, 6, -1,
      218, 6, 190, -1,
      190, 6, 5, -1,
      190, 5, 189, -1,
      189, 5, 9, -1,
      189, 9, 187, -1,
      187, 9, 8, -1,
      187, 8, 185, -1,
      185, 8, 4, -1,
      185, 4, 231, -1,
      231, 4, 3, -1,
      231, 3, 229, -1,
      229, 3, 267, -1,
      267, 3, 13, -1,
      13, 12, 267, -1,
      267, 12, 11, -1,
      267, 11, 265, -1,
      265, 11, 10, -1,
      265, 10, 263, -1,
      263, 10, 16, -1,
      263, 16, 261, -1,
      261, 16, 15, -1,
      261, 15, 195, -1,
      195, 15, 193, -1,
      193, 15, 14, -1,
      193, 14, 17, -1,
      193, 17, 23, -1,
      193, 23, 191, -1,
      191, 23, 25, -1,
      191, 25, 147, -1,
      147, 25, 24, -1,
      147, 24, 198, -1,
      198, 24, 22, -1,
      198, 22, 157, -1,
      157, 22, 21, -1,
      157, 21, 146, -1,
      146, 21, 27, -1,
      146, 27, 270, -1,
      270, 27, 26, -1,
      270, 26, 271, -1,
      271, 26, 20, -1,
      271, 20, 273, -1,
      18, 275, 19, -1,
      19, 275, 273, -1,
      19, 273, 20, -1,
      31, 235, 18, -1,
      18, 235, 276, -1,
      18, 276, 275, -1,
      31, 30, 235, -1,
      235, 30, 29, -1,
      235, 29, 237, -1,
      29, 28, 237, -1,
      237, 28, 239, -1,
      28, 37, 239, -1,
      239, 37, 36, -1,
      239, 36, 241, -1,
      241, 36, 35, -1,
      241, 35, 243, -1,
      243, 35, 33, -1,
      243, 33, 244, -1,
      244, 33, 32, -1,
      244, 32, 155, -1,
      155, 32, 34, -1,
      155, 34, 156, -1,
      156, 34, 42, -1,
      156, 42, 141, -1,
      42, 41, 141, -1,
      141, 41, 40, -1,
      141, 40, 142, -1,
      142, 40, 39, -1,
      142, 39, 181, -1,
      181, 39, 38, -1,
      181, 38, 260, -1,
      260, 38, 49, -1,
      260, 49, 259, -1,
      259, 49, 48, -1,
      259, 48, 257, -1,
      77, 150, 160, -1,
      257, 48, 47, -1,
      257, 47, 255, -1,
      255, 47, 46, -1,
      255, 46, 253, -1,
      253, 46, 45, -1,
      253, 45, 251, -1,
      251, 45, 44, -1,
      251, 44, 249, -1,
      249, 44, 43, -1,
      249, 43, 247, -1,
      247, 43, 71, -1,
      247, 71, 160, -1,
      160, 71, 76, -1,
      160, 76, 77, -1,
      151, 150, 64, -1,
      64, 150, 77, -1,
      161, 151, 54, -1,
      54, 151, 64, -1,
      95, 162, 88, -1,
      88, 162, 161, -1,
      88, 161, 54, -1,
      1, 163, 2, -1,
      2, 163, 162, -1,
      2, 162, 95, -1,
      163, 1, 0, -1,
      163, 0, 201, -1,
      201, 0, 104, -1,
      201, 104, 175, -1,
      104, 103, 175, -1,
      175, 103, 102, -1,
      175, 102, 176, -1,
      176, 102, 96, -1,
      176, 96, 177, -1,
      177, 96, 91, -1,
      177, 91, 166, -1,
      166, 91, 90, -1,
      166, 90, 168, -1,
      168, 90, 99, -1,
      168, 99, 170, -1,
      99, 107, 170, -1,
      170, 107, 106, -1,
      170, 106, 172, -1,
      172, 106, 110, -1,
      172, 110, 143, -1,
      101, 236, 238, -1,
      143, 110, 109, -1,
      143, 109, 154, -1,
      154, 109, 108, -1,
      154, 108, 242, -1,
      242, 108, 105, -1,
      242, 105, 240, -1,
      240, 105, 98, -1,
      240, 98, 238, -1,
      238, 98, 100, -1,
      238, 100, 101, -1,
      236, 101, 234, -1,
      234, 101, 92, -1,
      92, 137, 234, -1,
      234, 137, 130, -1,
      234, 130, 274, -1,
      274, 130, 129, -1,
      274, 129, 272, -1,
      272, 129, 127, -1,
      272, 127, 144, -1,
      144, 127, 126, -1,
      144, 126, 145, -1,
      145, 126, 128, -1,
      145, 128, 196, -1,
      196, 128, 136, -1,
      196, 136, 197, -1,
      197, 136, 118, -1,
      197, 118, 199, -1,
      199, 118, 117, -1,
      199, 117, 200, -1,
      200, 117, 113, -1,
      200, 113, 148, -1,
      148, 113, 116, -1,
      148, 116, 149, -1,
      149, 116, 131, -1,
      149, 131, 192, -1,
      192, 131, 133, -1,
      192, 133, 194, -1,
      194, 133, 135, -1,
      194, 135, 262, -1,
      262, 135, 134, -1,
      262, 134, 264, -1,
      264, 134, 132, -1,
      264, 132, 266, -1,
      266, 132, 115, -1,
      266, 115, 268, -1,
      268, 115, 114, -1,
      268, 114, 269, -1,
      269, 114, 112, -1,
      269, 112, 230, -1,
      230, 112, 111, -1,
      230, 111, 232, -1,
      232, 111, 125, -1,
      232, 125, 233, -1,
      233, 125, 124, -1,
      233, 124, 183, -1,
      184, 183, 121, -1,
      121, 183, 124, -1,
      184, 121, 123, -1,
      184, 123, 186, -1,
      186, 123, 122, -1,
      186, 122, 188, -1,
      188, 122, 120, -1,
      188, 120, 216, -1,
      216, 120, 119, -1,
      216, 119, 217, -1,
      217, 119, 97, -1,
      217, 97, 219, -1,
      97, 94, 219, -1,
      219, 94, 93, -1,
      219, 93, 221, -1,
      221, 93, 89, -1,
      221, 89, 223, -1,
      89, 87, 223, -1,
      223, 87, 225, -1,
      87, 86, 225, -1,
      225, 86, 68, -1,
      225, 68, 227, -1,
      227, 68, 67, -1,
      227, 67, 228, -1,
      228, 67, 85, -1,
      228, 85, 203, -1,
      203, 85, 84, -1,
      203, 84, 205, -1,
      205, 84, 83, -1,
      205, 83, 207, -1,
      207, 83, 82, -1,
      207, 82, 209, -1,
      211, 209, 81, -1,
      81, 209, 82, -1,
      211, 81, 60, -1,
      211, 60, 280, -1,
      280, 60, 59, -1,
      280, 59, 277, -1,
      277, 59, 58, -1,
      277, 58, 291, -1,
      291, 58, 53, -1,
      291, 53, 285, -1,
      285, 53, 52, -1,
      285, 52, 286, -1,
      286, 52, 57, -1,
      286, 57, 288, -1,
      288, 57, 66, -1,
      288, 66, 289, -1,
      289, 66, 65, -1,
      289, 65, 290, -1,
      290, 65, 63, -1,
      290, 63, 287, -1,
      287, 63, 62, -1,
      287, 62, 282, -1,
      282, 62, 75, -1,
      282, 75, 283, -1,
      283, 75, 74, -1,
      283, 74, 284, -1,
      284, 74, 73, -1,
      284, 73, 278, -1,
      278, 73, 72, -1,
      278, 72, 279, -1,
      279, 72, 70, -1,
      279, 70, 281, -1,
      281, 70, 69, -1,
      281, 69, 212, -1,
      212, 69, 80, -1,
      212, 80, 210, -1,
      208, 210, 79, -1,
      79, 210, 80, -1,
      208, 79, 78, -1,
      208, 78, 206, -1,
      206, 78, 56, -1,
      206, 56, 204, -1,
      204, 56, 55, -1,
      204, 55, 202, -1,
      202, 55, 61, -1,
      202, 61, 226, -1,
      226, 61, 51, -1,
      226, 51, 224, -1,
      224, 51, 222, -1,
      222, 51, 50, -1,
      222, 50, 140, -1,
      164, 292, 293, -1,
      164, 293, 153, -1,
      153, 293, 294, -1,
      153, 294, 152, -1,
      152, 294, 295, -1,
      152, 295, 178, -1,
      178, 295, 296, -1,
      178, 296, 158, -1,
      158, 296, 297, -1,
      158, 297, 159, -1,
      159, 297, 298, -1,
      159, 298, 245, -1,
      245, 298, 299, -1,
      245, 299, 246, -1,
      246, 299, 300, -1,
      246, 300, 248, -1,
      248, 300, 301, -1,
      248, 301, 250, -1,
      250, 301, 302, -1,
      250, 302, 252, -1,
      252, 302, 303, -1,
      252, 303, 254, -1,
      254, 303, 304, -1,
      254, 304, 256, -1,
      256, 304, 305, -1,
      256, 305, 258, -1,
      258, 305, 306, -1,
      258, 306, 182, -1,
      182, 306, 307, -1,
      182, 307, 180, -1,
      180, 307, 308, -1,
      180, 308, 179, -1,
      179, 308, 309, -1,
      179, 309, 213, -1,
      213, 309, 310, -1,
      213, 310, 214, -1,
      214, 310, 311, -1,
      214, 311, 215, -1,
      215, 311, 312, -1,
      215, 312, 174, -1,
      174, 312, 313, -1,
      174, 313, 173, -1,
      173, 313, 314, -1,
      173, 314, 171, -1,
      171, 314, 315, -1,
      171, 315, 169, -1,
      169, 315, 316, -1,
      169, 316, 167, -1,
      167, 316, 317, -1,
      167, 317, 165, -1,
      165, 317, 292, -1,
      165, 292, 164, -1,
    ]
  }
}

Shape {
  appearance Appearance {
    material Material {
      diffuseColor 0.7529 0.7529 0.7529
      specularColor 0.3765 0.3765 0.3765
      ambientIntensity 0.2
      transparency 0.0000
      shininess 0.5
    }
  }
  geometry IndexedFaceSet {
    ccw TRUE
    solid FALSE
    coord DEF co Coordinate {
      point [
        -1.759843 0.944882 0.000000,
        -1.641732 0.944882 0.000000,
        -1.759843 0.884150 0.538328,
        -1.759843 0.879233 0.550197,
        -1.759843 0.885827 0.525591,
        -1.759843 0.871413 0.560389,
        -1.759843 0.861220 0.568210,
        -1.759843 0.849351 0.573126,
        -1.759843 0.885827 0.000000,
        -1.759843 0.836614 0.574803,
        -1.759843 0.825663 0.573569,
        -1.759843 0.815262 0.569930,
        -1.759843 0.805931 0.564067,
        -1.759843 0.798138 0.556274,
        -1.759843 0.792275 0.546943,
        -1.759843 0.787402 0.525591,
        -1.759843 0.788635 0.536541,
        -1.641732 0.885827 0.525591,
        -1.641732 0.885827 0.000000,
        -1.641732 0.849351 0.573126,
        -1.641732 0.861220 0.568210,
        -1.641732 0.871413 0.560389,
        -1.641732 0.879233 0.550197,
        -1.641732 0.884150 0.538328,
        -1.641732 0.798138 0.556274,
        -1.641732 0.805931 0.564067,
        -1.641732 0.815262 0.569930,
        -1.641732 0.825663 0.573569,
        -1.641732 0.836614 0.574803,
        -1.641732 0.787402 0.525591,
        -1.641732 0.788635 0.536541,
        -1.641732 0.792275 0.546943,
        1.641732 0.787402 0.525591,
        1.759843 0.787402 0.525591,
        1.759843 0.885827 0.525591,
        1.759843 0.885827 0.000000,
        1.759843 0.944882 0.000000,
        1.759843 0.801816 0.560389,
        1.759843 0.812008 0.568210,
        1.759843 0.884150 0.538328,
        1.759843 0.793995 0.550197,
        1.759843 0.789078 0.538328,
        1.759843 0.861220 0.568210,
        1.759843 0.871413 0.560389,
        1.759843 0.879233 0.550197,
        1.759843 0.823877 0.573126,
        1.759843 0.836614 0.574803,
        1.759843 0.849351 0.573126,
        1.641732 0.944882 0.000000,
        1.641732 0.884150 0.538328,
        1.641732 0.879233 0.550197,
        1.641732 0.885827 0.525591,
        1.641732 0.871413 0.560389,
        1.641732 0.861220 0.568210,
        1.641732 0.849351 0.573126,
        1.641732 0.801816 0.560389,
        1.641732 0.885827 0.000000,
        1.641732 0.789078 0.538328,
        1.641732 0.793995 0.550197,
        1.641732 0.836614 0.574803,
        1.641732 0.823877 0.573126,
        1.641732 0.812008 0.568210,
        -0.312241 0.688941 1.244094,
        -0.308327 0.688591 1.244094,
        -0.302966 0.686898 1.244094,
        -0.298260 0.683967 1.244094,
        -0.294449 0.680015 1.244094,
        -0.291802 0.675433 1.244094,
        -0.290313 0.670247 1.244094,
        -0.290131 0.664728 1.244094,
        -0.291356 0.659230 1.244094,
        -0.293895 0.654261 1.244094,
        -0.297530 0.650120 1.244094,
        -0.301894 0.647087 1.244094,
        -0.306855 0.645190 1.244094,
        -0.312241 0.644536 1.244094,
        -0.317278 0.645119 1.244094,
        -0.322536 0.647082 1.244094,
        -0.327068 0.650230 1.244094,
        -0.330683 0.654374 1.244094,
        -0.333092 0.659081 1.244094,
        -0.334317 0.664347 1.244094,
        -0.334222 0.669901 1.244094,
        -0.332729 0.675319 1.244094,
        -0.329937 0.680142 1.244094,
        -0.327050 0.683263 1.244094,
        -0.322570 0.686376 1.244094,
        -0.317582 0.688284 1.244094,
      ]
    }
    coordIndex [
      75, 85, 84, -1,
      62, 75, 63, -1,
      63, 75, 74, -1,
      62, 87, 75, -1,
      75, 87, 86, -1,
      75, 86, 85, -1,
      72, 66, 65, -1,
      80, 79, 84, -1,
      84, 79, 78, -1,
      74, 73, 63, -1,
      63, 73, 72, -1,
      63, 72, 64, -1,
      64, 72, 65, -1,
      78, 77, 84, -1,
      84, 77, 76, -1,
      84, 76, 75, -1,
      83, 82, 84, -1,
      84, 82, 81, -1,
      84, 81, 80, -1,
      70, 69, 71, -1,
      71, 69, 68, -1,
      71, 68, 72, -1,
      72, 68, 67, -1,
      72, 67, 66, -1,
      56, 48, 35, -1,
      35, 48, 36, -1,
      51, 56, 34, -1,
      34, 56, 35, -1,
      4, 8, 17, -1,
      17, 8, 18, -1,
      1, 18, 0, -1,
      0, 18, 8, -1,
      28, 9, 19, -1,
      19, 9, 7, -1,
      19, 7, 20, -1,
      20, 7, 6, -1,
      20, 6, 21, -1,
      21, 6, 5, -1,
      21, 5, 22, -1,
      22, 5, 3, -1,
      22, 3, 23, -1,
      23, 3, 2, -1,
      23, 2, 17, -1,
      17, 2, 4, -1,
      29, 15, 30, -1,
      30, 15, 16, -1,
      30, 16, 31, -1,
      31, 16, 14, -1,
      31, 14, 24, -1,
      24, 14, 13, -1,
      24, 13, 25, -1,
      25, 13, 12, -1,
      25, 12, 26, -1,
      26, 12, 11, -1,
      26, 11, 27, -1,
      27, 11, 10, -1,
      27, 10, 28, -1,
      28, 10, 9, -1,
      59, 46, 60, -1,
      60, 46, 45, -1,
      60, 45, 61, -1,
      61, 45, 38, -1,
      61, 38, 55, -1,
      55, 38, 37, -1,
      55, 37, 58, -1,
      58, 37, 40, -1,
      58, 40, 57, -1,
      57, 40, 41, -1,
      57, 41, 32, -1,
      32, 41, 33, -1,
      46, 59, 47, -1,
      47, 59, 54, -1,
      47, 54, 42, -1,
      42, 54, 53, -1,
      42, 53, 43, -1,
      43, 53, 52, -1,
      43, 52, 44, -1,
      44, 52, 50, -1,
      44, 50, 39, -1,
      39, 50, 49, -1,
      39, 49, 34, -1,
      34, 49, 51, -1,
    ]
  }
}
