ISO-10303-21;
HEADER;

/* File generated by Shapr3D Version 26.40.0.10572 */

FILE_DESCRIPTION(('HOOPS Exchange Step'),'2;1');

FILE_NAME('/Users/yusenpai/Library/Containers/com.shapr3d.shapr/Data/tmp/export/temp_export',
'2026-04-29T17:23:02+07:00',
('yusenpai'),
('Shapr3D Limited'),
'HOOPS Exchange 2025.9',
'Shapr3D',
'Authorized');

FILE_SCHEMA( ('AP242_MANAGED_MODEL_BASED_3D_ENGINEERING_MIM_LF {1 0 10303 442 1 1 4}') );

ENDSEC;

DATA;
#3=(NAMED_UNIT(*)PLANE_ANGLE_UNIT()SI_UNIT($,.RADIAN.));
#4=PLANE_ANGLE_MEASURE_WITH_UNIT(PLANE_ANGLE_MEASURE(0.0174532925),#3);
#5=(CONVERSION_BASED_UNIT('DEGREE',#4)NAMED_UNIT(#6)PLANE_ANGLE_UNIT());
#6=DIMENSIONAL_EXPONENTS(0.,0.,0.,0.,0.,0.,0.);
#7=(NAMED_UNIT(*)SI_UNIT($,.STERADIAN.)SOLID_ANGLE_UNIT());
#8=(LENGTH_UNIT()NAMED_UNIT(*)SI_UNIT(.MILLI.,.METRE.));
#9=UNCERTAINTY_MEASURE_WITH_UNIT(LENGTH_MEASURE(1.000000E-03),#8,'DISTANCE_ACCURACY_VALUE','Maximum Tolerance applied to model');
#10=(GEOMETRIC_REPRESENTATION_CONTEXT(3)GLOBAL_UNCERTAINTY_ASSIGNED_CONTEXT((#9))GLOBAL_UNIT_ASSIGNED_CONTEXT((#8,#5,#7))REPRESENTATION_CONTEXT('','root'));
#12=CARTESIAN_POINT('',(0.,0.,0.));
#13=DIRECTION('',(0.,0.,1.));
#14=DIRECTION('',(1.,0.,0.));
#15=AXIS2_PLACEMENT_3D('',#12,#13,#14);
#26=(NAMED_UNIT(*)PLANE_ANGLE_UNIT()SI_UNIT($,.RADIAN.));
#27=PLANE_ANGLE_MEASURE_WITH_UNIT(PLANE_ANGLE_MEASURE(0.0174532925),#26);
#28=(CONVERSION_BASED_UNIT('DEGREE',#27)NAMED_UNIT(#29)PLANE_ANGLE_UNIT());
#29=DIMENSIONAL_EXPONENTS(0.,0.,0.,0.,0.,0.,0.);
#30=(NAMED_UNIT(*)SI_UNIT($,.STERADIAN.)SOLID_ANGLE_UNIT());
#31=(LENGTH_UNIT()NAMED_UNIT(*)SI_UNIT(.MILLI.,.METRE.));
#32=UNCERTAINTY_MEASURE_WITH_UNIT(LENGTH_MEASURE(1.000000E-05),#31,'DISTANCE_ACCURACY_VALUE','Maximum Tolerance applied to model');
#33=(GEOMETRIC_REPRESENTATION_CONTEXT(3)GLOBAL_UNCERTAINTY_ASSIGNED_CONTEXT((#32))GLOBAL_UNIT_ASSIGNED_CONTEXT((#31,#28,#30))REPRESENTATION_CONTEXT('','M2_SSD_2280.SLDPRT'));
#45=CARTESIAN_POINT('',(0.,0.,0.));
#46=DIRECTION('',(0.,0.,1.));
#47=DIRECTION('',(1.,0.,-0.));
#48=AXIS2_PLACEMENT_3D('',#45,#46,#47);
#49=ITEM_DEFINED_TRANSFORMATION('','',#48,#15);
#50=(REPRESENTATION_RELATIONSHIP('','',#35,#16)REPRESENTATION_RELATIONSHIP_WITH_TRANSFORMATION(#49)SHAPE_REPRESENTATION_RELATIONSHIP());
#51=NEXT_ASSEMBLY_USAGE_OCCURRENCE('M2_SSD_2280.SLDPRT_1','M2_SSD_2280.SLDPRT','M2_SSD_2280.SLDPRT',#25,#44,$);
#52=PRODUCT_DEFINITION_SHAPE('','',#51);
#53=CONTEXT_DEPENDENT_SHAPE_REPRESENTATION(#50,#52);
#55=CARTESIAN_POINT('',(0.,-0.5,40.));
#56=DIRECTION('',(0.,1.,0.));
#57=DIRECTION('',(0.,0.,1.));
#58=AXIS2_PLACEMENT_3D('',#55,#56,#57);
#59=PLANE('',#58);
#60=CARTESIAN_POINT('',(10.,-0.5,-30.));
#61=VERTEX_POINT('',#60);
#62=CARTESIAN_POINT('',(-10.,-0.5,-30.));
#63=VERTEX_POINT('',#62);
#64=CARTESIAN_POINT('',(10.,-0.5,-30.));
#65=DIRECTION('',(-1.,0.,-0.));
#66=VECTOR('',#65,20.);
#67=LINE('',#64,#66);
#68=EDGE_CURVE('',#61,#63,#67,.T.);
#69=ORIENTED_EDGE('',*,*,#68,.T.);
#70=CARTESIAN_POINT('',(-10.,-0.5,30.));
#71=VERTEX_POINT('',#70);
#72=CARTESIAN_POINT('',(-10.,-0.5,-30.));
#73=DIRECTION('',(0.,0.,1.));
#74=VECTOR('',#73,60.);
#75=LINE('',#72,#74);
#76=EDGE_CURVE('',#63,#71,#75,.T.);
#77=ORIENTED_EDGE('',*,*,#76,.T.);
#78=CARTESIAN_POINT('',(10.,-0.5,30.));
#79=VERTEX_POINT('',#78);
#80=CARTESIAN_POINT('',(-10.,-0.5,30.));
#81=DIRECTION('',(1.,0.,-0.));
#82=VECTOR('',#81,20.);
#83=LINE('',#80,#82);
#84=EDGE_CURVE('',#71,#79,#83,.T.);
#85=ORIENTED_EDGE('',*,*,#84,.T.);
#86=CARTESIAN_POINT('',(10.,-0.5,30.));
#87=DIRECTION('',(-0.,0.,-1.));
#88=VECTOR('',#87,60.);
#89=LINE('',#86,#88);
#90=EDGE_CURVE('',#79,#61,#89,.T.);
#91=ORIENTED_EDGE('',*,*,#90,.T.);
#92=EDGE_LOOP('',(#69,#77,#85,#91));
#93=FACE_BOUND('',#92,.T.);
#94=CARTESIAN_POINT('',(-4.925,-0.5,-38.));
#95=VERTEX_POINT('',#94);
#96=CARTESIAN_POINT('',(-4.925,-0.5,-39.7));
#97=VERTEX_POINT('',#96);
#98=CARTESIAN_POINT('',(-4.925,-0.5,-38.));
#99=DIRECTION('',(0.,0.,-1.));
#100=VECTOR('',#99,1.7);
#101=LINE('',#98,#100);
#102=EDGE_CURVE('',#95,#97,#101,.T.);
#103=ORIENTED_EDGE('',*,*,#102,.F.);
#104=CARTESIAN_POINT('',(-4.575,-0.5,-38.));
#105=VERTEX_POINT('',#104);
#106=CARTESIAN_POINT('',(-4.575,-0.5,-38.));
#107=DIRECTION('',(-1.,0.,0.));
#108=VECTOR('',#107,0.35);
#109=LINE('',#106,#108);
#110=EDGE_CURVE('',#105,#95,#109,.T.);
#111=ORIENTED_EDGE('',*,*,#110,.F.);
#112=CARTESIAN_POINT('',(-4.575,-0.5,-39.7));
#113=VERTEX_POINT('',#112);
#114=CARTESIAN_POINT('',(-4.575,-0.5,-39.7));
#115=DIRECTION('',(0.,0.,1.));
#116=VECTOR('',#115,1.7);
#117=LINE('',#114,#116);
#118=EDGE_CURVE('',#113,#105,#117,.T.);
#119=ORIENTED_EDGE('',*,*,#118,.F.);
#120=CARTESIAN_POINT('',(-4.425,-0.5,-39.7));
#121=VERTEX_POINT('',#120);
#122=CARTESIAN_POINT('',(-4.575,-0.5,-39.7));
#123=DIRECTION('',(1.,0.,0.));
#124=VECTOR('',#123,0.15);
#125=LINE('',#122,#124);
#126=EDGE_CURVE('',#113,#121,#125,.T.);
#127=ORIENTED_EDGE('',*,*,#126,.T.);
#128=CARTESIAN_POINT('',(-4.425,-0.5,-38.));
#129=VERTEX_POINT('',#128);
#130=CARTESIAN_POINT('',(-4.425,-0.5,-38.));
#131=DIRECTION('',(0.,0.,-1.));
#132=VECTOR('',#131,1.7);
#133=LINE('',#130,#132);
#134=EDGE_CURVE('',#129,#121,#133,.T.);
#135=ORIENTED_EDGE('',*,*,#134,.F.);
#136=CARTESIAN_POINT('',(-4.075,-0.5,-38.));
#137=VERTEX_POINT('',#136);
#138=CARTESIAN_POINT('',(-4.075,-0.5,-38.));
#139=DIRECTION('',(-1.,0.,0.));
#140=VECTOR('',#139,0.35);
#141=LINE('',#138,#140);
#142=EDGE_CURVE('',#137,#129,#141,.T.);
#143=ORIENTED_EDGE('',*,*,#142,.F.);
#144=CARTESIAN_POINT('',(-4.075,-0.5,-39.7));
#145=VERTEX_POINT('',#144);
#146=CARTESIAN_POINT('',(-4.075,-0.5,-39.7));
#147=DIRECTION('',(0.,0.,1.));
#148=VECTOR('',#147,1.7);
#149=LINE('',#146,#148);
#150=EDGE_CURVE('',#145,#137,#149,.T.);
#151=ORIENTED_EDGE('',*,*,#150,.F.);
#152=CARTESIAN_POINT('',(-3.925,-0.5,-39.7));
#153=VERTEX_POINT('',#152);
#154=CARTESIAN_POINT('',(-4.075,-0.5,-39.7));
#155=DIRECTION('',(1.,0.,0.));
#156=VECTOR('',#155,0.15);
#157=LINE('',#154,#156);
#158=EDGE_CURVE('',#145,#153,#157,.T.);
#159=ORIENTED_EDGE('',*,*,#158,.T.);
#160=CARTESIAN_POINT('',(-3.925,-0.5,-38.));
#161=VERTEX_POINT('',#160);
#162=CARTESIAN_POINT('',(-3.925,-0.5,-38.));
#163=DIRECTION('',(0.,0.,-1.));
#164=VECTOR('',#163,1.7);
#165=LINE('',#162,#164);
#166=EDGE_CURVE('',#161,#153,#165,.T.);
#167=ORIENTED_EDGE('',*,*,#166,.F.);
#168=CARTESIAN_POINT('',(-3.575,-0.5,-38.));
#169=VERTEX_POINT('',#168);
#170=CARTESIAN_POINT('',(-3.575,-0.5,-38.));
#171=DIRECTION('',(-1.,0.,0.));
#172=VECTOR('',#171,0.35);
#173=LINE('',#170,#172);
#174=EDGE_CURVE('',#169,#161,#173,.T.);
#175=ORIENTED_EDGE('',*,*,#174,.F.);
#176=CARTESIAN_POINT('',(-3.575,-0.5,-39.7));
#177=VERTEX_POINT('',#176);
#178=CARTESIAN_POINT('',(-3.575,-0.5,-39.7));
#179=DIRECTION('',(0.,0.,1.));
#180=VECTOR('',#179,1.7);
#181=LINE('',#178,#180);
#182=EDGE_CURVE('',#177,#169,#181,.T.);
#183=ORIENTED_EDGE('',*,*,#182,.F.);
#184=CARTESIAN_POINT('',(-3.425,-0.5,-39.7));
#185=VERTEX_POINT('',#184);
#186=CARTESIAN_POINT('',(-3.575,-0.5,-39.7));
#187=DIRECTION('',(1.,0.,0.));
#188=VECTOR('',#187,0.15);
#189=LINE('',#186,#188);
#190=EDGE_CURVE('',#177,#185,#189,.T.);
#191=ORIENTED_EDGE('',*,*,#190,.T.);
#192=CARTESIAN_POINT('',(-3.425,-0.5,-38.));
#193=VERTEX_POINT('',#192);
#194=CARTESIAN_POINT('',(-3.425,-0.5,-38.));
#195=DIRECTION('',(0.,0.,-1.));
#196=VECTOR('',#195,1.7);
#197=LINE('',#194,#196);
#198=EDGE_CURVE('',#193,#185,#197,.T.);
#199=ORIENTED_EDGE('',*,*,#198,.F.);
#200=CARTESIAN_POINT('',(-3.075,-0.5,-38.));
#201=VERTEX_POINT('',#200);
#202=CARTESIAN_POINT('',(-3.075,-0.5,-38.));
#203=DIRECTION('',(-1.,0.,0.));
#204=VECTOR('',#203,0.35);
#205=LINE('',#202,#204);
#206=EDGE_CURVE('',#201,#193,#205,.T.);
#207=ORIENTED_EDGE('',*,*,#206,.F.);
#208=CARTESIAN_POINT('',(-3.075,-0.5,-39.7));
#209=VERTEX_POINT('',#208);
#210=CARTESIAN_POINT('',(-3.075,-0.5,-39.7));
#211=DIRECTION('',(0.,0.,1.));
#212=VECTOR('',#211,1.7);
#213=LINE('',#210,#212);
#214=EDGE_CURVE('',#209,#201,#213,.T.);
#215=ORIENTED_EDGE('',*,*,#214,.F.);
#216=CARTESIAN_POINT('',(-2.925,-0.5,-39.7));
#217=VERTEX_POINT('',#216);
#218=CARTESIAN_POINT('',(-3.075,-0.5,-39.7));
#219=DIRECTION('',(1.,0.,0.));
#220=VECTOR('',#219,0.15);
#221=LINE('',#218,#220);
#222=EDGE_CURVE('',#209,#217,#221,.T.);
#223=ORIENTED_EDGE('',*,*,#222,.T.);
#224=CARTESIAN_POINT('',(-2.925,-0.5,-38.));
#225=VERTEX_POINT('',#224);
#226=CARTESIAN_POINT('',(-2.925,-0.5,-38.));
#227=DIRECTION('',(0.,0.,-1.));
#228=VECTOR('',#227,1.7);
#229=LINE('',#226,#228);
#230=EDGE_CURVE('',#225,#217,#229,.T.);
#231=ORIENTED_EDGE('',*,*,#230,.F.);
#232=CARTESIAN_POINT('',(-2.575,-0.5,-38.));
#233=VERTEX_POINT('',#232);
#234=CARTESIAN_POINT('',(-2.575,-0.5,-38.));
#235=DIRECTION('',(-1.,0.,0.));
#236=VECTOR('',#235,0.35);
#237=LINE('',#234,#236);
#238=EDGE_CURVE('',#233,#225,#237,.T.);
#239=ORIENTED_EDGE('',*,*,#238,.F.);
#240=CARTESIAN_POINT('',(-2.575,-0.5,-39.7));
#241=VERTEX_POINT('',#240);
#242=CARTESIAN_POINT('',(-2.575,-0.5,-39.7));
#243=DIRECTION('',(0.,0.,1.));
#244=VECTOR('',#243,1.7);
#245=LINE('',#242,#244);
#246=EDGE_CURVE('',#241,#233,#245,.T.);
#247=ORIENTED_EDGE('',*,*,#246,.F.);
#248=CARTESIAN_POINT('',(-2.425,-0.5,-39.7));
#249=VERTEX_POINT('',#248);
#250=CARTESIAN_POINT('',(-2.575,-0.5,-39.7));
#251=DIRECTION('',(1.,0.,0.));
#252=VECTOR('',#251,0.15);
#253=LINE('',#250,#252);
#254=EDGE_CURVE('',#241,#249,#253,.T.);
#255=ORIENTED_EDGE('',*,*,#254,.T.);
#256=CARTESIAN_POINT('',(-2.425,-0.5,-38.));
#257=VERTEX_POINT('',#256);
#258=CARTESIAN_POINT('',(-2.425,-0.5,-38.));
#259=DIRECTION('',(0.,0.,-1.));
#260=VECTOR('',#259,1.7);
#261=LINE('',#258,#260);
#262=EDGE_CURVE('',#257,#249,#261,.T.);
#263=ORIENTED_EDGE('',*,*,#262,.F.);
#264=CARTESIAN_POINT('',(-2.075,-0.5,-38.));
#265=VERTEX_POINT('',#264);
#266=CARTESIAN_POINT('',(-2.075,-0.5,-38.));
#267=DIRECTION('',(-1.,0.,0.));
#268=VECTOR('',#267,0.35);
#269=LINE('',#266,#268);
#270=EDGE_CURVE('',#265,#257,#269,.T.);
#271=ORIENTED_EDGE('',*,*,#270,.F.);
#272=CARTESIAN_POINT('',(-2.075,-0.5,-39.7));
#273=VERTEX_POINT('',#272);
#274=CARTESIAN_POINT('',(-2.075,-0.5,-39.7));
#275=DIRECTION('',(0.,0.,1.));
#276=VECTOR('',#275,1.7);
#277=LINE('',#274,#276);
#278=EDGE_CURVE('',#273,#265,#277,.T.);
#279=ORIENTED_EDGE('',*,*,#278,.F.);
#280=CARTESIAN_POINT('',(-1.925,-0.5,-39.7));
#281=VERTEX_POINT('',#280);
#282=CARTESIAN_POINT('',(-2.075,-0.5,-39.7));
#283=DIRECTION('',(1.,0.,0.));
#284=VECTOR('',#283,0.15);
#285=LINE('',#282,#284);
#286=EDGE_CURVE('',#273,#281,#285,.T.);
#287=ORIENTED_EDGE('',*,*,#286,.T.);
#288=CARTESIAN_POINT('',(-1.925,-0.5,-38.));
#289=VERTEX_POINT('',#288);
#290=CARTESIAN_POINT('',(-1.925,-0.5,-38.));
#291=DIRECTION('',(0.,0.,-1.));
#292=VECTOR('',#291,1.7);
#293=LINE('',#290,#292);
#294=EDGE_CURVE('',#289,#281,#293,.T.);
#295=ORIENTED_EDGE('',*,*,#294,.F.);
#296=CARTESIAN_POINT('',(-1.575,-0.5,-38.));
#297=VERTEX_POINT('',#296);
#298=CARTESIAN_POINT('',(-1.575,-0.5,-38.));
#299=DIRECTION('',(-1.,0.,0.));
#300=VECTOR('',#299,0.35);
#301=LINE('',#298,#300);
#302=EDGE_CURVE('',#297,#289,#301,.T.);
#303=ORIENTED_EDGE('',*,*,#302,.F.);
#304=CARTESIAN_POINT('',(-1.575,-0.5,-39.7));
#305=VERTEX_POINT('',#304);
#306=CARTESIAN_POINT('',(-1.575,-0.5,-39.7));
#307=DIRECTION('',(0.,0.,1.));
#308=VECTOR('',#307,1.7);
#309=LINE('',#306,#308);
#310=EDGE_CURVE('',#305,#297,#309,.T.);
#311=ORIENTED_EDGE('',*,*,#310,.F.);
#312=CARTESIAN_POINT('',(-1.425,-0.5,-39.7));
#313=VERTEX_POINT('',#312);
#314=CARTESIAN_POINT('',(-1.575,-0.5,-39.7));
#315=DIRECTION('',(1.,0.,0.));
#316=VECTOR('',#315,0.15);
#317=LINE('',#314,#316);
#318=EDGE_CURVE('',#305,#313,#317,.T.);
#319=ORIENTED_EDGE('',*,*,#318,.T.);
#320=CARTESIAN_POINT('',(-1.425,-0.5,-38.));
#321=VERTEX_POINT('',#320);
#322=CARTESIAN_POINT('',(-1.425,-0.5,-38.));
#323=DIRECTION('',(0.,0.,-1.));
#324=VECTOR('',#323,1.7);
#325=LINE('',#322,#324);
#326=EDGE_CURVE('',#321,#313,#325,.T.);
#327=ORIENTED_EDGE('',*,*,#326,.F.);
#328=CARTESIAN_POINT('',(-1.075,-0.5,-38.));
#329=VERTEX_POINT('',#328);
#330=CARTESIAN_POINT('',(-1.075,-0.5,-38.));
#331=DIRECTION('',(-1.,0.,0.));
#332=VECTOR('',#331,0.35);
#333=LINE('',#330,#332);
#334=EDGE_CURVE('',#329,#321,#333,.T.);
#335=ORIENTED_EDGE('',*,*,#334,.F.);
#336=CARTESIAN_POINT('',(-1.075,-0.5,-39.7));
#337=VERTEX_POINT('',#336);
#338=CARTESIAN_POINT('',(-1.075,-0.5,-39.7));
#339=DIRECTION('',(0.,0.,1.));
#340=VECTOR('',#339,1.7);
#341=LINE('',#338,#340);
#342=EDGE_CURVE('',#337,#329,#341,.T.);
#343=ORIENTED_EDGE('',*,*,#342,.F.);
#344=CARTESIAN_POINT('',(-0.925,-0.5,-39.7));
#345=VERTEX_POINT('',#344);
#346=CARTESIAN_POINT('',(-1.075,-0.5,-39.7));
#347=DIRECTION('',(1.,0.,0.));
#348=VECTOR('',#347,0.15);
#349=LINE('',#346,#348);
#350=EDGE_CURVE('',#337,#345,#349,.T.);
#351=ORIENTED_EDGE('',*,*,#350,.T.);
#352=CARTESIAN_POINT('',(-0.925,-0.5,-38.));
#353=VERTEX_POINT('',#352);
#354=CARTESIAN_POINT('',(-0.925,-0.5,-38.));
#355=DIRECTION('',(0.,0.,-1.));
#356=VECTOR('',#355,1.7);
#357=LINE('',#354,#356);
#358=EDGE_CURVE('',#353,#345,#357,.T.);
#359=ORIENTED_EDGE('',*,*,#358,.F.);
#360=CARTESIAN_POINT('',(-0.575,-0.5,-38.));
#361=VERTEX_POINT('',#360);
#362=CARTESIAN_POINT('',(-0.575,-0.5,-38.));
#363=DIRECTION('',(-1.,0.,0.));
#364=VECTOR('',#363,0.35);
#365=LINE('',#362,#364);
#366=EDGE_CURVE('',#361,#353,#365,.T.);
#367=ORIENTED_EDGE('',*,*,#366,.F.);
#368=CARTESIAN_POINT('',(-0.575,-0.5,-39.7));
#369=VERTEX_POINT('',#368);
#370=CARTESIAN_POINT('',(-0.575,-0.5,-39.7));
#371=DIRECTION('',(0.,0.,1.));
#372=VECTOR('',#371,1.7);
#373=LINE('',#370,#372);
#374=EDGE_CURVE('',#369,#361,#373,.T.);
#375=ORIENTED_EDGE('',*,*,#374,.F.);
#376=CARTESIAN_POINT('',(-0.425,-0.5,-39.7));
#377=VERTEX_POINT('',#376);
#378=CARTESIAN_POINT('',(-0.575,-0.5,-39.7));
#379=DIRECTION('',(1.,0.,0.));
#380=VECTOR('',#379,0.15);
#381=LINE('',#378,#380);
#382=EDGE_CURVE('',#369,#377,#381,.T.);
#383=ORIENTED_EDGE('',*,*,#382,.T.);
#384=CARTESIAN_POINT('',(-0.425,-0.5,-38.));
#385=VERTEX_POINT('',#384);
#386=CARTESIAN_POINT('',(-0.425,-0.5,-38.));
#387=DIRECTION('',(0.,0.,-1.));
#388=VECTOR('',#387,1.7);
#389=LINE('',#386,#388);
#390=EDGE_CURVE('',#385,#377,#389,.T.);
#391=ORIENTED_EDGE('',*,*,#390,.F.);
#392=CARTESIAN_POINT('',(-0.075,-0.5,-38.));
#393=VERTEX_POINT('',#392);
#394=CARTESIAN_POINT('',(-0.075,-0.5,-38.));
#395=DIRECTION('',(-1.,0.,0.));
#396=VECTOR('',#395,0.35);
#397=LINE('',#394,#396);
#398=EDGE_CURVE('',#393,#385,#397,.T.);
#399=ORIENTED_EDGE('',*,*,#398,.F.);
#400=CARTESIAN_POINT('',(-0.075,-0.5,-39.7));
#401=VERTEX_POINT('',#400);
#402=CARTESIAN_POINT('',(-0.075,-0.5,-39.7));
#403=DIRECTION('',(0.,0.,1.));
#404=VECTOR('',#403,1.7);
#405=LINE('',#402,#404);
#406=EDGE_CURVE('',#401,#393,#405,.T.);
#407=ORIENTED_EDGE('',*,*,#406,.F.);
#408=CARTESIAN_POINT('',(0.075,-0.5,-39.7));
#409=VERTEX_POINT('',#408);
#410=CARTESIAN_POINT('',(-0.075,-0.5,-39.7));
#411=DIRECTION('',(1.,0.,0.));
#412=VECTOR('',#411,0.15);
#413=LINE('',#410,#412);
#414=EDGE_CURVE('',#401,#409,#413,.T.);
#415=ORIENTED_EDGE('',*,*,#414,.T.);
#416=CARTESIAN_POINT('',(0.075,-0.5,-38.));
#417=VERTEX_POINT('',#416);
#418=CARTESIAN_POINT('',(0.075,-0.5,-38.));
#419=DIRECTION('',(0.,0.,-1.));
#420=VECTOR('',#419,1.7);
#421=LINE('',#418,#420);
#422=EDGE_CURVE('',#417,#409,#421,.T.);
#423=ORIENTED_EDGE('',*,*,#422,.F.);
#424=CARTESIAN_POINT('',(0.425,-0.5,-38.));
#425=VERTEX_POINT('',#424);
#426=CARTESIAN_POINT('',(0.425,-0.5,-38.));
#427=DIRECTION('',(-1.,0.,0.));
#428=VECTOR('',#427,0.35);
#429=LINE('',#426,#428);
#430=EDGE_CURVE('',#425,#417,#429,.T.);
#431=ORIENTED_EDGE('',*,*,#430,.F.);
#432=CARTESIAN_POINT('',(0.425,-0.5,-39.7));
#433=VERTEX_POINT('',#432);
#434=CARTESIAN_POINT('',(0.425,-0.5,-39.7));
#435=DIRECTION('',(0.,0.,1.));
#436=VECTOR('',#435,1.7);
#437=LINE('',#434,#436);
#438=EDGE_CURVE('',#433,#425,#437,.T.);
#439=ORIENTED_EDGE('',*,*,#438,.F.);
#440=CARTESIAN_POINT('',(0.575,-0.5,-39.7));
#441=VERTEX_POINT('',#440);
#442=CARTESIAN_POINT('',(0.425,-0.5,-39.7));
#443=DIRECTION('',(1.,0.,0.));
#444=VECTOR('',#443,0.15);
#445=LINE('',#442,#444);
#446=EDGE_CURVE('',#433,#441,#445,.T.);
#447=ORIENTED_EDGE('',*,*,#446,.T.);
#448=CARTESIAN_POINT('',(0.575,-0.5,-38.));
#449=VERTEX_POINT('',#448);
#450=CARTESIAN_POINT('',(0.575,-0.5,-38.));
#451=DIRECTION('',(0.,0.,-1.));
#452=VECTOR('',#451,1.7);
#453=LINE('',#450,#452);
#454=EDGE_CURVE('',#449,#441,#453,.T.);
#455=ORIENTED_EDGE('',*,*,#454,.F.);
#456=CARTESIAN_POINT('',(0.925,-0.5,-38.));
#457=VERTEX_POINT('',#456);
#458=CARTESIAN_POINT('',(0.925,-0.5,-38.));
#459=DIRECTION('',(-1.,0.,0.));
#460=VECTOR('',#459,0.35);
#461=LINE('',#458,#460);
#462=EDGE_CURVE('',#457,#449,#461,.T.);
#463=ORIENTED_EDGE('',*,*,#462,.F.);
#464=CARTESIAN_POINT('',(0.925,-0.5,-39.7));
#465=VERTEX_POINT('',#464);
#466=CARTESIAN_POINT('',(0.925,-0.5,-39.7));
#467=DIRECTION('',(0.,0.,1.));
#468=VECTOR('',#467,1.7);
#469=LINE('',#466,#468);
#470=EDGE_CURVE('',#465,#457,#469,.T.);
#471=ORIENTED_EDGE('',*,*,#470,.F.);
#472=CARTESIAN_POINT('',(1.075,-0.5,-39.7));
#473=VERTEX_POINT('',#472);
#474=CARTESIAN_POINT('',(0.925,-0.5,-39.7));
#475=DIRECTION('',(1.,0.,0.));
#476=VECTOR('',#475,0.15);
#477=LINE('',#474,#476);
#478=EDGE_CURVE('',#465,#473,#477,.T.);
#479=ORIENTED_EDGE('',*,*,#478,.T.);
#480=CARTESIAN_POINT('',(1.075,-0.5,-38.));
#481=VERTEX_POINT('',#480);
#482=CARTESIAN_POINT('',(1.075,-0.5,-38.));
#483=DIRECTION('',(0.,0.,-1.));
#484=VECTOR('',#483,1.7);
#485=LINE('',#482,#484);
#486=EDGE_CURVE('',#481,#473,#485,.T.);
#487=ORIENTED_EDGE('',*,*,#486,.F.);
#488=CARTESIAN_POINT('',(1.425,-0.5,-38.));
#489=VERTEX_POINT('',#488);
#490=CARTESIAN_POINT('',(1.425,-0.5,-38.));
#491=DIRECTION('',(-1.,0.,0.));
#492=VECTOR('',#491,0.35);
#493=LINE('',#490,#492);
#494=EDGE_CURVE('',#489,#481,#493,.T.);
#495=ORIENTED_EDGE('',*,*,#494,.F.);
#496=CARTESIAN_POINT('',(1.425,-0.5,-39.7));
#497=VERTEX_POINT('',#496);
#498=CARTESIAN_POINT('',(1.425,-0.5,-39.7));
#499=DIRECTION('',(0.,0.,1.));
#500=VECTOR('',#499,1.7);
#501=LINE('',#498,#500);
#502=EDGE_CURVE('',#497,#489,#501,.T.);
#503=ORIENTED_EDGE('',*,*,#502,.F.);
#504=CARTESIAN_POINT('',(1.575,-0.5,-39.7));
#505=VERTEX_POINT('',#504);
#506=CARTESIAN_POINT('',(1.425,-0.5,-39.7));
#507=DIRECTION('',(1.,0.,0.));
#508=VECTOR('',#507,0.15);
#509=LINE('',#506,#508);
#510=EDGE_CURVE('',#497,#505,#509,.T.);
#511=ORIENTED_EDGE('',*,*,#510,.T.);
#512=CARTESIAN_POINT('',(1.575,-0.5,-38.));
#513=VERTEX_POINT('',#512);
#514=CARTESIAN_POINT('',(1.575,-0.5,-38.));
#515=DIRECTION('',(0.,0.,-1.));
#516=VECTOR('',#515,1.7);
#517=LINE('',#514,#516);
#518=EDGE_CURVE('',#513,#505,#517,.T.);
#519=ORIENTED_EDGE('',*,*,#518,.F.);
#520=CARTESIAN_POINT('',(1.925,-0.5,-38.));
#521=VERTEX_POINT('',#520);
#522=CARTESIAN_POINT('',(1.925,-0.5,-38.));
#523=DIRECTION('',(-1.,0.,0.));
#524=VECTOR('',#523,0.35);
#525=LINE('',#522,#524);
#526=EDGE_CURVE('',#521,#513,#525,.T.);
#527=ORIENTED_EDGE('',*,*,#526,.F.);
#528=CARTESIAN_POINT('',(1.925,-0.5,-39.7));
#529=VERTEX_POINT('',#528);
#530=CARTESIAN_POINT('',(1.925,-0.5,-39.7));
#531=DIRECTION('',(0.,0.,1.));
#532=VECTOR('',#531,1.7);
#533=LINE('',#530,#532);
#534=EDGE_CURVE('',#529,#521,#533,.T.);
#535=ORIENTED_EDGE('',*,*,#534,.F.);
#536=CARTESIAN_POINT('',(2.075,-0.5,-39.7));
#537=VERTEX_POINT('',#536);
#538=CARTESIAN_POINT('',(1.925,-0.5,-39.7));
#539=DIRECTION('',(1.,0.,0.));
#540=VECTOR('',#539,0.15);
#541=LINE('',#538,#540);
#542=EDGE_CURVE('',#529,#537,#541,.T.);
#543=ORIENTED_EDGE('',*,*,#542,.T.);
#544=CARTESIAN_POINT('',(2.075,-0.5,-38.));
#545=VERTEX_POINT('',#544);
#546=CARTESIAN_POINT('',(2.075,-0.5,-38.));
#547=DIRECTION('',(0.,0.,-1.));
#548=VECTOR('',#547,1.7);
#549=LINE('',#546,#548);
#550=EDGE_CURVE('',#545,#537,#549,.T.);
#551=ORIENTED_EDGE('',*,*,#550,.F.);
#552=CARTESIAN_POINT('',(2.425,-0.5,-38.));
#553=VERTEX_POINT('',#552);
#554=CARTESIAN_POINT('',(2.425,-0.5,-38.));
#555=DIRECTION('',(-1.,0.,0.));
#556=VECTOR('',#555,0.35);
#557=LINE('',#554,#556);
#558=EDGE_CURVE('',#553,#545,#557,.T.);
#559=ORIENTED_EDGE('',*,*,#558,.F.);
#560=CARTESIAN_POINT('',(2.425,-0.5,-39.7));
#561=VERTEX_POINT('',#560);
#562=CARTESIAN_POINT('',(2.425,-0.5,-39.7));
#563=DIRECTION('',(0.,0.,1.));
#564=VECTOR('',#563,1.7);
#565=LINE('',#562,#564);
#566=EDGE_CURVE('',#561,#553,#565,.T.);
#567=ORIENTED_EDGE('',*,*,#566,.F.);
#568=CARTESIAN_POINT('',(2.575,-0.5,-39.7));
#569=VERTEX_POINT('',#568);
#570=CARTESIAN_POINT('',(2.425,-0.5,-39.7));
#571=DIRECTION('',(1.,0.,0.));
#572=VECTOR('',#571,0.15);
#573=LINE('',#570,#572);
#574=EDGE_CURVE('',#561,#569,#573,.T.);
#575=ORIENTED_EDGE('',*,*,#574,.T.);
#576=CARTESIAN_POINT('',(2.575,-0.5,-38.));
#577=VERTEX_POINT('',#576);
#578=CARTESIAN_POINT('',(2.575,-0.5,-38.));
#579=DIRECTION('',(0.,0.,-1.));
#580=VECTOR('',#579,1.7);
#581=LINE('',#578,#580);
#582=EDGE_CURVE('',#577,#569,#581,.T.);
#583=ORIENTED_EDGE('',*,*,#582,.F.);
#584=CARTESIAN_POINT('',(2.925,-0.5,-38.));
#585=VERTEX_POINT('',#584);
#586=CARTESIAN_POINT('',(2.925,-0.5,-38.));
#587=DIRECTION('',(-1.,0.,0.));
#588=VECTOR('',#587,0.35);
#589=LINE('',#586,#588);
#590=EDGE_CURVE('',#585,#577,#589,.T.);
#591=ORIENTED_EDGE('',*,*,#590,.F.);
#592=CARTESIAN_POINT('',(2.925,-0.5,-39.7));
#593=VERTEX_POINT('',#592);
#594=CARTESIAN_POINT('',(2.925,-0.5,-39.7));
#595=DIRECTION('',(0.,0.,1.));
#596=VECTOR('',#595,1.7);
#597=LINE('',#594,#596);
#598=EDGE_CURVE('',#593,#585,#597,.T.);
#599=ORIENTED_EDGE('',*,*,#598,.F.);
#600=CARTESIAN_POINT('',(3.075,-0.5,-39.7));
#601=VERTEX_POINT('',#600);
#602=CARTESIAN_POINT('',(2.925,-0.5,-39.7));
#603=DIRECTION('',(1.,0.,0.));
#604=VECTOR('',#603,0.15);
#605=LINE('',#602,#604);
#606=EDGE_CURVE('',#593,#601,#605,.T.);
#607=ORIENTED_EDGE('',*,*,#606,.T.);
#608=CARTESIAN_POINT('',(3.075,-0.5,-38.));
#609=VERTEX_POINT('',#608);
#610=CARTESIAN_POINT('',(3.075,-0.5,-38.));
#611=DIRECTION('',(0.,0.,-1.));
#612=VECTOR('',#611,1.7);
#613=LINE('',#610,#612);
#614=EDGE_CURVE('',#609,#601,#613,.T.);
#615=ORIENTED_EDGE('',*,*,#614,.F.);
#616=CARTESIAN_POINT('',(3.425,-0.5,-38.));
#617=VERTEX_POINT('',#616);
#618=CARTESIAN_POINT('',(3.425,-0.5,-38.));
#619=DIRECTION('',(-1.,0.,0.));
#620=VECTOR('',#619,0.35);
#621=LINE('',#618,#620);
#622=EDGE_CURVE('',#617,#609,#621,.T.);
#623=ORIENTED_EDGE('',*,*,#622,.F.);
#624=CARTESIAN_POINT('',(3.425,-0.5,-39.7));
#625=VERTEX_POINT('',#624);
#626=CARTESIAN_POINT('',(3.425,-0.5,-39.7));
#627=DIRECTION('',(0.,0.,1.));
#628=VECTOR('',#627,1.7);
#629=LINE('',#626,#628);
#630=EDGE_CURVE('',#625,#617,#629,.T.);
#631=ORIENTED_EDGE('',*,*,#630,.F.);
#632=CARTESIAN_POINT('',(3.575,-0.5,-39.7));
#633=VERTEX_POINT('',#632);
#634=CARTESIAN_POINT('',(3.425,-0.5,-39.7));
#635=DIRECTION('',(1.,0.,0.));
#636=VECTOR('',#635,0.15);
#637=LINE('',#634,#636);
#638=EDGE_CURVE('',#625,#633,#637,.T.);
#639=ORIENTED_EDGE('',*,*,#638,.T.);
#640=CARTESIAN_POINT('',(3.575,-0.5,-38.));
#641=VERTEX_POINT('',#640);
#642=CARTESIAN_POINT('',(3.575,-0.5,-38.));
#643=DIRECTION('',(0.,0.,-1.));
#644=VECTOR('',#643,1.7);
#645=LINE('',#642,#644);
#646=EDGE_CURVE('',#641,#633,#645,.T.);
#647=ORIENTED_EDGE('',*,*,#646,.F.);
#648=CARTESIAN_POINT('',(3.925,-0.5,-38.));
#649=VERTEX_POINT('',#648);
#650=CARTESIAN_POINT('',(3.925,-0.5,-38.));
#651=DIRECTION('',(-1.,0.,0.));
#652=VECTOR('',#651,0.35);
#653=LINE('',#650,#652);
#654=EDGE_CURVE('',#649,#641,#653,.T.);
#655=ORIENTED_EDGE('',*,*,#654,.F.);
#656=CARTESIAN_POINT('',(3.925,-0.5,-39.7));
#657=VERTEX_POINT('',#656);
#658=CARTESIAN_POINT('',(3.925,-0.5,-39.7));
#659=DIRECTION('',(0.,0.,1.));
#660=VECTOR('',#659,1.7);
#661=LINE('',#658,#660);
#662=EDGE_CURVE('',#657,#649,#661,.T.);
#663=ORIENTED_EDGE('',*,*,#662,.F.);
#664=CARTESIAN_POINT('',(4.075,-0.5,-39.7));
#665=VERTEX_POINT('',#664);
#666=CARTESIAN_POINT('',(3.925,-0.5,-39.7));
#667=DIRECTION('',(1.,0.,0.));
#668=VECTOR('',#667,0.15);
#669=LINE('',#666,#668);
#670=EDGE_CURVE('',#657,#665,#669,.T.);
#671=ORIENTED_EDGE('',*,*,#670,.T.);
#672=CARTESIAN_POINT('',(4.075,-0.5,-38.));
#673=VERTEX_POINT('',#672);
#674=CARTESIAN_POINT('',(4.075,-0.5,-38.));
#675=DIRECTION('',(0.,0.,-1.));
#676=VECTOR('',#675,1.7);
#677=LINE('',#674,#676);
#678=EDGE_CURVE('',#673,#665,#677,.T.);
#679=ORIENTED_EDGE('',*,*,#678,.F.);
#680=CARTESIAN_POINT('',(4.425,-0.5,-38.));
#681=VERTEX_POINT('',#680);
#682=CARTESIAN_POINT('',(4.425,-0.5,-38.));
#683=DIRECTION('',(-1.,0.,0.));
#684=VECTOR('',#683,0.35);
#685=LINE('',#682,#684);
#686=EDGE_CURVE('',#681,#673,#685,.T.);
#687=ORIENTED_EDGE('',*,*,#686,.F.);
#688=CARTESIAN_POINT('',(4.425,-0.5,-39.7));
#689=VERTEX_POINT('',#688);
#690=CARTESIAN_POINT('',(4.425,-0.5,-39.7));
#691=DIRECTION('',(0.,0.,1.));
#692=VECTOR('',#691,1.7);
#693=LINE('',#690,#692);
#694=EDGE_CURVE('',#689,#681,#693,.T.);
#695=ORIENTED_EDGE('',*,*,#694,.F.);
#696=CARTESIAN_POINT('',(4.575,-0.5,-39.7));
#697=VERTEX_POINT('',#696);
#698=CARTESIAN_POINT('',(4.425,-0.5,-39.7));
#699=DIRECTION('',(1.,0.,0.));
#700=VECTOR('',#699,0.15);
#701=LINE('',#698,#700);
#702=EDGE_CURVE('',#689,#697,#701,.T.);
#703=ORIENTED_EDGE('',*,*,#702,.T.);
#704=CARTESIAN_POINT('',(4.575,-0.5,-38.));
#705=VERTEX_POINT('',#704);
#706=CARTESIAN_POINT('',(4.575,-0.5,-38.));
#707=DIRECTION('',(0.,0.,-1.));
#708=VECTOR('',#707,1.7);
#709=LINE('',#706,#708);
#710=EDGE_CURVE('',#705,#697,#709,.T.);
#711=ORIENTED_EDGE('',*,*,#710,.F.);
#712=CARTESIAN_POINT('',(4.925,-0.5,-38.));
#713=VERTEX_POINT('',#712);
#714=CARTESIAN_POINT('',(4.925,-0.5,-38.));
#715=DIRECTION('',(-1.,0.,0.));
#716=VECTOR('',#715,0.35);
#717=LINE('',#714,#716);
#718=EDGE_CURVE('',#713,#705,#717,.T.);
#719=ORIENTED_EDGE('',*,*,#718,.F.);
#720=CARTESIAN_POINT('',(4.925,-0.5,-39.7));
#721=VERTEX_POINT('',#720);
#722=CARTESIAN_POINT('',(4.925,-0.5,-39.7));
#723=DIRECTION('',(0.,0.,1.));
#724=VECTOR('',#723,1.7);
#725=LINE('',#722,#724);
#726=EDGE_CURVE('',#721,#713,#725,.T.);
#727=ORIENTED_EDGE('',*,*,#726,.F.);
#728=CARTESIAN_POINT('',(5.075,-0.5,-39.7));
#729=VERTEX_POINT('',#728);
#730=CARTESIAN_POINT('',(4.925,-0.5,-39.7));
#731=DIRECTION('',(1.,0.,0.));
#732=VECTOR('',#731,0.15);
#733=LINE('',#730,#732);
#734=EDGE_CURVE('',#721,#729,#733,.T.);
#735=ORIENTED_EDGE('',*,*,#734,.T.);
#736=CARTESIAN_POINT('',(5.075,-0.5,-38.));
#737=VERTEX_POINT('',#736);
#738=CARTESIAN_POINT('',(5.075,-0.5,-38.));
#739=DIRECTION('',(0.,0.,-1.));
#740=VECTOR('',#739,1.7);
#741=LINE('',#738,#740);
#742=EDGE_CURVE('',#737,#729,#741,.T.);
#743=ORIENTED_EDGE('',*,*,#742,.F.);
#744=CARTESIAN_POINT('',(5.425,-0.5,-38.));
#745=VERTEX_POINT('',#744);
#746=CARTESIAN_POINT('',(5.425,-0.5,-38.));
#747=DIRECTION('',(-1.,0.,0.));
#748=VECTOR('',#747,0.35);
#749=LINE('',#746,#748);
#750=EDGE_CURVE('',#745,#737,#749,.T.);
#751=ORIENTED_EDGE('',*,*,#750,.F.);
#752=CARTESIAN_POINT('',(5.425,-0.5,-39.7));
#753=VERTEX_POINT('',#752);
#754=CARTESIAN_POINT('',(5.425,-0.5,-39.7));
#755=DIRECTION('',(0.,0.,1.));
#756=VECTOR('',#755,1.7);
#757=LINE('',#754,#756);
#758=EDGE_CURVE('',#753,#745,#757,.T.);
#759=ORIENTED_EDGE('',*,*,#758,.F.);
#760=CARTESIAN_POINT('',(5.575,-0.5,-39.7));
#761=VERTEX_POINT('',#760);
#762=CARTESIAN_POINT('',(5.425,-0.5,-39.7));
#763=DIRECTION('',(1.,0.,0.));
#764=VECTOR('',#763,0.15);
#765=LINE('',#762,#764);
#766=EDGE_CURVE('',#753,#761,#765,.T.);
#767=ORIENTED_EDGE('',*,*,#766,.T.);
#768=CARTESIAN_POINT('',(5.575,-0.5,-38.));
#769=VERTEX_POINT('',#768);
#770=CARTESIAN_POINT('',(5.575,-0.5,-38.));
#771=DIRECTION('',(0.,0.,-1.));
#772=VECTOR('',#771,1.7);
#773=LINE('',#770,#772);
#774=EDGE_CURVE('',#769,#761,#773,.T.);
#775=ORIENTED_EDGE('',*,*,#774,.F.);
#776=CARTESIAN_POINT('',(5.925,-0.5,-38.));
#777=VERTEX_POINT('',#776);
#778=CARTESIAN_POINT('',(5.925,-0.5,-38.));
#779=DIRECTION('',(-1.,0.,0.));
#780=VECTOR('',#779,0.35);
#781=LINE('',#778,#780);
#782=EDGE_CURVE('',#777,#769,#781,.T.);
#783=ORIENTED_EDGE('',*,*,#782,.F.);
#784=CARTESIAN_POINT('',(5.925,-0.5,-39.7));
#785=VERTEX_POINT('',#784);
#786=CARTESIAN_POINT('',(5.925,-0.5,-39.7));
#787=DIRECTION('',(0.,0.,1.));
#788=VECTOR('',#787,1.7);
#789=LINE('',#786,#788);
#790=EDGE_CURVE('',#785,#777,#789,.T.);
#791=ORIENTED_EDGE('',*,*,#790,.F.);
#792=CARTESIAN_POINT('',(6.075,-0.5,-39.7));
#793=VERTEX_POINT('',#792);
#794=CARTESIAN_POINT('',(5.925,-0.5,-39.7));
#795=DIRECTION('',(1.,0.,0.));
#796=VECTOR('',#795,0.15);
#797=LINE('',#794,#796);
#798=EDGE_CURVE('',#785,#793,#797,.T.);
#799=ORIENTED_EDGE('',*,*,#798,.T.);
#800=CARTESIAN_POINT('',(6.075,-0.5,-38.));
#801=VERTEX_POINT('',#800);
#802=CARTESIAN_POINT('',(6.075,-0.5,-38.));
#803=DIRECTION('',(0.,0.,-1.));
#804=VECTOR('',#803,1.7);
#805=LINE('',#802,#804);
#806=EDGE_CURVE('',#801,#793,#805,.T.);
#807=ORIENTED_EDGE('',*,*,#806,.F.);
#808=CARTESIAN_POINT('',(6.425,-0.5,-38.));
#809=VERTEX_POINT('',#808);
#810=CARTESIAN_POINT('',(6.425,-0.5,-38.));
#811=DIRECTION('',(-1.,0.,0.));
#812=VECTOR('',#811,0.35);
#813=LINE('',#810,#812);
#814=EDGE_CURVE('',#809,#801,#813,.T.);
#815=ORIENTED_EDGE('',*,*,#814,.F.);
#816=CARTESIAN_POINT('',(6.425,-0.5,-39.7));
#817=VERTEX_POINT('',#816);
#818=CARTESIAN_POINT('',(6.425,-0.5,-39.7));
#819=DIRECTION('',(0.,0.,1.));
#820=VECTOR('',#819,1.7);
#821=LINE('',#818,#820);
#822=EDGE_CURVE('',#817,#809,#821,.T.);
#823=ORIENTED_EDGE('',*,*,#822,.F.);
#824=CARTESIAN_POINT('',(6.575,-0.5,-39.7));
#825=VERTEX_POINT('',#824);
#826=CARTESIAN_POINT('',(6.425,-0.5,-39.7));
#827=DIRECTION('',(1.,0.,0.));
#828=VECTOR('',#827,0.15);
#829=LINE('',#826,#828);
#830=EDGE_CURVE('',#817,#825,#829,.T.);
#831=ORIENTED_EDGE('',*,*,#830,.T.);
#832=CARTESIAN_POINT('',(6.575,-0.5,-38.));
#833=VERTEX_POINT('',#832);
#834=CARTESIAN_POINT('',(6.575,-0.5,-38.));
#835=DIRECTION('',(0.,0.,-1.));
#836=VECTOR('',#835,1.7);
#837=LINE('',#834,#836);
#838=EDGE_CURVE('',#833,#825,#837,.T.);
#839=ORIENTED_EDGE('',*,*,#838,.F.);
#840=CARTESIAN_POINT('',(6.925,-0.5,-38.));
#841=VERTEX_POINT('',#840);
#842=CARTESIAN_POINT('',(6.925,-0.5,-38.));
#843=DIRECTION('',(-1.,0.,0.));
#844=VECTOR('',#843,0.35);
#845=LINE('',#842,#844);
#846=EDGE_CURVE('',#841,#833,#845,.T.);
#847=ORIENTED_EDGE('',*,*,#846,.F.);
#848=CARTESIAN_POINT('',(6.925,-0.5,-39.7));
#849=VERTEX_POINT('',#848);
#850=CARTESIAN_POINT('',(6.925,-0.5,-39.7));
#851=DIRECTION('',(0.,0.,1.));
#852=VECTOR('',#851,1.7);
#853=LINE('',#850,#852);
#854=EDGE_CURVE('',#849,#841,#853,.T.);
#855=ORIENTED_EDGE('',*,*,#854,.F.);
#856=CARTESIAN_POINT('',(7.075,-0.5,-39.7));
#857=VERTEX_POINT('',#856);
#858=CARTESIAN_POINT('',(6.925,-0.5,-39.7));
#859=DIRECTION('',(1.,0.,0.));
#860=VECTOR('',#859,0.15);
#861=LINE('',#858,#860);
#862=EDGE_CURVE('',#849,#857,#861,.T.);
#863=ORIENTED_EDGE('',*,*,#862,.T.);
#864=CARTESIAN_POINT('',(7.075,-0.5,-38.));
#865=VERTEX_POINT('',#864);
#866=CARTESIAN_POINT('',(7.075,-0.5,-38.));
#867=DIRECTION('',(0.,0.,-1.));
#868=VECTOR('',#867,1.7);
#869=LINE('',#866,#868);
#870=EDGE_CURVE('',#865,#857,#869,.T.);
#871=ORIENTED_EDGE('',*,*,#870,.F.);
#872=CARTESIAN_POINT('',(7.425,-0.5,-38.));
#873=VERTEX_POINT('',#872);
#874=CARTESIAN_POINT('',(7.425,-0.5,-38.));
#875=DIRECTION('',(-1.,0.,0.));
#876=VECTOR('',#875,0.35);
#877=LINE('',#874,#876);
#878=EDGE_CURVE('',#873,#865,#877,.T.);
#879=ORIENTED_EDGE('',*,*,#878,.F.);
#880=CARTESIAN_POINT('',(7.425,-0.5,-39.7));
#881=VERTEX_POINT('',#880);
#882=CARTESIAN_POINT('',(7.425,-0.5,-39.7));
#883=DIRECTION('',(0.,0.,1.));
#884=VECTOR('',#883,1.7);
#885=LINE('',#882,#884);
#886=EDGE_CURVE('',#881,#873,#885,.T.);
#887=ORIENTED_EDGE('',*,*,#886,.F.);
#888=CARTESIAN_POINT('',(7.575,-0.5,-39.7));
#889=VERTEX_POINT('',#888);
#890=CARTESIAN_POINT('',(7.425,-0.5,-39.7));
#891=DIRECTION('',(1.,0.,0.));
#892=VECTOR('',#891,0.15);
#893=LINE('',#890,#892);
#894=EDGE_CURVE('',#881,#889,#893,.T.);
#895=ORIENTED_EDGE('',*,*,#894,.T.);
#896=CARTESIAN_POINT('',(7.575,-0.5,-38.));
#897=VERTEX_POINT('',#896);
#898=CARTESIAN_POINT('',(7.575,-0.5,-38.));
#899=DIRECTION('',(0.,0.,-1.));
#900=VECTOR('',#899,1.7);
#901=LINE('',#898,#900);
#902=EDGE_CURVE('',#897,#889,#901,.T.);
#903=ORIENTED_EDGE('',*,*,#902,.F.);
#904=CARTESIAN_POINT('',(7.925,-0.5,-38.));
#905=VERTEX_POINT('',#904);
#906=CARTESIAN_POINT('',(7.925,-0.5,-38.));
#907=DIRECTION('',(-1.,0.,0.));
#908=VECTOR('',#907,0.35);
#909=LINE('',#906,#908);
#910=EDGE_CURVE('',#905,#897,#909,.T.);
#911=ORIENTED_EDGE('',*,*,#910,.F.);
#912=CARTESIAN_POINT('',(7.925,-0.5,-39.7));
#913=VERTEX_POINT('',#912);
#914=CARTESIAN_POINT('',(7.925,-0.5,-39.7));
#915=DIRECTION('',(0.,0.,1.));
#916=VECTOR('',#915,1.7);
#917=LINE('',#914,#916);
#918=EDGE_CURVE('',#913,#905,#917,.T.);
#919=ORIENTED_EDGE('',*,*,#918,.F.);
#920=CARTESIAN_POINT('',(8.075,-0.5,-39.7));
#921=VERTEX_POINT('',#920);
#922=CARTESIAN_POINT('',(7.925,-0.5,-39.7));
#923=DIRECTION('',(1.,0.,0.));
#924=VECTOR('',#923,0.15);
#925=LINE('',#922,#924);
#926=EDGE_CURVE('',#913,#921,#925,.T.);
#927=ORIENTED_EDGE('',*,*,#926,.T.);
#928=CARTESIAN_POINT('',(8.075,-0.5,-38.));
#929=VERTEX_POINT('',#928);
#930=CARTESIAN_POINT('',(8.075,-0.5,-38.));
#931=DIRECTION('',(0.,0.,-1.));
#932=VECTOR('',#931,1.7);
#933=LINE('',#930,#932);
#934=EDGE_CURVE('',#929,#921,#933,.T.);
#935=ORIENTED_EDGE('',*,*,#934,.F.);
#936=CARTESIAN_POINT('',(8.425,-0.5,-38.));
#937=VERTEX_POINT('',#936);
#938=CARTESIAN_POINT('',(8.425,-0.5,-38.));
#939=DIRECTION('',(-1.,0.,0.));
#940=VECTOR('',#939,0.35);
#941=LINE('',#938,#940);
#942=EDGE_CURVE('',#937,#929,#941,.T.);
#943=ORIENTED_EDGE('',*,*,#942,.F.);
#944=CARTESIAN_POINT('',(8.425,-0.5,-39.7));
#945=VERTEX_POINT('',#944);
#946=CARTESIAN_POINT('',(8.425,-0.5,-39.7));
#947=DIRECTION('',(0.,0.,1.));
#948=VECTOR('',#947,1.7);
#949=LINE('',#946,#948);
#950=EDGE_CURVE('',#945,#937,#949,.T.);
#951=ORIENTED_EDGE('',*,*,#950,.F.);
#952=CARTESIAN_POINT('',(8.575,-0.5,-39.7));
#953=VERTEX_POINT('',#952);
#954=CARTESIAN_POINT('',(8.425,-0.5,-39.7));
#955=DIRECTION('',(1.,0.,0.));
#956=VECTOR('',#955,0.15);
#957=LINE('',#954,#956);
#958=EDGE_CURVE('',#945,#953,#957,.T.);
#959=ORIENTED_EDGE('',*,*,#958,.T.);
#960=CARTESIAN_POINT('',(8.575,-0.5,-38.));
#961=VERTEX_POINT('',#960);
#962=CARTESIAN_POINT('',(8.575,-0.5,-38.));
#963=DIRECTION('',(0.,0.,-1.));
#964=VECTOR('',#963,1.7);
#965=LINE('',#962,#964);
#966=EDGE_CURVE('',#961,#953,#965,.T.);
#967=ORIENTED_EDGE('',*,*,#966,.F.);
#968=CARTESIAN_POINT('',(8.925,-0.5,-38.));
#969=VERTEX_POINT('',#968);
#970=CARTESIAN_POINT('',(8.925,-0.5,-38.));
#971=DIRECTION('',(-1.,0.,0.));
#972=VECTOR('',#971,0.35);
#973=LINE('',#970,#972);
#974=EDGE_CURVE('',#969,#961,#973,.T.);
#975=ORIENTED_EDGE('',*,*,#974,.F.);
#976=CARTESIAN_POINT('',(8.925,-0.5,-39.7));
#977=VERTEX_POINT('',#976);
#978=CARTESIAN_POINT('',(8.925,-0.5,-39.7));
#979=DIRECTION('',(0.,0.,1.));
#980=VECTOR('',#979,1.7);
#981=LINE('',#978,#980);
#982=EDGE_CURVE('',#977,#969,#981,.T.);
#983=ORIENTED_EDGE('',*,*,#982,.F.);
#984=CARTESIAN_POINT('',(9.075,-0.5,-39.7));
#985=VERTEX_POINT('',#984);
#986=CARTESIAN_POINT('',(8.925,-0.5,-39.7));
#987=DIRECTION('',(1.,0.,0.));
#988=VECTOR('',#987,0.15);
#989=LINE('',#986,#988);
#990=EDGE_CURVE('',#977,#985,#989,.T.);
#991=ORIENTED_EDGE('',*,*,#990,.T.);
#992=CARTESIAN_POINT('',(9.075,-0.5,-38.));
#993=VERTEX_POINT('',#992);
#994=CARTESIAN_POINT('',(9.075,-0.5,-38.));
#995=DIRECTION('',(0.,0.,-1.));
#996=VECTOR('',#995,1.7);
#997=LINE('',#994,#996);
#998=EDGE_CURVE('',#993,#985,#997,.T.);
#999=ORIENTED_EDGE('',*,*,#998,.F.);
#1000=CARTESIAN_POINT('',(9.425,-0.5,-38.));
#1001=VERTEX_POINT('',#1000);
#1002=CARTESIAN_POINT('',(9.425,-0.5,-38.));
#1003=DIRECTION('',(-1.,0.,0.));
#1004=VECTOR('',#1003,0.35);
#1005=LINE('',#1002,#1004);
#1006=EDGE_CURVE('',#1001,#993,#1005,.T.);
#1007=ORIENTED_EDGE('',*,*,#1006,.F.);
#1008=CARTESIAN_POINT('',(9.425,-0.5,-39.7));
#1009=VERTEX_POINT('',#1008);
#1010=CARTESIAN_POINT('',(9.425,-0.5,-39.7));
#1011=DIRECTION('',(0.,0.,1.));
#1012=VECTOR('',#1011,1.7);
#1013=LINE('',#1010,#1012);
#1014=EDGE_CURVE('',#1009,#1001,#1013,.T.);
#1015=ORIENTED_EDGE('',*,*,#1014,.F.);
#1016=CARTESIAN_POINT('',(9.925,-0.5,-39.7));
#1017=VERTEX_POINT('',#1016);
#1018=CARTESIAN_POINT('',(9.425,-0.5,-39.7));
#1019=DIRECTION('',(1.,0.,0.));
#1020=VECTOR('',#1019,0.5);
#1021=LINE('',#1018,#1020);
#1022=EDGE_CURVE('',#1009,#1017,#1021,.T.);
#1023=ORIENTED_EDGE('',*,*,#1022,.T.);
#1024=CARTESIAN_POINT('',(9.925,-0.5,-37.));
#1025=VERTEX_POINT('',#1024);
#1026=CARTESIAN_POINT('',(9.925,-0.5,-37.));
#1027=DIRECTION('',(0.,0.,-1.));
#1028=VECTOR('',#1027,2.7);
#1029=LINE('',#1026,#1028);
#1030=EDGE_CURVE('',#1025,#1017,#1029,.T.);
#1031=ORIENTED_EDGE('',*,*,#1030,.F.);
#1032=CARTESIAN_POINT('',(10.925,-0.5,-36.));
#1033=VERTEX_POINT('',#1032);
#1034=CARTESIAN_POINT('',(10.925,-0.5,-37.));
#1035=DIRECTION('',(0.,-1.,0.));
#1036=DIRECTION('',(0.,0.,1.));
#1037=AXIS2_PLACEMENT_3D('',#1034,#1035,#1036);
#1038=CIRCLE('',#1037,1.);
#1039=EDGE_CURVE('',#1033,#1025,#1038,.T.);
#1040=ORIENTED_EDGE('',*,*,#1039,.F.);
#1041=CARTESIAN_POINT('',(11.,-0.5,-36.));
#1042=VERTEX_POINT('',#1041);
#1043=CARTESIAN_POINT('',(11.,-0.5,-36.));
#1044=DIRECTION('',(-1.,0.,0.));
#1045=VECTOR('',#1044,0.075);
#1046=LINE('',#1043,#1045);
#1047=EDGE_CURVE('',#1042,#1033,#1046,.T.);
#1048=ORIENTED_EDGE('',*,*,#1047,.F.);
#1049=CARTESIAN_POINT('',(11.,-0.5,40.));
#1050=VERTEX_POINT('',#1049);
#1051=CARTESIAN_POINT('',(11.,-0.5,40.));
#1052=DIRECTION('',(-0.,0.,-1.));
#1053=VECTOR('',#1052,76.);
#1054=LINE('',#1051,#1053);
#1055=EDGE_CURVE('',#1050,#1042,#1054,.T.);
#1056=ORIENTED_EDGE('',*,*,#1055,.F.);
#1057=CARTESIAN_POINT('',(2.75,-0.5,40.));
#1058=VERTEX_POINT('',#1057);
#1059=CARTESIAN_POINT('',(2.75,-0.5,40.));
#1060=DIRECTION('',(1.,0.,-0.));
#1061=VECTOR('',#1060,8.25);
#1062=LINE('',#1059,#1061);
#1063=EDGE_CURVE('',#1058,#1050,#1062,.T.);
#1064=ORIENTED_EDGE('',*,*,#1063,.F.);
#1065=CARTESIAN_POINT('',(-2.75,-0.5,40.));
#1066=VERTEX_POINT('',#1065);
#1067=CARTESIAN_POINT('',(0.,-0.5,40.));
#1068=DIRECTION('',(0.,-1.,0.));
#1069=DIRECTION('',(0.,0.,-1.));
#1070=AXIS2_PLACEMENT_3D('',#1067,#1068,#1069);
#1071=CIRCLE('',#1070,2.75);
#1072=EDGE_CURVE('',#1066,#1058,#1071,.T.);
#1073=ORIENTED_EDGE('',*,*,#1072,.F.);
#1074=CARTESIAN_POINT('',(-11.,-0.5,40.));
#1075=VERTEX_POINT('',#1074);
#1076=CARTESIAN_POINT('',(-11.,-0.5,40.));
#1077=DIRECTION('',(1.,0.,-0.));
#1078=VECTOR('',#1077,8.25);
#1079=LINE('',#1076,#1078);
#1080=EDGE_CURVE('',#1075,#1066,#1079,.T.);
#1081=ORIENTED_EDGE('',*,*,#1080,.F.);
#1082=CARTESIAN_POINT('',(-11.,-0.5,-36.));
#1083=VERTEX_POINT('',#1082);
#1084=CARTESIAN_POINT('',(-11.,-0.5,-36.));
#1085=DIRECTION('',(0.,0.,1.));
#1086=VECTOR('',#1085,76.);
#1087=LINE('',#1084,#1086);
#1088=EDGE_CURVE('',#1083,#1075,#1087,.T.);
#1089=ORIENTED_EDGE('',*,*,#1088,.F.);
#1090=CARTESIAN_POINT('',(-10.925,-0.5,-36.));
#1091=VERTEX_POINT('',#1090);
#1092=CARTESIAN_POINT('',(-10.925,-0.5,-36.));
#1093=DIRECTION('',(-1.,0.,0.));
#1094=VECTOR('',#1093,0.075);
#1095=LINE('',#1092,#1094);
#1096=EDGE_CURVE('',#1091,#1083,#1095,.T.);
#1097=ORIENTED_EDGE('',*,*,#1096,.F.);
#1098=CARTESIAN_POINT('',(-9.925,-0.5,-37.));
#1099=VERTEX_POINT('',#1098);
#1100=CARTESIAN_POINT('',(-10.925,-0.5,-37.));
#1101=DIRECTION('',(0.,-1.,0.));
#1102=DIRECTION('',(0.,0.,-1.));
#1103=AXIS2_PLACEMENT_3D('',#1100,#1101,#1102);
#1104=CIRCLE('',#1103,1.);
#1105=EDGE_CURVE('',#1099,#1091,#1104,.T.);
#1106=ORIENTED_EDGE('',*,*,#1105,.F.);
#1107=CARTESIAN_POINT('',(-9.925,-0.5,-39.7));
#1108=VERTEX_POINT('',#1107);
#1109=CARTESIAN_POINT('',(-9.925,-0.5,-39.7));
#1110=DIRECTION('',(0.,0.,1.));
#1111=VECTOR('',#1110,2.7);
#1112=LINE('',#1109,#1111);
#1113=EDGE_CURVE('',#1108,#1099,#1112,.T.);
#1114=ORIENTED_EDGE('',*,*,#1113,.F.);
#1115=CARTESIAN_POINT('',(-9.417287209,-0.5,-39.7));
#1116=VERTEX_POINT('',#1115);
#1117=CARTESIAN_POINT('',(-9.925,-0.5,-39.7));
#1118=DIRECTION('',(1.,0.,0.));
#1119=VECTOR('',#1118,0.507712791);
#1120=LINE('',#1117,#1119);
#1121=EDGE_CURVE('',#1108,#1116,#1120,.T.);
#1122=ORIENTED_EDGE('',*,*,#1121,.T.);
#1123=CARTESIAN_POINT('',(-9.417287209,-0.5,-38.));
#1124=VERTEX_POINT('',#1123);
#1125=CARTESIAN_POINT('',(-9.417287209,-0.5,-38.));
#1126=DIRECTION('',(0.,0.,-1.));
#1127=VECTOR('',#1126,1.7);
#1128=LINE('',#1125,#1127);
#1129=EDGE_CURVE('',#1124,#1116,#1128,.T.);
#1130=ORIENTED_EDGE('',*,*,#1129,.F.);
#1131=CARTESIAN_POINT('',(-9.070133855,-0.5,-38.));
#1132=VERTEX_POINT('',#1131);
#1133=CARTESIAN_POINT('',(-9.070133855,-0.5,-38.));
#1134=DIRECTION('',(-1.,0.,0.));
#1135=VECTOR('',#1134,0.347153354);
#1136=LINE('',#1133,#1135);
#1137=EDGE_CURVE('',#1132,#1124,#1136,.T.);
#1138=ORIENTED_EDGE('',*,*,#1137,.F.);
#1139=CARTESIAN_POINT('',(-9.070133855,-0.5,-39.7));
#1140=VERTEX_POINT('',#1139);
#1141=CARTESIAN_POINT('',(-9.070133855,-0.5,-39.7));
#1142=DIRECTION('',(0.,0.,1.));
#1143=VECTOR('',#1142,1.7);
#1144=LINE('',#1141,#1143);
#1145=EDGE_CURVE('',#1140,#1132,#1144,.T.);
#1146=ORIENTED_EDGE('',*,*,#1145,.F.);
#1147=CARTESIAN_POINT('',(-8.917287209,-0.5,-39.7));
#1148=VERTEX_POINT('',#1147);
#1149=CARTESIAN_POINT('',(-9.070133855,-0.5,-39.7));
#1150=DIRECTION('',(1.,0.,0.));
#1151=VECTOR('',#1150,0.152846646);
#1152=LINE('',#1149,#1151);
#1153=EDGE_CURVE('',#1140,#1148,#1152,.T.);
#1154=ORIENTED_EDGE('',*,*,#1153,.T.);
#1155=CARTESIAN_POINT('',(-8.917287209,-0.5,-38.));
#1156=VERTEX_POINT('',#1155);
#1157=CARTESIAN_POINT('',(-8.917287209,-0.5,-38.));
#1158=DIRECTION('',(0.,0.,-1.));
#1159=VECTOR('',#1158,1.7);
#1160=LINE('',#1157,#1159);
#1161=EDGE_CURVE('',#1156,#1148,#1160,.T.);
#1162=ORIENTED_EDGE('',*,*,#1161,.F.);
#1163=CARTESIAN_POINT('',(-8.570133855,-0.5,-38.));
#1164=VERTEX_POINT('',#1163);
#1165=CARTESIAN_POINT('',(-8.570133855,-0.5,-38.));
#1166=DIRECTION('',(-1.,0.,0.));
#1167=VECTOR('',#1166,0.347153354);
#1168=LINE('',#1165,#1167);
#1169=EDGE_CURVE('',#1164,#1156,#1168,.T.);
#1170=ORIENTED_EDGE('',*,*,#1169,.F.);
#1171=CARTESIAN_POINT('',(-8.570133855,-0.5,-39.7));
#1172=VERTEX_POINT('',#1171);
#1173=CARTESIAN_POINT('',(-8.570133855,-0.5,-39.7));
#1174=DIRECTION('',(0.,0.,1.));
#1175=VECTOR('',#1174,1.7);
#1176=LINE('',#1173,#1175);
#1177=EDGE_CURVE('',#1172,#1164,#1176,.T.);
#1178=ORIENTED_EDGE('',*,*,#1177,.F.);
#1179=CARTESIAN_POINT('',(-8.417287209,-0.5,-39.7));
#1180=VERTEX_POINT('',#1179);
#1181=CARTESIAN_POINT('',(-8.570133855,-0.5,-39.7));
#1182=DIRECTION('',(1.,0.,0.));
#1183=VECTOR('',#1182,0.152846646);
#1184=LINE('',#1181,#1183);
#1185=EDGE_CURVE('',#1172,#1180,#1184,.T.);
#1186=ORIENTED_EDGE('',*,*,#1185,.T.);
#1187=CARTESIAN_POINT('',(-8.417287209,-0.5,-38.));
#1188=VERTEX_POINT('',#1187);
#1189=CARTESIAN_POINT('',(-8.417287209,-0.5,-38.));
#1190=DIRECTION('',(0.,0.,-1.));
#1191=VECTOR('',#1190,1.7);
#1192=LINE('',#1189,#1191);
#1193=EDGE_CURVE('',#1188,#1180,#1192,.T.);
#1194=ORIENTED_EDGE('',*,*,#1193,.F.);
#1195=CARTESIAN_POINT('',(-8.070133855,-0.5,-38.));
#1196=VERTEX_POINT('',#1195);
#1197=CARTESIAN_POINT('',(-8.070133855,-0.5,-38.));
#1198=DIRECTION('',(-1.,0.,0.));
#1199=VECTOR('',#1198,0.347153354);
#1200=LINE('',#1197,#1199);
#1201=EDGE_CURVE('',#1196,#1188,#1200,.T.);
#1202=ORIENTED_EDGE('',*,*,#1201,.F.);
#1203=CARTESIAN_POINT('',(-8.070133855,-0.5,-39.7));
#1204=VERTEX_POINT('',#1203);
#1205=CARTESIAN_POINT('',(-8.070133855,-0.5,-39.7));
#1206=DIRECTION('',(0.,0.,1.));
#1207=VECTOR('',#1206,1.7);
#1208=LINE('',#1205,#1207);
#1209=EDGE_CURVE('',#1204,#1196,#1208,.T.);
#1210=ORIENTED_EDGE('',*,*,#1209,.F.);
#1211=CARTESIAN_POINT('',(-7.917287209,-0.5,-39.7));
#1212=VERTEX_POINT('',#1211);
#1213=CARTESIAN_POINT('',(-8.070133855,-0.5,-39.7));
#1214=DIRECTION('',(1.,0.,0.));
#1215=VECTOR('',#1214,0.152846646);
#1216=LINE('',#1213,#1215);
#1217=EDGE_CURVE('',#1204,#1212,#1216,.T.);
#1218=ORIENTED_EDGE('',*,*,#1217,.T.);
#1219=CARTESIAN_POINT('',(-7.917287209,-0.5,-38.));
#1220=VERTEX_POINT('',#1219);
#1221=CARTESIAN_POINT('',(-7.917287209,-0.5,-38.));
#1222=DIRECTION('',(0.,0.,-1.));
#1223=VECTOR('',#1222,1.7);
#1224=LINE('',#1221,#1223);
#1225=EDGE_CURVE('',#1220,#1212,#1224,.T.);
#1226=ORIENTED_EDGE('',*,*,#1225,.F.);
#1227=CARTESIAN_POINT('',(-7.570133855,-0.5,-38.));
#1228=VERTEX_POINT('',#1227);
#1229=CARTESIAN_POINT('',(-7.570133855,-0.5,-38.));
#1230=DIRECTION('',(-1.,0.,0.));
#1231=VECTOR('',#1230,0.347153354);
#1232=LINE('',#1229,#1231);
#1233=EDGE_CURVE('',#1228,#1220,#1232,.T.);
#1234=ORIENTED_EDGE('',*,*,#1233,.F.);
#1235=CARTESIAN_POINT('',(-7.570133855,-0.5,-39.7));
#1236=VERTEX_POINT('',#1235);
#1237=CARTESIAN_POINT('',(-7.570133855,-0.5,-39.7));
#1238=DIRECTION('',(0.,0.,1.));
#1239=VECTOR('',#1238,1.7);
#1240=LINE('',#1237,#1239);
#1241=EDGE_CURVE('',#1236,#1228,#1240,.T.);
#1242=ORIENTED_EDGE('',*,*,#1241,.F.);
#1243=CARTESIAN_POINT('',(-7.417287209,-0.5,-39.7));
#1244=VERTEX_POINT('',#1243);
#1245=CARTESIAN_POINT('',(-7.570133855,-0.5,-39.7));
#1246=DIRECTION('',(1.,0.,0.));
#1247=VECTOR('',#1246,0.152846646);
#1248=LINE('',#1245,#1247);
#1249=EDGE_CURVE('',#1236,#1244,#1248,.T.);
#1250=ORIENTED_EDGE('',*,*,#1249,.T.);
#1251=CARTESIAN_POINT('',(-7.417287209,-0.5,-38.));
#1252=VERTEX_POINT('',#1251);
#1253=CARTESIAN_POINT('',(-7.417287209,-0.5,-38.));
#1254=DIRECTION('',(0.,0.,-1.));
#1255=VECTOR('',#1254,1.7);
#1256=LINE('',#1253,#1255);
#1257=EDGE_CURVE('',#1252,#1244,#1256,.T.);
#1258=ORIENTED_EDGE('',*,*,#1257,.F.);
#1259=CARTESIAN_POINT('',(-7.070133855,-0.5,-38.));
#1260=VERTEX_POINT('',#1259);
#1261=CARTESIAN_POINT('',(-7.070133855,-0.5,-38.));
#1262=DIRECTION('',(-1.,0.,0.));
#1263=VECTOR('',#1262,0.347153354);
#1264=LINE('',#1261,#1263);
#1265=EDGE_CURVE('',#1260,#1252,#1264,.T.);
#1266=ORIENTED_EDGE('',*,*,#1265,.F.);
#1267=CARTESIAN_POINT('',(-7.070133855,-0.5,-39.7));
#1268=VERTEX_POINT('',#1267);
#1269=CARTESIAN_POINT('',(-7.070133855,-0.5,-39.7));
#1270=DIRECTION('',(0.,0.,1.));
#1271=VECTOR('',#1270,1.7);
#1272=LINE('',#1269,#1271);
#1273=EDGE_CURVE('',#1268,#1260,#1272,.T.);
#1274=ORIENTED_EDGE('',*,*,#1273,.F.);
#1275=CARTESIAN_POINT('',(-6.725,-0.5,-39.7));
#1276=VERTEX_POINT('',#1275);
#1277=CARTESIAN_POINT('',(-7.070133855,-0.5,-39.7));
#1278=DIRECTION('',(1.,0.,0.));
#1279=VECTOR('',#1278,0.345133855);
#1280=LINE('',#1277,#1279);
#1281=EDGE_CURVE('',#1268,#1276,#1280,.T.);
#1282=ORIENTED_EDGE('',*,*,#1281,.T.);
#1283=CARTESIAN_POINT('',(-6.725,-0.5,-37.1));
#1284=VERTEX_POINT('',#1283);
#1285=CARTESIAN_POINT('',(-6.725,-0.5,-37.1));
#1286=DIRECTION('',(0.,0.,-1.));
#1287=VECTOR('',#1286,2.6);
#1288=LINE('',#1285,#1287);
#1289=EDGE_CURVE('',#1284,#1276,#1288,.T.);
#1290=ORIENTED_EDGE('',*,*,#1289,.F.);
#1291=CARTESIAN_POINT('',(-6.125,-0.5,-36.5));
#1292=VERTEX_POINT('',#1291);
#1293=CARTESIAN_POINT('',(-6.125,-0.5,-37.1));
#1294=DIRECTION('',(0.,-1.,0.));
#1295=DIRECTION('',(0.,0.,1.));
#1296=AXIS2_PLACEMENT_3D('',#1293,#1294,#1295);
#1297=CIRCLE('',#1296,0.6);
#1298=EDGE_CURVE('',#1292,#1284,#1297,.T.);
#1299=ORIENTED_EDGE('',*,*,#1298,.F.);
#1300=CARTESIAN_POINT('',(-5.525,-0.5,-37.1));
#1301=VERTEX_POINT('',#1300);
#1302=CARTESIAN_POINT('',(-6.125,-0.5,-37.1));
#1303=DIRECTION('',(0.,-1.,0.));
#1304=DIRECTION('',(0.,0.,1.));
#1305=AXIS2_PLACEMENT_3D('',#1302,#1303,#1304);
#1306=CIRCLE('',#1305,0.6);
#1307=EDGE_CURVE('',#1301,#1292,#1306,.T.);
#1308=ORIENTED_EDGE('',*,*,#1307,.F.);
#1309=CARTESIAN_POINT('',(-5.525,-0.5,-39.7));
#1310=VERTEX_POINT('',#1309);
#1311=CARTESIAN_POINT('',(-5.525,-0.5,-39.7));
#1312=DIRECTION('',(0.,0.,1.));
#1313=VECTOR('',#1312,2.6);
#1314=LINE('',#1311,#1313);
#1315=EDGE_CURVE('',#1310,#1301,#1314,.T.);
#1316=ORIENTED_EDGE('',*,*,#1315,.F.);
#1317=CARTESIAN_POINT('',(-5.525,-0.5,-39.7));
#1318=DIRECTION('',(1.,0.,0.));
#1319=VECTOR('',#1318,0.6);
#1320=LINE('',#1317,#1319);
#1321=EDGE_CURVE('',#1310,#97,#1320,.T.);
#1322=ORIENTED_EDGE('',*,*,#1321,.T.);
#1323=EDGE_LOOP('',(#103,#111,#119,#127,#135,#143,#151,#159,#167,#175,#183,#191,#199,#207,#215,#223,#231,#239,#247,#255,#263,#271,#279,#287,#295,#303,
#311,#319,#327,#335,#343,#351,#359,#367,#375,#383,#391,#399,#407,#415,#423,#431,#439,#447,#455,#463,#471,#479,#487,#495,#503,
#511,#519,#527,#535,#543,#551,#559,#567,#575,#583,#591,#599,#607,#615,#623,#631,#639,#647,#655,#663,#671,#679,#687,#695,#703,
#711,#719,#727,#735,#743,#751,#759,#767,#775,#783,#791,#799,#807,#815,#823,#831,#839,#847,#855,#863,#871,#879,#887,#895,#903,
#911,#919,#927,#935,#943,#951,#959,#967,#975,#983,#991,#999,#1007,#1015,#1023,#1031,#1040,#1048,#1056,#1064,#1073,#1081,#1089,#1097,#1106,
#1114,#1122,#1130,#1138,#1146,#1154,#1162,#1170,#1178,#1186,#1194,#1202,#1210,#1218,#1226,#1234,#1242,#1250,#1258,#1266,#1274,#1282,#1290,#1299,#1308,
#1316,#1322));
#1324=FACE_BOUND('',#1323,.T.);
#1325=ADVANCED_FACE('',(#93,#1324),#59,.F.);
#1326=COLOUR_RGB('',0.34117648,0.839215696,0.411764711);
#1327=FILL_AREA_STYLE_COLOUR('',#1326);
#1328=FILL_AREA_STYLE('',(#1327));
#1329=SURFACE_STYLE_FILL_AREA(#1328);
#1330=SURFACE_SIDE_STYLE('',(#1329));
#1331=SURFACE_STYLE_USAGE(.BOTH.,#1330);
#1332=PRESENTATION_STYLE_ASSIGNMENT((#1331));
#1333=OVER_RIDING_STYLED_ITEM('',(#1332),#1325,#54);
#1334=CARTESIAN_POINT('',(11.,-0.5,-36.));
#1335=DIRECTION('',(1.,0.,-0.));
#1336=DIRECTION('',(-0.,0.,-1.));
#1337=AXIS2_PLACEMENT_3D('',#1334,#1335,#1336);
#1338=PLANE('',#1337);
#1339=CARTESIAN_POINT('',(11.,0.3,-36.));
#1340=VERTEX_POINT('',#1339);
#1341=CARTESIAN_POINT('',(11.,-0.5,-36.));
#1342=DIRECTION('',(0.,1.,0.));
#1343=VECTOR('',#1342,0.8);
#1344=LINE('',#1341,#1343);
#1345=EDGE_CURVE('',#1042,#1340,#1344,.T.);
#1346=ORIENTED_EDGE('',*,*,#1345,.T.);
#1347=CARTESIAN_POINT('',(11.,0.3,40.));
#1348=VERTEX_POINT('',#1347);
#1349=CARTESIAN_POINT('',(11.,0.3,40.));
#1350=DIRECTION('',(-0.,0.,-1.));
#1351=VECTOR('',#1350,76.);
#1352=LINE('',#1349,#1351);
#1353=EDGE_CURVE('',#1348,#1340,#1352,.T.);
#1354=ORIENTED_EDGE('',*,*,#1353,.F.);
#1355=CARTESIAN_POINT('',(11.,-0.5,40.));
#1356=DIRECTION('',(0.,1.,0.));
#1357=VECTOR('',#1356,0.8);
#1358=LINE('',#1355,#1357);
#1359=EDGE_CURVE('',#1050,#1348,#1358,.T.);
#1360=ORIENTED_EDGE('',*,*,#1359,.F.);
#1361=ORIENTED_EDGE('',*,*,#1055,.T.);
#1362=EDGE_LOOP('',(#1346,#1354,#1360,#1361));
#1363=FACE_BOUND('',#1362,.T.);
#1364=ADVANCED_FACE('',(#1363),#1338,.T.);
#1365=OVER_RIDING_STYLED_ITEM('',(#1332),#1364,#54);
#1366=CARTESIAN_POINT('',(1.75,-0.5,40.));
#1367=DIRECTION('',(0.,0.,1.));
#1368=DIRECTION('',(1.,0.,0.));
#1369=AXIS2_PLACEMENT_3D('',#1366,#1367,#1368);
#1370=PLANE('',#1369);
#1371=ORIENTED_EDGE('',*,*,#1359,.T.);
#1372=CARTESIAN_POINT('',(4.,0.3,40.));
#1373=VERTEX_POINT('',#1372);
#1374=CARTESIAN_POINT('',(4.,0.3,40.));
#1375=DIRECTION('',(1.,0.,-0.));
#1376=VECTOR('',#1375,7.);
#1377=LINE('',#1374,#1376);
#1378=EDGE_CURVE('',#1373,#1348,#1377,.T.);
#1379=ORIENTED_EDGE('',*,*,#1378,.F.);
#1380=CARTESIAN_POINT('',(4.,0.29,40.));
#1381=VERTEX_POINT('',#1380);
#1382=CARTESIAN_POINT('',(4.,0.3,40.));
#1383=DIRECTION('',(0.,-1.,0.));
#1384=VECTOR('',#1383,0.01);
#1385=LINE('',#1382,#1384);
#1386=EDGE_CURVE('',#1373,#1381,#1385,.T.);
#1387=ORIENTED_EDGE('',*,*,#1386,.T.);
#1388=CARTESIAN_POINT('',(1.75,0.29,40.));
#1389=VERTEX_POINT('',#1388);
#1390=CARTESIAN_POINT('',(1.75,0.29,40.));
#1391=DIRECTION('',(1.,0.,-0.));
#1392=VECTOR('',#1391,2.25);
#1393=LINE('',#1390,#1392);
#1394=EDGE_CURVE('',#1389,#1381,#1393,.T.);
#1395=ORIENTED_EDGE('',*,*,#1394,.F.);
#1396=CARTESIAN_POINT('',(1.75,-0.51,40.));
#1397=VERTEX_POINT('',#1396);
#1398=CARTESIAN_POINT('',(1.75,-0.51,40.));
#1399=DIRECTION('',(0.,1.,0.));
#1400=VECTOR('',#1399,0.8);
#1401=LINE('',#1398,#1400);
#1402=EDGE_CURVE('',#1397,#1389,#1401,.T.);
#1403=ORIENTED_EDGE('',*,*,#1402,.F.);
#1404=CARTESIAN_POINT('',(2.75,-0.51,40.));
#1405=VERTEX_POINT('',#1404);
#1406=CARTESIAN_POINT('',(2.75,-0.51,40.));
#1407=DIRECTION('',(-1.,0.,0.));
#1408=VECTOR('',#1407,1.);
#1409=LINE('',#1406,#1408);
#1410=EDGE_CURVE('',#1405,#1397,#1409,.T.);
#1411=ORIENTED_EDGE('',*,*,#1410,.F.);
#1412=CARTESIAN_POINT('',(2.75,-0.51,40.));
#1413=DIRECTION('',(0.,1.,0.));
#1414=VECTOR('',#1413,0.01);
#1415=LINE('',#1412,#1414);
#1416=EDGE_CURVE('',#1405,#1058,#1415,.T.);
#1417=ORIENTED_EDGE('',*,*,#1416,.T.);
#1418=ORIENTED_EDGE('',*,*,#1063,.T.);
#1419=EDGE_LOOP('',(#1371,#1379,#1387,#1395,#1403,#1411,#1417,#1418));
#1420=FACE_BOUND('',#1419,.T.);
#1421=ADVANCED_FACE('',(#1420),#1370,.T.);
#1422=OVER_RIDING_STYLED_ITEM('',(#1332),#1421,#54);
#1423=CARTESIAN_POINT('',(0.,-0.5,40.));
#1424=DIRECTION('',(0.,1.,0.));
#1425=DIRECTION('',(0.,-0.,1.));
#1426=AXIS2_PLACEMENT_3D('',#1423,#1424,#1425);
#1427=CYLINDRICAL_SURFACE('',#1426,1.75);
#1428=ORIENTED_EDGE('',*,*,#1402,.T.);
#1429=CARTESIAN_POINT('',(-1.75,0.29,40.));
#1430=VERTEX_POINT('',#1429);
#1431=CARTESIAN_POINT('',(0.,0.29,40.));
#1432=DIRECTION('',(-0.,-1.,-0.));
#1433=DIRECTION('',(0.,-0.,1.));
#1434=AXIS2_PLACEMENT_3D('',#1431,#1432,#1433);
#1435=CIRCLE('',#1434,1.75);
#1436=EDGE_CURVE('',#1430,#1389,#1435,.T.);
#1437=ORIENTED_EDGE('',*,*,#1436,.F.);
#1438=CARTESIAN_POINT('',(-1.75,-0.51,40.));
#1439=VERTEX_POINT('',#1438);
#1440=CARTESIAN_POINT('',(-1.75,-0.51,40.));
#1441=DIRECTION('',(0.,1.,0.));
#1442=VECTOR('',#1441,0.8);
#1443=LINE('',#1440,#1442);
#1444=EDGE_CURVE('',#1439,#1430,#1443,.T.);
#1445=ORIENTED_EDGE('',*,*,#1444,.F.);
#1446=CARTESIAN_POINT('',(0.,-0.51,40.));
#1447=DIRECTION('',(0.,1.,0.));
#1448=DIRECTION('',(0.,0.,-1.));
#1449=AXIS2_PLACEMENT_3D('',#1446,#1447,#1448);
#1450=CIRCLE('',#1449,1.75);
#1451=EDGE_CURVE('',#1397,#1439,#1450,.T.);
#1452=ORIENTED_EDGE('',*,*,#1451,.F.);
#1453=EDGE_LOOP('',(#1428,#1437,#1445,#1452));
#1454=FACE_BOUND('',#1453,.T.);
#1455=ADVANCED_FACE('',(#1454),#1427,.F.);
#1456=OVER_RIDING_STYLED_ITEM('',(#1332),#1455,#54);
#1457=CARTESIAN_POINT('',(-11.,-0.5,40.));
#1458=DIRECTION('',(0.,0.,1.));
#1459=DIRECTION('',(1.,0.,0.));
#1460=AXIS2_PLACEMENT_3D('',#1457,#1458,#1459);
#1461=PLANE('',#1460);
#1462=CARTESIAN_POINT('',(-11.,0.3,40.));
#1463=VERTEX_POINT('',#1462);
#1464=CARTESIAN_POINT('',(-4.,0.3,40.));
#1465=VERTEX_POINT('',#1464);
#1466=CARTESIAN_POINT('',(-11.,0.3,40.));
#1467=DIRECTION('',(1.,0.,-0.));
#1468=VECTOR('',#1467,7.);
#1469=LINE('',#1466,#1468);
#1470=EDGE_CURVE('',#1463,#1465,#1469,.T.);
#1471=ORIENTED_EDGE('',*,*,#1470,.F.);
#1472=CARTESIAN_POINT('',(-11.,-0.5,40.));
#1473=DIRECTION('',(0.,1.,0.));
#1474=VECTOR('',#1473,0.8);
#1475=LINE('',#1472,#1474);
#1476=EDGE_CURVE('',#1075,#1463,#1475,.T.);
#1477=ORIENTED_EDGE('',*,*,#1476,.F.);
#1478=ORIENTED_EDGE('',*,*,#1080,.T.);
#1479=CARTESIAN_POINT('',(-2.75,-0.51,40.));
#1480=VERTEX_POINT('',#1479);
#1481=CARTESIAN_POINT('',(-2.75,-0.51,40.));
#1482=DIRECTION('',(0.,1.,0.));
#1483=VECTOR('',#1482,0.01);
#1484=LINE('',#1481,#1483);
#1485=EDGE_CURVE('',#1480,#1066,#1484,.T.);
#1486=ORIENTED_EDGE('',*,*,#1485,.F.);
#1487=CARTESIAN_POINT('',(-1.75,-0.51,40.));
#1488=DIRECTION('',(-1.,0.,0.));
#1489=VECTOR('',#1488,1.);
#1490=LINE('',#1487,#1489);
#1491=EDGE_CURVE('',#1439,#1480,#1490,.T.);
#1492=ORIENTED_EDGE('',*,*,#1491,.F.);
#1493=ORIENTED_EDGE('',*,*,#1444,.T.);
#1494=CARTESIAN_POINT('',(-4.,0.29,40.));
#1495=VERTEX_POINT('',#1494);
#1496=CARTESIAN_POINT('',(-4.,0.29,40.));
#1497=DIRECTION('',(1.,0.,-0.));
#1498=VECTOR('',#1497,2.25);
#1499=LINE('',#1496,#1498);
#1500=EDGE_CURVE('',#1495,#1430,#1499,.T.);
#1501=ORIENTED_EDGE('',*,*,#1500,.F.);
#1502=CARTESIAN_POINT('',(-4.,0.3,40.));
#1503=DIRECTION('',(0.,-1.,0.));
#1504=VECTOR('',#1503,0.01);
#1505=LINE('',#1502,#1504);
#1506=EDGE_CURVE('',#1465,#1495,#1505,.T.);
#1507=ORIENTED_EDGE('',*,*,#1506,.F.);
#1508=EDGE_LOOP('',(#1471,#1477,#1478,#1486,#1492,#1493,#1501,#1507));
#1509=FACE_BOUND('',#1508,.T.);
#1510=ADVANCED_FACE('',(#1509),#1461,.T.);
#1511=OVER_RIDING_STYLED_ITEM('',(#1332),#1510,#54);
#1512=CARTESIAN_POINT('',(-11.,-0.5,-36.));
#1513=DIRECTION('',(-1.,0.,0.));
#1514=DIRECTION('',(0.,0.,1.));
#1515=AXIS2_PLACEMENT_3D('',#1512,#1513,#1514);
#1516=PLANE('',#1515);
#1517=ORIENTED_EDGE('',*,*,#1476,.T.);
#1518=CARTESIAN_POINT('',(-11.,0.3,-36.));
#1519=VERTEX_POINT('',#1518);
#1520=CARTESIAN_POINT('',(-11.,0.3,-36.));
#1521=DIRECTION('',(0.,0.,1.));
#1522=VECTOR('',#1521,76.);
#1523=LINE('',#1520,#1522);
#1524=EDGE_CURVE('',#1519,#1463,#1523,.T.);
#1525=ORIENTED_EDGE('',*,*,#1524,.F.);
#1526=CARTESIAN_POINT('',(-11.,-0.5,-36.));
#1527=DIRECTION('',(0.,1.,0.));
#1528=VECTOR('',#1527,0.8);
#1529=LINE('',#1526,#1528);
#1530=EDGE_CURVE('',#1083,#1519,#1529,.T.);
#1531=ORIENTED_EDGE('',*,*,#1530,.F.);
#1532=ORIENTED_EDGE('',*,*,#1088,.T.);
#1533=EDGE_LOOP('',(#1517,#1525,#1531,#1532));
#1534=FACE_BOUND('',#1533,.T.);
#1535=ADVANCED_FACE('',(#1534),#1516,.T.);
#1536=OVER_RIDING_STYLED_ITEM('',(#1332),#1535,#54);
#1537=CARTESIAN_POINT('',(-11.,-0.5,-36.));
#1538=DIRECTION('',(0.,0.,-1.));
#1539=DIRECTION('',(-1.,0.,0.));
#1540=AXIS2_PLACEMENT_3D('',#1537,#1538,#1539);
#1541=PLANE('',#1540);
#1542=ORIENTED_EDGE('',*,*,#1530,.T.);
#1543=CARTESIAN_POINT('',(-10.925,0.3,-36.));
#1544=VERTEX_POINT('',#1543);
#1545=CARTESIAN_POINT('',(-10.925,0.3,-36.));
#1546=DIRECTION('',(-1.,0.,0.));
#1547=VECTOR('',#1546,0.075);
#1548=LINE('',#1545,#1547);
#1549=EDGE_CURVE('',#1544,#1519,#1548,.T.);
#1550=ORIENTED_EDGE('',*,*,#1549,.F.);
#1551=CARTESIAN_POINT('',(-10.925,-0.5,-36.));
#1552=DIRECTION('',(0.,1.,0.));
#1553=VECTOR('',#1552,0.8);
#1554=LINE('',#1551,#1553);
#1555=EDGE_CURVE('',#1091,#1544,#1554,.T.);
#1556=ORIENTED_EDGE('',*,*,#1555,.F.);
#1557=ORIENTED_EDGE('',*,*,#1096,.T.);
#1558=EDGE_LOOP('',(#1542,#1550,#1556,#1557));
#1559=FACE_BOUND('',#1558,.T.);
#1560=ADVANCED_FACE('',(#1559),#1541,.T.);
#1561=OVER_RIDING_STYLED_ITEM('',(#1332),#1560,#54);
#1562=CARTESIAN_POINT('',(-10.925,-0.5,-37.));
#1563=DIRECTION('',(0.,1.,0.));
#1564=DIRECTION('',(0.,-0.,1.));
#1565=AXIS2_PLACEMENT_3D('',#1562,#1563,#1564);
#1566=CYLINDRICAL_SURFACE('',#1565,1.);
#1567=ORIENTED_EDGE('',*,*,#1555,.T.);
#1568=CARTESIAN_POINT('',(-9.925,0.3,-37.));
#1569=VERTEX_POINT('',#1568);
#1570=CARTESIAN_POINT('',(-10.925,0.3,-37.));
#1571=DIRECTION('',(0.,-1.,0.));
#1572=DIRECTION('',(0.,0.,-1.));
#1573=AXIS2_PLACEMENT_3D('',#1570,#1571,#1572);
#1574=CIRCLE('',#1573,1.);
#1575=EDGE_CURVE('',#1569,#1544,#1574,.T.);
#1576=ORIENTED_EDGE('',*,*,#1575,.F.);
#1577=CARTESIAN_POINT('',(-9.925,-0.5,-37.));
#1578=DIRECTION('',(0.,1.,0.));
#1579=VECTOR('',#1578,0.8);
#1580=LINE('',#1577,#1579);
#1581=EDGE_CURVE('',#1099,#1569,#1580,.T.);
#1582=ORIENTED_EDGE('',*,*,#1581,.F.);
#1583=ORIENTED_EDGE('',*,*,#1105,.T.);
#1584=EDGE_LOOP('',(#1567,#1576,#1582,#1583));
#1585=FACE_BOUND('',#1584,.T.);
#1586=ADVANCED_FACE('',(#1585),#1566,.F.);
#1587=OVER_RIDING_STYLED_ITEM('',(#1332),#1586,#54);
#1588=CARTESIAN_POINT('',(-9.925,-0.5,-40.));
#1589=DIRECTION('',(-1.,0.,0.));
#1590=DIRECTION('',(0.,0.,1.));
#1591=AXIS2_PLACEMENT_3D('',#1588,#1589,#1590);
#1592=PLANE('',#1591);
#1593=CARTESIAN_POINT('',(-9.925,-0.39080893,-40.));
#1594=VERTEX_POINT('',#1593);
#1595=CARTESIAN_POINT('',(-9.925,-0.5,-39.7));
#1596=DIRECTION('',(0.,0.342020143,-0.939692621));
#1597=VECTOR('',#1596,0.319253332);
#1598=LINE('',#1595,#1597);
#1599=EDGE_CURVE('',#1108,#1594,#1598,.T.);
#1600=ORIENTED_EDGE('',*,*,#1599,.F.);
#1601=ORIENTED_EDGE('',*,*,#1113,.T.);
#1602=ORIENTED_EDGE('',*,*,#1581,.T.);
#1603=CARTESIAN_POINT('',(-9.925,0.3,-39.7));
#1604=VERTEX_POINT('',#1603);
#1605=CARTESIAN_POINT('',(-9.925,0.3,-39.7));
#1606=DIRECTION('',(0.,0.,1.));
#1607=VECTOR('',#1606,2.7);
#1608=LINE('',#1605,#1607);
#1609=EDGE_CURVE('',#1604,#1569,#1608,.T.);
#1610=ORIENTED_EDGE('',*,*,#1609,.F.);
#1611=CARTESIAN_POINT('',(-9.925,0.,-39.7));
#1612=VERTEX_POINT('',#1611);
#1613=CARTESIAN_POINT('',(-9.925,0.3,-39.7));
#1614=DIRECTION('',(0.,-1.,0.));
#1615=VECTOR('',#1614,0.3);
#1616=LINE('',#1613,#1615);
#1617=EDGE_CURVE('',#1604,#1612,#1616,.T.);
#1618=ORIENTED_EDGE('',*,*,#1617,.T.);
#1619=CARTESIAN_POINT('',(-9.925,-0.10919107,-40.));
#1620=VERTEX_POINT('',#1619);
#1621=CARTESIAN_POINT('',(-9.925,-0.10919107,-40.));
#1622=DIRECTION('',(0.,0.342020143,0.939692621));
#1623=VECTOR('',#1622,0.319253332);
#1624=LINE('',#1621,#1623);
#1625=EDGE_CURVE('',#1620,#1612,#1624,.T.);
#1626=ORIENTED_EDGE('',*,*,#1625,.F.);
#1627=CARTESIAN_POINT('',(-9.925,-0.39080893,-40.));
#1628=DIRECTION('',(0.,1.,0.));
#1629=VECTOR('',#1628,0.281617859);
#1630=LINE('',#1627,#1629);
#1631=EDGE_CURVE('',#1594,#1620,#1630,.T.);
#1632=ORIENTED_EDGE('',*,*,#1631,.F.);
#1633=EDGE_LOOP('',(#1600,#1601,#1602,#1610,#1618,#1626,#1632));
#1634=FACE_BOUND('',#1633,.T.);
#1635=ADVANCED_FACE('',(#1634),#1592,.T.);
#1636=OVER_RIDING_STYLED_ITEM('',(#1332),#1635,#54);
#1637=CARTESIAN_POINT('',(-9.925,-0.5,-40.));
#1638=DIRECTION('',(0.,0.,-1.));
#1639=DIRECTION('',(-1.,0.,0.));
#1640=AXIS2_PLACEMENT_3D('',#1637,#1638,#1639);
#1641=PLANE('',#1640);
#1642=CARTESIAN_POINT('',(-6.725,-0.39080893,-40.));
#1643=VERTEX_POINT('',#1642);
#1644=CARTESIAN_POINT('',(-9.925,-0.39080893,-40.));
#1645=DIRECTION('',(1.,0.,0.));
#1646=VECTOR('',#1645,3.2);
#1647=LINE('',#1644,#1646);
#1648=EDGE_CURVE('',#1594,#1643,#1647,.T.);
#1649=ORIENTED_EDGE('',*,*,#1648,.F.);
#1650=ORIENTED_EDGE('',*,*,#1631,.T.);
#1651=CARTESIAN_POINT('',(-6.725,-0.10919107,-40.));
#1652=VERTEX_POINT('',#1651);
#1653=CARTESIAN_POINT('',(-9.925,-0.10919107,-40.));
#1654=DIRECTION('',(1.,0.,0.));
#1655=VECTOR('',#1654,3.2);
#1656=LINE('',#1653,#1655);
#1657=EDGE_CURVE('',#1620,#1652,#1656,.T.);
#1658=ORIENTED_EDGE('',*,*,#1657,.T.);
#1659=CARTESIAN_POINT('',(-6.725,-0.39080893,-40.));
#1660=DIRECTION('',(0.,1.,0.));
#1661=VECTOR('',#1660,0.281617859);
#1662=LINE('',#1659,#1661);
#1663=EDGE_CURVE('',#1643,#1652,#1662,.T.);
#1664=ORIENTED_EDGE('',*,*,#1663,.F.);
#1665=EDGE_LOOP('',(#1649,#1650,#1658,#1664));
#1666=FACE_BOUND('',#1665,.T.);
#1667=ADVANCED_FACE('',(#1666),#1641,.T.);
#1668=OVER_RIDING_STYLED_ITEM('',(#1332),#1667,#54);
#1669=CARTESIAN_POINT('',(-6.725,-0.5,-37.1));
#1670=DIRECTION('',(1.,0.,0.));
#1671=DIRECTION('',(0.,0.,-1.));
#1672=AXIS2_PLACEMENT_3D('',#1669,#1670,#1671);
#1673=PLANE('',#1672);
#1674=CARTESIAN_POINT('',(-6.725,-0.39080893,-40.));
#1675=DIRECTION('',(0.,-0.342020143,0.939692621));
#1676=VECTOR('',#1675,0.319253332);
#1677=LINE('',#1674,#1676);
#1678=EDGE_CURVE('',#1643,#1276,#1677,.T.);
#1679=ORIENTED_EDGE('',*,*,#1678,.F.);
#1680=ORIENTED_EDGE('',*,*,#1663,.T.);
#1681=CARTESIAN_POINT('',(-6.725,-0.,-39.7));
#1682=VERTEX_POINT('',#1681);
#1683=CARTESIAN_POINT('',(-6.725,0.,-39.7));
#1684=DIRECTION('',(0.,-0.342020143,-0.939692621));
#1685=VECTOR('',#1684,0.319253332);
#1686=LINE('',#1683,#1685);
#1687=EDGE_CURVE('',#1682,#1652,#1686,.T.);
#1688=ORIENTED_EDGE('',*,*,#1687,.F.);
#1689=CARTESIAN_POINT('',(-6.725,0.3,-39.7));
#1690=VERTEX_POINT('',#1689);
#1691=CARTESIAN_POINT('',(-6.725,0.3,-39.7));
#1692=DIRECTION('',(0.,-1.,0.));
#1693=VECTOR('',#1692,0.3);
#1694=LINE('',#1691,#1693);
#1695=EDGE_CURVE('',#1690,#1682,#1694,.T.);
#1696=ORIENTED_EDGE('',*,*,#1695,.F.);
#1697=CARTESIAN_POINT('',(-6.725,0.3,-37.1));
#1698=VERTEX_POINT('',#1697);
#1699=CARTESIAN_POINT('',(-6.725,0.3,-37.1));
#1700=DIRECTION('',(0.,0.,-1.));
#1701=VECTOR('',#1700,2.6);
#1702=LINE('',#1699,#1701);
#1703=EDGE_CURVE('',#1698,#1690,#1702,.T.);
#1704=ORIENTED_EDGE('',*,*,#1703,.F.);
#1705=CARTESIAN_POINT('',(-6.725,-0.5,-37.1));
#1706=DIRECTION('',(0.,1.,0.));
#1707=VECTOR('',#1706,0.8);
#1708=LINE('',#1705,#1707);
#1709=EDGE_CURVE('',#1284,#1698,#1708,.T.);
#1710=ORIENTED_EDGE('',*,*,#1709,.F.);
#1711=ORIENTED_EDGE('',*,*,#1289,.T.);
#1712=EDGE_LOOP('',(#1679,#1680,#1688,#1696,#1704,#1710,#1711));
#1713=FACE_BOUND('',#1712,.T.);
#1714=ADVANCED_FACE('',(#1713),#1673,.T.);
#1715=OVER_RIDING_STYLED_ITEM('',(#1332),#1714,#54);
#1716=CARTESIAN_POINT('',(-6.125,-0.5,-37.1));
#1717=DIRECTION('',(0.,1.,0.));
#1718=DIRECTION('',(0.,-0.,1.));
#1719=AXIS2_PLACEMENT_3D('',#1716,#1717,#1718);
#1720=CYLINDRICAL_SURFACE('',#1719,0.6);
#1721=CARTESIAN_POINT('',(-6.125,0.3,-36.5));
#1722=VERTEX_POINT('',#1721);
#1723=CARTESIAN_POINT('',(-6.125,0.3,-36.5));
#1724=DIRECTION('',(-0.,-1.,-0.));
#1725=VECTOR('',#1724,0.8);
#1726=LINE('',#1723,#1725);
#1727=EDGE_CURVE('',#1722,#1292,#1726,.T.);
#1728=ORIENTED_EDGE('',*,*,#1727,.F.);
#1729=CARTESIAN_POINT('',(-5.525,0.3,-37.1));
#1730=VERTEX_POINT('',#1729);
#1731=CARTESIAN_POINT('',(-6.125,0.3,-37.1));
#1732=DIRECTION('',(0.,-1.,0.));
#1733=DIRECTION('',(0.,0.,1.));
#1734=AXIS2_PLACEMENT_3D('',#1731,#1732,#1733);
#1735=CIRCLE('',#1734,0.6);
#1736=EDGE_CURVE('',#1730,#1722,#1735,.T.);
#1737=ORIENTED_EDGE('',*,*,#1736,.F.);
#1738=CARTESIAN_POINT('',(-5.525,-0.5,-37.1));
#1739=DIRECTION('',(0.,1.,0.));
#1740=VECTOR('',#1739,0.8);
#1741=LINE('',#1738,#1740);
#1742=EDGE_CURVE('',#1301,#1730,#1741,.T.);
#1743=ORIENTED_EDGE('',*,*,#1742,.F.);
#1744=ORIENTED_EDGE('',*,*,#1307,.T.);
#1745=EDGE_LOOP('',(#1728,#1737,#1743,#1744));
#1746=FACE_BOUND('',#1745,.T.);
#1747=ADVANCED_FACE('',(#1746),#1720,.F.);
#1748=OVER_RIDING_STYLED_ITEM('',(#1332),#1747,#54);
#1749=CARTESIAN_POINT('',(-5.525,-0.5,-37.1));
#1750=DIRECTION('',(-1.,0.,0.));
#1751=DIRECTION('',(0.,0.,1.));
#1752=AXIS2_PLACEMENT_3D('',#1749,#1750,#1751);
#1753=PLANE('',#1752);
#1754=CARTESIAN_POINT('',(-5.525,-0.39080893,-40.));
#1755=VERTEX_POINT('',#1754);
#1756=CARTESIAN_POINT('',(-5.525,-0.5,-39.7));
#1757=DIRECTION('',(0.,0.342020143,-0.939692621));
#1758=VECTOR('',#1757,0.319253332);
#1759=LINE('',#1756,#1758);
#1760=EDGE_CURVE('',#1310,#1755,#1759,.T.);
#1761=ORIENTED_EDGE('',*,*,#1760,.F.);
#1762=ORIENTED_EDGE('',*,*,#1315,.T.);
#1763=ORIENTED_EDGE('',*,*,#1742,.T.);
#1764=CARTESIAN_POINT('',(-5.525,0.3,-39.7));
#1765=VERTEX_POINT('',#1764);
#1766=CARTESIAN_POINT('',(-5.525,0.3,-39.7));
#1767=DIRECTION('',(0.,0.,1.));
#1768=VECTOR('',#1767,2.6);
#1769=LINE('',#1766,#1768);
#1770=EDGE_CURVE('',#1765,#1730,#1769,.T.);
#1771=ORIENTED_EDGE('',*,*,#1770,.F.);
#1772=CARTESIAN_POINT('',(-5.525,0.,-39.7));
#1773=VERTEX_POINT('',#1772);
#1774=CARTESIAN_POINT('',(-5.525,0.3,-39.7));
#1775=DIRECTION('',(0.,-1.,0.));
#1776=VECTOR('',#1775,0.3);
#1777=LINE('',#1774,#1776);
#1778=EDGE_CURVE('',#1765,#1773,#1777,.T.);
#1779=ORIENTED_EDGE('',*,*,#1778,.T.);
#1780=CARTESIAN_POINT('',(-5.525,-0.10919107,-40.));
#1781=VERTEX_POINT('',#1780);
#1782=CARTESIAN_POINT('',(-5.525,-0.10919107,-40.));
#1783=DIRECTION('',(0.,0.342020143,0.939692621));
#1784=VECTOR('',#1783,0.319253332);
#1785=LINE('',#1782,#1784);
#1786=EDGE_CURVE('',#1781,#1773,#1785,.T.);
#1787=ORIENTED_EDGE('',*,*,#1786,.F.);
#1788=CARTESIAN_POINT('',(-5.525,-0.39080893,-40.));
#1789=DIRECTION('',(0.,1.,0.));
#1790=VECTOR('',#1789,0.281617859);
#1791=LINE('',#1788,#1790);
#1792=EDGE_CURVE('',#1755,#1781,#1791,.T.);
#1793=ORIENTED_EDGE('',*,*,#1792,.F.);
#1794=EDGE_LOOP('',(#1761,#1762,#1763,#1771,#1779,#1787,#1793));
#1795=FACE_BOUND('',#1794,.T.);
#1796=ADVANCED_FACE('',(#1795),#1753,.T.);
#1797=OVER_RIDING_STYLED_ITEM('',(#1332),#1796,#54);
#1798=CARTESIAN_POINT('',(-0.,-0.5,-40.));
#1799=DIRECTION('',(0.,0.,-1.));
#1800=DIRECTION('',(-1.,0.,0.));
#1801=AXIS2_PLACEMENT_3D('',#1798,#1799,#1800);
#1802=PLANE('',#1801);
#1803=CARTESIAN_POINT('',(9.925,-0.39080893,-40.));
#1804=VERTEX_POINT('',#1803);
#1805=CARTESIAN_POINT('',(-5.525,-0.39080893,-40.));
#1806=DIRECTION('',(1.,0.,0.));
#1807=VECTOR('',#1806,15.45);
#1808=LINE('',#1805,#1807);
#1809=EDGE_CURVE('',#1755,#1804,#1808,.T.);
#1810=ORIENTED_EDGE('',*,*,#1809,.F.);
#1811=ORIENTED_EDGE('',*,*,#1792,.T.);
#1812=CARTESIAN_POINT('',(9.925,-0.10919107,-40.));
#1813=VERTEX_POINT('',#1812);
#1814=CARTESIAN_POINT('',(-5.525,-0.10919107,-40.));
#1815=DIRECTION('',(1.,0.,0.));
#1816=VECTOR('',#1815,15.45);
#1817=LINE('',#1814,#1816);
#1818=EDGE_CURVE('',#1781,#1813,#1817,.T.);
#1819=ORIENTED_EDGE('',*,*,#1818,.T.);
#1820=CARTESIAN_POINT('',(9.925,-0.39080893,-40.));
#1821=DIRECTION('',(0.,1.,0.));
#1822=VECTOR('',#1821,0.281617859);
#1823=LINE('',#1820,#1822);
#1824=EDGE_CURVE('',#1804,#1813,#1823,.T.);
#1825=ORIENTED_EDGE('',*,*,#1824,.F.);
#1826=EDGE_LOOP('',(#1810,#1811,#1819,#1825));
#1827=FACE_BOUND('',#1826,.T.);
#1828=ADVANCED_FACE('',(#1827),#1802,.T.);
#1829=OVER_RIDING_STYLED_ITEM('',(#1332),#1828,#54);
#1830=CARTESIAN_POINT('',(9.925,-0.5,-40.));
#1831=DIRECTION('',(1.,0.,0.));
#1832=DIRECTION('',(0.,0.,-1.));
#1833=AXIS2_PLACEMENT_3D('',#1830,#1831,#1832);
#1834=PLANE('',#1833);
#1835=CARTESIAN_POINT('',(9.925,-0.39080893,-40.));
#1836=DIRECTION('',(0.,-0.342020143,0.939692621));
#1837=VECTOR('',#1836,0.319253332);
#1838=LINE('',#1835,#1837);
#1839=EDGE_CURVE('',#1804,#1017,#1838,.T.);
#1840=ORIENTED_EDGE('',*,*,#1839,.F.);
#1841=ORIENTED_EDGE('',*,*,#1824,.T.);
#1842=CARTESIAN_POINT('',(9.925,-0.,-39.7));
#1843=VERTEX_POINT('',#1842);
#1844=CARTESIAN_POINT('',(9.925,-0.,-39.7));
#1845=DIRECTION('',(0.,-0.342020143,-0.939692621));
#1846=VECTOR('',#1845,0.319253332);
#1847=LINE('',#1844,#1846);
#1848=EDGE_CURVE('',#1843,#1813,#1847,.T.);
#1849=ORIENTED_EDGE('',*,*,#1848,.F.);
#1850=CARTESIAN_POINT('',(9.925,0.3,-39.7));
#1851=VERTEX_POINT('',#1850);
#1852=CARTESIAN_POINT('',(9.925,0.3,-39.7));
#1853=DIRECTION('',(0.,-1.,0.));
#1854=VECTOR('',#1853,0.3);
#1855=LINE('',#1852,#1854);
#1856=EDGE_CURVE('',#1851,#1843,#1855,.T.);
#1857=ORIENTED_EDGE('',*,*,#1856,.F.);
#1858=CARTESIAN_POINT('',(9.925,0.3,-37.));
#1859=VERTEX_POINT('',#1858);
#1860=CARTESIAN_POINT('',(9.925,0.3,-37.));
#1861=DIRECTION('',(0.,0.,-1.));
#1862=VECTOR('',#1861,2.7);
#1863=LINE('',#1860,#1862);
#1864=EDGE_CURVE('',#1859,#1851,#1863,.T.);
#1865=ORIENTED_EDGE('',*,*,#1864,.F.);
#1866=CARTESIAN_POINT('',(9.925,-0.5,-37.));
#1867=DIRECTION('',(0.,1.,0.));
#1868=VECTOR('',#1867,0.8);
#1869=LINE('',#1866,#1868);
#1870=EDGE_CURVE('',#1025,#1859,#1869,.T.);
#1871=ORIENTED_EDGE('',*,*,#1870,.F.);
#1872=ORIENTED_EDGE('',*,*,#1030,.T.);
#1873=EDGE_LOOP('',(#1840,#1841,#1849,#1857,#1865,#1871,#1872));
#1874=FACE_BOUND('',#1873,.T.);
#1875=ADVANCED_FACE('',(#1874),#1834,.T.);
#1876=OVER_RIDING_STYLED_ITEM('',(#1332),#1875,#54);
#1877=CARTESIAN_POINT('',(10.925,-0.5,-37.));
#1878=DIRECTION('',(0.,1.,0.));
#1879=DIRECTION('',(0.,-0.,1.));
#1880=AXIS2_PLACEMENT_3D('',#1877,#1878,#1879);
#1881=CYLINDRICAL_SURFACE('',#1880,1.);
#1882=ORIENTED_EDGE('',*,*,#1870,.T.);
#1883=CARTESIAN_POINT('',(10.925,0.3,-36.));
#1884=VERTEX_POINT('',#1883);
#1885=CARTESIAN_POINT('',(10.925,0.3,-37.));
#1886=DIRECTION('',(0.,-1.,0.));
#1887=DIRECTION('',(0.,0.,1.));
#1888=AXIS2_PLACEMENT_3D('',#1885,#1886,#1887);
#1889=CIRCLE('',#1888,1.);
#1890=EDGE_CURVE('',#1884,#1859,#1889,.T.);
#1891=ORIENTED_EDGE('',*,*,#1890,.F.);
#1892=CARTESIAN_POINT('',(10.925,-0.5,-36.));
#1893=DIRECTION('',(0.,1.,0.));
#1894=VECTOR('',#1893,0.8);
#1895=LINE('',#1892,#1894);
#1896=EDGE_CURVE('',#1033,#1884,#1895,.T.);
#1897=ORIENTED_EDGE('',*,*,#1896,.F.);
#1898=ORIENTED_EDGE('',*,*,#1039,.T.);
#1899=EDGE_LOOP('',(#1882,#1891,#1897,#1898));
#1900=FACE_BOUND('',#1899,.T.);
#1901=ADVANCED_FACE('',(#1900),#1881,.F.);
#1902=OVER_RIDING_STYLED_ITEM('',(#1332),#1901,#54);
#1903=CARTESIAN_POINT('',(10.925,-0.5,-36.));
#1904=DIRECTION('',(0.,0.,-1.));
#1905=DIRECTION('',(-1.,0.,0.));
#1906=AXIS2_PLACEMENT_3D('',#1903,#1904,#1905);
#1907=PLANE('',#1906);
#1908=ORIENTED_EDGE('',*,*,#1896,.T.);
#1909=CARTESIAN_POINT('',(11.,0.3,-36.));
#1910=DIRECTION('',(-1.,0.,0.));
#1911=VECTOR('',#1910,0.075);
#1912=LINE('',#1909,#1911);
#1913=EDGE_CURVE('',#1340,#1884,#1912,.T.);
#1914=ORIENTED_EDGE('',*,*,#1913,.F.);
#1915=ORIENTED_EDGE('',*,*,#1345,.F.);
#1916=ORIENTED_EDGE('',*,*,#1047,.T.);
#1917=EDGE_LOOP('',(#1908,#1914,#1915,#1916));
#1918=FACE_BOUND('',#1917,.T.);
#1919=ADVANCED_FACE('',(#1918),#1907,.T.);
#1920=OVER_RIDING_STYLED_ITEM('',(#1332),#1919,#54);
#1921=CARTESIAN_POINT('',(-11.,-0.10919107,-40.));
#1922=DIRECTION('',(-0.,-0.939692621,0.342020143));
#1923=DIRECTION('',(0.,-0.342020143,-0.939692621));
#1924=AXIS2_PLACEMENT_3D('',#1921,#1922,#1923);
#1925=PLANE('',#1924);
#1926=ORIENTED_EDGE('',*,*,#1786,.T.);
#1927=CARTESIAN_POINT('',(-5.525,0.,-39.7));
#1928=DIRECTION('',(1.,0.,0.));
#1929=VECTOR('',#1928,15.45);
#1930=LINE('',#1927,#1929);
#1931=EDGE_CURVE('',#1773,#1843,#1930,.T.);
#1932=ORIENTED_EDGE('',*,*,#1931,.T.);
#1933=ORIENTED_EDGE('',*,*,#1848,.T.);
#1934=ORIENTED_EDGE('',*,*,#1818,.F.);
#1935=EDGE_LOOP('',(#1926,#1932,#1933,#1934));
#1936=FACE_BOUND('',#1935,.T.);
#1937=ADVANCED_FACE('',(#1936),#1925,.F.);
#1938=OVER_RIDING_STYLED_ITEM('',(#1332),#1937,#54);
#1939=CARTESIAN_POINT('',(-11.,-0.10919107,-40.));
#1940=DIRECTION('',(-0.,-0.939692621,0.342020143));
#1941=DIRECTION('',(0.,-0.342020143,-0.939692621));
#1942=AXIS2_PLACEMENT_3D('',#1939,#1940,#1941);
#1943=PLANE('',#1942);
#1944=ORIENTED_EDGE('',*,*,#1625,.T.);
#1945=CARTESIAN_POINT('',(-9.925,0.,-39.7));
#1946=DIRECTION('',(1.,0.,0.));
#1947=VECTOR('',#1946,3.2);
#1948=LINE('',#1945,#1947);
#1949=EDGE_CURVE('',#1612,#1682,#1948,.T.);
#1950=ORIENTED_EDGE('',*,*,#1949,.T.);
#1951=ORIENTED_EDGE('',*,*,#1687,.T.);
#1952=ORIENTED_EDGE('',*,*,#1657,.F.);
#1953=EDGE_LOOP('',(#1944,#1950,#1951,#1952));
#1954=FACE_BOUND('',#1953,.T.);
#1955=ADVANCED_FACE('',(#1954),#1943,.F.);
#1956=OVER_RIDING_STYLED_ITEM('',(#1332),#1955,#54);
#1957=CARTESIAN_POINT('',(-11.,-0.39080893,-40.));
#1958=DIRECTION('',(-0.,0.939692621,0.342020143));
#1959=DIRECTION('',(0.,-0.342020143,0.939692621));
#1960=AXIS2_PLACEMENT_3D('',#1957,#1958,#1959);
#1961=PLANE('',#1960);
#1962=ORIENTED_EDGE('',*,*,#1760,.T.);
#1963=ORIENTED_EDGE('',*,*,#1809,.T.);
#1964=ORIENTED_EDGE('',*,*,#1839,.T.);
#1965=ORIENTED_EDGE('',*,*,#1022,.F.);
#1966=CARTESIAN_POINT('',(9.075,-0.5,-39.7));
#1967=DIRECTION('',(1.,0.,-0.));
#1968=VECTOR('',#1967,0.35);
#1969=LINE('',#1966,#1968);
#1970=EDGE_CURVE('',#985,#1009,#1969,.T.);
#1971=ORIENTED_EDGE('',*,*,#1970,.F.);
#1972=ORIENTED_EDGE('',*,*,#990,.F.);
#1973=CARTESIAN_POINT('',(8.575,-0.5,-39.7));
#1974=DIRECTION('',(1.,0.,-0.));
#1975=VECTOR('',#1974,0.35);
#1976=LINE('',#1973,#1975);
#1977=EDGE_CURVE('',#953,#977,#1976,.T.);
#1978=ORIENTED_EDGE('',*,*,#1977,.F.);
#1979=ORIENTED_EDGE('',*,*,#958,.F.);
#1980=CARTESIAN_POINT('',(8.075,-0.5,-39.7));
#1981=DIRECTION('',(1.,0.,-0.));
#1982=VECTOR('',#1981,0.35);
#1983=LINE('',#1980,#1982);
#1984=EDGE_CURVE('',#921,#945,#1983,.T.);
#1985=ORIENTED_EDGE('',*,*,#1984,.F.);
#1986=ORIENTED_EDGE('',*,*,#926,.F.);
#1987=CARTESIAN_POINT('',(7.575,-0.5,-39.7));
#1988=DIRECTION('',(1.,0.,-0.));
#1989=VECTOR('',#1988,0.35);
#1990=LINE('',#1987,#1989);
#1991=EDGE_CURVE('',#889,#913,#1990,.T.);
#1992=ORIENTED_EDGE('',*,*,#1991,.F.);
#1993=ORIENTED_EDGE('',*,*,#894,.F.);
#1994=CARTESIAN_POINT('',(7.075,-0.5,-39.7));
#1995=DIRECTION('',(1.,0.,-0.));
#1996=VECTOR('',#1995,0.35);
#1997=LINE('',#1994,#1996);
#1998=EDGE_CURVE('',#857,#881,#1997,.T.);
#1999=ORIENTED_EDGE('',*,*,#1998,.F.);
#2000=ORIENTED_EDGE('',*,*,#862,.F.);
#2001=CARTESIAN_POINT('',(6.575,-0.5,-39.7));
#2002=DIRECTION('',(1.,0.,-0.));
#2003=VECTOR('',#2002,0.35);
#2004=LINE('',#2001,#2003);
#2005=EDGE_CURVE('',#825,#849,#2004,.T.);
#2006=ORIENTED_EDGE('',*,*,#2005,.F.);
#2007=ORIENTED_EDGE('',*,*,#830,.F.);
#2008=CARTESIAN_POINT('',(6.075,-0.5,-39.7));
#2009=DIRECTION('',(1.,0.,-0.));
#2010=VECTOR('',#2009,0.35);
#2011=LINE('',#2008,#2010);
#2012=EDGE_CURVE('',#793,#817,#2011,.T.);
#2013=ORIENTED_EDGE('',*,*,#2012,.F.);
#2014=ORIENTED_EDGE('',*,*,#798,.F.);
#2015=CARTESIAN_POINT('',(5.575,-0.5,-39.7));
#2016=DIRECTION('',(1.,0.,-0.));
#2017=VECTOR('',#2016,0.35);
#2018=LINE('',#2015,#2017);
#2019=EDGE_CURVE('',#761,#785,#2018,.T.);
#2020=ORIENTED_EDGE('',*,*,#2019,.F.);
#2021=ORIENTED_EDGE('',*,*,#766,.F.);
#2022=CARTESIAN_POINT('',(5.075,-0.5,-39.7));
#2023=DIRECTION('',(1.,0.,-0.));
#2024=VECTOR('',#2023,0.35);
#2025=LINE('',#2022,#2024);
#2026=EDGE_CURVE('',#729,#753,#2025,.T.);
#2027=ORIENTED_EDGE('',*,*,#2026,.F.);
#2028=ORIENTED_EDGE('',*,*,#734,.F.);
#2029=CARTESIAN_POINT('',(4.575,-0.5,-39.7));
#2030=DIRECTION('',(1.,0.,-0.));
#2031=VECTOR('',#2030,0.35);
#2032=LINE('',#2029,#2031);
#2033=EDGE_CURVE('',#697,#721,#2032,.T.);
#2034=ORIENTED_EDGE('',*,*,#2033,.F.);
#2035=ORIENTED_EDGE('',*,*,#702,.F.);
#2036=CARTESIAN_POINT('',(4.075,-0.5,-39.7));
#2037=DIRECTION('',(1.,0.,-0.));
#2038=VECTOR('',#2037,0.35);
#2039=LINE('',#2036,#2038);
#2040=EDGE_CURVE('',#665,#689,#2039,.T.);
#2041=ORIENTED_EDGE('',*,*,#2040,.F.);
#2042=ORIENTED_EDGE('',*,*,#670,.F.);
#2043=CARTESIAN_POINT('',(3.575,-0.5,-39.7));
#2044=DIRECTION('',(1.,0.,-0.));
#2045=VECTOR('',#2044,0.35);
#2046=LINE('',#2043,#2045);
#2047=EDGE_CURVE('',#633,#657,#2046,.T.);
#2048=ORIENTED_EDGE('',*,*,#2047,.F.);
#2049=ORIENTED_EDGE('',*,*,#638,.F.);
#2050=CARTESIAN_POINT('',(3.075,-0.5,-39.7));
#2051=DIRECTION('',(1.,0.,-0.));
#2052=VECTOR('',#2051,0.35);
#2053=LINE('',#2050,#2052);
#2054=EDGE_CURVE('',#601,#625,#2053,.T.);
#2055=ORIENTED_EDGE('',*,*,#2054,.F.);
#2056=ORIENTED_EDGE('',*,*,#606,.F.);
#2057=CARTESIAN_POINT('',(2.575,-0.5,-39.7));
#2058=DIRECTION('',(1.,0.,-0.));
#2059=VECTOR('',#2058,0.35);
#2060=LINE('',#2057,#2059);
#2061=EDGE_CURVE('',#569,#593,#2060,.T.);
#2062=ORIENTED_EDGE('',*,*,#2061,.F.);
#2063=ORIENTED_EDGE('',*,*,#574,.F.);
#2064=CARTESIAN_POINT('',(2.075,-0.5,-39.7));
#2065=DIRECTION('',(1.,0.,-0.));
#2066=VECTOR('',#2065,0.35);
#2067=LINE('',#2064,#2066);
#2068=EDGE_CURVE('',#537,#561,#2067,.T.);
#2069=ORIENTED_EDGE('',*,*,#2068,.F.);
#2070=ORIENTED_EDGE('',*,*,#542,.F.);
#2071=CARTESIAN_POINT('',(1.575,-0.5,-39.7));
#2072=DIRECTION('',(1.,0.,-0.));
#2073=VECTOR('',#2072,0.35);
#2074=LINE('',#2071,#2073);
#2075=EDGE_CURVE('',#505,#529,#2074,.T.);
#2076=ORIENTED_EDGE('',*,*,#2075,.F.);
#2077=ORIENTED_EDGE('',*,*,#510,.F.);
#2078=CARTESIAN_POINT('',(1.075,-0.5,-39.7));
#2079=DIRECTION('',(1.,0.,-0.));
#2080=VECTOR('',#2079,0.35);
#2081=LINE('',#2078,#2080);
#2082=EDGE_CURVE('',#473,#497,#2081,.T.);
#2083=ORIENTED_EDGE('',*,*,#2082,.F.);
#2084=ORIENTED_EDGE('',*,*,#478,.F.);
#2085=CARTESIAN_POINT('',(0.575,-0.5,-39.7));
#2086=DIRECTION('',(1.,0.,-0.));
#2087=VECTOR('',#2086,0.35);
#2088=LINE('',#2085,#2087);
#2089=EDGE_CURVE('',#441,#465,#2088,.T.);
#2090=ORIENTED_EDGE('',*,*,#2089,.F.);
#2091=ORIENTED_EDGE('',*,*,#446,.F.);
#2092=CARTESIAN_POINT('',(0.075,-0.5,-39.7));
#2093=DIRECTION('',(1.,0.,-0.));
#2094=VECTOR('',#2093,0.35);
#2095=LINE('',#2092,#2094);
#2096=EDGE_CURVE('',#409,#433,#2095,.T.);
#2097=ORIENTED_EDGE('',*,*,#2096,.F.);
#2098=ORIENTED_EDGE('',*,*,#414,.F.);
#2099=CARTESIAN_POINT('',(-0.425,-0.5,-39.7));
#2100=DIRECTION('',(1.,0.,-0.));
#2101=VECTOR('',#2100,0.35);
#2102=LINE('',#2099,#2101);
#2103=EDGE_CURVE('',#377,#401,#2102,.T.);
#2104=ORIENTED_EDGE('',*,*,#2103,.F.);
#2105=ORIENTED_EDGE('',*,*,#382,.F.);
#2106=CARTESIAN_POINT('',(-0.925,-0.5,-39.7));
#2107=DIRECTION('',(1.,0.,-0.));
#2108=VECTOR('',#2107,0.35);
#2109=LINE('',#2106,#2108);
#2110=EDGE_CURVE('',#345,#369,#2109,.T.);
#2111=ORIENTED_EDGE('',*,*,#2110,.F.);
#2112=ORIENTED_EDGE('',*,*,#350,.F.);
#2113=CARTESIAN_POINT('',(-1.425,-0.5,-39.7));
#2114=DIRECTION('',(1.,0.,-0.));
#2115=VECTOR('',#2114,0.35);
#2116=LINE('',#2113,#2115);
#2117=EDGE_CURVE('',#313,#337,#2116,.T.);
#2118=ORIENTED_EDGE('',*,*,#2117,.F.);
#2119=ORIENTED_EDGE('',*,*,#318,.F.);
#2120=CARTESIAN_POINT('',(-1.925,-0.5,-39.7));
#2121=DIRECTION('',(1.,0.,-0.));
#2122=VECTOR('',#2121,0.35);
#2123=LINE('',#2120,#2122);
#2124=EDGE_CURVE('',#281,#305,#2123,.T.);
#2125=ORIENTED_EDGE('',*,*,#2124,.F.);
#2126=ORIENTED_EDGE('',*,*,#286,.F.);
#2127=CARTESIAN_POINT('',(-2.425,-0.5,-39.7));
#2128=DIRECTION('',(1.,0.,-0.));
#2129=VECTOR('',#2128,0.35);
#2130=LINE('',#2127,#2129);
#2131=EDGE_CURVE('',#249,#273,#2130,.T.);
#2132=ORIENTED_EDGE('',*,*,#2131,.F.);
#2133=ORIENTED_EDGE('',*,*,#254,.F.);
#2134=CARTESIAN_POINT('',(-2.925,-0.5,-39.7));
#2135=DIRECTION('',(1.,0.,-0.));
#2136=VECTOR('',#2135,0.35);
#2137=LINE('',#2134,#2136);
#2138=EDGE_CURVE('',#217,#241,#2137,.T.);
#2139=ORIENTED_EDGE('',*,*,#2138,.F.);
#2140=ORIENTED_EDGE('',*,*,#222,.F.);
#2141=CARTESIAN_POINT('',(-3.425,-0.5,-39.7));
#2142=DIRECTION('',(1.,0.,-0.));
#2143=VECTOR('',#2142,0.35);
#2144=LINE('',#2141,#2143);
#2145=EDGE_CURVE('',#185,#209,#2144,.T.);
#2146=ORIENTED_EDGE('',*,*,#2145,.F.);
#2147=ORIENTED_EDGE('',*,*,#190,.F.);
#2148=CARTESIAN_POINT('',(-3.925,-0.5,-39.7));
#2149=DIRECTION('',(1.,0.,-0.));
#2150=VECTOR('',#2149,0.35);
#2151=LINE('',#2148,#2150);
#2152=EDGE_CURVE('',#153,#177,#2151,.T.);
#2153=ORIENTED_EDGE('',*,*,#2152,.F.);
#2154=ORIENTED_EDGE('',*,*,#158,.F.);
#2155=CARTESIAN_POINT('',(-4.425,-0.5,-39.7));
#2156=DIRECTION('',(1.,0.,-0.));
#2157=VECTOR('',#2156,0.35);
#2158=LINE('',#2155,#2157);
#2159=EDGE_CURVE('',#121,#145,#2158,.T.);
#2160=ORIENTED_EDGE('',*,*,#2159,.F.);
#2161=ORIENTED_EDGE('',*,*,#126,.F.);
#2162=CARTESIAN_POINT('',(-4.925,-0.5,-39.7));
#2163=DIRECTION('',(1.,0.,-0.));
#2164=VECTOR('',#2163,0.35);
#2165=LINE('',#2162,#2164);
#2166=EDGE_CURVE('',#97,#113,#2165,.T.);
#2167=ORIENTED_EDGE('',*,*,#2166,.F.);
#2168=ORIENTED_EDGE('',*,*,#1321,.F.);
#2169=EDGE_LOOP('',(#1962,#1963,#1964,#1965,#1971,#1972,#1978,#1979,#1985,#1986,#1992,#1993,#1999,#2000,#2006,#2007,#2013,#2014,#2020,#2021,#2027,#2028,#2034,#2035,#2041,#2042,
#2048,#2049,#2055,#2056,#2062,#2063,#2069,#2070,#2076,#2077,#2083,#2084,#2090,#2091,#2097,#2098,#2104,#2105,#2111,#2112,#2118,#2119,#2125,#2126,#2132,
#2133,#2139,#2140,#2146,#2147,#2153,#2154,#2160,#2161,#2167,#2168));
#2170=FACE_BOUND('',#2169,.T.);
#2171=ADVANCED_FACE('',(#2170),#1961,.F.);
#2172=OVER_RIDING_STYLED_ITEM('',(#1332),#2171,#54);
#2173=CARTESIAN_POINT('',(-11.,-0.39080893,-40.));
#2174=DIRECTION('',(-0.,0.939692621,0.342020143));
#2175=DIRECTION('',(0.,-0.342020143,0.939692621));
#2176=AXIS2_PLACEMENT_3D('',#2173,#2174,#2175);
#2177=PLANE('',#2176);
#2178=ORIENTED_EDGE('',*,*,#1599,.T.);
#2179=ORIENTED_EDGE('',*,*,#1648,.T.);
#2180=ORIENTED_EDGE('',*,*,#1678,.T.);
#2181=ORIENTED_EDGE('',*,*,#1281,.F.);
#2182=CARTESIAN_POINT('',(-7.417287209,-0.5,-39.7));
#2183=DIRECTION('',(1.,0.,-0.));
#2184=VECTOR('',#2183,0.347153354);
#2185=LINE('',#2182,#2184);
#2186=EDGE_CURVE('',#1244,#1268,#2185,.T.);
#2187=ORIENTED_EDGE('',*,*,#2186,.F.);
#2188=ORIENTED_EDGE('',*,*,#1249,.F.);
#2189=CARTESIAN_POINT('',(-7.917287209,-0.5,-39.7));
#2190=DIRECTION('',(1.,0.,-0.));
#2191=VECTOR('',#2190,0.347153354);
#2192=LINE('',#2189,#2191);
#2193=EDGE_CURVE('',#1212,#1236,#2192,.T.);
#2194=ORIENTED_EDGE('',*,*,#2193,.F.);
#2195=ORIENTED_EDGE('',*,*,#1217,.F.);
#2196=CARTESIAN_POINT('',(-8.417287209,-0.5,-39.7));
#2197=DIRECTION('',(1.,0.,-0.));
#2198=VECTOR('',#2197,0.347153354);
#2199=LINE('',#2196,#2198);
#2200=EDGE_CURVE('',#1180,#1204,#2199,.T.);
#2201=ORIENTED_EDGE('',*,*,#2200,.F.);
#2202=ORIENTED_EDGE('',*,*,#1185,.F.);
#2203=CARTESIAN_POINT('',(-8.917287209,-0.5,-39.7));
#2204=DIRECTION('',(1.,0.,-0.));
#2205=VECTOR('',#2204,0.347153354);
#2206=LINE('',#2203,#2205);
#2207=EDGE_CURVE('',#1148,#1172,#2206,.T.);
#2208=ORIENTED_EDGE('',*,*,#2207,.F.);
#2209=ORIENTED_EDGE('',*,*,#1153,.F.);
#2210=CARTESIAN_POINT('',(-9.417287209,-0.5,-39.7));
#2211=DIRECTION('',(1.,0.,-0.));
#2212=VECTOR('',#2211,0.347153354);
#2213=LINE('',#2210,#2212);
#2214=EDGE_CURVE('',#1116,#1140,#2213,.T.);
#2215=ORIENTED_EDGE('',*,*,#2214,.F.);
#2216=ORIENTED_EDGE('',*,*,#1121,.F.);
#2217=EDGE_LOOP('',(#2178,#2179,#2180,#2181,#2187,#2188,#2194,#2195,#2201,#2202,#2208,#2209,#2215,#2216));
#2218=FACE_BOUND('',#2217,.T.);
#2219=ADVANCED_FACE('',(#2218),#2177,.F.);
#2220=OVER_RIDING_STYLED_ITEM('',(#1332),#2219,#54);
#2221=CARTESIAN_POINT('',(-10.,-1.85,40.));
#2222=DIRECTION('',(-1.,0.,0.));
#2223=DIRECTION('',(0.,0.,1.));
#2224=AXIS2_PLACEMENT_3D('',#2221,#2222,#2223);
#2225=PLANE('',#2224);
#2226=ORIENTED_EDGE('',*,*,#76,.F.);
#2227=CARTESIAN_POINT('',(-10.,-1.85,-30.));
#2228=VERTEX_POINT('',#2227);
#2229=CARTESIAN_POINT('',(-10.,-1.85,-30.));
#2230=DIRECTION('',(0.,1.,0.));
#2231=VECTOR('',#2230,1.35);
#2232=LINE('',#2229,#2231);
#2233=EDGE_CURVE('',#2228,#63,#2232,.T.);
#2234=ORIENTED_EDGE('',*,*,#2233,.F.);
#2235=CARTESIAN_POINT('',(-10.,-1.85,30.));
#2236=VERTEX_POINT('',#2235);
#2237=CARTESIAN_POINT('',(-10.,-1.85,-30.));
#2238=DIRECTION('',(0.,0.,1.));
#2239=VECTOR('',#2238,60.);
#2240=LINE('',#2237,#2239);
#2241=EDGE_CURVE('',#2228,#2236,#2240,.T.);
#2242=ORIENTED_EDGE('',*,*,#2241,.T.);
#2243=CARTESIAN_POINT('',(-10.,-1.85,30.));
#2244=DIRECTION('',(0.,1.,0.));
#2245=VECTOR('',#2244,1.35);
#2246=LINE('',#2243,#2245);
#2247=EDGE_CURVE('',#2236,#71,#2246,.T.);
#2248=ORIENTED_EDGE('',*,*,#2247,.T.);
#2249=EDGE_LOOP('',(#2226,#2234,#2242,#2248));
#2250=FACE_BOUND('',#2249,.T.);
#2251=ADVANCED_FACE('',(#2250),#2225,.T.);
#2252=COLOUR_RGB('',0.101960786,0.101960786,0.101960786);
#2253=FILL_AREA_STYLE_COLOUR('',#2252);
#2254=FILL_AREA_STYLE('',(#2253));
#2255=SURFACE_STYLE_FILL_AREA(#2254);
#2256=SURFACE_SIDE_STYLE('',(#2255));
#2257=SURFACE_STYLE_USAGE(.BOTH.,#2256);
#2258=PRESENTATION_STYLE_ASSIGNMENT((#2257));
#2259=OVER_RIDING_STYLED_ITEM('',(#2258),#2251,#54);
#2260=CARTESIAN_POINT('',(0.,-1.85,-30.));
#2261=DIRECTION('',(0.,0.,-1.));
#2262=DIRECTION('',(-1.,0.,-0.));
#2263=AXIS2_PLACEMENT_3D('',#2260,#2261,#2262);
#2264=PLANE('',#2263);
#2265=ORIENTED_EDGE('',*,*,#68,.F.);
#2266=CARTESIAN_POINT('',(10.,-1.85,-30.));
#2267=VERTEX_POINT('',#2266);
#2268=CARTESIAN_POINT('',(10.,-1.85,-30.));
#2269=DIRECTION('',(0.,1.,0.));
#2270=VECTOR('',#2269,1.35);
#2271=LINE('',#2268,#2270);
#2272=EDGE_CURVE('',#2267,#61,#2271,.T.);
#2273=ORIENTED_EDGE('',*,*,#2272,.F.);
#2274=CARTESIAN_POINT('',(10.,-1.85,-30.));
#2275=DIRECTION('',(-1.,0.,-0.));
#2276=VECTOR('',#2275,20.);
#2277=LINE('',#2274,#2276);
#2278=EDGE_CURVE('',#2267,#2228,#2277,.T.);
#2279=ORIENTED_EDGE('',*,*,#2278,.T.);
#2280=ORIENTED_EDGE('',*,*,#2233,.T.);
#2281=EDGE_LOOP('',(#2265,#2273,#2279,#2280));
#2282=FACE_BOUND('',#2281,.T.);
#2283=ADVANCED_FACE('',(#2282),#2264,.T.);
#2284=OVER_RIDING_STYLED_ITEM('',(#2258),#2283,#54);
#2285=CARTESIAN_POINT('',(10.,-1.85,40.));
#2286=DIRECTION('',(1.,0.,-0.));
#2287=DIRECTION('',(-0.,0.,-1.));
#2288=AXIS2_PLACEMENT_3D('',#2285,#2286,#2287);
#2289=PLANE('',#2288);
#2290=ORIENTED_EDGE('',*,*,#90,.F.);
#2291=CARTESIAN_POINT('',(10.,-1.85,30.));
#2292=VERTEX_POINT('',#2291);
#2293=CARTESIAN_POINT('',(10.,-1.85,30.));
#2294=DIRECTION('',(0.,1.,0.));
#2295=VECTOR('',#2294,1.35);
#2296=LINE('',#2293,#2295);
#2297=EDGE_CURVE('',#2292,#79,#2296,.T.);
#2298=ORIENTED_EDGE('',*,*,#2297,.F.);
#2299=CARTESIAN_POINT('',(10.,-1.85,30.));
#2300=DIRECTION('',(-0.,0.,-1.));
#2301=VECTOR('',#2300,60.);
#2302=LINE('',#2299,#2301);
#2303=EDGE_CURVE('',#2292,#2267,#2302,.T.);
#2304=ORIENTED_EDGE('',*,*,#2303,.T.);
#2305=ORIENTED_EDGE('',*,*,#2272,.T.);
#2306=EDGE_LOOP('',(#2290,#2298,#2304,#2305));
#2307=FACE_BOUND('',#2306,.T.);
#2308=ADVANCED_FACE('',(#2307),#2289,.T.);
#2309=OVER_RIDING_STYLED_ITEM('',(#2258),#2308,#54);
#2310=CARTESIAN_POINT('',(0.,-1.85,30.));
#2311=DIRECTION('',(0.,0.,1.));
#2312=DIRECTION('',(1.,0.,0.));
#2313=AXIS2_PLACEMENT_3D('',#2310,#2311,#2312);
#2314=PLANE('',#2313);
#2315=ORIENTED_EDGE('',*,*,#84,.F.);
#2316=ORIENTED_EDGE('',*,*,#2247,.F.);
#2317=CARTESIAN_POINT('',(-10.,-1.85,30.));
#2318=DIRECTION('',(1.,0.,-0.));
#2319=VECTOR('',#2318,20.);
#2320=LINE('',#2317,#2319);
#2321=EDGE_CURVE('',#2236,#2292,#2320,.T.);
#2322=ORIENTED_EDGE('',*,*,#2321,.T.);
#2323=ORIENTED_EDGE('',*,*,#2297,.T.);
#2324=EDGE_LOOP('',(#2315,#2316,#2322,#2323));
#2325=FACE_BOUND('',#2324,.T.);
#2326=ADVANCED_FACE('',(#2325),#2314,.T.);
#2327=OVER_RIDING_STYLED_ITEM('',(#2258),#2326,#54);
#2328=CARTESIAN_POINT('',(0.,-1.85,0.));
#2329=DIRECTION('',(0.,1.,0.));
#2330=DIRECTION('',(0.,0.,1.));
#2331=AXIS2_PLACEMENT_3D('',#2328,#2329,#2330);
#2332=PLANE('',#2331);
#2333=ORIENTED_EDGE('',*,*,#2241,.F.);
#2334=ORIENTED_EDGE('',*,*,#2278,.F.);
#2335=ORIENTED_EDGE('',*,*,#2303,.F.);
#2336=ORIENTED_EDGE('',*,*,#2321,.F.);
#2337=EDGE_LOOP('',(#2333,#2334,#2335,#2336));
#2338=FACE_BOUND('',#2337,.T.);
#2339=ADVANCED_FACE('',(#2338),#2332,.F.);
#2340=OVER_RIDING_STYLED_ITEM('',(#2258),#2339,#54);
#2341=CARTESIAN_POINT('',(0.,-0.51,40.));
#2342=DIRECTION('',(0.,1.,0.));
#2343=DIRECTION('',(0.,-0.,1.));
#2344=AXIS2_PLACEMENT_3D('',#2341,#2342,#2343);
#2345=CYLINDRICAL_SURFACE('',#2344,2.75);
#2346=ORIENTED_EDGE('',*,*,#1072,.T.);
#2347=ORIENTED_EDGE('',*,*,#1416,.F.);
#2348=CARTESIAN_POINT('',(0.,-0.51,40.));
#2349=DIRECTION('',(0.,-1.,0.));
#2350=DIRECTION('',(0.,0.,-1.));
#2351=AXIS2_PLACEMENT_3D('',#2348,#2349,#2350);
#2352=CIRCLE('',#2351,2.75);
#2353=EDGE_CURVE('',#1480,#1405,#2352,.T.);
#2354=ORIENTED_EDGE('',*,*,#2353,.F.);
#2355=ORIENTED_EDGE('',*,*,#1485,.T.);
#2356=EDGE_LOOP('',(#2346,#2347,#2354,#2355));
#2357=FACE_BOUND('',#2356,.T.);
#2358=ADVANCED_FACE('',(#2357),#2345,.T.);
#2359=OVER_RIDING_STYLED_ITEM('',(#1332),#2358,#54);
#2360=CARTESIAN_POINT('',(0.,-0.51,40.));
#2361=DIRECTION('',(0.,-1.,0.));
#2362=DIRECTION('',(0.,0.,-1.));
#2363=AXIS2_PLACEMENT_3D('',#2360,#2361,#2362);
#2364=PLANE('',#2363);
#2365=ORIENTED_EDGE('',*,*,#1451,.T.);
#2366=ORIENTED_EDGE('',*,*,#1491,.T.);
#2367=ORIENTED_EDGE('',*,*,#2353,.T.);
#2368=ORIENTED_EDGE('',*,*,#1410,.T.);
#2369=EDGE_LOOP('',(#2365,#2366,#2367,#2368));
#2370=FACE_BOUND('',#2369,.T.);
#2371=ADVANCED_FACE('',(#2370),#2364,.T.);
#2372=CARTESIAN_POINT('',(0.,0.29,40.));
#2373=DIRECTION('',(0.,1.,0.));
#2374=DIRECTION('',(0.,0.,1.));
#2375=AXIS2_PLACEMENT_3D('',#2372,#2373,#2374);
#2376=PLANE('',#2375);
#2377=ORIENTED_EDGE('',*,*,#1436,.T.);
#2378=ORIENTED_EDGE('',*,*,#1394,.T.);
#2379=CARTESIAN_POINT('',(4.,0.29,39.));
#2380=VERTEX_POINT('',#2379);
#2381=CARTESIAN_POINT('',(4.,0.29,40.));
#2382=DIRECTION('',(-0.,0.,-1.));
#2383=VECTOR('',#2382,1.);
#2384=LINE('',#2381,#2383);
#2385=EDGE_CURVE('',#1381,#2380,#2384,.T.);
#2386=ORIENTED_EDGE('',*,*,#2385,.T.);
#2387=CARTESIAN_POINT('',(0.,0.29,35.));
#2388=VERTEX_POINT('',#2387);
#2389=CARTESIAN_POINT('',(0.,0.29,39.));
#2390=DIRECTION('',(0.,1.,0.));
#2391=DIRECTION('',(0.,-0.,1.));
#2392=AXIS2_PLACEMENT_3D('',#2389,#2390,#2391);
#2393=CIRCLE('',#2392,4.);
#2394=EDGE_CURVE('',#2380,#2388,#2393,.T.);
#2395=ORIENTED_EDGE('',*,*,#2394,.T.);
#2396=CARTESIAN_POINT('',(-4.,0.29,39.));
#2397=VERTEX_POINT('',#2396);
#2398=CARTESIAN_POINT('',(0.,0.29,39.));
#2399=DIRECTION('',(0.,1.,0.));
#2400=DIRECTION('',(0.,-0.,1.));
#2401=AXIS2_PLACEMENT_3D('',#2398,#2399,#2400);
#2402=CIRCLE('',#2401,4.);
#2403=EDGE_CURVE('',#2388,#2397,#2402,.T.);
#2404=ORIENTED_EDGE('',*,*,#2403,.T.);
#2405=CARTESIAN_POINT('',(-4.,0.29,39.));
#2406=DIRECTION('',(-0.,0.,1.));
#2407=VECTOR('',#2406,1.);
#2408=LINE('',#2405,#2407);
#2409=EDGE_CURVE('',#2397,#1495,#2408,.T.);
#2410=ORIENTED_EDGE('',*,*,#2409,.T.);
#2411=ORIENTED_EDGE('',*,*,#1500,.T.);
#2412=EDGE_LOOP('',(#2377,#2378,#2386,#2395,#2404,#2410,#2411));
#2413=FACE_BOUND('',#2412,.T.);
#2414=ADVANCED_FACE('',(#2413),#2376,.T.);
#2415=CARTESIAN_POINT('',(-8.917287209,-0.51,-38.));
#2416=DIRECTION('',(1.,0.,0.));
#2417=DIRECTION('',(0.,0.,-1.));
#2418=AXIS2_PLACEMENT_3D('',#2415,#2416,#2417);
#2419=PLANE('',#2418);
#2420=ORIENTED_EDGE('',*,*,#1161,.T.);
#2421=CARTESIAN_POINT('',(-8.917287209,-0.51,-39.7));
#2422=VERTEX_POINT('',#2421);
#2423=CARTESIAN_POINT('',(-8.917287209,-0.51,-39.7));
#2424=DIRECTION('',(0.,1.,0.));
#2425=VECTOR('',#2424,0.01);
#2426=LINE('',#2423,#2425);
#2427=EDGE_CURVE('',#2422,#1148,#2426,.T.);
#2428=ORIENTED_EDGE('',*,*,#2427,.F.);
#2429=CARTESIAN_POINT('',(-8.917287209,-0.51,-38.));
#2430=VERTEX_POINT('',#2429);
#2431=CARTESIAN_POINT('',(-8.917287209,-0.51,-38.));
#2432=DIRECTION('',(0.,0.,-1.));
#2433=VECTOR('',#2432,1.7);
#2434=LINE('',#2431,#2433);
#2435=EDGE_CURVE('',#2430,#2422,#2434,.T.);
#2436=ORIENTED_EDGE('',*,*,#2435,.F.);
#2437=CARTESIAN_POINT('',(-8.917287209,-0.51,-38.));
#2438=DIRECTION('',(0.,1.,0.));
#2439=VECTOR('',#2438,0.01);
#2440=LINE('',#2437,#2439);
#2441=EDGE_CURVE('',#2430,#1156,#2440,.T.);
#2442=ORIENTED_EDGE('',*,*,#2441,.T.);
#2443=EDGE_LOOP('',(#2420,#2428,#2436,#2442));
#2444=FACE_BOUND('',#2443,.T.);
#2445=ADVANCED_FACE('',(#2444),#2419,.F.);
#2446=OVER_RIDING_STYLED_ITEM('',(#1332),#2445,#54);
#2447=CARTESIAN_POINT('',(-8.570133855,-0.51,-39.7));
#2448=DIRECTION('',(0.,0.,1.));
#2449=DIRECTION('',(1.,0.,0.));
#2450=AXIS2_PLACEMENT_3D('',#2447,#2448,#2449);
#2451=PLANE('',#2450);
#2452=ORIENTED_EDGE('',*,*,#2207,.T.);
#2453=CARTESIAN_POINT('',(-8.570133855,-0.51,-39.7));
#2454=VERTEX_POINT('',#2453);
#2455=CARTESIAN_POINT('',(-8.570133855,-0.51,-39.7));
#2456=DIRECTION('',(0.,1.,0.));
#2457=VECTOR('',#2456,0.01);
#2458=LINE('',#2455,#2457);
#2459=EDGE_CURVE('',#2454,#1172,#2458,.T.);
#2460=ORIENTED_EDGE('',*,*,#2459,.F.);
#2461=CARTESIAN_POINT('',(-8.917287209,-0.51,-39.7));
#2462=DIRECTION('',(1.,0.,-0.));
#2463=VECTOR('',#2462,0.347153354);
#2464=LINE('',#2461,#2463);
#2465=EDGE_CURVE('',#2422,#2454,#2464,.T.);
#2466=ORIENTED_EDGE('',*,*,#2465,.F.);
#2467=ORIENTED_EDGE('',*,*,#2427,.T.);
#2468=EDGE_LOOP('',(#2452,#2460,#2466,#2467));
#2469=FACE_BOUND('',#2468,.T.);
#2470=ADVANCED_FACE('',(#2469),#2451,.F.);
#2471=OVER_RIDING_STYLED_ITEM('',(#1332),#2470,#54);
#2472=CARTESIAN_POINT('',(-8.570133855,-0.51,-38.));
#2473=DIRECTION('',(-1.,0.,0.));
#2474=DIRECTION('',(0.,0.,1.));
#2475=AXIS2_PLACEMENT_3D('',#2472,#2473,#2474);
#2476=PLANE('',#2475);
#2477=ORIENTED_EDGE('',*,*,#1177,.T.);
#2478=CARTESIAN_POINT('',(-8.570133855,-0.51,-38.));
#2479=VERTEX_POINT('',#2478);
#2480=CARTESIAN_POINT('',(-8.570133855,-0.51,-38.));
#2481=DIRECTION('',(0.,1.,0.));
#2482=VECTOR('',#2481,0.01);
#2483=LINE('',#2480,#2482);
#2484=EDGE_CURVE('',#2479,#1164,#2483,.T.);
#2485=ORIENTED_EDGE('',*,*,#2484,.F.);
#2486=CARTESIAN_POINT('',(-8.570133855,-0.51,-39.7));
#2487=DIRECTION('',(0.,0.,1.));
#2488=VECTOR('',#2487,1.7);
#2489=LINE('',#2486,#2488);
#2490=EDGE_CURVE('',#2454,#2479,#2489,.T.);
#2491=ORIENTED_EDGE('',*,*,#2490,.F.);
#2492=ORIENTED_EDGE('',*,*,#2459,.T.);
#2493=EDGE_LOOP('',(#2477,#2485,#2491,#2492));
#2494=FACE_BOUND('',#2493,.T.);
#2495=ADVANCED_FACE('',(#2494),#2476,.F.);
#2496=OVER_RIDING_STYLED_ITEM('',(#1332),#2495,#54);
#2497=CARTESIAN_POINT('',(-8.917287209,-0.51,-38.));
#2498=DIRECTION('',(0.,0.,-1.));
#2499=DIRECTION('',(-1.,0.,0.));
#2500=AXIS2_PLACEMENT_3D('',#2497,#2498,#2499);
#2501=PLANE('',#2500);
#2502=ORIENTED_EDGE('',*,*,#1169,.T.);
#2503=ORIENTED_EDGE('',*,*,#2441,.F.);
#2504=CARTESIAN_POINT('',(-8.570133855,-0.51,-38.));
#2505=DIRECTION('',(-1.,0.,0.));
#2506=VECTOR('',#2505,0.347153354);
#2507=LINE('',#2504,#2506);
#2508=EDGE_CURVE('',#2479,#2430,#2507,.T.);
#2509=ORIENTED_EDGE('',*,*,#2508,.F.);
#2510=ORIENTED_EDGE('',*,*,#2484,.T.);
#2511=EDGE_LOOP('',(#2502,#2503,#2509,#2510));
#2512=FACE_BOUND('',#2511,.T.);
#2513=ADVANCED_FACE('',(#2512),#2501,.F.);
#2514=OVER_RIDING_STYLED_ITEM('',(#1332),#2513,#54);
#2515=CARTESIAN_POINT('',(0.,-0.51,0.));
#2516=DIRECTION('',(0.,1.,0.));
#2517=DIRECTION('',(0.,0.,1.));
#2518=AXIS2_PLACEMENT_3D('',#2515,#2516,#2517);
#2519=PLANE('',#2518);
#2520=ORIENTED_EDGE('',*,*,#2435,.T.);
#2521=ORIENTED_EDGE('',*,*,#2465,.T.);
#2522=ORIENTED_EDGE('',*,*,#2490,.T.);
#2523=ORIENTED_EDGE('',*,*,#2508,.T.);
#2524=EDGE_LOOP('',(#2520,#2521,#2522,#2523));
#2525=FACE_BOUND('',#2524,.T.);
#2526=ADVANCED_FACE('',(#2525),#2519,.F.);
#2527=CARTESIAN_POINT('',(-8.417287209,-0.51,-38.));
#2528=DIRECTION('',(1.,0.,0.));
#2529=DIRECTION('',(0.,0.,-1.));
#2530=AXIS2_PLACEMENT_3D('',#2527,#2528,#2529);
#2531=PLANE('',#2530);
#2532=ORIENTED_EDGE('',*,*,#1193,.T.);
#2533=CARTESIAN_POINT('',(-8.417287209,-0.51,-39.7));
#2534=VERTEX_POINT('',#2533);
#2535=CARTESIAN_POINT('',(-8.417287209,-0.51,-39.7));
#2536=DIRECTION('',(0.,1.,0.));
#2537=VECTOR('',#2536,0.01);
#2538=LINE('',#2535,#2537);
#2539=EDGE_CURVE('',#2534,#1180,#2538,.T.);
#2540=ORIENTED_EDGE('',*,*,#2539,.F.);
#2541=CARTESIAN_POINT('',(-8.417287209,-0.51,-38.));
#2542=VERTEX_POINT('',#2541);
#2543=CARTESIAN_POINT('',(-8.417287209,-0.51,-38.));
#2544=DIRECTION('',(0.,0.,-1.));
#2545=VECTOR('',#2544,1.7);
#2546=LINE('',#2543,#2545);
#2547=EDGE_CURVE('',#2542,#2534,#2546,.T.);
#2548=ORIENTED_EDGE('',*,*,#2547,.F.);
#2549=CARTESIAN_POINT('',(-8.417287209,-0.51,-38.));
#2550=DIRECTION('',(0.,1.,0.));
#2551=VECTOR('',#2550,0.01);
#2552=LINE('',#2549,#2551);
#2553=EDGE_CURVE('',#2542,#1188,#2552,.T.);
#2554=ORIENTED_EDGE('',*,*,#2553,.T.);
#2555=EDGE_LOOP('',(#2532,#2540,#2548,#2554));
#2556=FACE_BOUND('',#2555,.T.);
#2557=ADVANCED_FACE('',(#2556),#2531,.F.);
#2558=OVER_RIDING_STYLED_ITEM('',(#1332),#2557,#54);
#2559=CARTESIAN_POINT('',(-8.070133855,-0.51,-39.7));
#2560=DIRECTION('',(0.,0.,1.));
#2561=DIRECTION('',(1.,0.,0.));
#2562=AXIS2_PLACEMENT_3D('',#2559,#2560,#2561);
#2563=PLANE('',#2562);
#2564=ORIENTED_EDGE('',*,*,#2200,.T.);
#2565=CARTESIAN_POINT('',(-8.070133855,-0.51,-39.7));
#2566=VERTEX_POINT('',#2565);
#2567=CARTESIAN_POINT('',(-8.070133855,-0.51,-39.7));
#2568=DIRECTION('',(0.,1.,0.));
#2569=VECTOR('',#2568,0.01);
#2570=LINE('',#2567,#2569);
#2571=EDGE_CURVE('',#2566,#1204,#2570,.T.);
#2572=ORIENTED_EDGE('',*,*,#2571,.F.);
#2573=CARTESIAN_POINT('',(-8.417287209,-0.51,-39.7));
#2574=DIRECTION('',(1.,0.,-0.));
#2575=VECTOR('',#2574,0.347153354);
#2576=LINE('',#2573,#2575);
#2577=EDGE_CURVE('',#2534,#2566,#2576,.T.);
#2578=ORIENTED_EDGE('',*,*,#2577,.F.);
#2579=ORIENTED_EDGE('',*,*,#2539,.T.);
#2580=EDGE_LOOP('',(#2564,#2572,#2578,#2579));
#2581=FACE_BOUND('',#2580,.T.);
#2582=ADVANCED_FACE('',(#2581),#2563,.F.);
#2583=OVER_RIDING_STYLED_ITEM('',(#1332),#2582,#54);
#2584=CARTESIAN_POINT('',(-8.070133855,-0.51,-38.));
#2585=DIRECTION('',(-1.,0.,0.));
#2586=DIRECTION('',(0.,0.,1.));
#2587=AXIS2_PLACEMENT_3D('',#2584,#2585,#2586);
#2588=PLANE('',#2587);
#2589=ORIENTED_EDGE('',*,*,#1209,.T.);
#2590=CARTESIAN_POINT('',(-8.070133855,-0.51,-38.));
#2591=VERTEX_POINT('',#2590);
#2592=CARTESIAN_POINT('',(-8.070133855,-0.51,-38.));
#2593=DIRECTION('',(0.,1.,0.));
#2594=VECTOR('',#2593,0.01);
#2595=LINE('',#2592,#2594);
#2596=EDGE_CURVE('',#2591,#1196,#2595,.T.);
#2597=ORIENTED_EDGE('',*,*,#2596,.F.);
#2598=CARTESIAN_POINT('',(-8.070133855,-0.51,-39.7));
#2599=DIRECTION('',(0.,0.,1.));
#2600=VECTOR('',#2599,1.7);
#2601=LINE('',#2598,#2600);
#2602=EDGE_CURVE('',#2566,#2591,#2601,.T.);
#2603=ORIENTED_EDGE('',*,*,#2602,.F.);
#2604=ORIENTED_EDGE('',*,*,#2571,.T.);
#2605=EDGE_LOOP('',(#2589,#2597,#2603,#2604));
#2606=FACE_BOUND('',#2605,.T.);
#2607=ADVANCED_FACE('',(#2606),#2588,.F.);
#2608=OVER_RIDING_STYLED_ITEM('',(#1332),#2607,#54);
#2609=CARTESIAN_POINT('',(-8.417287209,-0.51,-38.));
#2610=DIRECTION('',(0.,0.,-1.));
#2611=DIRECTION('',(-1.,0.,0.));
#2612=AXIS2_PLACEMENT_3D('',#2609,#2610,#2611);
#2613=PLANE('',#2612);
#2614=ORIENTED_EDGE('',*,*,#1201,.T.);
#2615=ORIENTED_EDGE('',*,*,#2553,.F.);
#2616=CARTESIAN_POINT('',(-8.070133855,-0.51,-38.));
#2617=DIRECTION('',(-1.,0.,0.));
#2618=VECTOR('',#2617,0.347153354);
#2619=LINE('',#2616,#2618);
#2620=EDGE_CURVE('',#2591,#2542,#2619,.T.);
#2621=ORIENTED_EDGE('',*,*,#2620,.F.);
#2622=ORIENTED_EDGE('',*,*,#2596,.T.);
#2623=EDGE_LOOP('',(#2614,#2615,#2621,#2622));
#2624=FACE_BOUND('',#2623,.T.);
#2625=ADVANCED_FACE('',(#2624),#2613,.F.);
#2626=OVER_RIDING_STYLED_ITEM('',(#1332),#2625,#54);
#2627=CARTESIAN_POINT('',(0.,-0.51,0.));
#2628=DIRECTION('',(0.,1.,0.));
#2629=DIRECTION('',(0.,0.,1.));
#2630=AXIS2_PLACEMENT_3D('',#2627,#2628,#2629);
#2631=PLANE('',#2630);
#2632=ORIENTED_EDGE('',*,*,#2547,.T.);
#2633=ORIENTED_EDGE('',*,*,#2577,.T.);
#2634=ORIENTED_EDGE('',*,*,#2602,.T.);
#2635=ORIENTED_EDGE('',*,*,#2620,.T.);
#2636=EDGE_LOOP('',(#2632,#2633,#2634,#2635));
#2637=FACE_BOUND('',#2636,.T.);
#2638=ADVANCED_FACE('',(#2637),#2631,.F.);
#2639=CARTESIAN_POINT('',(-9.417287209,-0.51,-38.));
#2640=DIRECTION('',(1.,0.,0.));
#2641=DIRECTION('',(0.,0.,-1.));
#2642=AXIS2_PLACEMENT_3D('',#2639,#2640,#2641);
#2643=PLANE('',#2642);
#2644=ORIENTED_EDGE('',*,*,#1129,.T.);
#2645=CARTESIAN_POINT('',(-9.417287209,-0.51,-39.7));
#2646=VERTEX_POINT('',#2645);
#2647=CARTESIAN_POINT('',(-9.417287209,-0.51,-39.7));
#2648=DIRECTION('',(0.,1.,0.));
#2649=VECTOR('',#2648,0.01);
#2650=LINE('',#2647,#2649);
#2651=EDGE_CURVE('',#2646,#1116,#2650,.T.);
#2652=ORIENTED_EDGE('',*,*,#2651,.F.);
#2653=CARTESIAN_POINT('',(-9.417287209,-0.51,-38.));
#2654=VERTEX_POINT('',#2653);
#2655=CARTESIAN_POINT('',(-9.417287209,-0.51,-38.));
#2656=DIRECTION('',(0.,0.,-1.));
#2657=VECTOR('',#2656,1.7);
#2658=LINE('',#2655,#2657);
#2659=EDGE_CURVE('',#2654,#2646,#2658,.T.);
#2660=ORIENTED_EDGE('',*,*,#2659,.F.);
#2661=CARTESIAN_POINT('',(-9.417287209,-0.51,-38.));
#2662=DIRECTION('',(0.,1.,0.));
#2663=VECTOR('',#2662,0.01);
#2664=LINE('',#2661,#2663);
#2665=EDGE_CURVE('',#2654,#1124,#2664,.T.);
#2666=ORIENTED_EDGE('',*,*,#2665,.T.);
#2667=EDGE_LOOP('',(#2644,#2652,#2660,#2666));
#2668=FACE_BOUND('',#2667,.T.);
#2669=ADVANCED_FACE('',(#2668),#2643,.F.);
#2670=OVER_RIDING_STYLED_ITEM('',(#1332),#2669,#54);
#2671=CARTESIAN_POINT('',(-9.070133855,-0.51,-39.7));
#2672=DIRECTION('',(0.,0.,1.));
#2673=DIRECTION('',(1.,0.,0.));
#2674=AXIS2_PLACEMENT_3D('',#2671,#2672,#2673);
#2675=PLANE('',#2674);
#2676=ORIENTED_EDGE('',*,*,#2214,.T.);
#2677=CARTESIAN_POINT('',(-9.070133855,-0.51,-39.7));
#2678=VERTEX_POINT('',#2677);
#2679=CARTESIAN_POINT('',(-9.070133855,-0.51,-39.7));
#2680=DIRECTION('',(0.,1.,0.));
#2681=VECTOR('',#2680,0.01);
#2682=LINE('',#2679,#2681);
#2683=EDGE_CURVE('',#2678,#1140,#2682,.T.);
#2684=ORIENTED_EDGE('',*,*,#2683,.F.);
#2685=CARTESIAN_POINT('',(-9.417287209,-0.51,-39.7));
#2686=DIRECTION('',(1.,0.,-0.));
#2687=VECTOR('',#2686,0.347153354);
#2688=LINE('',#2685,#2687);
#2689=EDGE_CURVE('',#2646,#2678,#2688,.T.);
#2690=ORIENTED_EDGE('',*,*,#2689,.F.);
#2691=ORIENTED_EDGE('',*,*,#2651,.T.);
#2692=EDGE_LOOP('',(#2676,#2684,#2690,#2691));
#2693=FACE_BOUND('',#2692,.T.);
#2694=ADVANCED_FACE('',(#2693),#2675,.F.);
#2695=OVER_RIDING_STYLED_ITEM('',(#1332),#2694,#54);
#2696=CARTESIAN_POINT('',(-9.070133855,-0.51,-38.));
#2697=DIRECTION('',(-1.,0.,0.));
#2698=DIRECTION('',(0.,0.,1.));
#2699=AXIS2_PLACEMENT_3D('',#2696,#2697,#2698);
#2700=PLANE('',#2699);
#2701=ORIENTED_EDGE('',*,*,#1145,.T.);
#2702=CARTESIAN_POINT('',(-9.070133855,-0.51,-38.));
#2703=VERTEX_POINT('',#2702);
#2704=CARTESIAN_POINT('',(-9.070133855,-0.51,-38.));
#2705=DIRECTION('',(0.,1.,0.));
#2706=VECTOR('',#2705,0.01);
#2707=LINE('',#2704,#2706);
#2708=EDGE_CURVE('',#2703,#1132,#2707,.T.);
#2709=ORIENTED_EDGE('',*,*,#2708,.F.);
#2710=CARTESIAN_POINT('',(-9.070133855,-0.51,-39.7));
#2711=DIRECTION('',(0.,0.,1.));
#2712=VECTOR('',#2711,1.7);
#2713=LINE('',#2710,#2712);
#2714=EDGE_CURVE('',#2678,#2703,#2713,.T.);
#2715=ORIENTED_EDGE('',*,*,#2714,.F.);
#2716=ORIENTED_EDGE('',*,*,#2683,.T.);
#2717=EDGE_LOOP('',(#2701,#2709,#2715,#2716));
#2718=FACE_BOUND('',#2717,.T.);
#2719=ADVANCED_FACE('',(#2718),#2700,.F.);
#2720=OVER_RIDING_STYLED_ITEM('',(#1332),#2719,#54);
#2721=CARTESIAN_POINT('',(-9.417287209,-0.51,-38.));
#2722=DIRECTION('',(0.,0.,-1.));
#2723=DIRECTION('',(-1.,0.,0.));
#2724=AXIS2_PLACEMENT_3D('',#2721,#2722,#2723);
#2725=PLANE('',#2724);
#2726=ORIENTED_EDGE('',*,*,#1137,.T.);
#2727=ORIENTED_EDGE('',*,*,#2665,.F.);
#2728=CARTESIAN_POINT('',(-9.070133855,-0.51,-38.));
#2729=DIRECTION('',(-1.,0.,0.));
#2730=VECTOR('',#2729,0.347153354);
#2731=LINE('',#2728,#2730);
#2732=EDGE_CURVE('',#2703,#2654,#2731,.T.);
#2733=ORIENTED_EDGE('',*,*,#2732,.F.);
#2734=ORIENTED_EDGE('',*,*,#2708,.T.);
#2735=EDGE_LOOP('',(#2726,#2727,#2733,#2734));
#2736=FACE_BOUND('',#2735,.T.);
#2737=ADVANCED_FACE('',(#2736),#2725,.F.);
#2738=OVER_RIDING_STYLED_ITEM('',(#1332),#2737,#54);
#2739=CARTESIAN_POINT('',(0.,-0.51,0.));
#2740=DIRECTION('',(0.,1.,0.));
#2741=DIRECTION('',(0.,0.,1.));
#2742=AXIS2_PLACEMENT_3D('',#2739,#2740,#2741);
#2743=PLANE('',#2742);
#2744=ORIENTED_EDGE('',*,*,#2659,.T.);
#2745=ORIENTED_EDGE('',*,*,#2689,.T.);
#2746=ORIENTED_EDGE('',*,*,#2714,.T.);
#2747=ORIENTED_EDGE('',*,*,#2732,.T.);
#2748=EDGE_LOOP('',(#2744,#2745,#2746,#2747));
#2749=FACE_BOUND('',#2748,.T.);
#2750=ADVANCED_FACE('',(#2749),#2743,.F.);
#2751=CARTESIAN_POINT('',(-7.917287209,-0.51,-38.));
#2752=DIRECTION('',(1.,0.,0.));
#2753=DIRECTION('',(0.,0.,-1.));
#2754=AXIS2_PLACEMENT_3D('',#2751,#2752,#2753);
#2755=PLANE('',#2754);
#2756=ORIENTED_EDGE('',*,*,#1225,.T.);
#2757=CARTESIAN_POINT('',(-7.917287209,-0.51,-39.7));
#2758=VERTEX_POINT('',#2757);
#2759=CARTESIAN_POINT('',(-7.917287209,-0.51,-39.7));
#2760=DIRECTION('',(0.,1.,0.));
#2761=VECTOR('',#2760,0.01);
#2762=LINE('',#2759,#2761);
#2763=EDGE_CURVE('',#2758,#1212,#2762,.T.);
#2764=ORIENTED_EDGE('',*,*,#2763,.F.);
#2765=CARTESIAN_POINT('',(-7.917287209,-0.51,-38.));
#2766=VERTEX_POINT('',#2765);
#2767=CARTESIAN_POINT('',(-7.917287209,-0.51,-38.));
#2768=DIRECTION('',(0.,0.,-1.));
#2769=VECTOR('',#2768,1.7);
#2770=LINE('',#2767,#2769);
#2771=EDGE_CURVE('',#2766,#2758,#2770,.T.);
#2772=ORIENTED_EDGE('',*,*,#2771,.F.);
#2773=CARTESIAN_POINT('',(-7.917287209,-0.51,-38.));
#2774=DIRECTION('',(0.,1.,0.));
#2775=VECTOR('',#2774,0.01);
#2776=LINE('',#2773,#2775);
#2777=EDGE_CURVE('',#2766,#1220,#2776,.T.);
#2778=ORIENTED_EDGE('',*,*,#2777,.T.);
#2779=EDGE_LOOP('',(#2756,#2764,#2772,#2778));
#2780=FACE_BOUND('',#2779,.T.);
#2781=ADVANCED_FACE('',(#2780),#2755,.F.);
#2782=OVER_RIDING_STYLED_ITEM('',(#1332),#2781,#54);
#2783=CARTESIAN_POINT('',(-7.570133855,-0.51,-39.7));
#2784=DIRECTION('',(0.,0.,1.));
#2785=DIRECTION('',(1.,0.,0.));
#2786=AXIS2_PLACEMENT_3D('',#2783,#2784,#2785);
#2787=PLANE('',#2786);
#2788=ORIENTED_EDGE('',*,*,#2193,.T.);
#2789=CARTESIAN_POINT('',(-7.570133855,-0.51,-39.7));
#2790=VERTEX_POINT('',#2789);
#2791=CARTESIAN_POINT('',(-7.570133855,-0.51,-39.7));
#2792=DIRECTION('',(0.,1.,0.));
#2793=VECTOR('',#2792,0.01);
#2794=LINE('',#2791,#2793);
#2795=EDGE_CURVE('',#2790,#1236,#2794,.T.);
#2796=ORIENTED_EDGE('',*,*,#2795,.F.);
#2797=CARTESIAN_POINT('',(-7.917287209,-0.51,-39.7));
#2798=DIRECTION('',(1.,0.,-0.));
#2799=VECTOR('',#2798,0.347153354);
#2800=LINE('',#2797,#2799);
#2801=EDGE_CURVE('',#2758,#2790,#2800,.T.);
#2802=ORIENTED_EDGE('',*,*,#2801,.F.);
#2803=ORIENTED_EDGE('',*,*,#2763,.T.);
#2804=EDGE_LOOP('',(#2788,#2796,#2802,#2803));
#2805=FACE_BOUND('',#2804,.T.);
#2806=ADVANCED_FACE('',(#2805),#2787,.F.);
#2807=OVER_RIDING_STYLED_ITEM('',(#1332),#2806,#54);
#2808=CARTESIAN_POINT('',(-7.570133855,-0.51,-38.));
#2809=DIRECTION('',(-1.,0.,0.));
#2810=DIRECTION('',(0.,0.,1.));
#2811=AXIS2_PLACEMENT_3D('',#2808,#2809,#2810);
#2812=PLANE('',#2811);
#2813=ORIENTED_EDGE('',*,*,#1241,.T.);
#2814=CARTESIAN_POINT('',(-7.570133855,-0.51,-38.));
#2815=VERTEX_POINT('',#2814);
#2816=CARTESIAN_POINT('',(-7.570133855,-0.51,-38.));
#2817=DIRECTION('',(0.,1.,0.));
#2818=VECTOR('',#2817,0.01);
#2819=LINE('',#2816,#2818);
#2820=EDGE_CURVE('',#2815,#1228,#2819,.T.);
#2821=ORIENTED_EDGE('',*,*,#2820,.F.);
#2822=CARTESIAN_POINT('',(-7.570133855,-0.51,-39.7));
#2823=DIRECTION('',(0.,0.,1.));
#2824=VECTOR('',#2823,1.7);
#2825=LINE('',#2822,#2824);
#2826=EDGE_CURVE('',#2790,#2815,#2825,.T.);
#2827=ORIENTED_EDGE('',*,*,#2826,.F.);
#2828=ORIENTED_EDGE('',*,*,#2795,.T.);
#2829=EDGE_LOOP('',(#2813,#2821,#2827,#2828));
#2830=FACE_BOUND('',#2829,.T.);
#2831=ADVANCED_FACE('',(#2830),#2812,.F.);
#2832=OVER_RIDING_STYLED_ITEM('',(#1332),#2831,#54);
#2833=CARTESIAN_POINT('',(-7.917287209,-0.51,-38.));
#2834=DIRECTION('',(0.,0.,-1.));
#2835=DIRECTION('',(-1.,0.,0.));
#2836=AXIS2_PLACEMENT_3D('',#2833,#2834,#2835);
#2837=PLANE('',#2836);
#2838=ORIENTED_EDGE('',*,*,#1233,.T.);
#2839=ORIENTED_EDGE('',*,*,#2777,.F.);
#2840=CARTESIAN_POINT('',(-7.570133855,-0.51,-38.));
#2841=DIRECTION('',(-1.,0.,0.));
#2842=VECTOR('',#2841,0.347153354);
#2843=LINE('',#2840,#2842);
#2844=EDGE_CURVE('',#2815,#2766,#2843,.T.);
#2845=ORIENTED_EDGE('',*,*,#2844,.F.);
#2846=ORIENTED_EDGE('',*,*,#2820,.T.);
#2847=EDGE_LOOP('',(#2838,#2839,#2845,#2846));
#2848=FACE_BOUND('',#2847,.T.);
#2849=ADVANCED_FACE('',(#2848),#2837,.F.);
#2850=OVER_RIDING_STYLED_ITEM('',(#1332),#2849,#54);
#2851=CARTESIAN_POINT('',(0.,-0.51,0.));
#2852=DIRECTION('',(0.,1.,0.));
#2853=DIRECTION('',(0.,0.,1.));
#2854=AXIS2_PLACEMENT_3D('',#2851,#2852,#2853);
#2855=PLANE('',#2854);
#2856=ORIENTED_EDGE('',*,*,#2771,.T.);
#2857=ORIENTED_EDGE('',*,*,#2801,.T.);
#2858=ORIENTED_EDGE('',*,*,#2826,.T.);
#2859=ORIENTED_EDGE('',*,*,#2844,.T.);
#2860=EDGE_LOOP('',(#2856,#2857,#2858,#2859));
#2861=FACE_BOUND('',#2860,.T.);
#2862=ADVANCED_FACE('',(#2861),#2855,.F.);
#2863=CARTESIAN_POINT('',(-7.417287209,-0.51,-38.));
#2864=DIRECTION('',(1.,0.,0.));
#2865=DIRECTION('',(0.,0.,-1.));
#2866=AXIS2_PLACEMENT_3D('',#2863,#2864,#2865);
#2867=PLANE('',#2866);
#2868=ORIENTED_EDGE('',*,*,#1257,.T.);
#2869=CARTESIAN_POINT('',(-7.417287209,-0.51,-39.7));
#2870=VERTEX_POINT('',#2869);
#2871=CARTESIAN_POINT('',(-7.417287209,-0.51,-39.7));
#2872=DIRECTION('',(0.,1.,0.));
#2873=VECTOR('',#2872,0.01);
#2874=LINE('',#2871,#2873);
#2875=EDGE_CURVE('',#2870,#1244,#2874,.T.);
#2876=ORIENTED_EDGE('',*,*,#2875,.F.);
#2877=CARTESIAN_POINT('',(-7.417287209,-0.51,-38.));
#2878=VERTEX_POINT('',#2877);
#2879=CARTESIAN_POINT('',(-7.417287209,-0.51,-38.));
#2880=DIRECTION('',(0.,0.,-1.));
#2881=VECTOR('',#2880,1.7);
#2882=LINE('',#2879,#2881);
#2883=EDGE_CURVE('',#2878,#2870,#2882,.T.);
#2884=ORIENTED_EDGE('',*,*,#2883,.F.);
#2885=CARTESIAN_POINT('',(-7.417287209,-0.51,-38.));
#2886=DIRECTION('',(0.,1.,0.));
#2887=VECTOR('',#2886,0.01);
#2888=LINE('',#2885,#2887);
#2889=EDGE_CURVE('',#2878,#1252,#2888,.T.);
#2890=ORIENTED_EDGE('',*,*,#2889,.T.);
#2891=EDGE_LOOP('',(#2868,#2876,#2884,#2890));
#2892=FACE_BOUND('',#2891,.T.);
#2893=ADVANCED_FACE('',(#2892),#2867,.F.);
#2894=OVER_RIDING_STYLED_ITEM('',(#1332),#2893,#54);
#2895=CARTESIAN_POINT('',(-7.070133855,-0.51,-39.7));
#2896=DIRECTION('',(0.,0.,1.));
#2897=DIRECTION('',(1.,0.,0.));
#2898=AXIS2_PLACEMENT_3D('',#2895,#2896,#2897);
#2899=PLANE('',#2898);
#2900=ORIENTED_EDGE('',*,*,#2186,.T.);
#2901=CARTESIAN_POINT('',(-7.070133855,-0.51,-39.7));
#2902=VERTEX_POINT('',#2901);
#2903=CARTESIAN_POINT('',(-7.070133855,-0.51,-39.7));
#2904=DIRECTION('',(0.,1.,0.));
#2905=VECTOR('',#2904,0.01);
#2906=LINE('',#2903,#2905);
#2907=EDGE_CURVE('',#2902,#1268,#2906,.T.);
#2908=ORIENTED_EDGE('',*,*,#2907,.F.);
#2909=CARTESIAN_POINT('',(-7.417287209,-0.51,-39.7));
#2910=DIRECTION('',(1.,0.,-0.));
#2911=VECTOR('',#2910,0.347153354);
#2912=LINE('',#2909,#2911);
#2913=EDGE_CURVE('',#2870,#2902,#2912,.T.);
#2914=ORIENTED_EDGE('',*,*,#2913,.F.);
#2915=ORIENTED_EDGE('',*,*,#2875,.T.);
#2916=EDGE_LOOP('',(#2900,#2908,#2914,#2915));
#2917=FACE_BOUND('',#2916,.T.);
#2918=ADVANCED_FACE('',(#2917),#2899,.F.);
#2919=OVER_RIDING_STYLED_ITEM('',(#1332),#2918,#54);
#2920=CARTESIAN_POINT('',(-7.070133855,-0.51,-38.));
#2921=DIRECTION('',(-1.,0.,0.));
#2922=DIRECTION('',(0.,0.,1.));
#2923=AXIS2_PLACEMENT_3D('',#2920,#2921,#2922);
#2924=PLANE('',#2923);
#2925=ORIENTED_EDGE('',*,*,#1273,.T.);
#2926=CARTESIAN_POINT('',(-7.070133855,-0.51,-38.));
#2927=VERTEX_POINT('',#2926);
#2928=CARTESIAN_POINT('',(-7.070133855,-0.51,-38.));
#2929=DIRECTION('',(0.,1.,0.));
#2930=VECTOR('',#2929,0.01);
#2931=LINE('',#2928,#2930);
#2932=EDGE_CURVE('',#2927,#1260,#2931,.T.);
#2933=ORIENTED_EDGE('',*,*,#2932,.F.);
#2934=CARTESIAN_POINT('',(-7.070133855,-0.51,-39.7));
#2935=DIRECTION('',(0.,0.,1.));
#2936=VECTOR('',#2935,1.7);
#2937=LINE('',#2934,#2936);
#2938=EDGE_CURVE('',#2902,#2927,#2937,.T.);
#2939=ORIENTED_EDGE('',*,*,#2938,.F.);
#2940=ORIENTED_EDGE('',*,*,#2907,.T.);
#2941=EDGE_LOOP('',(#2925,#2933,#2939,#2940));
#2942=FACE_BOUND('',#2941,.T.);
#2943=ADVANCED_FACE('',(#2942),#2924,.F.);
#2944=OVER_RIDING_STYLED_ITEM('',(#1332),#2943,#54);
#2945=CARTESIAN_POINT('',(-7.417287209,-0.51,-38.));
#2946=DIRECTION('',(0.,0.,-1.));
#2947=DIRECTION('',(-1.,0.,0.));
#2948=AXIS2_PLACEMENT_3D('',#2945,#2946,#2947);
#2949=PLANE('',#2948);
#2950=ORIENTED_EDGE('',*,*,#1265,.T.);
#2951=ORIENTED_EDGE('',*,*,#2889,.F.);
#2952=CARTESIAN_POINT('',(-7.070133855,-0.51,-38.));
#2953=DIRECTION('',(-1.,0.,0.));
#2954=VECTOR('',#2953,0.347153354);
#2955=LINE('',#2952,#2954);
#2956=EDGE_CURVE('',#2927,#2878,#2955,.T.);
#2957=ORIENTED_EDGE('',*,*,#2956,.F.);
#2958=ORIENTED_EDGE('',*,*,#2932,.T.);
#2959=EDGE_LOOP('',(#2950,#2951,#2957,#2958));
#2960=FACE_BOUND('',#2959,.T.);
#2961=ADVANCED_FACE('',(#2960),#2949,.F.);
#2962=OVER_RIDING_STYLED_ITEM('',(#1332),#2961,#54);
#2963=CARTESIAN_POINT('',(0.,-0.51,0.));
#2964=DIRECTION('',(0.,1.,0.));
#2965=DIRECTION('',(0.,0.,1.));
#2966=AXIS2_PLACEMENT_3D('',#2963,#2964,#2965);
#2967=PLANE('',#2966);
#2968=ORIENTED_EDGE('',*,*,#2883,.T.);
#2969=ORIENTED_EDGE('',*,*,#2913,.T.);
#2970=ORIENTED_EDGE('',*,*,#2938,.T.);
#2971=ORIENTED_EDGE('',*,*,#2956,.T.);
#2972=EDGE_LOOP('',(#2968,#2969,#2970,#2971));
#2973=FACE_BOUND('',#2972,.T.);
#2974=ADVANCED_FACE('',(#2973),#2967,.F.);
#2975=CARTESIAN_POINT('',(9.075,-0.51,-38.));
#2976=DIRECTION('',(1.,0.,0.));
#2977=DIRECTION('',(0.,0.,-1.));
#2978=AXIS2_PLACEMENT_3D('',#2975,#2976,#2977);
#2979=PLANE('',#2978);
#2980=ORIENTED_EDGE('',*,*,#998,.T.);
#2981=CARTESIAN_POINT('',(9.075,-0.51,-39.7));
#2982=VERTEX_POINT('',#2981);
#2983=CARTESIAN_POINT('',(9.075,-0.51,-39.7));
#2984=DIRECTION('',(0.,1.,0.));
#2985=VECTOR('',#2984,0.01);
#2986=LINE('',#2983,#2985);
#2987=EDGE_CURVE('',#2982,#985,#2986,.T.);
#2988=ORIENTED_EDGE('',*,*,#2987,.F.);
#2989=CARTESIAN_POINT('',(9.075,-0.51,-38.));
#2990=VERTEX_POINT('',#2989);
#2991=CARTESIAN_POINT('',(9.075,-0.51,-38.));
#2992=DIRECTION('',(0.,0.,-1.));
#2993=VECTOR('',#2992,1.7);
#2994=LINE('',#2991,#2993);
#2995=EDGE_CURVE('',#2990,#2982,#2994,.T.);
#2996=ORIENTED_EDGE('',*,*,#2995,.F.);
#2997=CARTESIAN_POINT('',(9.075,-0.51,-38.));
#2998=DIRECTION('',(0.,1.,0.));
#2999=VECTOR('',#2998,0.01);
#3000=LINE('',#2997,#2999);
#3001=EDGE_CURVE('',#2990,#993,#3000,.T.);
#3002=ORIENTED_EDGE('',*,*,#3001,.T.);
#3003=EDGE_LOOP('',(#2980,#2988,#2996,#3002));
#3004=FACE_BOUND('',#3003,.T.);
#3005=ADVANCED_FACE('',(#3004),#2979,.F.);
#3006=CARTESIAN_POINT('',(9.075,-0.51,-39.7));
#3007=DIRECTION('',(0.,0.,1.));
#3008=DIRECTION('',(1.,0.,0.));
#3009=AXIS2_PLACEMENT_3D('',#3006,#3007,#3008);
#3010=PLANE('',#3009);
#3011=ORIENTED_EDGE('',*,*,#1970,.T.);
#3012=CARTESIAN_POINT('',(9.425,-0.51,-39.7));
#3013=VERTEX_POINT('',#3012);
#3014=CARTESIAN_POINT('',(9.425,-0.51,-39.7));
#3015=DIRECTION('',(0.,1.,0.));
#3016=VECTOR('',#3015,0.01);
#3017=LINE('',#3014,#3016);
#3018=EDGE_CURVE('',#3013,#1009,#3017,.T.);
#3019=ORIENTED_EDGE('',*,*,#3018,.F.);
#3020=CARTESIAN_POINT('',(9.075,-0.51,-39.7));
#3021=DIRECTION('',(1.,0.,-0.));
#3022=VECTOR('',#3021,0.35);
#3023=LINE('',#3020,#3022);
#3024=EDGE_CURVE('',#2982,#3013,#3023,.T.);
#3025=ORIENTED_EDGE('',*,*,#3024,.F.);
#3026=ORIENTED_EDGE('',*,*,#2987,.T.);
#3027=EDGE_LOOP('',(#3011,#3019,#3025,#3026));
#3028=FACE_BOUND('',#3027,.T.);
#3029=ADVANCED_FACE('',(#3028),#3010,.F.);
#3030=CARTESIAN_POINT('',(9.425,-0.51,-38.));
#3031=DIRECTION('',(-1.,0.,0.));
#3032=DIRECTION('',(0.,0.,1.));
#3033=AXIS2_PLACEMENT_3D('',#3030,#3031,#3032);
#3034=PLANE('',#3033);
#3035=ORIENTED_EDGE('',*,*,#1014,.T.);
#3036=CARTESIAN_POINT('',(9.425,-0.51,-38.));
#3037=VERTEX_POINT('',#3036);
#3038=CARTESIAN_POINT('',(9.425,-0.51,-38.));
#3039=DIRECTION('',(0.,1.,0.));
#3040=VECTOR('',#3039,0.01);
#3041=LINE('',#3038,#3040);
#3042=EDGE_CURVE('',#3037,#1001,#3041,.T.);
#3043=ORIENTED_EDGE('',*,*,#3042,.F.);
#3044=CARTESIAN_POINT('',(9.425,-0.51,-39.7));
#3045=DIRECTION('',(0.,0.,1.));
#3046=VECTOR('',#3045,1.7);
#3047=LINE('',#3044,#3046);
#3048=EDGE_CURVE('',#3013,#3037,#3047,.T.);
#3049=ORIENTED_EDGE('',*,*,#3048,.F.);
#3050=ORIENTED_EDGE('',*,*,#3018,.T.);
#3051=EDGE_LOOP('',(#3035,#3043,#3049,#3050));
#3052=FACE_BOUND('',#3051,.T.);
#3053=ADVANCED_FACE('',(#3052),#3034,.F.);
#3054=CARTESIAN_POINT('',(9.075,-0.51,-38.));
#3055=DIRECTION('',(0.,0.,-1.));
#3056=DIRECTION('',(-1.,0.,0.));
#3057=AXIS2_PLACEMENT_3D('',#3054,#3055,#3056);
#3058=PLANE('',#3057);
#3059=ORIENTED_EDGE('',*,*,#1006,.T.);
#3060=ORIENTED_EDGE('',*,*,#3001,.F.);
#3061=CARTESIAN_POINT('',(9.425,-0.51,-38.));
#3062=DIRECTION('',(-1.,0.,0.));
#3063=VECTOR('',#3062,0.35);
#3064=LINE('',#3061,#3063);
#3065=EDGE_CURVE('',#3037,#2990,#3064,.T.);
#3066=ORIENTED_EDGE('',*,*,#3065,.F.);
#3067=ORIENTED_EDGE('',*,*,#3042,.T.);
#3068=EDGE_LOOP('',(#3059,#3060,#3066,#3067));
#3069=FACE_BOUND('',#3068,.T.);
#3070=ADVANCED_FACE('',(#3069),#3058,.F.);
#3071=CARTESIAN_POINT('',(0.,-0.51,0.));
#3072=DIRECTION('',(0.,-1.,0.));
#3073=DIRECTION('',(0.,0.,-1.));
#3074=AXIS2_PLACEMENT_3D('',#3071,#3072,#3073);
#3075=PLANE('',#3074);
#3076=ORIENTED_EDGE('',*,*,#2995,.T.);
#3077=ORIENTED_EDGE('',*,*,#3024,.T.);
#3078=ORIENTED_EDGE('',*,*,#3048,.T.);
#3079=ORIENTED_EDGE('',*,*,#3065,.T.);
#3080=EDGE_LOOP('',(#3076,#3077,#3078,#3079));
#3081=FACE_BOUND('',#3080,.T.);
#3082=ADVANCED_FACE('',(#3081),#3075,.T.);
#3083=CARTESIAN_POINT('',(8.575,-0.51,-38.));
#3084=DIRECTION('',(1.,0.,0.));
#3085=DIRECTION('',(0.,0.,-1.));
#3086=AXIS2_PLACEMENT_3D('',#3083,#3084,#3085);
#3087=PLANE('',#3086);
#3088=ORIENTED_EDGE('',*,*,#966,.T.);
#3089=CARTESIAN_POINT('',(8.575,-0.51,-39.7));
#3090=VERTEX_POINT('',#3089);
#3091=CARTESIAN_POINT('',(8.575,-0.51,-39.7));
#3092=DIRECTION('',(0.,1.,0.));
#3093=VECTOR('',#3092,0.01);
#3094=LINE('',#3091,#3093);
#3095=EDGE_CURVE('',#3090,#953,#3094,.T.);
#3096=ORIENTED_EDGE('',*,*,#3095,.F.);
#3097=CARTESIAN_POINT('',(8.575,-0.51,-38.));
#3098=VERTEX_POINT('',#3097);
#3099=CARTESIAN_POINT('',(8.575,-0.51,-38.));
#3100=DIRECTION('',(0.,0.,-1.));
#3101=VECTOR('',#3100,1.7);
#3102=LINE('',#3099,#3101);
#3103=EDGE_CURVE('',#3098,#3090,#3102,.T.);
#3104=ORIENTED_EDGE('',*,*,#3103,.F.);
#3105=CARTESIAN_POINT('',(8.575,-0.51,-38.));
#3106=DIRECTION('',(0.,1.,0.));
#3107=VECTOR('',#3106,0.01);
#3108=LINE('',#3105,#3107);
#3109=EDGE_CURVE('',#3098,#961,#3108,.T.);
#3110=ORIENTED_EDGE('',*,*,#3109,.T.);
#3111=EDGE_LOOP('',(#3088,#3096,#3104,#3110));
#3112=FACE_BOUND('',#3111,.T.);
#3113=ADVANCED_FACE('',(#3112),#3087,.F.);
#3114=CARTESIAN_POINT('',(8.575,-0.51,-39.7));
#3115=DIRECTION('',(0.,0.,1.));
#3116=DIRECTION('',(1.,0.,0.));
#3117=AXIS2_PLACEMENT_3D('',#3114,#3115,#3116);
#3118=PLANE('',#3117);
#3119=ORIENTED_EDGE('',*,*,#1977,.T.);
#3120=CARTESIAN_POINT('',(8.925,-0.51,-39.7));
#3121=VERTEX_POINT('',#3120);
#3122=CARTESIAN_POINT('',(8.925,-0.51,-39.7));
#3123=DIRECTION('',(0.,1.,0.));
#3124=VECTOR('',#3123,0.01);
#3125=LINE('',#3122,#3124);
#3126=EDGE_CURVE('',#3121,#977,#3125,.T.);
#3127=ORIENTED_EDGE('',*,*,#3126,.F.);
#3128=CARTESIAN_POINT('',(8.575,-0.51,-39.7));
#3129=DIRECTION('',(1.,0.,-0.));
#3130=VECTOR('',#3129,0.35);
#3131=LINE('',#3128,#3130);
#3132=EDGE_CURVE('',#3090,#3121,#3131,.T.);
#3133=ORIENTED_EDGE('',*,*,#3132,.F.);
#3134=ORIENTED_EDGE('',*,*,#3095,.T.);
#3135=EDGE_LOOP('',(#3119,#3127,#3133,#3134));
#3136=FACE_BOUND('',#3135,.T.);
#3137=ADVANCED_FACE('',(#3136),#3118,.F.);
#3138=CARTESIAN_POINT('',(8.925,-0.51,-38.));
#3139=DIRECTION('',(-1.,0.,0.));
#3140=DIRECTION('',(0.,0.,1.));
#3141=AXIS2_PLACEMENT_3D('',#3138,#3139,#3140);
#3142=PLANE('',#3141);
#3143=ORIENTED_EDGE('',*,*,#982,.T.);
#3144=CARTESIAN_POINT('',(8.925,-0.51,-38.));
#3145=VERTEX_POINT('',#3144);
#3146=CARTESIAN_POINT('',(8.925,-0.51,-38.));
#3147=DIRECTION('',(0.,1.,0.));
#3148=VECTOR('',#3147,0.01);
#3149=LINE('',#3146,#3148);
#3150=EDGE_CURVE('',#3145,#969,#3149,.T.);
#3151=ORIENTED_EDGE('',*,*,#3150,.F.);
#3152=CARTESIAN_POINT('',(8.925,-0.51,-39.7));
#3153=DIRECTION('',(0.,0.,1.));
#3154=VECTOR('',#3153,1.7);
#3155=LINE('',#3152,#3154);
#3156=EDGE_CURVE('',#3121,#3145,#3155,.T.);
#3157=ORIENTED_EDGE('',*,*,#3156,.F.);
#3158=ORIENTED_EDGE('',*,*,#3126,.T.);
#3159=EDGE_LOOP('',(#3143,#3151,#3157,#3158));
#3160=FACE_BOUND('',#3159,.T.);
#3161=ADVANCED_FACE('',(#3160),#3142,.F.);
#3162=CARTESIAN_POINT('',(8.575,-0.51,-38.));
#3163=DIRECTION('',(0.,0.,-1.));
#3164=DIRECTION('',(-1.,0.,0.));
#3165=AXIS2_PLACEMENT_3D('',#3162,#3163,#3164);
#3166=PLANE('',#3165);
#3167=ORIENTED_EDGE('',*,*,#974,.T.);
#3168=ORIENTED_EDGE('',*,*,#3109,.F.);
#3169=CARTESIAN_POINT('',(8.925,-0.51,-38.));
#3170=DIRECTION('',(-1.,0.,0.));
#3171=VECTOR('',#3170,0.35);
#3172=LINE('',#3169,#3171);
#3173=EDGE_CURVE('',#3145,#3098,#3172,.T.);
#3174=ORIENTED_EDGE('',*,*,#3173,.F.);
#3175=ORIENTED_EDGE('',*,*,#3150,.T.);
#3176=EDGE_LOOP('',(#3167,#3168,#3174,#3175));
#3177=FACE_BOUND('',#3176,.T.);
#3178=ADVANCED_FACE('',(#3177),#3166,.F.);
#3179=CARTESIAN_POINT('',(0.,-0.51,0.));
#3180=DIRECTION('',(0.,-1.,0.));
#3181=DIRECTION('',(0.,0.,-1.));
#3182=AXIS2_PLACEMENT_3D('',#3179,#3180,#3181);
#3183=PLANE('',#3182);
#3184=ORIENTED_EDGE('',*,*,#3103,.T.);
#3185=ORIENTED_EDGE('',*,*,#3132,.T.);
#3186=ORIENTED_EDGE('',*,*,#3156,.T.);
#3187=ORIENTED_EDGE('',*,*,#3173,.T.);
#3188=EDGE_LOOP('',(#3184,#3185,#3186,#3187));
#3189=FACE_BOUND('',#3188,.T.);
#3190=ADVANCED_FACE('',(#3189),#3183,.T.);
#3191=CARTESIAN_POINT('',(8.075,-0.51,-38.));
#3192=DIRECTION('',(1.,0.,0.));
#3193=DIRECTION('',(0.,0.,-1.));
#3194=AXIS2_PLACEMENT_3D('',#3191,#3192,#3193);
#3195=PLANE('',#3194);
#3196=ORIENTED_EDGE('',*,*,#934,.T.);
#3197=CARTESIAN_POINT('',(8.075,-0.51,-39.7));
#3198=VERTEX_POINT('',#3197);
#3199=CARTESIAN_POINT('',(8.075,-0.51,-39.7));
#3200=DIRECTION('',(0.,1.,0.));
#3201=VECTOR('',#3200,0.01);
#3202=LINE('',#3199,#3201);
#3203=EDGE_CURVE('',#3198,#921,#3202,.T.);
#3204=ORIENTED_EDGE('',*,*,#3203,.F.);
#3205=CARTESIAN_POINT('',(8.075,-0.51,-38.));
#3206=VERTEX_POINT('',#3205);
#3207=CARTESIAN_POINT('',(8.075,-0.51,-38.));
#3208=DIRECTION('',(0.,0.,-1.));
#3209=VECTOR('',#3208,1.7);
#3210=LINE('',#3207,#3209);
#3211=EDGE_CURVE('',#3206,#3198,#3210,.T.);
#3212=ORIENTED_EDGE('',*,*,#3211,.F.);
#3213=CARTESIAN_POINT('',(8.075,-0.51,-38.));
#3214=DIRECTION('',(0.,1.,0.));
#3215=VECTOR('',#3214,0.01);
#3216=LINE('',#3213,#3215);
#3217=EDGE_CURVE('',#3206,#929,#3216,.T.);
#3218=ORIENTED_EDGE('',*,*,#3217,.T.);
#3219=EDGE_LOOP('',(#3196,#3204,#3212,#3218));
#3220=FACE_BOUND('',#3219,.T.);
#3221=ADVANCED_FACE('',(#3220),#3195,.F.);
#3222=CARTESIAN_POINT('',(8.075,-0.51,-39.7));
#3223=DIRECTION('',(0.,0.,1.));
#3224=DIRECTION('',(1.,0.,0.));
#3225=AXIS2_PLACEMENT_3D('',#3222,#3223,#3224);
#3226=PLANE('',#3225);
#3227=ORIENTED_EDGE('',*,*,#1984,.T.);
#3228=CARTESIAN_POINT('',(8.425,-0.51,-39.7));
#3229=VERTEX_POINT('',#3228);
#3230=CARTESIAN_POINT('',(8.425,-0.51,-39.7));
#3231=DIRECTION('',(0.,1.,0.));
#3232=VECTOR('',#3231,0.01);
#3233=LINE('',#3230,#3232);
#3234=EDGE_CURVE('',#3229,#945,#3233,.T.);
#3235=ORIENTED_EDGE('',*,*,#3234,.F.);
#3236=CARTESIAN_POINT('',(8.075,-0.51,-39.7));
#3237=DIRECTION('',(1.,0.,-0.));
#3238=VECTOR('',#3237,0.35);
#3239=LINE('',#3236,#3238);
#3240=EDGE_CURVE('',#3198,#3229,#3239,.T.);
#3241=ORIENTED_EDGE('',*,*,#3240,.F.);
#3242=ORIENTED_EDGE('',*,*,#3203,.T.);
#3243=EDGE_LOOP('',(#3227,#3235,#3241,#3242));
#3244=FACE_BOUND('',#3243,.T.);
#3245=ADVANCED_FACE('',(#3244),#3226,.F.);
#3246=CARTESIAN_POINT('',(8.425,-0.51,-38.));
#3247=DIRECTION('',(-1.,0.,0.));
#3248=DIRECTION('',(0.,0.,1.));
#3249=AXIS2_PLACEMENT_3D('',#3246,#3247,#3248);
#3250=PLANE('',#3249);
#3251=ORIENTED_EDGE('',*,*,#950,.T.);
#3252=CARTESIAN_POINT('',(8.425,-0.51,-38.));
#3253=VERTEX_POINT('',#3252);
#3254=CARTESIAN_POINT('',(8.425,-0.51,-38.));
#3255=DIRECTION('',(0.,1.,0.));
#3256=VECTOR('',#3255,0.01);
#3257=LINE('',#3254,#3256);
#3258=EDGE_CURVE('',#3253,#937,#3257,.T.);
#3259=ORIENTED_EDGE('',*,*,#3258,.F.);
#3260=CARTESIAN_POINT('',(8.425,-0.51,-39.7));
#3261=DIRECTION('',(0.,0.,1.));
#3262=VECTOR('',#3261,1.7);
#3263=LINE('',#3260,#3262);
#3264=EDGE_CURVE('',#3229,#3253,#3263,.T.);
#3265=ORIENTED_EDGE('',*,*,#3264,.F.);
#3266=ORIENTED_EDGE('',*,*,#3234,.T.);
#3267=EDGE_LOOP('',(#3251,#3259,#3265,#3266));
#3268=FACE_BOUND('',#3267,.T.);
#3269=ADVANCED_FACE('',(#3268),#3250,.F.);
#3270=CARTESIAN_POINT('',(8.075,-0.51,-38.));
#3271=DIRECTION('',(0.,0.,-1.));
#3272=DIRECTION('',(-1.,0.,0.));
#3273=AXIS2_PLACEMENT_3D('',#3270,#3271,#3272);
#3274=PLANE('',#3273);
#3275=ORIENTED_EDGE('',*,*,#942,.T.);
#3276=ORIENTED_EDGE('',*,*,#3217,.F.);
#3277=CARTESIAN_POINT('',(8.425,-0.51,-38.));
#3278=DIRECTION('',(-1.,0.,0.));
#3279=VECTOR('',#3278,0.35);
#3280=LINE('',#3277,#3279);
#3281=EDGE_CURVE('',#3253,#3206,#3280,.T.);
#3282=ORIENTED_EDGE('',*,*,#3281,.F.);
#3283=ORIENTED_EDGE('',*,*,#3258,.T.);
#3284=EDGE_LOOP('',(#3275,#3276,#3282,#3283));
#3285=FACE_BOUND('',#3284,.T.);
#3286=ADVANCED_FACE('',(#3285),#3274,.F.);
#3287=CARTESIAN_POINT('',(0.,-0.51,0.));
#3288=DIRECTION('',(0.,-1.,0.));
#3289=DIRECTION('',(0.,0.,-1.));
#3290=AXIS2_PLACEMENT_3D('',#3287,#3288,#3289);
#3291=PLANE('',#3290);
#3292=ORIENTED_EDGE('',*,*,#3211,.T.);
#3293=ORIENTED_EDGE('',*,*,#3240,.T.);
#3294=ORIENTED_EDGE('',*,*,#3264,.T.);
#3295=ORIENTED_EDGE('',*,*,#3281,.T.);
#3296=EDGE_LOOP('',(#3292,#3293,#3294,#3295));
#3297=FACE_BOUND('',#3296,.T.);
#3298=ADVANCED_FACE('',(#3297),#3291,.T.);
#3299=CARTESIAN_POINT('',(7.575,-0.51,-38.));
#3300=DIRECTION('',(1.,0.,0.));
#3301=DIRECTION('',(0.,0.,-1.));
#3302=AXIS2_PLACEMENT_3D('',#3299,#3300,#3301);
#3303=PLANE('',#3302);
#3304=ORIENTED_EDGE('',*,*,#902,.T.);
#3305=CARTESIAN_POINT('',(7.575,-0.51,-39.7));
#3306=VERTEX_POINT('',#3305);
#3307=CARTESIAN_POINT('',(7.575,-0.51,-39.7));
#3308=DIRECTION('',(0.,1.,0.));
#3309=VECTOR('',#3308,0.01);
#3310=LINE('',#3307,#3309);
#3311=EDGE_CURVE('',#3306,#889,#3310,.T.);
#3312=ORIENTED_EDGE('',*,*,#3311,.F.);
#3313=CARTESIAN_POINT('',(7.575,-0.51,-38.));
#3314=VERTEX_POINT('',#3313);
#3315=CARTESIAN_POINT('',(7.575,-0.51,-38.));
#3316=DIRECTION('',(0.,0.,-1.));
#3317=VECTOR('',#3316,1.7);
#3318=LINE('',#3315,#3317);
#3319=EDGE_CURVE('',#3314,#3306,#3318,.T.);
#3320=ORIENTED_EDGE('',*,*,#3319,.F.);
#3321=CARTESIAN_POINT('',(7.575,-0.51,-38.));
#3322=DIRECTION('',(0.,1.,0.));
#3323=VECTOR('',#3322,0.01);
#3324=LINE('',#3321,#3323);
#3325=EDGE_CURVE('',#3314,#897,#3324,.T.);
#3326=ORIENTED_EDGE('',*,*,#3325,.T.);
#3327=EDGE_LOOP('',(#3304,#3312,#3320,#3326));
#3328=FACE_BOUND('',#3327,.T.);
#3329=ADVANCED_FACE('',(#3328),#3303,.F.);
#3330=CARTESIAN_POINT('',(7.575,-0.51,-39.7));
#3331=DIRECTION('',(0.,0.,1.));
#3332=DIRECTION('',(1.,0.,0.));
#3333=AXIS2_PLACEMENT_3D('',#3330,#3331,#3332);
#3334=PLANE('',#3333);
#3335=ORIENTED_EDGE('',*,*,#1991,.T.);
#3336=CARTESIAN_POINT('',(7.925,-0.51,-39.7));
#3337=VERTEX_POINT('',#3336);
#3338=CARTESIAN_POINT('',(7.925,-0.51,-39.7));
#3339=DIRECTION('',(0.,1.,0.));
#3340=VECTOR('',#3339,0.01);
#3341=LINE('',#3338,#3340);
#3342=EDGE_CURVE('',#3337,#913,#3341,.T.);
#3343=ORIENTED_EDGE('',*,*,#3342,.F.);
#3344=CARTESIAN_POINT('',(7.575,-0.51,-39.7));
#3345=DIRECTION('',(1.,0.,-0.));
#3346=VECTOR('',#3345,0.35);
#3347=LINE('',#3344,#3346);
#3348=EDGE_CURVE('',#3306,#3337,#3347,.T.);
#3349=ORIENTED_EDGE('',*,*,#3348,.F.);
#3350=ORIENTED_EDGE('',*,*,#3311,.T.);
#3351=EDGE_LOOP('',(#3335,#3343,#3349,#3350));
#3352=FACE_BOUND('',#3351,.T.);
#3353=ADVANCED_FACE('',(#3352),#3334,.F.);
#3354=CARTESIAN_POINT('',(7.925,-0.51,-38.));
#3355=DIRECTION('',(-1.,0.,0.));
#3356=DIRECTION('',(0.,0.,1.));
#3357=AXIS2_PLACEMENT_3D('',#3354,#3355,#3356);
#3358=PLANE('',#3357);
#3359=ORIENTED_EDGE('',*,*,#918,.T.);
#3360=CARTESIAN_POINT('',(7.925,-0.51,-38.));
#3361=VERTEX_POINT('',#3360);
#3362=CARTESIAN_POINT('',(7.925,-0.51,-38.));
#3363=DIRECTION('',(0.,1.,0.));
#3364=VECTOR('',#3363,0.01);
#3365=LINE('',#3362,#3364);
#3366=EDGE_CURVE('',#3361,#905,#3365,.T.);
#3367=ORIENTED_EDGE('',*,*,#3366,.F.);
#3368=CARTESIAN_POINT('',(7.925,-0.51,-39.7));
#3369=DIRECTION('',(0.,0.,1.));
#3370=VECTOR('',#3369,1.7);
#3371=LINE('',#3368,#3370);
#3372=EDGE_CURVE('',#3337,#3361,#3371,.T.);
#3373=ORIENTED_EDGE('',*,*,#3372,.F.);
#3374=ORIENTED_EDGE('',*,*,#3342,.T.);
#3375=EDGE_LOOP('',(#3359,#3367,#3373,#3374));
#3376=FACE_BOUND('',#3375,.T.);
#3377=ADVANCED_FACE('',(#3376),#3358,.F.);
#3378=CARTESIAN_POINT('',(7.575,-0.51,-38.));
#3379=DIRECTION('',(0.,0.,-1.));
#3380=DIRECTION('',(-1.,0.,0.));
#3381=AXIS2_PLACEMENT_3D('',#3378,#3379,#3380);
#3382=PLANE('',#3381);
#3383=ORIENTED_EDGE('',*,*,#910,.T.);
#3384=ORIENTED_EDGE('',*,*,#3325,.F.);
#3385=CARTESIAN_POINT('',(7.925,-0.51,-38.));
#3386=DIRECTION('',(-1.,0.,0.));
#3387=VECTOR('',#3386,0.35);
#3388=LINE('',#3385,#3387);
#3389=EDGE_CURVE('',#3361,#3314,#3388,.T.);
#3390=ORIENTED_EDGE('',*,*,#3389,.F.);
#3391=ORIENTED_EDGE('',*,*,#3366,.T.);
#3392=EDGE_LOOP('',(#3383,#3384,#3390,#3391));
#3393=FACE_BOUND('',#3392,.T.);
#3394=ADVANCED_FACE('',(#3393),#3382,.F.);
#3395=CARTESIAN_POINT('',(0.,-0.51,0.));
#3396=DIRECTION('',(0.,-1.,0.));
#3397=DIRECTION('',(0.,0.,-1.));
#3398=AXIS2_PLACEMENT_3D('',#3395,#3396,#3397);
#3399=PLANE('',#3398);
#3400=ORIENTED_EDGE('',*,*,#3319,.T.);
#3401=ORIENTED_EDGE('',*,*,#3348,.T.);
#3402=ORIENTED_EDGE('',*,*,#3372,.T.);
#3403=ORIENTED_EDGE('',*,*,#3389,.T.);
#3404=EDGE_LOOP('',(#3400,#3401,#3402,#3403));
#3405=FACE_BOUND('',#3404,.T.);
#3406=ADVANCED_FACE('',(#3405),#3399,.T.);
#3407=CARTESIAN_POINT('',(7.075,-0.51,-38.));
#3408=DIRECTION('',(1.,0.,0.));
#3409=DIRECTION('',(0.,0.,-1.));
#3410=AXIS2_PLACEMENT_3D('',#3407,#3408,#3409);
#3411=PLANE('',#3410);
#3412=ORIENTED_EDGE('',*,*,#870,.T.);
#3413=CARTESIAN_POINT('',(7.075,-0.51,-39.7));
#3414=VERTEX_POINT('',#3413);
#3415=CARTESIAN_POINT('',(7.075,-0.51,-39.7));
#3416=DIRECTION('',(0.,1.,0.));
#3417=VECTOR('',#3416,0.01);
#3418=LINE('',#3415,#3417);
#3419=EDGE_CURVE('',#3414,#857,#3418,.T.);
#3420=ORIENTED_EDGE('',*,*,#3419,.F.);
#3421=CARTESIAN_POINT('',(7.075,-0.51,-38.));
#3422=VERTEX_POINT('',#3421);
#3423=CARTESIAN_POINT('',(7.075,-0.51,-38.));
#3424=DIRECTION('',(0.,0.,-1.));
#3425=VECTOR('',#3424,1.7);
#3426=LINE('',#3423,#3425);
#3427=EDGE_CURVE('',#3422,#3414,#3426,.T.);
#3428=ORIENTED_EDGE('',*,*,#3427,.F.);
#3429=CARTESIAN_POINT('',(7.075,-0.51,-38.));
#3430=DIRECTION('',(0.,1.,0.));
#3431=VECTOR('',#3430,0.01);
#3432=LINE('',#3429,#3431);
#3433=EDGE_CURVE('',#3422,#865,#3432,.T.);
#3434=ORIENTED_EDGE('',*,*,#3433,.T.);
#3435=EDGE_LOOP('',(#3412,#3420,#3428,#3434));
#3436=FACE_BOUND('',#3435,.T.);
#3437=ADVANCED_FACE('',(#3436),#3411,.F.);
#3438=CARTESIAN_POINT('',(7.075,-0.51,-39.7));
#3439=DIRECTION('',(0.,0.,1.));
#3440=DIRECTION('',(1.,0.,0.));
#3441=AXIS2_PLACEMENT_3D('',#3438,#3439,#3440);
#3442=PLANE('',#3441);
#3443=ORIENTED_EDGE('',*,*,#1998,.T.);
#3444=CARTESIAN_POINT('',(7.425,-0.51,-39.7));
#3445=VERTEX_POINT('',#3444);
#3446=CARTESIAN_POINT('',(7.425,-0.51,-39.7));
#3447=DIRECTION('',(0.,1.,0.));
#3448=VECTOR('',#3447,0.01);
#3449=LINE('',#3446,#3448);
#3450=EDGE_CURVE('',#3445,#881,#3449,.T.);
#3451=ORIENTED_EDGE('',*,*,#3450,.F.);
#3452=CARTESIAN_POINT('',(7.075,-0.51,-39.7));
#3453=DIRECTION('',(1.,0.,-0.));
#3454=VECTOR('',#3453,0.35);
#3455=LINE('',#3452,#3454);
#3456=EDGE_CURVE('',#3414,#3445,#3455,.T.);
#3457=ORIENTED_EDGE('',*,*,#3456,.F.);
#3458=ORIENTED_EDGE('',*,*,#3419,.T.);
#3459=EDGE_LOOP('',(#3443,#3451,#3457,#3458));
#3460=FACE_BOUND('',#3459,.T.);
#3461=ADVANCED_FACE('',(#3460),#3442,.F.);
#3462=CARTESIAN_POINT('',(7.425,-0.51,-38.));
#3463=DIRECTION('',(-1.,0.,0.));
#3464=DIRECTION('',(0.,0.,1.));
#3465=AXIS2_PLACEMENT_3D('',#3462,#3463,#3464);
#3466=PLANE('',#3465);
#3467=ORIENTED_EDGE('',*,*,#886,.T.);
#3468=CARTESIAN_POINT('',(7.425,-0.51,-38.));
#3469=VERTEX_POINT('',#3468);
#3470=CARTESIAN_POINT('',(7.425,-0.51,-38.));
#3471=DIRECTION('',(0.,1.,0.));
#3472=VECTOR('',#3471,0.01);
#3473=LINE('',#3470,#3472);
#3474=EDGE_CURVE('',#3469,#873,#3473,.T.);
#3475=ORIENTED_EDGE('',*,*,#3474,.F.);
#3476=CARTESIAN_POINT('',(7.425,-0.51,-39.7));
#3477=DIRECTION('',(0.,0.,1.));
#3478=VECTOR('',#3477,1.7);
#3479=LINE('',#3476,#3478);
#3480=EDGE_CURVE('',#3445,#3469,#3479,.T.);
#3481=ORIENTED_EDGE('',*,*,#3480,.F.);
#3482=ORIENTED_EDGE('',*,*,#3450,.T.);
#3483=EDGE_LOOP('',(#3467,#3475,#3481,#3482));
#3484=FACE_BOUND('',#3483,.T.);
#3485=ADVANCED_FACE('',(#3484),#3466,.F.);
#3486=CARTESIAN_POINT('',(7.075,-0.51,-38.));
#3487=DIRECTION('',(0.,0.,-1.));
#3488=DIRECTION('',(-1.,0.,0.));
#3489=AXIS2_PLACEMENT_3D('',#3486,#3487,#3488);
#3490=PLANE('',#3489);
#3491=ORIENTED_EDGE('',*,*,#878,.T.);
#3492=ORIENTED_EDGE('',*,*,#3433,.F.);
#3493=CARTESIAN_POINT('',(7.425,-0.51,-38.));
#3494=DIRECTION('',(-1.,0.,0.));
#3495=VECTOR('',#3494,0.35);
#3496=LINE('',#3493,#3495);
#3497=EDGE_CURVE('',#3469,#3422,#3496,.T.);
#3498=ORIENTED_EDGE('',*,*,#3497,.F.);
#3499=ORIENTED_EDGE('',*,*,#3474,.T.);
#3500=EDGE_LOOP('',(#3491,#3492,#3498,#3499));
#3501=FACE_BOUND('',#3500,.T.);
#3502=ADVANCED_FACE('',(#3501),#3490,.F.);
#3503=CARTESIAN_POINT('',(0.,-0.51,0.));
#3504=DIRECTION('',(0.,-1.,0.));
#3505=DIRECTION('',(0.,0.,-1.));
#3506=AXIS2_PLACEMENT_3D('',#3503,#3504,#3505);
#3507=PLANE('',#3506);
#3508=ORIENTED_EDGE('',*,*,#3427,.T.);
#3509=ORIENTED_EDGE('',*,*,#3456,.T.);
#3510=ORIENTED_EDGE('',*,*,#3480,.T.);
#3511=ORIENTED_EDGE('',*,*,#3497,.T.);
#3512=EDGE_LOOP('',(#3508,#3509,#3510,#3511));
#3513=FACE_BOUND('',#3512,.T.);
#3514=ADVANCED_FACE('',(#3513),#3507,.T.);
#3515=CARTESIAN_POINT('',(6.575,-0.51,-38.));
#3516=DIRECTION('',(1.,0.,0.));
#3517=DIRECTION('',(0.,0.,-1.));
#3518=AXIS2_PLACEMENT_3D('',#3515,#3516,#3517);
#3519=PLANE('',#3518);
#3520=ORIENTED_EDGE('',*,*,#838,.T.);
#3521=CARTESIAN_POINT('',(6.575,-0.51,-39.7));
#3522=VERTEX_POINT('',#3521);
#3523=CARTESIAN_POINT('',(6.575,-0.51,-39.7));
#3524=DIRECTION('',(0.,1.,0.));
#3525=VECTOR('',#3524,0.01);
#3526=LINE('',#3523,#3525);
#3527=EDGE_CURVE('',#3522,#825,#3526,.T.);
#3528=ORIENTED_EDGE('',*,*,#3527,.F.);
#3529=CARTESIAN_POINT('',(6.575,-0.51,-38.));
#3530=VERTEX_POINT('',#3529);
#3531=CARTESIAN_POINT('',(6.575,-0.51,-38.));
#3532=DIRECTION('',(0.,0.,-1.));
#3533=VECTOR('',#3532,1.7);
#3534=LINE('',#3531,#3533);
#3535=EDGE_CURVE('',#3530,#3522,#3534,.T.);
#3536=ORIENTED_EDGE('',*,*,#3535,.F.);
#3537=CARTESIAN_POINT('',(6.575,-0.51,-38.));
#3538=DIRECTION('',(0.,1.,0.));
#3539=VECTOR('',#3538,0.01);
#3540=LINE('',#3537,#3539);
#3541=EDGE_CURVE('',#3530,#833,#3540,.T.);
#3542=ORIENTED_EDGE('',*,*,#3541,.T.);
#3543=EDGE_LOOP('',(#3520,#3528,#3536,#3542));
#3544=FACE_BOUND('',#3543,.T.);
#3545=ADVANCED_FACE('',(#3544),#3519,.F.);
#3546=CARTESIAN_POINT('',(6.575,-0.51,-39.7));
#3547=DIRECTION('',(0.,0.,1.));
#3548=DIRECTION('',(1.,0.,0.));
#3549=AXIS2_PLACEMENT_3D('',#3546,#3547,#3548);
#3550=PLANE('',#3549);
#3551=ORIENTED_EDGE('',*,*,#2005,.T.);
#3552=CARTESIAN_POINT('',(6.925,-0.51,-39.7));
#3553=VERTEX_POINT('',#3552);
#3554=CARTESIAN_POINT('',(6.925,-0.51,-39.7));
#3555=DIRECTION('',(0.,1.,0.));
#3556=VECTOR('',#3555,0.01);
#3557=LINE('',#3554,#3556);
#3558=EDGE_CURVE('',#3553,#849,#3557,.T.);
#3559=ORIENTED_EDGE('',*,*,#3558,.F.);
#3560=CARTESIAN_POINT('',(6.575,-0.51,-39.7));
#3561=DIRECTION('',(1.,0.,-0.));
#3562=VECTOR('',#3561,0.35);
#3563=LINE('',#3560,#3562);
#3564=EDGE_CURVE('',#3522,#3553,#3563,.T.);
#3565=ORIENTED_EDGE('',*,*,#3564,.F.);
#3566=ORIENTED_EDGE('',*,*,#3527,.T.);
#3567=EDGE_LOOP('',(#3551,#3559,#3565,#3566));
#3568=FACE_BOUND('',#3567,.T.);
#3569=ADVANCED_FACE('',(#3568),#3550,.F.);
#3570=CARTESIAN_POINT('',(6.925,-0.51,-38.));
#3571=DIRECTION('',(-1.,0.,0.));
#3572=DIRECTION('',(0.,0.,1.));
#3573=AXIS2_PLACEMENT_3D('',#3570,#3571,#3572);
#3574=PLANE('',#3573);
#3575=ORIENTED_EDGE('',*,*,#854,.T.);
#3576=CARTESIAN_POINT('',(6.925,-0.51,-38.));
#3577=VERTEX_POINT('',#3576);
#3578=CARTESIAN_POINT('',(6.925,-0.51,-38.));
#3579=DIRECTION('',(0.,1.,0.));
#3580=VECTOR('',#3579,0.01);
#3581=LINE('',#3578,#3580);
#3582=EDGE_CURVE('',#3577,#841,#3581,.T.);
#3583=ORIENTED_EDGE('',*,*,#3582,.F.);
#3584=CARTESIAN_POINT('',(6.925,-0.51,-39.7));
#3585=DIRECTION('',(0.,0.,1.));
#3586=VECTOR('',#3585,1.7);
#3587=LINE('',#3584,#3586);
#3588=EDGE_CURVE('',#3553,#3577,#3587,.T.);
#3589=ORIENTED_EDGE('',*,*,#3588,.F.);
#3590=ORIENTED_EDGE('',*,*,#3558,.T.);
#3591=EDGE_LOOP('',(#3575,#3583,#3589,#3590));
#3592=FACE_BOUND('',#3591,.T.);
#3593=ADVANCED_FACE('',(#3592),#3574,.F.);
#3594=CARTESIAN_POINT('',(6.575,-0.51,-38.));
#3595=DIRECTION('',(0.,0.,-1.));
#3596=DIRECTION('',(-1.,0.,0.));
#3597=AXIS2_PLACEMENT_3D('',#3594,#3595,#3596);
#3598=PLANE('',#3597);
#3599=ORIENTED_EDGE('',*,*,#846,.T.);
#3600=ORIENTED_EDGE('',*,*,#3541,.F.);
#3601=CARTESIAN_POINT('',(6.925,-0.51,-38.));
#3602=DIRECTION('',(-1.,0.,0.));
#3603=VECTOR('',#3602,0.35);
#3604=LINE('',#3601,#3603);
#3605=EDGE_CURVE('',#3577,#3530,#3604,.T.);
#3606=ORIENTED_EDGE('',*,*,#3605,.F.);
#3607=ORIENTED_EDGE('',*,*,#3582,.T.);
#3608=EDGE_LOOP('',(#3599,#3600,#3606,#3607));
#3609=FACE_BOUND('',#3608,.T.);
#3610=ADVANCED_FACE('',(#3609),#3598,.F.);
#3611=CARTESIAN_POINT('',(0.,-0.51,0.));
#3612=DIRECTION('',(0.,-1.,0.));
#3613=DIRECTION('',(0.,0.,-1.));
#3614=AXIS2_PLACEMENT_3D('',#3611,#3612,#3613);
#3615=PLANE('',#3614);
#3616=ORIENTED_EDGE('',*,*,#3535,.T.);
#3617=ORIENTED_EDGE('',*,*,#3564,.T.);
#3618=ORIENTED_EDGE('',*,*,#3588,.T.);
#3619=ORIENTED_EDGE('',*,*,#3605,.T.);
#3620=EDGE_LOOP('',(#3616,#3617,#3618,#3619));
#3621=FACE_BOUND('',#3620,.T.);
#3622=ADVANCED_FACE('',(#3621),#3615,.T.);
#3623=CARTESIAN_POINT('',(6.075,-0.51,-38.));
#3624=DIRECTION('',(1.,0.,0.));
#3625=DIRECTION('',(0.,0.,-1.));
#3626=AXIS2_PLACEMENT_3D('',#3623,#3624,#3625);
#3627=PLANE('',#3626);
#3628=ORIENTED_EDGE('',*,*,#806,.T.);
#3629=CARTESIAN_POINT('',(6.075,-0.51,-39.7));
#3630=VERTEX_POINT('',#3629);
#3631=CARTESIAN_POINT('',(6.075,-0.51,-39.7));
#3632=DIRECTION('',(0.,1.,0.));
#3633=VECTOR('',#3632,0.01);
#3634=LINE('',#3631,#3633);
#3635=EDGE_CURVE('',#3630,#793,#3634,.T.);
#3636=ORIENTED_EDGE('',*,*,#3635,.F.);
#3637=CARTESIAN_POINT('',(6.075,-0.51,-38.));
#3638=VERTEX_POINT('',#3637);
#3639=CARTESIAN_POINT('',(6.075,-0.51,-38.));
#3640=DIRECTION('',(0.,0.,-1.));
#3641=VECTOR('',#3640,1.7);
#3642=LINE('',#3639,#3641);
#3643=EDGE_CURVE('',#3638,#3630,#3642,.T.);
#3644=ORIENTED_EDGE('',*,*,#3643,.F.);
#3645=CARTESIAN_POINT('',(6.075,-0.51,-38.));
#3646=DIRECTION('',(0.,1.,0.));
#3647=VECTOR('',#3646,0.01);
#3648=LINE('',#3645,#3647);
#3649=EDGE_CURVE('',#3638,#801,#3648,.T.);
#3650=ORIENTED_EDGE('',*,*,#3649,.T.);
#3651=EDGE_LOOP('',(#3628,#3636,#3644,#3650));
#3652=FACE_BOUND('',#3651,.T.);
#3653=ADVANCED_FACE('',(#3652),#3627,.F.);
#3654=CARTESIAN_POINT('',(6.075,-0.51,-39.7));
#3655=DIRECTION('',(0.,0.,1.));
#3656=DIRECTION('',(1.,0.,0.));
#3657=AXIS2_PLACEMENT_3D('',#3654,#3655,#3656);
#3658=PLANE('',#3657);
#3659=ORIENTED_EDGE('',*,*,#2012,.T.);
#3660=CARTESIAN_POINT('',(6.425,-0.51,-39.7));
#3661=VERTEX_POINT('',#3660);
#3662=CARTESIAN_POINT('',(6.425,-0.51,-39.7));
#3663=DIRECTION('',(0.,1.,0.));
#3664=VECTOR('',#3663,0.01);
#3665=LINE('',#3662,#3664);
#3666=EDGE_CURVE('',#3661,#817,#3665,.T.);
#3667=ORIENTED_EDGE('',*,*,#3666,.F.);
#3668=CARTESIAN_POINT('',(6.075,-0.51,-39.7));
#3669=DIRECTION('',(1.,0.,-0.));
#3670=VECTOR('',#3669,0.35);
#3671=LINE('',#3668,#3670);
#3672=EDGE_CURVE('',#3630,#3661,#3671,.T.);
#3673=ORIENTED_EDGE('',*,*,#3672,.F.);
#3674=ORIENTED_EDGE('',*,*,#3635,.T.);
#3675=EDGE_LOOP('',(#3659,#3667,#3673,#3674));
#3676=FACE_BOUND('',#3675,.T.);
#3677=ADVANCED_FACE('',(#3676),#3658,.F.);
#3678=CARTESIAN_POINT('',(6.425,-0.51,-38.));
#3679=DIRECTION('',(-1.,0.,0.));
#3680=DIRECTION('',(0.,0.,1.));
#3681=AXIS2_PLACEMENT_3D('',#3678,#3679,#3680);
#3682=PLANE('',#3681);
#3683=ORIENTED_EDGE('',*,*,#822,.T.);
#3684=CARTESIAN_POINT('',(6.425,-0.51,-38.));
#3685=VERTEX_POINT('',#3684);
#3686=CARTESIAN_POINT('',(6.425,-0.51,-38.));
#3687=DIRECTION('',(0.,1.,0.));
#3688=VECTOR('',#3687,0.01);
#3689=LINE('',#3686,#3688);
#3690=EDGE_CURVE('',#3685,#809,#3689,.T.);
#3691=ORIENTED_EDGE('',*,*,#3690,.F.);
#3692=CARTESIAN_POINT('',(6.425,-0.51,-39.7));
#3693=DIRECTION('',(0.,0.,1.));
#3694=VECTOR('',#3693,1.7);
#3695=LINE('',#3692,#3694);
#3696=EDGE_CURVE('',#3661,#3685,#3695,.T.);
#3697=ORIENTED_EDGE('',*,*,#3696,.F.);
#3698=ORIENTED_EDGE('',*,*,#3666,.T.);
#3699=EDGE_LOOP('',(#3683,#3691,#3697,#3698));
#3700=FACE_BOUND('',#3699,.T.);
#3701=ADVANCED_FACE('',(#3700),#3682,.F.);
#3702=CARTESIAN_POINT('',(6.075,-0.51,-38.));
#3703=DIRECTION('',(0.,0.,-1.));
#3704=DIRECTION('',(-1.,0.,0.));
#3705=AXIS2_PLACEMENT_3D('',#3702,#3703,#3704);
#3706=PLANE('',#3705);
#3707=ORIENTED_EDGE('',*,*,#814,.T.);
#3708=ORIENTED_EDGE('',*,*,#3649,.F.);
#3709=CARTESIAN_POINT('',(6.425,-0.51,-38.));
#3710=DIRECTION('',(-1.,0.,0.));
#3711=VECTOR('',#3710,0.35);
#3712=LINE('',#3709,#3711);
#3713=EDGE_CURVE('',#3685,#3638,#3712,.T.);
#3714=ORIENTED_EDGE('',*,*,#3713,.F.);
#3715=ORIENTED_EDGE('',*,*,#3690,.T.);
#3716=EDGE_LOOP('',(#3707,#3708,#3714,#3715));
#3717=FACE_BOUND('',#3716,.T.);
#3718=ADVANCED_FACE('',(#3717),#3706,.F.);
#3719=CARTESIAN_POINT('',(0.,-0.51,0.));
#3720=DIRECTION('',(0.,-1.,0.));
#3721=DIRECTION('',(0.,0.,-1.));
#3722=AXIS2_PLACEMENT_3D('',#3719,#3720,#3721);
#3723=PLANE('',#3722);
#3724=ORIENTED_EDGE('',*,*,#3643,.T.);
#3725=ORIENTED_EDGE('',*,*,#3672,.T.);
#3726=ORIENTED_EDGE('',*,*,#3696,.T.);
#3727=ORIENTED_EDGE('',*,*,#3713,.T.);
#3728=EDGE_LOOP('',(#3724,#3725,#3726,#3727));
#3729=FACE_BOUND('',#3728,.T.);
#3730=ADVANCED_FACE('',(#3729),#3723,.T.);
#3731=CARTESIAN_POINT('',(5.575,-0.51,-38.));
#3732=DIRECTION('',(1.,0.,0.));
#3733=DIRECTION('',(0.,0.,-1.));
#3734=AXIS2_PLACEMENT_3D('',#3731,#3732,#3733);
#3735=PLANE('',#3734);
#3736=ORIENTED_EDGE('',*,*,#774,.T.);
#3737=CARTESIAN_POINT('',(5.575,-0.51,-39.7));
#3738=VERTEX_POINT('',#3737);
#3739=CARTESIAN_POINT('',(5.575,-0.51,-39.7));
#3740=DIRECTION('',(0.,1.,0.));
#3741=VECTOR('',#3740,0.01);
#3742=LINE('',#3739,#3741);
#3743=EDGE_CURVE('',#3738,#761,#3742,.T.);
#3744=ORIENTED_EDGE('',*,*,#3743,.F.);
#3745=CARTESIAN_POINT('',(5.575,-0.51,-38.));
#3746=VERTEX_POINT('',#3745);
#3747=CARTESIAN_POINT('',(5.575,-0.51,-38.));
#3748=DIRECTION('',(0.,0.,-1.));
#3749=VECTOR('',#3748,1.7);
#3750=LINE('',#3747,#3749);
#3751=EDGE_CURVE('',#3746,#3738,#3750,.T.);
#3752=ORIENTED_EDGE('',*,*,#3751,.F.);
#3753=CARTESIAN_POINT('',(5.575,-0.51,-38.));
#3754=DIRECTION('',(0.,1.,0.));
#3755=VECTOR('',#3754,0.01);
#3756=LINE('',#3753,#3755);
#3757=EDGE_CURVE('',#3746,#769,#3756,.T.);
#3758=ORIENTED_EDGE('',*,*,#3757,.T.);
#3759=EDGE_LOOP('',(#3736,#3744,#3752,#3758));
#3760=FACE_BOUND('',#3759,.T.);
#3761=ADVANCED_FACE('',(#3760),#3735,.F.);
#3762=CARTESIAN_POINT('',(5.575,-0.51,-39.7));
#3763=DIRECTION('',(0.,0.,1.));
#3764=DIRECTION('',(1.,0.,0.));
#3765=AXIS2_PLACEMENT_3D('',#3762,#3763,#3764);
#3766=PLANE('',#3765);
#3767=ORIENTED_EDGE('',*,*,#2019,.T.);
#3768=CARTESIAN_POINT('',(5.925,-0.51,-39.7));
#3769=VERTEX_POINT('',#3768);
#3770=CARTESIAN_POINT('',(5.925,-0.51,-39.7));
#3771=DIRECTION('',(0.,1.,0.));
#3772=VECTOR('',#3771,0.01);
#3773=LINE('',#3770,#3772);
#3774=EDGE_CURVE('',#3769,#785,#3773,.T.);
#3775=ORIENTED_EDGE('',*,*,#3774,.F.);
#3776=CARTESIAN_POINT('',(5.575,-0.51,-39.7));
#3777=DIRECTION('',(1.,0.,-0.));
#3778=VECTOR('',#3777,0.35);
#3779=LINE('',#3776,#3778);
#3780=EDGE_CURVE('',#3738,#3769,#3779,.T.);
#3781=ORIENTED_EDGE('',*,*,#3780,.F.);
#3782=ORIENTED_EDGE('',*,*,#3743,.T.);
#3783=EDGE_LOOP('',(#3767,#3775,#3781,#3782));
#3784=FACE_BOUND('',#3783,.T.);
#3785=ADVANCED_FACE('',(#3784),#3766,.F.);
#3786=CARTESIAN_POINT('',(5.925,-0.51,-38.));
#3787=DIRECTION('',(-1.,0.,0.));
#3788=DIRECTION('',(0.,0.,1.));
#3789=AXIS2_PLACEMENT_3D('',#3786,#3787,#3788);
#3790=PLANE('',#3789);
#3791=ORIENTED_EDGE('',*,*,#790,.T.);
#3792=CARTESIAN_POINT('',(5.925,-0.51,-38.));
#3793=VERTEX_POINT('',#3792);
#3794=CARTESIAN_POINT('',(5.925,-0.51,-38.));
#3795=DIRECTION('',(0.,1.,0.));
#3796=VECTOR('',#3795,0.01);
#3797=LINE('',#3794,#3796);
#3798=EDGE_CURVE('',#3793,#777,#3797,.T.);
#3799=ORIENTED_EDGE('',*,*,#3798,.F.);
#3800=CARTESIAN_POINT('',(5.925,-0.51,-39.7));
#3801=DIRECTION('',(0.,0.,1.));
#3802=VECTOR('',#3801,1.7);
#3803=LINE('',#3800,#3802);
#3804=EDGE_CURVE('',#3769,#3793,#3803,.T.);
#3805=ORIENTED_EDGE('',*,*,#3804,.F.);
#3806=ORIENTED_EDGE('',*,*,#3774,.T.);
#3807=EDGE_LOOP('',(#3791,#3799,#3805,#3806));
#3808=FACE_BOUND('',#3807,.T.);
#3809=ADVANCED_FACE('',(#3808),#3790,.F.);
#3810=CARTESIAN_POINT('',(5.575,-0.51,-38.));
#3811=DIRECTION('',(0.,0.,-1.));
#3812=DIRECTION('',(-1.,0.,0.));
#3813=AXIS2_PLACEMENT_3D('',#3810,#3811,#3812);
#3814=PLANE('',#3813);
#3815=ORIENTED_EDGE('',*,*,#782,.T.);
#3816=ORIENTED_EDGE('',*,*,#3757,.F.);
#3817=CARTESIAN_POINT('',(5.925,-0.51,-38.));
#3818=DIRECTION('',(-1.,0.,0.));
#3819=VECTOR('',#3818,0.35);
#3820=LINE('',#3817,#3819);
#3821=EDGE_CURVE('',#3793,#3746,#3820,.T.);
#3822=ORIENTED_EDGE('',*,*,#3821,.F.);
#3823=ORIENTED_EDGE('',*,*,#3798,.T.);
#3824=EDGE_LOOP('',(#3815,#3816,#3822,#3823));
#3825=FACE_BOUND('',#3824,.T.);
#3826=ADVANCED_FACE('',(#3825),#3814,.F.);
#3827=CARTESIAN_POINT('',(0.,-0.51,0.));
#3828=DIRECTION('',(0.,-1.,0.));
#3829=DIRECTION('',(0.,0.,-1.));
#3830=AXIS2_PLACEMENT_3D('',#3827,#3828,#3829);
#3831=PLANE('',#3830);
#3832=ORIENTED_EDGE('',*,*,#3751,.T.);
#3833=ORIENTED_EDGE('',*,*,#3780,.T.);
#3834=ORIENTED_EDGE('',*,*,#3804,.T.);
#3835=ORIENTED_EDGE('',*,*,#3821,.T.);
#3836=EDGE_LOOP('',(#3832,#3833,#3834,#3835));
#3837=FACE_BOUND('',#3836,.T.);
#3838=ADVANCED_FACE('',(#3837),#3831,.T.);
#3839=CARTESIAN_POINT('',(5.075,-0.51,-38.));
#3840=DIRECTION('',(1.,0.,0.));
#3841=DIRECTION('',(0.,0.,-1.));
#3842=AXIS2_PLACEMENT_3D('',#3839,#3840,#3841);
#3843=PLANE('',#3842);
#3844=ORIENTED_EDGE('',*,*,#742,.T.);
#3845=CARTESIAN_POINT('',(5.075,-0.51,-39.7));
#3846=VERTEX_POINT('',#3845);
#3847=CARTESIAN_POINT('',(5.075,-0.51,-39.7));
#3848=DIRECTION('',(0.,1.,0.));
#3849=VECTOR('',#3848,0.01);
#3850=LINE('',#3847,#3849);
#3851=EDGE_CURVE('',#3846,#729,#3850,.T.);
#3852=ORIENTED_EDGE('',*,*,#3851,.F.);
#3853=CARTESIAN_POINT('',(5.075,-0.51,-38.));
#3854=VERTEX_POINT('',#3853);
#3855=CARTESIAN_POINT('',(5.075,-0.51,-38.));
#3856=DIRECTION('',(0.,0.,-1.));
#3857=VECTOR('',#3856,1.7);
#3858=LINE('',#3855,#3857);
#3859=EDGE_CURVE('',#3854,#3846,#3858,.T.);
#3860=ORIENTED_EDGE('',*,*,#3859,.F.);
#3861=CARTESIAN_POINT('',(5.075,-0.51,-38.));
#3862=DIRECTION('',(0.,1.,0.));
#3863=VECTOR('',#3862,0.01);
#3864=LINE('',#3861,#3863);
#3865=EDGE_CURVE('',#3854,#737,#3864,.T.);
#3866=ORIENTED_EDGE('',*,*,#3865,.T.);
#3867=EDGE_LOOP('',(#3844,#3852,#3860,#3866));
#3868=FACE_BOUND('',#3867,.T.);
#3869=ADVANCED_FACE('',(#3868),#3843,.F.);
#3870=CARTESIAN_POINT('',(5.075,-0.51,-39.7));
#3871=DIRECTION('',(0.,0.,1.));
#3872=DIRECTION('',(1.,0.,0.));
#3873=AXIS2_PLACEMENT_3D('',#3870,#3871,#3872);
#3874=PLANE('',#3873);
#3875=ORIENTED_EDGE('',*,*,#2026,.T.);
#3876=CARTESIAN_POINT('',(5.425,-0.51,-39.7));
#3877=VERTEX_POINT('',#3876);
#3878=CARTESIAN_POINT('',(5.425,-0.51,-39.7));
#3879=DIRECTION('',(0.,1.,0.));
#3880=VECTOR('',#3879,0.01);
#3881=LINE('',#3878,#3880);
#3882=EDGE_CURVE('',#3877,#753,#3881,.T.);
#3883=ORIENTED_EDGE('',*,*,#3882,.F.);
#3884=CARTESIAN_POINT('',(5.075,-0.51,-39.7));
#3885=DIRECTION('',(1.,0.,-0.));
#3886=VECTOR('',#3885,0.35);
#3887=LINE('',#3884,#3886);
#3888=EDGE_CURVE('',#3846,#3877,#3887,.T.);
#3889=ORIENTED_EDGE('',*,*,#3888,.F.);
#3890=ORIENTED_EDGE('',*,*,#3851,.T.);
#3891=EDGE_LOOP('',(#3875,#3883,#3889,#3890));
#3892=FACE_BOUND('',#3891,.T.);
#3893=ADVANCED_FACE('',(#3892),#3874,.F.);
#3894=CARTESIAN_POINT('',(5.425,-0.51,-38.));
#3895=DIRECTION('',(-1.,0.,0.));
#3896=DIRECTION('',(0.,0.,1.));
#3897=AXIS2_PLACEMENT_3D('',#3894,#3895,#3896);
#3898=PLANE('',#3897);
#3899=ORIENTED_EDGE('',*,*,#758,.T.);
#3900=CARTESIAN_POINT('',(5.425,-0.51,-38.));
#3901=VERTEX_POINT('',#3900);
#3902=CARTESIAN_POINT('',(5.425,-0.51,-38.));
#3903=DIRECTION('',(0.,1.,0.));
#3904=VECTOR('',#3903,0.01);
#3905=LINE('',#3902,#3904);
#3906=EDGE_CURVE('',#3901,#745,#3905,.T.);
#3907=ORIENTED_EDGE('',*,*,#3906,.F.);
#3908=CARTESIAN_POINT('',(5.425,-0.51,-39.7));
#3909=DIRECTION('',(0.,0.,1.));
#3910=VECTOR('',#3909,1.7);
#3911=LINE('',#3908,#3910);
#3912=EDGE_CURVE('',#3877,#3901,#3911,.T.);
#3913=ORIENTED_EDGE('',*,*,#3912,.F.);
#3914=ORIENTED_EDGE('',*,*,#3882,.T.);
#3915=EDGE_LOOP('',(#3899,#3907,#3913,#3914));
#3916=FACE_BOUND('',#3915,.T.);
#3917=ADVANCED_FACE('',(#3916),#3898,.F.);
#3918=CARTESIAN_POINT('',(5.075,-0.51,-38.));
#3919=DIRECTION('',(0.,0.,-1.));
#3920=DIRECTION('',(-1.,0.,0.));
#3921=AXIS2_PLACEMENT_3D('',#3918,#3919,#3920);
#3922=PLANE('',#3921);
#3923=ORIENTED_EDGE('',*,*,#750,.T.);
#3924=ORIENTED_EDGE('',*,*,#3865,.F.);
#3925=CARTESIAN_POINT('',(5.425,-0.51,-38.));
#3926=DIRECTION('',(-1.,0.,0.));
#3927=VECTOR('',#3926,0.35);
#3928=LINE('',#3925,#3927);
#3929=EDGE_CURVE('',#3901,#3854,#3928,.T.);
#3930=ORIENTED_EDGE('',*,*,#3929,.F.);
#3931=ORIENTED_EDGE('',*,*,#3906,.T.);
#3932=EDGE_LOOP('',(#3923,#3924,#3930,#3931));
#3933=FACE_BOUND('',#3932,.T.);
#3934=ADVANCED_FACE('',(#3933),#3922,.F.);
#3935=CARTESIAN_POINT('',(0.,-0.51,0.));
#3936=DIRECTION('',(0.,-1.,0.));
#3937=DIRECTION('',(0.,0.,-1.));
#3938=AXIS2_PLACEMENT_3D('',#3935,#3936,#3937);
#3939=PLANE('',#3938);
#3940=ORIENTED_EDGE('',*,*,#3859,.T.);
#3941=ORIENTED_EDGE('',*,*,#3888,.T.);
#3942=ORIENTED_EDGE('',*,*,#3912,.T.);
#3943=ORIENTED_EDGE('',*,*,#3929,.T.);
#3944=EDGE_LOOP('',(#3940,#3941,#3942,#3943));
#3945=FACE_BOUND('',#3944,.T.);
#3946=ADVANCED_FACE('',(#3945),#3939,.T.);
#3947=CARTESIAN_POINT('',(4.575,-0.51,-38.));
#3948=DIRECTION('',(1.,0.,0.));
#3949=DIRECTION('',(0.,0.,-1.));
#3950=AXIS2_PLACEMENT_3D('',#3947,#3948,#3949);
#3951=PLANE('',#3950);
#3952=ORIENTED_EDGE('',*,*,#710,.T.);
#3953=CARTESIAN_POINT('',(4.575,-0.51,-39.7));
#3954=VERTEX_POINT('',#3953);
#3955=CARTESIAN_POINT('',(4.575,-0.51,-39.7));
#3956=DIRECTION('',(0.,1.,0.));
#3957=VECTOR('',#3956,0.01);
#3958=LINE('',#3955,#3957);
#3959=EDGE_CURVE('',#3954,#697,#3958,.T.);
#3960=ORIENTED_EDGE('',*,*,#3959,.F.);
#3961=CARTESIAN_POINT('',(4.575,-0.51,-38.));
#3962=VERTEX_POINT('',#3961);
#3963=CARTESIAN_POINT('',(4.575,-0.51,-38.));
#3964=DIRECTION('',(0.,0.,-1.));
#3965=VECTOR('',#3964,1.7);
#3966=LINE('',#3963,#3965);
#3967=EDGE_CURVE('',#3962,#3954,#3966,.T.);
#3968=ORIENTED_EDGE('',*,*,#3967,.F.);
#3969=CARTESIAN_POINT('',(4.575,-0.51,-38.));
#3970=DIRECTION('',(0.,1.,0.));
#3971=VECTOR('',#3970,0.01);
#3972=LINE('',#3969,#3971);
#3973=EDGE_CURVE('',#3962,#705,#3972,.T.);
#3974=ORIENTED_EDGE('',*,*,#3973,.T.);
#3975=EDGE_LOOP('',(#3952,#3960,#3968,#3974));
#3976=FACE_BOUND('',#3975,.T.);
#3977=ADVANCED_FACE('',(#3976),#3951,.F.);
#3978=CARTESIAN_POINT('',(4.575,-0.51,-39.7));
#3979=DIRECTION('',(0.,0.,1.));
#3980=DIRECTION('',(1.,0.,0.));
#3981=AXIS2_PLACEMENT_3D('',#3978,#3979,#3980);
#3982=PLANE('',#3981);
#3983=ORIENTED_EDGE('',*,*,#2033,.T.);
#3984=CARTESIAN_POINT('',(4.925,-0.51,-39.7));
#3985=VERTEX_POINT('',#3984);
#3986=CARTESIAN_POINT('',(4.925,-0.51,-39.7));
#3987=DIRECTION('',(0.,1.,0.));
#3988=VECTOR('',#3987,0.01);
#3989=LINE('',#3986,#3988);
#3990=EDGE_CURVE('',#3985,#721,#3989,.T.);
#3991=ORIENTED_EDGE('',*,*,#3990,.F.);
#3992=CARTESIAN_POINT('',(4.575,-0.51,-39.7));
#3993=DIRECTION('',(1.,0.,-0.));
#3994=VECTOR('',#3993,0.35);
#3995=LINE('',#3992,#3994);
#3996=EDGE_CURVE('',#3954,#3985,#3995,.T.);
#3997=ORIENTED_EDGE('',*,*,#3996,.F.);
#3998=ORIENTED_EDGE('',*,*,#3959,.T.);
#3999=EDGE_LOOP('',(#3983,#3991,#3997,#3998));
#4000=FACE_BOUND('',#3999,.T.);
#4001=ADVANCED_FACE('',(#4000),#3982,.F.);
#4002=CARTESIAN_POINT('',(4.925,-0.51,-38.));
#4003=DIRECTION('',(-1.,0.,0.));
#4004=DIRECTION('',(0.,0.,1.));
#4005=AXIS2_PLACEMENT_3D('',#4002,#4003,#4004);
#4006=PLANE('',#4005);
#4007=ORIENTED_EDGE('',*,*,#726,.T.);
#4008=CARTESIAN_POINT('',(4.925,-0.51,-38.));
#4009=VERTEX_POINT('',#4008);
#4010=CARTESIAN_POINT('',(4.925,-0.51,-38.));
#4011=DIRECTION('',(0.,1.,0.));
#4012=VECTOR('',#4011,0.01);
#4013=LINE('',#4010,#4012);
#4014=EDGE_CURVE('',#4009,#713,#4013,.T.);
#4015=ORIENTED_EDGE('',*,*,#4014,.F.);
#4016=CARTESIAN_POINT('',(4.925,-0.51,-39.7));
#4017=DIRECTION('',(0.,0.,1.));
#4018=VECTOR('',#4017,1.7);
#4019=LINE('',#4016,#4018);
#4020=EDGE_CURVE('',#3985,#4009,#4019,.T.);
#4021=ORIENTED_EDGE('',*,*,#4020,.F.);
#4022=ORIENTED_EDGE('',*,*,#3990,.T.);
#4023=EDGE_LOOP('',(#4007,#4015,#4021,#4022));
#4024=FACE_BOUND('',#4023,.T.);
#4025=ADVANCED_FACE('',(#4024),#4006,.F.);
#4026=CARTESIAN_POINT('',(4.575,-0.51,-38.));
#4027=DIRECTION('',(0.,0.,-1.));
#4028=DIRECTION('',(-1.,0.,0.));
#4029=AXIS2_PLACEMENT_3D('',#4026,#4027,#4028);
#4030=PLANE('',#4029);
#4031=ORIENTED_EDGE('',*,*,#718,.T.);
#4032=ORIENTED_EDGE('',*,*,#3973,.F.);
#4033=CARTESIAN_POINT('',(4.925,-0.51,-38.));
#4034=DIRECTION('',(-1.,0.,0.));
#4035=VECTOR('',#4034,0.35);
#4036=LINE('',#4033,#4035);
#4037=EDGE_CURVE('',#4009,#3962,#4036,.T.);
#4038=ORIENTED_EDGE('',*,*,#4037,.F.);
#4039=ORIENTED_EDGE('',*,*,#4014,.T.);
#4040=EDGE_LOOP('',(#4031,#4032,#4038,#4039));
#4041=FACE_BOUND('',#4040,.T.);
#4042=ADVANCED_FACE('',(#4041),#4030,.F.);
#4043=CARTESIAN_POINT('',(0.,-0.51,0.));
#4044=DIRECTION('',(0.,-1.,0.));
#4045=DIRECTION('',(0.,0.,-1.));
#4046=AXIS2_PLACEMENT_3D('',#4043,#4044,#4045);
#4047=PLANE('',#4046);
#4048=ORIENTED_EDGE('',*,*,#3967,.T.);
#4049=ORIENTED_EDGE('',*,*,#3996,.T.);
#4050=ORIENTED_EDGE('',*,*,#4020,.T.);
#4051=ORIENTED_EDGE('',*,*,#4037,.T.);
#4052=EDGE_LOOP('',(#4048,#4049,#4050,#4051));
#4053=FACE_BOUND('',#4052,.T.);
#4054=ADVANCED_FACE('',(#4053),#4047,.T.);
#4055=CARTESIAN_POINT('',(4.075,-0.51,-38.));
#4056=DIRECTION('',(1.,0.,0.));
#4057=DIRECTION('',(0.,0.,-1.));
#4058=AXIS2_PLACEMENT_3D('',#4055,#4056,#4057);
#4059=PLANE('',#4058);
#4060=ORIENTED_EDGE('',*,*,#678,.T.);
#4061=CARTESIAN_POINT('',(4.075,-0.51,-39.7));
#4062=VERTEX_POINT('',#4061);
#4063=CARTESIAN_POINT('',(4.075,-0.51,-39.7));
#4064=DIRECTION('',(0.,1.,0.));
#4065=VECTOR('',#4064,0.01);
#4066=LINE('',#4063,#4065);
#4067=EDGE_CURVE('',#4062,#665,#4066,.T.);
#4068=ORIENTED_EDGE('',*,*,#4067,.F.);
#4069=CARTESIAN_POINT('',(4.075,-0.51,-38.));
#4070=VERTEX_POINT('',#4069);
#4071=CARTESIAN_POINT('',(4.075,-0.51,-38.));
#4072=DIRECTION('',(0.,0.,-1.));
#4073=VECTOR('',#4072,1.7);
#4074=LINE('',#4071,#4073);
#4075=EDGE_CURVE('',#4070,#4062,#4074,.T.);
#4076=ORIENTED_EDGE('',*,*,#4075,.F.);
#4077=CARTESIAN_POINT('',(4.075,-0.51,-38.));
#4078=DIRECTION('',(0.,1.,0.));
#4079=VECTOR('',#4078,0.01);
#4080=LINE('',#4077,#4079);
#4081=EDGE_CURVE('',#4070,#673,#4080,.T.);
#4082=ORIENTED_EDGE('',*,*,#4081,.T.);
#4083=EDGE_LOOP('',(#4060,#4068,#4076,#4082));
#4084=FACE_BOUND('',#4083,.T.);
#4085=ADVANCED_FACE('',(#4084),#4059,.F.);
#4086=CARTESIAN_POINT('',(4.075,-0.51,-39.7));
#4087=DIRECTION('',(0.,0.,1.));
#4088=DIRECTION('',(1.,0.,0.));
#4089=AXIS2_PLACEMENT_3D('',#4086,#4087,#4088);
#4090=PLANE('',#4089);
#4091=ORIENTED_EDGE('',*,*,#2040,.T.);
#4092=CARTESIAN_POINT('',(4.425,-0.51,-39.7));
#4093=VERTEX_POINT('',#4092);
#4094=CARTESIAN_POINT('',(4.425,-0.51,-39.7));
#4095=DIRECTION('',(0.,1.,0.));
#4096=VECTOR('',#4095,0.01);
#4097=LINE('',#4094,#4096);
#4098=EDGE_CURVE('',#4093,#689,#4097,.T.);
#4099=ORIENTED_EDGE('',*,*,#4098,.F.);
#4100=CARTESIAN_POINT('',(4.075,-0.51,-39.7));
#4101=DIRECTION('',(1.,0.,-0.));
#4102=VECTOR('',#4101,0.35);
#4103=LINE('',#4100,#4102);
#4104=EDGE_CURVE('',#4062,#4093,#4103,.T.);
#4105=ORIENTED_EDGE('',*,*,#4104,.F.);
#4106=ORIENTED_EDGE('',*,*,#4067,.T.);
#4107=EDGE_LOOP('',(#4091,#4099,#4105,#4106));
#4108=FACE_BOUND('',#4107,.T.);
#4109=ADVANCED_FACE('',(#4108),#4090,.F.);
#4110=CARTESIAN_POINT('',(4.425,-0.51,-38.));
#4111=DIRECTION('',(-1.,0.,0.));
#4112=DIRECTION('',(0.,0.,1.));
#4113=AXIS2_PLACEMENT_3D('',#4110,#4111,#4112);
#4114=PLANE('',#4113);
#4115=ORIENTED_EDGE('',*,*,#694,.T.);
#4116=CARTESIAN_POINT('',(4.425,-0.51,-38.));
#4117=VERTEX_POINT('',#4116);
#4118=CARTESIAN_POINT('',(4.425,-0.51,-38.));
#4119=DIRECTION('',(0.,1.,0.));
#4120=VECTOR('',#4119,0.01);
#4121=LINE('',#4118,#4120);
#4122=EDGE_CURVE('',#4117,#681,#4121,.T.);
#4123=ORIENTED_EDGE('',*,*,#4122,.F.);
#4124=CARTESIAN_POINT('',(4.425,-0.51,-39.7));
#4125=DIRECTION('',(0.,0.,1.));
#4126=VECTOR('',#4125,1.7);
#4127=LINE('',#4124,#4126);
#4128=EDGE_CURVE('',#4093,#4117,#4127,.T.);
#4129=ORIENTED_EDGE('',*,*,#4128,.F.);
#4130=ORIENTED_EDGE('',*,*,#4098,.T.);
#4131=EDGE_LOOP('',(#4115,#4123,#4129,#4130));
#4132=FACE_BOUND('',#4131,.T.);
#4133=ADVANCED_FACE('',(#4132),#4114,.F.);
#4134=CARTESIAN_POINT('',(4.075,-0.51,-38.));
#4135=DIRECTION('',(0.,0.,-1.));
#4136=DIRECTION('',(-1.,0.,0.));
#4137=AXIS2_PLACEMENT_3D('',#4134,#4135,#4136);
#4138=PLANE('',#4137);
#4139=ORIENTED_EDGE('',*,*,#686,.T.);
#4140=ORIENTED_EDGE('',*,*,#4081,.F.);
#4141=CARTESIAN_POINT('',(4.425,-0.51,-38.));
#4142=DIRECTION('',(-1.,0.,0.));
#4143=VECTOR('',#4142,0.35);
#4144=LINE('',#4141,#4143);
#4145=EDGE_CURVE('',#4117,#4070,#4144,.T.);
#4146=ORIENTED_EDGE('',*,*,#4145,.F.);
#4147=ORIENTED_EDGE('',*,*,#4122,.T.);
#4148=EDGE_LOOP('',(#4139,#4140,#4146,#4147));
#4149=FACE_BOUND('',#4148,.T.);
#4150=ADVANCED_FACE('',(#4149),#4138,.F.);
#4151=CARTESIAN_POINT('',(0.,-0.51,0.));
#4152=DIRECTION('',(0.,-1.,0.));
#4153=DIRECTION('',(0.,0.,-1.));
#4154=AXIS2_PLACEMENT_3D('',#4151,#4152,#4153);
#4155=PLANE('',#4154);
#4156=ORIENTED_EDGE('',*,*,#4075,.T.);
#4157=ORIENTED_EDGE('',*,*,#4104,.T.);
#4158=ORIENTED_EDGE('',*,*,#4128,.T.);
#4159=ORIENTED_EDGE('',*,*,#4145,.T.);
#4160=EDGE_LOOP('',(#4156,#4157,#4158,#4159));
#4161=FACE_BOUND('',#4160,.T.);
#4162=ADVANCED_FACE('',(#4161),#4155,.T.);
#4163=CARTESIAN_POINT('',(3.575,-0.51,-38.));
#4164=DIRECTION('',(1.,0.,0.));
#4165=DIRECTION('',(0.,0.,-1.));
#4166=AXIS2_PLACEMENT_3D('',#4163,#4164,#4165);
#4167=PLANE('',#4166);
#4168=ORIENTED_EDGE('',*,*,#646,.T.);
#4169=CARTESIAN_POINT('',(3.575,-0.51,-39.7));
#4170=VERTEX_POINT('',#4169);
#4171=CARTESIAN_POINT('',(3.575,-0.51,-39.7));
#4172=DIRECTION('',(0.,1.,0.));
#4173=VECTOR('',#4172,0.01);
#4174=LINE('',#4171,#4173);
#4175=EDGE_CURVE('',#4170,#633,#4174,.T.);
#4176=ORIENTED_EDGE('',*,*,#4175,.F.);
#4177=CARTESIAN_POINT('',(3.575,-0.51,-38.));
#4178=VERTEX_POINT('',#4177);
#4179=CARTESIAN_POINT('',(3.575,-0.51,-38.));
#4180=DIRECTION('',(0.,0.,-1.));
#4181=VECTOR('',#4180,1.7);
#4182=LINE('',#4179,#4181);
#4183=EDGE_CURVE('',#4178,#4170,#4182,.T.);
#4184=ORIENTED_EDGE('',*,*,#4183,.F.);
#4185=CARTESIAN_POINT('',(3.575,-0.51,-38.));
#4186=DIRECTION('',(0.,1.,0.));
#4187=VECTOR('',#4186,0.01);
#4188=LINE('',#4185,#4187);
#4189=EDGE_CURVE('',#4178,#641,#4188,.T.);
#4190=ORIENTED_EDGE('',*,*,#4189,.T.);
#4191=EDGE_LOOP('',(#4168,#4176,#4184,#4190));
#4192=FACE_BOUND('',#4191,.T.);
#4193=ADVANCED_FACE('',(#4192),#4167,.F.);
#4194=CARTESIAN_POINT('',(3.575,-0.51,-39.7));
#4195=DIRECTION('',(0.,0.,1.));
#4196=DIRECTION('',(1.,0.,0.));
#4197=AXIS2_PLACEMENT_3D('',#4194,#4195,#4196);
#4198=PLANE('',#4197);
#4199=ORIENTED_EDGE('',*,*,#2047,.T.);
#4200=CARTESIAN_POINT('',(3.925,-0.51,-39.7));
#4201=VERTEX_POINT('',#4200);
#4202=CARTESIAN_POINT('',(3.925,-0.51,-39.7));
#4203=DIRECTION('',(0.,1.,0.));
#4204=VECTOR('',#4203,0.01);
#4205=LINE('',#4202,#4204);
#4206=EDGE_CURVE('',#4201,#657,#4205,.T.);
#4207=ORIENTED_EDGE('',*,*,#4206,.F.);
#4208=CARTESIAN_POINT('',(3.575,-0.51,-39.7));
#4209=DIRECTION('',(1.,0.,-0.));
#4210=VECTOR('',#4209,0.35);
#4211=LINE('',#4208,#4210);
#4212=EDGE_CURVE('',#4170,#4201,#4211,.T.);
#4213=ORIENTED_EDGE('',*,*,#4212,.F.);
#4214=ORIENTED_EDGE('',*,*,#4175,.T.);
#4215=EDGE_LOOP('',(#4199,#4207,#4213,#4214));
#4216=FACE_BOUND('',#4215,.T.);
#4217=ADVANCED_FACE('',(#4216),#4198,.F.);
#4218=CARTESIAN_POINT('',(3.925,-0.51,-38.));
#4219=DIRECTION('',(-1.,0.,0.));
#4220=DIRECTION('',(0.,0.,1.));
#4221=AXIS2_PLACEMENT_3D('',#4218,#4219,#4220);
#4222=PLANE('',#4221);
#4223=ORIENTED_EDGE('',*,*,#662,.T.);
#4224=CARTESIAN_POINT('',(3.925,-0.51,-38.));
#4225=VERTEX_POINT('',#4224);
#4226=CARTESIAN_POINT('',(3.925,-0.51,-38.));
#4227=DIRECTION('',(0.,1.,0.));
#4228=VECTOR('',#4227,0.01);
#4229=LINE('',#4226,#4228);
#4230=EDGE_CURVE('',#4225,#649,#4229,.T.);
#4231=ORIENTED_EDGE('',*,*,#4230,.F.);
#4232=CARTESIAN_POINT('',(3.925,-0.51,-39.7));
#4233=DIRECTION('',(0.,0.,1.));
#4234=VECTOR('',#4233,1.7);
#4235=LINE('',#4232,#4234);
#4236=EDGE_CURVE('',#4201,#4225,#4235,.T.);
#4237=ORIENTED_EDGE('',*,*,#4236,.F.);
#4238=ORIENTED_EDGE('',*,*,#4206,.T.);
#4239=EDGE_LOOP('',(#4223,#4231,#4237,#4238));
#4240=FACE_BOUND('',#4239,.T.);
#4241=ADVANCED_FACE('',(#4240),#4222,.F.);
#4242=CARTESIAN_POINT('',(3.575,-0.51,-38.));
#4243=DIRECTION('',(0.,0.,-1.));
#4244=DIRECTION('',(-1.,0.,0.));
#4245=AXIS2_PLACEMENT_3D('',#4242,#4243,#4244);
#4246=PLANE('',#4245);
#4247=ORIENTED_EDGE('',*,*,#654,.T.);
#4248=ORIENTED_EDGE('',*,*,#4189,.F.);
#4249=CARTESIAN_POINT('',(3.925,-0.51,-38.));
#4250=DIRECTION('',(-1.,0.,0.));
#4251=VECTOR('',#4250,0.35);
#4252=LINE('',#4249,#4251);
#4253=EDGE_CURVE('',#4225,#4178,#4252,.T.);
#4254=ORIENTED_EDGE('',*,*,#4253,.F.);
#4255=ORIENTED_EDGE('',*,*,#4230,.T.);
#4256=EDGE_LOOP('',(#4247,#4248,#4254,#4255));
#4257=FACE_BOUND('',#4256,.T.);
#4258=ADVANCED_FACE('',(#4257),#4246,.F.);
#4259=CARTESIAN_POINT('',(0.,-0.51,0.));
#4260=DIRECTION('',(0.,-1.,0.));
#4261=DIRECTION('',(0.,0.,-1.));
#4262=AXIS2_PLACEMENT_3D('',#4259,#4260,#4261);
#4263=PLANE('',#4262);
#4264=ORIENTED_EDGE('',*,*,#4183,.T.);
#4265=ORIENTED_EDGE('',*,*,#4212,.T.);
#4266=ORIENTED_EDGE('',*,*,#4236,.T.);
#4267=ORIENTED_EDGE('',*,*,#4253,.T.);
#4268=EDGE_LOOP('',(#4264,#4265,#4266,#4267));
#4269=FACE_BOUND('',#4268,.T.);
#4270=ADVANCED_FACE('',(#4269),#4263,.T.);
#4271=CARTESIAN_POINT('',(3.075,-0.51,-38.));
#4272=DIRECTION('',(1.,0.,0.));
#4273=DIRECTION('',(0.,0.,-1.));
#4274=AXIS2_PLACEMENT_3D('',#4271,#4272,#4273);
#4275=PLANE('',#4274);
#4276=ORIENTED_EDGE('',*,*,#614,.T.);
#4277=CARTESIAN_POINT('',(3.075,-0.51,-39.7));
#4278=VERTEX_POINT('',#4277);
#4279=CARTESIAN_POINT('',(3.075,-0.51,-39.7));
#4280=DIRECTION('',(0.,1.,0.));
#4281=VECTOR('',#4280,0.01);
#4282=LINE('',#4279,#4281);
#4283=EDGE_CURVE('',#4278,#601,#4282,.T.);
#4284=ORIENTED_EDGE('',*,*,#4283,.F.);
#4285=CARTESIAN_POINT('',(3.075,-0.51,-38.));
#4286=VERTEX_POINT('',#4285);
#4287=CARTESIAN_POINT('',(3.075,-0.51,-38.));
#4288=DIRECTION('',(0.,0.,-1.));
#4289=VECTOR('',#4288,1.7);
#4290=LINE('',#4287,#4289);
#4291=EDGE_CURVE('',#4286,#4278,#4290,.T.);
#4292=ORIENTED_EDGE('',*,*,#4291,.F.);
#4293=CARTESIAN_POINT('',(3.075,-0.51,-38.));
#4294=DIRECTION('',(0.,1.,0.));
#4295=VECTOR('',#4294,0.01);
#4296=LINE('',#4293,#4295);
#4297=EDGE_CURVE('',#4286,#609,#4296,.T.);
#4298=ORIENTED_EDGE('',*,*,#4297,.T.);
#4299=EDGE_LOOP('',(#4276,#4284,#4292,#4298));
#4300=FACE_BOUND('',#4299,.T.);
#4301=ADVANCED_FACE('',(#4300),#4275,.F.);
#4302=CARTESIAN_POINT('',(3.075,-0.51,-39.7));
#4303=DIRECTION('',(0.,0.,1.));
#4304=DIRECTION('',(1.,0.,0.));
#4305=AXIS2_PLACEMENT_3D('',#4302,#4303,#4304);
#4306=PLANE('',#4305);
#4307=ORIENTED_EDGE('',*,*,#2054,.T.);
#4308=CARTESIAN_POINT('',(3.425,-0.51,-39.7));
#4309=VERTEX_POINT('',#4308);
#4310=CARTESIAN_POINT('',(3.425,-0.51,-39.7));
#4311=DIRECTION('',(0.,1.,0.));
#4312=VECTOR('',#4311,0.01);
#4313=LINE('',#4310,#4312);
#4314=EDGE_CURVE('',#4309,#625,#4313,.T.);
#4315=ORIENTED_EDGE('',*,*,#4314,.F.);
#4316=CARTESIAN_POINT('',(3.075,-0.51,-39.7));
#4317=DIRECTION('',(1.,0.,-0.));
#4318=VECTOR('',#4317,0.35);
#4319=LINE('',#4316,#4318);
#4320=EDGE_CURVE('',#4278,#4309,#4319,.T.);
#4321=ORIENTED_EDGE('',*,*,#4320,.F.);
#4322=ORIENTED_EDGE('',*,*,#4283,.T.);
#4323=EDGE_LOOP('',(#4307,#4315,#4321,#4322));
#4324=FACE_BOUND('',#4323,.T.);
#4325=ADVANCED_FACE('',(#4324),#4306,.F.);
#4326=CARTESIAN_POINT('',(3.425,-0.51,-38.));
#4327=DIRECTION('',(-1.,0.,0.));
#4328=DIRECTION('',(0.,0.,1.));
#4329=AXIS2_PLACEMENT_3D('',#4326,#4327,#4328);
#4330=PLANE('',#4329);
#4331=ORIENTED_EDGE('',*,*,#630,.T.);
#4332=CARTESIAN_POINT('',(3.425,-0.51,-38.));
#4333=VERTEX_POINT('',#4332);
#4334=CARTESIAN_POINT('',(3.425,-0.51,-38.));
#4335=DIRECTION('',(0.,1.,0.));
#4336=VECTOR('',#4335,0.01);
#4337=LINE('',#4334,#4336);
#4338=EDGE_CURVE('',#4333,#617,#4337,.T.);
#4339=ORIENTED_EDGE('',*,*,#4338,.F.);
#4340=CARTESIAN_POINT('',(3.425,-0.51,-39.7));
#4341=DIRECTION('',(0.,0.,1.));
#4342=VECTOR('',#4341,1.7);
#4343=LINE('',#4340,#4342);
#4344=EDGE_CURVE('',#4309,#4333,#4343,.T.);
#4345=ORIENTED_EDGE('',*,*,#4344,.F.);
#4346=ORIENTED_EDGE('',*,*,#4314,.T.);
#4347=EDGE_LOOP('',(#4331,#4339,#4345,#4346));
#4348=FACE_BOUND('',#4347,.T.);
#4349=ADVANCED_FACE('',(#4348),#4330,.F.);
#4350=CARTESIAN_POINT('',(3.075,-0.51,-38.));
#4351=DIRECTION('',(0.,0.,-1.));
#4352=DIRECTION('',(-1.,0.,0.));
#4353=AXIS2_PLACEMENT_3D('',#4350,#4351,#4352);
#4354=PLANE('',#4353);
#4355=ORIENTED_EDGE('',*,*,#622,.T.);
#4356=ORIENTED_EDGE('',*,*,#4297,.F.);
#4357=CARTESIAN_POINT('',(3.425,-0.51,-38.));
#4358=DIRECTION('',(-1.,0.,0.));
#4359=VECTOR('',#4358,0.35);
#4360=LINE('',#4357,#4359);
#4361=EDGE_CURVE('',#4333,#4286,#4360,.T.);
#4362=ORIENTED_EDGE('',*,*,#4361,.F.);
#4363=ORIENTED_EDGE('',*,*,#4338,.T.);
#4364=EDGE_LOOP('',(#4355,#4356,#4362,#4363));
#4365=FACE_BOUND('',#4364,.T.);
#4366=ADVANCED_FACE('',(#4365),#4354,.F.);
#4367=CARTESIAN_POINT('',(0.,-0.51,0.));
#4368=DIRECTION('',(0.,-1.,0.));
#4369=DIRECTION('',(0.,0.,-1.));
#4370=AXIS2_PLACEMENT_3D('',#4367,#4368,#4369);
#4371=PLANE('',#4370);
#4372=ORIENTED_EDGE('',*,*,#4291,.T.);
#4373=ORIENTED_EDGE('',*,*,#4320,.T.);
#4374=ORIENTED_EDGE('',*,*,#4344,.T.);
#4375=ORIENTED_EDGE('',*,*,#4361,.T.);
#4376=EDGE_LOOP('',(#4372,#4373,#4374,#4375));
#4377=FACE_BOUND('',#4376,.T.);
#4378=ADVANCED_FACE('',(#4377),#4371,.T.);
#4379=CARTESIAN_POINT('',(2.575,-0.51,-38.));
#4380=DIRECTION('',(1.,0.,0.));
#4381=DIRECTION('',(0.,0.,-1.));
#4382=AXIS2_PLACEMENT_3D('',#4379,#4380,#4381);
#4383=PLANE('',#4382);
#4384=ORIENTED_EDGE('',*,*,#582,.T.);
#4385=CARTESIAN_POINT('',(2.575,-0.51,-39.7));
#4386=VERTEX_POINT('',#4385);
#4387=CARTESIAN_POINT('',(2.575,-0.51,-39.7));
#4388=DIRECTION('',(0.,1.,0.));
#4389=VECTOR('',#4388,0.01);
#4390=LINE('',#4387,#4389);
#4391=EDGE_CURVE('',#4386,#569,#4390,.T.);
#4392=ORIENTED_EDGE('',*,*,#4391,.F.);
#4393=CARTESIAN_POINT('',(2.575,-0.51,-38.));
#4394=VERTEX_POINT('',#4393);
#4395=CARTESIAN_POINT('',(2.575,-0.51,-38.));
#4396=DIRECTION('',(0.,0.,-1.));
#4397=VECTOR('',#4396,1.7);
#4398=LINE('',#4395,#4397);
#4399=EDGE_CURVE('',#4394,#4386,#4398,.T.);
#4400=ORIENTED_EDGE('',*,*,#4399,.F.);
#4401=CARTESIAN_POINT('',(2.575,-0.51,-38.));
#4402=DIRECTION('',(0.,1.,0.));
#4403=VECTOR('',#4402,0.01);
#4404=LINE('',#4401,#4403);
#4405=EDGE_CURVE('',#4394,#577,#4404,.T.);
#4406=ORIENTED_EDGE('',*,*,#4405,.T.);
#4407=EDGE_LOOP('',(#4384,#4392,#4400,#4406));
#4408=FACE_BOUND('',#4407,.T.);
#4409=ADVANCED_FACE('',(#4408),#4383,.F.);
#4410=CARTESIAN_POINT('',(2.575,-0.51,-39.7));
#4411=DIRECTION('',(0.,0.,1.));
#4412=DIRECTION('',(1.,0.,0.));
#4413=AXIS2_PLACEMENT_3D('',#4410,#4411,#4412);
#4414=PLANE('',#4413);
#4415=ORIENTED_EDGE('',*,*,#2061,.T.);
#4416=CARTESIAN_POINT('',(2.925,-0.51,-39.7));
#4417=VERTEX_POINT('',#4416);
#4418=CARTESIAN_POINT('',(2.925,-0.51,-39.7));
#4419=DIRECTION('',(0.,1.,0.));
#4420=VECTOR('',#4419,0.01);
#4421=LINE('',#4418,#4420);
#4422=EDGE_CURVE('',#4417,#593,#4421,.T.);
#4423=ORIENTED_EDGE('',*,*,#4422,.F.);
#4424=CARTESIAN_POINT('',(2.575,-0.51,-39.7));
#4425=DIRECTION('',(1.,0.,-0.));
#4426=VECTOR('',#4425,0.35);
#4427=LINE('',#4424,#4426);
#4428=EDGE_CURVE('',#4386,#4417,#4427,.T.);
#4429=ORIENTED_EDGE('',*,*,#4428,.F.);
#4430=ORIENTED_EDGE('',*,*,#4391,.T.);
#4431=EDGE_LOOP('',(#4415,#4423,#4429,#4430));
#4432=FACE_BOUND('',#4431,.T.);
#4433=ADVANCED_FACE('',(#4432),#4414,.F.);
#4434=CARTESIAN_POINT('',(2.925,-0.51,-38.));
#4435=DIRECTION('',(-1.,0.,0.));
#4436=DIRECTION('',(0.,0.,1.));
#4437=AXIS2_PLACEMENT_3D('',#4434,#4435,#4436);
#4438=PLANE('',#4437);
#4439=ORIENTED_EDGE('',*,*,#598,.T.);
#4440=CARTESIAN_POINT('',(2.925,-0.51,-38.));
#4441=VERTEX_POINT('',#4440);
#4442=CARTESIAN_POINT('',(2.925,-0.51,-38.));
#4443=DIRECTION('',(0.,1.,0.));
#4444=VECTOR('',#4443,0.01);
#4445=LINE('',#4442,#4444);
#4446=EDGE_CURVE('',#4441,#585,#4445,.T.);
#4447=ORIENTED_EDGE('',*,*,#4446,.F.);
#4448=CARTESIAN_POINT('',(2.925,-0.51,-39.7));
#4449=DIRECTION('',(0.,0.,1.));
#4450=VECTOR('',#4449,1.7);
#4451=LINE('',#4448,#4450);
#4452=EDGE_CURVE('',#4417,#4441,#4451,.T.);
#4453=ORIENTED_EDGE('',*,*,#4452,.F.);
#4454=ORIENTED_EDGE('',*,*,#4422,.T.);
#4455=EDGE_LOOP('',(#4439,#4447,#4453,#4454));
#4456=FACE_BOUND('',#4455,.T.);
#4457=ADVANCED_FACE('',(#4456),#4438,.F.);
#4458=CARTESIAN_POINT('',(2.575,-0.51,-38.));
#4459=DIRECTION('',(0.,0.,-1.));
#4460=DIRECTION('',(-1.,0.,0.));
#4461=AXIS2_PLACEMENT_3D('',#4458,#4459,#4460);
#4462=PLANE('',#4461);
#4463=ORIENTED_EDGE('',*,*,#590,.T.);
#4464=ORIENTED_EDGE('',*,*,#4405,.F.);
#4465=CARTESIAN_POINT('',(2.925,-0.51,-38.));
#4466=DIRECTION('',(-1.,0.,0.));
#4467=VECTOR('',#4466,0.35);
#4468=LINE('',#4465,#4467);
#4469=EDGE_CURVE('',#4441,#4394,#4468,.T.);
#4470=ORIENTED_EDGE('',*,*,#4469,.F.);
#4471=ORIENTED_EDGE('',*,*,#4446,.T.);
#4472=EDGE_LOOP('',(#4463,#4464,#4470,#4471));
#4473=FACE_BOUND('',#4472,.T.);
#4474=ADVANCED_FACE('',(#4473),#4462,.F.);
#4475=CARTESIAN_POINT('',(0.,-0.51,0.));
#4476=DIRECTION('',(0.,-1.,0.));
#4477=DIRECTION('',(0.,0.,-1.));
#4478=AXIS2_PLACEMENT_3D('',#4475,#4476,#4477);
#4479=PLANE('',#4478);
#4480=ORIENTED_EDGE('',*,*,#4399,.T.);
#4481=ORIENTED_EDGE('',*,*,#4428,.T.);
#4482=ORIENTED_EDGE('',*,*,#4452,.T.);
#4483=ORIENTED_EDGE('',*,*,#4469,.T.);
#4484=EDGE_LOOP('',(#4480,#4481,#4482,#4483));
#4485=FACE_BOUND('',#4484,.T.);
#4486=ADVANCED_FACE('',(#4485),#4479,.T.);
#4487=CARTESIAN_POINT('',(2.075,-0.51,-38.));
#4488=DIRECTION('',(1.,0.,0.));
#4489=DIRECTION('',(0.,0.,-1.));
#4490=AXIS2_PLACEMENT_3D('',#4487,#4488,#4489);
#4491=PLANE('',#4490);
#4492=ORIENTED_EDGE('',*,*,#550,.T.);
#4493=CARTESIAN_POINT('',(2.075,-0.51,-39.7));
#4494=VERTEX_POINT('',#4493);
#4495=CARTESIAN_POINT('',(2.075,-0.51,-39.7));
#4496=DIRECTION('',(0.,1.,0.));
#4497=VECTOR('',#4496,0.01);
#4498=LINE('',#4495,#4497);
#4499=EDGE_CURVE('',#4494,#537,#4498,.T.);
#4500=ORIENTED_EDGE('',*,*,#4499,.F.);
#4501=CARTESIAN_POINT('',(2.075,-0.51,-38.));
#4502=VERTEX_POINT('',#4501);
#4503=CARTESIAN_POINT('',(2.075,-0.51,-38.));
#4504=DIRECTION('',(0.,0.,-1.));
#4505=VECTOR('',#4504,1.7);
#4506=LINE('',#4503,#4505);
#4507=EDGE_CURVE('',#4502,#4494,#4506,.T.);
#4508=ORIENTED_EDGE('',*,*,#4507,.F.);
#4509=CARTESIAN_POINT('',(2.075,-0.51,-38.));
#4510=DIRECTION('',(0.,1.,0.));
#4511=VECTOR('',#4510,0.01);
#4512=LINE('',#4509,#4511);
#4513=EDGE_CURVE('',#4502,#545,#4512,.T.);
#4514=ORIENTED_EDGE('',*,*,#4513,.T.);
#4515=EDGE_LOOP('',(#4492,#4500,#4508,#4514));
#4516=FACE_BOUND('',#4515,.T.);
#4517=ADVANCED_FACE('',(#4516),#4491,.F.);
#4518=CARTESIAN_POINT('',(2.075,-0.51,-39.7));
#4519=DIRECTION('',(0.,0.,1.));
#4520=DIRECTION('',(1.,0.,0.));
#4521=AXIS2_PLACEMENT_3D('',#4518,#4519,#4520);
#4522=PLANE('',#4521);
#4523=ORIENTED_EDGE('',*,*,#2068,.T.);
#4524=CARTESIAN_POINT('',(2.425,-0.51,-39.7));
#4525=VERTEX_POINT('',#4524);
#4526=CARTESIAN_POINT('',(2.425,-0.51,-39.7));
#4527=DIRECTION('',(0.,1.,0.));
#4528=VECTOR('',#4527,0.01);
#4529=LINE('',#4526,#4528);
#4530=EDGE_CURVE('',#4525,#561,#4529,.T.);
#4531=ORIENTED_EDGE('',*,*,#4530,.F.);
#4532=CARTESIAN_POINT('',(2.075,-0.51,-39.7));
#4533=DIRECTION('',(1.,0.,-0.));
#4534=VECTOR('',#4533,0.35);
#4535=LINE('',#4532,#4534);
#4536=EDGE_CURVE('',#4494,#4525,#4535,.T.);
#4537=ORIENTED_EDGE('',*,*,#4536,.F.);
#4538=ORIENTED_EDGE('',*,*,#4499,.T.);
#4539=EDGE_LOOP('',(#4523,#4531,#4537,#4538));
#4540=FACE_BOUND('',#4539,.T.);
#4541=ADVANCED_FACE('',(#4540),#4522,.F.);
#4542=CARTESIAN_POINT('',(2.425,-0.51,-38.));
#4543=DIRECTION('',(-1.,0.,0.));
#4544=DIRECTION('',(0.,0.,1.));
#4545=AXIS2_PLACEMENT_3D('',#4542,#4543,#4544);
#4546=PLANE('',#4545);
#4547=ORIENTED_EDGE('',*,*,#566,.T.);
#4548=CARTESIAN_POINT('',(2.425,-0.51,-38.));
#4549=VERTEX_POINT('',#4548);
#4550=CARTESIAN_POINT('',(2.425,-0.51,-38.));
#4551=DIRECTION('',(0.,1.,0.));
#4552=VECTOR('',#4551,0.01);
#4553=LINE('',#4550,#4552);
#4554=EDGE_CURVE('',#4549,#553,#4553,.T.);
#4555=ORIENTED_EDGE('',*,*,#4554,.F.);
#4556=CARTESIAN_POINT('',(2.425,-0.51,-39.7));
#4557=DIRECTION('',(0.,0.,1.));
#4558=VECTOR('',#4557,1.7);
#4559=LINE('',#4556,#4558);
#4560=EDGE_CURVE('',#4525,#4549,#4559,.T.);
#4561=ORIENTED_EDGE('',*,*,#4560,.F.);
#4562=ORIENTED_EDGE('',*,*,#4530,.T.);
#4563=EDGE_LOOP('',(#4547,#4555,#4561,#4562));
#4564=FACE_BOUND('',#4563,.T.);
#4565=ADVANCED_FACE('',(#4564),#4546,.F.);
#4566=CARTESIAN_POINT('',(2.075,-0.51,-38.));
#4567=DIRECTION('',(0.,0.,-1.));
#4568=DIRECTION('',(-1.,0.,0.));
#4569=AXIS2_PLACEMENT_3D('',#4566,#4567,#4568);
#4570=PLANE('',#4569);
#4571=ORIENTED_EDGE('',*,*,#558,.T.);
#4572=ORIENTED_EDGE('',*,*,#4513,.F.);
#4573=CARTESIAN_POINT('',(2.425,-0.51,-38.));
#4574=DIRECTION('',(-1.,0.,0.));
#4575=VECTOR('',#4574,0.35);
#4576=LINE('',#4573,#4575);
#4577=EDGE_CURVE('',#4549,#4502,#4576,.T.);
#4578=ORIENTED_EDGE('',*,*,#4577,.F.);
#4579=ORIENTED_EDGE('',*,*,#4554,.T.);
#4580=EDGE_LOOP('',(#4571,#4572,#4578,#4579));
#4581=FACE_BOUND('',#4580,.T.);
#4582=ADVANCED_FACE('',(#4581),#4570,.F.);
#4583=CARTESIAN_POINT('',(0.,-0.51,0.));
#4584=DIRECTION('',(0.,-1.,0.));
#4585=DIRECTION('',(0.,0.,-1.));
#4586=AXIS2_PLACEMENT_3D('',#4583,#4584,#4585);
#4587=PLANE('',#4586);
#4588=ORIENTED_EDGE('',*,*,#4507,.T.);
#4589=ORIENTED_EDGE('',*,*,#4536,.T.);
#4590=ORIENTED_EDGE('',*,*,#4560,.T.);
#4591=ORIENTED_EDGE('',*,*,#4577,.T.);
#4592=EDGE_LOOP('',(#4588,#4589,#4590,#4591));
#4593=FACE_BOUND('',#4592,.T.);
#4594=ADVANCED_FACE('',(#4593),#4587,.T.);
#4595=CARTESIAN_POINT('',(1.575,-0.51,-38.));
#4596=DIRECTION('',(1.,0.,0.));
#4597=DIRECTION('',(0.,0.,-1.));
#4598=AXIS2_PLACEMENT_3D('',#4595,#4596,#4597);
#4599=PLANE('',#4598);
#4600=ORIENTED_EDGE('',*,*,#518,.T.);
#4601=CARTESIAN_POINT('',(1.575,-0.51,-39.7));
#4602=VERTEX_POINT('',#4601);
#4603=CARTESIAN_POINT('',(1.575,-0.51,-39.7));
#4604=DIRECTION('',(0.,1.,0.));
#4605=VECTOR('',#4604,0.01);
#4606=LINE('',#4603,#4605);
#4607=EDGE_CURVE('',#4602,#505,#4606,.T.);
#4608=ORIENTED_EDGE('',*,*,#4607,.F.);
#4609=CARTESIAN_POINT('',(1.575,-0.51,-38.));
#4610=VERTEX_POINT('',#4609);
#4611=CARTESIAN_POINT('',(1.575,-0.51,-38.));
#4612=DIRECTION('',(0.,0.,-1.));
#4613=VECTOR('',#4612,1.7);
#4614=LINE('',#4611,#4613);
#4615=EDGE_CURVE('',#4610,#4602,#4614,.T.);
#4616=ORIENTED_EDGE('',*,*,#4615,.F.);
#4617=CARTESIAN_POINT('',(1.575,-0.51,-38.));
#4618=DIRECTION('',(0.,1.,0.));
#4619=VECTOR('',#4618,0.01);
#4620=LINE('',#4617,#4619);
#4621=EDGE_CURVE('',#4610,#513,#4620,.T.);
#4622=ORIENTED_EDGE('',*,*,#4621,.T.);
#4623=EDGE_LOOP('',(#4600,#4608,#4616,#4622));
#4624=FACE_BOUND('',#4623,.T.);
#4625=ADVANCED_FACE('',(#4624),#4599,.F.);
#4626=CARTESIAN_POINT('',(1.575,-0.51,-39.7));
#4627=DIRECTION('',(0.,0.,1.));
#4628=DIRECTION('',(1.,0.,0.));
#4629=AXIS2_PLACEMENT_3D('',#4626,#4627,#4628);
#4630=PLANE('',#4629);
#4631=ORIENTED_EDGE('',*,*,#2075,.T.);
#4632=CARTESIAN_POINT('',(1.925,-0.51,-39.7));
#4633=VERTEX_POINT('',#4632);
#4634=CARTESIAN_POINT('',(1.925,-0.51,-39.7));
#4635=DIRECTION('',(0.,1.,0.));
#4636=VECTOR('',#4635,0.01);
#4637=LINE('',#4634,#4636);
#4638=EDGE_CURVE('',#4633,#529,#4637,.T.);
#4639=ORIENTED_EDGE('',*,*,#4638,.F.);
#4640=CARTESIAN_POINT('',(1.575,-0.51,-39.7));
#4641=DIRECTION('',(1.,0.,-0.));
#4642=VECTOR('',#4641,0.35);
#4643=LINE('',#4640,#4642);
#4644=EDGE_CURVE('',#4602,#4633,#4643,.T.);
#4645=ORIENTED_EDGE('',*,*,#4644,.F.);
#4646=ORIENTED_EDGE('',*,*,#4607,.T.);
#4647=EDGE_LOOP('',(#4631,#4639,#4645,#4646));
#4648=FACE_BOUND('',#4647,.T.);
#4649=ADVANCED_FACE('',(#4648),#4630,.F.);
#4650=CARTESIAN_POINT('',(1.925,-0.51,-38.));
#4651=DIRECTION('',(-1.,0.,0.));
#4652=DIRECTION('',(0.,0.,1.));
#4653=AXIS2_PLACEMENT_3D('',#4650,#4651,#4652);
#4654=PLANE('',#4653);
#4655=ORIENTED_EDGE('',*,*,#534,.T.);
#4656=CARTESIAN_POINT('',(1.925,-0.51,-38.));
#4657=VERTEX_POINT('',#4656);
#4658=CARTESIAN_POINT('',(1.925,-0.51,-38.));
#4659=DIRECTION('',(0.,1.,0.));
#4660=VECTOR('',#4659,0.01);
#4661=LINE('',#4658,#4660);
#4662=EDGE_CURVE('',#4657,#521,#4661,.T.);
#4663=ORIENTED_EDGE('',*,*,#4662,.F.);
#4664=CARTESIAN_POINT('',(1.925,-0.51,-39.7));
#4665=DIRECTION('',(0.,0.,1.));
#4666=VECTOR('',#4665,1.7);
#4667=LINE('',#4664,#4666);
#4668=EDGE_CURVE('',#4633,#4657,#4667,.T.);
#4669=ORIENTED_EDGE('',*,*,#4668,.F.);
#4670=ORIENTED_EDGE('',*,*,#4638,.T.);
#4671=EDGE_LOOP('',(#4655,#4663,#4669,#4670));
#4672=FACE_BOUND('',#4671,.T.);
#4673=ADVANCED_FACE('',(#4672),#4654,.F.);
#4674=CARTESIAN_POINT('',(1.575,-0.51,-38.));
#4675=DIRECTION('',(0.,0.,-1.));
#4676=DIRECTION('',(-1.,0.,0.));
#4677=AXIS2_PLACEMENT_3D('',#4674,#4675,#4676);
#4678=PLANE('',#4677);
#4679=ORIENTED_EDGE('',*,*,#526,.T.);
#4680=ORIENTED_EDGE('',*,*,#4621,.F.);
#4681=CARTESIAN_POINT('',(1.925,-0.51,-38.));
#4682=DIRECTION('',(-1.,0.,0.));
#4683=VECTOR('',#4682,0.35);
#4684=LINE('',#4681,#4683);
#4685=EDGE_CURVE('',#4657,#4610,#4684,.T.);
#4686=ORIENTED_EDGE('',*,*,#4685,.F.);
#4687=ORIENTED_EDGE('',*,*,#4662,.T.);
#4688=EDGE_LOOP('',(#4679,#4680,#4686,#4687));
#4689=FACE_BOUND('',#4688,.T.);
#4690=ADVANCED_FACE('',(#4689),#4678,.F.);
#4691=CARTESIAN_POINT('',(0.,-0.51,0.));
#4692=DIRECTION('',(0.,-1.,0.));
#4693=DIRECTION('',(0.,0.,-1.));
#4694=AXIS2_PLACEMENT_3D('',#4691,#4692,#4693);
#4695=PLANE('',#4694);
#4696=ORIENTED_EDGE('',*,*,#4615,.T.);
#4697=ORIENTED_EDGE('',*,*,#4644,.T.);
#4698=ORIENTED_EDGE('',*,*,#4668,.T.);
#4699=ORIENTED_EDGE('',*,*,#4685,.T.);
#4700=EDGE_LOOP('',(#4696,#4697,#4698,#4699));
#4701=FACE_BOUND('',#4700,.T.);
#4702=ADVANCED_FACE('',(#4701),#4695,.T.);
#4703=CARTESIAN_POINT('',(1.075,-0.51,-38.));
#4704=DIRECTION('',(1.,0.,0.));
#4705=DIRECTION('',(0.,0.,-1.));
#4706=AXIS2_PLACEMENT_3D('',#4703,#4704,#4705);
#4707=PLANE('',#4706);
#4708=ORIENTED_EDGE('',*,*,#486,.T.);
#4709=CARTESIAN_POINT('',(1.075,-0.51,-39.7));
#4710=VERTEX_POINT('',#4709);
#4711=CARTESIAN_POINT('',(1.075,-0.51,-39.7));
#4712=DIRECTION('',(0.,1.,0.));
#4713=VECTOR('',#4712,0.01);
#4714=LINE('',#4711,#4713);
#4715=EDGE_CURVE('',#4710,#473,#4714,.T.);
#4716=ORIENTED_EDGE('',*,*,#4715,.F.);
#4717=CARTESIAN_POINT('',(1.075,-0.51,-38.));
#4718=VERTEX_POINT('',#4717);
#4719=CARTESIAN_POINT('',(1.075,-0.51,-38.));
#4720=DIRECTION('',(0.,0.,-1.));
#4721=VECTOR('',#4720,1.7);
#4722=LINE('',#4719,#4721);
#4723=EDGE_CURVE('',#4718,#4710,#4722,.T.);
#4724=ORIENTED_EDGE('',*,*,#4723,.F.);
#4725=CARTESIAN_POINT('',(1.075,-0.51,-38.));
#4726=DIRECTION('',(0.,1.,0.));
#4727=VECTOR('',#4726,0.01);
#4728=LINE('',#4725,#4727);
#4729=EDGE_CURVE('',#4718,#481,#4728,.T.);
#4730=ORIENTED_EDGE('',*,*,#4729,.T.);
#4731=EDGE_LOOP('',(#4708,#4716,#4724,#4730));
#4732=FACE_BOUND('',#4731,.T.);
#4733=ADVANCED_FACE('',(#4732),#4707,.F.);
#4734=CARTESIAN_POINT('',(1.075,-0.51,-39.7));
#4735=DIRECTION('',(0.,0.,1.));
#4736=DIRECTION('',(1.,0.,0.));
#4737=AXIS2_PLACEMENT_3D('',#4734,#4735,#4736);
#4738=PLANE('',#4737);
#4739=ORIENTED_EDGE('',*,*,#2082,.T.);
#4740=CARTESIAN_POINT('',(1.425,-0.51,-39.7));
#4741=VERTEX_POINT('',#4740);
#4742=CARTESIAN_POINT('',(1.425,-0.51,-39.7));
#4743=DIRECTION('',(0.,1.,0.));
#4744=VECTOR('',#4743,0.01);
#4745=LINE('',#4742,#4744);
#4746=EDGE_CURVE('',#4741,#497,#4745,.T.);
#4747=ORIENTED_EDGE('',*,*,#4746,.F.);
#4748=CARTESIAN_POINT('',(1.075,-0.51,-39.7));
#4749=DIRECTION('',(1.,0.,-0.));
#4750=VECTOR('',#4749,0.35);
#4751=LINE('',#4748,#4750);
#4752=EDGE_CURVE('',#4710,#4741,#4751,.T.);
#4753=ORIENTED_EDGE('',*,*,#4752,.F.);
#4754=ORIENTED_EDGE('',*,*,#4715,.T.);
#4755=EDGE_LOOP('',(#4739,#4747,#4753,#4754));
#4756=FACE_BOUND('',#4755,.T.);
#4757=ADVANCED_FACE('',(#4756),#4738,.F.);
#4758=CARTESIAN_POINT('',(1.425,-0.51,-38.));
#4759=DIRECTION('',(-1.,0.,0.));
#4760=DIRECTION('',(0.,0.,1.));
#4761=AXIS2_PLACEMENT_3D('',#4758,#4759,#4760);
#4762=PLANE('',#4761);
#4763=ORIENTED_EDGE('',*,*,#502,.T.);
#4764=CARTESIAN_POINT('',(1.425,-0.51,-38.));
#4765=VERTEX_POINT('',#4764);
#4766=CARTESIAN_POINT('',(1.425,-0.51,-38.));
#4767=DIRECTION('',(0.,1.,0.));
#4768=VECTOR('',#4767,0.01);
#4769=LINE('',#4766,#4768);
#4770=EDGE_CURVE('',#4765,#489,#4769,.T.);
#4771=ORIENTED_EDGE('',*,*,#4770,.F.);
#4772=CARTESIAN_POINT('',(1.425,-0.51,-39.7));
#4773=DIRECTION('',(0.,0.,1.));
#4774=VECTOR('',#4773,1.7);
#4775=LINE('',#4772,#4774);
#4776=EDGE_CURVE('',#4741,#4765,#4775,.T.);
#4777=ORIENTED_EDGE('',*,*,#4776,.F.);
#4778=ORIENTED_EDGE('',*,*,#4746,.T.);
#4779=EDGE_LOOP('',(#4763,#4771,#4777,#4778));
#4780=FACE_BOUND('',#4779,.T.);
#4781=ADVANCED_FACE('',(#4780),#4762,.F.);
#4782=CARTESIAN_POINT('',(1.075,-0.51,-38.));
#4783=DIRECTION('',(0.,0.,-1.));
#4784=DIRECTION('',(-1.,0.,0.));
#4785=AXIS2_PLACEMENT_3D('',#4782,#4783,#4784);
#4786=PLANE('',#4785);
#4787=ORIENTED_EDGE('',*,*,#494,.T.);
#4788=ORIENTED_EDGE('',*,*,#4729,.F.);
#4789=CARTESIAN_POINT('',(1.425,-0.51,-38.));
#4790=DIRECTION('',(-1.,0.,0.));
#4791=VECTOR('',#4790,0.35);
#4792=LINE('',#4789,#4791);
#4793=EDGE_CURVE('',#4765,#4718,#4792,.T.);
#4794=ORIENTED_EDGE('',*,*,#4793,.F.);
#4795=ORIENTED_EDGE('',*,*,#4770,.T.);
#4796=EDGE_LOOP('',(#4787,#4788,#4794,#4795));
#4797=FACE_BOUND('',#4796,.T.);
#4798=ADVANCED_FACE('',(#4797),#4786,.F.);
#4799=CARTESIAN_POINT('',(0.,-0.51,0.));
#4800=DIRECTION('',(0.,-1.,0.));
#4801=DIRECTION('',(0.,0.,-1.));
#4802=AXIS2_PLACEMENT_3D('',#4799,#4800,#4801);
#4803=PLANE('',#4802);
#4804=ORIENTED_EDGE('',*,*,#4723,.T.);
#4805=ORIENTED_EDGE('',*,*,#4752,.T.);
#4806=ORIENTED_EDGE('',*,*,#4776,.T.);
#4807=ORIENTED_EDGE('',*,*,#4793,.T.);
#4808=EDGE_LOOP('',(#4804,#4805,#4806,#4807));
#4809=FACE_BOUND('',#4808,.T.);
#4810=ADVANCED_FACE('',(#4809),#4803,.T.);
#4811=CARTESIAN_POINT('',(0.575,-0.51,-38.));
#4812=DIRECTION('',(1.,0.,0.));
#4813=DIRECTION('',(0.,0.,-1.));
#4814=AXIS2_PLACEMENT_3D('',#4811,#4812,#4813);
#4815=PLANE('',#4814);
#4816=ORIENTED_EDGE('',*,*,#454,.T.);
#4817=CARTESIAN_POINT('',(0.575,-0.51,-39.7));
#4818=VERTEX_POINT('',#4817);
#4819=CARTESIAN_POINT('',(0.575,-0.51,-39.7));
#4820=DIRECTION('',(0.,1.,0.));
#4821=VECTOR('',#4820,0.01);
#4822=LINE('',#4819,#4821);
#4823=EDGE_CURVE('',#4818,#441,#4822,.T.);
#4824=ORIENTED_EDGE('',*,*,#4823,.F.);
#4825=CARTESIAN_POINT('',(0.575,-0.51,-38.));
#4826=VERTEX_POINT('',#4825);
#4827=CARTESIAN_POINT('',(0.575,-0.51,-38.));
#4828=DIRECTION('',(0.,0.,-1.));
#4829=VECTOR('',#4828,1.7);
#4830=LINE('',#4827,#4829);
#4831=EDGE_CURVE('',#4826,#4818,#4830,.T.);
#4832=ORIENTED_EDGE('',*,*,#4831,.F.);
#4833=CARTESIAN_POINT('',(0.575,-0.51,-38.));
#4834=DIRECTION('',(0.,1.,0.));
#4835=VECTOR('',#4834,0.01);
#4836=LINE('',#4833,#4835);
#4837=EDGE_CURVE('',#4826,#449,#4836,.T.);
#4838=ORIENTED_EDGE('',*,*,#4837,.T.);
#4839=EDGE_LOOP('',(#4816,#4824,#4832,#4838));
#4840=FACE_BOUND('',#4839,.T.);
#4841=ADVANCED_FACE('',(#4840),#4815,.F.);
#4842=CARTESIAN_POINT('',(0.575,-0.51,-39.7));
#4843=DIRECTION('',(0.,0.,1.));
#4844=DIRECTION('',(1.,0.,0.));
#4845=AXIS2_PLACEMENT_3D('',#4842,#4843,#4844);
#4846=PLANE('',#4845);
#4847=ORIENTED_EDGE('',*,*,#2089,.T.);
#4848=CARTESIAN_POINT('',(0.925,-0.51,-39.7));
#4849=VERTEX_POINT('',#4848);
#4850=CARTESIAN_POINT('',(0.925,-0.51,-39.7));
#4851=DIRECTION('',(0.,1.,0.));
#4852=VECTOR('',#4851,0.01);
#4853=LINE('',#4850,#4852);
#4854=EDGE_CURVE('',#4849,#465,#4853,.T.);
#4855=ORIENTED_EDGE('',*,*,#4854,.F.);
#4856=CARTESIAN_POINT('',(0.575,-0.51,-39.7));
#4857=DIRECTION('',(1.,0.,-0.));
#4858=VECTOR('',#4857,0.35);
#4859=LINE('',#4856,#4858);
#4860=EDGE_CURVE('',#4818,#4849,#4859,.T.);
#4861=ORIENTED_EDGE('',*,*,#4860,.F.);
#4862=ORIENTED_EDGE('',*,*,#4823,.T.);
#4863=EDGE_LOOP('',(#4847,#4855,#4861,#4862));
#4864=FACE_BOUND('',#4863,.T.);
#4865=ADVANCED_FACE('',(#4864),#4846,.F.);
#4866=CARTESIAN_POINT('',(0.925,-0.51,-38.));
#4867=DIRECTION('',(-1.,0.,0.));
#4868=DIRECTION('',(0.,0.,1.));
#4869=AXIS2_PLACEMENT_3D('',#4866,#4867,#4868);
#4870=PLANE('',#4869);
#4871=ORIENTED_EDGE('',*,*,#470,.T.);
#4872=CARTESIAN_POINT('',(0.925,-0.51,-38.));
#4873=VERTEX_POINT('',#4872);
#4874=CARTESIAN_POINT('',(0.925,-0.51,-38.));
#4875=DIRECTION('',(0.,1.,0.));
#4876=VECTOR('',#4875,0.01);
#4877=LINE('',#4874,#4876);
#4878=EDGE_CURVE('',#4873,#457,#4877,.T.);
#4879=ORIENTED_EDGE('',*,*,#4878,.F.);
#4880=CARTESIAN_POINT('',(0.925,-0.51,-39.7));
#4881=DIRECTION('',(0.,0.,1.));
#4882=VECTOR('',#4881,1.7);
#4883=LINE('',#4880,#4882);
#4884=EDGE_CURVE('',#4849,#4873,#4883,.T.);
#4885=ORIENTED_EDGE('',*,*,#4884,.F.);
#4886=ORIENTED_EDGE('',*,*,#4854,.T.);
#4887=EDGE_LOOP('',(#4871,#4879,#4885,#4886));
#4888=FACE_BOUND('',#4887,.T.);
#4889=ADVANCED_FACE('',(#4888),#4870,.F.);
#4890=CARTESIAN_POINT('',(0.575,-0.51,-38.));
#4891=DIRECTION('',(0.,0.,-1.));
#4892=DIRECTION('',(-1.,0.,0.));
#4893=AXIS2_PLACEMENT_3D('',#4890,#4891,#4892);
#4894=PLANE('',#4893);
#4895=ORIENTED_EDGE('',*,*,#462,.T.);
#4896=ORIENTED_EDGE('',*,*,#4837,.F.);
#4897=CARTESIAN_POINT('',(0.925,-0.51,-38.));
#4898=DIRECTION('',(-1.,0.,0.));
#4899=VECTOR('',#4898,0.35);
#4900=LINE('',#4897,#4899);
#4901=EDGE_CURVE('',#4873,#4826,#4900,.T.);
#4902=ORIENTED_EDGE('',*,*,#4901,.F.);
#4903=ORIENTED_EDGE('',*,*,#4878,.T.);
#4904=EDGE_LOOP('',(#4895,#4896,#4902,#4903));
#4905=FACE_BOUND('',#4904,.T.);
#4906=ADVANCED_FACE('',(#4905),#4894,.F.);
#4907=CARTESIAN_POINT('',(0.,-0.51,0.));
#4908=DIRECTION('',(0.,-1.,0.));
#4909=DIRECTION('',(0.,0.,-1.));
#4910=AXIS2_PLACEMENT_3D('',#4907,#4908,#4909);
#4911=PLANE('',#4910);
#4912=ORIENTED_EDGE('',*,*,#4831,.T.);
#4913=ORIENTED_EDGE('',*,*,#4860,.T.);
#4914=ORIENTED_EDGE('',*,*,#4884,.T.);
#4915=ORIENTED_EDGE('',*,*,#4901,.T.);
#4916=EDGE_LOOP('',(#4912,#4913,#4914,#4915));
#4917=FACE_BOUND('',#4916,.T.);
#4918=ADVANCED_FACE('',(#4917),#4911,.T.);
#4919=CARTESIAN_POINT('',(0.075,-0.51,-38.));
#4920=DIRECTION('',(1.,0.,0.));
#4921=DIRECTION('',(0.,0.,-1.));
#4922=AXIS2_PLACEMENT_3D('',#4919,#4920,#4921);
#4923=PLANE('',#4922);
#4924=ORIENTED_EDGE('',*,*,#422,.T.);
#4925=CARTESIAN_POINT('',(0.075,-0.51,-39.7));
#4926=VERTEX_POINT('',#4925);
#4927=CARTESIAN_POINT('',(0.075,-0.51,-39.7));
#4928=DIRECTION('',(0.,1.,0.));
#4929=VECTOR('',#4928,0.01);
#4930=LINE('',#4927,#4929);
#4931=EDGE_CURVE('',#4926,#409,#4930,.T.);
#4932=ORIENTED_EDGE('',*,*,#4931,.F.);
#4933=CARTESIAN_POINT('',(0.075,-0.51,-38.));
#4934=VERTEX_POINT('',#4933);
#4935=CARTESIAN_POINT('',(0.075,-0.51,-38.));
#4936=DIRECTION('',(0.,0.,-1.));
#4937=VECTOR('',#4936,1.7);
#4938=LINE('',#4935,#4937);
#4939=EDGE_CURVE('',#4934,#4926,#4938,.T.);
#4940=ORIENTED_EDGE('',*,*,#4939,.F.);
#4941=CARTESIAN_POINT('',(0.075,-0.51,-38.));
#4942=DIRECTION('',(0.,1.,0.));
#4943=VECTOR('',#4942,0.01);
#4944=LINE('',#4941,#4943);
#4945=EDGE_CURVE('',#4934,#417,#4944,.T.);
#4946=ORIENTED_EDGE('',*,*,#4945,.T.);
#4947=EDGE_LOOP('',(#4924,#4932,#4940,#4946));
#4948=FACE_BOUND('',#4947,.T.);
#4949=ADVANCED_FACE('',(#4948),#4923,.F.);
#4950=CARTESIAN_POINT('',(0.075,-0.51,-39.7));
#4951=DIRECTION('',(0.,0.,1.));
#4952=DIRECTION('',(1.,0.,0.));
#4953=AXIS2_PLACEMENT_3D('',#4950,#4951,#4952);
#4954=PLANE('',#4953);
#4955=ORIENTED_EDGE('',*,*,#2096,.T.);
#4956=CARTESIAN_POINT('',(0.425,-0.51,-39.7));
#4957=VERTEX_POINT('',#4956);
#4958=CARTESIAN_POINT('',(0.425,-0.51,-39.7));
#4959=DIRECTION('',(0.,1.,0.));
#4960=VECTOR('',#4959,0.01);
#4961=LINE('',#4958,#4960);
#4962=EDGE_CURVE('',#4957,#433,#4961,.T.);
#4963=ORIENTED_EDGE('',*,*,#4962,.F.);
#4964=CARTESIAN_POINT('',(0.075,-0.51,-39.7));
#4965=DIRECTION('',(1.,0.,-0.));
#4966=VECTOR('',#4965,0.35);
#4967=LINE('',#4964,#4966);
#4968=EDGE_CURVE('',#4926,#4957,#4967,.T.);
#4969=ORIENTED_EDGE('',*,*,#4968,.F.);
#4970=ORIENTED_EDGE('',*,*,#4931,.T.);
#4971=EDGE_LOOP('',(#4955,#4963,#4969,#4970));
#4972=FACE_BOUND('',#4971,.T.);
#4973=ADVANCED_FACE('',(#4972),#4954,.F.);
#4974=CARTESIAN_POINT('',(0.425,-0.51,-38.));
#4975=DIRECTION('',(-1.,0.,0.));
#4976=DIRECTION('',(0.,0.,1.));
#4977=AXIS2_PLACEMENT_3D('',#4974,#4975,#4976);
#4978=PLANE('',#4977);
#4979=ORIENTED_EDGE('',*,*,#438,.T.);
#4980=CARTESIAN_POINT('',(0.425,-0.51,-38.));
#4981=VERTEX_POINT('',#4980);
#4982=CARTESIAN_POINT('',(0.425,-0.51,-38.));
#4983=DIRECTION('',(0.,1.,0.));
#4984=VECTOR('',#4983,0.01);
#4985=LINE('',#4982,#4984);
#4986=EDGE_CURVE('',#4981,#425,#4985,.T.);
#4987=ORIENTED_EDGE('',*,*,#4986,.F.);
#4988=CARTESIAN_POINT('',(0.425,-0.51,-39.7));
#4989=DIRECTION('',(0.,0.,1.));
#4990=VECTOR('',#4989,1.7);
#4991=LINE('',#4988,#4990);
#4992=EDGE_CURVE('',#4957,#4981,#4991,.T.);
#4993=ORIENTED_EDGE('',*,*,#4992,.F.);
#4994=ORIENTED_EDGE('',*,*,#4962,.T.);
#4995=EDGE_LOOP('',(#4979,#4987,#4993,#4994));
#4996=FACE_BOUND('',#4995,.T.);
#4997=ADVANCED_FACE('',(#4996),#4978,.F.);
#4998=CARTESIAN_POINT('',(0.075,-0.51,-38.));
#4999=DIRECTION('',(0.,0.,-1.));
#5000=DIRECTION('',(-1.,0.,0.));
#5001=AXIS2_PLACEMENT_3D('',#4998,#4999,#5000);
#5002=PLANE('',#5001);
#5003=ORIENTED_EDGE('',*,*,#430,.T.);
#5004=ORIENTED_EDGE('',*,*,#4945,.F.);
#5005=CARTESIAN_POINT('',(0.425,-0.51,-38.));
#5006=DIRECTION('',(-1.,0.,0.));
#5007=VECTOR('',#5006,0.35);
#5008=LINE('',#5005,#5007);
#5009=EDGE_CURVE('',#4981,#4934,#5008,.T.);
#5010=ORIENTED_EDGE('',*,*,#5009,.F.);
#5011=ORIENTED_EDGE('',*,*,#4986,.T.);
#5012=EDGE_LOOP('',(#5003,#5004,#5010,#5011));
#5013=FACE_BOUND('',#5012,.T.);
#5014=ADVANCED_FACE('',(#5013),#5002,.F.);
#5015=CARTESIAN_POINT('',(0.,-0.51,0.));
#5016=DIRECTION('',(0.,-1.,0.));
#5017=DIRECTION('',(0.,0.,-1.));
#5018=AXIS2_PLACEMENT_3D('',#5015,#5016,#5017);
#5019=PLANE('',#5018);
#5020=ORIENTED_EDGE('',*,*,#4939,.T.);
#5021=ORIENTED_EDGE('',*,*,#4968,.T.);
#5022=ORIENTED_EDGE('',*,*,#4992,.T.);
#5023=ORIENTED_EDGE('',*,*,#5009,.T.);
#5024=EDGE_LOOP('',(#5020,#5021,#5022,#5023));
#5025=FACE_BOUND('',#5024,.T.);
#5026=ADVANCED_FACE('',(#5025),#5019,.T.);
#5027=CARTESIAN_POINT('',(-0.425,-0.51,-38.));
#5028=DIRECTION('',(1.,0.,0.));
#5029=DIRECTION('',(0.,0.,-1.));
#5030=AXIS2_PLACEMENT_3D('',#5027,#5028,#5029);
#5031=PLANE('',#5030);
#5032=ORIENTED_EDGE('',*,*,#390,.T.);
#5033=CARTESIAN_POINT('',(-0.425,-0.51,-39.7));
#5034=VERTEX_POINT('',#5033);
#5035=CARTESIAN_POINT('',(-0.425,-0.51,-39.7));
#5036=DIRECTION('',(0.,1.,0.));
#5037=VECTOR('',#5036,0.01);
#5038=LINE('',#5035,#5037);
#5039=EDGE_CURVE('',#5034,#377,#5038,.T.);
#5040=ORIENTED_EDGE('',*,*,#5039,.F.);
#5041=CARTESIAN_POINT('',(-0.425,-0.51,-38.));
#5042=VERTEX_POINT('',#5041);
#5043=CARTESIAN_POINT('',(-0.425,-0.51,-38.));
#5044=DIRECTION('',(0.,0.,-1.));
#5045=VECTOR('',#5044,1.7);
#5046=LINE('',#5043,#5045);
#5047=EDGE_CURVE('',#5042,#5034,#5046,.T.);
#5048=ORIENTED_EDGE('',*,*,#5047,.F.);
#5049=CARTESIAN_POINT('',(-0.425,-0.51,-38.));
#5050=DIRECTION('',(0.,1.,0.));
#5051=VECTOR('',#5050,0.01);
#5052=LINE('',#5049,#5051);
#5053=EDGE_CURVE('',#5042,#385,#5052,.T.);
#5054=ORIENTED_EDGE('',*,*,#5053,.T.);
#5055=EDGE_LOOP('',(#5032,#5040,#5048,#5054));
#5056=FACE_BOUND('',#5055,.T.);
#5057=ADVANCED_FACE('',(#5056),#5031,.F.);
#5058=CARTESIAN_POINT('',(-0.425,-0.51,-39.7));
#5059=DIRECTION('',(0.,0.,1.));
#5060=DIRECTION('',(1.,0.,0.));
#5061=AXIS2_PLACEMENT_3D('',#5058,#5059,#5060);
#5062=PLANE('',#5061);
#5063=ORIENTED_EDGE('',*,*,#2103,.T.);
#5064=CARTESIAN_POINT('',(-0.075,-0.51,-39.7));
#5065=VERTEX_POINT('',#5064);
#5066=CARTESIAN_POINT('',(-0.075,-0.51,-39.7));
#5067=DIRECTION('',(0.,1.,0.));
#5068=VECTOR('',#5067,0.01);
#5069=LINE('',#5066,#5068);
#5070=EDGE_CURVE('',#5065,#401,#5069,.T.);
#5071=ORIENTED_EDGE('',*,*,#5070,.F.);
#5072=CARTESIAN_POINT('',(-0.425,-0.51,-39.7));
#5073=DIRECTION('',(1.,0.,-0.));
#5074=VECTOR('',#5073,0.35);
#5075=LINE('',#5072,#5074);
#5076=EDGE_CURVE('',#5034,#5065,#5075,.T.);
#5077=ORIENTED_EDGE('',*,*,#5076,.F.);
#5078=ORIENTED_EDGE('',*,*,#5039,.T.);
#5079=EDGE_LOOP('',(#5063,#5071,#5077,#5078));
#5080=FACE_BOUND('',#5079,.T.);
#5081=ADVANCED_FACE('',(#5080),#5062,.F.);
#5082=CARTESIAN_POINT('',(-0.075,-0.51,-38.));
#5083=DIRECTION('',(-1.,0.,0.));
#5084=DIRECTION('',(0.,0.,1.));
#5085=AXIS2_PLACEMENT_3D('',#5082,#5083,#5084);
#5086=PLANE('',#5085);
#5087=ORIENTED_EDGE('',*,*,#406,.T.);
#5088=CARTESIAN_POINT('',(-0.075,-0.51,-38.));
#5089=VERTEX_POINT('',#5088);
#5090=CARTESIAN_POINT('',(-0.075,-0.51,-38.));
#5091=DIRECTION('',(0.,1.,0.));
#5092=VECTOR('',#5091,0.01);
#5093=LINE('',#5090,#5092);
#5094=EDGE_CURVE('',#5089,#393,#5093,.T.);
#5095=ORIENTED_EDGE('',*,*,#5094,.F.);
#5096=CARTESIAN_POINT('',(-0.075,-0.51,-39.7));
#5097=DIRECTION('',(0.,0.,1.));
#5098=VECTOR('',#5097,1.7);
#5099=LINE('',#5096,#5098);
#5100=EDGE_CURVE('',#5065,#5089,#5099,.T.);
#5101=ORIENTED_EDGE('',*,*,#5100,.F.);
#5102=ORIENTED_EDGE('',*,*,#5070,.T.);
#5103=EDGE_LOOP('',(#5087,#5095,#5101,#5102));
#5104=FACE_BOUND('',#5103,.T.);
#5105=ADVANCED_FACE('',(#5104),#5086,.F.);
#5106=CARTESIAN_POINT('',(-0.425,-0.51,-38.));
#5107=DIRECTION('',(0.,0.,-1.));
#5108=DIRECTION('',(-1.,0.,0.));
#5109=AXIS2_PLACEMENT_3D('',#5106,#5107,#5108);
#5110=PLANE('',#5109);
#5111=ORIENTED_EDGE('',*,*,#398,.T.);
#5112=ORIENTED_EDGE('',*,*,#5053,.F.);
#5113=CARTESIAN_POINT('',(-0.075,-0.51,-38.));
#5114=DIRECTION('',(-1.,0.,0.));
#5115=VECTOR('',#5114,0.35);
#5116=LINE('',#5113,#5115);
#5117=EDGE_CURVE('',#5089,#5042,#5116,.T.);
#5118=ORIENTED_EDGE('',*,*,#5117,.F.);
#5119=ORIENTED_EDGE('',*,*,#5094,.T.);
#5120=EDGE_LOOP('',(#5111,#5112,#5118,#5119));
#5121=FACE_BOUND('',#5120,.T.);
#5122=ADVANCED_FACE('',(#5121),#5110,.F.);
#5123=CARTESIAN_POINT('',(0.,-0.51,0.));
#5124=DIRECTION('',(0.,-1.,0.));
#5125=DIRECTION('',(0.,0.,-1.));
#5126=AXIS2_PLACEMENT_3D('',#5123,#5124,#5125);
#5127=PLANE('',#5126);
#5128=ORIENTED_EDGE('',*,*,#5047,.T.);
#5129=ORIENTED_EDGE('',*,*,#5076,.T.);
#5130=ORIENTED_EDGE('',*,*,#5100,.T.);
#5131=ORIENTED_EDGE('',*,*,#5117,.T.);
#5132=EDGE_LOOP('',(#5128,#5129,#5130,#5131));
#5133=FACE_BOUND('',#5132,.T.);
#5134=ADVANCED_FACE('',(#5133),#5127,.T.);
#5135=CARTESIAN_POINT('',(-0.925,-0.51,-38.));
#5136=DIRECTION('',(1.,0.,0.));
#5137=DIRECTION('',(0.,0.,-1.));
#5138=AXIS2_PLACEMENT_3D('',#5135,#5136,#5137);
#5139=PLANE('',#5138);
#5140=ORIENTED_EDGE('',*,*,#358,.T.);
#5141=CARTESIAN_POINT('',(-0.925,-0.51,-39.7));
#5142=VERTEX_POINT('',#5141);
#5143=CARTESIAN_POINT('',(-0.925,-0.51,-39.7));
#5144=DIRECTION('',(0.,1.,0.));
#5145=VECTOR('',#5144,0.01);
#5146=LINE('',#5143,#5145);
#5147=EDGE_CURVE('',#5142,#345,#5146,.T.);
#5148=ORIENTED_EDGE('',*,*,#5147,.F.);
#5149=CARTESIAN_POINT('',(-0.925,-0.51,-38.));
#5150=VERTEX_POINT('',#5149);
#5151=CARTESIAN_POINT('',(-0.925,-0.51,-38.));
#5152=DIRECTION('',(0.,0.,-1.));
#5153=VECTOR('',#5152,1.7);
#5154=LINE('',#5151,#5153);
#5155=EDGE_CURVE('',#5150,#5142,#5154,.T.);
#5156=ORIENTED_EDGE('',*,*,#5155,.F.);
#5157=CARTESIAN_POINT('',(-0.925,-0.51,-38.));
#5158=DIRECTION('',(0.,1.,0.));
#5159=VECTOR('',#5158,0.01);
#5160=LINE('',#5157,#5159);
#5161=EDGE_CURVE('',#5150,#353,#5160,.T.);
#5162=ORIENTED_EDGE('',*,*,#5161,.T.);
#5163=EDGE_LOOP('',(#5140,#5148,#5156,#5162));
#5164=FACE_BOUND('',#5163,.T.);
#5165=ADVANCED_FACE('',(#5164),#5139,.F.);
#5166=CARTESIAN_POINT('',(-0.925,-0.51,-39.7));
#5167=DIRECTION('',(0.,0.,1.));
#5168=DIRECTION('',(1.,0.,0.));
#5169=AXIS2_PLACEMENT_3D('',#5166,#5167,#5168);
#5170=PLANE('',#5169);
#5171=ORIENTED_EDGE('',*,*,#2110,.T.);
#5172=CARTESIAN_POINT('',(-0.575,-0.51,-39.7));
#5173=VERTEX_POINT('',#5172);
#5174=CARTESIAN_POINT('',(-0.575,-0.51,-39.7));
#5175=DIRECTION('',(0.,1.,0.));
#5176=VECTOR('',#5175,0.01);
#5177=LINE('',#5174,#5176);
#5178=EDGE_CURVE('',#5173,#369,#5177,.T.);
#5179=ORIENTED_EDGE('',*,*,#5178,.F.);
#5180=CARTESIAN_POINT('',(-0.925,-0.51,-39.7));
#5181=DIRECTION('',(1.,0.,-0.));
#5182=VECTOR('',#5181,0.35);
#5183=LINE('',#5180,#5182);
#5184=EDGE_CURVE('',#5142,#5173,#5183,.T.);
#5185=ORIENTED_EDGE('',*,*,#5184,.F.);
#5186=ORIENTED_EDGE('',*,*,#5147,.T.);
#5187=EDGE_LOOP('',(#5171,#5179,#5185,#5186));
#5188=FACE_BOUND('',#5187,.T.);
#5189=ADVANCED_FACE('',(#5188),#5170,.F.);
#5190=CARTESIAN_POINT('',(-0.575,-0.51,-38.));
#5191=DIRECTION('',(-1.,0.,0.));
#5192=DIRECTION('',(0.,0.,1.));
#5193=AXIS2_PLACEMENT_3D('',#5190,#5191,#5192);
#5194=PLANE('',#5193);
#5195=ORIENTED_EDGE('',*,*,#374,.T.);
#5196=CARTESIAN_POINT('',(-0.575,-0.51,-38.));
#5197=VERTEX_POINT('',#5196);
#5198=CARTESIAN_POINT('',(-0.575,-0.51,-38.));
#5199=DIRECTION('',(0.,1.,0.));
#5200=VECTOR('',#5199,0.01);
#5201=LINE('',#5198,#5200);
#5202=EDGE_CURVE('',#5197,#361,#5201,.T.);
#5203=ORIENTED_EDGE('',*,*,#5202,.F.);
#5204=CARTESIAN_POINT('',(-0.575,-0.51,-39.7));
#5205=DIRECTION('',(0.,0.,1.));
#5206=VECTOR('',#5205,1.7);
#5207=LINE('',#5204,#5206);
#5208=EDGE_CURVE('',#5173,#5197,#5207,.T.);
#5209=ORIENTED_EDGE('',*,*,#5208,.F.);
#5210=ORIENTED_EDGE('',*,*,#5178,.T.);
#5211=EDGE_LOOP('',(#5195,#5203,#5209,#5210));
#5212=FACE_BOUND('',#5211,.T.);
#5213=ADVANCED_FACE('',(#5212),#5194,.F.);
#5214=CARTESIAN_POINT('',(-0.925,-0.51,-38.));
#5215=DIRECTION('',(0.,0.,-1.));
#5216=DIRECTION('',(-1.,0.,0.));
#5217=AXIS2_PLACEMENT_3D('',#5214,#5215,#5216);
#5218=PLANE('',#5217);
#5219=ORIENTED_EDGE('',*,*,#366,.T.);
#5220=ORIENTED_EDGE('',*,*,#5161,.F.);
#5221=CARTESIAN_POINT('',(-0.575,-0.51,-38.));
#5222=DIRECTION('',(-1.,0.,0.));
#5223=VECTOR('',#5222,0.35);
#5224=LINE('',#5221,#5223);
#5225=EDGE_CURVE('',#5197,#5150,#5224,.T.);
#5226=ORIENTED_EDGE('',*,*,#5225,.F.);
#5227=ORIENTED_EDGE('',*,*,#5202,.T.);
#5228=EDGE_LOOP('',(#5219,#5220,#5226,#5227));
#5229=FACE_BOUND('',#5228,.T.);
#5230=ADVANCED_FACE('',(#5229),#5218,.F.);
#5231=CARTESIAN_POINT('',(0.,-0.51,0.));
#5232=DIRECTION('',(0.,-1.,0.));
#5233=DIRECTION('',(0.,0.,-1.));
#5234=AXIS2_PLACEMENT_3D('',#5231,#5232,#5233);
#5235=PLANE('',#5234);
#5236=ORIENTED_EDGE('',*,*,#5155,.T.);
#5237=ORIENTED_EDGE('',*,*,#5184,.T.);
#5238=ORIENTED_EDGE('',*,*,#5208,.T.);
#5239=ORIENTED_EDGE('',*,*,#5225,.T.);
#5240=EDGE_LOOP('',(#5236,#5237,#5238,#5239));
#5241=FACE_BOUND('',#5240,.T.);
#5242=ADVANCED_FACE('',(#5241),#5235,.T.);
#5243=CARTESIAN_POINT('',(-1.425,-0.51,-38.));
#5244=DIRECTION('',(1.,0.,0.));
#5245=DIRECTION('',(0.,0.,-1.));
#5246=AXIS2_PLACEMENT_3D('',#5243,#5244,#5245);
#5247=PLANE('',#5246);
#5248=ORIENTED_EDGE('',*,*,#326,.T.);
#5249=CARTESIAN_POINT('',(-1.425,-0.51,-39.7));
#5250=VERTEX_POINT('',#5249);
#5251=CARTESIAN_POINT('',(-1.425,-0.51,-39.7));
#5252=DIRECTION('',(0.,1.,0.));
#5253=VECTOR('',#5252,0.01);
#5254=LINE('',#5251,#5253);
#5255=EDGE_CURVE('',#5250,#313,#5254,.T.);
#5256=ORIENTED_EDGE('',*,*,#5255,.F.);
#5257=CARTESIAN_POINT('',(-1.425,-0.51,-38.));
#5258=VERTEX_POINT('',#5257);
#5259=CARTESIAN_POINT('',(-1.425,-0.51,-38.));
#5260=DIRECTION('',(0.,0.,-1.));
#5261=VECTOR('',#5260,1.7);
#5262=LINE('',#5259,#5261);
#5263=EDGE_CURVE('',#5258,#5250,#5262,.T.);
#5264=ORIENTED_EDGE('',*,*,#5263,.F.);
#5265=CARTESIAN_POINT('',(-1.425,-0.51,-38.));
#5266=DIRECTION('',(0.,1.,0.));
#5267=VECTOR('',#5266,0.01);
#5268=LINE('',#5265,#5267);
#5269=EDGE_CURVE('',#5258,#321,#5268,.T.);
#5270=ORIENTED_EDGE('',*,*,#5269,.T.);
#5271=EDGE_LOOP('',(#5248,#5256,#5264,#5270));
#5272=FACE_BOUND('',#5271,.T.);
#5273=ADVANCED_FACE('',(#5272),#5247,.F.);
#5274=CARTESIAN_POINT('',(-1.425,-0.51,-39.7));
#5275=DIRECTION('',(0.,0.,1.));
#5276=DIRECTION('',(1.,0.,0.));
#5277=AXIS2_PLACEMENT_3D('',#5274,#5275,#5276);
#5278=PLANE('',#5277);
#5279=ORIENTED_EDGE('',*,*,#2117,.T.);
#5280=CARTESIAN_POINT('',(-1.075,-0.51,-39.7));
#5281=VERTEX_POINT('',#5280);
#5282=CARTESIAN_POINT('',(-1.075,-0.51,-39.7));
#5283=DIRECTION('',(0.,1.,0.));
#5284=VECTOR('',#5283,0.01);
#5285=LINE('',#5282,#5284);
#5286=EDGE_CURVE('',#5281,#337,#5285,.T.);
#5287=ORIENTED_EDGE('',*,*,#5286,.F.);
#5288=CARTESIAN_POINT('',(-1.425,-0.51,-39.7));
#5289=DIRECTION('',(1.,0.,-0.));
#5290=VECTOR('',#5289,0.35);
#5291=LINE('',#5288,#5290);
#5292=EDGE_CURVE('',#5250,#5281,#5291,.T.);
#5293=ORIENTED_EDGE('',*,*,#5292,.F.);
#5294=ORIENTED_EDGE('',*,*,#5255,.T.);
#5295=EDGE_LOOP('',(#5279,#5287,#5293,#5294));
#5296=FACE_BOUND('',#5295,.T.);
#5297=ADVANCED_FACE('',(#5296),#5278,.F.);
#5298=CARTESIAN_POINT('',(-1.075,-0.51,-38.));
#5299=DIRECTION('',(-1.,0.,0.));
#5300=DIRECTION('',(0.,0.,1.));
#5301=AXIS2_PLACEMENT_3D('',#5298,#5299,#5300);
#5302=PLANE('',#5301);
#5303=ORIENTED_EDGE('',*,*,#342,.T.);
#5304=CARTESIAN_POINT('',(-1.075,-0.51,-38.));
#5305=VERTEX_POINT('',#5304);
#5306=CARTESIAN_POINT('',(-1.075,-0.51,-38.));
#5307=DIRECTION('',(0.,1.,0.));
#5308=VECTOR('',#5307,0.01);
#5309=LINE('',#5306,#5308);
#5310=EDGE_CURVE('',#5305,#329,#5309,.T.);
#5311=ORIENTED_EDGE('',*,*,#5310,.F.);
#5312=CARTESIAN_POINT('',(-1.075,-0.51,-39.7));
#5313=DIRECTION('',(0.,0.,1.));
#5314=VECTOR('',#5313,1.7);
#5315=LINE('',#5312,#5314);
#5316=EDGE_CURVE('',#5281,#5305,#5315,.T.);
#5317=ORIENTED_EDGE('',*,*,#5316,.F.);
#5318=ORIENTED_EDGE('',*,*,#5286,.T.);
#5319=EDGE_LOOP('',(#5303,#5311,#5317,#5318));
#5320=FACE_BOUND('',#5319,.T.);
#5321=ADVANCED_FACE('',(#5320),#5302,.F.);
#5322=CARTESIAN_POINT('',(-1.425,-0.51,-38.));
#5323=DIRECTION('',(0.,0.,-1.));
#5324=DIRECTION('',(-1.,0.,0.));
#5325=AXIS2_PLACEMENT_3D('',#5322,#5323,#5324);
#5326=PLANE('',#5325);
#5327=ORIENTED_EDGE('',*,*,#334,.T.);
#5328=ORIENTED_EDGE('',*,*,#5269,.F.);
#5329=CARTESIAN_POINT('',(-1.075,-0.51,-38.));
#5330=DIRECTION('',(-1.,0.,0.));
#5331=VECTOR('',#5330,0.35);
#5332=LINE('',#5329,#5331);
#5333=EDGE_CURVE('',#5305,#5258,#5332,.T.);
#5334=ORIENTED_EDGE('',*,*,#5333,.F.);
#5335=ORIENTED_EDGE('',*,*,#5310,.T.);
#5336=EDGE_LOOP('',(#5327,#5328,#5334,#5335));
#5337=FACE_BOUND('',#5336,.T.);
#5338=ADVANCED_FACE('',(#5337),#5326,.F.);
#5339=CARTESIAN_POINT('',(0.,-0.51,0.));
#5340=DIRECTION('',(0.,-1.,0.));
#5341=DIRECTION('',(0.,0.,-1.));
#5342=AXIS2_PLACEMENT_3D('',#5339,#5340,#5341);
#5343=PLANE('',#5342);
#5344=ORIENTED_EDGE('',*,*,#5263,.T.);
#5345=ORIENTED_EDGE('',*,*,#5292,.T.);
#5346=ORIENTED_EDGE('',*,*,#5316,.T.);
#5347=ORIENTED_EDGE('',*,*,#5333,.T.);
#5348=EDGE_LOOP('',(#5344,#5345,#5346,#5347));
#5349=FACE_BOUND('',#5348,.T.);
#5350=ADVANCED_FACE('',(#5349),#5343,.T.);
#5351=CARTESIAN_POINT('',(-1.925,-0.51,-38.));
#5352=DIRECTION('',(1.,0.,0.));
#5353=DIRECTION('',(0.,0.,-1.));
#5354=AXIS2_PLACEMENT_3D('',#5351,#5352,#5353);
#5355=PLANE('',#5354);
#5356=ORIENTED_EDGE('',*,*,#294,.T.);
#5357=CARTESIAN_POINT('',(-1.925,-0.51,-39.7));
#5358=VERTEX_POINT('',#5357);
#5359=CARTESIAN_POINT('',(-1.925,-0.51,-39.7));
#5360=DIRECTION('',(0.,1.,0.));
#5361=VECTOR('',#5360,0.01);
#5362=LINE('',#5359,#5361);
#5363=EDGE_CURVE('',#5358,#281,#5362,.T.);
#5364=ORIENTED_EDGE('',*,*,#5363,.F.);
#5365=CARTESIAN_POINT('',(-1.925,-0.51,-38.));
#5366=VERTEX_POINT('',#5365);
#5367=CARTESIAN_POINT('',(-1.925,-0.51,-38.));
#5368=DIRECTION('',(0.,0.,-1.));
#5369=VECTOR('',#5368,1.7);
#5370=LINE('',#5367,#5369);
#5371=EDGE_CURVE('',#5366,#5358,#5370,.T.);
#5372=ORIENTED_EDGE('',*,*,#5371,.F.);
#5373=CARTESIAN_POINT('',(-1.925,-0.51,-38.));
#5374=DIRECTION('',(0.,1.,0.));
#5375=VECTOR('',#5374,0.01);
#5376=LINE('',#5373,#5375);
#5377=EDGE_CURVE('',#5366,#289,#5376,.T.);
#5378=ORIENTED_EDGE('',*,*,#5377,.T.);
#5379=EDGE_LOOP('',(#5356,#5364,#5372,#5378));
#5380=FACE_BOUND('',#5379,.T.);
#5381=ADVANCED_FACE('',(#5380),#5355,.F.);
#5382=CARTESIAN_POINT('',(-1.925,-0.51,-39.7));
#5383=DIRECTION('',(0.,0.,1.));
#5384=DIRECTION('',(1.,0.,0.));
#5385=AXIS2_PLACEMENT_3D('',#5382,#5383,#5384);
#5386=PLANE('',#5385);
#5387=ORIENTED_EDGE('',*,*,#2124,.T.);
#5388=CARTESIAN_POINT('',(-1.575,-0.51,-39.7));
#5389=VERTEX_POINT('',#5388);
#5390=CARTESIAN_POINT('',(-1.575,-0.51,-39.7));
#5391=DIRECTION('',(0.,1.,0.));
#5392=VECTOR('',#5391,0.01);
#5393=LINE('',#5390,#5392);
#5394=EDGE_CURVE('',#5389,#305,#5393,.T.);
#5395=ORIENTED_EDGE('',*,*,#5394,.F.);
#5396=CARTESIAN_POINT('',(-1.925,-0.51,-39.7));
#5397=DIRECTION('',(1.,0.,-0.));
#5398=VECTOR('',#5397,0.35);
#5399=LINE('',#5396,#5398);
#5400=EDGE_CURVE('',#5358,#5389,#5399,.T.);
#5401=ORIENTED_EDGE('',*,*,#5400,.F.);
#5402=ORIENTED_EDGE('',*,*,#5363,.T.);
#5403=EDGE_LOOP('',(#5387,#5395,#5401,#5402));
#5404=FACE_BOUND('',#5403,.T.);
#5405=ADVANCED_FACE('',(#5404),#5386,.F.);
#5406=CARTESIAN_POINT('',(-1.575,-0.51,-38.));
#5407=DIRECTION('',(-1.,0.,0.));
#5408=DIRECTION('',(0.,0.,1.));
#5409=AXIS2_PLACEMENT_3D('',#5406,#5407,#5408);
#5410=PLANE('',#5409);
#5411=ORIENTED_EDGE('',*,*,#310,.T.);
#5412=CARTESIAN_POINT('',(-1.575,-0.51,-38.));
#5413=VERTEX_POINT('',#5412);
#5414=CARTESIAN_POINT('',(-1.575,-0.51,-38.));
#5415=DIRECTION('',(0.,1.,0.));
#5416=VECTOR('',#5415,0.01);
#5417=LINE('',#5414,#5416);
#5418=EDGE_CURVE('',#5413,#297,#5417,.T.);
#5419=ORIENTED_EDGE('',*,*,#5418,.F.);
#5420=CARTESIAN_POINT('',(-1.575,-0.51,-39.7));
#5421=DIRECTION('',(0.,0.,1.));
#5422=VECTOR('',#5421,1.7);
#5423=LINE('',#5420,#5422);
#5424=EDGE_CURVE('',#5389,#5413,#5423,.T.);
#5425=ORIENTED_EDGE('',*,*,#5424,.F.);
#5426=ORIENTED_EDGE('',*,*,#5394,.T.);
#5427=EDGE_LOOP('',(#5411,#5419,#5425,#5426));
#5428=FACE_BOUND('',#5427,.T.);
#5429=ADVANCED_FACE('',(#5428),#5410,.F.);
#5430=CARTESIAN_POINT('',(-1.925,-0.51,-38.));
#5431=DIRECTION('',(0.,0.,-1.));
#5432=DIRECTION('',(-1.,0.,0.));
#5433=AXIS2_PLACEMENT_3D('',#5430,#5431,#5432);
#5434=PLANE('',#5433);
#5435=ORIENTED_EDGE('',*,*,#302,.T.);
#5436=ORIENTED_EDGE('',*,*,#5377,.F.);
#5437=CARTESIAN_POINT('',(-1.575,-0.51,-38.));
#5438=DIRECTION('',(-1.,0.,0.));
#5439=VECTOR('',#5438,0.35);
#5440=LINE('',#5437,#5439);
#5441=EDGE_CURVE('',#5413,#5366,#5440,.T.);
#5442=ORIENTED_EDGE('',*,*,#5441,.F.);
#5443=ORIENTED_EDGE('',*,*,#5418,.T.);
#5444=EDGE_LOOP('',(#5435,#5436,#5442,#5443));
#5445=FACE_BOUND('',#5444,.T.);
#5446=ADVANCED_FACE('',(#5445),#5434,.F.);
#5447=CARTESIAN_POINT('',(0.,-0.51,0.));
#5448=DIRECTION('',(0.,-1.,0.));
#5449=DIRECTION('',(0.,0.,-1.));
#5450=AXIS2_PLACEMENT_3D('',#5447,#5448,#5449);
#5451=PLANE('',#5450);
#5452=ORIENTED_EDGE('',*,*,#5371,.T.);
#5453=ORIENTED_EDGE('',*,*,#5400,.T.);
#5454=ORIENTED_EDGE('',*,*,#5424,.T.);
#5455=ORIENTED_EDGE('',*,*,#5441,.T.);
#5456=EDGE_LOOP('',(#5452,#5453,#5454,#5455));
#5457=FACE_BOUND('',#5456,.T.);
#5458=ADVANCED_FACE('',(#5457),#5451,.T.);
#5459=CARTESIAN_POINT('',(-2.425,-0.51,-38.));
#5460=DIRECTION('',(1.,0.,0.));
#5461=DIRECTION('',(0.,0.,-1.));
#5462=AXIS2_PLACEMENT_3D('',#5459,#5460,#5461);
#5463=PLANE('',#5462);
#5464=ORIENTED_EDGE('',*,*,#262,.T.);
#5465=CARTESIAN_POINT('',(-2.425,-0.51,-39.7));
#5466=VERTEX_POINT('',#5465);
#5467=CARTESIAN_POINT('',(-2.425,-0.51,-39.7));
#5468=DIRECTION('',(0.,1.,0.));
#5469=VECTOR('',#5468,0.01);
#5470=LINE('',#5467,#5469);
#5471=EDGE_CURVE('',#5466,#249,#5470,.T.);
#5472=ORIENTED_EDGE('',*,*,#5471,.F.);
#5473=CARTESIAN_POINT('',(-2.425,-0.51,-38.));
#5474=VERTEX_POINT('',#5473);
#5475=CARTESIAN_POINT('',(-2.425,-0.51,-38.));
#5476=DIRECTION('',(0.,0.,-1.));
#5477=VECTOR('',#5476,1.7);
#5478=LINE('',#5475,#5477);
#5479=EDGE_CURVE('',#5474,#5466,#5478,.T.);
#5480=ORIENTED_EDGE('',*,*,#5479,.F.);
#5481=CARTESIAN_POINT('',(-2.425,-0.51,-38.));
#5482=DIRECTION('',(0.,1.,0.));
#5483=VECTOR('',#5482,0.01);
#5484=LINE('',#5481,#5483);
#5485=EDGE_CURVE('',#5474,#257,#5484,.T.);
#5486=ORIENTED_EDGE('',*,*,#5485,.T.);
#5487=EDGE_LOOP('',(#5464,#5472,#5480,#5486));
#5488=FACE_BOUND('',#5487,.T.);
#5489=ADVANCED_FACE('',(#5488),#5463,.F.);
#5490=CARTESIAN_POINT('',(-2.425,-0.51,-39.7));
#5491=DIRECTION('',(0.,0.,1.));
#5492=DIRECTION('',(1.,0.,0.));
#5493=AXIS2_PLACEMENT_3D('',#5490,#5491,#5492);
#5494=PLANE('',#5493);
#5495=ORIENTED_EDGE('',*,*,#2131,.T.);
#5496=CARTESIAN_POINT('',(-2.075,-0.51,-39.7));
#5497=VERTEX_POINT('',#5496);
#5498=CARTESIAN_POINT('',(-2.075,-0.51,-39.7));
#5499=DIRECTION('',(0.,1.,0.));
#5500=VECTOR('',#5499,0.01);
#5501=LINE('',#5498,#5500);
#5502=EDGE_CURVE('',#5497,#273,#5501,.T.);
#5503=ORIENTED_EDGE('',*,*,#5502,.F.);
#5504=CARTESIAN_POINT('',(-2.425,-0.51,-39.7));
#5505=DIRECTION('',(1.,0.,-0.));
#5506=VECTOR('',#5505,0.35);
#5507=LINE('',#5504,#5506);
#5508=EDGE_CURVE('',#5466,#5497,#5507,.T.);
#5509=ORIENTED_EDGE('',*,*,#5508,.F.);
#5510=ORIENTED_EDGE('',*,*,#5471,.T.);
#5511=EDGE_LOOP('',(#5495,#5503,#5509,#5510));
#5512=FACE_BOUND('',#5511,.T.);
#5513=ADVANCED_FACE('',(#5512),#5494,.F.);
#5514=CARTESIAN_POINT('',(-2.075,-0.51,-38.));
#5515=DIRECTION('',(-1.,0.,0.));
#5516=DIRECTION('',(0.,0.,1.));
#5517=AXIS2_PLACEMENT_3D('',#5514,#5515,#5516);
#5518=PLANE('',#5517);
#5519=ORIENTED_EDGE('',*,*,#278,.T.);
#5520=CARTESIAN_POINT('',(-2.075,-0.51,-38.));
#5521=VERTEX_POINT('',#5520);
#5522=CARTESIAN_POINT('',(-2.075,-0.51,-38.));
#5523=DIRECTION('',(0.,1.,0.));
#5524=VECTOR('',#5523,0.01);
#5525=LINE('',#5522,#5524);
#5526=EDGE_CURVE('',#5521,#265,#5525,.T.);
#5527=ORIENTED_EDGE('',*,*,#5526,.F.);
#5528=CARTESIAN_POINT('',(-2.075,-0.51,-39.7));
#5529=DIRECTION('',(0.,0.,1.));
#5530=VECTOR('',#5529,1.7);
#5531=LINE('',#5528,#5530);
#5532=EDGE_CURVE('',#5497,#5521,#5531,.T.);
#5533=ORIENTED_EDGE('',*,*,#5532,.F.);
#5534=ORIENTED_EDGE('',*,*,#5502,.T.);
#5535=EDGE_LOOP('',(#5519,#5527,#5533,#5534));
#5536=FACE_BOUND('',#5535,.T.);
#5537=ADVANCED_FACE('',(#5536),#5518,.F.);
#5538=CARTESIAN_POINT('',(-2.425,-0.51,-38.));
#5539=DIRECTION('',(0.,0.,-1.));
#5540=DIRECTION('',(-1.,0.,0.));
#5541=AXIS2_PLACEMENT_3D('',#5538,#5539,#5540);
#5542=PLANE('',#5541);
#5543=ORIENTED_EDGE('',*,*,#270,.T.);
#5544=ORIENTED_EDGE('',*,*,#5485,.F.);
#5545=CARTESIAN_POINT('',(-2.075,-0.51,-38.));
#5546=DIRECTION('',(-1.,0.,0.));
#5547=VECTOR('',#5546,0.35);
#5548=LINE('',#5545,#5547);
#5549=EDGE_CURVE('',#5521,#5474,#5548,.T.);
#5550=ORIENTED_EDGE('',*,*,#5549,.F.);
#5551=ORIENTED_EDGE('',*,*,#5526,.T.);
#5552=EDGE_LOOP('',(#5543,#5544,#5550,#5551));
#5553=FACE_BOUND('',#5552,.T.);
#5554=ADVANCED_FACE('',(#5553),#5542,.F.);
#5555=CARTESIAN_POINT('',(0.,-0.51,0.));
#5556=DIRECTION('',(0.,-1.,0.));
#5557=DIRECTION('',(0.,0.,-1.));
#5558=AXIS2_PLACEMENT_3D('',#5555,#5556,#5557);
#5559=PLANE('',#5558);
#5560=ORIENTED_EDGE('',*,*,#5479,.T.);
#5561=ORIENTED_EDGE('',*,*,#5508,.T.);
#5562=ORIENTED_EDGE('',*,*,#5532,.T.);
#5563=ORIENTED_EDGE('',*,*,#5549,.T.);
#5564=EDGE_LOOP('',(#5560,#5561,#5562,#5563));
#5565=FACE_BOUND('',#5564,.T.);
#5566=ADVANCED_FACE('',(#5565),#5559,.T.);
#5567=CARTESIAN_POINT('',(-2.925,-0.51,-38.));
#5568=DIRECTION('',(1.,0.,0.));
#5569=DIRECTION('',(0.,0.,-1.));
#5570=AXIS2_PLACEMENT_3D('',#5567,#5568,#5569);
#5571=PLANE('',#5570);
#5572=ORIENTED_EDGE('',*,*,#230,.T.);
#5573=CARTESIAN_POINT('',(-2.925,-0.51,-39.7));
#5574=VERTEX_POINT('',#5573);
#5575=CARTESIAN_POINT('',(-2.925,-0.51,-39.7));
#5576=DIRECTION('',(0.,1.,0.));
#5577=VECTOR('',#5576,0.01);
#5578=LINE('',#5575,#5577);
#5579=EDGE_CURVE('',#5574,#217,#5578,.T.);
#5580=ORIENTED_EDGE('',*,*,#5579,.F.);
#5581=CARTESIAN_POINT('',(-2.925,-0.51,-38.));
#5582=VERTEX_POINT('',#5581);
#5583=CARTESIAN_POINT('',(-2.925,-0.51,-38.));
#5584=DIRECTION('',(0.,0.,-1.));
#5585=VECTOR('',#5584,1.7);
#5586=LINE('',#5583,#5585);
#5587=EDGE_CURVE('',#5582,#5574,#5586,.T.);
#5588=ORIENTED_EDGE('',*,*,#5587,.F.);
#5589=CARTESIAN_POINT('',(-2.925,-0.51,-38.));
#5590=DIRECTION('',(0.,1.,0.));
#5591=VECTOR('',#5590,0.01);
#5592=LINE('',#5589,#5591);
#5593=EDGE_CURVE('',#5582,#225,#5592,.T.);
#5594=ORIENTED_EDGE('',*,*,#5593,.T.);
#5595=EDGE_LOOP('',(#5572,#5580,#5588,#5594));
#5596=FACE_BOUND('',#5595,.T.);
#5597=ADVANCED_FACE('',(#5596),#5571,.F.);
#5598=CARTESIAN_POINT('',(-2.925,-0.51,-39.7));
#5599=DIRECTION('',(0.,0.,1.));
#5600=DIRECTION('',(1.,0.,0.));
#5601=AXIS2_PLACEMENT_3D('',#5598,#5599,#5600);
#5602=PLANE('',#5601);
#5603=ORIENTED_EDGE('',*,*,#2138,.T.);
#5604=CARTESIAN_POINT('',(-2.575,-0.51,-39.7));
#5605=VERTEX_POINT('',#5604);
#5606=CARTESIAN_POINT('',(-2.575,-0.51,-39.7));
#5607=DIRECTION('',(0.,1.,0.));
#5608=VECTOR('',#5607,0.01);
#5609=LINE('',#5606,#5608);
#5610=EDGE_CURVE('',#5605,#241,#5609,.T.);
#5611=ORIENTED_EDGE('',*,*,#5610,.F.);
#5612=CARTESIAN_POINT('',(-2.925,-0.51,-39.7));
#5613=DIRECTION('',(1.,0.,-0.));
#5614=VECTOR('',#5613,0.35);
#5615=LINE('',#5612,#5614);
#5616=EDGE_CURVE('',#5574,#5605,#5615,.T.);
#5617=ORIENTED_EDGE('',*,*,#5616,.F.);
#5618=ORIENTED_EDGE('',*,*,#5579,.T.);
#5619=EDGE_LOOP('',(#5603,#5611,#5617,#5618));
#5620=FACE_BOUND('',#5619,.T.);
#5621=ADVANCED_FACE('',(#5620),#5602,.F.);
#5622=CARTESIAN_POINT('',(-2.575,-0.51,-38.));
#5623=DIRECTION('',(-1.,0.,0.));
#5624=DIRECTION('',(0.,0.,1.));
#5625=AXIS2_PLACEMENT_3D('',#5622,#5623,#5624);
#5626=PLANE('',#5625);
#5627=ORIENTED_EDGE('',*,*,#246,.T.);
#5628=CARTESIAN_POINT('',(-2.575,-0.51,-38.));
#5629=VERTEX_POINT('',#5628);
#5630=CARTESIAN_POINT('',(-2.575,-0.51,-38.));
#5631=DIRECTION('',(0.,1.,0.));
#5632=VECTOR('',#5631,0.01);
#5633=LINE('',#5630,#5632);
#5634=EDGE_CURVE('',#5629,#233,#5633,.T.);
#5635=ORIENTED_EDGE('',*,*,#5634,.F.);
#5636=CARTESIAN_POINT('',(-2.575,-0.51,-39.7));
#5637=DIRECTION('',(0.,0.,1.));
#5638=VECTOR('',#5637,1.7);
#5639=LINE('',#5636,#5638);
#5640=EDGE_CURVE('',#5605,#5629,#5639,.T.);
#5641=ORIENTED_EDGE('',*,*,#5640,.F.);
#5642=ORIENTED_EDGE('',*,*,#5610,.T.);
#5643=EDGE_LOOP('',(#5627,#5635,#5641,#5642));
#5644=FACE_BOUND('',#5643,.T.);
#5645=ADVANCED_FACE('',(#5644),#5626,.F.);
#5646=CARTESIAN_POINT('',(-2.925,-0.51,-38.));
#5647=DIRECTION('',(0.,0.,-1.));
#5648=DIRECTION('',(-1.,0.,0.));
#5649=AXIS2_PLACEMENT_3D('',#5646,#5647,#5648);
#5650=PLANE('',#5649);
#5651=ORIENTED_EDGE('',*,*,#238,.T.);
#5652=ORIENTED_EDGE('',*,*,#5593,.F.);
#5653=CARTESIAN_POINT('',(-2.575,-0.51,-38.));
#5654=DIRECTION('',(-1.,0.,0.));
#5655=VECTOR('',#5654,0.35);
#5656=LINE('',#5653,#5655);
#5657=EDGE_CURVE('',#5629,#5582,#5656,.T.);
#5658=ORIENTED_EDGE('',*,*,#5657,.F.);
#5659=ORIENTED_EDGE('',*,*,#5634,.T.);
#5660=EDGE_LOOP('',(#5651,#5652,#5658,#5659));
#5661=FACE_BOUND('',#5660,.T.);
#5662=ADVANCED_FACE('',(#5661),#5650,.F.);
#5663=CARTESIAN_POINT('',(0.,-0.51,0.));
#5664=DIRECTION('',(0.,-1.,0.));
#5665=DIRECTION('',(0.,0.,-1.));
#5666=AXIS2_PLACEMENT_3D('',#5663,#5664,#5665);
#5667=PLANE('',#5666);
#5668=ORIENTED_EDGE('',*,*,#5587,.T.);
#5669=ORIENTED_EDGE('',*,*,#5616,.T.);
#5670=ORIENTED_EDGE('',*,*,#5640,.T.);
#5671=ORIENTED_EDGE('',*,*,#5657,.T.);
#5672=EDGE_LOOP('',(#5668,#5669,#5670,#5671));
#5673=FACE_BOUND('',#5672,.T.);
#5674=ADVANCED_FACE('',(#5673),#5667,.T.);
#5675=CARTESIAN_POINT('',(-3.425,-0.51,-38.));
#5676=DIRECTION('',(1.,0.,0.));
#5677=DIRECTION('',(0.,0.,-1.));
#5678=AXIS2_PLACEMENT_3D('',#5675,#5676,#5677);
#5679=PLANE('',#5678);
#5680=ORIENTED_EDGE('',*,*,#198,.T.);
#5681=CARTESIAN_POINT('',(-3.425,-0.51,-39.7));
#5682=VERTEX_POINT('',#5681);
#5683=CARTESIAN_POINT('',(-3.425,-0.51,-39.7));
#5684=DIRECTION('',(0.,1.,0.));
#5685=VECTOR('',#5684,0.01);
#5686=LINE('',#5683,#5685);
#5687=EDGE_CURVE('',#5682,#185,#5686,.T.);
#5688=ORIENTED_EDGE('',*,*,#5687,.F.);
#5689=CARTESIAN_POINT('',(-3.425,-0.51,-38.));
#5690=VERTEX_POINT('',#5689);
#5691=CARTESIAN_POINT('',(-3.425,-0.51,-38.));
#5692=DIRECTION('',(0.,0.,-1.));
#5693=VECTOR('',#5692,1.7);
#5694=LINE('',#5691,#5693);
#5695=EDGE_CURVE('',#5690,#5682,#5694,.T.);
#5696=ORIENTED_EDGE('',*,*,#5695,.F.);
#5697=CARTESIAN_POINT('',(-3.425,-0.51,-38.));
#5698=DIRECTION('',(0.,1.,0.));
#5699=VECTOR('',#5698,0.01);
#5700=LINE('',#5697,#5699);
#5701=EDGE_CURVE('',#5690,#193,#5700,.T.);
#5702=ORIENTED_EDGE('',*,*,#5701,.T.);
#5703=EDGE_LOOP('',(#5680,#5688,#5696,#5702));
#5704=FACE_BOUND('',#5703,.T.);
#5705=ADVANCED_FACE('',(#5704),#5679,.F.);
#5706=CARTESIAN_POINT('',(-3.425,-0.51,-39.7));
#5707=DIRECTION('',(0.,0.,1.));
#5708=DIRECTION('',(1.,0.,0.));
#5709=AXIS2_PLACEMENT_3D('',#5706,#5707,#5708);
#5710=PLANE('',#5709);
#5711=ORIENTED_EDGE('',*,*,#2145,.T.);
#5712=CARTESIAN_POINT('',(-3.075,-0.51,-39.7));
#5713=VERTEX_POINT('',#5712);
#5714=CARTESIAN_POINT('',(-3.075,-0.51,-39.7));
#5715=DIRECTION('',(0.,1.,0.));
#5716=VECTOR('',#5715,0.01);
#5717=LINE('',#5714,#5716);
#5718=EDGE_CURVE('',#5713,#209,#5717,.T.);
#5719=ORIENTED_EDGE('',*,*,#5718,.F.);
#5720=CARTESIAN_POINT('',(-3.425,-0.51,-39.7));
#5721=DIRECTION('',(1.,0.,-0.));
#5722=VECTOR('',#5721,0.35);
#5723=LINE('',#5720,#5722);
#5724=EDGE_CURVE('',#5682,#5713,#5723,.T.);
#5725=ORIENTED_EDGE('',*,*,#5724,.F.);
#5726=ORIENTED_EDGE('',*,*,#5687,.T.);
#5727=EDGE_LOOP('',(#5711,#5719,#5725,#5726));
#5728=FACE_BOUND('',#5727,.T.);
#5729=ADVANCED_FACE('',(#5728),#5710,.F.);
#5730=CARTESIAN_POINT('',(-3.075,-0.51,-38.));
#5731=DIRECTION('',(-1.,0.,0.));
#5732=DIRECTION('',(0.,0.,1.));
#5733=AXIS2_PLACEMENT_3D('',#5730,#5731,#5732);
#5734=PLANE('',#5733);
#5735=ORIENTED_EDGE('',*,*,#214,.T.);
#5736=CARTESIAN_POINT('',(-3.075,-0.51,-38.));
#5737=VERTEX_POINT('',#5736);
#5738=CARTESIAN_POINT('',(-3.075,-0.51,-38.));
#5739=DIRECTION('',(0.,1.,0.));
#5740=VECTOR('',#5739,0.01);
#5741=LINE('',#5738,#5740);
#5742=EDGE_CURVE('',#5737,#201,#5741,.T.);
#5743=ORIENTED_EDGE('',*,*,#5742,.F.);
#5744=CARTESIAN_POINT('',(-3.075,-0.51,-39.7));
#5745=DIRECTION('',(0.,0.,1.));
#5746=VECTOR('',#5745,1.7);
#5747=LINE('',#5744,#5746);
#5748=EDGE_CURVE('',#5713,#5737,#5747,.T.);
#5749=ORIENTED_EDGE('',*,*,#5748,.F.);
#5750=ORIENTED_EDGE('',*,*,#5718,.T.);
#5751=EDGE_LOOP('',(#5735,#5743,#5749,#5750));
#5752=FACE_BOUND('',#5751,.T.);
#5753=ADVANCED_FACE('',(#5752),#5734,.F.);
#5754=CARTESIAN_POINT('',(-3.425,-0.51,-38.));
#5755=DIRECTION('',(0.,0.,-1.));
#5756=DIRECTION('',(-1.,0.,0.));
#5757=AXIS2_PLACEMENT_3D('',#5754,#5755,#5756);
#5758=PLANE('',#5757);
#5759=ORIENTED_EDGE('',*,*,#206,.T.);
#5760=ORIENTED_EDGE('',*,*,#5701,.F.);
#5761=CARTESIAN_POINT('',(-3.075,-0.51,-38.));
#5762=DIRECTION('',(-1.,0.,0.));
#5763=VECTOR('',#5762,0.35);
#5764=LINE('',#5761,#5763);
#5765=EDGE_CURVE('',#5737,#5690,#5764,.T.);
#5766=ORIENTED_EDGE('',*,*,#5765,.F.);
#5767=ORIENTED_EDGE('',*,*,#5742,.T.);
#5768=EDGE_LOOP('',(#5759,#5760,#5766,#5767));
#5769=FACE_BOUND('',#5768,.T.);
#5770=ADVANCED_FACE('',(#5769),#5758,.F.);
#5771=CARTESIAN_POINT('',(0.,-0.51,0.));
#5772=DIRECTION('',(0.,-1.,0.));
#5773=DIRECTION('',(0.,0.,-1.));
#5774=AXIS2_PLACEMENT_3D('',#5771,#5772,#5773);
#5775=PLANE('',#5774);
#5776=ORIENTED_EDGE('',*,*,#5695,.T.);
#5777=ORIENTED_EDGE('',*,*,#5724,.T.);
#5778=ORIENTED_EDGE('',*,*,#5748,.T.);
#5779=ORIENTED_EDGE('',*,*,#5765,.T.);
#5780=EDGE_LOOP('',(#5776,#5777,#5778,#5779));
#5781=FACE_BOUND('',#5780,.T.);
#5782=ADVANCED_FACE('',(#5781),#5775,.T.);
#5783=CARTESIAN_POINT('',(-3.925,-0.51,-38.));
#5784=DIRECTION('',(1.,0.,0.));
#5785=DIRECTION('',(0.,0.,-1.));
#5786=AXIS2_PLACEMENT_3D('',#5783,#5784,#5785);
#5787=PLANE('',#5786);
#5788=ORIENTED_EDGE('',*,*,#166,.T.);
#5789=CARTESIAN_POINT('',(-3.925,-0.51,-39.7));
#5790=VERTEX_POINT('',#5789);
#5791=CARTESIAN_POINT('',(-3.925,-0.51,-39.7));
#5792=DIRECTION('',(0.,1.,0.));
#5793=VECTOR('',#5792,0.01);
#5794=LINE('',#5791,#5793);
#5795=EDGE_CURVE('',#5790,#153,#5794,.T.);
#5796=ORIENTED_EDGE('',*,*,#5795,.F.);
#5797=CARTESIAN_POINT('',(-3.925,-0.51,-38.));
#5798=VERTEX_POINT('',#5797);
#5799=CARTESIAN_POINT('',(-3.925,-0.51,-38.));
#5800=DIRECTION('',(0.,0.,-1.));
#5801=VECTOR('',#5800,1.7);
#5802=LINE('',#5799,#5801);
#5803=EDGE_CURVE('',#5798,#5790,#5802,.T.);
#5804=ORIENTED_EDGE('',*,*,#5803,.F.);
#5805=CARTESIAN_POINT('',(-3.925,-0.51,-38.));
#5806=DIRECTION('',(0.,1.,0.));
#5807=VECTOR('',#5806,0.01);
#5808=LINE('',#5805,#5807);
#5809=EDGE_CURVE('',#5798,#161,#5808,.T.);
#5810=ORIENTED_EDGE('',*,*,#5809,.T.);
#5811=EDGE_LOOP('',(#5788,#5796,#5804,#5810));
#5812=FACE_BOUND('',#5811,.T.);
#5813=ADVANCED_FACE('',(#5812),#5787,.F.);
#5814=CARTESIAN_POINT('',(-3.925,-0.51,-39.7));
#5815=DIRECTION('',(0.,0.,1.));
#5816=DIRECTION('',(1.,0.,0.));
#5817=AXIS2_PLACEMENT_3D('',#5814,#5815,#5816);
#5818=PLANE('',#5817);
#5819=ORIENTED_EDGE('',*,*,#2152,.T.);
#5820=CARTESIAN_POINT('',(-3.575,-0.51,-39.7));
#5821=VERTEX_POINT('',#5820);
#5822=CARTESIAN_POINT('',(-3.575,-0.51,-39.7));
#5823=DIRECTION('',(0.,1.,0.));
#5824=VECTOR('',#5823,0.01);
#5825=LINE('',#5822,#5824);
#5826=EDGE_CURVE('',#5821,#177,#5825,.T.);
#5827=ORIENTED_EDGE('',*,*,#5826,.F.);
#5828=CARTESIAN_POINT('',(-3.925,-0.51,-39.7));
#5829=DIRECTION('',(1.,0.,-0.));
#5830=VECTOR('',#5829,0.35);
#5831=LINE('',#5828,#5830);
#5832=EDGE_CURVE('',#5790,#5821,#5831,.T.);
#5833=ORIENTED_EDGE('',*,*,#5832,.F.);
#5834=ORIENTED_EDGE('',*,*,#5795,.T.);
#5835=EDGE_LOOP('',(#5819,#5827,#5833,#5834));
#5836=FACE_BOUND('',#5835,.T.);
#5837=ADVANCED_FACE('',(#5836),#5818,.F.);
#5838=CARTESIAN_POINT('',(-3.575,-0.51,-38.));
#5839=DIRECTION('',(-1.,0.,0.));
#5840=DIRECTION('',(0.,0.,1.));
#5841=AXIS2_PLACEMENT_3D('',#5838,#5839,#5840);
#5842=PLANE('',#5841);
#5843=ORIENTED_EDGE('',*,*,#182,.T.);
#5844=CARTESIAN_POINT('',(-3.575,-0.51,-38.));
#5845=VERTEX_POINT('',#5844);
#5846=CARTESIAN_POINT('',(-3.575,-0.51,-38.));
#5847=DIRECTION('',(0.,1.,0.));
#5848=VECTOR('',#5847,0.01);
#5849=LINE('',#5846,#5848);
#5850=EDGE_CURVE('',#5845,#169,#5849,.T.);
#5851=ORIENTED_EDGE('',*,*,#5850,.F.);
#5852=CARTESIAN_POINT('',(-3.575,-0.51,-39.7));
#5853=DIRECTION('',(0.,0.,1.));
#5854=VECTOR('',#5853,1.7);
#5855=LINE('',#5852,#5854);
#5856=EDGE_CURVE('',#5821,#5845,#5855,.T.);
#5857=ORIENTED_EDGE('',*,*,#5856,.F.);
#5858=ORIENTED_EDGE('',*,*,#5826,.T.);
#5859=EDGE_LOOP('',(#5843,#5851,#5857,#5858));
#5860=FACE_BOUND('',#5859,.T.);
#5861=ADVANCED_FACE('',(#5860),#5842,.F.);
#5862=CARTESIAN_POINT('',(-3.925,-0.51,-38.));
#5863=DIRECTION('',(0.,0.,-1.));
#5864=DIRECTION('',(-1.,0.,0.));
#5865=AXIS2_PLACEMENT_3D('',#5862,#5863,#5864);
#5866=PLANE('',#5865);
#5867=ORIENTED_EDGE('',*,*,#174,.T.);
#5868=ORIENTED_EDGE('',*,*,#5809,.F.);
#5869=CARTESIAN_POINT('',(-3.575,-0.51,-38.));
#5870=DIRECTION('',(-1.,0.,0.));
#5871=VECTOR('',#5870,0.35);
#5872=LINE('',#5869,#5871);
#5873=EDGE_CURVE('',#5845,#5798,#5872,.T.);
#5874=ORIENTED_EDGE('',*,*,#5873,.F.);
#5875=ORIENTED_EDGE('',*,*,#5850,.T.);
#5876=EDGE_LOOP('',(#5867,#5868,#5874,#5875));
#5877=FACE_BOUND('',#5876,.T.);
#5878=ADVANCED_FACE('',(#5877),#5866,.F.);
#5879=CARTESIAN_POINT('',(0.,-0.51,0.));
#5880=DIRECTION('',(0.,-1.,0.));
#5881=DIRECTION('',(0.,0.,-1.));
#5882=AXIS2_PLACEMENT_3D('',#5879,#5880,#5881);
#5883=PLANE('',#5882);
#5884=ORIENTED_EDGE('',*,*,#5803,.T.);
#5885=ORIENTED_EDGE('',*,*,#5832,.T.);
#5886=ORIENTED_EDGE('',*,*,#5856,.T.);
#5887=ORIENTED_EDGE('',*,*,#5873,.T.);
#5888=EDGE_LOOP('',(#5884,#5885,#5886,#5887));
#5889=FACE_BOUND('',#5888,.T.);
#5890=ADVANCED_FACE('',(#5889),#5883,.T.);
#5891=CARTESIAN_POINT('',(-4.425,-0.51,-38.));
#5892=DIRECTION('',(1.,0.,0.));
#5893=DIRECTION('',(0.,0.,-1.));
#5894=AXIS2_PLACEMENT_3D('',#5891,#5892,#5893);
#5895=PLANE('',#5894);
#5896=ORIENTED_EDGE('',*,*,#134,.T.);
#5897=CARTESIAN_POINT('',(-4.425,-0.51,-39.7));
#5898=VERTEX_POINT('',#5897);
#5899=CARTESIAN_POINT('',(-4.425,-0.51,-39.7));
#5900=DIRECTION('',(0.,1.,0.));
#5901=VECTOR('',#5900,0.01);
#5902=LINE('',#5899,#5901);
#5903=EDGE_CURVE('',#5898,#121,#5902,.T.);
#5904=ORIENTED_EDGE('',*,*,#5903,.F.);
#5905=CARTESIAN_POINT('',(-4.425,-0.51,-38.));
#5906=VERTEX_POINT('',#5905);
#5907=CARTESIAN_POINT('',(-4.425,-0.51,-38.));
#5908=DIRECTION('',(0.,0.,-1.));
#5909=VECTOR('',#5908,1.7);
#5910=LINE('',#5907,#5909);
#5911=EDGE_CURVE('',#5906,#5898,#5910,.T.);
#5912=ORIENTED_EDGE('',*,*,#5911,.F.);
#5913=CARTESIAN_POINT('',(-4.425,-0.51,-38.));
#5914=DIRECTION('',(0.,1.,0.));
#5915=VECTOR('',#5914,0.01);
#5916=LINE('',#5913,#5915);
#5917=EDGE_CURVE('',#5906,#129,#5916,.T.);
#5918=ORIENTED_EDGE('',*,*,#5917,.T.);
#5919=EDGE_LOOP('',(#5896,#5904,#5912,#5918));
#5920=FACE_BOUND('',#5919,.T.);
#5921=ADVANCED_FACE('',(#5920),#5895,.F.);
#5922=CARTESIAN_POINT('',(-4.425,-0.51,-39.7));
#5923=DIRECTION('',(0.,0.,1.));
#5924=DIRECTION('',(1.,0.,0.));
#5925=AXIS2_PLACEMENT_3D('',#5922,#5923,#5924);
#5926=PLANE('',#5925);
#5927=ORIENTED_EDGE('',*,*,#2159,.T.);
#5928=CARTESIAN_POINT('',(-4.075,-0.51,-39.7));
#5929=VERTEX_POINT('',#5928);
#5930=CARTESIAN_POINT('',(-4.075,-0.51,-39.7));
#5931=DIRECTION('',(0.,1.,0.));
#5932=VECTOR('',#5931,0.01);
#5933=LINE('',#5930,#5932);
#5934=EDGE_CURVE('',#5929,#145,#5933,.T.);
#5935=ORIENTED_EDGE('',*,*,#5934,.F.);
#5936=CARTESIAN_POINT('',(-4.425,-0.51,-39.7));
#5937=DIRECTION('',(1.,0.,-0.));
#5938=VECTOR('',#5937,0.35);
#5939=LINE('',#5936,#5938);
#5940=EDGE_CURVE('',#5898,#5929,#5939,.T.);
#5941=ORIENTED_EDGE('',*,*,#5940,.F.);
#5942=ORIENTED_EDGE('',*,*,#5903,.T.);
#5943=EDGE_LOOP('',(#5927,#5935,#5941,#5942));
#5944=FACE_BOUND('',#5943,.T.);
#5945=ADVANCED_FACE('',(#5944),#5926,.F.);
#5946=CARTESIAN_POINT('',(-4.075,-0.51,-38.));
#5947=DIRECTION('',(-1.,0.,0.));
#5948=DIRECTION('',(0.,0.,1.));
#5949=AXIS2_PLACEMENT_3D('',#5946,#5947,#5948);
#5950=PLANE('',#5949);
#5951=ORIENTED_EDGE('',*,*,#150,.T.);
#5952=CARTESIAN_POINT('',(-4.075,-0.51,-38.));
#5953=VERTEX_POINT('',#5952);
#5954=CARTESIAN_POINT('',(-4.075,-0.51,-38.));
#5955=DIRECTION('',(0.,1.,0.));
#5956=VECTOR('',#5955,0.01);
#5957=LINE('',#5954,#5956);
#5958=EDGE_CURVE('',#5953,#137,#5957,.T.);
#5959=ORIENTED_EDGE('',*,*,#5958,.F.);
#5960=CARTESIAN_POINT('',(-4.075,-0.51,-39.7));
#5961=DIRECTION('',(0.,0.,1.));
#5962=VECTOR('',#5961,1.7);
#5963=LINE('',#5960,#5962);
#5964=EDGE_CURVE('',#5929,#5953,#5963,.T.);
#5965=ORIENTED_EDGE('',*,*,#5964,.F.);
#5966=ORIENTED_EDGE('',*,*,#5934,.T.);
#5967=EDGE_LOOP('',(#5951,#5959,#5965,#5966));
#5968=FACE_BOUND('',#5967,.T.);
#5969=ADVANCED_FACE('',(#5968),#5950,.F.);
#5970=CARTESIAN_POINT('',(-4.425,-0.51,-38.));
#5971=DIRECTION('',(0.,0.,-1.));
#5972=DIRECTION('',(-1.,0.,0.));
#5973=AXIS2_PLACEMENT_3D('',#5970,#5971,#5972);
#5974=PLANE('',#5973);
#5975=ORIENTED_EDGE('',*,*,#142,.T.);
#5976=ORIENTED_EDGE('',*,*,#5917,.F.);
#5977=CARTESIAN_POINT('',(-4.075,-0.51,-38.));
#5978=DIRECTION('',(-1.,0.,0.));
#5979=VECTOR('',#5978,0.35);
#5980=LINE('',#5977,#5979);
#5981=EDGE_CURVE('',#5953,#5906,#5980,.T.);
#5982=ORIENTED_EDGE('',*,*,#5981,.F.);
#5983=ORIENTED_EDGE('',*,*,#5958,.T.);
#5984=EDGE_LOOP('',(#5975,#5976,#5982,#5983));
#5985=FACE_BOUND('',#5984,.T.);
#5986=ADVANCED_FACE('',(#5985),#5974,.F.);
#5987=CARTESIAN_POINT('',(0.,-0.51,0.));
#5988=DIRECTION('',(0.,-1.,0.));
#5989=DIRECTION('',(0.,0.,-1.));
#5990=AXIS2_PLACEMENT_3D('',#5987,#5988,#5989);
#5991=PLANE('',#5990);
#5992=ORIENTED_EDGE('',*,*,#5911,.T.);
#5993=ORIENTED_EDGE('',*,*,#5940,.T.);
#5994=ORIENTED_EDGE('',*,*,#5964,.T.);
#5995=ORIENTED_EDGE('',*,*,#5981,.T.);
#5996=EDGE_LOOP('',(#5992,#5993,#5994,#5995));
#5997=FACE_BOUND('',#5996,.T.);
#5998=ADVANCED_FACE('',(#5997),#5991,.T.);
#5999=CARTESIAN_POINT('',(-4.925,-0.51,-38.));
#6000=DIRECTION('',(1.,0.,0.));
#6001=DIRECTION('',(0.,0.,-1.));
#6002=AXIS2_PLACEMENT_3D('',#5999,#6000,#6001);
#6003=PLANE('',#6002);
#6004=ORIENTED_EDGE('',*,*,#102,.T.);
#6005=CARTESIAN_POINT('',(-4.925,-0.51,-39.7));
#6006=VERTEX_POINT('',#6005);
#6007=CARTESIAN_POINT('',(-4.925,-0.51,-39.7));
#6008=DIRECTION('',(0.,1.,0.));
#6009=VECTOR('',#6008,0.01);
#6010=LINE('',#6007,#6009);
#6011=EDGE_CURVE('',#6006,#97,#6010,.T.);
#6012=ORIENTED_EDGE('',*,*,#6011,.F.);
#6013=CARTESIAN_POINT('',(-4.925,-0.51,-38.));
#6014=VERTEX_POINT('',#6013);
#6015=CARTESIAN_POINT('',(-4.925,-0.51,-38.));
#6016=DIRECTION('',(0.,0.,-1.));
#6017=VECTOR('',#6016,1.7);
#6018=LINE('',#6015,#6017);
#6019=EDGE_CURVE('',#6014,#6006,#6018,.T.);
#6020=ORIENTED_EDGE('',*,*,#6019,.F.);
#6021=CARTESIAN_POINT('',(-4.925,-0.51,-38.));
#6022=DIRECTION('',(0.,1.,0.));
#6023=VECTOR('',#6022,0.01);
#6024=LINE('',#6021,#6023);
#6025=EDGE_CURVE('',#6014,#95,#6024,.T.);
#6026=ORIENTED_EDGE('',*,*,#6025,.T.);
#6027=EDGE_LOOP('',(#6004,#6012,#6020,#6026));
#6028=FACE_BOUND('',#6027,.T.);
#6029=ADVANCED_FACE('',(#6028),#6003,.F.);
#6030=CARTESIAN_POINT('',(-4.925,-0.51,-39.7));
#6031=DIRECTION('',(0.,0.,1.));
#6032=DIRECTION('',(1.,0.,0.));
#6033=AXIS2_PLACEMENT_3D('',#6030,#6031,#6032);
#6034=PLANE('',#6033);
#6035=ORIENTED_EDGE('',*,*,#2166,.T.);
#6036=CARTESIAN_POINT('',(-4.575,-0.51,-39.7));
#6037=VERTEX_POINT('',#6036);
#6038=CARTESIAN_POINT('',(-4.575,-0.51,-39.7));
#6039=DIRECTION('',(0.,1.,0.));
#6040=VECTOR('',#6039,0.01);
#6041=LINE('',#6038,#6040);
#6042=EDGE_CURVE('',#6037,#113,#6041,.T.);
#6043=ORIENTED_EDGE('',*,*,#6042,.F.);
#6044=CARTESIAN_POINT('',(-4.925,-0.51,-39.7));
#6045=DIRECTION('',(1.,0.,-0.));
#6046=VECTOR('',#6045,0.35);
#6047=LINE('',#6044,#6046);
#6048=EDGE_CURVE('',#6006,#6037,#6047,.T.);
#6049=ORIENTED_EDGE('',*,*,#6048,.F.);
#6050=ORIENTED_EDGE('',*,*,#6011,.T.);
#6051=EDGE_LOOP('',(#6035,#6043,#6049,#6050));
#6052=FACE_BOUND('',#6051,.T.);
#6053=ADVANCED_FACE('',(#6052),#6034,.F.);
#6054=CARTESIAN_POINT('',(-4.575,-0.51,-38.));
#6055=DIRECTION('',(-1.,0.,0.));
#6056=DIRECTION('',(0.,0.,1.));
#6057=AXIS2_PLACEMENT_3D('',#6054,#6055,#6056);
#6058=PLANE('',#6057);
#6059=ORIENTED_EDGE('',*,*,#118,.T.);
#6060=CARTESIAN_POINT('',(-4.575,-0.51,-38.));
#6061=VERTEX_POINT('',#6060);
#6062=CARTESIAN_POINT('',(-4.575,-0.51,-38.));
#6063=DIRECTION('',(0.,1.,0.));
#6064=VECTOR('',#6063,0.01);
#6065=LINE('',#6062,#6064);
#6066=EDGE_CURVE('',#6061,#105,#6065,.T.);
#6067=ORIENTED_EDGE('',*,*,#6066,.F.);
#6068=CARTESIAN_POINT('',(-4.575,-0.51,-39.7));
#6069=DIRECTION('',(0.,0.,1.));
#6070=VECTOR('',#6069,1.7);
#6071=LINE('',#6068,#6070);
#6072=EDGE_CURVE('',#6037,#6061,#6071,.T.);
#6073=ORIENTED_EDGE('',*,*,#6072,.F.);
#6074=ORIENTED_EDGE('',*,*,#6042,.T.);
#6075=EDGE_LOOP('',(#6059,#6067,#6073,#6074));
#6076=FACE_BOUND('',#6075,.T.);
#6077=ADVANCED_FACE('',(#6076),#6058,.F.);
#6078=CARTESIAN_POINT('',(-4.925,-0.51,-38.));
#6079=DIRECTION('',(0.,0.,-1.));
#6080=DIRECTION('',(-1.,0.,0.));
#6081=AXIS2_PLACEMENT_3D('',#6078,#6079,#6080);
#6082=PLANE('',#6081);
#6083=ORIENTED_EDGE('',*,*,#110,.T.);
#6084=ORIENTED_EDGE('',*,*,#6025,.F.);
#6085=CARTESIAN_POINT('',(-4.575,-0.51,-38.));
#6086=DIRECTION('',(-1.,0.,0.));
#6087=VECTOR('',#6086,0.35);
#6088=LINE('',#6085,#6087);
#6089=EDGE_CURVE('',#6061,#6014,#6088,.T.);
#6090=ORIENTED_EDGE('',*,*,#6089,.F.);
#6091=ORIENTED_EDGE('',*,*,#6066,.T.);
#6092=EDGE_LOOP('',(#6083,#6084,#6090,#6091));
#6093=FACE_BOUND('',#6092,.T.);
#6094=ADVANCED_FACE('',(#6093),#6082,.F.);
#6095=CARTESIAN_POINT('',(0.,-0.51,0.));
#6096=DIRECTION('',(0.,-1.,0.));
#6097=DIRECTION('',(0.,0.,-1.));
#6098=AXIS2_PLACEMENT_3D('',#6095,#6096,#6097);
#6099=PLANE('',#6098);
#6100=ORIENTED_EDGE('',*,*,#6019,.T.);
#6101=ORIENTED_EDGE('',*,*,#6048,.T.);
#6102=ORIENTED_EDGE('',*,*,#6072,.T.);
#6103=ORIENTED_EDGE('',*,*,#6089,.T.);
#6104=EDGE_LOOP('',(#6100,#6101,#6102,#6103));
#6105=FACE_BOUND('',#6104,.T.);
#6106=ADVANCED_FACE('',(#6105),#6099,.T.);
#6107=CARTESIAN_POINT('',(8.327777597,0.01,-39.7));
#6108=DIRECTION('',(-0.,0.,1.));
#6109=DIRECTION('',(1.,0.,0.));
#6110=AXIS2_PLACEMENT_3D('',#6107,#6108,#6109);
#6111=PLANE('',#6110);
#6112=ORIENTED_EDGE('',*,*,#1931,.F.);
#6113=ORIENTED_EDGE('',*,*,#1778,.F.);
#6114=CARTESIAN_POINT('',(-5.172222403,0.3,-39.7));
#6115=VERTEX_POINT('',#6114);
#6116=CARTESIAN_POINT('',(-5.525,0.3,-39.7));
#6117=DIRECTION('',(1.,0.,0.));
#6118=VECTOR('',#6117,0.352777597);
#6119=LINE('',#6116,#6118);
#6120=EDGE_CURVE('',#1765,#6115,#6119,.T.);
#6121=ORIENTED_EDGE('',*,*,#6120,.T.);
#6122=CARTESIAN_POINT('',(-5.172222403,0.01,-39.7));
#6123=VERTEX_POINT('',#6122);
#6124=CARTESIAN_POINT('',(-5.172222403,0.3,-39.7));
#6125=DIRECTION('',(0.,-1.,0.));
#6126=VECTOR('',#6125,0.29);
#6127=LINE('',#6124,#6126);
#6128=EDGE_CURVE('',#6115,#6123,#6127,.T.);
#6129=ORIENTED_EDGE('',*,*,#6128,.T.);
#6130=CARTESIAN_POINT('',(-4.822222403,0.01,-39.7));
#6131=VERTEX_POINT('',#6130);
#6132=CARTESIAN_POINT('',(-4.822222403,0.01,-39.7));
#6133=DIRECTION('',(-1.,0.,-0.));
#6134=VECTOR('',#6133,0.35);
#6135=LINE('',#6132,#6134);
#6136=EDGE_CURVE('',#6131,#6123,#6135,.T.);
#6137=ORIENTED_EDGE('',*,*,#6136,.F.);
#6138=CARTESIAN_POINT('',(-4.822222403,0.3,-39.7));
#6139=VERTEX_POINT('',#6138);
#6140=CARTESIAN_POINT('',(-4.822222403,0.3,-39.7));
#6141=DIRECTION('',(0.,-1.,0.));
#6142=VECTOR('',#6141,0.29);
#6143=LINE('',#6140,#6142);
#6144=EDGE_CURVE('',#6139,#6131,#6143,.T.);
#6145=ORIENTED_EDGE('',*,*,#6144,.F.);
#6146=CARTESIAN_POINT('',(-4.672222403,0.3,-39.7));
#6147=VERTEX_POINT('',#6146);
#6148=CARTESIAN_POINT('',(-4.822222403,0.3,-39.7));
#6149=DIRECTION('',(1.,0.,0.));
#6150=VECTOR('',#6149,0.15);
#6151=LINE('',#6148,#6150);
#6152=EDGE_CURVE('',#6139,#6147,#6151,.T.);
#6153=ORIENTED_EDGE('',*,*,#6152,.T.);
#6154=CARTESIAN_POINT('',(-4.672222403,0.01,-39.7));
#6155=VERTEX_POINT('',#6154);
#6156=CARTESIAN_POINT('',(-4.672222403,0.3,-39.7));
#6157=DIRECTION('',(0.,-1.,0.));
#6158=VECTOR('',#6157,0.29);
#6159=LINE('',#6156,#6158);
#6160=EDGE_CURVE('',#6147,#6155,#6159,.T.);
#6161=ORIENTED_EDGE('',*,*,#6160,.T.);
#6162=CARTESIAN_POINT('',(-4.322222403,0.01,-39.7));
#6163=VERTEX_POINT('',#6162);
#6164=CARTESIAN_POINT('',(-4.322222403,0.01,-39.7));
#6165=DIRECTION('',(-1.,0.,-0.));
#6166=VECTOR('',#6165,0.35);
#6167=LINE('',#6164,#6166);
#6168=EDGE_CURVE('',#6163,#6155,#6167,.T.);
#6169=ORIENTED_EDGE('',*,*,#6168,.F.);
#6170=CARTESIAN_POINT('',(-4.322222403,0.3,-39.7));
#6171=VERTEX_POINT('',#6170);
#6172=CARTESIAN_POINT('',(-4.322222403,0.3,-39.7));
#6173=DIRECTION('',(0.,-1.,0.));
#6174=VECTOR('',#6173,0.29);
#6175=LINE('',#6172,#6174);
#6176=EDGE_CURVE('',#6171,#6163,#6175,.T.);
#6177=ORIENTED_EDGE('',*,*,#6176,.F.);
#6178=CARTESIAN_POINT('',(-4.172222403,0.3,-39.7));
#6179=VERTEX_POINT('',#6178);
#6180=CARTESIAN_POINT('',(-4.322222403,0.3,-39.7));
#6181=DIRECTION('',(1.,0.,0.));
#6182=VECTOR('',#6181,0.15);
#6183=LINE('',#6180,#6182);
#6184=EDGE_CURVE('',#6171,#6179,#6183,.T.);
#6185=ORIENTED_EDGE('',*,*,#6184,.T.);
#6186=CARTESIAN_POINT('',(-4.172222403,0.01,-39.7));
#6187=VERTEX_POINT('',#6186);
#6188=CARTESIAN_POINT('',(-4.172222403,0.3,-39.7));
#6189=DIRECTION('',(0.,-1.,0.));
#6190=VECTOR('',#6189,0.29);
#6191=LINE('',#6188,#6190);
#6192=EDGE_CURVE('',#6179,#6187,#6191,.T.);
#6193=ORIENTED_EDGE('',*,*,#6192,.T.);
#6194=CARTESIAN_POINT('',(-3.822222403,0.01,-39.7));
#6195=VERTEX_POINT('',#6194);
#6196=CARTESIAN_POINT('',(-3.822222403,0.01,-39.7));
#6197=DIRECTION('',(-1.,0.,-0.));
#6198=VECTOR('',#6197,0.35);
#6199=LINE('',#6196,#6198);
#6200=EDGE_CURVE('',#6195,#6187,#6199,.T.);
#6201=ORIENTED_EDGE('',*,*,#6200,.F.);
#6202=CARTESIAN_POINT('',(-3.822222403,0.3,-39.7));
#6203=VERTEX_POINT('',#6202);
#6204=CARTESIAN_POINT('',(-3.822222403,0.3,-39.7));
#6205=DIRECTION('',(0.,-1.,0.));
#6206=VECTOR('',#6205,0.29);
#6207=LINE('',#6204,#6206);
#6208=EDGE_CURVE('',#6203,#6195,#6207,.T.);
#6209=ORIENTED_EDGE('',*,*,#6208,.F.);
#6210=CARTESIAN_POINT('',(-3.672222403,0.3,-39.7));
#6211=VERTEX_POINT('',#6210);
#6212=CARTESIAN_POINT('',(-3.822222403,0.3,-39.7));
#6213=DIRECTION('',(1.,0.,0.));
#6214=VECTOR('',#6213,0.15);
#6215=LINE('',#6212,#6214);
#6216=EDGE_CURVE('',#6203,#6211,#6215,.T.);
#6217=ORIENTED_EDGE('',*,*,#6216,.T.);
#6218=CARTESIAN_POINT('',(-3.672222403,0.01,-39.7));
#6219=VERTEX_POINT('',#6218);
#6220=CARTESIAN_POINT('',(-3.672222403,0.3,-39.7));
#6221=DIRECTION('',(0.,-1.,0.));
#6222=VECTOR('',#6221,0.29);
#6223=LINE('',#6220,#6222);
#6224=EDGE_CURVE('',#6211,#6219,#6223,.T.);
#6225=ORIENTED_EDGE('',*,*,#6224,.T.);
#6226=CARTESIAN_POINT('',(-3.322222403,0.01,-39.7));
#6227=VERTEX_POINT('',#6226);
#6228=CARTESIAN_POINT('',(-3.322222403,0.01,-39.7));
#6229=DIRECTION('',(-1.,0.,-0.));
#6230=VECTOR('',#6229,0.35);
#6231=LINE('',#6228,#6230);
#6232=EDGE_CURVE('',#6227,#6219,#6231,.T.);
#6233=ORIENTED_EDGE('',*,*,#6232,.F.);
#6234=CARTESIAN_POINT('',(-3.322222403,0.3,-39.7));
#6235=VERTEX_POINT('',#6234);
#6236=CARTESIAN_POINT('',(-3.322222403,0.3,-39.7));
#6237=DIRECTION('',(0.,-1.,0.));
#6238=VECTOR('',#6237,0.29);
#6239=LINE('',#6236,#6238);
#6240=EDGE_CURVE('',#6235,#6227,#6239,.T.);
#6241=ORIENTED_EDGE('',*,*,#6240,.F.);
#6242=CARTESIAN_POINT('',(-3.172222403,0.3,-39.7));
#6243=VERTEX_POINT('',#6242);
#6244=CARTESIAN_POINT('',(-3.322222403,0.3,-39.7));
#6245=DIRECTION('',(1.,0.,0.));
#6246=VECTOR('',#6245,0.15);
#6247=LINE('',#6244,#6246);
#6248=EDGE_CURVE('',#6235,#6243,#6247,.T.);
#6249=ORIENTED_EDGE('',*,*,#6248,.T.);
#6250=CARTESIAN_POINT('',(-3.172222403,0.01,-39.7));
#6251=VERTEX_POINT('',#6250);
#6252=CARTESIAN_POINT('',(-3.172222403,0.3,-39.7));
#6253=DIRECTION('',(0.,-1.,0.));
#6254=VECTOR('',#6253,0.29);
#6255=LINE('',#6252,#6254);
#6256=EDGE_CURVE('',#6243,#6251,#6255,.T.);
#6257=ORIENTED_EDGE('',*,*,#6256,.T.);
#6258=CARTESIAN_POINT('',(-2.822222403,0.01,-39.7));
#6259=VERTEX_POINT('',#6258);
#6260=CARTESIAN_POINT('',(-2.822222403,0.01,-39.7));
#6261=DIRECTION('',(-1.,0.,-0.));
#6262=VECTOR('',#6261,0.35);
#6263=LINE('',#6260,#6262);
#6264=EDGE_CURVE('',#6259,#6251,#6263,.T.);
#6265=ORIENTED_EDGE('',*,*,#6264,.F.);
#6266=CARTESIAN_POINT('',(-2.822222403,0.3,-39.7));
#6267=VERTEX_POINT('',#6266);
#6268=CARTESIAN_POINT('',(-2.822222403,0.3,-39.7));
#6269=DIRECTION('',(0.,-1.,0.));
#6270=VECTOR('',#6269,0.29);
#6271=LINE('',#6268,#6270);
#6272=EDGE_CURVE('',#6267,#6259,#6271,.T.);
#6273=ORIENTED_EDGE('',*,*,#6272,.F.);
#6274=CARTESIAN_POINT('',(-2.672222403,0.3,-39.7));
#6275=VERTEX_POINT('',#6274);
#6276=CARTESIAN_POINT('',(-2.822222403,0.3,-39.7));
#6277=DIRECTION('',(1.,0.,0.));
#6278=VECTOR('',#6277,0.15);
#6279=LINE('',#6276,#6278);
#6280=EDGE_CURVE('',#6267,#6275,#6279,.T.);
#6281=ORIENTED_EDGE('',*,*,#6280,.T.);
#6282=CARTESIAN_POINT('',(-2.672222403,0.01,-39.7));
#6283=VERTEX_POINT('',#6282);
#6284=CARTESIAN_POINT('',(-2.672222403,0.3,-39.7));
#6285=DIRECTION('',(0.,-1.,0.));
#6286=VECTOR('',#6285,0.29);
#6287=LINE('',#6284,#6286);
#6288=EDGE_CURVE('',#6275,#6283,#6287,.T.);
#6289=ORIENTED_EDGE('',*,*,#6288,.T.);
#6290=CARTESIAN_POINT('',(-2.322222403,0.01,-39.7));
#6291=VERTEX_POINT('',#6290);
#6292=CARTESIAN_POINT('',(-2.322222403,0.01,-39.7));
#6293=DIRECTION('',(-1.,0.,-0.));
#6294=VECTOR('',#6293,0.35);
#6295=LINE('',#6292,#6294);
#6296=EDGE_CURVE('',#6291,#6283,#6295,.T.);
#6297=ORIENTED_EDGE('',*,*,#6296,.F.);
#6298=CARTESIAN_POINT('',(-2.322222403,0.3,-39.7));
#6299=VERTEX_POINT('',#6298);
#6300=CARTESIAN_POINT('',(-2.322222403,0.3,-39.7));
#6301=DIRECTION('',(0.,-1.,0.));
#6302=VECTOR('',#6301,0.29);
#6303=LINE('',#6300,#6302);
#6304=EDGE_CURVE('',#6299,#6291,#6303,.T.);
#6305=ORIENTED_EDGE('',*,*,#6304,.F.);
#6306=CARTESIAN_POINT('',(-2.172222403,0.3,-39.7));
#6307=VERTEX_POINT('',#6306);
#6308=CARTESIAN_POINT('',(-2.322222403,0.3,-39.7));
#6309=DIRECTION('',(1.,0.,0.));
#6310=VECTOR('',#6309,0.15);
#6311=LINE('',#6308,#6310);
#6312=EDGE_CURVE('',#6299,#6307,#6311,.T.);
#6313=ORIENTED_EDGE('',*,*,#6312,.T.);
#6314=CARTESIAN_POINT('',(-2.172222403,0.01,-39.7));
#6315=VERTEX_POINT('',#6314);
#6316=CARTESIAN_POINT('',(-2.172222403,0.3,-39.7));
#6317=DIRECTION('',(0.,-1.,0.));
#6318=VECTOR('',#6317,0.29);
#6319=LINE('',#6316,#6318);
#6320=EDGE_CURVE('',#6307,#6315,#6319,.T.);
#6321=ORIENTED_EDGE('',*,*,#6320,.T.);
#6322=CARTESIAN_POINT('',(-1.822222403,0.01,-39.7));
#6323=VERTEX_POINT('',#6322);
#6324=CARTESIAN_POINT('',(-1.822222403,0.01,-39.7));
#6325=DIRECTION('',(-1.,0.,-0.));
#6326=VECTOR('',#6325,0.35);
#6327=LINE('',#6324,#6326);
#6328=EDGE_CURVE('',#6323,#6315,#6327,.T.);
#6329=ORIENTED_EDGE('',*,*,#6328,.F.);
#6330=CARTESIAN_POINT('',(-1.822222403,0.3,-39.7));
#6331=VERTEX_POINT('',#6330);
#6332=CARTESIAN_POINT('',(-1.822222403,0.3,-39.7));
#6333=DIRECTION('',(0.,-1.,0.));
#6334=VECTOR('',#6333,0.29);
#6335=LINE('',#6332,#6334);
#6336=EDGE_CURVE('',#6331,#6323,#6335,.T.);
#6337=ORIENTED_EDGE('',*,*,#6336,.F.);
#6338=CARTESIAN_POINT('',(-1.672222403,0.3,-39.7));
#6339=VERTEX_POINT('',#6338);
#6340=CARTESIAN_POINT('',(-1.822222403,0.3,-39.7));
#6341=DIRECTION('',(1.,0.,0.));
#6342=VECTOR('',#6341,0.15);
#6343=LINE('',#6340,#6342);
#6344=EDGE_CURVE('',#6331,#6339,#6343,.T.);
#6345=ORIENTED_EDGE('',*,*,#6344,.T.);
#6346=CARTESIAN_POINT('',(-1.672222403,0.01,-39.7));
#6347=VERTEX_POINT('',#6346);
#6348=CARTESIAN_POINT('',(-1.672222403,0.3,-39.7));
#6349=DIRECTION('',(0.,-1.,0.));
#6350=VECTOR('',#6349,0.29);
#6351=LINE('',#6348,#6350);
#6352=EDGE_CURVE('',#6339,#6347,#6351,.T.);
#6353=ORIENTED_EDGE('',*,*,#6352,.T.);
#6354=CARTESIAN_POINT('',(-1.322222403,0.01,-39.7));
#6355=VERTEX_POINT('',#6354);
#6356=CARTESIAN_POINT('',(-1.322222403,0.01,-39.7));
#6357=DIRECTION('',(-1.,0.,-0.));
#6358=VECTOR('',#6357,0.35);
#6359=LINE('',#6356,#6358);
#6360=EDGE_CURVE('',#6355,#6347,#6359,.T.);
#6361=ORIENTED_EDGE('',*,*,#6360,.F.);
#6362=CARTESIAN_POINT('',(-1.322222403,0.3,-39.7));
#6363=VERTEX_POINT('',#6362);
#6364=CARTESIAN_POINT('',(-1.322222403,0.3,-39.7));
#6365=DIRECTION('',(0.,-1.,0.));
#6366=VECTOR('',#6365,0.29);
#6367=LINE('',#6364,#6366);
#6368=EDGE_CURVE('',#6363,#6355,#6367,.T.);
#6369=ORIENTED_EDGE('',*,*,#6368,.F.);
#6370=CARTESIAN_POINT('',(-1.172222403,0.3,-39.7));
#6371=VERTEX_POINT('',#6370);
#6372=CARTESIAN_POINT('',(-1.322222403,0.3,-39.7));
#6373=DIRECTION('',(1.,0.,0.));
#6374=VECTOR('',#6373,0.15);
#6375=LINE('',#6372,#6374);
#6376=EDGE_CURVE('',#6363,#6371,#6375,.T.);
#6377=ORIENTED_EDGE('',*,*,#6376,.T.);
#6378=CARTESIAN_POINT('',(-1.172222403,0.01,-39.7));
#6379=VERTEX_POINT('',#6378);
#6380=CARTESIAN_POINT('',(-1.172222403,0.3,-39.7));
#6381=DIRECTION('',(0.,-1.,0.));
#6382=VECTOR('',#6381,0.29);
#6383=LINE('',#6380,#6382);
#6384=EDGE_CURVE('',#6371,#6379,#6383,.T.);
#6385=ORIENTED_EDGE('',*,*,#6384,.T.);
#6386=CARTESIAN_POINT('',(-0.822222403,0.01,-39.7));
#6387=VERTEX_POINT('',#6386);
#6388=CARTESIAN_POINT('',(-0.822222403,0.01,-39.7));
#6389=DIRECTION('',(-1.,0.,-0.));
#6390=VECTOR('',#6389,0.35);
#6391=LINE('',#6388,#6390);
#6392=EDGE_CURVE('',#6387,#6379,#6391,.T.);
#6393=ORIENTED_EDGE('',*,*,#6392,.F.);
#6394=CARTESIAN_POINT('',(-0.822222403,0.3,-39.7));
#6395=VERTEX_POINT('',#6394);
#6396=CARTESIAN_POINT('',(-0.822222403,0.3,-39.7));
#6397=DIRECTION('',(0.,-1.,0.));
#6398=VECTOR('',#6397,0.29);
#6399=LINE('',#6396,#6398);
#6400=EDGE_CURVE('',#6395,#6387,#6399,.T.);
#6401=ORIENTED_EDGE('',*,*,#6400,.F.);
#6402=CARTESIAN_POINT('',(-0.672222403,0.3,-39.7));
#6403=VERTEX_POINT('',#6402);
#6404=CARTESIAN_POINT('',(-0.822222403,0.3,-39.7));
#6405=DIRECTION('',(1.,0.,0.));
#6406=VECTOR('',#6405,0.15);
#6407=LINE('',#6404,#6406);
#6408=EDGE_CURVE('',#6395,#6403,#6407,.T.);
#6409=ORIENTED_EDGE('',*,*,#6408,.T.);
#6410=CARTESIAN_POINT('',(-0.672222403,0.01,-39.7));
#6411=VERTEX_POINT('',#6410);
#6412=CARTESIAN_POINT('',(-0.672222403,0.3,-39.7));
#6413=DIRECTION('',(0.,-1.,0.));
#6414=VECTOR('',#6413,0.29);
#6415=LINE('',#6412,#6414);
#6416=EDGE_CURVE('',#6403,#6411,#6415,.T.);
#6417=ORIENTED_EDGE('',*,*,#6416,.T.);
#6418=CARTESIAN_POINT('',(-0.322222403,0.01,-39.7));
#6419=VERTEX_POINT('',#6418);
#6420=CARTESIAN_POINT('',(-0.322222403,0.01,-39.7));
#6421=DIRECTION('',(-1.,0.,-0.));
#6422=VECTOR('',#6421,0.35);
#6423=LINE('',#6420,#6422);
#6424=EDGE_CURVE('',#6419,#6411,#6423,.T.);
#6425=ORIENTED_EDGE('',*,*,#6424,.F.);
#6426=CARTESIAN_POINT('',(-0.322222403,0.3,-39.7));
#6427=VERTEX_POINT('',#6426);
#6428=CARTESIAN_POINT('',(-0.322222403,0.3,-39.7));
#6429=DIRECTION('',(0.,-1.,0.));
#6430=VECTOR('',#6429,0.29);
#6431=LINE('',#6428,#6430);
#6432=EDGE_CURVE('',#6427,#6419,#6431,.T.);
#6433=ORIENTED_EDGE('',*,*,#6432,.F.);
#6434=CARTESIAN_POINT('',(-0.172222403,0.3,-39.7));
#6435=VERTEX_POINT('',#6434);
#6436=CARTESIAN_POINT('',(-0.322222403,0.3,-39.7));
#6437=DIRECTION('',(1.,0.,0.));
#6438=VECTOR('',#6437,0.15);
#6439=LINE('',#6436,#6438);
#6440=EDGE_CURVE('',#6427,#6435,#6439,.T.);
#6441=ORIENTED_EDGE('',*,*,#6440,.T.);
#6442=CARTESIAN_POINT('',(-0.172222403,0.01,-39.7));
#6443=VERTEX_POINT('',#6442);
#6444=CARTESIAN_POINT('',(-0.172222403,0.3,-39.7));
#6445=DIRECTION('',(0.,-1.,0.));
#6446=VECTOR('',#6445,0.29);
#6447=LINE('',#6444,#6446);
#6448=EDGE_CURVE('',#6435,#6443,#6447,.T.);
#6449=ORIENTED_EDGE('',*,*,#6448,.T.);
#6450=CARTESIAN_POINT('',(0.177777597,0.01,-39.7));
#6451=VERTEX_POINT('',#6450);
#6452=CARTESIAN_POINT('',(0.177777597,0.01,-39.7));
#6453=DIRECTION('',(-1.,0.,-0.));
#6454=VECTOR('',#6453,0.35);
#6455=LINE('',#6452,#6454);
#6456=EDGE_CURVE('',#6451,#6443,#6455,.T.);
#6457=ORIENTED_EDGE('',*,*,#6456,.F.);
#6458=CARTESIAN_POINT('',(0.177777597,0.3,-39.7));
#6459=VERTEX_POINT('',#6458);
#6460=CARTESIAN_POINT('',(0.177777597,0.3,-39.7));
#6461=DIRECTION('',(0.,-1.,0.));
#6462=VECTOR('',#6461,0.29);
#6463=LINE('',#6460,#6462);
#6464=EDGE_CURVE('',#6459,#6451,#6463,.T.);
#6465=ORIENTED_EDGE('',*,*,#6464,.F.);
#6466=CARTESIAN_POINT('',(0.327777597,0.3,-39.7));
#6467=VERTEX_POINT('',#6466);
#6468=CARTESIAN_POINT('',(0.177777597,0.3,-39.7));
#6469=DIRECTION('',(1.,0.,0.));
#6470=VECTOR('',#6469,0.15);
#6471=LINE('',#6468,#6470);
#6472=EDGE_CURVE('',#6459,#6467,#6471,.T.);
#6473=ORIENTED_EDGE('',*,*,#6472,.T.);
#6474=CARTESIAN_POINT('',(0.327777597,0.01,-39.7));
#6475=VERTEX_POINT('',#6474);
#6476=CARTESIAN_POINT('',(0.327777597,0.3,-39.7));
#6477=DIRECTION('',(0.,-1.,0.));
#6478=VECTOR('',#6477,0.29);
#6479=LINE('',#6476,#6478);
#6480=EDGE_CURVE('',#6467,#6475,#6479,.T.);
#6481=ORIENTED_EDGE('',*,*,#6480,.T.);
#6482=CARTESIAN_POINT('',(0.677777597,0.01,-39.7));
#6483=VERTEX_POINT('',#6482);
#6484=CARTESIAN_POINT('',(0.677777597,0.01,-39.7));
#6485=DIRECTION('',(-1.,0.,-0.));
#6486=VECTOR('',#6485,0.35);
#6487=LINE('',#6484,#6486);
#6488=EDGE_CURVE('',#6483,#6475,#6487,.T.);
#6489=ORIENTED_EDGE('',*,*,#6488,.F.);
#6490=CARTESIAN_POINT('',(0.677777597,0.3,-39.7));
#6491=VERTEX_POINT('',#6490);
#6492=CARTESIAN_POINT('',(0.677777597,0.3,-39.7));
#6493=DIRECTION('',(0.,-1.,0.));
#6494=VECTOR('',#6493,0.29);
#6495=LINE('',#6492,#6494);
#6496=EDGE_CURVE('',#6491,#6483,#6495,.T.);
#6497=ORIENTED_EDGE('',*,*,#6496,.F.);
#6498=CARTESIAN_POINT('',(0.827777597,0.3,-39.7));
#6499=VERTEX_POINT('',#6498);
#6500=CARTESIAN_POINT('',(0.677777597,0.3,-39.7));
#6501=DIRECTION('',(1.,0.,0.));
#6502=VECTOR('',#6501,0.15);
#6503=LINE('',#6500,#6502);
#6504=EDGE_CURVE('',#6491,#6499,#6503,.T.);
#6505=ORIENTED_EDGE('',*,*,#6504,.T.);
#6506=CARTESIAN_POINT('',(0.827777597,0.01,-39.7));
#6507=VERTEX_POINT('',#6506);
#6508=CARTESIAN_POINT('',(0.827777597,0.3,-39.7));
#6509=DIRECTION('',(0.,-1.,0.));
#6510=VECTOR('',#6509,0.29);
#6511=LINE('',#6508,#6510);
#6512=EDGE_CURVE('',#6499,#6507,#6511,.T.);
#6513=ORIENTED_EDGE('',*,*,#6512,.T.);
#6514=CARTESIAN_POINT('',(1.177777597,0.01,-39.7));
#6515=VERTEX_POINT('',#6514);
#6516=CARTESIAN_POINT('',(1.177777597,0.01,-39.7));
#6517=DIRECTION('',(-1.,0.,-0.));
#6518=VECTOR('',#6517,0.35);
#6519=LINE('',#6516,#6518);
#6520=EDGE_CURVE('',#6515,#6507,#6519,.T.);
#6521=ORIENTED_EDGE('',*,*,#6520,.F.);
#6522=CARTESIAN_POINT('',(1.177777597,0.3,-39.7));
#6523=VERTEX_POINT('',#6522);
#6524=CARTESIAN_POINT('',(1.177777597,0.3,-39.7));
#6525=DIRECTION('',(0.,-1.,0.));
#6526=VECTOR('',#6525,0.29);
#6527=LINE('',#6524,#6526);
#6528=EDGE_CURVE('',#6523,#6515,#6527,.T.);
#6529=ORIENTED_EDGE('',*,*,#6528,.F.);
#6530=CARTESIAN_POINT('',(1.327777597,0.3,-39.7));
#6531=VERTEX_POINT('',#6530);
#6532=CARTESIAN_POINT('',(1.177777597,0.3,-39.7));
#6533=DIRECTION('',(1.,0.,0.));
#6534=VECTOR('',#6533,0.15);
#6535=LINE('',#6532,#6534);
#6536=EDGE_CURVE('',#6523,#6531,#6535,.T.);
#6537=ORIENTED_EDGE('',*,*,#6536,.T.);
#6538=CARTESIAN_POINT('',(1.327777597,0.01,-39.7));
#6539=VERTEX_POINT('',#6538);
#6540=CARTESIAN_POINT('',(1.327777597,0.3,-39.7));
#6541=DIRECTION('',(0.,-1.,0.));
#6542=VECTOR('',#6541,0.29);
#6543=LINE('',#6540,#6542);
#6544=EDGE_CURVE('',#6531,#6539,#6543,.T.);
#6545=ORIENTED_EDGE('',*,*,#6544,.T.);
#6546=CARTESIAN_POINT('',(1.677777597,0.01,-39.7));
#6547=VERTEX_POINT('',#6546);
#6548=CARTESIAN_POINT('',(1.677777597,0.01,-39.7));
#6549=DIRECTION('',(-1.,0.,-0.));
#6550=VECTOR('',#6549,0.35);
#6551=LINE('',#6548,#6550);
#6552=EDGE_CURVE('',#6547,#6539,#6551,.T.);
#6553=ORIENTED_EDGE('',*,*,#6552,.F.);
#6554=CARTESIAN_POINT('',(1.677777597,0.3,-39.7));
#6555=VERTEX_POINT('',#6554);
#6556=CARTESIAN_POINT('',(1.677777597,0.3,-39.7));
#6557=DIRECTION('',(0.,-1.,0.));
#6558=VECTOR('',#6557,0.29);
#6559=LINE('',#6556,#6558);
#6560=EDGE_CURVE('',#6555,#6547,#6559,.T.);
#6561=ORIENTED_EDGE('',*,*,#6560,.F.);
#6562=CARTESIAN_POINT('',(1.827777597,0.3,-39.7));
#6563=VERTEX_POINT('',#6562);
#6564=CARTESIAN_POINT('',(1.677777597,0.3,-39.7));
#6565=DIRECTION('',(1.,0.,0.));
#6566=VECTOR('',#6565,0.15);
#6567=LINE('',#6564,#6566);
#6568=EDGE_CURVE('',#6555,#6563,#6567,.T.);
#6569=ORIENTED_EDGE('',*,*,#6568,.T.);
#6570=CARTESIAN_POINT('',(1.827777597,0.01,-39.7));
#6571=VERTEX_POINT('',#6570);
#6572=CARTESIAN_POINT('',(1.827777597,0.3,-39.7));
#6573=DIRECTION('',(0.,-1.,0.));
#6574=VECTOR('',#6573,0.29);
#6575=LINE('',#6572,#6574);
#6576=EDGE_CURVE('',#6563,#6571,#6575,.T.);
#6577=ORIENTED_EDGE('',*,*,#6576,.T.);
#6578=CARTESIAN_POINT('',(2.177777597,0.01,-39.7));
#6579=VERTEX_POINT('',#6578);
#6580=CARTESIAN_POINT('',(2.177777597,0.01,-39.7));
#6581=DIRECTION('',(-1.,0.,-0.));
#6582=VECTOR('',#6581,0.35);
#6583=LINE('',#6580,#6582);
#6584=EDGE_CURVE('',#6579,#6571,#6583,.T.);
#6585=ORIENTED_EDGE('',*,*,#6584,.F.);
#6586=CARTESIAN_POINT('',(2.177777597,0.3,-39.7));
#6587=VERTEX_POINT('',#6586);
#6588=CARTESIAN_POINT('',(2.177777597,0.3,-39.7));
#6589=DIRECTION('',(0.,-1.,0.));
#6590=VECTOR('',#6589,0.29);
#6591=LINE('',#6588,#6590);
#6592=EDGE_CURVE('',#6587,#6579,#6591,.T.);
#6593=ORIENTED_EDGE('',*,*,#6592,.F.);
#6594=CARTESIAN_POINT('',(2.327777597,0.3,-39.7));
#6595=VERTEX_POINT('',#6594);
#6596=CARTESIAN_POINT('',(2.177777597,0.3,-39.7));
#6597=DIRECTION('',(1.,0.,0.));
#6598=VECTOR('',#6597,0.15);
#6599=LINE('',#6596,#6598);
#6600=EDGE_CURVE('',#6587,#6595,#6599,.T.);
#6601=ORIENTED_EDGE('',*,*,#6600,.T.);
#6602=CARTESIAN_POINT('',(2.327777597,0.01,-39.7));
#6603=VERTEX_POINT('',#6602);
#6604=CARTESIAN_POINT('',(2.327777597,0.3,-39.7));
#6605=DIRECTION('',(0.,-1.,0.));
#6606=VECTOR('',#6605,0.29);
#6607=LINE('',#6604,#6606);
#6608=EDGE_CURVE('',#6595,#6603,#6607,.T.);
#6609=ORIENTED_EDGE('',*,*,#6608,.T.);
#6610=CARTESIAN_POINT('',(2.677777597,0.01,-39.7));
#6611=VERTEX_POINT('',#6610);
#6612=CARTESIAN_POINT('',(2.677777597,0.01,-39.7));
#6613=DIRECTION('',(-1.,0.,-0.));
#6614=VECTOR('',#6613,0.35);
#6615=LINE('',#6612,#6614);
#6616=EDGE_CURVE('',#6611,#6603,#6615,.T.);
#6617=ORIENTED_EDGE('',*,*,#6616,.F.);
#6618=CARTESIAN_POINT('',(2.677777597,0.3,-39.7));
#6619=VERTEX_POINT('',#6618);
#6620=CARTESIAN_POINT('',(2.677777597,0.3,-39.7));
#6621=DIRECTION('',(0.,-1.,0.));
#6622=VECTOR('',#6621,0.29);
#6623=LINE('',#6620,#6622);
#6624=EDGE_CURVE('',#6619,#6611,#6623,.T.);
#6625=ORIENTED_EDGE('',*,*,#6624,.F.);
#6626=CARTESIAN_POINT('',(2.827777597,0.3,-39.7));
#6627=VERTEX_POINT('',#6626);
#6628=CARTESIAN_POINT('',(2.677777597,0.3,-39.7));
#6629=DIRECTION('',(1.,0.,0.));
#6630=VECTOR('',#6629,0.15);
#6631=LINE('',#6628,#6630);
#6632=EDGE_CURVE('',#6619,#6627,#6631,.T.);
#6633=ORIENTED_EDGE('',*,*,#6632,.T.);
#6634=CARTESIAN_POINT('',(2.827777597,0.01,-39.7));
#6635=VERTEX_POINT('',#6634);
#6636=CARTESIAN_POINT('',(2.827777597,0.3,-39.7));
#6637=DIRECTION('',(0.,-1.,0.));
#6638=VECTOR('',#6637,0.29);
#6639=LINE('',#6636,#6638);
#6640=EDGE_CURVE('',#6627,#6635,#6639,.T.);
#6641=ORIENTED_EDGE('',*,*,#6640,.T.);
#6642=CARTESIAN_POINT('',(3.177777597,0.01,-39.7));
#6643=VERTEX_POINT('',#6642);
#6644=CARTESIAN_POINT('',(3.177777597,0.01,-39.7));
#6645=DIRECTION('',(-1.,0.,-0.));
#6646=VECTOR('',#6645,0.35);
#6647=LINE('',#6644,#6646);
#6648=EDGE_CURVE('',#6643,#6635,#6647,.T.);
#6649=ORIENTED_EDGE('',*,*,#6648,.F.);
#6650=CARTESIAN_POINT('',(3.177777597,0.3,-39.7));
#6651=VERTEX_POINT('',#6650);
#6652=CARTESIAN_POINT('',(3.177777597,0.3,-39.7));
#6653=DIRECTION('',(0.,-1.,0.));
#6654=VECTOR('',#6653,0.29);
#6655=LINE('',#6652,#6654);
#6656=EDGE_CURVE('',#6651,#6643,#6655,.T.);
#6657=ORIENTED_EDGE('',*,*,#6656,.F.);
#6658=CARTESIAN_POINT('',(3.327777597,0.3,-39.7));
#6659=VERTEX_POINT('',#6658);
#6660=CARTESIAN_POINT('',(3.177777597,0.3,-39.7));
#6661=DIRECTION('',(1.,0.,0.));
#6662=VECTOR('',#6661,0.15);
#6663=LINE('',#6660,#6662);
#6664=EDGE_CURVE('',#6651,#6659,#6663,.T.);
#6665=ORIENTED_EDGE('',*,*,#6664,.T.);
#6666=CARTESIAN_POINT('',(3.327777597,0.01,-39.7));
#6667=VERTEX_POINT('',#6666);
#6668=CARTESIAN_POINT('',(3.327777597,0.3,-39.7));
#6669=DIRECTION('',(0.,-1.,0.));
#6670=VECTOR('',#6669,0.29);
#6671=LINE('',#6668,#6670);
#6672=EDGE_CURVE('',#6659,#6667,#6671,.T.);
#6673=ORIENTED_EDGE('',*,*,#6672,.T.);
#6674=CARTESIAN_POINT('',(3.677777597,0.01,-39.7));
#6675=VERTEX_POINT('',#6674);
#6676=CARTESIAN_POINT('',(3.677777597,0.01,-39.7));
#6677=DIRECTION('',(-1.,0.,-0.));
#6678=VECTOR('',#6677,0.35);
#6679=LINE('',#6676,#6678);
#6680=EDGE_CURVE('',#6675,#6667,#6679,.T.);
#6681=ORIENTED_EDGE('',*,*,#6680,.F.);
#6682=CARTESIAN_POINT('',(3.677777597,0.3,-39.7));
#6683=VERTEX_POINT('',#6682);
#6684=CARTESIAN_POINT('',(3.677777597,0.3,-39.7));
#6685=DIRECTION('',(0.,-1.,0.));
#6686=VECTOR('',#6685,0.29);
#6687=LINE('',#6684,#6686);
#6688=EDGE_CURVE('',#6683,#6675,#6687,.T.);
#6689=ORIENTED_EDGE('',*,*,#6688,.F.);
#6690=CARTESIAN_POINT('',(3.827777597,0.3,-39.7));
#6691=VERTEX_POINT('',#6690);
#6692=CARTESIAN_POINT('',(3.677777597,0.3,-39.7));
#6693=DIRECTION('',(1.,0.,0.));
#6694=VECTOR('',#6693,0.15);
#6695=LINE('',#6692,#6694);
#6696=EDGE_CURVE('',#6683,#6691,#6695,.T.);
#6697=ORIENTED_EDGE('',*,*,#6696,.T.);
#6698=CARTESIAN_POINT('',(3.827777597,0.01,-39.7));
#6699=VERTEX_POINT('',#6698);
#6700=CARTESIAN_POINT('',(3.827777597,0.3,-39.7));
#6701=DIRECTION('',(0.,-1.,0.));
#6702=VECTOR('',#6701,0.29);
#6703=LINE('',#6700,#6702);
#6704=EDGE_CURVE('',#6691,#6699,#6703,.T.);
#6705=ORIENTED_EDGE('',*,*,#6704,.T.);
#6706=CARTESIAN_POINT('',(4.177777597,0.01,-39.7));
#6707=VERTEX_POINT('',#6706);
#6708=CARTESIAN_POINT('',(4.177777597,0.01,-39.7));
#6709=DIRECTION('',(-1.,0.,-0.));
#6710=VECTOR('',#6709,0.35);
#6711=LINE('',#6708,#6710);
#6712=EDGE_CURVE('',#6707,#6699,#6711,.T.);
#6713=ORIENTED_EDGE('',*,*,#6712,.F.);
#6714=CARTESIAN_POINT('',(4.177777597,0.3,-39.7));
#6715=VERTEX_POINT('',#6714);
#6716=CARTESIAN_POINT('',(4.177777597,0.3,-39.7));
#6717=DIRECTION('',(0.,-1.,0.));
#6718=VECTOR('',#6717,0.29);
#6719=LINE('',#6716,#6718);
#6720=EDGE_CURVE('',#6715,#6707,#6719,.T.);
#6721=ORIENTED_EDGE('',*,*,#6720,.F.);
#6722=CARTESIAN_POINT('',(4.327777597,0.3,-39.7));
#6723=VERTEX_POINT('',#6722);
#6724=CARTESIAN_POINT('',(4.177777597,0.3,-39.7));
#6725=DIRECTION('',(1.,0.,0.));
#6726=VECTOR('',#6725,0.15);
#6727=LINE('',#6724,#6726);
#6728=EDGE_CURVE('',#6715,#6723,#6727,.T.);
#6729=ORIENTED_EDGE('',*,*,#6728,.T.);
#6730=CARTESIAN_POINT('',(4.327777597,0.01,-39.7));
#6731=VERTEX_POINT('',#6730);
#6732=CARTESIAN_POINT('',(4.327777597,0.3,-39.7));
#6733=DIRECTION('',(0.,-1.,0.));
#6734=VECTOR('',#6733,0.29);
#6735=LINE('',#6732,#6734);
#6736=EDGE_CURVE('',#6723,#6731,#6735,.T.);
#6737=ORIENTED_EDGE('',*,*,#6736,.T.);
#6738=CARTESIAN_POINT('',(4.677777597,0.01,-39.7));
#6739=VERTEX_POINT('',#6738);
#6740=CARTESIAN_POINT('',(4.677777597,0.01,-39.7));
#6741=DIRECTION('',(-1.,0.,-0.));
#6742=VECTOR('',#6741,0.35);
#6743=LINE('',#6740,#6742);
#6744=EDGE_CURVE('',#6739,#6731,#6743,.T.);
#6745=ORIENTED_EDGE('',*,*,#6744,.F.);
#6746=CARTESIAN_POINT('',(4.677777597,0.3,-39.7));
#6747=VERTEX_POINT('',#6746);
#6748=CARTESIAN_POINT('',(4.677777597,0.3,-39.7));
#6749=DIRECTION('',(0.,-1.,0.));
#6750=VECTOR('',#6749,0.29);
#6751=LINE('',#6748,#6750);
#6752=EDGE_CURVE('',#6747,#6739,#6751,.T.);
#6753=ORIENTED_EDGE('',*,*,#6752,.F.);
#6754=CARTESIAN_POINT('',(4.827777597,0.3,-39.7));
#6755=VERTEX_POINT('',#6754);
#6756=CARTESIAN_POINT('',(4.677777597,0.3,-39.7));
#6757=DIRECTION('',(1.,0.,0.));
#6758=VECTOR('',#6757,0.15);
#6759=LINE('',#6756,#6758);
#6760=EDGE_CURVE('',#6747,#6755,#6759,.T.);
#6761=ORIENTED_EDGE('',*,*,#6760,.T.);
#6762=CARTESIAN_POINT('',(4.827777597,0.01,-39.7));
#6763=VERTEX_POINT('',#6762);
#6764=CARTESIAN_POINT('',(4.827777597,0.3,-39.7));
#6765=DIRECTION('',(0.,-1.,0.));
#6766=VECTOR('',#6765,0.29);
#6767=LINE('',#6764,#6766);
#6768=EDGE_CURVE('',#6755,#6763,#6767,.T.);
#6769=ORIENTED_EDGE('',*,*,#6768,.T.);
#6770=CARTESIAN_POINT('',(5.177777597,0.01,-39.7));
#6771=VERTEX_POINT('',#6770);
#6772=CARTESIAN_POINT('',(5.177777597,0.01,-39.7));
#6773=DIRECTION('',(-1.,0.,-0.));
#6774=VECTOR('',#6773,0.35);
#6775=LINE('',#6772,#6774);
#6776=EDGE_CURVE('',#6771,#6763,#6775,.T.);
#6777=ORIENTED_EDGE('',*,*,#6776,.F.);
#6778=CARTESIAN_POINT('',(5.177777597,0.3,-39.7));
#6779=VERTEX_POINT('',#6778);
#6780=CARTESIAN_POINT('',(5.177777597,0.3,-39.7));
#6781=DIRECTION('',(0.,-1.,0.));
#6782=VECTOR('',#6781,0.29);
#6783=LINE('',#6780,#6782);
#6784=EDGE_CURVE('',#6779,#6771,#6783,.T.);
#6785=ORIENTED_EDGE('',*,*,#6784,.F.);
#6786=CARTESIAN_POINT('',(5.327777597,0.3,-39.7));
#6787=VERTEX_POINT('',#6786);
#6788=CARTESIAN_POINT('',(5.177777597,0.3,-39.7));
#6789=DIRECTION('',(1.,0.,0.));
#6790=VECTOR('',#6789,0.15);
#6791=LINE('',#6788,#6790);
#6792=EDGE_CURVE('',#6779,#6787,#6791,.T.);
#6793=ORIENTED_EDGE('',*,*,#6792,.T.);
#6794=CARTESIAN_POINT('',(5.327777597,0.01,-39.7));
#6795=VERTEX_POINT('',#6794);
#6796=CARTESIAN_POINT('',(5.327777597,0.3,-39.7));
#6797=DIRECTION('',(0.,-1.,0.));
#6798=VECTOR('',#6797,0.29);
#6799=LINE('',#6796,#6798);
#6800=EDGE_CURVE('',#6787,#6795,#6799,.T.);
#6801=ORIENTED_EDGE('',*,*,#6800,.T.);
#6802=CARTESIAN_POINT('',(5.677777597,0.01,-39.7));
#6803=VERTEX_POINT('',#6802);
#6804=CARTESIAN_POINT('',(5.677777597,0.01,-39.7));
#6805=DIRECTION('',(-1.,0.,-0.));
#6806=VECTOR('',#6805,0.35);
#6807=LINE('',#6804,#6806);
#6808=EDGE_CURVE('',#6803,#6795,#6807,.T.);
#6809=ORIENTED_EDGE('',*,*,#6808,.F.);
#6810=CARTESIAN_POINT('',(5.677777597,0.3,-39.7));
#6811=VERTEX_POINT('',#6810);
#6812=CARTESIAN_POINT('',(5.677777597,0.3,-39.7));
#6813=DIRECTION('',(0.,-1.,0.));
#6814=VECTOR('',#6813,0.29);
#6815=LINE('',#6812,#6814);
#6816=EDGE_CURVE('',#6811,#6803,#6815,.T.);
#6817=ORIENTED_EDGE('',*,*,#6816,.F.);
#6818=CARTESIAN_POINT('',(5.827777597,0.3,-39.7));
#6819=VERTEX_POINT('',#6818);
#6820=CARTESIAN_POINT('',(5.677777597,0.3,-39.7));
#6821=DIRECTION('',(1.,0.,0.));
#6822=VECTOR('',#6821,0.15);
#6823=LINE('',#6820,#6822);
#6824=EDGE_CURVE('',#6811,#6819,#6823,.T.);
#6825=ORIENTED_EDGE('',*,*,#6824,.T.);
#6826=CARTESIAN_POINT('',(5.827777597,0.01,-39.7));
#6827=VERTEX_POINT('',#6826);
#6828=CARTESIAN_POINT('',(5.827777597,0.3,-39.7));
#6829=DIRECTION('',(0.,-1.,0.));
#6830=VECTOR('',#6829,0.29);
#6831=LINE('',#6828,#6830);
#6832=EDGE_CURVE('',#6819,#6827,#6831,.T.);
#6833=ORIENTED_EDGE('',*,*,#6832,.T.);
#6834=CARTESIAN_POINT('',(6.177777597,0.01,-39.7));
#6835=VERTEX_POINT('',#6834);
#6836=CARTESIAN_POINT('',(6.177777597,0.01,-39.7));
#6837=DIRECTION('',(-1.,0.,-0.));
#6838=VECTOR('',#6837,0.35);
#6839=LINE('',#6836,#6838);
#6840=EDGE_CURVE('',#6835,#6827,#6839,.T.);
#6841=ORIENTED_EDGE('',*,*,#6840,.F.);
#6842=CARTESIAN_POINT('',(6.177777597,0.3,-39.7));
#6843=VERTEX_POINT('',#6842);
#6844=CARTESIAN_POINT('',(6.177777597,0.3,-39.7));
#6845=DIRECTION('',(0.,-1.,0.));
#6846=VECTOR('',#6845,0.29);
#6847=LINE('',#6844,#6846);
#6848=EDGE_CURVE('',#6843,#6835,#6847,.T.);
#6849=ORIENTED_EDGE('',*,*,#6848,.F.);
#6850=CARTESIAN_POINT('',(6.327777597,0.3,-39.7));
#6851=VERTEX_POINT('',#6850);
#6852=CARTESIAN_POINT('',(6.177777597,0.3,-39.7));
#6853=DIRECTION('',(1.,0.,0.));
#6854=VECTOR('',#6853,0.15);
#6855=LINE('',#6852,#6854);
#6856=EDGE_CURVE('',#6843,#6851,#6855,.T.);
#6857=ORIENTED_EDGE('',*,*,#6856,.T.);
#6858=CARTESIAN_POINT('',(6.327777597,0.01,-39.7));
#6859=VERTEX_POINT('',#6858);
#6860=CARTESIAN_POINT('',(6.327777597,0.3,-39.7));
#6861=DIRECTION('',(0.,-1.,0.));
#6862=VECTOR('',#6861,0.29);
#6863=LINE('',#6860,#6862);
#6864=EDGE_CURVE('',#6851,#6859,#6863,.T.);
#6865=ORIENTED_EDGE('',*,*,#6864,.T.);
#6866=CARTESIAN_POINT('',(6.677777597,0.01,-39.7));
#6867=VERTEX_POINT('',#6866);
#6868=CARTESIAN_POINT('',(6.677777597,0.01,-39.7));
#6869=DIRECTION('',(-1.,0.,-0.));
#6870=VECTOR('',#6869,0.35);
#6871=LINE('',#6868,#6870);
#6872=EDGE_CURVE('',#6867,#6859,#6871,.T.);
#6873=ORIENTED_EDGE('',*,*,#6872,.F.);
#6874=CARTESIAN_POINT('',(6.677777597,0.3,-39.7));
#6875=VERTEX_POINT('',#6874);
#6876=CARTESIAN_POINT('',(6.677777597,0.3,-39.7));
#6877=DIRECTION('',(0.,-1.,0.));
#6878=VECTOR('',#6877,0.29);
#6879=LINE('',#6876,#6878);
#6880=EDGE_CURVE('',#6875,#6867,#6879,.T.);
#6881=ORIENTED_EDGE('',*,*,#6880,.F.);
#6882=CARTESIAN_POINT('',(6.827777597,0.3,-39.7));
#6883=VERTEX_POINT('',#6882);
#6884=CARTESIAN_POINT('',(6.677777597,0.3,-39.7));
#6885=DIRECTION('',(1.,0.,0.));
#6886=VECTOR('',#6885,0.15);
#6887=LINE('',#6884,#6886);
#6888=EDGE_CURVE('',#6875,#6883,#6887,.T.);
#6889=ORIENTED_EDGE('',*,*,#6888,.T.);
#6890=CARTESIAN_POINT('',(6.827777597,0.01,-39.7));
#6891=VERTEX_POINT('',#6890);
#6892=CARTESIAN_POINT('',(6.827777597,0.3,-39.7));
#6893=DIRECTION('',(0.,-1.,0.));
#6894=VECTOR('',#6893,0.29);
#6895=LINE('',#6892,#6894);
#6896=EDGE_CURVE('',#6883,#6891,#6895,.T.);
#6897=ORIENTED_EDGE('',*,*,#6896,.T.);
#6898=CARTESIAN_POINT('',(7.177777597,0.01,-39.7));
#6899=VERTEX_POINT('',#6898);
#6900=CARTESIAN_POINT('',(7.177777597,0.01,-39.7));
#6901=DIRECTION('',(-1.,0.,-0.));
#6902=VECTOR('',#6901,0.35);
#6903=LINE('',#6900,#6902);
#6904=EDGE_CURVE('',#6899,#6891,#6903,.T.);
#6905=ORIENTED_EDGE('',*,*,#6904,.F.);
#6906=CARTESIAN_POINT('',(7.177777597,0.3,-39.7));
#6907=VERTEX_POINT('',#6906);
#6908=CARTESIAN_POINT('',(7.177777597,0.3,-39.7));
#6909=DIRECTION('',(0.,-1.,0.));
#6910=VECTOR('',#6909,0.29);
#6911=LINE('',#6908,#6910);
#6912=EDGE_CURVE('',#6907,#6899,#6911,.T.);
#6913=ORIENTED_EDGE('',*,*,#6912,.F.);
#6914=CARTESIAN_POINT('',(7.327777597,0.3,-39.7));
#6915=VERTEX_POINT('',#6914);
#6916=CARTESIAN_POINT('',(7.177777597,0.3,-39.7));
#6917=DIRECTION('',(1.,0.,0.));
#6918=VECTOR('',#6917,0.15);
#6919=LINE('',#6916,#6918);
#6920=EDGE_CURVE('',#6907,#6915,#6919,.T.);
#6921=ORIENTED_EDGE('',*,*,#6920,.T.);
#6922=CARTESIAN_POINT('',(7.327777597,0.01,-39.7));
#6923=VERTEX_POINT('',#6922);
#6924=CARTESIAN_POINT('',(7.327777597,0.3,-39.7));
#6925=DIRECTION('',(0.,-1.,0.));
#6926=VECTOR('',#6925,0.29);
#6927=LINE('',#6924,#6926);
#6928=EDGE_CURVE('',#6915,#6923,#6927,.T.);
#6929=ORIENTED_EDGE('',*,*,#6928,.T.);
#6930=CARTESIAN_POINT('',(7.677777597,0.01,-39.7));
#6931=VERTEX_POINT('',#6930);
#6932=CARTESIAN_POINT('',(7.677777597,0.01,-39.7));
#6933=DIRECTION('',(-1.,0.,-0.));
#6934=VECTOR('',#6933,0.35);
#6935=LINE('',#6932,#6934);
#6936=EDGE_CURVE('',#6931,#6923,#6935,.T.);
#6937=ORIENTED_EDGE('',*,*,#6936,.F.);
#6938=CARTESIAN_POINT('',(7.677777597,0.3,-39.7));
#6939=VERTEX_POINT('',#6938);
#6940=CARTESIAN_POINT('',(7.677777597,0.3,-39.7));
#6941=DIRECTION('',(0.,-1.,0.));
#6942=VECTOR('',#6941,0.29);
#6943=LINE('',#6940,#6942);
#6944=EDGE_CURVE('',#6939,#6931,#6943,.T.);
#6945=ORIENTED_EDGE('',*,*,#6944,.F.);
#6946=CARTESIAN_POINT('',(7.827777597,0.3,-39.7));
#6947=VERTEX_POINT('',#6946);
#6948=CARTESIAN_POINT('',(7.677777597,0.3,-39.7));
#6949=DIRECTION('',(1.,0.,0.));
#6950=VECTOR('',#6949,0.15);
#6951=LINE('',#6948,#6950);
#6952=EDGE_CURVE('',#6939,#6947,#6951,.T.);
#6953=ORIENTED_EDGE('',*,*,#6952,.T.);
#6954=CARTESIAN_POINT('',(7.827777597,0.01,-39.7));
#6955=VERTEX_POINT('',#6954);
#6956=CARTESIAN_POINT('',(7.827777597,0.3,-39.7));
#6957=DIRECTION('',(0.,-1.,0.));
#6958=VECTOR('',#6957,0.29);
#6959=LINE('',#6956,#6958);
#6960=EDGE_CURVE('',#6947,#6955,#6959,.T.);
#6961=ORIENTED_EDGE('',*,*,#6960,.T.);
#6962=CARTESIAN_POINT('',(8.177777597,0.01,-39.7));
#6963=VERTEX_POINT('',#6962);
#6964=CARTESIAN_POINT('',(8.177777597,0.01,-39.7));
#6965=DIRECTION('',(-1.,0.,-0.));
#6966=VECTOR('',#6965,0.35);
#6967=LINE('',#6964,#6966);
#6968=EDGE_CURVE('',#6963,#6955,#6967,.T.);
#6969=ORIENTED_EDGE('',*,*,#6968,.F.);
#6970=CARTESIAN_POINT('',(8.177777597,0.3,-39.7));
#6971=VERTEX_POINT('',#6970);
#6972=CARTESIAN_POINT('',(8.177777597,0.3,-39.7));
#6973=DIRECTION('',(0.,-1.,0.));
#6974=VECTOR('',#6973,0.29);
#6975=LINE('',#6972,#6974);
#6976=EDGE_CURVE('',#6971,#6963,#6975,.T.);
#6977=ORIENTED_EDGE('',*,*,#6976,.F.);
#6978=CARTESIAN_POINT('',(8.327777597,0.3,-39.7));
#6979=VERTEX_POINT('',#6978);
#6980=CARTESIAN_POINT('',(8.177777597,0.3,-39.7));
#6981=DIRECTION('',(1.,0.,0.));
#6982=VECTOR('',#6981,0.15);
#6983=LINE('',#6980,#6982);
#6984=EDGE_CURVE('',#6971,#6979,#6983,.T.);
#6985=ORIENTED_EDGE('',*,*,#6984,.T.);
#6986=CARTESIAN_POINT('',(8.327777597,0.01,-39.7));
#6987=VERTEX_POINT('',#6986);
#6988=CARTESIAN_POINT('',(8.327777597,0.3,-39.7));
#6989=DIRECTION('',(0.,-1.,0.));
#6990=VECTOR('',#6989,0.29);
#6991=LINE('',#6988,#6990);
#6992=EDGE_CURVE('',#6979,#6987,#6991,.T.);
#6993=ORIENTED_EDGE('',*,*,#6992,.T.);
#6994=CARTESIAN_POINT('',(8.677777597,0.01,-39.7));
#6995=VERTEX_POINT('',#6994);
#6996=CARTESIAN_POINT('',(8.677777597,0.01,-39.7));
#6997=DIRECTION('',(-1.,0.,-0.));
#6998=VECTOR('',#6997,0.35);
#6999=LINE('',#6996,#6998);
#7000=EDGE_CURVE('',#6995,#6987,#6999,.T.);
#7001=ORIENTED_EDGE('',*,*,#7000,.F.);
#7002=CARTESIAN_POINT('',(8.677777597,0.3,-39.7));
#7003=VERTEX_POINT('',#7002);
#7004=CARTESIAN_POINT('',(8.677777597,0.3,-39.7));
#7005=DIRECTION('',(0.,-1.,0.));
#7006=VECTOR('',#7005,0.29);
#7007=LINE('',#7004,#7006);
#7008=EDGE_CURVE('',#7003,#6995,#7007,.T.);
#7009=ORIENTED_EDGE('',*,*,#7008,.F.);
#7010=CARTESIAN_POINT('',(8.827777597,0.3,-39.7));
#7011=VERTEX_POINT('',#7010);
#7012=CARTESIAN_POINT('',(8.677777597,0.3,-39.7));
#7013=DIRECTION('',(1.,0.,0.));
#7014=VECTOR('',#7013,0.15);
#7015=LINE('',#7012,#7014);
#7016=EDGE_CURVE('',#7003,#7011,#7015,.T.);
#7017=ORIENTED_EDGE('',*,*,#7016,.T.);
#7018=CARTESIAN_POINT('',(8.827777597,0.01,-39.7));
#7019=VERTEX_POINT('',#7018);
#7020=CARTESIAN_POINT('',(8.827777597,0.3,-39.7));
#7021=DIRECTION('',(0.,-1.,0.));
#7022=VECTOR('',#7021,0.29);
#7023=LINE('',#7020,#7022);
#7024=EDGE_CURVE('',#7011,#7019,#7023,.T.);
#7025=ORIENTED_EDGE('',*,*,#7024,.T.);
#7026=CARTESIAN_POINT('',(9.177777597,0.01,-39.7));
#7027=VERTEX_POINT('',#7026);
#7028=CARTESIAN_POINT('',(9.177777597,0.01,-39.7));
#7029=DIRECTION('',(-1.,0.,-0.));
#7030=VECTOR('',#7029,0.35);
#7031=LINE('',#7028,#7030);
#7032=EDGE_CURVE('',#7027,#7019,#7031,.T.);
#7033=ORIENTED_EDGE('',*,*,#7032,.F.);
#7034=CARTESIAN_POINT('',(9.177777597,0.3,-39.7));
#7035=VERTEX_POINT('',#7034);
#7036=CARTESIAN_POINT('',(9.177777597,0.3,-39.7));
#7037=DIRECTION('',(0.,-1.,0.));
#7038=VECTOR('',#7037,0.29);
#7039=LINE('',#7036,#7038);
#7040=EDGE_CURVE('',#7035,#7027,#7039,.T.);
#7041=ORIENTED_EDGE('',*,*,#7040,.F.);
#7042=CARTESIAN_POINT('',(9.177777597,0.3,-39.7));
#7043=DIRECTION('',(1.,0.,0.));
#7044=VECTOR('',#7043,0.747222403);
#7045=LINE('',#7042,#7044);
#7046=EDGE_CURVE('',#7035,#1851,#7045,.T.);
#7047=ORIENTED_EDGE('',*,*,#7046,.T.);
#7048=ORIENTED_EDGE('',*,*,#1856,.T.);
#7049=EDGE_LOOP('',(#6112,#6113,#6121,#6129,#6137,#6145,#6153,#6161,#6169,#6177,#6185,#6193,#6201,#6209,#6217,#6225,#6233,#6241,#6249,#6257,#6265,#6273,#6281,#6289,#6297,#6305,
#6313,#6321,#6329,#6337,#6345,#6353,#6361,#6369,#6377,#6385,#6393,#6401,#6409,#6417,#6425,#6433,#6441,#6449,#6457,#6465,#6473,#6481,#6489,#6497,#6505,
#6513,#6521,#6529,#6537,#6545,#6553,#6561,#6569,#6577,#6585,#6593,#6601,#6609,#6617,#6625,#6633,#6641,#6649,#6657,#6665,#6673,#6681,#6689,#6697,#6705,
#6713,#6721,#6729,#6737,#6745,#6753,#6761,#6769,#6777,#6785,#6793,#6801,#6809,#6817,#6825,#6833,#6841,#6849,#6857,#6865,#6873,#6881,#6889,#6897,#6905,
#6913,#6921,#6929,#6937,#6945,#6953,#6961,#6969,#6977,#6985,#6993,#7001,#7009,#7017,#7025,#7033,#7041,#7047,#7048));
#7050=FACE_BOUND('',#7049,.T.);
#7051=ADVANCED_FACE('',(#7050),#6111,.F.);
#7052=CARTESIAN_POINT('',(0.,0.01,0.));
#7053=DIRECTION('',(0.,-1.,0.));
#7054=DIRECTION('',(0.,0.,-1.));
#7055=AXIS2_PLACEMENT_3D('',#7052,#7053,#7054);
#7056=PLANE('',#7055);
#7057=CARTESIAN_POINT('',(8.327777597,0.01,-37.5));
#7058=VERTEX_POINT('',#7057);
#7059=CARTESIAN_POINT('',(8.677777597,0.01,-37.5));
#7060=VERTEX_POINT('',#7059);
#7061=CARTESIAN_POINT('',(8.327777597,0.01,-37.5));
#7062=DIRECTION('',(1.,0.,-0.));
#7063=VECTOR('',#7062,0.35);
#7064=LINE('',#7061,#7063);
#7065=EDGE_CURVE('',#7058,#7060,#7064,.T.);
#7066=ORIENTED_EDGE('',*,*,#7065,.T.);
#7067=CARTESIAN_POINT('',(8.677777597,0.01,-37.5));
#7068=DIRECTION('',(-0.,0.,-1.));
#7069=VECTOR('',#7068,2.2);
#7070=LINE('',#7067,#7069);
#7071=EDGE_CURVE('',#7060,#6995,#7070,.T.);
#7072=ORIENTED_EDGE('',*,*,#7071,.T.);
#7073=ORIENTED_EDGE('',*,*,#7000,.T.);
#7074=CARTESIAN_POINT('',(8.327777597,0.01,-39.7));
#7075=DIRECTION('',(-0.,0.,1.));
#7076=VECTOR('',#7075,2.2);
#7077=LINE('',#7074,#7076);
#7078=EDGE_CURVE('',#6987,#7058,#7077,.T.);
#7079=ORIENTED_EDGE('',*,*,#7078,.T.);
#7080=EDGE_LOOP('',(#7066,#7072,#7073,#7079));
#7081=FACE_BOUND('',#7080,.T.);
#7082=ADVANCED_FACE('',(#7081),#7056,.F.);
#7083=CARTESIAN_POINT('',(0.,0.01,0.));
#7084=DIRECTION('',(0.,-1.,0.));
#7085=DIRECTION('',(0.,0.,-1.));
#7086=AXIS2_PLACEMENT_3D('',#7083,#7084,#7085);
#7087=PLANE('',#7086);
#7088=CARTESIAN_POINT('',(8.827777597,0.01,-37.5));
#7089=VERTEX_POINT('',#7088);
#7090=CARTESIAN_POINT('',(9.177777597,0.01,-37.5));
#7091=VERTEX_POINT('',#7090);
#7092=CARTESIAN_POINT('',(8.827777597,0.01,-37.5));
#7093=DIRECTION('',(1.,0.,-0.));
#7094=VECTOR('',#7093,0.35);
#7095=LINE('',#7092,#7094);
#7096=EDGE_CURVE('',#7089,#7091,#7095,.T.);
#7097=ORIENTED_EDGE('',*,*,#7096,.T.);
#7098=CARTESIAN_POINT('',(9.177777597,0.01,-37.5));
#7099=DIRECTION('',(-0.,0.,-1.));
#7100=VECTOR('',#7099,2.2);
#7101=LINE('',#7098,#7100);
#7102=EDGE_CURVE('',#7091,#7027,#7101,.T.);
#7103=ORIENTED_EDGE('',*,*,#7102,.T.);
#7104=ORIENTED_EDGE('',*,*,#7032,.T.);
#7105=CARTESIAN_POINT('',(8.827777597,0.01,-39.7));
#7106=DIRECTION('',(-0.,0.,1.));
#7107=VECTOR('',#7106,2.2);
#7108=LINE('',#7105,#7107);
#7109=EDGE_CURVE('',#7019,#7089,#7108,.T.);
#7110=ORIENTED_EDGE('',*,*,#7109,.T.);
#7111=EDGE_LOOP('',(#7097,#7103,#7104,#7110));
#7112=FACE_BOUND('',#7111,.T.);
#7113=ADVANCED_FACE('',(#7112),#7087,.F.);
#7114=CARTESIAN_POINT('',(0.,0.01,0.));
#7115=DIRECTION('',(0.,-1.,0.));
#7116=DIRECTION('',(0.,0.,-1.));
#7117=AXIS2_PLACEMENT_3D('',#7114,#7115,#7116);
#7118=PLANE('',#7117);
#7119=CARTESIAN_POINT('',(7.827777597,0.01,-37.5));
#7120=VERTEX_POINT('',#7119);
#7121=CARTESIAN_POINT('',(8.177777597,0.01,-37.5));
#7122=VERTEX_POINT('',#7121);
#7123=CARTESIAN_POINT('',(7.827777597,0.01,-37.5));
#7124=DIRECTION('',(1.,0.,-0.));
#7125=VECTOR('',#7124,0.35);
#7126=LINE('',#7123,#7125);
#7127=EDGE_CURVE('',#7120,#7122,#7126,.T.);
#7128=ORIENTED_EDGE('',*,*,#7127,.T.);
#7129=CARTESIAN_POINT('',(8.177777597,0.01,-37.5));
#7130=DIRECTION('',(-0.,0.,-1.));
#7131=VECTOR('',#7130,2.2);
#7132=LINE('',#7129,#7131);
#7133=EDGE_CURVE('',#7122,#6963,#7132,.T.);
#7134=ORIENTED_EDGE('',*,*,#7133,.T.);
#7135=ORIENTED_EDGE('',*,*,#6968,.T.);
#7136=CARTESIAN_POINT('',(7.827777597,0.01,-39.7));
#7137=DIRECTION('',(-0.,0.,1.));
#7138=VECTOR('',#7137,2.2);
#7139=LINE('',#7136,#7138);
#7140=EDGE_CURVE('',#6955,#7120,#7139,.T.);
#7141=ORIENTED_EDGE('',*,*,#7140,.T.);
#7142=EDGE_LOOP('',(#7128,#7134,#7135,#7141));
#7143=FACE_BOUND('',#7142,.T.);
#7144=ADVANCED_FACE('',(#7143),#7118,.F.);
#7145=CARTESIAN_POINT('',(0.,0.01,0.));
#7146=DIRECTION('',(0.,-1.,0.));
#7147=DIRECTION('',(0.,0.,-1.));
#7148=AXIS2_PLACEMENT_3D('',#7145,#7146,#7147);
#7149=PLANE('',#7148);
#7150=CARTESIAN_POINT('',(7.327777597,0.01,-37.5));
#7151=VERTEX_POINT('',#7150);
#7152=CARTESIAN_POINT('',(7.677777597,0.01,-37.5));
#7153=VERTEX_POINT('',#7152);
#7154=CARTESIAN_POINT('',(7.327777597,0.01,-37.5));
#7155=DIRECTION('',(1.,0.,-0.));
#7156=VECTOR('',#7155,0.35);
#7157=LINE('',#7154,#7156);
#7158=EDGE_CURVE('',#7151,#7153,#7157,.T.);
#7159=ORIENTED_EDGE('',*,*,#7158,.T.);
#7160=CARTESIAN_POINT('',(7.677777597,0.01,-37.5));
#7161=DIRECTION('',(-0.,0.,-1.));
#7162=VECTOR('',#7161,2.2);
#7163=LINE('',#7160,#7162);
#7164=EDGE_CURVE('',#7153,#6931,#7163,.T.);
#7165=ORIENTED_EDGE('',*,*,#7164,.T.);
#7166=ORIENTED_EDGE('',*,*,#6936,.T.);
#7167=CARTESIAN_POINT('',(7.327777597,0.01,-39.7));
#7168=DIRECTION('',(-0.,0.,1.));
#7169=VECTOR('',#7168,2.2);
#7170=LINE('',#7167,#7169);
#7171=EDGE_CURVE('',#6923,#7151,#7170,.T.);
#7172=ORIENTED_EDGE('',*,*,#7171,.T.);
#7173=EDGE_LOOP('',(#7159,#7165,#7166,#7172));
#7174=FACE_BOUND('',#7173,.T.);
#7175=ADVANCED_FACE('',(#7174),#7149,.F.);
#7176=CARTESIAN_POINT('',(0.,0.01,0.));
#7177=DIRECTION('',(0.,-1.,0.));
#7178=DIRECTION('',(0.,0.,-1.));
#7179=AXIS2_PLACEMENT_3D('',#7176,#7177,#7178);
#7180=PLANE('',#7179);
#7181=CARTESIAN_POINT('',(6.827777597,0.01,-37.5));
#7182=VERTEX_POINT('',#7181);
#7183=CARTESIAN_POINT('',(7.177777597,0.01,-37.5));
#7184=VERTEX_POINT('',#7183);
#7185=CARTESIAN_POINT('',(6.827777597,0.01,-37.5));
#7186=DIRECTION('',(1.,0.,-0.));
#7187=VECTOR('',#7186,0.35);
#7188=LINE('',#7185,#7187);
#7189=EDGE_CURVE('',#7182,#7184,#7188,.T.);
#7190=ORIENTED_EDGE('',*,*,#7189,.T.);
#7191=CARTESIAN_POINT('',(7.177777597,0.01,-37.5));
#7192=DIRECTION('',(-0.,0.,-1.));
#7193=VECTOR('',#7192,2.2);
#7194=LINE('',#7191,#7193);
#7195=EDGE_CURVE('',#7184,#6899,#7194,.T.);
#7196=ORIENTED_EDGE('',*,*,#7195,.T.);
#7197=ORIENTED_EDGE('',*,*,#6904,.T.);
#7198=CARTESIAN_POINT('',(6.827777597,0.01,-39.7));
#7199=DIRECTION('',(-0.,0.,1.));
#7200=VECTOR('',#7199,2.2);
#7201=LINE('',#7198,#7200);
#7202=EDGE_CURVE('',#6891,#7182,#7201,.T.);
#7203=ORIENTED_EDGE('',*,*,#7202,.T.);
#7204=EDGE_LOOP('',(#7190,#7196,#7197,#7203));
#7205=FACE_BOUND('',#7204,.T.);
#7206=ADVANCED_FACE('',(#7205),#7180,.F.);
#7207=CARTESIAN_POINT('',(0.,0.01,0.));
#7208=DIRECTION('',(0.,-1.,0.));
#7209=DIRECTION('',(0.,0.,-1.));
#7210=AXIS2_PLACEMENT_3D('',#7207,#7208,#7209);
#7211=PLANE('',#7210);
#7212=CARTESIAN_POINT('',(6.327777597,0.01,-37.5));
#7213=VERTEX_POINT('',#7212);
#7214=CARTESIAN_POINT('',(6.677777597,0.01,-37.5));
#7215=VERTEX_POINT('',#7214);
#7216=CARTESIAN_POINT('',(6.327777597,0.01,-37.5));
#7217=DIRECTION('',(1.,0.,-0.));
#7218=VECTOR('',#7217,0.35);
#7219=LINE('',#7216,#7218);
#7220=EDGE_CURVE('',#7213,#7215,#7219,.T.);
#7221=ORIENTED_EDGE('',*,*,#7220,.T.);
#7222=CARTESIAN_POINT('',(6.677777597,0.01,-37.5));
#7223=DIRECTION('',(-0.,0.,-1.));
#7224=VECTOR('',#7223,2.2);
#7225=LINE('',#7222,#7224);
#7226=EDGE_CURVE('',#7215,#6867,#7225,.T.);
#7227=ORIENTED_EDGE('',*,*,#7226,.T.);
#7228=ORIENTED_EDGE('',*,*,#6872,.T.);
#7229=CARTESIAN_POINT('',(6.327777597,0.01,-39.7));
#7230=DIRECTION('',(-0.,0.,1.));
#7231=VECTOR('',#7230,2.2);
#7232=LINE('',#7229,#7231);
#7233=EDGE_CURVE('',#6859,#7213,#7232,.T.);
#7234=ORIENTED_EDGE('',*,*,#7233,.T.);
#7235=EDGE_LOOP('',(#7221,#7227,#7228,#7234));
#7236=FACE_BOUND('',#7235,.T.);
#7237=ADVANCED_FACE('',(#7236),#7211,.F.);
#7238=CARTESIAN_POINT('',(0.,0.01,0.));
#7239=DIRECTION('',(0.,-1.,0.));
#7240=DIRECTION('',(0.,0.,-1.));
#7241=AXIS2_PLACEMENT_3D('',#7238,#7239,#7240);
#7242=PLANE('',#7241);
#7243=CARTESIAN_POINT('',(5.827777597,0.01,-37.5));
#7244=VERTEX_POINT('',#7243);
#7245=CARTESIAN_POINT('',(6.177777597,0.01,-37.5));
#7246=VERTEX_POINT('',#7245);
#7247=CARTESIAN_POINT('',(5.827777597,0.01,-37.5));
#7248=DIRECTION('',(1.,0.,-0.));
#7249=VECTOR('',#7248,0.35);
#7250=LINE('',#7247,#7249);
#7251=EDGE_CURVE('',#7244,#7246,#7250,.T.);
#7252=ORIENTED_EDGE('',*,*,#7251,.T.);
#7253=CARTESIAN_POINT('',(6.177777597,0.01,-37.5));
#7254=DIRECTION('',(-0.,0.,-1.));
#7255=VECTOR('',#7254,2.2);
#7256=LINE('',#7253,#7255);
#7257=EDGE_CURVE('',#7246,#6835,#7256,.T.);
#7258=ORIENTED_EDGE('',*,*,#7257,.T.);
#7259=ORIENTED_EDGE('',*,*,#6840,.T.);
#7260=CARTESIAN_POINT('',(5.827777597,0.01,-39.7));
#7261=DIRECTION('',(-0.,0.,1.));
#7262=VECTOR('',#7261,2.2);
#7263=LINE('',#7260,#7262);
#7264=EDGE_CURVE('',#6827,#7244,#7263,.T.);
#7265=ORIENTED_EDGE('',*,*,#7264,.T.);
#7266=EDGE_LOOP('',(#7252,#7258,#7259,#7265));
#7267=FACE_BOUND('',#7266,.T.);
#7268=ADVANCED_FACE('',(#7267),#7242,.F.);
#7269=CARTESIAN_POINT('',(0.,0.01,0.));
#7270=DIRECTION('',(0.,-1.,0.));
#7271=DIRECTION('',(0.,0.,-1.));
#7272=AXIS2_PLACEMENT_3D('',#7269,#7270,#7271);
#7273=PLANE('',#7272);
#7274=CARTESIAN_POINT('',(5.327777597,0.01,-37.5));
#7275=VERTEX_POINT('',#7274);
#7276=CARTESIAN_POINT('',(5.677777597,0.01,-37.5));
#7277=VERTEX_POINT('',#7276);
#7278=CARTESIAN_POINT('',(5.327777597,0.01,-37.5));
#7279=DIRECTION('',(1.,0.,-0.));
#7280=VECTOR('',#7279,0.35);
#7281=LINE('',#7278,#7280);
#7282=EDGE_CURVE('',#7275,#7277,#7281,.T.);
#7283=ORIENTED_EDGE('',*,*,#7282,.T.);
#7284=CARTESIAN_POINT('',(5.677777597,0.01,-37.5));
#7285=DIRECTION('',(-0.,0.,-1.));
#7286=VECTOR('',#7285,2.2);
#7287=LINE('',#7284,#7286);
#7288=EDGE_CURVE('',#7277,#6803,#7287,.T.);
#7289=ORIENTED_EDGE('',*,*,#7288,.T.);
#7290=ORIENTED_EDGE('',*,*,#6808,.T.);
#7291=CARTESIAN_POINT('',(5.327777597,0.01,-39.7));
#7292=DIRECTION('',(-0.,0.,1.));
#7293=VECTOR('',#7292,2.2);
#7294=LINE('',#7291,#7293);
#7295=EDGE_CURVE('',#6795,#7275,#7294,.T.);
#7296=ORIENTED_EDGE('',*,*,#7295,.T.);
#7297=EDGE_LOOP('',(#7283,#7289,#7290,#7296));
#7298=FACE_BOUND('',#7297,.T.);
#7299=ADVANCED_FACE('',(#7298),#7273,.F.);
#7300=CARTESIAN_POINT('',(0.,0.01,0.));
#7301=DIRECTION('',(0.,-1.,0.));
#7302=DIRECTION('',(0.,0.,-1.));
#7303=AXIS2_PLACEMENT_3D('',#7300,#7301,#7302);
#7304=PLANE('',#7303);
#7305=CARTESIAN_POINT('',(4.827777597,0.01,-37.5));
#7306=VERTEX_POINT('',#7305);
#7307=CARTESIAN_POINT('',(5.177777597,0.01,-37.5));
#7308=VERTEX_POINT('',#7307);
#7309=CARTESIAN_POINT('',(4.827777597,0.01,-37.5));
#7310=DIRECTION('',(1.,0.,-0.));
#7311=VECTOR('',#7310,0.35);
#7312=LINE('',#7309,#7311);
#7313=EDGE_CURVE('',#7306,#7308,#7312,.T.);
#7314=ORIENTED_EDGE('',*,*,#7313,.T.);
#7315=CARTESIAN_POINT('',(5.177777597,0.01,-37.5));
#7316=DIRECTION('',(-0.,0.,-1.));
#7317=VECTOR('',#7316,2.2);
#7318=LINE('',#7315,#7317);
#7319=EDGE_CURVE('',#7308,#6771,#7318,.T.);
#7320=ORIENTED_EDGE('',*,*,#7319,.T.);
#7321=ORIENTED_EDGE('',*,*,#6776,.T.);
#7322=CARTESIAN_POINT('',(4.827777597,0.01,-39.7));
#7323=DIRECTION('',(-0.,0.,1.));
#7324=VECTOR('',#7323,2.2);
#7325=LINE('',#7322,#7324);
#7326=EDGE_CURVE('',#6763,#7306,#7325,.T.);
#7327=ORIENTED_EDGE('',*,*,#7326,.T.);
#7328=EDGE_LOOP('',(#7314,#7320,#7321,#7327));
#7329=FACE_BOUND('',#7328,.T.);
#7330=ADVANCED_FACE('',(#7329),#7304,.F.);
#7331=CARTESIAN_POINT('',(0.,0.01,0.));
#7332=DIRECTION('',(0.,-1.,0.));
#7333=DIRECTION('',(0.,0.,-1.));
#7334=AXIS2_PLACEMENT_3D('',#7331,#7332,#7333);
#7335=PLANE('',#7334);
#7336=CARTESIAN_POINT('',(4.327777597,0.01,-37.5));
#7337=VERTEX_POINT('',#7336);
#7338=CARTESIAN_POINT('',(4.677777597,0.01,-37.5));
#7339=VERTEX_POINT('',#7338);
#7340=CARTESIAN_POINT('',(4.327777597,0.01,-37.5));
#7341=DIRECTION('',(1.,0.,-0.));
#7342=VECTOR('',#7341,0.35);
#7343=LINE('',#7340,#7342);
#7344=EDGE_CURVE('',#7337,#7339,#7343,.T.);
#7345=ORIENTED_EDGE('',*,*,#7344,.T.);
#7346=CARTESIAN_POINT('',(4.677777597,0.01,-37.5));
#7347=DIRECTION('',(-0.,0.,-1.));
#7348=VECTOR('',#7347,2.2);
#7349=LINE('',#7346,#7348);
#7350=EDGE_CURVE('',#7339,#6739,#7349,.T.);
#7351=ORIENTED_EDGE('',*,*,#7350,.T.);
#7352=ORIENTED_EDGE('',*,*,#6744,.T.);
#7353=CARTESIAN_POINT('',(4.327777597,0.01,-39.7));
#7354=DIRECTION('',(-0.,0.,1.));
#7355=VECTOR('',#7354,2.2);
#7356=LINE('',#7353,#7355);
#7357=EDGE_CURVE('',#6731,#7337,#7356,.T.);
#7358=ORIENTED_EDGE('',*,*,#7357,.T.);
#7359=EDGE_LOOP('',(#7345,#7351,#7352,#7358));
#7360=FACE_BOUND('',#7359,.T.);
#7361=ADVANCED_FACE('',(#7360),#7335,.F.);
#7362=CARTESIAN_POINT('',(0.,0.01,0.));
#7363=DIRECTION('',(0.,-1.,0.));
#7364=DIRECTION('',(0.,0.,-1.));
#7365=AXIS2_PLACEMENT_3D('',#7362,#7363,#7364);
#7366=PLANE('',#7365);
#7367=CARTESIAN_POINT('',(3.827777597,0.01,-37.5));
#7368=VERTEX_POINT('',#7367);
#7369=CARTESIAN_POINT('',(4.177777597,0.01,-37.5));
#7370=VERTEX_POINT('',#7369);
#7371=CARTESIAN_POINT('',(3.827777597,0.01,-37.5));
#7372=DIRECTION('',(1.,0.,-0.));
#7373=VECTOR('',#7372,0.35);
#7374=LINE('',#7371,#7373);
#7375=EDGE_CURVE('',#7368,#7370,#7374,.T.);
#7376=ORIENTED_EDGE('',*,*,#7375,.T.);
#7377=CARTESIAN_POINT('',(4.177777597,0.01,-37.5));
#7378=DIRECTION('',(-0.,0.,-1.));
#7379=VECTOR('',#7378,2.2);
#7380=LINE('',#7377,#7379);
#7381=EDGE_CURVE('',#7370,#6707,#7380,.T.);
#7382=ORIENTED_EDGE('',*,*,#7381,.T.);
#7383=ORIENTED_EDGE('',*,*,#6712,.T.);
#7384=CARTESIAN_POINT('',(3.827777597,0.01,-39.7));
#7385=DIRECTION('',(-0.,0.,1.));
#7386=VECTOR('',#7385,2.2);
#7387=LINE('',#7384,#7386);
#7388=EDGE_CURVE('',#6699,#7368,#7387,.T.);
#7389=ORIENTED_EDGE('',*,*,#7388,.T.);
#7390=EDGE_LOOP('',(#7376,#7382,#7383,#7389));
#7391=FACE_BOUND('',#7390,.T.);
#7392=ADVANCED_FACE('',(#7391),#7366,.F.);
#7393=CARTESIAN_POINT('',(0.,0.01,0.));
#7394=DIRECTION('',(0.,-1.,0.));
#7395=DIRECTION('',(0.,0.,-1.));
#7396=AXIS2_PLACEMENT_3D('',#7393,#7394,#7395);
#7397=PLANE('',#7396);
#7398=CARTESIAN_POINT('',(3.327777597,0.01,-37.5));
#7399=VERTEX_POINT('',#7398);
#7400=CARTESIAN_POINT('',(3.677777597,0.01,-37.5));
#7401=VERTEX_POINT('',#7400);
#7402=CARTESIAN_POINT('',(3.327777597,0.01,-37.5));
#7403=DIRECTION('',(1.,0.,-0.));
#7404=VECTOR('',#7403,0.35);
#7405=LINE('',#7402,#7404);
#7406=EDGE_CURVE('',#7399,#7401,#7405,.T.);
#7407=ORIENTED_EDGE('',*,*,#7406,.T.);
#7408=CARTESIAN_POINT('',(3.677777597,0.01,-37.5));
#7409=DIRECTION('',(-0.,0.,-1.));
#7410=VECTOR('',#7409,2.2);
#7411=LINE('',#7408,#7410);
#7412=EDGE_CURVE('',#7401,#6675,#7411,.T.);
#7413=ORIENTED_EDGE('',*,*,#7412,.T.);
#7414=ORIENTED_EDGE('',*,*,#6680,.T.);
#7415=CARTESIAN_POINT('',(3.327777597,0.01,-39.7));
#7416=DIRECTION('',(-0.,0.,1.));
#7417=VECTOR('',#7416,2.2);
#7418=LINE('',#7415,#7417);
#7419=EDGE_CURVE('',#6667,#7399,#7418,.T.);
#7420=ORIENTED_EDGE('',*,*,#7419,.T.);
#7421=EDGE_LOOP('',(#7407,#7413,#7414,#7420));
#7422=FACE_BOUND('',#7421,.T.);
#7423=ADVANCED_FACE('',(#7422),#7397,.F.);
#7424=CARTESIAN_POINT('',(0.,0.01,0.));
#7425=DIRECTION('',(0.,-1.,0.));
#7426=DIRECTION('',(0.,0.,-1.));
#7427=AXIS2_PLACEMENT_3D('',#7424,#7425,#7426);
#7428=PLANE('',#7427);
#7429=CARTESIAN_POINT('',(2.827777597,0.01,-37.5));
#7430=VERTEX_POINT('',#7429);
#7431=CARTESIAN_POINT('',(3.177777597,0.01,-37.5));
#7432=VERTEX_POINT('',#7431);
#7433=CARTESIAN_POINT('',(2.827777597,0.01,-37.5));
#7434=DIRECTION('',(1.,0.,-0.));
#7435=VECTOR('',#7434,0.35);
#7436=LINE('',#7433,#7435);
#7437=EDGE_CURVE('',#7430,#7432,#7436,.T.);
#7438=ORIENTED_EDGE('',*,*,#7437,.T.);
#7439=CARTESIAN_POINT('',(3.177777597,0.01,-37.5));
#7440=DIRECTION('',(-0.,0.,-1.));
#7441=VECTOR('',#7440,2.2);
#7442=LINE('',#7439,#7441);
#7443=EDGE_CURVE('',#7432,#6643,#7442,.T.);
#7444=ORIENTED_EDGE('',*,*,#7443,.T.);
#7445=ORIENTED_EDGE('',*,*,#6648,.T.);
#7446=CARTESIAN_POINT('',(2.827777597,0.01,-39.7));
#7447=DIRECTION('',(-0.,0.,1.));
#7448=VECTOR('',#7447,2.2);
#7449=LINE('',#7446,#7448);
#7450=EDGE_CURVE('',#6635,#7430,#7449,.T.);
#7451=ORIENTED_EDGE('',*,*,#7450,.T.);
#7452=EDGE_LOOP('',(#7438,#7444,#7445,#7451));
#7453=FACE_BOUND('',#7452,.T.);
#7454=ADVANCED_FACE('',(#7453),#7428,.F.);
#7455=CARTESIAN_POINT('',(0.,0.01,0.));
#7456=DIRECTION('',(0.,-1.,0.));
#7457=DIRECTION('',(0.,0.,-1.));
#7458=AXIS2_PLACEMENT_3D('',#7455,#7456,#7457);
#7459=PLANE('',#7458);
#7460=CARTESIAN_POINT('',(2.327777597,0.01,-37.5));
#7461=VERTEX_POINT('',#7460);
#7462=CARTESIAN_POINT('',(2.677777597,0.01,-37.5));
#7463=VERTEX_POINT('',#7462);
#7464=CARTESIAN_POINT('',(2.327777597,0.01,-37.5));
#7465=DIRECTION('',(1.,0.,-0.));
#7466=VECTOR('',#7465,0.35);
#7467=LINE('',#7464,#7466);
#7468=EDGE_CURVE('',#7461,#7463,#7467,.T.);
#7469=ORIENTED_EDGE('',*,*,#7468,.T.);
#7470=CARTESIAN_POINT('',(2.677777597,0.01,-37.5));
#7471=DIRECTION('',(-0.,0.,-1.));
#7472=VECTOR('',#7471,2.2);
#7473=LINE('',#7470,#7472);
#7474=EDGE_CURVE('',#7463,#6611,#7473,.T.);
#7475=ORIENTED_EDGE('',*,*,#7474,.T.);
#7476=ORIENTED_EDGE('',*,*,#6616,.T.);
#7477=CARTESIAN_POINT('',(2.327777597,0.01,-39.7));
#7478=DIRECTION('',(-0.,0.,1.));
#7479=VECTOR('',#7478,2.2);
#7480=LINE('',#7477,#7479);
#7481=EDGE_CURVE('',#6603,#7461,#7480,.T.);
#7482=ORIENTED_EDGE('',*,*,#7481,.T.);
#7483=EDGE_LOOP('',(#7469,#7475,#7476,#7482));
#7484=FACE_BOUND('',#7483,.T.);
#7485=ADVANCED_FACE('',(#7484),#7459,.F.);
#7486=CARTESIAN_POINT('',(0.,0.01,0.));
#7487=DIRECTION('',(0.,-1.,0.));
#7488=DIRECTION('',(0.,0.,-1.));
#7489=AXIS2_PLACEMENT_3D('',#7486,#7487,#7488);
#7490=PLANE('',#7489);
#7491=CARTESIAN_POINT('',(1.827777597,0.01,-37.5));
#7492=VERTEX_POINT('',#7491);
#7493=CARTESIAN_POINT('',(2.177777597,0.01,-37.5));
#7494=VERTEX_POINT('',#7493);
#7495=CARTESIAN_POINT('',(1.827777597,0.01,-37.5));
#7496=DIRECTION('',(1.,0.,-0.));
#7497=VECTOR('',#7496,0.35);
#7498=LINE('',#7495,#7497);
#7499=EDGE_CURVE('',#7492,#7494,#7498,.T.);
#7500=ORIENTED_EDGE('',*,*,#7499,.T.);
#7501=CARTESIAN_POINT('',(2.177777597,0.01,-37.5));
#7502=DIRECTION('',(-0.,0.,-1.));
#7503=VECTOR('',#7502,2.2);
#7504=LINE('',#7501,#7503);
#7505=EDGE_CURVE('',#7494,#6579,#7504,.T.);
#7506=ORIENTED_EDGE('',*,*,#7505,.T.);
#7507=ORIENTED_EDGE('',*,*,#6584,.T.);
#7508=CARTESIAN_POINT('',(1.827777597,0.01,-39.7));
#7509=DIRECTION('',(-0.,0.,1.));
#7510=VECTOR('',#7509,2.2);
#7511=LINE('',#7508,#7510);
#7512=EDGE_CURVE('',#6571,#7492,#7511,.T.);
#7513=ORIENTED_EDGE('',*,*,#7512,.T.);
#7514=EDGE_LOOP('',(#7500,#7506,#7507,#7513));
#7515=FACE_BOUND('',#7514,.T.);
#7516=ADVANCED_FACE('',(#7515),#7490,.F.);
#7517=CARTESIAN_POINT('',(0.,0.01,0.));
#7518=DIRECTION('',(0.,-1.,0.));
#7519=DIRECTION('',(0.,0.,-1.));
#7520=AXIS2_PLACEMENT_3D('',#7517,#7518,#7519);
#7521=PLANE('',#7520);
#7522=CARTESIAN_POINT('',(1.327777597,0.01,-37.5));
#7523=VERTEX_POINT('',#7522);
#7524=CARTESIAN_POINT('',(1.677777597,0.01,-37.5));
#7525=VERTEX_POINT('',#7524);
#7526=CARTESIAN_POINT('',(1.327777597,0.01,-37.5));
#7527=DIRECTION('',(1.,0.,-0.));
#7528=VECTOR('',#7527,0.35);
#7529=LINE('',#7526,#7528);
#7530=EDGE_CURVE('',#7523,#7525,#7529,.T.);
#7531=ORIENTED_EDGE('',*,*,#7530,.T.);
#7532=CARTESIAN_POINT('',(1.677777597,0.01,-37.5));
#7533=DIRECTION('',(-0.,0.,-1.));
#7534=VECTOR('',#7533,2.2);
#7535=LINE('',#7532,#7534);
#7536=EDGE_CURVE('',#7525,#6547,#7535,.T.);
#7537=ORIENTED_EDGE('',*,*,#7536,.T.);
#7538=ORIENTED_EDGE('',*,*,#6552,.T.);
#7539=CARTESIAN_POINT('',(1.327777597,0.01,-39.7));
#7540=DIRECTION('',(-0.,0.,1.));
#7541=VECTOR('',#7540,2.2);
#7542=LINE('',#7539,#7541);
#7543=EDGE_CURVE('',#6539,#7523,#7542,.T.);
#7544=ORIENTED_EDGE('',*,*,#7543,.T.);
#7545=EDGE_LOOP('',(#7531,#7537,#7538,#7544));
#7546=FACE_BOUND('',#7545,.T.);
#7547=ADVANCED_FACE('',(#7546),#7521,.F.);
#7548=CARTESIAN_POINT('',(0.,0.01,0.));
#7549=DIRECTION('',(0.,-1.,0.));
#7550=DIRECTION('',(0.,0.,-1.));
#7551=AXIS2_PLACEMENT_3D('',#7548,#7549,#7550);
#7552=PLANE('',#7551);
#7553=CARTESIAN_POINT('',(0.827777597,0.01,-37.5));
#7554=VERTEX_POINT('',#7553);
#7555=CARTESIAN_POINT('',(1.177777597,0.01,-37.5));
#7556=VERTEX_POINT('',#7555);
#7557=CARTESIAN_POINT('',(0.827777597,0.01,-37.5));
#7558=DIRECTION('',(1.,0.,-0.));
#7559=VECTOR('',#7558,0.35);
#7560=LINE('',#7557,#7559);
#7561=EDGE_CURVE('',#7554,#7556,#7560,.T.);
#7562=ORIENTED_EDGE('',*,*,#7561,.T.);
#7563=CARTESIAN_POINT('',(1.177777597,0.01,-37.5));
#7564=DIRECTION('',(-0.,0.,-1.));
#7565=VECTOR('',#7564,2.2);
#7566=LINE('',#7563,#7565);
#7567=EDGE_CURVE('',#7556,#6515,#7566,.T.);
#7568=ORIENTED_EDGE('',*,*,#7567,.T.);
#7569=ORIENTED_EDGE('',*,*,#6520,.T.);
#7570=CARTESIAN_POINT('',(0.827777597,0.01,-39.7));
#7571=DIRECTION('',(-0.,0.,1.));
#7572=VECTOR('',#7571,2.2);
#7573=LINE('',#7570,#7572);
#7574=EDGE_CURVE('',#6507,#7554,#7573,.T.);
#7575=ORIENTED_EDGE('',*,*,#7574,.T.);
#7576=EDGE_LOOP('',(#7562,#7568,#7569,#7575));
#7577=FACE_BOUND('',#7576,.T.);
#7578=ADVANCED_FACE('',(#7577),#7552,.F.);
#7579=CARTESIAN_POINT('',(0.,0.01,0.));
#7580=DIRECTION('',(0.,-1.,0.));
#7581=DIRECTION('',(0.,0.,-1.));
#7582=AXIS2_PLACEMENT_3D('',#7579,#7580,#7581);
#7583=PLANE('',#7582);
#7584=CARTESIAN_POINT('',(0.327777597,0.01,-37.5));
#7585=VERTEX_POINT('',#7584);
#7586=CARTESIAN_POINT('',(0.677777597,0.01,-37.5));
#7587=VERTEX_POINT('',#7586);
#7588=CARTESIAN_POINT('',(0.327777597,0.01,-37.5));
#7589=DIRECTION('',(1.,0.,-0.));
#7590=VECTOR('',#7589,0.35);
#7591=LINE('',#7588,#7590);
#7592=EDGE_CURVE('',#7585,#7587,#7591,.T.);
#7593=ORIENTED_EDGE('',*,*,#7592,.T.);
#7594=CARTESIAN_POINT('',(0.677777597,0.01,-37.5));
#7595=DIRECTION('',(-0.,0.,-1.));
#7596=VECTOR('',#7595,2.2);
#7597=LINE('',#7594,#7596);
#7598=EDGE_CURVE('',#7587,#6483,#7597,.T.);
#7599=ORIENTED_EDGE('',*,*,#7598,.T.);
#7600=ORIENTED_EDGE('',*,*,#6488,.T.);
#7601=CARTESIAN_POINT('',(0.327777597,0.01,-39.7));
#7602=DIRECTION('',(-0.,0.,1.));
#7603=VECTOR('',#7602,2.2);
#7604=LINE('',#7601,#7603);
#7605=EDGE_CURVE('',#6475,#7585,#7604,.T.);
#7606=ORIENTED_EDGE('',*,*,#7605,.T.);
#7607=EDGE_LOOP('',(#7593,#7599,#7600,#7606));
#7608=FACE_BOUND('',#7607,.T.);
#7609=ADVANCED_FACE('',(#7608),#7583,.F.);
#7610=CARTESIAN_POINT('',(0.,0.01,0.));
#7611=DIRECTION('',(0.,-1.,0.));
#7612=DIRECTION('',(0.,0.,-1.));
#7613=AXIS2_PLACEMENT_3D('',#7610,#7611,#7612);
#7614=PLANE('',#7613);
#7615=CARTESIAN_POINT('',(-0.172222403,0.01,-37.5));
#7616=VERTEX_POINT('',#7615);
#7617=CARTESIAN_POINT('',(0.177777597,0.01,-37.5));
#7618=VERTEX_POINT('',#7617);
#7619=CARTESIAN_POINT('',(-0.172222403,0.01,-37.5));
#7620=DIRECTION('',(1.,0.,-0.));
#7621=VECTOR('',#7620,0.35);
#7622=LINE('',#7619,#7621);
#7623=EDGE_CURVE('',#7616,#7618,#7622,.T.);
#7624=ORIENTED_EDGE('',*,*,#7623,.T.);
#7625=CARTESIAN_POINT('',(0.177777597,0.01,-37.5));
#7626=DIRECTION('',(-0.,0.,-1.));
#7627=VECTOR('',#7626,2.2);
#7628=LINE('',#7625,#7627);
#7629=EDGE_CURVE('',#7618,#6451,#7628,.T.);
#7630=ORIENTED_EDGE('',*,*,#7629,.T.);
#7631=ORIENTED_EDGE('',*,*,#6456,.T.);
#7632=CARTESIAN_POINT('',(-0.172222403,0.01,-39.7));
#7633=DIRECTION('',(-0.,0.,1.));
#7634=VECTOR('',#7633,2.2);
#7635=LINE('',#7632,#7634);
#7636=EDGE_CURVE('',#6443,#7616,#7635,.T.);
#7637=ORIENTED_EDGE('',*,*,#7636,.T.);
#7638=EDGE_LOOP('',(#7624,#7630,#7631,#7637));
#7639=FACE_BOUND('',#7638,.T.);
#7640=ADVANCED_FACE('',(#7639),#7614,.F.);
#7641=CARTESIAN_POINT('',(0.,0.01,0.));
#7642=DIRECTION('',(0.,-1.,0.));
#7643=DIRECTION('',(0.,0.,-1.));
#7644=AXIS2_PLACEMENT_3D('',#7641,#7642,#7643);
#7645=PLANE('',#7644);
#7646=CARTESIAN_POINT('',(-0.672222403,0.01,-37.5));
#7647=VERTEX_POINT('',#7646);
#7648=CARTESIAN_POINT('',(-0.322222403,0.01,-37.5));
#7649=VERTEX_POINT('',#7648);
#7650=CARTESIAN_POINT('',(-0.672222403,0.01,-37.5));
#7651=DIRECTION('',(1.,0.,-0.));
#7652=VECTOR('',#7651,0.35);
#7653=LINE('',#7650,#7652);
#7654=EDGE_CURVE('',#7647,#7649,#7653,.T.);
#7655=ORIENTED_EDGE('',*,*,#7654,.T.);
#7656=CARTESIAN_POINT('',(-0.322222403,0.01,-37.5));
#7657=DIRECTION('',(-0.,0.,-1.));
#7658=VECTOR('',#7657,2.2);
#7659=LINE('',#7656,#7658);
#7660=EDGE_CURVE('',#7649,#6419,#7659,.T.);
#7661=ORIENTED_EDGE('',*,*,#7660,.T.);
#7662=ORIENTED_EDGE('',*,*,#6424,.T.);
#7663=CARTESIAN_POINT('',(-0.672222403,0.01,-39.7));
#7664=DIRECTION('',(-0.,0.,1.));
#7665=VECTOR('',#7664,2.2);
#7666=LINE('',#7663,#7665);
#7667=EDGE_CURVE('',#6411,#7647,#7666,.T.);
#7668=ORIENTED_EDGE('',*,*,#7667,.T.);
#7669=EDGE_LOOP('',(#7655,#7661,#7662,#7668));
#7670=FACE_BOUND('',#7669,.T.);
#7671=ADVANCED_FACE('',(#7670),#7645,.F.);
#7672=CARTESIAN_POINT('',(0.,0.01,0.));
#7673=DIRECTION('',(0.,-1.,0.));
#7674=DIRECTION('',(0.,0.,-1.));
#7675=AXIS2_PLACEMENT_3D('',#7672,#7673,#7674);
#7676=PLANE('',#7675);
#7677=CARTESIAN_POINT('',(-1.172222403,0.01,-37.5));
#7678=VERTEX_POINT('',#7677);
#7679=CARTESIAN_POINT('',(-0.822222403,0.01,-37.5));
#7680=VERTEX_POINT('',#7679);
#7681=CARTESIAN_POINT('',(-1.172222403,0.01,-37.5));
#7682=DIRECTION('',(1.,0.,-0.));
#7683=VECTOR('',#7682,0.35);
#7684=LINE('',#7681,#7683);
#7685=EDGE_CURVE('',#7678,#7680,#7684,.T.);
#7686=ORIENTED_EDGE('',*,*,#7685,.T.);
#7687=CARTESIAN_POINT('',(-0.822222403,0.01,-37.5));
#7688=DIRECTION('',(-0.,0.,-1.));
#7689=VECTOR('',#7688,2.2);
#7690=LINE('',#7687,#7689);
#7691=EDGE_CURVE('',#7680,#6387,#7690,.T.);
#7692=ORIENTED_EDGE('',*,*,#7691,.T.);
#7693=ORIENTED_EDGE('',*,*,#6392,.T.);
#7694=CARTESIAN_POINT('',(-1.172222403,0.01,-39.7));
#7695=DIRECTION('',(-0.,0.,1.));
#7696=VECTOR('',#7695,2.2);
#7697=LINE('',#7694,#7696);
#7698=EDGE_CURVE('',#6379,#7678,#7697,.T.);
#7699=ORIENTED_EDGE('',*,*,#7698,.T.);
#7700=EDGE_LOOP('',(#7686,#7692,#7693,#7699));
#7701=FACE_BOUND('',#7700,.T.);
#7702=ADVANCED_FACE('',(#7701),#7676,.F.);
#7703=CARTESIAN_POINT('',(0.,0.01,0.));
#7704=DIRECTION('',(0.,-1.,0.));
#7705=DIRECTION('',(0.,0.,-1.));
#7706=AXIS2_PLACEMENT_3D('',#7703,#7704,#7705);
#7707=PLANE('',#7706);
#7708=CARTESIAN_POINT('',(-1.672222403,0.01,-37.5));
#7709=VERTEX_POINT('',#7708);
#7710=CARTESIAN_POINT('',(-1.322222403,0.01,-37.5));
#7711=VERTEX_POINT('',#7710);
#7712=CARTESIAN_POINT('',(-1.672222403,0.01,-37.5));
#7713=DIRECTION('',(1.,0.,-0.));
#7714=VECTOR('',#7713,0.35);
#7715=LINE('',#7712,#7714);
#7716=EDGE_CURVE('',#7709,#7711,#7715,.T.);
#7717=ORIENTED_EDGE('',*,*,#7716,.T.);
#7718=CARTESIAN_POINT('',(-1.322222403,0.01,-37.5));
#7719=DIRECTION('',(-0.,0.,-1.));
#7720=VECTOR('',#7719,2.2);
#7721=LINE('',#7718,#7720);
#7722=EDGE_CURVE('',#7711,#6355,#7721,.T.);
#7723=ORIENTED_EDGE('',*,*,#7722,.T.);
#7724=ORIENTED_EDGE('',*,*,#6360,.T.);
#7725=CARTESIAN_POINT('',(-1.672222403,0.01,-39.7));
#7726=DIRECTION('',(-0.,0.,1.));
#7727=VECTOR('',#7726,2.2);
#7728=LINE('',#7725,#7727);
#7729=EDGE_CURVE('',#6347,#7709,#7728,.T.);
#7730=ORIENTED_EDGE('',*,*,#7729,.T.);
#7731=EDGE_LOOP('',(#7717,#7723,#7724,#7730));
#7732=FACE_BOUND('',#7731,.T.);
#7733=ADVANCED_FACE('',(#7732),#7707,.F.);
#7734=CARTESIAN_POINT('',(0.,0.01,0.));
#7735=DIRECTION('',(0.,-1.,0.));
#7736=DIRECTION('',(0.,0.,-1.));
#7737=AXIS2_PLACEMENT_3D('',#7734,#7735,#7736);
#7738=PLANE('',#7737);
#7739=CARTESIAN_POINT('',(-2.172222403,0.01,-37.5));
#7740=VERTEX_POINT('',#7739);
#7741=CARTESIAN_POINT('',(-1.822222403,0.01,-37.5));
#7742=VERTEX_POINT('',#7741);
#7743=CARTESIAN_POINT('',(-2.172222403,0.01,-37.5));
#7744=DIRECTION('',(1.,0.,-0.));
#7745=VECTOR('',#7744,0.35);
#7746=LINE('',#7743,#7745);
#7747=EDGE_CURVE('',#7740,#7742,#7746,.T.);
#7748=ORIENTED_EDGE('',*,*,#7747,.T.);
#7749=CARTESIAN_POINT('',(-1.822222403,0.01,-37.5));
#7750=DIRECTION('',(-0.,0.,-1.));
#7751=VECTOR('',#7750,2.2);
#7752=LINE('',#7749,#7751);
#7753=EDGE_CURVE('',#7742,#6323,#7752,.T.);
#7754=ORIENTED_EDGE('',*,*,#7753,.T.);
#7755=ORIENTED_EDGE('',*,*,#6328,.T.);
#7756=CARTESIAN_POINT('',(-2.172222403,0.01,-39.7));
#7757=DIRECTION('',(-0.,0.,1.));
#7758=VECTOR('',#7757,2.2);
#7759=LINE('',#7756,#7758);
#7760=EDGE_CURVE('',#6315,#7740,#7759,.T.);
#7761=ORIENTED_EDGE('',*,*,#7760,.T.);
#7762=EDGE_LOOP('',(#7748,#7754,#7755,#7761));
#7763=FACE_BOUND('',#7762,.T.);
#7764=ADVANCED_FACE('',(#7763),#7738,.F.);
#7765=CARTESIAN_POINT('',(0.,0.01,0.));
#7766=DIRECTION('',(0.,-1.,0.));
#7767=DIRECTION('',(0.,0.,-1.));
#7768=AXIS2_PLACEMENT_3D('',#7765,#7766,#7767);
#7769=PLANE('',#7768);
#7770=CARTESIAN_POINT('',(-2.672222403,0.01,-37.5));
#7771=VERTEX_POINT('',#7770);
#7772=CARTESIAN_POINT('',(-2.322222403,0.01,-37.5));
#7773=VERTEX_POINT('',#7772);
#7774=CARTESIAN_POINT('',(-2.672222403,0.01,-37.5));
#7775=DIRECTION('',(1.,0.,-0.));
#7776=VECTOR('',#7775,0.35);
#7777=LINE('',#7774,#7776);
#7778=EDGE_CURVE('',#7771,#7773,#7777,.T.);
#7779=ORIENTED_EDGE('',*,*,#7778,.T.);
#7780=CARTESIAN_POINT('',(-2.322222403,0.01,-37.5));
#7781=DIRECTION('',(-0.,0.,-1.));
#7782=VECTOR('',#7781,2.2);
#7783=LINE('',#7780,#7782);
#7784=EDGE_CURVE('',#7773,#6291,#7783,.T.);
#7785=ORIENTED_EDGE('',*,*,#7784,.T.);
#7786=ORIENTED_EDGE('',*,*,#6296,.T.);
#7787=CARTESIAN_POINT('',(-2.672222403,0.01,-39.7));
#7788=DIRECTION('',(-0.,0.,1.));
#7789=VECTOR('',#7788,2.2);
#7790=LINE('',#7787,#7789);
#7791=EDGE_CURVE('',#6283,#7771,#7790,.T.);
#7792=ORIENTED_EDGE('',*,*,#7791,.T.);
#7793=EDGE_LOOP('',(#7779,#7785,#7786,#7792));
#7794=FACE_BOUND('',#7793,.T.);
#7795=ADVANCED_FACE('',(#7794),#7769,.F.);
#7796=CARTESIAN_POINT('',(0.,0.01,0.));
#7797=DIRECTION('',(0.,-1.,0.));
#7798=DIRECTION('',(0.,0.,-1.));
#7799=AXIS2_PLACEMENT_3D('',#7796,#7797,#7798);
#7800=PLANE('',#7799);
#7801=CARTESIAN_POINT('',(-3.172222403,0.01,-37.5));
#7802=VERTEX_POINT('',#7801);
#7803=CARTESIAN_POINT('',(-2.822222403,0.01,-37.5));
#7804=VERTEX_POINT('',#7803);
#7805=CARTESIAN_POINT('',(-3.172222403,0.01,-37.5));
#7806=DIRECTION('',(1.,0.,-0.));
#7807=VECTOR('',#7806,0.35);
#7808=LINE('',#7805,#7807);
#7809=EDGE_CURVE('',#7802,#7804,#7808,.T.);
#7810=ORIENTED_EDGE('',*,*,#7809,.T.);
#7811=CARTESIAN_POINT('',(-2.822222403,0.01,-37.5));
#7812=DIRECTION('',(-0.,0.,-1.));
#7813=VECTOR('',#7812,2.2);
#7814=LINE('',#7811,#7813);
#7815=EDGE_CURVE('',#7804,#6259,#7814,.T.);
#7816=ORIENTED_EDGE('',*,*,#7815,.T.);
#7817=ORIENTED_EDGE('',*,*,#6264,.T.);
#7818=CARTESIAN_POINT('',(-3.172222403,0.01,-39.7));
#7819=DIRECTION('',(-0.,0.,1.));
#7820=VECTOR('',#7819,2.2);
#7821=LINE('',#7818,#7820);
#7822=EDGE_CURVE('',#6251,#7802,#7821,.T.);
#7823=ORIENTED_EDGE('',*,*,#7822,.T.);
#7824=EDGE_LOOP('',(#7810,#7816,#7817,#7823));
#7825=FACE_BOUND('',#7824,.T.);
#7826=ADVANCED_FACE('',(#7825),#7800,.F.);
#7827=CARTESIAN_POINT('',(0.,0.01,0.));
#7828=DIRECTION('',(0.,-1.,0.));
#7829=DIRECTION('',(0.,0.,-1.));
#7830=AXIS2_PLACEMENT_3D('',#7827,#7828,#7829);
#7831=PLANE('',#7830);
#7832=CARTESIAN_POINT('',(-3.672222403,0.01,-37.5));
#7833=VERTEX_POINT('',#7832);
#7834=CARTESIAN_POINT('',(-3.322222403,0.01,-37.5));
#7835=VERTEX_POINT('',#7834);
#7836=CARTESIAN_POINT('',(-3.672222403,0.01,-37.5));
#7837=DIRECTION('',(1.,0.,-0.));
#7838=VECTOR('',#7837,0.35);
#7839=LINE('',#7836,#7838);
#7840=EDGE_CURVE('',#7833,#7835,#7839,.T.);
#7841=ORIENTED_EDGE('',*,*,#7840,.T.);
#7842=CARTESIAN_POINT('',(-3.322222403,0.01,-37.5));
#7843=DIRECTION('',(-0.,0.,-1.));
#7844=VECTOR('',#7843,2.2);
#7845=LINE('',#7842,#7844);
#7846=EDGE_CURVE('',#7835,#6227,#7845,.T.);
#7847=ORIENTED_EDGE('',*,*,#7846,.T.);
#7848=ORIENTED_EDGE('',*,*,#6232,.T.);
#7849=CARTESIAN_POINT('',(-3.672222403,0.01,-39.7));
#7850=DIRECTION('',(-0.,0.,1.));
#7851=VECTOR('',#7850,2.2);
#7852=LINE('',#7849,#7851);
#7853=EDGE_CURVE('',#6219,#7833,#7852,.T.);
#7854=ORIENTED_EDGE('',*,*,#7853,.T.);
#7855=EDGE_LOOP('',(#7841,#7847,#7848,#7854));
#7856=FACE_BOUND('',#7855,.T.);
#7857=ADVANCED_FACE('',(#7856),#7831,.F.);
#7858=CARTESIAN_POINT('',(0.,0.01,0.));
#7859=DIRECTION('',(0.,-1.,0.));
#7860=DIRECTION('',(0.,0.,-1.));
#7861=AXIS2_PLACEMENT_3D('',#7858,#7859,#7860);
#7862=PLANE('',#7861);
#7863=CARTESIAN_POINT('',(-4.172222403,0.01,-37.5));
#7864=VERTEX_POINT('',#7863);
#7865=CARTESIAN_POINT('',(-3.822222403,0.01,-37.5));
#7866=VERTEX_POINT('',#7865);
#7867=CARTESIAN_POINT('',(-4.172222403,0.01,-37.5));
#7868=DIRECTION('',(1.,0.,-0.));
#7869=VECTOR('',#7868,0.35);
#7870=LINE('',#7867,#7869);
#7871=EDGE_CURVE('',#7864,#7866,#7870,.T.);
#7872=ORIENTED_EDGE('',*,*,#7871,.T.);
#7873=CARTESIAN_POINT('',(-3.822222403,0.01,-37.5));
#7874=DIRECTION('',(-0.,0.,-1.));
#7875=VECTOR('',#7874,2.2);
#7876=LINE('',#7873,#7875);
#7877=EDGE_CURVE('',#7866,#6195,#7876,.T.);
#7878=ORIENTED_EDGE('',*,*,#7877,.T.);
#7879=ORIENTED_EDGE('',*,*,#6200,.T.);
#7880=CARTESIAN_POINT('',(-4.172222403,0.01,-39.7));
#7881=DIRECTION('',(-0.,0.,1.));
#7882=VECTOR('',#7881,2.2);
#7883=LINE('',#7880,#7882);
#7884=EDGE_CURVE('',#6187,#7864,#7883,.T.);
#7885=ORIENTED_EDGE('',*,*,#7884,.T.);
#7886=EDGE_LOOP('',(#7872,#7878,#7879,#7885));
#7887=FACE_BOUND('',#7886,.T.);
#7888=ADVANCED_FACE('',(#7887),#7862,.F.);
#7889=CARTESIAN_POINT('',(0.,0.01,0.));
#7890=DIRECTION('',(0.,-1.,0.));
#7891=DIRECTION('',(0.,0.,-1.));
#7892=AXIS2_PLACEMENT_3D('',#7889,#7890,#7891);
#7893=PLANE('',#7892);
#7894=CARTESIAN_POINT('',(-4.672222403,0.01,-37.5));
#7895=VERTEX_POINT('',#7894);
#7896=CARTESIAN_POINT('',(-4.322222403,0.01,-37.5));
#7897=VERTEX_POINT('',#7896);
#7898=CARTESIAN_POINT('',(-4.672222403,0.01,-37.5));
#7899=DIRECTION('',(1.,0.,-0.));
#7900=VECTOR('',#7899,0.35);
#7901=LINE('',#7898,#7900);
#7902=EDGE_CURVE('',#7895,#7897,#7901,.T.);
#7903=ORIENTED_EDGE('',*,*,#7902,.T.);
#7904=CARTESIAN_POINT('',(-4.322222403,0.01,-37.5));
#7905=DIRECTION('',(-0.,0.,-1.));
#7906=VECTOR('',#7905,2.2);
#7907=LINE('',#7904,#7906);
#7908=EDGE_CURVE('',#7897,#6163,#7907,.T.);
#7909=ORIENTED_EDGE('',*,*,#7908,.T.);
#7910=ORIENTED_EDGE('',*,*,#6168,.T.);
#7911=CARTESIAN_POINT('',(-4.672222403,0.01,-39.7));
#7912=DIRECTION('',(-0.,0.,1.));
#7913=VECTOR('',#7912,2.2);
#7914=LINE('',#7911,#7913);
#7915=EDGE_CURVE('',#6155,#7895,#7914,.T.);
#7916=ORIENTED_EDGE('',*,*,#7915,.T.);
#7917=EDGE_LOOP('',(#7903,#7909,#7910,#7916));
#7918=FACE_BOUND('',#7917,.T.);
#7919=ADVANCED_FACE('',(#7918),#7893,.F.);
#7920=CARTESIAN_POINT('',(0.,0.01,0.));
#7921=DIRECTION('',(0.,-1.,0.));
#7922=DIRECTION('',(0.,0.,-1.));
#7923=AXIS2_PLACEMENT_3D('',#7920,#7921,#7922);
#7924=PLANE('',#7923);
#7925=CARTESIAN_POINT('',(-5.172222403,0.01,-37.5));
#7926=VERTEX_POINT('',#7925);
#7927=CARTESIAN_POINT('',(-4.822222403,0.01,-37.5));
#7928=VERTEX_POINT('',#7927);
#7929=CARTESIAN_POINT('',(-5.172222403,0.01,-37.5));
#7930=DIRECTION('',(1.,0.,-0.));
#7931=VECTOR('',#7930,0.35);
#7932=LINE('',#7929,#7931);
#7933=EDGE_CURVE('',#7926,#7928,#7932,.T.);
#7934=ORIENTED_EDGE('',*,*,#7933,.T.);
#7935=CARTESIAN_POINT('',(-4.822222403,0.01,-37.5));
#7936=DIRECTION('',(-0.,0.,-1.));
#7937=VECTOR('',#7936,2.2);
#7938=LINE('',#7935,#7937);
#7939=EDGE_CURVE('',#7928,#6131,#7938,.T.);
#7940=ORIENTED_EDGE('',*,*,#7939,.T.);
#7941=ORIENTED_EDGE('',*,*,#6136,.T.);
#7942=CARTESIAN_POINT('',(-5.172222403,0.01,-39.7));
#7943=DIRECTION('',(-0.,0.,1.));
#7944=VECTOR('',#7943,2.2);
#7945=LINE('',#7942,#7944);
#7946=EDGE_CURVE('',#6123,#7926,#7945,.T.);
#7947=ORIENTED_EDGE('',*,*,#7946,.T.);
#7948=EDGE_LOOP('',(#7934,#7940,#7941,#7947));
#7949=FACE_BOUND('',#7948,.T.);
#7950=ADVANCED_FACE('',(#7949),#7924,.F.);
#7951=CARTESIAN_POINT('',(-7.672222403,0.01,-39.7));
#7952=DIRECTION('',(-0.,0.,1.));
#7953=DIRECTION('',(1.,0.,0.));
#7954=AXIS2_PLACEMENT_3D('',#7951,#7952,#7953);
#7955=PLANE('',#7954);
#7956=ORIENTED_EDGE('',*,*,#1695,.T.);
#7957=ORIENTED_EDGE('',*,*,#1949,.F.);
#7958=ORIENTED_EDGE('',*,*,#1617,.F.);
#7959=CARTESIAN_POINT('',(-9.172222403,0.3,-39.7));
#7960=VERTEX_POINT('',#7959);
#7961=CARTESIAN_POINT('',(-9.925,0.3,-39.7));
#7962=DIRECTION('',(1.,0.,0.));
#7963=VECTOR('',#7962,0.752777597);
#7964=LINE('',#7961,#7963);
#7965=EDGE_CURVE('',#1604,#7960,#7964,.T.);
#7966=ORIENTED_EDGE('',*,*,#7965,.T.);
#7967=CARTESIAN_POINT('',(-9.172222403,0.01,-39.7));
#7968=VERTEX_POINT('',#7967);
#7969=CARTESIAN_POINT('',(-9.172222403,0.3,-39.7));
#7970=DIRECTION('',(0.,-1.,0.));
#7971=VECTOR('',#7970,0.29);
#7972=LINE('',#7969,#7971);
#7973=EDGE_CURVE('',#7960,#7968,#7972,.T.);
#7974=ORIENTED_EDGE('',*,*,#7973,.T.);
#7975=CARTESIAN_POINT('',(-8.822222403,0.01,-39.7));
#7976=VERTEX_POINT('',#7975);
#7977=CARTESIAN_POINT('',(-8.822222403,0.01,-39.7));
#7978=DIRECTION('',(-1.,0.,-0.));
#7979=VECTOR('',#7978,0.35);
#7980=LINE('',#7977,#7979);
#7981=EDGE_CURVE('',#7976,#7968,#7980,.T.);
#7982=ORIENTED_EDGE('',*,*,#7981,.F.);
#7983=CARTESIAN_POINT('',(-8.822222403,0.3,-39.7));
#7984=VERTEX_POINT('',#7983);
#7985=CARTESIAN_POINT('',(-8.822222403,0.3,-39.7));
#7986=DIRECTION('',(0.,-1.,0.));
#7987=VECTOR('',#7986,0.29);
#7988=LINE('',#7985,#7987);
#7989=EDGE_CURVE('',#7984,#7976,#7988,.T.);
#7990=ORIENTED_EDGE('',*,*,#7989,.F.);
#7991=CARTESIAN_POINT('',(-8.672222403,0.3,-39.7));
#7992=VERTEX_POINT('',#7991);
#7993=CARTESIAN_POINT('',(-8.822222403,0.3,-39.7));
#7994=DIRECTION('',(1.,0.,0.));
#7995=VECTOR('',#7994,0.15);
#7996=LINE('',#7993,#7995);
#7997=EDGE_CURVE('',#7984,#7992,#7996,.T.);
#7998=ORIENTED_EDGE('',*,*,#7997,.T.);
#7999=CARTESIAN_POINT('',(-8.672222403,0.01,-39.7));
#8000=VERTEX_POINT('',#7999);
#8001=CARTESIAN_POINT('',(-8.672222403,0.3,-39.7));
#8002=DIRECTION('',(0.,-1.,0.));
#8003=VECTOR('',#8002,0.29);
#8004=LINE('',#8001,#8003);
#8005=EDGE_CURVE('',#7992,#8000,#8004,.T.);
#8006=ORIENTED_EDGE('',*,*,#8005,.T.);
#8007=CARTESIAN_POINT('',(-8.322222403,0.01,-39.7));
#8008=VERTEX_POINT('',#8007);
#8009=CARTESIAN_POINT('',(-8.322222403,0.01,-39.7));
#8010=DIRECTION('',(-1.,0.,-0.));
#8011=VECTOR('',#8010,0.35);
#8012=LINE('',#8009,#8011);
#8013=EDGE_CURVE('',#8008,#8000,#8012,.T.);
#8014=ORIENTED_EDGE('',*,*,#8013,.F.);
#8015=CARTESIAN_POINT('',(-8.322222403,0.3,-39.7));
#8016=VERTEX_POINT('',#8015);
#8017=CARTESIAN_POINT('',(-8.322222403,0.3,-39.7));
#8018=DIRECTION('',(0.,-1.,0.));
#8019=VECTOR('',#8018,0.29);
#8020=LINE('',#8017,#8019);
#8021=EDGE_CURVE('',#8016,#8008,#8020,.T.);
#8022=ORIENTED_EDGE('',*,*,#8021,.F.);
#8023=CARTESIAN_POINT('',(-8.172222403,0.3,-39.7));
#8024=VERTEX_POINT('',#8023);
#8025=CARTESIAN_POINT('',(-8.322222403,0.3,-39.7));
#8026=DIRECTION('',(1.,0.,0.));
#8027=VECTOR('',#8026,0.15);
#8028=LINE('',#8025,#8027);
#8029=EDGE_CURVE('',#8016,#8024,#8028,.T.);
#8030=ORIENTED_EDGE('',*,*,#8029,.T.);
#8031=CARTESIAN_POINT('',(-8.172222403,0.01,-39.7));
#8032=VERTEX_POINT('',#8031);
#8033=CARTESIAN_POINT('',(-8.172222403,0.3,-39.7));
#8034=DIRECTION('',(0.,-1.,0.));
#8035=VECTOR('',#8034,0.29);
#8036=LINE('',#8033,#8035);
#8037=EDGE_CURVE('',#8024,#8032,#8036,.T.);
#8038=ORIENTED_EDGE('',*,*,#8037,.T.);
#8039=CARTESIAN_POINT('',(-7.822222403,0.01,-39.7));
#8040=VERTEX_POINT('',#8039);
#8041=CARTESIAN_POINT('',(-7.822222403,0.01,-39.7));
#8042=DIRECTION('',(-1.,0.,-0.));
#8043=VECTOR('',#8042,0.35);
#8044=LINE('',#8041,#8043);
#8045=EDGE_CURVE('',#8040,#8032,#8044,.T.);
#8046=ORIENTED_EDGE('',*,*,#8045,.F.);
#8047=CARTESIAN_POINT('',(-7.822222403,0.3,-39.7));
#8048=VERTEX_POINT('',#8047);
#8049=CARTESIAN_POINT('',(-7.822222403,0.3,-39.7));
#8050=DIRECTION('',(0.,-1.,0.));
#8051=VECTOR('',#8050,0.29);
#8052=LINE('',#8049,#8051);
#8053=EDGE_CURVE('',#8048,#8040,#8052,.T.);
#8054=ORIENTED_EDGE('',*,*,#8053,.F.);
#8055=CARTESIAN_POINT('',(-7.672222403,0.3,-39.7));
#8056=VERTEX_POINT('',#8055);
#8057=CARTESIAN_POINT('',(-7.822222403,0.3,-39.7));
#8058=DIRECTION('',(1.,0.,0.));
#8059=VECTOR('',#8058,0.15);
#8060=LINE('',#8057,#8059);
#8061=EDGE_CURVE('',#8048,#8056,#8060,.T.);
#8062=ORIENTED_EDGE('',*,*,#8061,.T.);
#8063=CARTESIAN_POINT('',(-7.672222403,0.01,-39.7));
#8064=VERTEX_POINT('',#8063);
#8065=CARTESIAN_POINT('',(-7.672222403,0.3,-39.7));
#8066=DIRECTION('',(0.,-1.,0.));
#8067=VECTOR('',#8066,0.29);
#8068=LINE('',#8065,#8067);
#8069=EDGE_CURVE('',#8056,#8064,#8068,.T.);
#8070=ORIENTED_EDGE('',*,*,#8069,.T.);
#8071=CARTESIAN_POINT('',(-7.322222403,0.01,-39.7));
#8072=VERTEX_POINT('',#8071);
#8073=CARTESIAN_POINT('',(-7.322222403,0.01,-39.7));
#8074=DIRECTION('',(-1.,0.,-0.));
#8075=VECTOR('',#8074,0.35);
#8076=LINE('',#8073,#8075);
#8077=EDGE_CURVE('',#8072,#8064,#8076,.T.);
#8078=ORIENTED_EDGE('',*,*,#8077,.F.);
#8079=CARTESIAN_POINT('',(-7.322222403,0.3,-39.7));
#8080=VERTEX_POINT('',#8079);
#8081=CARTESIAN_POINT('',(-7.322222403,0.3,-39.7));
#8082=DIRECTION('',(0.,-1.,0.));
#8083=VECTOR('',#8082,0.29);
#8084=LINE('',#8081,#8083);
#8085=EDGE_CURVE('',#8080,#8072,#8084,.T.);
#8086=ORIENTED_EDGE('',*,*,#8085,.F.);
#8087=CARTESIAN_POINT('',(-7.322222403,0.3,-39.7));
#8088=DIRECTION('',(1.,0.,0.));
#8089=VECTOR('',#8088,0.597222403);
#8090=LINE('',#8087,#8089);
#8091=EDGE_CURVE('',#8080,#1690,#8090,.T.);
#8092=ORIENTED_EDGE('',*,*,#8091,.T.);
#8093=EDGE_LOOP('',(#7956,#7957,#7958,#7966,#7974,#7982,#7990,#7998,#8006,#8014,#8022,#8030,#8038,#8046,#8054,#8062,#8070,#8078,#8086,#8092));
#8094=FACE_BOUND('',#8093,.T.);
#8095=ADVANCED_FACE('',(#8094),#7955,.F.);
#8096=CARTESIAN_POINT('',(0.,0.01,0.));
#8097=DIRECTION('',(0.,-1.,0.));
#8098=DIRECTION('',(0.,0.,-1.));
#8099=AXIS2_PLACEMENT_3D('',#8096,#8097,#8098);
#8100=PLANE('',#8099);
#8101=CARTESIAN_POINT('',(-7.672222403,0.01,-37.5));
#8102=VERTEX_POINT('',#8101);
#8103=CARTESIAN_POINT('',(-7.322222403,0.01,-37.5));
#8104=VERTEX_POINT('',#8103);
#8105=CARTESIAN_POINT('',(-7.672222403,0.01,-37.5));
#8106=DIRECTION('',(1.,0.,-0.));
#8107=VECTOR('',#8106,0.35);
#8108=LINE('',#8105,#8107);
#8109=EDGE_CURVE('',#8102,#8104,#8108,.T.);
#8110=ORIENTED_EDGE('',*,*,#8109,.T.);
#8111=CARTESIAN_POINT('',(-7.322222403,0.01,-37.5));
#8112=DIRECTION('',(-0.,0.,-1.));
#8113=VECTOR('',#8112,2.2);
#8114=LINE('',#8111,#8113);
#8115=EDGE_CURVE('',#8104,#8072,#8114,.T.);
#8116=ORIENTED_EDGE('',*,*,#8115,.T.);
#8117=ORIENTED_EDGE('',*,*,#8077,.T.);
#8118=CARTESIAN_POINT('',(-7.672222403,0.01,-39.7));
#8119=DIRECTION('',(-0.,0.,1.));
#8120=VECTOR('',#8119,2.2);
#8121=LINE('',#8118,#8120);
#8122=EDGE_CURVE('',#8064,#8102,#8121,.T.);
#8123=ORIENTED_EDGE('',*,*,#8122,.T.);
#8124=EDGE_LOOP('',(#8110,#8116,#8117,#8123));
#8125=FACE_BOUND('',#8124,.T.);
#8126=ADVANCED_FACE('',(#8125),#8100,.F.);
#8127=CARTESIAN_POINT('',(0.,0.01,0.));
#8128=DIRECTION('',(0.,-1.,0.));
#8129=DIRECTION('',(0.,0.,-1.));
#8130=AXIS2_PLACEMENT_3D('',#8127,#8128,#8129);
#8131=PLANE('',#8130);
#8132=CARTESIAN_POINT('',(-8.172222403,0.01,-37.5));
#8133=VERTEX_POINT('',#8132);
#8134=CARTESIAN_POINT('',(-7.822222403,0.01,-37.5));
#8135=VERTEX_POINT('',#8134);
#8136=CARTESIAN_POINT('',(-8.172222403,0.01,-37.5));
#8137=DIRECTION('',(1.,0.,-0.));
#8138=VECTOR('',#8137,0.35);
#8139=LINE('',#8136,#8138);
#8140=EDGE_CURVE('',#8133,#8135,#8139,.T.);
#8141=ORIENTED_EDGE('',*,*,#8140,.T.);
#8142=CARTESIAN_POINT('',(-7.822222403,0.01,-37.5));
#8143=DIRECTION('',(-0.,0.,-1.));
#8144=VECTOR('',#8143,2.2);
#8145=LINE('',#8142,#8144);
#8146=EDGE_CURVE('',#8135,#8040,#8145,.T.);
#8147=ORIENTED_EDGE('',*,*,#8146,.T.);
#8148=ORIENTED_EDGE('',*,*,#8045,.T.);
#8149=CARTESIAN_POINT('',(-8.172222403,0.01,-39.7));
#8150=DIRECTION('',(-0.,0.,1.));
#8151=VECTOR('',#8150,2.2);
#8152=LINE('',#8149,#8151);
#8153=EDGE_CURVE('',#8032,#8133,#8152,.T.);
#8154=ORIENTED_EDGE('',*,*,#8153,.T.);
#8155=EDGE_LOOP('',(#8141,#8147,#8148,#8154));
#8156=FACE_BOUND('',#8155,.T.);
#8157=ADVANCED_FACE('',(#8156),#8131,.F.);
#8158=CARTESIAN_POINT('',(0.,0.01,0.));
#8159=DIRECTION('',(0.,-1.,0.));
#8160=DIRECTION('',(0.,0.,-1.));
#8161=AXIS2_PLACEMENT_3D('',#8158,#8159,#8160);
#8162=PLANE('',#8161);
#8163=CARTESIAN_POINT('',(-8.672222403,0.01,-37.5));
#8164=VERTEX_POINT('',#8163);
#8165=CARTESIAN_POINT('',(-8.322222403,0.01,-37.5));
#8166=VERTEX_POINT('',#8165);
#8167=CARTESIAN_POINT('',(-8.672222403,0.01,-37.5));
#8168=DIRECTION('',(1.,0.,-0.));
#8169=VECTOR('',#8168,0.35);
#8170=LINE('',#8167,#8169);
#8171=EDGE_CURVE('',#8164,#8166,#8170,.T.);
#8172=ORIENTED_EDGE('',*,*,#8171,.T.);
#8173=CARTESIAN_POINT('',(-8.322222403,0.01,-37.5));
#8174=DIRECTION('',(-0.,0.,-1.));
#8175=VECTOR('',#8174,2.2);
#8176=LINE('',#8173,#8175);
#8177=EDGE_CURVE('',#8166,#8008,#8176,.T.);
#8178=ORIENTED_EDGE('',*,*,#8177,.T.);
#8179=ORIENTED_EDGE('',*,*,#8013,.T.);
#8180=CARTESIAN_POINT('',(-8.672222403,0.01,-39.7));
#8181=DIRECTION('',(-0.,0.,1.));
#8182=VECTOR('',#8181,2.2);
#8183=LINE('',#8180,#8182);
#8184=EDGE_CURVE('',#8000,#8164,#8183,.T.);
#8185=ORIENTED_EDGE('',*,*,#8184,.T.);
#8186=EDGE_LOOP('',(#8172,#8178,#8179,#8185));
#8187=FACE_BOUND('',#8186,.T.);
#8188=ADVANCED_FACE('',(#8187),#8162,.F.);
#8189=CARTESIAN_POINT('',(0.,0.01,0.));
#8190=DIRECTION('',(0.,-1.,0.));
#8191=DIRECTION('',(0.,0.,-1.));
#8192=AXIS2_PLACEMENT_3D('',#8189,#8190,#8191);
#8193=PLANE('',#8192);
#8194=CARTESIAN_POINT('',(-9.172222403,0.01,-37.5));
#8195=VERTEX_POINT('',#8194);
#8196=CARTESIAN_POINT('',(-8.822222403,0.01,-37.5));
#8197=VERTEX_POINT('',#8196);
#8198=CARTESIAN_POINT('',(-9.172222403,0.01,-37.5));
#8199=DIRECTION('',(1.,0.,-0.));
#8200=VECTOR('',#8199,0.35);
#8201=LINE('',#8198,#8200);
#8202=EDGE_CURVE('',#8195,#8197,#8201,.T.);
#8203=ORIENTED_EDGE('',*,*,#8202,.T.);
#8204=CARTESIAN_POINT('',(-8.822222403,0.01,-37.5));
#8205=DIRECTION('',(-0.,0.,-1.));
#8206=VECTOR('',#8205,2.2);
#8207=LINE('',#8204,#8206);
#8208=EDGE_CURVE('',#8197,#7976,#8207,.T.);
#8209=ORIENTED_EDGE('',*,*,#8208,.T.);
#8210=ORIENTED_EDGE('',*,*,#7981,.T.);
#8211=CARTESIAN_POINT('',(-9.172222403,0.01,-39.7));
#8212=DIRECTION('',(-0.,0.,1.));
#8213=VECTOR('',#8212,2.2);
#8214=LINE('',#8211,#8213);
#8215=EDGE_CURVE('',#7968,#8195,#8214,.T.);
#8216=ORIENTED_EDGE('',*,*,#8215,.T.);
#8217=EDGE_LOOP('',(#8203,#8209,#8210,#8216));
#8218=FACE_BOUND('',#8217,.T.);
#8219=ADVANCED_FACE('',(#8218),#8193,.F.);
#8220=CARTESIAN_POINT('',(4.,0.3,40.));
#8221=DIRECTION('',(-1.,0.,0.));
#8222=DIRECTION('',(0.,0.,1.));
#8223=AXIS2_PLACEMENT_3D('',#8220,#8221,#8222);
#8224=PLANE('',#8223);
#8225=ORIENTED_EDGE('',*,*,#2385,.F.);
#8226=ORIENTED_EDGE('',*,*,#1386,.F.);
#8227=CARTESIAN_POINT('',(4.,0.3,39.));
#8228=VERTEX_POINT('',#8227);
#8229=CARTESIAN_POINT('',(4.,0.3,40.));
#8230=DIRECTION('',(-0.,0.,-1.));
#8231=VECTOR('',#8230,1.);
#8232=LINE('',#8229,#8231);
#8233=EDGE_CURVE('',#1373,#8228,#8232,.T.);
#8234=ORIENTED_EDGE('',*,*,#8233,.T.);
#8235=CARTESIAN_POINT('',(4.,0.3,39.));
#8236=DIRECTION('',(0.,-1.,0.));
#8237=VECTOR('',#8236,0.01);
#8238=LINE('',#8235,#8237);
#8239=EDGE_CURVE('',#8228,#2380,#8238,.T.);
#8240=ORIENTED_EDGE('',*,*,#8239,.T.);
#8241=EDGE_LOOP('',(#8225,#8226,#8234,#8240));
#8242=FACE_BOUND('',#8241,.T.);
#8243=ADVANCED_FACE('',(#8242),#8224,.T.);
#8244=COLOUR_RGB('',0.627451003,0.627451003,0.643137276);
#8245=FILL_AREA_STYLE_COLOUR('',#8244);
#8246=FILL_AREA_STYLE('',(#8245));
#8247=SURFACE_STYLE_FILL_AREA(#8246);
#8248=SURFACE_SIDE_STYLE('',(#8247));
#8249=SURFACE_STYLE_USAGE(.BOTH.,#8248);
#8250=PRESENTATION_STYLE_ASSIGNMENT((#8249));
#8251=OVER_RIDING_STYLED_ITEM('',(#8250),#8243,#54);
#8252=CARTESIAN_POINT('',(-4.,0.3,40.));
#8253=DIRECTION('',(1.,0.,0.));
#8254=DIRECTION('',(0.,0.,-1.));
#8255=AXIS2_PLACEMENT_3D('',#8252,#8253,#8254);
#8256=PLANE('',#8255);
#8257=ORIENTED_EDGE('',*,*,#2409,.F.);
#8258=CARTESIAN_POINT('',(-4.,0.3,39.));
#8259=VERTEX_POINT('',#8258);
#8260=CARTESIAN_POINT('',(-4.,0.3,39.));
#8261=DIRECTION('',(0.,-1.,0.));
#8262=VECTOR('',#8261,0.01);
#8263=LINE('',#8260,#8262);
#8264=EDGE_CURVE('',#8259,#2397,#8263,.T.);
#8265=ORIENTED_EDGE('',*,*,#8264,.F.);
#8266=CARTESIAN_POINT('',(-4.,0.3,39.));
#8267=DIRECTION('',(-0.,0.,1.));
#8268=VECTOR('',#8267,1.);
#8269=LINE('',#8266,#8268);
#8270=EDGE_CURVE('',#8259,#1465,#8269,.T.);
#8271=ORIENTED_EDGE('',*,*,#8270,.T.);
#8272=ORIENTED_EDGE('',*,*,#1506,.T.);
#8273=EDGE_LOOP('',(#8257,#8265,#8271,#8272));
#8274=FACE_BOUND('',#8273,.T.);
#8275=ADVANCED_FACE('',(#8274),#8256,.T.);
#8276=OVER_RIDING_STYLED_ITEM('',(#8250),#8275,#54);
#8277=CARTESIAN_POINT('',(8.327777597,0.3,-37.5));
#8278=DIRECTION('',(0.,0.,-1.));
#8279=DIRECTION('',(-1.,0.,0.));
#8280=AXIS2_PLACEMENT_3D('',#8277,#8278,#8279);
#8281=PLANE('',#8280);
#8282=ORIENTED_EDGE('',*,*,#7065,.F.);
#8283=CARTESIAN_POINT('',(8.327777597,0.3,-37.5));
#8284=VERTEX_POINT('',#8283);
#8285=CARTESIAN_POINT('',(8.327777597,0.3,-37.5));
#8286=DIRECTION('',(0.,-1.,0.));
#8287=VECTOR('',#8286,0.29);
#8288=LINE('',#8285,#8287);
#8289=EDGE_CURVE('',#8284,#7058,#8288,.T.);
#8290=ORIENTED_EDGE('',*,*,#8289,.F.);
#8291=CARTESIAN_POINT('',(8.677777597,0.3,-37.5));
#8292=VERTEX_POINT('',#8291);
#8293=CARTESIAN_POINT('',(8.327777597,0.3,-37.5));
#8294=DIRECTION('',(1.,0.,-0.));
#8295=VECTOR('',#8294,0.35);
#8296=LINE('',#8293,#8295);
#8297=EDGE_CURVE('',#8284,#8292,#8296,.T.);
#8298=ORIENTED_EDGE('',*,*,#8297,.T.);
#8299=CARTESIAN_POINT('',(8.677777597,0.3,-37.5));
#8300=DIRECTION('',(0.,-1.,0.));
#8301=VECTOR('',#8300,0.29);
#8302=LINE('',#8299,#8301);
#8303=EDGE_CURVE('',#8292,#7060,#8302,.T.);
#8304=ORIENTED_EDGE('',*,*,#8303,.T.);
#8305=EDGE_LOOP('',(#8282,#8290,#8298,#8304));
#8306=FACE_BOUND('',#8305,.T.);
#8307=ADVANCED_FACE('',(#8306),#8281,.T.);
#8308=OVER_RIDING_STYLED_ITEM('',(#8250),#8307,#54);
#8309=CARTESIAN_POINT('',(8.827777597,0.3,-37.5));
#8310=DIRECTION('',(0.,0.,-1.));
#8311=DIRECTION('',(-1.,0.,0.));
#8312=AXIS2_PLACEMENT_3D('',#8309,#8310,#8311);
#8313=PLANE('',#8312);
#8314=ORIENTED_EDGE('',*,*,#7096,.F.);
#8315=CARTESIAN_POINT('',(8.827777597,0.3,-37.5));
#8316=VERTEX_POINT('',#8315);
#8317=CARTESIAN_POINT('',(8.827777597,0.3,-37.5));
#8318=DIRECTION('',(0.,-1.,0.));
#8319=VECTOR('',#8318,0.29);
#8320=LINE('',#8317,#8319);
#8321=EDGE_CURVE('',#8316,#7089,#8320,.T.);
#8322=ORIENTED_EDGE('',*,*,#8321,.F.);
#8323=CARTESIAN_POINT('',(9.177777597,0.3,-37.5));
#8324=VERTEX_POINT('',#8323);
#8325=CARTESIAN_POINT('',(8.827777597,0.3,-37.5));
#8326=DIRECTION('',(1.,0.,-0.));
#8327=VECTOR('',#8326,0.35);
#8328=LINE('',#8325,#8327);
#8329=EDGE_CURVE('',#8316,#8324,#8328,.T.);
#8330=ORIENTED_EDGE('',*,*,#8329,.T.);
#8331=CARTESIAN_POINT('',(9.177777597,0.3,-37.5));
#8332=DIRECTION('',(0.,-1.,0.));
#8333=VECTOR('',#8332,0.29);
#8334=LINE('',#8331,#8333);
#8335=EDGE_CURVE('',#8324,#7091,#8334,.T.);
#8336=ORIENTED_EDGE('',*,*,#8335,.T.);
#8337=EDGE_LOOP('',(#8314,#8322,#8330,#8336));
#8338=FACE_BOUND('',#8337,.T.);
#8339=ADVANCED_FACE('',(#8338),#8313,.T.);
#8340=OVER_RIDING_STYLED_ITEM('',(#8250),#8339,#54);
#8341=CARTESIAN_POINT('',(7.827777597,0.3,-37.5));
#8342=DIRECTION('',(0.,0.,-1.));
#8343=DIRECTION('',(-1.,0.,0.));
#8344=AXIS2_PLACEMENT_3D('',#8341,#8342,#8343);
#8345=PLANE('',#8344);
#8346=ORIENTED_EDGE('',*,*,#7127,.F.);
#8347=CARTESIAN_POINT('',(7.827777597,0.3,-37.5));
#8348=VERTEX_POINT('',#8347);
#8349=CARTESIAN_POINT('',(7.827777597,0.3,-37.5));
#8350=DIRECTION('',(0.,-1.,0.));
#8351=VECTOR('',#8350,0.29);
#8352=LINE('',#8349,#8351);
#8353=EDGE_CURVE('',#8348,#7120,#8352,.T.);
#8354=ORIENTED_EDGE('',*,*,#8353,.F.);
#8355=CARTESIAN_POINT('',(8.177777597,0.3,-37.5));
#8356=VERTEX_POINT('',#8355);
#8357=CARTESIAN_POINT('',(7.827777597,0.3,-37.5));
#8358=DIRECTION('',(1.,0.,-0.));
#8359=VECTOR('',#8358,0.35);
#8360=LINE('',#8357,#8359);
#8361=EDGE_CURVE('',#8348,#8356,#8360,.T.);
#8362=ORIENTED_EDGE('',*,*,#8361,.T.);
#8363=CARTESIAN_POINT('',(8.177777597,0.3,-37.5));
#8364=DIRECTION('',(0.,-1.,0.));
#8365=VECTOR('',#8364,0.29);
#8366=LINE('',#8363,#8365);
#8367=EDGE_CURVE('',#8356,#7122,#8366,.T.);
#8368=ORIENTED_EDGE('',*,*,#8367,.T.);
#8369=EDGE_LOOP('',(#8346,#8354,#8362,#8368));
#8370=FACE_BOUND('',#8369,.T.);
#8371=ADVANCED_FACE('',(#8370),#8345,.T.);
#8372=OVER_RIDING_STYLED_ITEM('',(#8250),#8371,#54);
#8373=CARTESIAN_POINT('',(7.327777597,0.3,-37.5));
#8374=DIRECTION('',(0.,0.,-1.));
#8375=DIRECTION('',(-1.,0.,0.));
#8376=AXIS2_PLACEMENT_3D('',#8373,#8374,#8375);
#8377=PLANE('',#8376);
#8378=ORIENTED_EDGE('',*,*,#7158,.F.);
#8379=CARTESIAN_POINT('',(7.327777597,0.3,-37.5));
#8380=VERTEX_POINT('',#8379);
#8381=CARTESIAN_POINT('',(7.327777597,0.3,-37.5));
#8382=DIRECTION('',(0.,-1.,0.));
#8383=VECTOR('',#8382,0.29);
#8384=LINE('',#8381,#8383);
#8385=EDGE_CURVE('',#8380,#7151,#8384,.T.);
#8386=ORIENTED_EDGE('',*,*,#8385,.F.);
#8387=CARTESIAN_POINT('',(7.677777597,0.3,-37.5));
#8388=VERTEX_POINT('',#8387);
#8389=CARTESIAN_POINT('',(7.327777597,0.3,-37.5));
#8390=DIRECTION('',(1.,0.,-0.));
#8391=VECTOR('',#8390,0.35);
#8392=LINE('',#8389,#8391);
#8393=EDGE_CURVE('',#8380,#8388,#8392,.T.);
#8394=ORIENTED_EDGE('',*,*,#8393,.T.);
#8395=CARTESIAN_POINT('',(7.677777597,0.3,-37.5));
#8396=DIRECTION('',(0.,-1.,0.));
#8397=VECTOR('',#8396,0.29);
#8398=LINE('',#8395,#8397);
#8399=EDGE_CURVE('',#8388,#7153,#8398,.T.);
#8400=ORIENTED_EDGE('',*,*,#8399,.T.);
#8401=EDGE_LOOP('',(#8378,#8386,#8394,#8400));
#8402=FACE_BOUND('',#8401,.T.);
#8403=ADVANCED_FACE('',(#8402),#8377,.T.);
#8404=OVER_RIDING_STYLED_ITEM('',(#8250),#8403,#54);
#8405=CARTESIAN_POINT('',(6.827777597,0.3,-37.5));
#8406=DIRECTION('',(0.,0.,-1.));
#8407=DIRECTION('',(-1.,0.,0.));
#8408=AXIS2_PLACEMENT_3D('',#8405,#8406,#8407);
#8409=PLANE('',#8408);
#8410=ORIENTED_EDGE('',*,*,#7189,.F.);
#8411=CARTESIAN_POINT('',(6.827777597,0.3,-37.5));
#8412=VERTEX_POINT('',#8411);
#8413=CARTESIAN_POINT('',(6.827777597,0.3,-37.5));
#8414=DIRECTION('',(0.,-1.,0.));
#8415=VECTOR('',#8414,0.29);
#8416=LINE('',#8413,#8415);
#8417=EDGE_CURVE('',#8412,#7182,#8416,.T.);
#8418=ORIENTED_EDGE('',*,*,#8417,.F.);
#8419=CARTESIAN_POINT('',(7.177777597,0.3,-37.5));
#8420=VERTEX_POINT('',#8419);
#8421=CARTESIAN_POINT('',(6.827777597,0.3,-37.5));
#8422=DIRECTION('',(1.,0.,-0.));
#8423=VECTOR('',#8422,0.35);
#8424=LINE('',#8421,#8423);
#8425=EDGE_CURVE('',#8412,#8420,#8424,.T.);
#8426=ORIENTED_EDGE('',*,*,#8425,.T.);
#8427=CARTESIAN_POINT('',(7.177777597,0.3,-37.5));
#8428=DIRECTION('',(0.,-1.,0.));
#8429=VECTOR('',#8428,0.29);
#8430=LINE('',#8427,#8429);
#8431=EDGE_CURVE('',#8420,#7184,#8430,.T.);
#8432=ORIENTED_EDGE('',*,*,#8431,.T.);
#8433=EDGE_LOOP('',(#8410,#8418,#8426,#8432));
#8434=FACE_BOUND('',#8433,.T.);
#8435=ADVANCED_FACE('',(#8434),#8409,.T.);
#8436=OVER_RIDING_STYLED_ITEM('',(#8250),#8435,#54);
#8437=CARTESIAN_POINT('',(6.327777597,0.3,-37.5));
#8438=DIRECTION('',(0.,0.,-1.));
#8439=DIRECTION('',(-1.,0.,0.));
#8440=AXIS2_PLACEMENT_3D('',#8437,#8438,#8439);
#8441=PLANE('',#8440);
#8442=ORIENTED_EDGE('',*,*,#7220,.F.);
#8443=CARTESIAN_POINT('',(6.327777597,0.3,-37.5));
#8444=VERTEX_POINT('',#8443);
#8445=CARTESIAN_POINT('',(6.327777597,0.3,-37.5));
#8446=DIRECTION('',(0.,-1.,0.));
#8447=VECTOR('',#8446,0.29);
#8448=LINE('',#8445,#8447);
#8449=EDGE_CURVE('',#8444,#7213,#8448,.T.);
#8450=ORIENTED_EDGE('',*,*,#8449,.F.);
#8451=CARTESIAN_POINT('',(6.677777597,0.3,-37.5));
#8452=VERTEX_POINT('',#8451);
#8453=CARTESIAN_POINT('',(6.327777597,0.3,-37.5));
#8454=DIRECTION('',(1.,0.,-0.));
#8455=VECTOR('',#8454,0.35);
#8456=LINE('',#8453,#8455);
#8457=EDGE_CURVE('',#8444,#8452,#8456,.T.);
#8458=ORIENTED_EDGE('',*,*,#8457,.T.);
#8459=CARTESIAN_POINT('',(6.677777597,0.3,-37.5));
#8460=DIRECTION('',(0.,-1.,0.));
#8461=VECTOR('',#8460,0.29);
#8462=LINE('',#8459,#8461);
#8463=EDGE_CURVE('',#8452,#7215,#8462,.T.);
#8464=ORIENTED_EDGE('',*,*,#8463,.T.);
#8465=EDGE_LOOP('',(#8442,#8450,#8458,#8464));
#8466=FACE_BOUND('',#8465,.T.);
#8467=ADVANCED_FACE('',(#8466),#8441,.T.);
#8468=OVER_RIDING_STYLED_ITEM('',(#8250),#8467,#54);
#8469=CARTESIAN_POINT('',(5.827777597,0.3,-37.5));
#8470=DIRECTION('',(0.,0.,-1.));
#8471=DIRECTION('',(-1.,0.,0.));
#8472=AXIS2_PLACEMENT_3D('',#8469,#8470,#8471);
#8473=PLANE('',#8472);
#8474=ORIENTED_EDGE('',*,*,#7251,.F.);
#8475=CARTESIAN_POINT('',(5.827777597,0.3,-37.5));
#8476=VERTEX_POINT('',#8475);
#8477=CARTESIAN_POINT('',(5.827777597,0.3,-37.5));
#8478=DIRECTION('',(0.,-1.,0.));
#8479=VECTOR('',#8478,0.29);
#8480=LINE('',#8477,#8479);
#8481=EDGE_CURVE('',#8476,#7244,#8480,.T.);
#8482=ORIENTED_EDGE('',*,*,#8481,.F.);
#8483=CARTESIAN_POINT('',(6.177777597,0.3,-37.5));
#8484=VERTEX_POINT('',#8483);
#8485=CARTESIAN_POINT('',(5.827777597,0.3,-37.5));
#8486=DIRECTION('',(1.,0.,-0.));
#8487=VECTOR('',#8486,0.35);
#8488=LINE('',#8485,#8487);
#8489=EDGE_CURVE('',#8476,#8484,#8488,.T.);
#8490=ORIENTED_EDGE('',*,*,#8489,.T.);
#8491=CARTESIAN_POINT('',(6.177777597,0.3,-37.5));
#8492=DIRECTION('',(0.,-1.,0.));
#8493=VECTOR('',#8492,0.29);
#8494=LINE('',#8491,#8493);
#8495=EDGE_CURVE('',#8484,#7246,#8494,.T.);
#8496=ORIENTED_EDGE('',*,*,#8495,.T.);
#8497=EDGE_LOOP('',(#8474,#8482,#8490,#8496));
#8498=FACE_BOUND('',#8497,.T.);
#8499=ADVANCED_FACE('',(#8498),#8473,.T.);
#8500=OVER_RIDING_STYLED_ITEM('',(#8250),#8499,#54);
#8501=CARTESIAN_POINT('',(5.327777597,0.3,-37.5));
#8502=DIRECTION('',(0.,0.,-1.));
#8503=DIRECTION('',(-1.,0.,0.));
#8504=AXIS2_PLACEMENT_3D('',#8501,#8502,#8503);
#8505=PLANE('',#8504);
#8506=ORIENTED_EDGE('',*,*,#7282,.F.);
#8507=CARTESIAN_POINT('',(5.327777597,0.3,-37.5));
#8508=VERTEX_POINT('',#8507);
#8509=CARTESIAN_POINT('',(5.327777597,0.3,-37.5));
#8510=DIRECTION('',(0.,-1.,0.));
#8511=VECTOR('',#8510,0.29);
#8512=LINE('',#8509,#8511);
#8513=EDGE_CURVE('',#8508,#7275,#8512,.T.);
#8514=ORIENTED_EDGE('',*,*,#8513,.F.);
#8515=CARTESIAN_POINT('',(5.677777597,0.3,-37.5));
#8516=VERTEX_POINT('',#8515);
#8517=CARTESIAN_POINT('',(5.327777597,0.3,-37.5));
#8518=DIRECTION('',(1.,0.,-0.));
#8519=VECTOR('',#8518,0.35);
#8520=LINE('',#8517,#8519);
#8521=EDGE_CURVE('',#8508,#8516,#8520,.T.);
#8522=ORIENTED_EDGE('',*,*,#8521,.T.);
#8523=CARTESIAN_POINT('',(5.677777597,0.3,-37.5));
#8524=DIRECTION('',(0.,-1.,0.));
#8525=VECTOR('',#8524,0.29);
#8526=LINE('',#8523,#8525);
#8527=EDGE_CURVE('',#8516,#7277,#8526,.T.);
#8528=ORIENTED_EDGE('',*,*,#8527,.T.);
#8529=EDGE_LOOP('',(#8506,#8514,#8522,#8528));
#8530=FACE_BOUND('',#8529,.T.);
#8531=ADVANCED_FACE('',(#8530),#8505,.T.);
#8532=OVER_RIDING_STYLED_ITEM('',(#8250),#8531,#54);
#8533=CARTESIAN_POINT('',(4.827777597,0.3,-37.5));
#8534=DIRECTION('',(0.,0.,-1.));
#8535=DIRECTION('',(-1.,0.,0.));
#8536=AXIS2_PLACEMENT_3D('',#8533,#8534,#8535);
#8537=PLANE('',#8536);
#8538=ORIENTED_EDGE('',*,*,#7313,.F.);
#8539=CARTESIAN_POINT('',(4.827777597,0.3,-37.5));
#8540=VERTEX_POINT('',#8539);
#8541=CARTESIAN_POINT('',(4.827777597,0.3,-37.5));
#8542=DIRECTION('',(0.,-1.,0.));
#8543=VECTOR('',#8542,0.29);
#8544=LINE('',#8541,#8543);
#8545=EDGE_CURVE('',#8540,#7306,#8544,.T.);
#8546=ORIENTED_EDGE('',*,*,#8545,.F.);
#8547=CARTESIAN_POINT('',(5.177777597,0.3,-37.5));
#8548=VERTEX_POINT('',#8547);
#8549=CARTESIAN_POINT('',(4.827777597,0.3,-37.5));
#8550=DIRECTION('',(1.,0.,-0.));
#8551=VECTOR('',#8550,0.35);
#8552=LINE('',#8549,#8551);
#8553=EDGE_CURVE('',#8540,#8548,#8552,.T.);
#8554=ORIENTED_EDGE('',*,*,#8553,.T.);
#8555=CARTESIAN_POINT('',(5.177777597,0.3,-37.5));
#8556=DIRECTION('',(0.,-1.,0.));
#8557=VECTOR('',#8556,0.29);
#8558=LINE('',#8555,#8557);
#8559=EDGE_CURVE('',#8548,#7308,#8558,.T.);
#8560=ORIENTED_EDGE('',*,*,#8559,.T.);
#8561=EDGE_LOOP('',(#8538,#8546,#8554,#8560));
#8562=FACE_BOUND('',#8561,.T.);
#8563=ADVANCED_FACE('',(#8562),#8537,.T.);
#8564=OVER_RIDING_STYLED_ITEM('',(#8250),#8563,#54);
#8565=CARTESIAN_POINT('',(4.327777597,0.3,-37.5));
#8566=DIRECTION('',(0.,0.,-1.));
#8567=DIRECTION('',(-1.,0.,0.));
#8568=AXIS2_PLACEMENT_3D('',#8565,#8566,#8567);
#8569=PLANE('',#8568);
#8570=ORIENTED_EDGE('',*,*,#7344,.F.);
#8571=CARTESIAN_POINT('',(4.327777597,0.3,-37.5));
#8572=VERTEX_POINT('',#8571);
#8573=CARTESIAN_POINT('',(4.327777597,0.3,-37.5));
#8574=DIRECTION('',(0.,-1.,0.));
#8575=VECTOR('',#8574,0.29);
#8576=LINE('',#8573,#8575);
#8577=EDGE_CURVE('',#8572,#7337,#8576,.T.);
#8578=ORIENTED_EDGE('',*,*,#8577,.F.);
#8579=CARTESIAN_POINT('',(4.677777597,0.3,-37.5));
#8580=VERTEX_POINT('',#8579);
#8581=CARTESIAN_POINT('',(4.327777597,0.3,-37.5));
#8582=DIRECTION('',(1.,0.,-0.));
#8583=VECTOR('',#8582,0.35);
#8584=LINE('',#8581,#8583);
#8585=EDGE_CURVE('',#8572,#8580,#8584,.T.);
#8586=ORIENTED_EDGE('',*,*,#8585,.T.);
#8587=CARTESIAN_POINT('',(4.677777597,0.3,-37.5));
#8588=DIRECTION('',(0.,-1.,0.));
#8589=VECTOR('',#8588,0.29);
#8590=LINE('',#8587,#8589);
#8591=EDGE_CURVE('',#8580,#7339,#8590,.T.);
#8592=ORIENTED_EDGE('',*,*,#8591,.T.);
#8593=EDGE_LOOP('',(#8570,#8578,#8586,#8592));
#8594=FACE_BOUND('',#8593,.T.);
#8595=ADVANCED_FACE('',(#8594),#8569,.T.);
#8596=OVER_RIDING_STYLED_ITEM('',(#8250),#8595,#54);
#8597=CARTESIAN_POINT('',(3.827777597,0.3,-37.5));
#8598=DIRECTION('',(0.,0.,-1.));
#8599=DIRECTION('',(-1.,0.,0.));
#8600=AXIS2_PLACEMENT_3D('',#8597,#8598,#8599);
#8601=PLANE('',#8600);
#8602=ORIENTED_EDGE('',*,*,#7375,.F.);
#8603=CARTESIAN_POINT('',(3.827777597,0.3,-37.5));
#8604=VERTEX_POINT('',#8603);
#8605=CARTESIAN_POINT('',(3.827777597,0.3,-37.5));
#8606=DIRECTION('',(0.,-1.,0.));
#8607=VECTOR('',#8606,0.29);
#8608=LINE('',#8605,#8607);
#8609=EDGE_CURVE('',#8604,#7368,#8608,.T.);
#8610=ORIENTED_EDGE('',*,*,#8609,.F.);
#8611=CARTESIAN_POINT('',(4.177777597,0.3,-37.5));
#8612=VERTEX_POINT('',#8611);
#8613=CARTESIAN_POINT('',(3.827777597,0.3,-37.5));
#8614=DIRECTION('',(1.,0.,-0.));
#8615=VECTOR('',#8614,0.35);
#8616=LINE('',#8613,#8615);
#8617=EDGE_CURVE('',#8604,#8612,#8616,.T.);
#8618=ORIENTED_EDGE('',*,*,#8617,.T.);
#8619=CARTESIAN_POINT('',(4.177777597,0.3,-37.5));
#8620=DIRECTION('',(0.,-1.,0.));
#8621=VECTOR('',#8620,0.29);
#8622=LINE('',#8619,#8621);
#8623=EDGE_CURVE('',#8612,#7370,#8622,.T.);
#8624=ORIENTED_EDGE('',*,*,#8623,.T.);
#8625=EDGE_LOOP('',(#8602,#8610,#8618,#8624));
#8626=FACE_BOUND('',#8625,.T.);
#8627=ADVANCED_FACE('',(#8626),#8601,.T.);
#8628=OVER_RIDING_STYLED_ITEM('',(#8250),#8627,#54);
#8629=CARTESIAN_POINT('',(3.327777597,0.3,-37.5));
#8630=DIRECTION('',(0.,0.,-1.));
#8631=DIRECTION('',(-1.,0.,0.));
#8632=AXIS2_PLACEMENT_3D('',#8629,#8630,#8631);
#8633=PLANE('',#8632);
#8634=ORIENTED_EDGE('',*,*,#7406,.F.);
#8635=CARTESIAN_POINT('',(3.327777597,0.3,-37.5));
#8636=VERTEX_POINT('',#8635);
#8637=CARTESIAN_POINT('',(3.327777597,0.3,-37.5));
#8638=DIRECTION('',(0.,-1.,0.));
#8639=VECTOR('',#8638,0.29);
#8640=LINE('',#8637,#8639);
#8641=EDGE_CURVE('',#8636,#7399,#8640,.T.);
#8642=ORIENTED_EDGE('',*,*,#8641,.F.);
#8643=CARTESIAN_POINT('',(3.677777597,0.3,-37.5));
#8644=VERTEX_POINT('',#8643);
#8645=CARTESIAN_POINT('',(3.327777597,0.3,-37.5));
#8646=DIRECTION('',(1.,0.,-0.));
#8647=VECTOR('',#8646,0.35);
#8648=LINE('',#8645,#8647);
#8649=EDGE_CURVE('',#8636,#8644,#8648,.T.);
#8650=ORIENTED_EDGE('',*,*,#8649,.T.);
#8651=CARTESIAN_POINT('',(3.677777597,0.3,-37.5));
#8652=DIRECTION('',(0.,-1.,0.));
#8653=VECTOR('',#8652,0.29);
#8654=LINE('',#8651,#8653);
#8655=EDGE_CURVE('',#8644,#7401,#8654,.T.);
#8656=ORIENTED_EDGE('',*,*,#8655,.T.);
#8657=EDGE_LOOP('',(#8634,#8642,#8650,#8656));
#8658=FACE_BOUND('',#8657,.T.);
#8659=ADVANCED_FACE('',(#8658),#8633,.T.);
#8660=OVER_RIDING_STYLED_ITEM('',(#8250),#8659,#54);
#8661=CARTESIAN_POINT('',(2.827777597,0.3,-37.5));
#8662=DIRECTION('',(0.,0.,-1.));
#8663=DIRECTION('',(-1.,0.,0.));
#8664=AXIS2_PLACEMENT_3D('',#8661,#8662,#8663);
#8665=PLANE('',#8664);
#8666=ORIENTED_EDGE('',*,*,#7437,.F.);
#8667=CARTESIAN_POINT('',(2.827777597,0.3,-37.5));
#8668=VERTEX_POINT('',#8667);
#8669=CARTESIAN_POINT('',(2.827777597,0.3,-37.5));
#8670=DIRECTION('',(0.,-1.,0.));
#8671=VECTOR('',#8670,0.29);
#8672=LINE('',#8669,#8671);
#8673=EDGE_CURVE('',#8668,#7430,#8672,.T.);
#8674=ORIENTED_EDGE('',*,*,#8673,.F.);
#8675=CARTESIAN_POINT('',(3.177777597,0.3,-37.5));
#8676=VERTEX_POINT('',#8675);
#8677=CARTESIAN_POINT('',(2.827777597,0.3,-37.5));
#8678=DIRECTION('',(1.,0.,-0.));
#8679=VECTOR('',#8678,0.35);
#8680=LINE('',#8677,#8679);
#8681=EDGE_CURVE('',#8668,#8676,#8680,.T.);
#8682=ORIENTED_EDGE('',*,*,#8681,.T.);
#8683=CARTESIAN_POINT('',(3.177777597,0.3,-37.5));
#8684=DIRECTION('',(0.,-1.,0.));
#8685=VECTOR('',#8684,0.29);
#8686=LINE('',#8683,#8685);
#8687=EDGE_CURVE('',#8676,#7432,#8686,.T.);
#8688=ORIENTED_EDGE('',*,*,#8687,.T.);
#8689=EDGE_LOOP('',(#8666,#8674,#8682,#8688));
#8690=FACE_BOUND('',#8689,.T.);
#8691=ADVANCED_FACE('',(#8690),#8665,.T.);
#8692=OVER_RIDING_STYLED_ITEM('',(#8250),#8691,#54);
#8693=CARTESIAN_POINT('',(2.327777597,0.3,-37.5));
#8694=DIRECTION('',(0.,0.,-1.));
#8695=DIRECTION('',(-1.,0.,0.));
#8696=AXIS2_PLACEMENT_3D('',#8693,#8694,#8695);
#8697=PLANE('',#8696);
#8698=ORIENTED_EDGE('',*,*,#7468,.F.);
#8699=CARTESIAN_POINT('',(2.327777597,0.3,-37.5));
#8700=VERTEX_POINT('',#8699);
#8701=CARTESIAN_POINT('',(2.327777597,0.3,-37.5));
#8702=DIRECTION('',(0.,-1.,0.));
#8703=VECTOR('',#8702,0.29);
#8704=LINE('',#8701,#8703);
#8705=EDGE_CURVE('',#8700,#7461,#8704,.T.);
#8706=ORIENTED_EDGE('',*,*,#8705,.F.);
#8707=CARTESIAN_POINT('',(2.677777597,0.3,-37.5));
#8708=VERTEX_POINT('',#8707);
#8709=CARTESIAN_POINT('',(2.327777597,0.3,-37.5));
#8710=DIRECTION('',(1.,0.,-0.));
#8711=VECTOR('',#8710,0.35);
#8712=LINE('',#8709,#8711);
#8713=EDGE_CURVE('',#8700,#8708,#8712,.T.);
#8714=ORIENTED_EDGE('',*,*,#8713,.T.);
#8715=CARTESIAN_POINT('',(2.677777597,0.3,-37.5));
#8716=DIRECTION('',(0.,-1.,0.));
#8717=VECTOR('',#8716,0.29);
#8718=LINE('',#8715,#8717);
#8719=EDGE_CURVE('',#8708,#7463,#8718,.T.);
#8720=ORIENTED_EDGE('',*,*,#8719,.T.);
#8721=EDGE_LOOP('',(#8698,#8706,#8714,#8720));
#8722=FACE_BOUND('',#8721,.T.);
#8723=ADVANCED_FACE('',(#8722),#8697,.T.);
#8724=OVER_RIDING_STYLED_ITEM('',(#8250),#8723,#54);
#8725=CARTESIAN_POINT('',(1.827777597,0.3,-37.5));
#8726=DIRECTION('',(0.,0.,-1.));
#8727=DIRECTION('',(-1.,0.,0.));
#8728=AXIS2_PLACEMENT_3D('',#8725,#8726,#8727);
#8729=PLANE('',#8728);
#8730=ORIENTED_EDGE('',*,*,#7499,.F.);
#8731=CARTESIAN_POINT('',(1.827777597,0.3,-37.5));
#8732=VERTEX_POINT('',#8731);
#8733=CARTESIAN_POINT('',(1.827777597,0.3,-37.5));
#8734=DIRECTION('',(0.,-1.,0.));
#8735=VECTOR('',#8734,0.29);
#8736=LINE('',#8733,#8735);
#8737=EDGE_CURVE('',#8732,#7492,#8736,.T.);
#8738=ORIENTED_EDGE('',*,*,#8737,.F.);
#8739=CARTESIAN_POINT('',(2.177777597,0.3,-37.5));
#8740=VERTEX_POINT('',#8739);
#8741=CARTESIAN_POINT('',(1.827777597,0.3,-37.5));
#8742=DIRECTION('',(1.,0.,-0.));
#8743=VECTOR('',#8742,0.35);
#8744=LINE('',#8741,#8743);
#8745=EDGE_CURVE('',#8732,#8740,#8744,.T.);
#8746=ORIENTED_EDGE('',*,*,#8745,.T.);
#8747=CARTESIAN_POINT('',(2.177777597,0.3,-37.5));
#8748=DIRECTION('',(0.,-1.,0.));
#8749=VECTOR('',#8748,0.29);
#8750=LINE('',#8747,#8749);
#8751=EDGE_CURVE('',#8740,#7494,#8750,.T.);
#8752=ORIENTED_EDGE('',*,*,#8751,.T.);
#8753=EDGE_LOOP('',(#8730,#8738,#8746,#8752));
#8754=FACE_BOUND('',#8753,.T.);
#8755=ADVANCED_FACE('',(#8754),#8729,.T.);
#8756=OVER_RIDING_STYLED_ITEM('',(#8250),#8755,#54);
#8757=CARTESIAN_POINT('',(1.327777597,0.3,-37.5));
#8758=DIRECTION('',(0.,0.,-1.));
#8759=DIRECTION('',(-1.,0.,0.));
#8760=AXIS2_PLACEMENT_3D('',#8757,#8758,#8759);
#8761=PLANE('',#8760);
#8762=ORIENTED_EDGE('',*,*,#7530,.F.);
#8763=CARTESIAN_POINT('',(1.327777597,0.3,-37.5));
#8764=VERTEX_POINT('',#8763);
#8765=CARTESIAN_POINT('',(1.327777597,0.3,-37.5));
#8766=DIRECTION('',(0.,-1.,0.));
#8767=VECTOR('',#8766,0.29);
#8768=LINE('',#8765,#8767);
#8769=EDGE_CURVE('',#8764,#7523,#8768,.T.);
#8770=ORIENTED_EDGE('',*,*,#8769,.F.);
#8771=CARTESIAN_POINT('',(1.677777597,0.3,-37.5));
#8772=VERTEX_POINT('',#8771);
#8773=CARTESIAN_POINT('',(1.327777597,0.3,-37.5));
#8774=DIRECTION('',(1.,0.,-0.));
#8775=VECTOR('',#8774,0.35);
#8776=LINE('',#8773,#8775);
#8777=EDGE_CURVE('',#8764,#8772,#8776,.T.);
#8778=ORIENTED_EDGE('',*,*,#8777,.T.);
#8779=CARTESIAN_POINT('',(1.677777597,0.3,-37.5));
#8780=DIRECTION('',(0.,-1.,0.));
#8781=VECTOR('',#8780,0.29);
#8782=LINE('',#8779,#8781);
#8783=EDGE_CURVE('',#8772,#7525,#8782,.T.);
#8784=ORIENTED_EDGE('',*,*,#8783,.T.);
#8785=EDGE_LOOP('',(#8762,#8770,#8778,#8784));
#8786=FACE_BOUND('',#8785,.T.);
#8787=ADVANCED_FACE('',(#8786),#8761,.T.);
#8788=OVER_RIDING_STYLED_ITEM('',(#8250),#8787,#54);
#8789=CARTESIAN_POINT('',(0.827777597,0.3,-37.5));
#8790=DIRECTION('',(0.,0.,-1.));
#8791=DIRECTION('',(-1.,0.,0.));
#8792=AXIS2_PLACEMENT_3D('',#8789,#8790,#8791);
#8793=PLANE('',#8792);
#8794=ORIENTED_EDGE('',*,*,#7561,.F.);
#8795=CARTESIAN_POINT('',(0.827777597,0.3,-37.5));
#8796=VERTEX_POINT('',#8795);
#8797=CARTESIAN_POINT('',(0.827777597,0.3,-37.5));
#8798=DIRECTION('',(0.,-1.,0.));
#8799=VECTOR('',#8798,0.29);
#8800=LINE('',#8797,#8799);
#8801=EDGE_CURVE('',#8796,#7554,#8800,.T.);
#8802=ORIENTED_EDGE('',*,*,#8801,.F.);
#8803=CARTESIAN_POINT('',(1.177777597,0.3,-37.5));
#8804=VERTEX_POINT('',#8803);
#8805=CARTESIAN_POINT('',(0.827777597,0.3,-37.5));
#8806=DIRECTION('',(1.,0.,-0.));
#8807=VECTOR('',#8806,0.35);
#8808=LINE('',#8805,#8807);
#8809=EDGE_CURVE('',#8796,#8804,#8808,.T.);
#8810=ORIENTED_EDGE('',*,*,#8809,.T.);
#8811=CARTESIAN_POINT('',(1.177777597,0.3,-37.5));
#8812=DIRECTION('',(0.,-1.,0.));
#8813=VECTOR('',#8812,0.29);
#8814=LINE('',#8811,#8813);
#8815=EDGE_CURVE('',#8804,#7556,#8814,.T.);
#8816=ORIENTED_EDGE('',*,*,#8815,.T.);
#8817=EDGE_LOOP('',(#8794,#8802,#8810,#8816));
#8818=FACE_BOUND('',#8817,.T.);
#8819=ADVANCED_FACE('',(#8818),#8793,.T.);
#8820=OVER_RIDING_STYLED_ITEM('',(#8250),#8819,#54);
#8821=CARTESIAN_POINT('',(0.327777597,0.3,-37.5));
#8822=DIRECTION('',(0.,0.,-1.));
#8823=DIRECTION('',(-1.,0.,0.));
#8824=AXIS2_PLACEMENT_3D('',#8821,#8822,#8823);
#8825=PLANE('',#8824);
#8826=ORIENTED_EDGE('',*,*,#7592,.F.);
#8827=CARTESIAN_POINT('',(0.327777597,0.3,-37.5));
#8828=VERTEX_POINT('',#8827);
#8829=CARTESIAN_POINT('',(0.327777597,0.3,-37.5));
#8830=DIRECTION('',(0.,-1.,0.));
#8831=VECTOR('',#8830,0.29);
#8832=LINE('',#8829,#8831);
#8833=EDGE_CURVE('',#8828,#7585,#8832,.T.);
#8834=ORIENTED_EDGE('',*,*,#8833,.F.);
#8835=CARTESIAN_POINT('',(0.677777597,0.3,-37.5));
#8836=VERTEX_POINT('',#8835);
#8837=CARTESIAN_POINT('',(0.327777597,0.3,-37.5));
#8838=DIRECTION('',(1.,0.,-0.));
#8839=VECTOR('',#8838,0.35);
#8840=LINE('',#8837,#8839);
#8841=EDGE_CURVE('',#8828,#8836,#8840,.T.);
#8842=ORIENTED_EDGE('',*,*,#8841,.T.);
#8843=CARTESIAN_POINT('',(0.677777597,0.3,-37.5));
#8844=DIRECTION('',(0.,-1.,0.));
#8845=VECTOR('',#8844,0.29);
#8846=LINE('',#8843,#8845);
#8847=EDGE_CURVE('',#8836,#7587,#8846,.T.);
#8848=ORIENTED_EDGE('',*,*,#8847,.T.);
#8849=EDGE_LOOP('',(#8826,#8834,#8842,#8848));
#8850=FACE_BOUND('',#8849,.T.);
#8851=ADVANCED_FACE('',(#8850),#8825,.T.);
#8852=OVER_RIDING_STYLED_ITEM('',(#8250),#8851,#54);
#8853=CARTESIAN_POINT('',(-0.172222403,0.3,-37.5));
#8854=DIRECTION('',(0.,0.,-1.));
#8855=DIRECTION('',(-1.,0.,0.));
#8856=AXIS2_PLACEMENT_3D('',#8853,#8854,#8855);
#8857=PLANE('',#8856);
#8858=ORIENTED_EDGE('',*,*,#7623,.F.);
#8859=CARTESIAN_POINT('',(-0.172222403,0.3,-37.5));
#8860=VERTEX_POINT('',#8859);
#8861=CARTESIAN_POINT('',(-0.172222403,0.3,-37.5));
#8862=DIRECTION('',(0.,-1.,0.));
#8863=VECTOR('',#8862,0.29);
#8864=LINE('',#8861,#8863);
#8865=EDGE_CURVE('',#8860,#7616,#8864,.T.);
#8866=ORIENTED_EDGE('',*,*,#8865,.F.);
#8867=CARTESIAN_POINT('',(0.177777597,0.3,-37.5));
#8868=VERTEX_POINT('',#8867);
#8869=CARTESIAN_POINT('',(-0.172222403,0.3,-37.5));
#8870=DIRECTION('',(1.,0.,-0.));
#8871=VECTOR('',#8870,0.35);
#8872=LINE('',#8869,#8871);
#8873=EDGE_CURVE('',#8860,#8868,#8872,.T.);
#8874=ORIENTED_EDGE('',*,*,#8873,.T.);
#8875=CARTESIAN_POINT('',(0.177777597,0.3,-37.5));
#8876=DIRECTION('',(0.,-1.,0.));
#8877=VECTOR('',#8876,0.29);
#8878=LINE('',#8875,#8877);
#8879=EDGE_CURVE('',#8868,#7618,#8878,.T.);
#8880=ORIENTED_EDGE('',*,*,#8879,.T.);
#8881=EDGE_LOOP('',(#8858,#8866,#8874,#8880));
#8882=FACE_BOUND('',#8881,.T.);
#8883=ADVANCED_FACE('',(#8882),#8857,.T.);
#8884=OVER_RIDING_STYLED_ITEM('',(#8250),#8883,#54);
#8885=CARTESIAN_POINT('',(-0.672222403,0.3,-37.5));
#8886=DIRECTION('',(0.,0.,-1.));
#8887=DIRECTION('',(-1.,0.,0.));
#8888=AXIS2_PLACEMENT_3D('',#8885,#8886,#8887);
#8889=PLANE('',#8888);
#8890=ORIENTED_EDGE('',*,*,#7654,.F.);
#8891=CARTESIAN_POINT('',(-0.672222403,0.3,-37.5));
#8892=VERTEX_POINT('',#8891);
#8893=CARTESIAN_POINT('',(-0.672222403,0.3,-37.5));
#8894=DIRECTION('',(0.,-1.,0.));
#8895=VECTOR('',#8894,0.29);
#8896=LINE('',#8893,#8895);
#8897=EDGE_CURVE('',#8892,#7647,#8896,.T.);
#8898=ORIENTED_EDGE('',*,*,#8897,.F.);
#8899=CARTESIAN_POINT('',(-0.322222403,0.3,-37.5));
#8900=VERTEX_POINT('',#8899);
#8901=CARTESIAN_POINT('',(-0.672222403,0.3,-37.5));
#8902=DIRECTION('',(1.,0.,-0.));
#8903=VECTOR('',#8902,0.35);
#8904=LINE('',#8901,#8903);
#8905=EDGE_CURVE('',#8892,#8900,#8904,.T.);
#8906=ORIENTED_EDGE('',*,*,#8905,.T.);
#8907=CARTESIAN_POINT('',(-0.322222403,0.3,-37.5));
#8908=DIRECTION('',(0.,-1.,0.));
#8909=VECTOR('',#8908,0.29);
#8910=LINE('',#8907,#8909);
#8911=EDGE_CURVE('',#8900,#7649,#8910,.T.);
#8912=ORIENTED_EDGE('',*,*,#8911,.T.);
#8913=EDGE_LOOP('',(#8890,#8898,#8906,#8912));
#8914=FACE_BOUND('',#8913,.T.);
#8915=ADVANCED_FACE('',(#8914),#8889,.T.);
#8916=OVER_RIDING_STYLED_ITEM('',(#8250),#8915,#54);
#8917=CARTESIAN_POINT('',(-1.172222403,0.3,-37.5));
#8918=DIRECTION('',(0.,0.,-1.));
#8919=DIRECTION('',(-1.,0.,0.));
#8920=AXIS2_PLACEMENT_3D('',#8917,#8918,#8919);
#8921=PLANE('',#8920);
#8922=ORIENTED_EDGE('',*,*,#7685,.F.);
#8923=CARTESIAN_POINT('',(-1.172222403,0.3,-37.5));
#8924=VERTEX_POINT('',#8923);
#8925=CARTESIAN_POINT('',(-1.172222403,0.3,-37.5));
#8926=DIRECTION('',(0.,-1.,0.));
#8927=VECTOR('',#8926,0.29);
#8928=LINE('',#8925,#8927);
#8929=EDGE_CURVE('',#8924,#7678,#8928,.T.);
#8930=ORIENTED_EDGE('',*,*,#8929,.F.);
#8931=CARTESIAN_POINT('',(-0.822222403,0.3,-37.5));
#8932=VERTEX_POINT('',#8931);
#8933=CARTESIAN_POINT('',(-1.172222403,0.3,-37.5));
#8934=DIRECTION('',(1.,0.,-0.));
#8935=VECTOR('',#8934,0.35);
#8936=LINE('',#8933,#8935);
#8937=EDGE_CURVE('',#8924,#8932,#8936,.T.);
#8938=ORIENTED_EDGE('',*,*,#8937,.T.);
#8939=CARTESIAN_POINT('',(-0.822222403,0.3,-37.5));
#8940=DIRECTION('',(0.,-1.,0.));
#8941=VECTOR('',#8940,0.29);
#8942=LINE('',#8939,#8941);
#8943=EDGE_CURVE('',#8932,#7680,#8942,.T.);
#8944=ORIENTED_EDGE('',*,*,#8943,.T.);
#8945=EDGE_LOOP('',(#8922,#8930,#8938,#8944));
#8946=FACE_BOUND('',#8945,.T.);
#8947=ADVANCED_FACE('',(#8946),#8921,.T.);
#8948=OVER_RIDING_STYLED_ITEM('',(#8250),#8947,#54);
#8949=CARTESIAN_POINT('',(-1.672222403,0.3,-37.5));
#8950=DIRECTION('',(0.,0.,-1.));
#8951=DIRECTION('',(-1.,0.,0.));
#8952=AXIS2_PLACEMENT_3D('',#8949,#8950,#8951);
#8953=PLANE('',#8952);
#8954=ORIENTED_EDGE('',*,*,#7716,.F.);
#8955=CARTESIAN_POINT('',(-1.672222403,0.3,-37.5));
#8956=VERTEX_POINT('',#8955);
#8957=CARTESIAN_POINT('',(-1.672222403,0.3,-37.5));
#8958=DIRECTION('',(0.,-1.,0.));
#8959=VECTOR('',#8958,0.29);
#8960=LINE('',#8957,#8959);
#8961=EDGE_CURVE('',#8956,#7709,#8960,.T.);
#8962=ORIENTED_EDGE('',*,*,#8961,.F.);
#8963=CARTESIAN_POINT('',(-1.322222403,0.3,-37.5));
#8964=VERTEX_POINT('',#8963);
#8965=CARTESIAN_POINT('',(-1.672222403,0.3,-37.5));
#8966=DIRECTION('',(1.,0.,-0.));
#8967=VECTOR('',#8966,0.35);
#8968=LINE('',#8965,#8967);
#8969=EDGE_CURVE('',#8956,#8964,#8968,.T.);
#8970=ORIENTED_EDGE('',*,*,#8969,.T.);
#8971=CARTESIAN_POINT('',(-1.322222403,0.3,-37.5));
#8972=DIRECTION('',(0.,-1.,0.));
#8973=VECTOR('',#8972,0.29);
#8974=LINE('',#8971,#8973);
#8975=EDGE_CURVE('',#8964,#7711,#8974,.T.);
#8976=ORIENTED_EDGE('',*,*,#8975,.T.);
#8977=EDGE_LOOP('',(#8954,#8962,#8970,#8976));
#8978=FACE_BOUND('',#8977,.T.);
#8979=ADVANCED_FACE('',(#8978),#8953,.T.);
#8980=OVER_RIDING_STYLED_ITEM('',(#8250),#8979,#54);
#8981=CARTESIAN_POINT('',(-2.172222403,0.3,-37.5));
#8982=DIRECTION('',(0.,0.,-1.));
#8983=DIRECTION('',(-1.,0.,0.));
#8984=AXIS2_PLACEMENT_3D('',#8981,#8982,#8983);
#8985=PLANE('',#8984);
#8986=ORIENTED_EDGE('',*,*,#7747,.F.);
#8987=CARTESIAN_POINT('',(-2.172222403,0.3,-37.5));
#8988=VERTEX_POINT('',#8987);
#8989=CARTESIAN_POINT('',(-2.172222403,0.3,-37.5));
#8990=DIRECTION('',(0.,-1.,0.));
#8991=VECTOR('',#8990,0.29);
#8992=LINE('',#8989,#8991);
#8993=EDGE_CURVE('',#8988,#7740,#8992,.T.);
#8994=ORIENTED_EDGE('',*,*,#8993,.F.);
#8995=CARTESIAN_POINT('',(-1.822222403,0.3,-37.5));
#8996=VERTEX_POINT('',#8995);
#8997=CARTESIAN_POINT('',(-2.172222403,0.3,-37.5));
#8998=DIRECTION('',(1.,0.,-0.));
#8999=VECTOR('',#8998,0.35);
#9000=LINE('',#8997,#8999);
#9001=EDGE_CURVE('',#8988,#8996,#9000,.T.);
#9002=ORIENTED_EDGE('',*,*,#9001,.T.);
#9003=CARTESIAN_POINT('',(-1.822222403,0.3,-37.5));
#9004=DIRECTION('',(0.,-1.,0.));
#9005=VECTOR('',#9004,0.29);
#9006=LINE('',#9003,#9005);
#9007=EDGE_CURVE('',#8996,#7742,#9006,.T.);
#9008=ORIENTED_EDGE('',*,*,#9007,.T.);
#9009=EDGE_LOOP('',(#8986,#8994,#9002,#9008));
#9010=FACE_BOUND('',#9009,.T.);
#9011=ADVANCED_FACE('',(#9010),#8985,.T.);
#9012=OVER_RIDING_STYLED_ITEM('',(#8250),#9011,#54);
#9013=CARTESIAN_POINT('',(-2.672222403,0.3,-37.5));
#9014=DIRECTION('',(0.,0.,-1.));
#9015=DIRECTION('',(-1.,0.,0.));
#9016=AXIS2_PLACEMENT_3D('',#9013,#9014,#9015);
#9017=PLANE('',#9016);
#9018=ORIENTED_EDGE('',*,*,#7778,.F.);
#9019=CARTESIAN_POINT('',(-2.672222403,0.3,-37.5));
#9020=VERTEX_POINT('',#9019);
#9021=CARTESIAN_POINT('',(-2.672222403,0.3,-37.5));
#9022=DIRECTION('',(0.,-1.,0.));
#9023=VECTOR('',#9022,0.29);
#9024=LINE('',#9021,#9023);
#9025=EDGE_CURVE('',#9020,#7771,#9024,.T.);
#9026=ORIENTED_EDGE('',*,*,#9025,.F.);
#9027=CARTESIAN_POINT('',(-2.322222403,0.3,-37.5));
#9028=VERTEX_POINT('',#9027);
#9029=CARTESIAN_POINT('',(-2.672222403,0.3,-37.5));
#9030=DIRECTION('',(1.,0.,-0.));
#9031=VECTOR('',#9030,0.35);
#9032=LINE('',#9029,#9031);
#9033=EDGE_CURVE('',#9020,#9028,#9032,.T.);
#9034=ORIENTED_EDGE('',*,*,#9033,.T.);
#9035=CARTESIAN_POINT('',(-2.322222403,0.3,-37.5));
#9036=DIRECTION('',(0.,-1.,0.));
#9037=VECTOR('',#9036,0.29);
#9038=LINE('',#9035,#9037);
#9039=EDGE_CURVE('',#9028,#7773,#9038,.T.);
#9040=ORIENTED_EDGE('',*,*,#9039,.T.);
#9041=EDGE_LOOP('',(#9018,#9026,#9034,#9040));
#9042=FACE_BOUND('',#9041,.T.);
#9043=ADVANCED_FACE('',(#9042),#9017,.T.);
#9044=OVER_RIDING_STYLED_ITEM('',(#8250),#9043,#54);
#9045=CARTESIAN_POINT('',(-3.172222403,0.3,-37.5));
#9046=DIRECTION('',(0.,0.,-1.));
#9047=DIRECTION('',(-1.,0.,0.));
#9048=AXIS2_PLACEMENT_3D('',#9045,#9046,#9047);
#9049=PLANE('',#9048);
#9050=ORIENTED_EDGE('',*,*,#7809,.F.);
#9051=CARTESIAN_POINT('',(-3.172222403,0.3,-37.5));
#9052=VERTEX_POINT('',#9051);
#9053=CARTESIAN_POINT('',(-3.172222403,0.3,-37.5));
#9054=DIRECTION('',(0.,-1.,0.));
#9055=VECTOR('',#9054,0.29);
#9056=LINE('',#9053,#9055);
#9057=EDGE_CURVE('',#9052,#7802,#9056,.T.);
#9058=ORIENTED_EDGE('',*,*,#9057,.F.);
#9059=CARTESIAN_POINT('',(-2.822222403,0.3,-37.5));
#9060=VERTEX_POINT('',#9059);
#9061=CARTESIAN_POINT('',(-3.172222403,0.3,-37.5));
#9062=DIRECTION('',(1.,0.,-0.));
#9063=VECTOR('',#9062,0.35);
#9064=LINE('',#9061,#9063);
#9065=EDGE_CURVE('',#9052,#9060,#9064,.T.);
#9066=ORIENTED_EDGE('',*,*,#9065,.T.);
#9067=CARTESIAN_POINT('',(-2.822222403,0.3,-37.5));
#9068=DIRECTION('',(0.,-1.,0.));
#9069=VECTOR('',#9068,0.29);
#9070=LINE('',#9067,#9069);
#9071=EDGE_CURVE('',#9060,#7804,#9070,.T.);
#9072=ORIENTED_EDGE('',*,*,#9071,.T.);
#9073=EDGE_LOOP('',(#9050,#9058,#9066,#9072));
#9074=FACE_BOUND('',#9073,.T.);
#9075=ADVANCED_FACE('',(#9074),#9049,.T.);
#9076=OVER_RIDING_STYLED_ITEM('',(#8250),#9075,#54);
#9077=CARTESIAN_POINT('',(-3.672222403,0.3,-37.5));
#9078=DIRECTION('',(0.,0.,-1.));
#9079=DIRECTION('',(-1.,0.,0.));
#9080=AXIS2_PLACEMENT_3D('',#9077,#9078,#9079);
#9081=PLANE('',#9080);
#9082=ORIENTED_EDGE('',*,*,#7840,.F.);
#9083=CARTESIAN_POINT('',(-3.672222403,0.3,-37.5));
#9084=VERTEX_POINT('',#9083);
#9085=CARTESIAN_POINT('',(-3.672222403,0.3,-37.5));
#9086=DIRECTION('',(0.,-1.,0.));
#9087=VECTOR('',#9086,0.29);
#9088=LINE('',#9085,#9087);
#9089=EDGE_CURVE('',#9084,#7833,#9088,.T.);
#9090=ORIENTED_EDGE('',*,*,#9089,.F.);
#9091=CARTESIAN_POINT('',(-3.322222403,0.3,-37.5));
#9092=VERTEX_POINT('',#9091);
#9093=CARTESIAN_POINT('',(-3.672222403,0.3,-37.5));
#9094=DIRECTION('',(1.,0.,-0.));
#9095=VECTOR('',#9094,0.35);
#9096=LINE('',#9093,#9095);
#9097=EDGE_CURVE('',#9084,#9092,#9096,.T.);
#9098=ORIENTED_EDGE('',*,*,#9097,.T.);
#9099=CARTESIAN_POINT('',(-3.322222403,0.3,-37.5));
#9100=DIRECTION('',(0.,-1.,0.));
#9101=VECTOR('',#9100,0.29);
#9102=LINE('',#9099,#9101);
#9103=EDGE_CURVE('',#9092,#7835,#9102,.T.);
#9104=ORIENTED_EDGE('',*,*,#9103,.T.);
#9105=EDGE_LOOP('',(#9082,#9090,#9098,#9104));
#9106=FACE_BOUND('',#9105,.T.);
#9107=ADVANCED_FACE('',(#9106),#9081,.T.);
#9108=OVER_RIDING_STYLED_ITEM('',(#8250),#9107,#54);
#9109=CARTESIAN_POINT('',(-4.172222403,0.3,-37.5));
#9110=DIRECTION('',(0.,0.,-1.));
#9111=DIRECTION('',(-1.,0.,0.));
#9112=AXIS2_PLACEMENT_3D('',#9109,#9110,#9111);
#9113=PLANE('',#9112);
#9114=ORIENTED_EDGE('',*,*,#7871,.F.);
#9115=CARTESIAN_POINT('',(-4.172222403,0.3,-37.5));
#9116=VERTEX_POINT('',#9115);
#9117=CARTESIAN_POINT('',(-4.172222403,0.3,-37.5));
#9118=DIRECTION('',(0.,-1.,0.));
#9119=VECTOR('',#9118,0.29);
#9120=LINE('',#9117,#9119);
#9121=EDGE_CURVE('',#9116,#7864,#9120,.T.);
#9122=ORIENTED_EDGE('',*,*,#9121,.F.);
#9123=CARTESIAN_POINT('',(-3.822222403,0.3,-37.5));
#9124=VERTEX_POINT('',#9123);
#9125=CARTESIAN_POINT('',(-4.172222403,0.3,-37.5));
#9126=DIRECTION('',(1.,0.,-0.));
#9127=VECTOR('',#9126,0.35);
#9128=LINE('',#9125,#9127);
#9129=EDGE_CURVE('',#9116,#9124,#9128,.T.);
#9130=ORIENTED_EDGE('',*,*,#9129,.T.);
#9131=CARTESIAN_POINT('',(-3.822222403,0.3,-37.5));
#9132=DIRECTION('',(0.,-1.,0.));
#9133=VECTOR('',#9132,0.29);
#9134=LINE('',#9131,#9133);
#9135=EDGE_CURVE('',#9124,#7866,#9134,.T.);
#9136=ORIENTED_EDGE('',*,*,#9135,.T.);
#9137=EDGE_LOOP('',(#9114,#9122,#9130,#9136));
#9138=FACE_BOUND('',#9137,.T.);
#9139=ADVANCED_FACE('',(#9138),#9113,.T.);
#9140=OVER_RIDING_STYLED_ITEM('',(#8250),#9139,#54);
#9141=CARTESIAN_POINT('',(-4.672222403,0.3,-37.5));
#9142=DIRECTION('',(0.,0.,-1.));
#9143=DIRECTION('',(-1.,0.,0.));
#9144=AXIS2_PLACEMENT_3D('',#9141,#9142,#9143);
#9145=PLANE('',#9144);
#9146=ORIENTED_EDGE('',*,*,#7902,.F.);
#9147=CARTESIAN_POINT('',(-4.672222403,0.3,-37.5));
#9148=VERTEX_POINT('',#9147);
#9149=CARTESIAN_POINT('',(-4.672222403,0.3,-37.5));
#9150=DIRECTION('',(0.,-1.,0.));
#9151=VECTOR('',#9150,0.29);
#9152=LINE('',#9149,#9151);
#9153=EDGE_CURVE('',#9148,#7895,#9152,.T.);
#9154=ORIENTED_EDGE('',*,*,#9153,.F.);
#9155=CARTESIAN_POINT('',(-4.322222403,0.3,-37.5));
#9156=VERTEX_POINT('',#9155);
#9157=CARTESIAN_POINT('',(-4.672222403,0.3,-37.5));
#9158=DIRECTION('',(1.,0.,-0.));
#9159=VECTOR('',#9158,0.35);
#9160=LINE('',#9157,#9159);
#9161=EDGE_CURVE('',#9148,#9156,#9160,.T.);
#9162=ORIENTED_EDGE('',*,*,#9161,.T.);
#9163=CARTESIAN_POINT('',(-4.322222403,0.3,-37.5));
#9164=DIRECTION('',(0.,-1.,0.));
#9165=VECTOR('',#9164,0.29);
#9166=LINE('',#9163,#9165);
#9167=EDGE_CURVE('',#9156,#7897,#9166,.T.);
#9168=ORIENTED_EDGE('',*,*,#9167,.T.);
#9169=EDGE_LOOP('',(#9146,#9154,#9162,#9168));
#9170=FACE_BOUND('',#9169,.T.);
#9171=ADVANCED_FACE('',(#9170),#9145,.T.);
#9172=OVER_RIDING_STYLED_ITEM('',(#8250),#9171,#54);
#9173=CARTESIAN_POINT('',(-5.172222403,0.3,-37.5));
#9174=DIRECTION('',(0.,0.,-1.));
#9175=DIRECTION('',(-1.,0.,0.));
#9176=AXIS2_PLACEMENT_3D('',#9173,#9174,#9175);
#9177=PLANE('',#9176);
#9178=ORIENTED_EDGE('',*,*,#7933,.F.);
#9179=CARTESIAN_POINT('',(-5.172222403,0.3,-37.5));
#9180=VERTEX_POINT('',#9179);
#9181=CARTESIAN_POINT('',(-5.172222403,0.3,-37.5));
#9182=DIRECTION('',(0.,-1.,0.));
#9183=VECTOR('',#9182,0.29);
#9184=LINE('',#9181,#9183);
#9185=EDGE_CURVE('',#9180,#7926,#9184,.T.);
#9186=ORIENTED_EDGE('',*,*,#9185,.F.);
#9187=CARTESIAN_POINT('',(-4.822222403,0.3,-37.5));
#9188=VERTEX_POINT('',#9187);
#9189=CARTESIAN_POINT('',(-5.172222403,0.3,-37.5));
#9190=DIRECTION('',(1.,0.,-0.));
#9191=VECTOR('',#9190,0.35);
#9192=LINE('',#9189,#9191);
#9193=EDGE_CURVE('',#9180,#9188,#9192,.T.);
#9194=ORIENTED_EDGE('',*,*,#9193,.T.);
#9195=CARTESIAN_POINT('',(-4.822222403,0.3,-37.5));
#9196=DIRECTION('',(0.,-1.,0.));
#9197=VECTOR('',#9196,0.29);
#9198=LINE('',#9195,#9197);
#9199=EDGE_CURVE('',#9188,#7928,#9198,.T.);
#9200=ORIENTED_EDGE('',*,*,#9199,.T.);
#9201=EDGE_LOOP('',(#9178,#9186,#9194,#9200));
#9202=FACE_BOUND('',#9201,.T.);
#9203=ADVANCED_FACE('',(#9202),#9177,.T.);
#9204=OVER_RIDING_STYLED_ITEM('',(#8250),#9203,#54);
#9205=CARTESIAN_POINT('',(-7.672222403,0.3,-37.5));
#9206=DIRECTION('',(0.,0.,-1.));
#9207=DIRECTION('',(-1.,0.,0.));
#9208=AXIS2_PLACEMENT_3D('',#9205,#9206,#9207);
#9209=PLANE('',#9208);
#9210=ORIENTED_EDGE('',*,*,#8109,.F.);
#9211=CARTESIAN_POINT('',(-7.672222403,0.3,-37.5));
#9212=VERTEX_POINT('',#9211);
#9213=CARTESIAN_POINT('',(-7.672222403,0.3,-37.5));
#9214=DIRECTION('',(0.,-1.,0.));
#9215=VECTOR('',#9214,0.29);
#9216=LINE('',#9213,#9215);
#9217=EDGE_CURVE('',#9212,#8102,#9216,.T.);
#9218=ORIENTED_EDGE('',*,*,#9217,.F.);
#9219=CARTESIAN_POINT('',(-7.322222403,0.3,-37.5));
#9220=VERTEX_POINT('',#9219);
#9221=CARTESIAN_POINT('',(-7.672222403,0.3,-37.5));
#9222=DIRECTION('',(1.,0.,-0.));
#9223=VECTOR('',#9222,0.35);
#9224=LINE('',#9221,#9223);
#9225=EDGE_CURVE('',#9212,#9220,#9224,.T.);
#9226=ORIENTED_EDGE('',*,*,#9225,.T.);
#9227=CARTESIAN_POINT('',(-7.322222403,0.3,-37.5));
#9228=DIRECTION('',(0.,-1.,0.));
#9229=VECTOR('',#9228,0.29);
#9230=LINE('',#9227,#9229);
#9231=EDGE_CURVE('',#9220,#8104,#9230,.T.);
#9232=ORIENTED_EDGE('',*,*,#9231,.T.);
#9233=EDGE_LOOP('',(#9210,#9218,#9226,#9232));
#9234=FACE_BOUND('',#9233,.T.);
#9235=ADVANCED_FACE('',(#9234),#9209,.T.);
#9236=OVER_RIDING_STYLED_ITEM('',(#8250),#9235,#54);
#9237=CARTESIAN_POINT('',(-8.172222403,0.3,-37.5));
#9238=DIRECTION('',(0.,0.,-1.));
#9239=DIRECTION('',(-1.,0.,0.));
#9240=AXIS2_PLACEMENT_3D('',#9237,#9238,#9239);
#9241=PLANE('',#9240);
#9242=ORIENTED_EDGE('',*,*,#8140,.F.);
#9243=CARTESIAN_POINT('',(-8.172222403,0.3,-37.5));
#9244=VERTEX_POINT('',#9243);
#9245=CARTESIAN_POINT('',(-8.172222403,0.3,-37.5));
#9246=DIRECTION('',(0.,-1.,0.));
#9247=VECTOR('',#9246,0.29);
#9248=LINE('',#9245,#9247);
#9249=EDGE_CURVE('',#9244,#8133,#9248,.T.);
#9250=ORIENTED_EDGE('',*,*,#9249,.F.);
#9251=CARTESIAN_POINT('',(-7.822222403,0.3,-37.5));
#9252=VERTEX_POINT('',#9251);
#9253=CARTESIAN_POINT('',(-8.172222403,0.3,-37.5));
#9254=DIRECTION('',(1.,0.,-0.));
#9255=VECTOR('',#9254,0.35);
#9256=LINE('',#9253,#9255);
#9257=EDGE_CURVE('',#9244,#9252,#9256,.T.);
#9258=ORIENTED_EDGE('',*,*,#9257,.T.);
#9259=CARTESIAN_POINT('',(-7.822222403,0.3,-37.5));
#9260=DIRECTION('',(0.,-1.,0.));
#9261=VECTOR('',#9260,0.29);
#9262=LINE('',#9259,#9261);
#9263=EDGE_CURVE('',#9252,#8135,#9262,.T.);
#9264=ORIENTED_EDGE('',*,*,#9263,.T.);
#9265=EDGE_LOOP('',(#9242,#9250,#9258,#9264));
#9266=FACE_BOUND('',#9265,.T.);
#9267=ADVANCED_FACE('',(#9266),#9241,.T.);
#9268=OVER_RIDING_STYLED_ITEM('',(#8250),#9267,#54);
#9269=CARTESIAN_POINT('',(-8.672222403,0.3,-37.5));
#9270=DIRECTION('',(0.,0.,-1.));
#9271=DIRECTION('',(-1.,0.,0.));
#9272=AXIS2_PLACEMENT_3D('',#9269,#9270,#9271);
#9273=PLANE('',#9272);
#9274=ORIENTED_EDGE('',*,*,#8171,.F.);
#9275=CARTESIAN_POINT('',(-8.672222403,0.3,-37.5));
#9276=VERTEX_POINT('',#9275);
#9277=CARTESIAN_POINT('',(-8.672222403,0.3,-37.5));
#9278=DIRECTION('',(0.,-1.,0.));
#9279=VECTOR('',#9278,0.29);
#9280=LINE('',#9277,#9279);
#9281=EDGE_CURVE('',#9276,#8164,#9280,.T.);
#9282=ORIENTED_EDGE('',*,*,#9281,.F.);
#9283=CARTESIAN_POINT('',(-8.322222403,0.3,-37.5));
#9284=VERTEX_POINT('',#9283);
#9285=CARTESIAN_POINT('',(-8.672222403,0.3,-37.5));
#9286=DIRECTION('',(1.,0.,-0.));
#9287=VECTOR('',#9286,0.35);
#9288=LINE('',#9285,#9287);
#9289=EDGE_CURVE('',#9276,#9284,#9288,.T.);
#9290=ORIENTED_EDGE('',*,*,#9289,.T.);
#9291=CARTESIAN_POINT('',(-8.322222403,0.3,-37.5));
#9292=DIRECTION('',(0.,-1.,0.));
#9293=VECTOR('',#9292,0.29);
#9294=LINE('',#9291,#9293);
#9295=EDGE_CURVE('',#9284,#8166,#9294,.T.);
#9296=ORIENTED_EDGE('',*,*,#9295,.T.);
#9297=EDGE_LOOP('',(#9274,#9282,#9290,#9296));
#9298=FACE_BOUND('',#9297,.T.);
#9299=ADVANCED_FACE('',(#9298),#9273,.T.);
#9300=OVER_RIDING_STYLED_ITEM('',(#8250),#9299,#54);
#9301=CARTESIAN_POINT('',(-9.172222403,0.3,-37.5));
#9302=DIRECTION('',(0.,0.,-1.));
#9303=DIRECTION('',(-1.,0.,0.));
#9304=AXIS2_PLACEMENT_3D('',#9301,#9302,#9303);
#9305=PLANE('',#9304);
#9306=ORIENTED_EDGE('',*,*,#8202,.F.);
#9307=CARTESIAN_POINT('',(-9.172222403,0.3,-37.5));
#9308=VERTEX_POINT('',#9307);
#9309=CARTESIAN_POINT('',(-9.172222403,0.3,-37.5));
#9310=DIRECTION('',(0.,-1.,0.));
#9311=VECTOR('',#9310,0.29);
#9312=LINE('',#9309,#9311);
#9313=EDGE_CURVE('',#9308,#8195,#9312,.T.);
#9314=ORIENTED_EDGE('',*,*,#9313,.F.);
#9315=CARTESIAN_POINT('',(-8.822222403,0.3,-37.5));
#9316=VERTEX_POINT('',#9315);
#9317=CARTESIAN_POINT('',(-9.172222403,0.3,-37.5));
#9318=DIRECTION('',(1.,0.,-0.));
#9319=VECTOR('',#9318,0.35);
#9320=LINE('',#9317,#9319);
#9321=EDGE_CURVE('',#9308,#9316,#9320,.T.);
#9322=ORIENTED_EDGE('',*,*,#9321,.T.);
#9323=CARTESIAN_POINT('',(-8.822222403,0.3,-37.5));
#9324=DIRECTION('',(0.,-1.,0.));
#9325=VECTOR('',#9324,0.29);
#9326=LINE('',#9323,#9325);
#9327=EDGE_CURVE('',#9316,#8197,#9326,.T.);
#9328=ORIENTED_EDGE('',*,*,#9327,.T.);
#9329=EDGE_LOOP('',(#9306,#9314,#9322,#9328));
#9330=FACE_BOUND('',#9329,.T.);
#9331=ADVANCED_FACE('',(#9330),#9305,.T.);
#9332=OVER_RIDING_STYLED_ITEM('',(#8250),#9331,#54);
#9333=CARTESIAN_POINT('',(9.177777597,0.3,-39.7));
#9334=DIRECTION('',(-1.,0.,0.));
#9335=DIRECTION('',(0.,0.,1.));
#9336=AXIS2_PLACEMENT_3D('',#9333,#9334,#9335);
#9337=PLANE('',#9336);
#9338=ORIENTED_EDGE('',*,*,#7102,.F.);
#9339=ORIENTED_EDGE('',*,*,#8335,.F.);
#9340=CARTESIAN_POINT('',(9.177777597,0.3,-37.5));
#9341=DIRECTION('',(-0.,0.,-1.));
#9342=VECTOR('',#9341,2.2);
#9343=LINE('',#9340,#9342);
#9344=EDGE_CURVE('',#8324,#7035,#9343,.T.);
#9345=ORIENTED_EDGE('',*,*,#9344,.T.);
#9346=ORIENTED_EDGE('',*,*,#7040,.T.);
#9347=EDGE_LOOP('',(#9338,#9339,#9345,#9346));
#9348=FACE_BOUND('',#9347,.T.);
#9349=ADVANCED_FACE('',(#9348),#9337,.T.);
#9350=OVER_RIDING_STYLED_ITEM('',(#8250),#9349,#54);
#9351=CARTESIAN_POINT('',(8.677777597,0.3,-39.7));
#9352=DIRECTION('',(-1.,0.,0.));
#9353=DIRECTION('',(0.,0.,1.));
#9354=AXIS2_PLACEMENT_3D('',#9351,#9352,#9353);
#9355=PLANE('',#9354);
#9356=ORIENTED_EDGE('',*,*,#7071,.F.);
#9357=ORIENTED_EDGE('',*,*,#8303,.F.);
#9358=CARTESIAN_POINT('',(8.677777597,0.3,-37.5));
#9359=DIRECTION('',(-0.,0.,-1.));
#9360=VECTOR('',#9359,2.2);
#9361=LINE('',#9358,#9360);
#9362=EDGE_CURVE('',#8292,#7003,#9361,.T.);
#9363=ORIENTED_EDGE('',*,*,#9362,.T.);
#9364=ORIENTED_EDGE('',*,*,#7008,.T.);
#9365=EDGE_LOOP('',(#9356,#9357,#9363,#9364));
#9366=FACE_BOUND('',#9365,.T.);
#9367=ADVANCED_FACE('',(#9366),#9355,.T.);
#9368=OVER_RIDING_STYLED_ITEM('',(#8250),#9367,#54);
#9369=CARTESIAN_POINT('',(8.327777597,0.3,-37.5));
#9370=DIRECTION('',(1.,0.,0.));
#9371=DIRECTION('',(0.,0.,-1.));
#9372=AXIS2_PLACEMENT_3D('',#9369,#9370,#9371);
#9373=PLANE('',#9372);
#9374=ORIENTED_EDGE('',*,*,#7078,.F.);
#9375=ORIENTED_EDGE('',*,*,#6992,.F.);
#9376=CARTESIAN_POINT('',(8.327777597,0.3,-39.7));
#9377=DIRECTION('',(-0.,0.,1.));
#9378=VECTOR('',#9377,2.2);
#9379=LINE('',#9376,#9378);
#9380=EDGE_CURVE('',#6979,#8284,#9379,.T.);
#9381=ORIENTED_EDGE('',*,*,#9380,.T.);
#9382=ORIENTED_EDGE('',*,*,#8289,.T.);
#9383=EDGE_LOOP('',(#9374,#9375,#9381,#9382));
#9384=FACE_BOUND('',#9383,.T.);
#9385=ADVANCED_FACE('',(#9384),#9373,.T.);
#9386=OVER_RIDING_STYLED_ITEM('',(#8250),#9385,#54);
#9387=CARTESIAN_POINT('',(8.827777597,0.3,-37.5));
#9388=DIRECTION('',(1.,0.,0.));
#9389=DIRECTION('',(0.,0.,-1.));
#9390=AXIS2_PLACEMENT_3D('',#9387,#9388,#9389);
#9391=PLANE('',#9390);
#9392=ORIENTED_EDGE('',*,*,#7109,.F.);
#9393=ORIENTED_EDGE('',*,*,#7024,.F.);
#9394=CARTESIAN_POINT('',(8.827777597,0.3,-39.7));
#9395=DIRECTION('',(-0.,0.,1.));
#9396=VECTOR('',#9395,2.2);
#9397=LINE('',#9394,#9396);
#9398=EDGE_CURVE('',#7011,#8316,#9397,.T.);
#9399=ORIENTED_EDGE('',*,*,#9398,.T.);
#9400=ORIENTED_EDGE('',*,*,#8321,.T.);
#9401=EDGE_LOOP('',(#9392,#9393,#9399,#9400));
#9402=FACE_BOUND('',#9401,.T.);
#9403=ADVANCED_FACE('',(#9402),#9391,.T.);
#9404=OVER_RIDING_STYLED_ITEM('',(#8250),#9403,#54);
#9405=CARTESIAN_POINT('',(7.827777597,0.3,-37.5));
#9406=DIRECTION('',(1.,0.,0.));
#9407=DIRECTION('',(0.,0.,-1.));
#9408=AXIS2_PLACEMENT_3D('',#9405,#9406,#9407);
#9409=PLANE('',#9408);
#9410=ORIENTED_EDGE('',*,*,#7140,.F.);
#9411=ORIENTED_EDGE('',*,*,#6960,.F.);
#9412=CARTESIAN_POINT('',(7.827777597,0.3,-39.7));
#9413=DIRECTION('',(-0.,0.,1.));
#9414=VECTOR('',#9413,2.2);
#9415=LINE('',#9412,#9414);
#9416=EDGE_CURVE('',#6947,#8348,#9415,.T.);
#9417=ORIENTED_EDGE('',*,*,#9416,.T.);
#9418=ORIENTED_EDGE('',*,*,#8353,.T.);
#9419=EDGE_LOOP('',(#9410,#9411,#9417,#9418));
#9420=FACE_BOUND('',#9419,.T.);
#9421=ADVANCED_FACE('',(#9420),#9409,.T.);
#9422=OVER_RIDING_STYLED_ITEM('',(#8250),#9421,#54);
#9423=CARTESIAN_POINT('',(7.327777597,0.3,-37.5));
#9424=DIRECTION('',(1.,0.,0.));
#9425=DIRECTION('',(0.,0.,-1.));
#9426=AXIS2_PLACEMENT_3D('',#9423,#9424,#9425);
#9427=PLANE('',#9426);
#9428=ORIENTED_EDGE('',*,*,#7171,.F.);
#9429=ORIENTED_EDGE('',*,*,#6928,.F.);
#9430=CARTESIAN_POINT('',(7.327777597,0.3,-39.7));
#9431=DIRECTION('',(-0.,0.,1.));
#9432=VECTOR('',#9431,2.2);
#9433=LINE('',#9430,#9432);
#9434=EDGE_CURVE('',#6915,#8380,#9433,.T.);
#9435=ORIENTED_EDGE('',*,*,#9434,.T.);
#9436=ORIENTED_EDGE('',*,*,#8385,.T.);
#9437=EDGE_LOOP('',(#9428,#9429,#9435,#9436));
#9438=FACE_BOUND('',#9437,.T.);
#9439=ADVANCED_FACE('',(#9438),#9427,.T.);
#9440=OVER_RIDING_STYLED_ITEM('',(#8250),#9439,#54);
#9441=CARTESIAN_POINT('',(7.177777597,0.3,-39.7));
#9442=DIRECTION('',(-1.,0.,0.));
#9443=DIRECTION('',(0.,0.,1.));
#9444=AXIS2_PLACEMENT_3D('',#9441,#9442,#9443);
#9445=PLANE('',#9444);
#9446=ORIENTED_EDGE('',*,*,#7195,.F.);
#9447=ORIENTED_EDGE('',*,*,#8431,.F.);
#9448=CARTESIAN_POINT('',(7.177777597,0.3,-37.5));
#9449=DIRECTION('',(-0.,0.,-1.));
#9450=VECTOR('',#9449,2.2);
#9451=LINE('',#9448,#9450);
#9452=EDGE_CURVE('',#8420,#6907,#9451,.T.);
#9453=ORIENTED_EDGE('',*,*,#9452,.T.);
#9454=ORIENTED_EDGE('',*,*,#6912,.T.);
#9455=EDGE_LOOP('',(#9446,#9447,#9453,#9454));
#9456=FACE_BOUND('',#9455,.T.);
#9457=ADVANCED_FACE('',(#9456),#9445,.T.);
#9458=OVER_RIDING_STYLED_ITEM('',(#8250),#9457,#54);
#9459=CARTESIAN_POINT('',(8.177777597,0.3,-39.7));
#9460=DIRECTION('',(-1.,0.,0.));
#9461=DIRECTION('',(0.,0.,1.));
#9462=AXIS2_PLACEMENT_3D('',#9459,#9460,#9461);
#9463=PLANE('',#9462);
#9464=ORIENTED_EDGE('',*,*,#7133,.F.);
#9465=ORIENTED_EDGE('',*,*,#8367,.F.);
#9466=CARTESIAN_POINT('',(8.177777597,0.3,-37.5));
#9467=DIRECTION('',(-0.,0.,-1.));
#9468=VECTOR('',#9467,2.2);
#9469=LINE('',#9466,#9468);
#9470=EDGE_CURVE('',#8356,#6971,#9469,.T.);
#9471=ORIENTED_EDGE('',*,*,#9470,.T.);
#9472=ORIENTED_EDGE('',*,*,#6976,.T.);
#9473=EDGE_LOOP('',(#9464,#9465,#9471,#9472));
#9474=FACE_BOUND('',#9473,.T.);
#9475=ADVANCED_FACE('',(#9474),#9463,.T.);
#9476=OVER_RIDING_STYLED_ITEM('',(#8250),#9475,#54);
#9477=CARTESIAN_POINT('',(7.677777597,0.3,-39.7));
#9478=DIRECTION('',(-1.,0.,0.));
#9479=DIRECTION('',(0.,0.,1.));
#9480=AXIS2_PLACEMENT_3D('',#9477,#9478,#9479);
#9481=PLANE('',#9480);
#9482=ORIENTED_EDGE('',*,*,#7164,.F.);
#9483=ORIENTED_EDGE('',*,*,#8399,.F.);
#9484=CARTESIAN_POINT('',(7.677777597,0.3,-37.5));
#9485=DIRECTION('',(-0.,0.,-1.));
#9486=VECTOR('',#9485,2.2);
#9487=LINE('',#9484,#9486);
#9488=EDGE_CURVE('',#8388,#6939,#9487,.T.);
#9489=ORIENTED_EDGE('',*,*,#9488,.T.);
#9490=ORIENTED_EDGE('',*,*,#6944,.T.);
#9491=EDGE_LOOP('',(#9482,#9483,#9489,#9490));
#9492=FACE_BOUND('',#9491,.T.);
#9493=ADVANCED_FACE('',(#9492),#9481,.T.);
#9494=OVER_RIDING_STYLED_ITEM('',(#8250),#9493,#54);
#9495=CARTESIAN_POINT('',(6.827777597,0.3,-37.5));
#9496=DIRECTION('',(1.,0.,0.));
#9497=DIRECTION('',(0.,0.,-1.));
#9498=AXIS2_PLACEMENT_3D('',#9495,#9496,#9497);
#9499=PLANE('',#9498);
#9500=ORIENTED_EDGE('',*,*,#7202,.F.);
#9501=ORIENTED_EDGE('',*,*,#6896,.F.);
#9502=CARTESIAN_POINT('',(6.827777597,0.3,-39.7));
#9503=DIRECTION('',(-0.,0.,1.));
#9504=VECTOR('',#9503,2.2);
#9505=LINE('',#9502,#9504);
#9506=EDGE_CURVE('',#6883,#8412,#9505,.T.);
#9507=ORIENTED_EDGE('',*,*,#9506,.T.);
#9508=ORIENTED_EDGE('',*,*,#8417,.T.);
#9509=EDGE_LOOP('',(#9500,#9501,#9507,#9508));
#9510=FACE_BOUND('',#9509,.T.);
#9511=ADVANCED_FACE('',(#9510),#9499,.T.);
#9512=OVER_RIDING_STYLED_ITEM('',(#8250),#9511,#54);
#9513=CARTESIAN_POINT('',(6.677777597,0.3,-39.7));
#9514=DIRECTION('',(-1.,0.,0.));
#9515=DIRECTION('',(0.,0.,1.));
#9516=AXIS2_PLACEMENT_3D('',#9513,#9514,#9515);
#9517=PLANE('',#9516);
#9518=ORIENTED_EDGE('',*,*,#7226,.F.);
#9519=ORIENTED_EDGE('',*,*,#8463,.F.);
#9520=CARTESIAN_POINT('',(6.677777597,0.3,-37.5));
#9521=DIRECTION('',(-0.,0.,-1.));
#9522=VECTOR('',#9521,2.2);
#9523=LINE('',#9520,#9522);
#9524=EDGE_CURVE('',#8452,#6875,#9523,.T.);
#9525=ORIENTED_EDGE('',*,*,#9524,.T.);
#9526=ORIENTED_EDGE('',*,*,#6880,.T.);
#9527=EDGE_LOOP('',(#9518,#9519,#9525,#9526));
#9528=FACE_BOUND('',#9527,.T.);
#9529=ADVANCED_FACE('',(#9528),#9517,.T.);
#9530=OVER_RIDING_STYLED_ITEM('',(#8250),#9529,#54);
#9531=CARTESIAN_POINT('',(6.327777597,0.3,-37.5));
#9532=DIRECTION('',(1.,0.,0.));
#9533=DIRECTION('',(0.,0.,-1.));
#9534=AXIS2_PLACEMENT_3D('',#9531,#9532,#9533);
#9535=PLANE('',#9534);
#9536=ORIENTED_EDGE('',*,*,#7233,.F.);
#9537=ORIENTED_EDGE('',*,*,#6864,.F.);
#9538=CARTESIAN_POINT('',(6.327777597,0.3,-39.7));
#9539=DIRECTION('',(-0.,0.,1.));
#9540=VECTOR('',#9539,2.2);
#9541=LINE('',#9538,#9540);
#9542=EDGE_CURVE('',#6851,#8444,#9541,.T.);
#9543=ORIENTED_EDGE('',*,*,#9542,.T.);
#9544=ORIENTED_EDGE('',*,*,#8449,.T.);
#9545=EDGE_LOOP('',(#9536,#9537,#9543,#9544));
#9546=FACE_BOUND('',#9545,.T.);
#9547=ADVANCED_FACE('',(#9546),#9535,.T.);
#9548=OVER_RIDING_STYLED_ITEM('',(#8250),#9547,#54);
#9549=CARTESIAN_POINT('',(6.177777597,0.3,-39.7));
#9550=DIRECTION('',(-1.,0.,0.));
#9551=DIRECTION('',(0.,0.,1.));
#9552=AXIS2_PLACEMENT_3D('',#9549,#9550,#9551);
#9553=PLANE('',#9552);
#9554=ORIENTED_EDGE('',*,*,#7257,.F.);
#9555=ORIENTED_EDGE('',*,*,#8495,.F.);
#9556=CARTESIAN_POINT('',(6.177777597,0.3,-37.5));
#9557=DIRECTION('',(-0.,0.,-1.));
#9558=VECTOR('',#9557,2.2);
#9559=LINE('',#9556,#9558);
#9560=EDGE_CURVE('',#8484,#6843,#9559,.T.);
#9561=ORIENTED_EDGE('',*,*,#9560,.T.);
#9562=ORIENTED_EDGE('',*,*,#6848,.T.);
#9563=EDGE_LOOP('',(#9554,#9555,#9561,#9562));
#9564=FACE_BOUND('',#9563,.T.);
#9565=ADVANCED_FACE('',(#9564),#9553,.T.);
#9566=OVER_RIDING_STYLED_ITEM('',(#8250),#9565,#54);
#9567=CARTESIAN_POINT('',(5.677777597,0.3,-39.7));
#9568=DIRECTION('',(-1.,0.,0.));
#9569=DIRECTION('',(0.,0.,1.));
#9570=AXIS2_PLACEMENT_3D('',#9567,#9568,#9569);
#9571=PLANE('',#9570);
#9572=ORIENTED_EDGE('',*,*,#7288,.F.);
#9573=ORIENTED_EDGE('',*,*,#8527,.F.);
#9574=CARTESIAN_POINT('',(5.677777597,0.3,-37.5));
#9575=DIRECTION('',(-0.,0.,-1.));
#9576=VECTOR('',#9575,2.2);
#9577=LINE('',#9574,#9576);
#9578=EDGE_CURVE('',#8516,#6811,#9577,.T.);
#9579=ORIENTED_EDGE('',*,*,#9578,.T.);
#9580=ORIENTED_EDGE('',*,*,#6816,.T.);
#9581=EDGE_LOOP('',(#9572,#9573,#9579,#9580));
#9582=FACE_BOUND('',#9581,.T.);
#9583=ADVANCED_FACE('',(#9582),#9571,.T.);
#9584=OVER_RIDING_STYLED_ITEM('',(#8250),#9583,#54);
#9585=CARTESIAN_POINT('',(5.827777597,0.3,-37.5));
#9586=DIRECTION('',(1.,0.,0.));
#9587=DIRECTION('',(0.,0.,-1.));
#9588=AXIS2_PLACEMENT_3D('',#9585,#9586,#9587);
#9589=PLANE('',#9588);
#9590=ORIENTED_EDGE('',*,*,#7264,.F.);
#9591=ORIENTED_EDGE('',*,*,#6832,.F.);
#9592=CARTESIAN_POINT('',(5.827777597,0.3,-39.7));
#9593=DIRECTION('',(-0.,0.,1.));
#9594=VECTOR('',#9593,2.2);
#9595=LINE('',#9592,#9594);
#9596=EDGE_CURVE('',#6819,#8476,#9595,.T.);
#9597=ORIENTED_EDGE('',*,*,#9596,.T.);
#9598=ORIENTED_EDGE('',*,*,#8481,.T.);
#9599=EDGE_LOOP('',(#9590,#9591,#9597,#9598));
#9600=FACE_BOUND('',#9599,.T.);
#9601=ADVANCED_FACE('',(#9600),#9589,.T.);
#9602=OVER_RIDING_STYLED_ITEM('',(#8250),#9601,#54);
#9603=CARTESIAN_POINT('',(4.827777597,0.3,-37.5));
#9604=DIRECTION('',(1.,0.,0.));
#9605=DIRECTION('',(0.,0.,-1.));
#9606=AXIS2_PLACEMENT_3D('',#9603,#9604,#9605);
#9607=PLANE('',#9606);
#9608=ORIENTED_EDGE('',*,*,#7326,.F.);
#9609=ORIENTED_EDGE('',*,*,#6768,.F.);
#9610=CARTESIAN_POINT('',(4.827777597,0.3,-39.7));
#9611=DIRECTION('',(-0.,0.,1.));
#9612=VECTOR('',#9611,2.2);
#9613=LINE('',#9610,#9612);
#9614=EDGE_CURVE('',#6755,#8540,#9613,.T.);
#9615=ORIENTED_EDGE('',*,*,#9614,.T.);
#9616=ORIENTED_EDGE('',*,*,#8545,.T.);
#9617=EDGE_LOOP('',(#9608,#9609,#9615,#9616));
#9618=FACE_BOUND('',#9617,.T.);
#9619=ADVANCED_FACE('',(#9618),#9607,.T.);
#9620=OVER_RIDING_STYLED_ITEM('',(#8250),#9619,#54);
#9621=CARTESIAN_POINT('',(4.677777597,0.3,-39.7));
#9622=DIRECTION('',(-1.,0.,0.));
#9623=DIRECTION('',(0.,0.,1.));
#9624=AXIS2_PLACEMENT_3D('',#9621,#9622,#9623);
#9625=PLANE('',#9624);
#9626=ORIENTED_EDGE('',*,*,#7350,.F.);
#9627=ORIENTED_EDGE('',*,*,#8591,.F.);
#9628=CARTESIAN_POINT('',(4.677777597,0.3,-37.5));
#9629=DIRECTION('',(-0.,0.,-1.));
#9630=VECTOR('',#9629,2.2);
#9631=LINE('',#9628,#9630);
#9632=EDGE_CURVE('',#8580,#6747,#9631,.T.);
#9633=ORIENTED_EDGE('',*,*,#9632,.T.);
#9634=ORIENTED_EDGE('',*,*,#6752,.T.);
#9635=EDGE_LOOP('',(#9626,#9627,#9633,#9634));
#9636=FACE_BOUND('',#9635,.T.);
#9637=ADVANCED_FACE('',(#9636),#9625,.T.);
#9638=OVER_RIDING_STYLED_ITEM('',(#8250),#9637,#54);
#9639=CARTESIAN_POINT('',(5.327777597,0.3,-37.5));
#9640=DIRECTION('',(1.,0.,0.));
#9641=DIRECTION('',(0.,0.,-1.));
#9642=AXIS2_PLACEMENT_3D('',#9639,#9640,#9641);
#9643=PLANE('',#9642);
#9644=ORIENTED_EDGE('',*,*,#7295,.F.);
#9645=ORIENTED_EDGE('',*,*,#6800,.F.);
#9646=CARTESIAN_POINT('',(5.327777597,0.3,-39.7));
#9647=DIRECTION('',(-0.,0.,1.));
#9648=VECTOR('',#9647,2.2);
#9649=LINE('',#9646,#9648);
#9650=EDGE_CURVE('',#6787,#8508,#9649,.T.);
#9651=ORIENTED_EDGE('',*,*,#9650,.T.);
#9652=ORIENTED_EDGE('',*,*,#8513,.T.);
#9653=EDGE_LOOP('',(#9644,#9645,#9651,#9652));
#9654=FACE_BOUND('',#9653,.T.);
#9655=ADVANCED_FACE('',(#9654),#9643,.T.);
#9656=OVER_RIDING_STYLED_ITEM('',(#8250),#9655,#54);
#9657=CARTESIAN_POINT('',(4.327777597,0.3,-37.5));
#9658=DIRECTION('',(1.,0.,0.));
#9659=DIRECTION('',(0.,0.,-1.));
#9660=AXIS2_PLACEMENT_3D('',#9657,#9658,#9659);
#9661=PLANE('',#9660);
#9662=ORIENTED_EDGE('',*,*,#7357,.F.);
#9663=ORIENTED_EDGE('',*,*,#6736,.F.);
#9664=CARTESIAN_POINT('',(4.327777597,0.3,-39.7));
#9665=DIRECTION('',(-0.,0.,1.));
#9666=VECTOR('',#9665,2.2);
#9667=LINE('',#9664,#9666);
#9668=EDGE_CURVE('',#6723,#8572,#9667,.T.);
#9669=ORIENTED_EDGE('',*,*,#9668,.T.);
#9670=ORIENTED_EDGE('',*,*,#8577,.T.);
#9671=EDGE_LOOP('',(#9662,#9663,#9669,#9670));
#9672=FACE_BOUND('',#9671,.T.);
#9673=ADVANCED_FACE('',(#9672),#9661,.T.);
#9674=OVER_RIDING_STYLED_ITEM('',(#8250),#9673,#54);
#9675=CARTESIAN_POINT('',(5.177777597,0.3,-39.7));
#9676=DIRECTION('',(-1.,0.,0.));
#9677=DIRECTION('',(0.,0.,1.));
#9678=AXIS2_PLACEMENT_3D('',#9675,#9676,#9677);
#9679=PLANE('',#9678);
#9680=ORIENTED_EDGE('',*,*,#7319,.F.);
#9681=ORIENTED_EDGE('',*,*,#8559,.F.);
#9682=CARTESIAN_POINT('',(5.177777597,0.3,-37.5));
#9683=DIRECTION('',(-0.,0.,-1.));
#9684=VECTOR('',#9683,2.2);
#9685=LINE('',#9682,#9684);
#9686=EDGE_CURVE('',#8548,#6779,#9685,.T.);
#9687=ORIENTED_EDGE('',*,*,#9686,.T.);
#9688=ORIENTED_EDGE('',*,*,#6784,.T.);
#9689=EDGE_LOOP('',(#9680,#9681,#9687,#9688));
#9690=FACE_BOUND('',#9689,.T.);
#9691=ADVANCED_FACE('',(#9690),#9679,.T.);
#9692=OVER_RIDING_STYLED_ITEM('',(#8250),#9691,#54);
#9693=CARTESIAN_POINT('',(3.827777597,0.3,-37.5));
#9694=DIRECTION('',(1.,0.,0.));
#9695=DIRECTION('',(0.,0.,-1.));
#9696=AXIS2_PLACEMENT_3D('',#9693,#9694,#9695);
#9697=PLANE('',#9696);
#9698=ORIENTED_EDGE('',*,*,#7388,.F.);
#9699=ORIENTED_EDGE('',*,*,#6704,.F.);
#9700=CARTESIAN_POINT('',(3.827777597,0.3,-39.7));
#9701=DIRECTION('',(-0.,0.,1.));
#9702=VECTOR('',#9701,2.2);
#9703=LINE('',#9700,#9702);
#9704=EDGE_CURVE('',#6691,#8604,#9703,.T.);
#9705=ORIENTED_EDGE('',*,*,#9704,.T.);
#9706=ORIENTED_EDGE('',*,*,#8609,.T.);
#9707=EDGE_LOOP('',(#9698,#9699,#9705,#9706));
#9708=FACE_BOUND('',#9707,.T.);
#9709=ADVANCED_FACE('',(#9708),#9697,.T.);
#9710=OVER_RIDING_STYLED_ITEM('',(#8250),#9709,#54);
#9711=CARTESIAN_POINT('',(4.177777597,0.3,-39.7));
#9712=DIRECTION('',(-1.,0.,0.));
#9713=DIRECTION('',(0.,0.,1.));
#9714=AXIS2_PLACEMENT_3D('',#9711,#9712,#9713);
#9715=PLANE('',#9714);
#9716=ORIENTED_EDGE('',*,*,#7381,.F.);
#9717=ORIENTED_EDGE('',*,*,#8623,.F.);
#9718=CARTESIAN_POINT('',(4.177777597,0.3,-37.5));
#9719=DIRECTION('',(-0.,0.,-1.));
#9720=VECTOR('',#9719,2.2);
#9721=LINE('',#9718,#9720);
#9722=EDGE_CURVE('',#8612,#6715,#9721,.T.);
#9723=ORIENTED_EDGE('',*,*,#9722,.T.);
#9724=ORIENTED_EDGE('',*,*,#6720,.T.);
#9725=EDGE_LOOP('',(#9716,#9717,#9723,#9724));
#9726=FACE_BOUND('',#9725,.T.);
#9727=ADVANCED_FACE('',(#9726),#9715,.T.);
#9728=OVER_RIDING_STYLED_ITEM('',(#8250),#9727,#54);
#9729=CARTESIAN_POINT('',(3.677777597,0.3,-39.7));
#9730=DIRECTION('',(-1.,0.,0.));
#9731=DIRECTION('',(0.,0.,1.));
#9732=AXIS2_PLACEMENT_3D('',#9729,#9730,#9731);
#9733=PLANE('',#9732);
#9734=ORIENTED_EDGE('',*,*,#7412,.F.);
#9735=ORIENTED_EDGE('',*,*,#8655,.F.);
#9736=CARTESIAN_POINT('',(3.677777597,0.3,-37.5));
#9737=DIRECTION('',(-0.,0.,-1.));
#9738=VECTOR('',#9737,2.2);
#9739=LINE('',#9736,#9738);
#9740=EDGE_CURVE('',#8644,#6683,#9739,.T.);
#9741=ORIENTED_EDGE('',*,*,#9740,.T.);
#9742=ORIENTED_EDGE('',*,*,#6688,.T.);
#9743=EDGE_LOOP('',(#9734,#9735,#9741,#9742));
#9744=FACE_BOUND('',#9743,.T.);
#9745=ADVANCED_FACE('',(#9744),#9733,.T.);
#9746=OVER_RIDING_STYLED_ITEM('',(#8250),#9745,#54);
#9747=CARTESIAN_POINT('',(3.327777597,0.3,-37.5));
#9748=DIRECTION('',(1.,0.,0.));
#9749=DIRECTION('',(0.,0.,-1.));
#9750=AXIS2_PLACEMENT_3D('',#9747,#9748,#9749);
#9751=PLANE('',#9750);
#9752=ORIENTED_EDGE('',*,*,#7419,.F.);
#9753=ORIENTED_EDGE('',*,*,#6672,.F.);
#9754=CARTESIAN_POINT('',(3.327777597,0.3,-39.7));
#9755=DIRECTION('',(-0.,0.,1.));
#9756=VECTOR('',#9755,2.2);
#9757=LINE('',#9754,#9756);
#9758=EDGE_CURVE('',#6659,#8636,#9757,.T.);
#9759=ORIENTED_EDGE('',*,*,#9758,.T.);
#9760=ORIENTED_EDGE('',*,*,#8641,.T.);
#9761=EDGE_LOOP('',(#9752,#9753,#9759,#9760));
#9762=FACE_BOUND('',#9761,.T.);
#9763=ADVANCED_FACE('',(#9762),#9751,.T.);
#9764=OVER_RIDING_STYLED_ITEM('',(#8250),#9763,#54);
#9765=CARTESIAN_POINT('',(2.677777597,0.3,-39.7));
#9766=DIRECTION('',(-1.,0.,0.));
#9767=DIRECTION('',(0.,0.,1.));
#9768=AXIS2_PLACEMENT_3D('',#9765,#9766,#9767);
#9769=PLANE('',#9768);
#9770=ORIENTED_EDGE('',*,*,#7474,.F.);
#9771=ORIENTED_EDGE('',*,*,#8719,.F.);
#9772=CARTESIAN_POINT('',(2.677777597,0.3,-37.5));
#9773=DIRECTION('',(-0.,0.,-1.));
#9774=VECTOR('',#9773,2.2);
#9775=LINE('',#9772,#9774);
#9776=EDGE_CURVE('',#8708,#6619,#9775,.T.);
#9777=ORIENTED_EDGE('',*,*,#9776,.T.);
#9778=ORIENTED_EDGE('',*,*,#6624,.T.);
#9779=EDGE_LOOP('',(#9770,#9771,#9777,#9778));
#9780=FACE_BOUND('',#9779,.T.);
#9781=ADVANCED_FACE('',(#9780),#9769,.T.);
#9782=OVER_RIDING_STYLED_ITEM('',(#8250),#9781,#54);
#9783=CARTESIAN_POINT('',(3.177777597,0.3,-39.7));
#9784=DIRECTION('',(-1.,0.,0.));
#9785=DIRECTION('',(0.,0.,1.));
#9786=AXIS2_PLACEMENT_3D('',#9783,#9784,#9785);
#9787=PLANE('',#9786);
#9788=ORIENTED_EDGE('',*,*,#7443,.F.);
#9789=ORIENTED_EDGE('',*,*,#8687,.F.);
#9790=CARTESIAN_POINT('',(3.177777597,0.3,-37.5));
#9791=DIRECTION('',(-0.,0.,-1.));
#9792=VECTOR('',#9791,2.2);
#9793=LINE('',#9790,#9792);
#9794=EDGE_CURVE('',#8676,#6651,#9793,.T.);
#9795=ORIENTED_EDGE('',*,*,#9794,.T.);
#9796=ORIENTED_EDGE('',*,*,#6656,.T.);
#9797=EDGE_LOOP('',(#9788,#9789,#9795,#9796));
#9798=FACE_BOUND('',#9797,.T.);
#9799=ADVANCED_FACE('',(#9798),#9787,.T.);
#9800=OVER_RIDING_STYLED_ITEM('',(#8250),#9799,#54);
#9801=CARTESIAN_POINT('',(2.827777597,0.3,-37.5));
#9802=DIRECTION('',(1.,0.,0.));
#9803=DIRECTION('',(0.,0.,-1.));
#9804=AXIS2_PLACEMENT_3D('',#9801,#9802,#9803);
#9805=PLANE('',#9804);
#9806=ORIENTED_EDGE('',*,*,#7450,.F.);
#9807=ORIENTED_EDGE('',*,*,#6640,.F.);
#9808=CARTESIAN_POINT('',(2.827777597,0.3,-39.7));
#9809=DIRECTION('',(-0.,0.,1.));
#9810=VECTOR('',#9809,2.2);
#9811=LINE('',#9808,#9810);
#9812=EDGE_CURVE('',#6627,#8668,#9811,.T.);
#9813=ORIENTED_EDGE('',*,*,#9812,.T.);
#9814=ORIENTED_EDGE('',*,*,#8673,.T.);
#9815=EDGE_LOOP('',(#9806,#9807,#9813,#9814));
#9816=FACE_BOUND('',#9815,.T.);
#9817=ADVANCED_FACE('',(#9816),#9805,.T.);
#9818=OVER_RIDING_STYLED_ITEM('',(#8250),#9817,#54);
#9819=CARTESIAN_POINT('',(2.327777597,0.3,-37.5));
#9820=DIRECTION('',(1.,0.,0.));
#9821=DIRECTION('',(0.,0.,-1.));
#9822=AXIS2_PLACEMENT_3D('',#9819,#9820,#9821);
#9823=PLANE('',#9822);
#9824=ORIENTED_EDGE('',*,*,#7481,.F.);
#9825=ORIENTED_EDGE('',*,*,#6608,.F.);
#9826=CARTESIAN_POINT('',(2.327777597,0.3,-39.7));
#9827=DIRECTION('',(-0.,0.,1.));
#9828=VECTOR('',#9827,2.2);
#9829=LINE('',#9826,#9828);
#9830=EDGE_CURVE('',#6595,#8700,#9829,.T.);
#9831=ORIENTED_EDGE('',*,*,#9830,.T.);
#9832=ORIENTED_EDGE('',*,*,#8705,.T.);
#9833=EDGE_LOOP('',(#9824,#9825,#9831,#9832));
#9834=FACE_BOUND('',#9833,.T.);
#9835=ADVANCED_FACE('',(#9834),#9823,.T.);
#9836=OVER_RIDING_STYLED_ITEM('',(#8250),#9835,#54);
#9837=CARTESIAN_POINT('',(1.827777597,0.3,-37.5));
#9838=DIRECTION('',(1.,0.,0.));
#9839=DIRECTION('',(0.,0.,-1.));
#9840=AXIS2_PLACEMENT_3D('',#9837,#9838,#9839);
#9841=PLANE('',#9840);
#9842=ORIENTED_EDGE('',*,*,#7512,.F.);
#9843=ORIENTED_EDGE('',*,*,#6576,.F.);
#9844=CARTESIAN_POINT('',(1.827777597,0.3,-39.7));
#9845=DIRECTION('',(-0.,0.,1.));
#9846=VECTOR('',#9845,2.2);
#9847=LINE('',#9844,#9846);
#9848=EDGE_CURVE('',#6563,#8732,#9847,.T.);
#9849=ORIENTED_EDGE('',*,*,#9848,.T.);
#9850=ORIENTED_EDGE('',*,*,#8737,.T.);
#9851=EDGE_LOOP('',(#9842,#9843,#9849,#9850));
#9852=FACE_BOUND('',#9851,.T.);
#9853=ADVANCED_FACE('',(#9852),#9841,.T.);
#9854=OVER_RIDING_STYLED_ITEM('',(#8250),#9853,#54);
#9855=CARTESIAN_POINT('',(2.177777597,0.3,-39.7));
#9856=DIRECTION('',(-1.,0.,0.));
#9857=DIRECTION('',(0.,0.,1.));
#9858=AXIS2_PLACEMENT_3D('',#9855,#9856,#9857);
#9859=PLANE('',#9858);
#9860=ORIENTED_EDGE('',*,*,#7505,.F.);
#9861=ORIENTED_EDGE('',*,*,#8751,.F.);
#9862=CARTESIAN_POINT('',(2.177777597,0.3,-37.5));
#9863=DIRECTION('',(-0.,0.,-1.));
#9864=VECTOR('',#9863,2.2);
#9865=LINE('',#9862,#9864);
#9866=EDGE_CURVE('',#8740,#6587,#9865,.T.);
#9867=ORIENTED_EDGE('',*,*,#9866,.T.);
#9868=ORIENTED_EDGE('',*,*,#6592,.T.);
#9869=EDGE_LOOP('',(#9860,#9861,#9867,#9868));
#9870=FACE_BOUND('',#9869,.T.);
#9871=ADVANCED_FACE('',(#9870),#9859,.T.);
#9872=OVER_RIDING_STYLED_ITEM('',(#8250),#9871,#54);
#9873=CARTESIAN_POINT('',(1.677777597,0.3,-39.7));
#9874=DIRECTION('',(-1.,0.,0.));
#9875=DIRECTION('',(0.,0.,1.));
#9876=AXIS2_PLACEMENT_3D('',#9873,#9874,#9875);
#9877=PLANE('',#9876);
#9878=ORIENTED_EDGE('',*,*,#7536,.F.);
#9879=ORIENTED_EDGE('',*,*,#8783,.F.);
#9880=CARTESIAN_POINT('',(1.677777597,0.3,-37.5));
#9881=DIRECTION('',(-0.,0.,-1.));
#9882=VECTOR('',#9881,2.2);
#9883=LINE('',#9880,#9882);
#9884=EDGE_CURVE('',#8772,#6555,#9883,.T.);
#9885=ORIENTED_EDGE('',*,*,#9884,.T.);
#9886=ORIENTED_EDGE('',*,*,#6560,.T.);
#9887=EDGE_LOOP('',(#9878,#9879,#9885,#9886));
#9888=FACE_BOUND('',#9887,.T.);
#9889=ADVANCED_FACE('',(#9888),#9877,.T.);
#9890=OVER_RIDING_STYLED_ITEM('',(#8250),#9889,#54);
#9891=CARTESIAN_POINT('',(1.177777597,0.3,-39.7));
#9892=DIRECTION('',(-1.,0.,0.));
#9893=DIRECTION('',(0.,0.,1.));
#9894=AXIS2_PLACEMENT_3D('',#9891,#9892,#9893);
#9895=PLANE('',#9894);
#9896=ORIENTED_EDGE('',*,*,#7567,.F.);
#9897=ORIENTED_EDGE('',*,*,#8815,.F.);
#9898=CARTESIAN_POINT('',(1.177777597,0.3,-37.5));
#9899=DIRECTION('',(-0.,0.,-1.));
#9900=VECTOR('',#9899,2.2);
#9901=LINE('',#9898,#9900);
#9902=EDGE_CURVE('',#8804,#6523,#9901,.T.);
#9903=ORIENTED_EDGE('',*,*,#9902,.T.);
#9904=ORIENTED_EDGE('',*,*,#6528,.T.);
#9905=EDGE_LOOP('',(#9896,#9897,#9903,#9904));
#9906=FACE_BOUND('',#9905,.T.);
#9907=ADVANCED_FACE('',(#9906),#9895,.T.);
#9908=OVER_RIDING_STYLED_ITEM('',(#8250),#9907,#54);
#9909=CARTESIAN_POINT('',(0.677777597,0.3,-39.7));
#9910=DIRECTION('',(-1.,0.,0.));
#9911=DIRECTION('',(0.,0.,1.));
#9912=AXIS2_PLACEMENT_3D('',#9909,#9910,#9911);
#9913=PLANE('',#9912);
#9914=ORIENTED_EDGE('',*,*,#7598,.F.);
#9915=ORIENTED_EDGE('',*,*,#8847,.F.);
#9916=CARTESIAN_POINT('',(0.677777597,0.3,-37.5));
#9917=DIRECTION('',(-0.,0.,-1.));
#9918=VECTOR('',#9917,2.2);
#9919=LINE('',#9916,#9918);
#9920=EDGE_CURVE('',#8836,#6491,#9919,.T.);
#9921=ORIENTED_EDGE('',*,*,#9920,.T.);
#9922=ORIENTED_EDGE('',*,*,#6496,.T.);
#9923=EDGE_LOOP('',(#9914,#9915,#9921,#9922));
#9924=FACE_BOUND('',#9923,.T.);
#9925=ADVANCED_FACE('',(#9924),#9913,.T.);
#9926=OVER_RIDING_STYLED_ITEM('',(#8250),#9925,#54);
#9927=CARTESIAN_POINT('',(0.327777597,0.3,-37.5));
#9928=DIRECTION('',(1.,0.,0.));
#9929=DIRECTION('',(0.,0.,-1.));
#9930=AXIS2_PLACEMENT_3D('',#9927,#9928,#9929);
#9931=PLANE('',#9930);
#9932=ORIENTED_EDGE('',*,*,#7605,.F.);
#9933=ORIENTED_EDGE('',*,*,#6480,.F.);
#9934=CARTESIAN_POINT('',(0.327777597,0.3,-39.7));
#9935=DIRECTION('',(-0.,0.,1.));
#9936=VECTOR('',#9935,2.2);
#9937=LINE('',#9934,#9936);
#9938=EDGE_CURVE('',#6467,#8828,#9937,.T.);
#9939=ORIENTED_EDGE('',*,*,#9938,.T.);
#9940=ORIENTED_EDGE('',*,*,#8833,.T.);
#9941=EDGE_LOOP('',(#9932,#9933,#9939,#9940));
#9942=FACE_BOUND('',#9941,.T.);
#9943=ADVANCED_FACE('',(#9942),#9931,.T.);
#9944=OVER_RIDING_STYLED_ITEM('',(#8250),#9943,#54);
#9945=CARTESIAN_POINT('',(0.177777597,0.3,-39.7));
#9946=DIRECTION('',(-1.,0.,0.));
#9947=DIRECTION('',(0.,0.,1.));
#9948=AXIS2_PLACEMENT_3D('',#9945,#9946,#9947);
#9949=PLANE('',#9948);
#9950=ORIENTED_EDGE('',*,*,#7629,.F.);
#9951=ORIENTED_EDGE('',*,*,#8879,.F.);
#9952=CARTESIAN_POINT('',(0.177777597,0.3,-37.5));
#9953=DIRECTION('',(-0.,0.,-1.));
#9954=VECTOR('',#9953,2.2);
#9955=LINE('',#9952,#9954);
#9956=EDGE_CURVE('',#8868,#6459,#9955,.T.);
#9957=ORIENTED_EDGE('',*,*,#9956,.T.);
#9958=ORIENTED_EDGE('',*,*,#6464,.T.);
#9959=EDGE_LOOP('',(#9950,#9951,#9957,#9958));
#9960=FACE_BOUND('',#9959,.T.);
#9961=ADVANCED_FACE('',(#9960),#9949,.T.);
#9962=OVER_RIDING_STYLED_ITEM('',(#8250),#9961,#54);
#9963=CARTESIAN_POINT('',(1.327777597,0.3,-37.5));
#9964=DIRECTION('',(1.,0.,0.));
#9965=DIRECTION('',(0.,0.,-1.));
#9966=AXIS2_PLACEMENT_3D('',#9963,#9964,#9965);
#9967=PLANE('',#9966);
#9968=ORIENTED_EDGE('',*,*,#7543,.F.);
#9969=ORIENTED_EDGE('',*,*,#6544,.F.);
#9970=CARTESIAN_POINT('',(1.327777597,0.3,-39.7));
#9971=DIRECTION('',(-0.,0.,1.));
#9972=VECTOR('',#9971,2.2);
#9973=LINE('',#9970,#9972);
#9974=EDGE_CURVE('',#6531,#8764,#9973,.T.);
#9975=ORIENTED_EDGE('',*,*,#9974,.T.);
#9976=ORIENTED_EDGE('',*,*,#8769,.T.);
#9977=EDGE_LOOP('',(#9968,#9969,#9975,#9976));
#9978=FACE_BOUND('',#9977,.T.);
#9979=ADVANCED_FACE('',(#9978),#9967,.T.);
#9980=OVER_RIDING_STYLED_ITEM('',(#8250),#9979,#54);
#9981=CARTESIAN_POINT('',(-0.322222403,0.3,-39.7));
#9982=DIRECTION('',(-1.,0.,0.));
#9983=DIRECTION('',(0.,0.,1.));
#9984=AXIS2_PLACEMENT_3D('',#9981,#9982,#9983);
#9985=PLANE('',#9984);
#9986=ORIENTED_EDGE('',*,*,#7660,.F.);
#9987=ORIENTED_EDGE('',*,*,#8911,.F.);
#9988=CARTESIAN_POINT('',(-0.322222403,0.3,-37.5));
#9989=DIRECTION('',(-0.,0.,-1.));
#9990=VECTOR('',#9989,2.2);
#9991=LINE('',#9988,#9990);
#9992=EDGE_CURVE('',#8900,#6427,#9991,.T.);
#9993=ORIENTED_EDGE('',*,*,#9992,.T.);
#9994=ORIENTED_EDGE('',*,*,#6432,.T.);
#9995=EDGE_LOOP('',(#9986,#9987,#9993,#9994));
#9996=FACE_BOUND('',#9995,.T.);
#9997=ADVANCED_FACE('',(#9996),#9985,.T.);
#9998=OVER_RIDING_STYLED_ITEM('',(#8250),#9997,#54);
#9999=CARTESIAN_POINT('',(-0.672222403,0.3,-37.5));
#10000=DIRECTION('',(1.,0.,0.));
#10001=DIRECTION('',(0.,0.,-1.));
#10002=AXIS2_PLACEMENT_3D('',#9999,#10000,#10001);
#10003=PLANE('',#10002);
#10004=ORIENTED_EDGE('',*,*,#7667,.F.);
#10005=ORIENTED_EDGE('',*,*,#6416,.F.);
#10006=CARTESIAN_POINT('',(-0.672222403,0.3,-39.7));
#10007=DIRECTION('',(-0.,0.,1.));
#10008=VECTOR('',#10007,2.2);
#10009=LINE('',#10006,#10008);
#10010=EDGE_CURVE('',#6403,#8892,#10009,.T.);
#10011=ORIENTED_EDGE('',*,*,#10010,.T.);
#10012=ORIENTED_EDGE('',*,*,#8897,.T.);
#10013=EDGE_LOOP('',(#10004,#10005,#10011,#10012));
#10014=FACE_BOUND('',#10013,.T.);
#10015=ADVANCED_FACE('',(#10014),#10003,.T.);
#10016=OVER_RIDING_STYLED_ITEM('',(#8250),#10015,#54);
#10017=CARTESIAN_POINT('',(0.827777597,0.3,-37.5));
#10018=DIRECTION('',(1.,0.,0.));
#10019=DIRECTION('',(0.,0.,-1.));
#10020=AXIS2_PLACEMENT_3D('',#10017,#10018,#10019);
#10021=PLANE('',#10020);
#10022=ORIENTED_EDGE('',*,*,#7574,.F.);
#10023=ORIENTED_EDGE('',*,*,#6512,.F.);
#10024=CARTESIAN_POINT('',(0.827777597,0.3,-39.7));
#10025=DIRECTION('',(-0.,0.,1.));
#10026=VECTOR('',#10025,2.2);
#10027=LINE('',#10024,#10026);
#10028=EDGE_CURVE('',#6499,#8796,#10027,.T.);
#10029=ORIENTED_EDGE('',*,*,#10028,.T.);
#10030=ORIENTED_EDGE('',*,*,#8801,.T.);
#10031=EDGE_LOOP('',(#10022,#10023,#10029,#10030));
#10032=FACE_BOUND('',#10031,.T.);
#10033=ADVANCED_FACE('',(#10032),#10021,.T.);
#10034=OVER_RIDING_STYLED_ITEM('',(#8250),#10033,#54);
#10035=CARTESIAN_POINT('',(-0.172222403,0.3,-37.5));
#10036=DIRECTION('',(1.,0.,0.));
#10037=DIRECTION('',(0.,0.,-1.));
#10038=AXIS2_PLACEMENT_3D('',#10035,#10036,#10037);
#10039=PLANE('',#10038);
#10040=ORIENTED_EDGE('',*,*,#7636,.F.);
#10041=ORIENTED_EDGE('',*,*,#6448,.F.);
#10042=CARTESIAN_POINT('',(-0.172222403,0.3,-39.7));
#10043=DIRECTION('',(-0.,0.,1.));
#10044=VECTOR('',#10043,2.2);
#10045=LINE('',#10042,#10044);
#10046=EDGE_CURVE('',#6435,#8860,#10045,.T.);
#10047=ORIENTED_EDGE('',*,*,#10046,.T.);
#10048=ORIENTED_EDGE('',*,*,#8865,.T.);
#10049=EDGE_LOOP('',(#10040,#10041,#10047,#10048));
#10050=FACE_BOUND('',#10049,.T.);
#10051=ADVANCED_FACE('',(#10050),#10039,.T.);
#10052=OVER_RIDING_STYLED_ITEM('',(#8250),#10051,#54);
#10053=CARTESIAN_POINT('',(-1.172222403,0.3,-37.5));
#10054=DIRECTION('',(1.,0.,0.));
#10055=DIRECTION('',(0.,0.,-1.));
#10056=AXIS2_PLACEMENT_3D('',#10053,#10054,#10055);
#10057=PLANE('',#10056);
#10058=ORIENTED_EDGE('',*,*,#7698,.F.);
#10059=ORIENTED_EDGE('',*,*,#6384,.F.);
#10060=CARTESIAN_POINT('',(-1.172222403,0.3,-39.7));
#10061=DIRECTION('',(-0.,0.,1.));
#10062=VECTOR('',#10061,2.2);
#10063=LINE('',#10060,#10062);
#10064=EDGE_CURVE('',#6371,#8924,#10063,.T.);
#10065=ORIENTED_EDGE('',*,*,#10064,.T.);
#10066=ORIENTED_EDGE('',*,*,#8929,.T.);
#10067=EDGE_LOOP('',(#10058,#10059,#10065,#10066));
#10068=FACE_BOUND('',#10067,.T.);
#10069=ADVANCED_FACE('',(#10068),#10057,.T.);
#10070=OVER_RIDING_STYLED_ITEM('',(#8250),#10069,#54);
#10071=CARTESIAN_POINT('',(-0.822222403,0.3,-39.7));
#10072=DIRECTION('',(-1.,0.,0.));
#10073=DIRECTION('',(0.,0.,1.));
#10074=AXIS2_PLACEMENT_3D('',#10071,#10072,#10073);
#10075=PLANE('',#10074);
#10076=ORIENTED_EDGE('',*,*,#7691,.F.);
#10077=ORIENTED_EDGE('',*,*,#8943,.F.);
#10078=CARTESIAN_POINT('',(-0.822222403,0.3,-37.5));
#10079=DIRECTION('',(-0.,0.,-1.));
#10080=VECTOR('',#10079,2.2);
#10081=LINE('',#10078,#10080);
#10082=EDGE_CURVE('',#8932,#6395,#10081,.T.);
#10083=ORIENTED_EDGE('',*,*,#10082,.T.);
#10084=ORIENTED_EDGE('',*,*,#6400,.T.);
#10085=EDGE_LOOP('',(#10076,#10077,#10083,#10084));
#10086=FACE_BOUND('',#10085,.T.);
#10087=ADVANCED_FACE('',(#10086),#10075,.T.);
#10088=OVER_RIDING_STYLED_ITEM('',(#8250),#10087,#54);
#10089=CARTESIAN_POINT('',(-1.322222403,0.3,-39.7));
#10090=DIRECTION('',(-1.,0.,0.));
#10091=DIRECTION('',(0.,0.,1.));
#10092=AXIS2_PLACEMENT_3D('',#10089,#10090,#10091);
#10093=PLANE('',#10092);
#10094=ORIENTED_EDGE('',*,*,#7722,.F.);
#10095=ORIENTED_EDGE('',*,*,#8975,.F.);
#10096=CARTESIAN_POINT('',(-1.322222403,0.3,-37.5));
#10097=DIRECTION('',(-0.,0.,-1.));
#10098=VECTOR('',#10097,2.2);
#10099=LINE('',#10096,#10098);
#10100=EDGE_CURVE('',#8964,#6363,#10099,.T.);
#10101=ORIENTED_EDGE('',*,*,#10100,.T.);
#10102=ORIENTED_EDGE('',*,*,#6368,.T.);
#10103=EDGE_LOOP('',(#10094,#10095,#10101,#10102));
#10104=FACE_BOUND('',#10103,.T.);
#10105=ADVANCED_FACE('',(#10104),#10093,.T.);
#10106=OVER_RIDING_STYLED_ITEM('',(#8250),#10105,#54);
#10107=CARTESIAN_POINT('',(-2.172222403,0.3,-37.5));
#10108=DIRECTION('',(1.,0.,0.));
#10109=DIRECTION('',(0.,0.,-1.));
#10110=AXIS2_PLACEMENT_3D('',#10107,#10108,#10109);
#10111=PLANE('',#10110);
#10112=ORIENTED_EDGE('',*,*,#7760,.F.);
#10113=ORIENTED_EDGE('',*,*,#6320,.F.);
#10114=CARTESIAN_POINT('',(-2.172222403,0.3,-39.7));
#10115=DIRECTION('',(-0.,0.,1.));
#10116=VECTOR('',#10115,2.2);
#10117=LINE('',#10114,#10116);
#10118=EDGE_CURVE('',#6307,#8988,#10117,.T.);
#10119=ORIENTED_EDGE('',*,*,#10118,.T.);
#10120=ORIENTED_EDGE('',*,*,#8993,.T.);
#10121=EDGE_LOOP('',(#10112,#10113,#10119,#10120));
#10122=FACE_BOUND('',#10121,.T.);
#10123=ADVANCED_FACE('',(#10122),#10111,.T.);
#10124=OVER_RIDING_STYLED_ITEM('',(#8250),#10123,#54);
#10125=CARTESIAN_POINT('',(-1.672222403,0.3,-37.5));
#10126=DIRECTION('',(1.,0.,0.));
#10127=DIRECTION('',(0.,0.,-1.));
#10128=AXIS2_PLACEMENT_3D('',#10125,#10126,#10127);
#10129=PLANE('',#10128);
#10130=ORIENTED_EDGE('',*,*,#7729,.F.);
#10131=ORIENTED_EDGE('',*,*,#6352,.F.);
#10132=CARTESIAN_POINT('',(-1.672222403,0.3,-39.7));
#10133=DIRECTION('',(-0.,0.,1.));
#10134=VECTOR('',#10133,2.2);
#10135=LINE('',#10132,#10134);
#10136=EDGE_CURVE('',#6339,#8956,#10135,.T.);
#10137=ORIENTED_EDGE('',*,*,#10136,.T.);
#10138=ORIENTED_EDGE('',*,*,#8961,.T.);
#10139=EDGE_LOOP('',(#10130,#10131,#10137,#10138));
#10140=FACE_BOUND('',#10139,.T.);
#10141=ADVANCED_FACE('',(#10140),#10129,.T.);
#10142=OVER_RIDING_STYLED_ITEM('',(#8250),#10141,#54);
#10143=CARTESIAN_POINT('',(-1.822222403,0.3,-39.7));
#10144=DIRECTION('',(-1.,0.,0.));
#10145=DIRECTION('',(0.,0.,1.));
#10146=AXIS2_PLACEMENT_3D('',#10143,#10144,#10145);
#10147=PLANE('',#10146);
#10148=ORIENTED_EDGE('',*,*,#7753,.F.);
#10149=ORIENTED_EDGE('',*,*,#9007,.F.);
#10150=CARTESIAN_POINT('',(-1.822222403,0.3,-37.5));
#10151=DIRECTION('',(-0.,0.,-1.));
#10152=VECTOR('',#10151,2.2);
#10153=LINE('',#10150,#10152);
#10154=EDGE_CURVE('',#8996,#6331,#10153,.T.);
#10155=ORIENTED_EDGE('',*,*,#10154,.T.);
#10156=ORIENTED_EDGE('',*,*,#6336,.T.);
#10157=EDGE_LOOP('',(#10148,#10149,#10155,#10156));
#10158=FACE_BOUND('',#10157,.T.);
#10159=ADVANCED_FACE('',(#10158),#10147,.T.);
#10160=OVER_RIDING_STYLED_ITEM('',(#8250),#10159,#54);
#10161=CARTESIAN_POINT('',(-2.672222403,0.3,-37.5));
#10162=DIRECTION('',(1.,0.,0.));
#10163=DIRECTION('',(0.,0.,-1.));
#10164=AXIS2_PLACEMENT_3D('',#10161,#10162,#10163);
#10165=PLANE('',#10164);
#10166=ORIENTED_EDGE('',*,*,#7791,.F.);
#10167=ORIENTED_EDGE('',*,*,#6288,.F.);
#10168=CARTESIAN_POINT('',(-2.672222403,0.3,-39.7));
#10169=DIRECTION('',(-0.,0.,1.));
#10170=VECTOR('',#10169,2.2);
#10171=LINE('',#10168,#10170);
#10172=EDGE_CURVE('',#6275,#9020,#10171,.T.);
#10173=ORIENTED_EDGE('',*,*,#10172,.T.);
#10174=ORIENTED_EDGE('',*,*,#9025,.T.);
#10175=EDGE_LOOP('',(#10166,#10167,#10173,#10174));
#10176=FACE_BOUND('',#10175,.T.);
#10177=ADVANCED_FACE('',(#10176),#10165,.T.);
#10178=OVER_RIDING_STYLED_ITEM('',(#8250),#10177,#54);
#10179=CARTESIAN_POINT('',(-3.172222403,0.3,-37.5));
#10180=DIRECTION('',(1.,0.,0.));
#10181=DIRECTION('',(0.,0.,-1.));
#10182=AXIS2_PLACEMENT_3D('',#10179,#10180,#10181);
#10183=PLANE('',#10182);
#10184=ORIENTED_EDGE('',*,*,#7822,.F.);
#10185=ORIENTED_EDGE('',*,*,#6256,.F.);
#10186=CARTESIAN_POINT('',(-3.172222403,0.3,-39.7));
#10187=DIRECTION('',(-0.,0.,1.));
#10188=VECTOR('',#10187,2.2);
#10189=LINE('',#10186,#10188);
#10190=EDGE_CURVE('',#6243,#9052,#10189,.T.);
#10191=ORIENTED_EDGE('',*,*,#10190,.T.);
#10192=ORIENTED_EDGE('',*,*,#9057,.T.);
#10193=EDGE_LOOP('',(#10184,#10185,#10191,#10192));
#10194=FACE_BOUND('',#10193,.T.);
#10195=ADVANCED_FACE('',(#10194),#10183,.T.);
#10196=OVER_RIDING_STYLED_ITEM('',(#8250),#10195,#54);
#10197=CARTESIAN_POINT('',(-2.822222403,0.3,-39.7));
#10198=DIRECTION('',(-1.,0.,0.));
#10199=DIRECTION('',(0.,0.,1.));
#10200=AXIS2_PLACEMENT_3D('',#10197,#10198,#10199);
#10201=PLANE('',#10200);
#10202=ORIENTED_EDGE('',*,*,#7815,.F.);
#10203=ORIENTED_EDGE('',*,*,#9071,.F.);
#10204=CARTESIAN_POINT('',(-2.822222403,0.3,-37.5));
#10205=DIRECTION('',(-0.,0.,-1.));
#10206=VECTOR('',#10205,2.2);
#10207=LINE('',#10204,#10206);
#10208=EDGE_CURVE('',#9060,#6267,#10207,.T.);
#10209=ORIENTED_EDGE('',*,*,#10208,.T.);
#10210=ORIENTED_EDGE('',*,*,#6272,.T.);
#10211=EDGE_LOOP('',(#10202,#10203,#10209,#10210));
#10212=FACE_BOUND('',#10211,.T.);
#10213=ADVANCED_FACE('',(#10212),#10201,.T.);
#10214=OVER_RIDING_STYLED_ITEM('',(#8250),#10213,#54);
#10215=CARTESIAN_POINT('',(-3.322222403,0.3,-39.7));
#10216=DIRECTION('',(-1.,0.,0.));
#10217=DIRECTION('',(0.,0.,1.));
#10218=AXIS2_PLACEMENT_3D('',#10215,#10216,#10217);
#10219=PLANE('',#10218);
#10220=ORIENTED_EDGE('',*,*,#7846,.F.);
#10221=ORIENTED_EDGE('',*,*,#9103,.F.);
#10222=CARTESIAN_POINT('',(-3.322222403,0.3,-37.5));
#10223=DIRECTION('',(-0.,0.,-1.));
#10224=VECTOR('',#10223,2.2);
#10225=LINE('',#10222,#10224);
#10226=EDGE_CURVE('',#9092,#6235,#10225,.T.);
#10227=ORIENTED_EDGE('',*,*,#10226,.T.);
#10228=ORIENTED_EDGE('',*,*,#6240,.T.);
#10229=EDGE_LOOP('',(#10220,#10221,#10227,#10228));
#10230=FACE_BOUND('',#10229,.T.);
#10231=ADVANCED_FACE('',(#10230),#10219,.T.);
#10232=OVER_RIDING_STYLED_ITEM('',(#8250),#10231,#54);
#10233=CARTESIAN_POINT('',(-2.322222403,0.3,-39.7));
#10234=DIRECTION('',(-1.,0.,0.));
#10235=DIRECTION('',(0.,0.,1.));
#10236=AXIS2_PLACEMENT_3D('',#10233,#10234,#10235);
#10237=PLANE('',#10236);
#10238=ORIENTED_EDGE('',*,*,#7784,.F.);
#10239=ORIENTED_EDGE('',*,*,#9039,.F.);
#10240=CARTESIAN_POINT('',(-2.322222403,0.3,-37.5));
#10241=DIRECTION('',(-0.,0.,-1.));
#10242=VECTOR('',#10241,2.2);
#10243=LINE('',#10240,#10242);
#10244=EDGE_CURVE('',#9028,#6299,#10243,.T.);
#10245=ORIENTED_EDGE('',*,*,#10244,.T.);
#10246=ORIENTED_EDGE('',*,*,#6304,.T.);
#10247=EDGE_LOOP('',(#10238,#10239,#10245,#10246));
#10248=FACE_BOUND('',#10247,.T.);
#10249=ADVANCED_FACE('',(#10248),#10237,.T.);
#10250=OVER_RIDING_STYLED_ITEM('',(#8250),#10249,#54);
#10251=CARTESIAN_POINT('',(-3.672222403,0.3,-37.5));
#10252=DIRECTION('',(1.,0.,0.));
#10253=DIRECTION('',(0.,0.,-1.));
#10254=AXIS2_PLACEMENT_3D('',#10251,#10252,#10253);
#10255=PLANE('',#10254);
#10256=ORIENTED_EDGE('',*,*,#7853,.F.);
#10257=ORIENTED_EDGE('',*,*,#6224,.F.);
#10258=CARTESIAN_POINT('',(-3.672222403,0.3,-39.7));
#10259=DIRECTION('',(-0.,0.,1.));
#10260=VECTOR('',#10259,2.2);
#10261=LINE('',#10258,#10260);
#10262=EDGE_CURVE('',#6211,#9084,#10261,.T.);
#10263=ORIENTED_EDGE('',*,*,#10262,.T.);
#10264=ORIENTED_EDGE('',*,*,#9089,.T.);
#10265=EDGE_LOOP('',(#10256,#10257,#10263,#10264));
#10266=FACE_BOUND('',#10265,.T.);
#10267=ADVANCED_FACE('',(#10266),#10255,.T.);
#10268=OVER_RIDING_STYLED_ITEM('',(#8250),#10267,#54);
#10269=CARTESIAN_POINT('',(-3.822222403,0.3,-39.7));
#10270=DIRECTION('',(-1.,0.,0.));
#10271=DIRECTION('',(0.,0.,1.));
#10272=AXIS2_PLACEMENT_3D('',#10269,#10270,#10271);
#10273=PLANE('',#10272);
#10274=ORIENTED_EDGE('',*,*,#7877,.F.);
#10275=ORIENTED_EDGE('',*,*,#9135,.F.);
#10276=CARTESIAN_POINT('',(-3.822222403,0.3,-37.5));
#10277=DIRECTION('',(-0.,0.,-1.));
#10278=VECTOR('',#10277,2.2);
#10279=LINE('',#10276,#10278);
#10280=EDGE_CURVE('',#9124,#6203,#10279,.T.);
#10281=ORIENTED_EDGE('',*,*,#10280,.T.);
#10282=ORIENTED_EDGE('',*,*,#6208,.T.);
#10283=EDGE_LOOP('',(#10274,#10275,#10281,#10282));
#10284=FACE_BOUND('',#10283,.T.);
#10285=ADVANCED_FACE('',(#10284),#10273,.T.);
#10286=OVER_RIDING_STYLED_ITEM('',(#8250),#10285,#54);
#10287=CARTESIAN_POINT('',(-4.322222403,0.3,-39.7));
#10288=DIRECTION('',(-1.,0.,0.));
#10289=DIRECTION('',(0.,0.,1.));
#10290=AXIS2_PLACEMENT_3D('',#10287,#10288,#10289);
#10291=PLANE('',#10290);
#10292=ORIENTED_EDGE('',*,*,#7908,.F.);
#10293=ORIENTED_EDGE('',*,*,#9167,.F.);
#10294=CARTESIAN_POINT('',(-4.322222403,0.3,-37.5));
#10295=DIRECTION('',(-0.,0.,-1.));
#10296=VECTOR('',#10295,2.2);
#10297=LINE('',#10294,#10296);
#10298=EDGE_CURVE('',#9156,#6171,#10297,.T.);
#10299=ORIENTED_EDGE('',*,*,#10298,.T.);
#10300=ORIENTED_EDGE('',*,*,#6176,.T.);
#10301=EDGE_LOOP('',(#10292,#10293,#10299,#10300));
#10302=FACE_BOUND('',#10301,.T.);
#10303=ADVANCED_FACE('',(#10302),#10291,.T.);
#10304=OVER_RIDING_STYLED_ITEM('',(#8250),#10303,#54);
#10305=CARTESIAN_POINT('',(-4.672222403,0.3,-37.5));
#10306=DIRECTION('',(1.,0.,0.));
#10307=DIRECTION('',(0.,0.,-1.));
#10308=AXIS2_PLACEMENT_3D('',#10305,#10306,#10307);
#10309=PLANE('',#10308);
#10310=ORIENTED_EDGE('',*,*,#7915,.F.);
#10311=ORIENTED_EDGE('',*,*,#6160,.F.);
#10312=CARTESIAN_POINT('',(-4.672222403,0.3,-39.7));
#10313=DIRECTION('',(-0.,0.,1.));
#10314=VECTOR('',#10313,2.2);
#10315=LINE('',#10312,#10314);
#10316=EDGE_CURVE('',#6147,#9148,#10315,.T.);
#10317=ORIENTED_EDGE('',*,*,#10316,.T.);
#10318=ORIENTED_EDGE('',*,*,#9153,.T.);
#10319=EDGE_LOOP('',(#10310,#10311,#10317,#10318));
#10320=FACE_BOUND('',#10319,.T.);
#10321=ADVANCED_FACE('',(#10320),#10309,.T.);
#10322=OVER_RIDING_STYLED_ITEM('',(#8250),#10321,#54);
#10323=CARTESIAN_POINT('',(-4.822222403,0.3,-39.7));
#10324=DIRECTION('',(-1.,0.,0.));
#10325=DIRECTION('',(0.,0.,1.));
#10326=AXIS2_PLACEMENT_3D('',#10323,#10324,#10325);
#10327=PLANE('',#10326);
#10328=ORIENTED_EDGE('',*,*,#7939,.F.);
#10329=ORIENTED_EDGE('',*,*,#9199,.F.);
#10330=CARTESIAN_POINT('',(-4.822222403,0.3,-37.5));
#10331=DIRECTION('',(-0.,0.,-1.));
#10332=VECTOR('',#10331,2.2);
#10333=LINE('',#10330,#10332);
#10334=EDGE_CURVE('',#9188,#6139,#10333,.T.);
#10335=ORIENTED_EDGE('',*,*,#10334,.T.);
#10336=ORIENTED_EDGE('',*,*,#6144,.T.);
#10337=EDGE_LOOP('',(#10328,#10329,#10335,#10336));
#10338=FACE_BOUND('',#10337,.T.);
#10339=ADVANCED_FACE('',(#10338),#10327,.T.);
#10340=OVER_RIDING_STYLED_ITEM('',(#8250),#10339,#54);
#10341=CARTESIAN_POINT('',(-8.822222403,0.3,-39.7));
#10342=DIRECTION('',(-1.,0.,0.));
#10343=DIRECTION('',(0.,0.,1.));
#10344=AXIS2_PLACEMENT_3D('',#10341,#10342,#10343);
#10345=PLANE('',#10344);
#10346=ORIENTED_EDGE('',*,*,#8208,.F.);
#10347=ORIENTED_EDGE('',*,*,#9327,.F.);
#10348=CARTESIAN_POINT('',(-8.822222403,0.3,-37.5));
#10349=DIRECTION('',(-0.,0.,-1.));
#10350=VECTOR('',#10349,2.2);
#10351=LINE('',#10348,#10350);
#10352=EDGE_CURVE('',#9316,#7984,#10351,.T.);
#10353=ORIENTED_EDGE('',*,*,#10352,.T.);
#10354=ORIENTED_EDGE('',*,*,#7989,.T.);
#10355=EDGE_LOOP('',(#10346,#10347,#10353,#10354));
#10356=FACE_BOUND('',#10355,.T.);
#10357=ADVANCED_FACE('',(#10356),#10345,.T.);
#10358=OVER_RIDING_STYLED_ITEM('',(#8250),#10357,#54);
#10359=CARTESIAN_POINT('',(-4.172222403,0.3,-37.5));
#10360=DIRECTION('',(1.,0.,0.));
#10361=DIRECTION('',(0.,0.,-1.));
#10362=AXIS2_PLACEMENT_3D('',#10359,#10360,#10361);
#10363=PLANE('',#10362);
#10364=ORIENTED_EDGE('',*,*,#7884,.F.);
#10365=ORIENTED_EDGE('',*,*,#6192,.F.);
#10366=CARTESIAN_POINT('',(-4.172222403,0.3,-39.7));
#10367=DIRECTION('',(-0.,0.,1.));
#10368=VECTOR('',#10367,2.2);
#10369=LINE('',#10366,#10368);
#10370=EDGE_CURVE('',#6179,#9116,#10369,.T.);
#10371=ORIENTED_EDGE('',*,*,#10370,.T.);
#10372=ORIENTED_EDGE('',*,*,#9121,.T.);
#10373=EDGE_LOOP('',(#10364,#10365,#10371,#10372));
#10374=FACE_BOUND('',#10373,.T.);
#10375=ADVANCED_FACE('',(#10374),#10363,.T.);
#10376=OVER_RIDING_STYLED_ITEM('',(#8250),#10375,#54);
#10377=CARTESIAN_POINT('',(-5.172222403,0.3,-37.5));
#10378=DIRECTION('',(1.,0.,0.));
#10379=DIRECTION('',(0.,0.,-1.));
#10380=AXIS2_PLACEMENT_3D('',#10377,#10378,#10379);
#10381=PLANE('',#10380);
#10382=ORIENTED_EDGE('',*,*,#7946,.F.);
#10383=ORIENTED_EDGE('',*,*,#6128,.F.);
#10384=CARTESIAN_POINT('',(-5.172222403,0.3,-39.7));
#10385=DIRECTION('',(-0.,0.,1.));
#10386=VECTOR('',#10385,2.2);
#10387=LINE('',#10384,#10386);
#10388=EDGE_CURVE('',#6115,#9180,#10387,.T.);
#10389=ORIENTED_EDGE('',*,*,#10388,.T.);
#10390=ORIENTED_EDGE('',*,*,#9185,.T.);
#10391=EDGE_LOOP('',(#10382,#10383,#10389,#10390));
#10392=FACE_BOUND('',#10391,.T.);
#10393=ADVANCED_FACE('',(#10392),#10381,.T.);
#10394=OVER_RIDING_STYLED_ITEM('',(#8250),#10393,#54);
#10395=CARTESIAN_POINT('',(-7.672222403,0.3,-37.5));
#10396=DIRECTION('',(1.,0.,0.));
#10397=DIRECTION('',(0.,0.,-1.));
#10398=AXIS2_PLACEMENT_3D('',#10395,#10396,#10397);
#10399=PLANE('',#10398);
#10400=ORIENTED_EDGE('',*,*,#8122,.F.);
#10401=ORIENTED_EDGE('',*,*,#8069,.F.);
#10402=CARTESIAN_POINT('',(-7.672222403,0.3,-39.7));
#10403=DIRECTION('',(-0.,0.,1.));
#10404=VECTOR('',#10403,2.2);
#10405=LINE('',#10402,#10404);
#10406=EDGE_CURVE('',#8056,#9212,#10405,.T.);
#10407=ORIENTED_EDGE('',*,*,#10406,.T.);
#10408=ORIENTED_EDGE('',*,*,#9217,.T.);
#10409=EDGE_LOOP('',(#10400,#10401,#10407,#10408));
#10410=FACE_BOUND('',#10409,.T.);
#10411=ADVANCED_FACE('',(#10410),#10399,.T.);
#10412=OVER_RIDING_STYLED_ITEM('',(#8250),#10411,#54);
#10413=CARTESIAN_POINT('',(-7.822222403,0.3,-39.7));
#10414=DIRECTION('',(-1.,0.,0.));
#10415=DIRECTION('',(0.,0.,1.));
#10416=AXIS2_PLACEMENT_3D('',#10413,#10414,#10415);
#10417=PLANE('',#10416);
#10418=ORIENTED_EDGE('',*,*,#8146,.F.);
#10419=ORIENTED_EDGE('',*,*,#9263,.F.);
#10420=CARTESIAN_POINT('',(-7.822222403,0.3,-37.5));
#10421=DIRECTION('',(-0.,0.,-1.));
#10422=VECTOR('',#10421,2.2);
#10423=LINE('',#10420,#10422);
#10424=EDGE_CURVE('',#9252,#8048,#10423,.T.);
#10425=ORIENTED_EDGE('',*,*,#10424,.T.);
#10426=ORIENTED_EDGE('',*,*,#8053,.T.);
#10427=EDGE_LOOP('',(#10418,#10419,#10425,#10426));
#10428=FACE_BOUND('',#10427,.T.);
#10429=ADVANCED_FACE('',(#10428),#10417,.T.);
#10430=OVER_RIDING_STYLED_ITEM('',(#8250),#10429,#54);
#10431=CARTESIAN_POINT('',(-8.172222403,0.3,-37.5));
#10432=DIRECTION('',(1.,0.,0.));
#10433=DIRECTION('',(0.,0.,-1.));
#10434=AXIS2_PLACEMENT_3D('',#10431,#10432,#10433);
#10435=PLANE('',#10434);
#10436=ORIENTED_EDGE('',*,*,#8153,.F.);
#10437=ORIENTED_EDGE('',*,*,#8037,.F.);
#10438=CARTESIAN_POINT('',(-8.172222403,0.3,-39.7));
#10439=DIRECTION('',(-0.,0.,1.));
#10440=VECTOR('',#10439,2.2);
#10441=LINE('',#10438,#10440);
#10442=EDGE_CURVE('',#8024,#9244,#10441,.T.);
#10443=ORIENTED_EDGE('',*,*,#10442,.T.);
#10444=ORIENTED_EDGE('',*,*,#9249,.T.);
#10445=EDGE_LOOP('',(#10436,#10437,#10443,#10444));
#10446=FACE_BOUND('',#10445,.T.);
#10447=ADVANCED_FACE('',(#10446),#10435,.T.);
#10448=OVER_RIDING_STYLED_ITEM('',(#8250),#10447,#54);
#10449=CARTESIAN_POINT('',(-8.322222403,0.3,-39.7));
#10450=DIRECTION('',(-1.,0.,0.));
#10451=DIRECTION('',(0.,0.,1.));
#10452=AXIS2_PLACEMENT_3D('',#10449,#10450,#10451);
#10453=PLANE('',#10452);
#10454=ORIENTED_EDGE('',*,*,#8177,.F.);
#10455=ORIENTED_EDGE('',*,*,#9295,.F.);
#10456=CARTESIAN_POINT('',(-8.322222403,0.3,-37.5));
#10457=DIRECTION('',(-0.,0.,-1.));
#10458=VECTOR('',#10457,2.2);
#10459=LINE('',#10456,#10458);
#10460=EDGE_CURVE('',#9284,#8016,#10459,.T.);
#10461=ORIENTED_EDGE('',*,*,#10460,.T.);
#10462=ORIENTED_EDGE('',*,*,#8021,.T.);
#10463=EDGE_LOOP('',(#10454,#10455,#10461,#10462));
#10464=FACE_BOUND('',#10463,.T.);
#10465=ADVANCED_FACE('',(#10464),#10453,.T.);
#10466=OVER_RIDING_STYLED_ITEM('',(#8250),#10465,#54);
#10467=CARTESIAN_POINT('',(-7.322222403,0.3,-39.7));
#10468=DIRECTION('',(-1.,0.,0.));
#10469=DIRECTION('',(0.,0.,1.));
#10470=AXIS2_PLACEMENT_3D('',#10467,#10468,#10469);
#10471=PLANE('',#10470);
#10472=ORIENTED_EDGE('',*,*,#8115,.F.);
#10473=ORIENTED_EDGE('',*,*,#9231,.F.);
#10474=CARTESIAN_POINT('',(-7.322222403,0.3,-37.5));
#10475=DIRECTION('',(-0.,0.,-1.));
#10476=VECTOR('',#10475,2.2);
#10477=LINE('',#10474,#10476);
#10478=EDGE_CURVE('',#9220,#8080,#10477,.T.);
#10479=ORIENTED_EDGE('',*,*,#10478,.T.);
#10480=ORIENTED_EDGE('',*,*,#8085,.T.);
#10481=EDGE_LOOP('',(#10472,#10473,#10479,#10480));
#10482=FACE_BOUND('',#10481,.T.);
#10483=ADVANCED_FACE('',(#10482),#10471,.T.);
#10484=OVER_RIDING_STYLED_ITEM('',(#8250),#10483,#54);
#10485=CARTESIAN_POINT('',(-8.672222403,0.3,-37.5));
#10486=DIRECTION('',(1.,0.,0.));
#10487=DIRECTION('',(0.,0.,-1.));
#10488=AXIS2_PLACEMENT_3D('',#10485,#10486,#10487);
#10489=PLANE('',#10488);
#10490=ORIENTED_EDGE('',*,*,#8184,.F.);
#10491=ORIENTED_EDGE('',*,*,#8005,.F.);
#10492=CARTESIAN_POINT('',(-8.672222403,0.3,-39.7));
#10493=DIRECTION('',(-0.,0.,1.));
#10494=VECTOR('',#10493,2.2);
#10495=LINE('',#10492,#10494);
#10496=EDGE_CURVE('',#7992,#9276,#10495,.T.);
#10497=ORIENTED_EDGE('',*,*,#10496,.T.);
#10498=ORIENTED_EDGE('',*,*,#9281,.T.);
#10499=EDGE_LOOP('',(#10490,#10491,#10497,#10498));
#10500=FACE_BOUND('',#10499,.T.);
#10501=ADVANCED_FACE('',(#10500),#10489,.T.);
#10502=OVER_RIDING_STYLED_ITEM('',(#8250),#10501,#54);
#10503=CARTESIAN_POINT('',(-9.172222403,0.3,-37.5));
#10504=DIRECTION('',(1.,0.,0.));
#10505=DIRECTION('',(0.,0.,-1.));
#10506=AXIS2_PLACEMENT_3D('',#10503,#10504,#10505);
#10507=PLANE('',#10506);
#10508=ORIENTED_EDGE('',*,*,#8215,.F.);
#10509=ORIENTED_EDGE('',*,*,#7973,.F.);
#10510=CARTESIAN_POINT('',(-9.172222403,0.3,-39.7));
#10511=DIRECTION('',(-0.,0.,1.));
#10512=VECTOR('',#10511,2.2);
#10513=LINE('',#10510,#10512);
#10514=EDGE_CURVE('',#7960,#9308,#10513,.T.);
#10515=ORIENTED_EDGE('',*,*,#10514,.T.);
#10516=ORIENTED_EDGE('',*,*,#9313,.T.);
#10517=EDGE_LOOP('',(#10508,#10509,#10515,#10516));
#10518=FACE_BOUND('',#10517,.T.);
#10519=ADVANCED_FACE('',(#10518),#10507,.T.);
#10520=OVER_RIDING_STYLED_ITEM('',(#8250),#10519,#54);
#10521=CARTESIAN_POINT('',(0.,0.3,39.));
#10522=DIRECTION('',(0.,-1.,0.));
#10523=DIRECTION('',(0.,0.,-1.));
#10524=AXIS2_PLACEMENT_3D('',#10521,#10522,#10523);
#10525=CYLINDRICAL_SURFACE('',#10524,4.);
#10526=CARTESIAN_POINT('',(0.,0.3,35.));
#10527=VERTEX_POINT('',#10526);
#10528=CARTESIAN_POINT('',(0.,0.29,35.));
#10529=DIRECTION('',(-0.,1.,-0.));
#10530=VECTOR('',#10529,0.011);
#10531=LINE('',#10528,#10530);
#10532=EDGE_CURVE('',#2388,#10527,#10531,.T.);
#10533=ORIENTED_EDGE('',*,*,#10532,.F.);
#10534=ORIENTED_EDGE('',*,*,#2394,.F.);
#10535=ORIENTED_EDGE('',*,*,#8239,.F.);
#10536=CARTESIAN_POINT('',(0.,0.3,39.));
#10537=DIRECTION('',(0.,1.,0.));
#10538=DIRECTION('',(0.,-0.,1.));
#10539=AXIS2_PLACEMENT_3D('',#10536,#10537,#10538);
#10540=CIRCLE('',#10539,4.);
#10541=EDGE_CURVE('',#8228,#10527,#10540,.T.);
#10542=ORIENTED_EDGE('',*,*,#10541,.T.);
#10543=EDGE_LOOP('',(#10533,#10534,#10535,#10542));
#10544=FACE_BOUND('',#10543,.T.);
#10545=ADVANCED_FACE('',(#10544),#10525,.F.);
#10546=OVER_RIDING_STYLED_ITEM('',(#8250),#10545,#54);
#10547=CARTESIAN_POINT('',(0.,0.3,40.));
#10548=DIRECTION('',(0.,1.,0.));
#10549=DIRECTION('',(0.,0.,1.));
#10550=AXIS2_PLACEMENT_3D('',#10547,#10548,#10549);
#10551=PLANE('',#10550);
#10552=ORIENTED_EDGE('',*,*,#7997,.F.);
#10553=ORIENTED_EDGE('',*,*,#10352,.F.);
#10554=ORIENTED_EDGE('',*,*,#9321,.F.);
#10555=ORIENTED_EDGE('',*,*,#10514,.F.);
#10556=ORIENTED_EDGE('',*,*,#7965,.F.);
#10557=ORIENTED_EDGE('',*,*,#1609,.T.);
#10558=ORIENTED_EDGE('',*,*,#1575,.T.);
#10559=ORIENTED_EDGE('',*,*,#1549,.T.);
#10560=ORIENTED_EDGE('',*,*,#1524,.T.);
#10561=ORIENTED_EDGE('',*,*,#1470,.T.);
#10562=ORIENTED_EDGE('',*,*,#8270,.F.);
#10563=CARTESIAN_POINT('',(0.,0.3,39.));
#10564=DIRECTION('',(0.,1.,0.));
#10565=DIRECTION('',(0.,-0.,1.));
#10566=AXIS2_PLACEMENT_3D('',#10563,#10564,#10565);
#10567=CIRCLE('',#10566,4.);
#10568=EDGE_CURVE('',#10527,#8259,#10567,.T.);
#10569=ORIENTED_EDGE('',*,*,#10568,.F.);
#10570=ORIENTED_EDGE('',*,*,#10541,.F.);
#10571=ORIENTED_EDGE('',*,*,#8233,.F.);
#10572=ORIENTED_EDGE('',*,*,#1378,.T.);
#10573=ORIENTED_EDGE('',*,*,#1353,.T.);
#10574=ORIENTED_EDGE('',*,*,#1913,.T.);
#10575=ORIENTED_EDGE('',*,*,#1890,.T.);
#10576=ORIENTED_EDGE('',*,*,#1864,.T.);
#10577=ORIENTED_EDGE('',*,*,#7046,.F.);
#10578=ORIENTED_EDGE('',*,*,#9344,.F.);
#10579=ORIENTED_EDGE('',*,*,#8329,.F.);
#10580=ORIENTED_EDGE('',*,*,#9398,.F.);
#10581=ORIENTED_EDGE('',*,*,#7016,.F.);
#10582=ORIENTED_EDGE('',*,*,#9362,.F.);
#10583=ORIENTED_EDGE('',*,*,#8297,.F.);
#10584=ORIENTED_EDGE('',*,*,#9380,.F.);
#10585=ORIENTED_EDGE('',*,*,#6984,.F.);
#10586=ORIENTED_EDGE('',*,*,#9470,.F.);
#10587=ORIENTED_EDGE('',*,*,#8361,.F.);
#10588=ORIENTED_EDGE('',*,*,#9416,.F.);
#10589=ORIENTED_EDGE('',*,*,#6952,.F.);
#10590=ORIENTED_EDGE('',*,*,#9488,.F.);
#10591=ORIENTED_EDGE('',*,*,#8393,.F.);
#10592=ORIENTED_EDGE('',*,*,#9434,.F.);
#10593=ORIENTED_EDGE('',*,*,#6920,.F.);
#10594=ORIENTED_EDGE('',*,*,#9452,.F.);
#10595=ORIENTED_EDGE('',*,*,#8425,.F.);
#10596=ORIENTED_EDGE('',*,*,#9506,.F.);
#10597=ORIENTED_EDGE('',*,*,#6888,.F.);
#10598=ORIENTED_EDGE('',*,*,#9524,.F.);
#10599=ORIENTED_EDGE('',*,*,#8457,.F.);
#10600=ORIENTED_EDGE('',*,*,#9542,.F.);
#10601=ORIENTED_EDGE('',*,*,#6856,.F.);
#10602=ORIENTED_EDGE('',*,*,#9560,.F.);
#10603=ORIENTED_EDGE('',*,*,#8489,.F.);
#10604=ORIENTED_EDGE('',*,*,#9596,.F.);
#10605=ORIENTED_EDGE('',*,*,#6824,.F.);
#10606=ORIENTED_EDGE('',*,*,#9578,.F.);
#10607=ORIENTED_EDGE('',*,*,#8521,.F.);
#10608=ORIENTED_EDGE('',*,*,#9650,.F.);
#10609=ORIENTED_EDGE('',*,*,#6792,.F.);
#10610=ORIENTED_EDGE('',*,*,#9686,.F.);
#10611=ORIENTED_EDGE('',*,*,#8553,.F.);
#10612=ORIENTED_EDGE('',*,*,#9614,.F.);
#10613=ORIENTED_EDGE('',*,*,#6760,.F.);
#10614=ORIENTED_EDGE('',*,*,#9632,.F.);
#10615=ORIENTED_EDGE('',*,*,#8585,.F.);
#10616=ORIENTED_EDGE('',*,*,#9668,.F.);
#10617=ORIENTED_EDGE('',*,*,#6728,.F.);
#10618=ORIENTED_EDGE('',*,*,#9722,.F.);
#10619=ORIENTED_EDGE('',*,*,#8617,.F.);
#10620=ORIENTED_EDGE('',*,*,#9704,.F.);
#10621=ORIENTED_EDGE('',*,*,#6696,.F.);
#10622=ORIENTED_EDGE('',*,*,#9740,.F.);
#10623=ORIENTED_EDGE('',*,*,#8649,.F.);
#10624=ORIENTED_EDGE('',*,*,#9758,.F.);
#10625=ORIENTED_EDGE('',*,*,#6664,.F.);
#10626=ORIENTED_EDGE('',*,*,#9794,.F.);
#10627=ORIENTED_EDGE('',*,*,#8681,.F.);
#10628=ORIENTED_EDGE('',*,*,#9812,.F.);
#10629=ORIENTED_EDGE('',*,*,#6632,.F.);
#10630=ORIENTED_EDGE('',*,*,#9776,.F.);
#10631=ORIENTED_EDGE('',*,*,#8713,.F.);
#10632=ORIENTED_EDGE('',*,*,#9830,.F.);
#10633=ORIENTED_EDGE('',*,*,#6600,.F.);
#10634=ORIENTED_EDGE('',*,*,#9866,.F.);
#10635=ORIENTED_EDGE('',*,*,#8745,.F.);
#10636=ORIENTED_EDGE('',*,*,#9848,.F.);
#10637=ORIENTED_EDGE('',*,*,#6568,.F.);
#10638=ORIENTED_EDGE('',*,*,#9884,.F.);
#10639=ORIENTED_EDGE('',*,*,#8777,.F.);
#10640=ORIENTED_EDGE('',*,*,#9974,.F.);
#10641=ORIENTED_EDGE('',*,*,#6536,.F.);
#10642=ORIENTED_EDGE('',*,*,#9902,.F.);
#10643=ORIENTED_EDGE('',*,*,#8809,.F.);
#10644=ORIENTED_EDGE('',*,*,#10028,.F.);
#10645=ORIENTED_EDGE('',*,*,#6504,.F.);
#10646=ORIENTED_EDGE('',*,*,#9920,.F.);
#10647=ORIENTED_EDGE('',*,*,#8841,.F.);
#10648=ORIENTED_EDGE('',*,*,#9938,.F.);
#10649=ORIENTED_EDGE('',*,*,#6472,.F.);
#10650=ORIENTED_EDGE('',*,*,#9956,.F.);
#10651=ORIENTED_EDGE('',*,*,#8873,.F.);
#10652=ORIENTED_EDGE('',*,*,#10046,.F.);
#10653=ORIENTED_EDGE('',*,*,#6440,.F.);
#10654=ORIENTED_EDGE('',*,*,#9992,.F.);
#10655=ORIENTED_EDGE('',*,*,#8905,.F.);
#10656=ORIENTED_EDGE('',*,*,#10010,.F.);
#10657=ORIENTED_EDGE('',*,*,#6408,.F.);
#10658=ORIENTED_EDGE('',*,*,#10082,.F.);
#10659=ORIENTED_EDGE('',*,*,#8937,.F.);
#10660=ORIENTED_EDGE('',*,*,#10064,.F.);
#10661=ORIENTED_EDGE('',*,*,#6376,.F.);
#10662=ORIENTED_EDGE('',*,*,#10100,.F.);
#10663=ORIENTED_EDGE('',*,*,#8969,.F.);
#10664=ORIENTED_EDGE('',*,*,#10136,.F.);
#10665=ORIENTED_EDGE('',*,*,#6344,.F.);
#10666=ORIENTED_EDGE('',*,*,#10154,.F.);
#10667=ORIENTED_EDGE('',*,*,#9001,.F.);
#10668=ORIENTED_EDGE('',*,*,#10118,.F.);
#10669=ORIENTED_EDGE('',*,*,#6312,.F.);
#10670=ORIENTED_EDGE('',*,*,#10244,.F.);
#10671=ORIENTED_EDGE('',*,*,#9033,.F.);
#10672=ORIENTED_EDGE('',*,*,#10172,.F.);
#10673=ORIENTED_EDGE('',*,*,#6280,.F.);
#10674=ORIENTED_EDGE('',*,*,#10208,.F.);
#10675=ORIENTED_EDGE('',*,*,#9065,.F.);
#10676=ORIENTED_EDGE('',*,*,#10190,.F.);
#10677=ORIENTED_EDGE('',*,*,#6248,.F.);
#10678=ORIENTED_EDGE('',*,*,#10226,.F.);
#10679=ORIENTED_EDGE('',*,*,#9097,.F.);
#10680=ORIENTED_EDGE('',*,*,#10262,.F.);
#10681=ORIENTED_EDGE('',*,*,#6216,.F.);
#10682=ORIENTED_EDGE('',*,*,#10280,.F.);
#10683=ORIENTED_EDGE('',*,*,#9129,.F.);
#10684=ORIENTED_EDGE('',*,*,#10370,.F.);
#10685=ORIENTED_EDGE('',*,*,#6184,.F.);
#10686=ORIENTED_EDGE('',*,*,#10298,.F.);
#10687=ORIENTED_EDGE('',*,*,#9161,.F.);
#10688=ORIENTED_EDGE('',*,*,#10316,.F.);
#10689=ORIENTED_EDGE('',*,*,#6152,.F.);
#10690=ORIENTED_EDGE('',*,*,#10334,.F.);
#10691=ORIENTED_EDGE('',*,*,#9193,.F.);
#10692=ORIENTED_EDGE('',*,*,#10388,.F.);
#10693=ORIENTED_EDGE('',*,*,#6120,.F.);
#10694=ORIENTED_EDGE('',*,*,#1770,.T.);
#10695=ORIENTED_EDGE('',*,*,#1736,.T.);
#10696=CARTESIAN_POINT('',(-6.125,0.3,-37.1));
#10697=DIRECTION('',(0.,-1.,0.));
#10698=DIRECTION('',(0.,0.,1.));
#10699=AXIS2_PLACEMENT_3D('',#10696,#10697,#10698);
#10700=CIRCLE('',#10699,0.6);
#10701=EDGE_CURVE('',#1722,#1698,#10700,.T.);
#10702=ORIENTED_EDGE('',*,*,#10701,.T.);
#10703=ORIENTED_EDGE('',*,*,#1703,.T.);
#10704=ORIENTED_EDGE('',*,*,#8091,.F.);
#10705=ORIENTED_EDGE('',*,*,#10478,.F.);
#10706=ORIENTED_EDGE('',*,*,#9225,.F.);
#10707=ORIENTED_EDGE('',*,*,#10406,.F.);
#10708=ORIENTED_EDGE('',*,*,#8061,.F.);
#10709=ORIENTED_EDGE('',*,*,#10424,.F.);
#10710=ORIENTED_EDGE('',*,*,#9257,.F.);
#10711=ORIENTED_EDGE('',*,*,#10442,.F.);
#10712=ORIENTED_EDGE('',*,*,#8029,.F.);
#10713=ORIENTED_EDGE('',*,*,#10460,.F.);
#10714=ORIENTED_EDGE('',*,*,#9289,.F.);
#10715=ORIENTED_EDGE('',*,*,#10496,.F.);
#10716=EDGE_LOOP('',(#10552,#10553,#10554,#10555,#10556,#10557,#10558,#10559,#10560,#10561,#10562,#10569,#10570,#10571,#10572,#10573,#10574,#10575,#10576,#10577,#10578,#10579,#10580,#10581,#10582,#10583,
#10584,#10585,#10586,#10587,#10588,#10589,#10590,#10591,#10592,#10593,#10594,#10595,#10596,#10597,#10598,#10599,#10600,#10601,#10602,#10603,#10604,#10605,#10606,#10607,#10608,
#10609,#10610,#10611,#10612,#10613,#10614,#10615,#10616,#10617,#10618,#10619,#10620,#10621,#10622,#10623,#10624,#10625,#10626,#10627,#10628,#10629,#10630,#10631,#10632,#10633,
#10634,#10635,#10636,#10637,#10638,#10639,#10640,#10641,#10642,#10643,#10644,#10645,#10646,#10647,#10648,#10649,#10650,#10651,#10652,#10653,#10654,#10655,#10656,#10657,#10658,
#10659,#10660,#10661,#10662,#10663,#10664,#10665,#10666,#10667,#10668,#10669,#10670,#10671,#10672,#10673,#10674,#10675,#10676,#10677,#10678,#10679,#10680,#10681,#10682,#10683,
#10684,#10685,#10686,#10687,#10688,#10689,#10690,#10691,#10692,#10693,#10694,#10695,#10702,#10703,#10704,#10705,#10706,#10707,#10708,#10709,#10710,#10711,#10712,#10713,#10714,
#10715));
#10717=FACE_BOUND('',#10716,.T.);
#10718=ADVANCED_FACE('',(#10717),#10551,.T.);
#10719=OVER_RIDING_STYLED_ITEM('',(#8250),#10718,#54);
#10720=CARTESIAN_POINT('',(-6.125,-0.5,-37.1));
#10721=DIRECTION('',(0.,1.,0.));
#10722=DIRECTION('',(0.,-0.,1.));
#10723=AXIS2_PLACEMENT_3D('',#10720,#10721,#10722);
#10724=CYLINDRICAL_SURFACE('',#10723,0.6);
#10725=ORIENTED_EDGE('',*,*,#1727,.T.);
#10726=ORIENTED_EDGE('',*,*,#1298,.T.);
#10727=ORIENTED_EDGE('',*,*,#1709,.T.);
#10728=ORIENTED_EDGE('',*,*,#10701,.F.);
#10729=EDGE_LOOP('',(#10725,#10726,#10727,#10728));
#10730=FACE_BOUND('',#10729,.T.);
#10731=ADVANCED_FACE('',(#10730),#10724,.F.);
#10732=OVER_RIDING_STYLED_ITEM('',(#1332),#10731,#54);
#10733=CARTESIAN_POINT('',(0.,0.3,39.));
#10734=DIRECTION('',(0.,-1.,0.));
#10735=DIRECTION('',(0.,0.,-1.));
#10736=AXIS2_PLACEMENT_3D('',#10733,#10734,#10735);
#10737=CYLINDRICAL_SURFACE('',#10736,4.);
#10738=ORIENTED_EDGE('',*,*,#10532,.T.);
#10739=ORIENTED_EDGE('',*,*,#10568,.T.);
#10740=ORIENTED_EDGE('',*,*,#8264,.T.);
#10741=ORIENTED_EDGE('',*,*,#2403,.F.);
#10742=EDGE_LOOP('',(#10738,#10739,#10740,#10741));
#10743=FACE_BOUND('',#10742,.T.);
#10744=ADVANCED_FACE('',(#10743),#10737,.F.);
#10745=OVER_RIDING_STYLED_ITEM('',(#8250),#10744,#54);
#10746=CLOSED_SHELL('',(#1325,#1364,#1421,#1455,#1510,#1535,#1560,#1586,#1635,#1667,#1714,#1747,#1796,#1828,#1875,#1901,#1919,#1937,#1955,#2171,#2219,#2251,#2283,#2308,#2326,#2339,
#2358,#2371,#2414,#2445,#2470,#2495,#2513,#2526,#2557,#2582,#2607,#2625,#2638,#2669,#2694,#2719,#2737,#2750,#2781,#2806,#2831,#2849,#2862,#2893,#2918,
#2943,#2961,#2974,#3005,#3029,#3053,#3070,#3082,#3113,#3137,#3161,#3178,#3190,#3221,#3245,#3269,#3286,#3298,#3329,#3353,#3377,#3394,#3406,#3437,#3461,
#3485,#3502,#3514,#3545,#3569,#3593,#3610,#3622,#3653,#3677,#3701,#3718,#3730,#3761,#3785,#3809,#3826,#3838,#3869,#3893,#3917,#3934,#3946,#3977,#4001,
#4025,#4042,#4054,#4085,#4109,#4133,#4150,#4162,#4193,#4217,#4241,#4258,#4270,#4301,#4325,#4349,#4366,#4378,#4409,#4433,#4457,#4474,#4486,#4517,#4541,
#4565,#4582,#4594,#4625,#4649,#4673,#4690,#4702,#4733,#4757,#4781,#4798,#4810,#4841,#4865,#4889,#4906,#4918,#4949,#4973,#4997,#5014,#5026,#5057,#5081,
#5105,#5122,#5134,#5165,#5189,#5213,#5230,#5242,#5273,#5297,#5321,#5338,#5350,#5381,#5405,#5429,#5446,#5458,#5489,#5513,#5537,#5554,#5566,#5597,#5621,
#5645,#5662,#5674,#5705,#5729,#5753,#5770,#5782,#5813,#5837,#5861,#5878,#5890,#5921,#5945,#5969,#5986,#5998,#6029,#6053,#6077,#6094,#6106,#7051,#7082,
#7113,#7144,#7175,#7206,#7237,#7268,#7299,#7330,#7361,#7392,#7423,#7454,#7485,#7516,#7547,#7578,#7609,#7640,#7671,#7702,#7733,#7764,#7795,#7826,#7857,
#7888,#7919,#7950,#8095,#8126,#8157,#8188,#8219,#8243,#8275,#8307,#8339,#8371,#8403,#8435,#8467,#8499,#8531,#8563,#8595,#8627,#8659,#8691,#8723,#8755,
#8787,#8819,#8851,#8883,#8915,#8947,#8979,#9011,#9043,#9075,#9107,#9139,#9171,#9203,#9235,#9267,#9299,#9331,#9349,#9367,#9385,#9403,#9421,#9439,#9457,
#9475,#9493,#9511,#9529,#9547,#9565,#9583,#9601,#9619,#9637,#9655,#9673,#9691,#9709,#9727,#9745,#9763,#9781,#9799,#9817,#9835,#9853,#9871,#9889,#9907,
#9925,#9943,#9961,#9979,#9997,#10015,#10033,#10051,#10069,#10087,#10105,#10123,#10141,#10159,#10177,#10195,#10213,#10231,#10249,#10267,#10285,#10303,#10321,#10339,#10357,
#10375,#10393,#10411,#10429,#10447,#10465,#10483,#10501,#10519,#10545,#10718,#10731,#10744));
#10747=MANIFOLD_SOLID_BREP('Imported 01',#10746);
#10748=COLOUR_RGB('',1.,0.811764717,0.501960814);
#10749=FILL_AREA_STYLE_COLOUR('',#10748);
#10750=FILL_AREA_STYLE('',(#10749));
#10751=SURFACE_STYLE_FILL_AREA(#10750);
#10752=SURFACE_SIDE_STYLE('',(#10751));
#10753=SURFACE_STYLE_USAGE(.BOTH.,#10752);
#10754=PRESENTATION_STYLE_ASSIGNMENT((#10753));
#54=STYLED_ITEM('',(#10754),#10747);
#35=SHAPE_REPRESENTATION('M2_SSD_2280.SLDPRT',(#15),#33);
#36=ADVANCED_BREP_SHAPE_REPRESENTATION('M2_SSD_2280.SLDPRT',(#10747),#33);
#10762=SHAPE_REPRESENTATION_RELATIONSHIP('','',#35,#36);
#10763=CARTESIAN_POINT('',(0.,0.,0.));
#10764=DIRECTION('',(0.,0.,1.));
#10765=DIRECTION('',(1.,0.,0.));
#10766=AXIS2_PLACEMENT_3D('',#10763,#10764,#10765);
#10768=MAPPED_ITEM('',#10767,#10766);
#10767=REPRESENTATION_MAP(#10766,#35);
#10769=APPLICATION_CONTEXT('Managed model based 3d engineering');
#10770=APPLICATION_PROTOCOL_DEFINITION('international standard','ap242_managed_model_based_3d_engineering',2014,#10769);
#10771=PRODUCT_CONTEXT('',#10769,'mechanical');
#10772=PRODUCT_DEFINITION_CONTEXT('part definition',#10769,'design');
#43=PRODUCT('M2_SSD_2280.SLDPRT','M2_SSD_2280.SLDPRT','',(#10771));
#10773=PRODUCT_RELATED_PRODUCT_CATEGORY('part','',(#43));
#10774=PRODUCT_DEFINITION_FORMATION_WITH_SPECIFIED_SOURCE('','',#43,.NOT_KNOWN.);
#44=PRODUCT_DEFINITION('design','',#10774,#10772);
#42=PRODUCT_DEFINITION_SHAPE('','',#44);
#10775=SHAPE_DEFINITION_REPRESENTATION(#42,#35);
#34=DRAUGHTING_MODEL('',(#10768),#33);
#16=SHAPE_REPRESENTATION('root',(#15,#48),#10);
#10776=CARTESIAN_POINT('',(0.,0.,0.));
#10777=DIRECTION('',(0.,0.,1.));
#10778=DIRECTION('',(1.,0.,0.));
#10779=AXIS2_PLACEMENT_3D('',#10776,#10777,#10778);
#10781=MAPPED_ITEM('',#10780,#10779);
#10780=REPRESENTATION_MAP(#10779,#16);
#24=PRODUCT('root','root','',(#10771));
#10782=PRODUCT_RELATED_PRODUCT_CATEGORY('part','',(#24));
#10783=PRODUCT_DEFINITION_FORMATION_WITH_SPECIFIED_SOURCE('','',#24,.NOT_KNOWN.);
#25=PRODUCT_DEFINITION('design','',#10783,#10772);
#23=PRODUCT_DEFINITION_SHAPE('','',#25);
#10784=SHAPE_DEFINITION_REPRESENTATION(#23,#16);
#11=DRAUGHTING_MODEL('',(#10781),#10);
#10785=DESCRIPTIVE_REPRESENTATION_ITEM('KEY','/Users/yusenpai/Library/Containers/com.shapr3d.shapr/Data/tmp/D7E39E50-2D36-49D7-978F-0BDF55009DF7.tmp');
#10786=PROPERTY_DEFINITION('KEY','',#25);
#10787=REPRESENTATION('',(#10785),#10);
#10788=PROPERTY_DEFINITION_REPRESENTATION(#10786,#10787);
#10789=GENERAL_PROPERTY('','KEY','');
#10790=GENERAL_PROPERTY_ASSOCIATION('','',#10789,#10786);
#1=MECHANICAL_DESIGN_GEOMETRIC_PRESENTATION_REPRESENTATION('',(#1333,#1365,#1422,#1456,#1511,#1536,#1561,#1587,#1636,#1668,#1715,#1748,#1797,#1829,#1876,#1902,#1920,#1938,#1956,#2172,#2220,#2259,#2284,#2309,#2327,#2340,
#2359,#2446,#2471,#2496,#2514,#2558,#2583,#2608,#2626,#2670,#2695,#2720,#2738,#2782,#2807,#2832,#2850,#2894,#2919,#2944,#2962,#8251,#8276,#8308,#8340,
#8372,#8404,#8436,#8468,#8500,#8532,#8564,#8596,#8628,#8660,#8692,#8724,#8756,#8788,#8820,#8852,#8884,#8916,#8948,#8980,#9012,#9044,#9076,#9108,#9140,
#9172,#9204,#9236,#9268,#9300,#9332,#9350,#9368,#9386,#9404,#9422,#9440,#9458,#9476,#9494,#9512,#9530,#9548,#9566,#9584,#9602,#9620,#9638,#9656,#9674,
#9692,#9710,#9728,#9746,#9764,#9782,#9800,#9818,#9836,#9854,#9872,#9890,#9908,#9926,#9944,#9962,#9980,#9998,#10016,#10034,#10052,#10070,#10088,#10106,#10124,
#10142,#10160,#10178,#10196,#10214,#10232,#10250,#10268,#10286,#10304,#10322,#10340,#10358,#10376,#10394,#10412,#10430,#10448,#10466,#10484,#10502,#10520,#10546,#10719,#10732,
#10745,#54),#10);
ENDSEC;
END-ISO-10303-21;
